index,fold,regime,prediction,actual,confidence,aleatoric,epistemic,abs_error
29646,0,calendar_2014_test,22.507963180541992,24.0,0.9699944853782654,0.0,2.532294750213623,1.4920368194580078
29647,0,calendar_2014_test,23.666215896606445,53.0,0.9666248559951782,0.0,2.8166701793670654,29.333784103393555
29648,0,calendar_2014_test,44.322513580322266,65.0,0.9543234705924988,0.0,3.8548409938812256,20.677486419677734
29649,0,calendar_2014_test,56.44880294799805,70.0,0.9293732643127441,0.0,5.960496425628662,13.551197052001953
29650,0,calendar_2014_test,63.9207763671875,79.0,0.9216689467430115,0.0,6.6106953620910645,15.0792236328125
29651,0,calendar_2014_test,68.55664825439453,92.0,0.9230857491493225,0.0,6.49112606048584,23.44335174560547
29652,0,calendar_2014_test,76.98757934570312,106.0,0.9109973907470703,0.0,7.511312961578369,29.012420654296875
29653,0,calendar_2014_test,84.94295501708984,75.0,0.8961630463600159,0.0,8.763250350952148,9.942955017089844
29654,0,calendar_2014_test,57.1121826171875,58.0,0.9204792380332947,0.0,6.711099624633789,0.8878173828125
29655,0,calendar_2014_test,48.87251281738281,33.0,0.9490094184875488,0.0,4.303316593170166,15.872512817382812
29656,0,calendar_2014_test,30.010814666748047,51.0,0.9713892936706543,0.0,2.4145829677581787,20.989185333251953
29657,0,calendar_2014_test,42.06937026977539,32.0,0.9574955701828003,0.0,3.587132453918457,10.06937026977539
29658,0,calendar_2014_test,28.943254470825195,23.0,0.9663981199264526,0.0,2.8358089923858643,5.943254470825195
29659,0,calendar_2014_test,21.443878173828125,28.0,0.9709041714668274,0.0,2.4555211067199707,6.556121826171875
29660,0,calendar_2014_test,25.48602294921875,23.0,0.9646519422531128,0.0,2.9831740856170654,2.48602294921875
29661,0,calendar_2014_test,21.684898376464844,24.0,0.9710928201675415,0.0,2.4396004676818848,2.3151016235351562
29662,0,calendar_2014_test,21.57387924194336,26.0,0.977077066898346,0.0,1.9345675706863403,4.426120758056641
29663,0,calendar_2014_test,24.329607009887695,26.0,0.973054826259613,0.0,2.274021625518799,1.6703929901123047
29664,0,calendar_2014_test,24.94769859313965,27.0,0.970507800579071,0.0,2.48897647857666,2.0523014068603516
29665,0,calendar_2014_test,34.72974395751953,43.0,0.9653189182281494,0.0,2.9268877506256104,8.270256042480469
29666,0,calendar_2014_test,54.71290969848633,62.0,0.9415931105613708,0.0,4.9292097091674805,7.287090301513672
29667,0,calendar_2014_test,76.77522277832031,70.0,0.9206958413124084,0.0,6.692820072174072,6.7752227783203125
29668,0,calendar_2014_test,86.37368774414062,81.0,0.8931389451026917,0.0,9.01846694946289,5.373687744140625
29669,0,calendar_2014_test,87.15365600585938,111.0,0.9046690464019775,0.0,8.045391082763672,23.846343994140625
29670,0,calendar_2014_test,127.35029602050781,144.0,0.860358476638794,0.0,11.784952163696289,16.649703979492188
29671,0,calendar_2014_test,155.29209899902344,170.0,0.8361166715621948,0.0,13.830821990966797,14.707901000976562
29672,0,calendar_2014_test,176.3761749267578,174.0,0.7982760071754456,0.0,17.02435874938965,2.3761749267578125
29673,0,calendar_2014_test,168.8743438720703,174.0,0.7872626781463623,0.0,17.95382308959961,5.1256561279296875
29674,0,calendar_2014_test,156.95779418945312,172.0,0.7813171148300171,0.0,18.455595016479492,15.042205810546875
29675,0,calendar_2014_test,169.58493041992188,149.0,0.7851583361625671,0.0,18.13141441345215,20.584930419921875
29676,0,calendar_2014_test,147.04647827148438,166.0,0.8122846484184265,0.0,15.842108726501465,18.953521728515625
29677,0,calendar_2014_test,171.30438232421875,187.0,0.7961453795433044,0.0,17.204172134399414,15.69561767578125
29678,0,calendar_2014_test,179.78115844726562,107.0,0.8353685736656189,0.0,13.893956184387207,72.78115844726562
29679,0,calendar_2014_test,79.67127227783203,114.0,0.8825210928916931,0.0,9.914551734924316,34.32872772216797
29680,0,calendar_2014_test,109.99755096435547,108.0,0.8619376420974731,0.0,11.651679992675781,1.9975509643554688
29681,0,calendar_2014_test,105.84148406982422,102.0,0.9022031426429749,0.0,8.253497123718262,3.8414840698242188
29682,0,calendar_2014_test,104.75440979003906,95.0,0.8661298751831055,0.0,11.29787826538086,9.754409790039062
29683,0,calendar_2014_test,97.99732971191406,127.0,0.9087414145469666,0.0,7.701706409454346,29.002670288085938
29684,0,calendar_2014_test,138.04263305664062,125.0,0.8455414175987244,0.0,13.03542709350586,13.042633056640625
29685,0,calendar_2014_test,119.22843933105469,128.0,0.8617172241210938,0.0,11.670279502868652,8.771560668945312
29686,0,calendar_2014_test,129.77664184570312,146.0,0.8221654891967773,0.0,15.008222579956055,16.223358154296875
29687,0,calendar_2014_test,158.14666748046875,165.0,0.8179715871810913,0.0,15.362161636352539,6.85333251953125
29688,0,calendar_2014_test,176.93759155273438,173.0,0.82550048828125,0.0,14.72676944732666,3.937591552734375
29689,0,calendar_2014_test,184.67657470703125,195.0,0.8268682956695557,0.0,14.611330032348633,10.32342529296875
29690,0,calendar_2014_test,208.67129516601562,239.0,0.7590833902359009,0.0,20.331995010375977,30.328704833984375
29691,0,calendar_2014_test,255.5964813232422,232.0,0.6418776512145996,0.0,30.22348976135254,23.596481323242188
29692,0,calendar_2014_test,228.4430694580078,242.0,0.749933123588562,0.0,21.104223251342773,13.556930541992188
29693,0,calendar_2014_test,251.16685485839844,269.0,0.7171810865402222,0.0,23.868310928344727,17.833145141601562
29694,0,calendar_2014_test,254.7144012451172,264.0,0.7848501801490784,0.0,18.15742301940918,9.285598754882812
29695,0,calendar_2014_test,257.3721008300781,220.0,0.6449834108352661,0.0,29.961383819580078,37.372100830078125
29696,0,calendar_2014_test,191.54627990722656,146.0,0.7539331912994385,0.0,20.766639709472656,45.54627990722656
29697,0,calendar_2014_test,119.4774169921875,34.0,0.8445359468460083,0.0,13.120280265808105,85.4774169921875
29698,0,calendar_2014_test,24.55780029296875,34.0,0.9615625739097595,0.0,3.243901252746582,9.44219970703125
29699,0,calendar_2014_test,30.759601593017578,35.0,0.9481503963470459,0.0,4.375813007354736,4.240398406982422
29700,0,calendar_2014_test,37.69150924682617,45.0,0.9630932211875916,0.0,3.114720582962036,7.308490753173828
29701,0,calendar_2014_test,44.64919662475586,43.0,0.9338300824165344,0.0,5.5843634605407715,1.6491966247558594
29702,0,calendar_2014_test,45.293880462646484,43.0,0.9545940160751343,0.0,3.8320090770721436,2.2938804626464844
29703,0,calendar_2014_test,42.695003509521484,36.0,0.9494238495826721,0.0,4.268337726593018,6.695003509521484
29704,0,calendar_2014_test,31.315439224243164,36.0,0.9613383412361145,0.0,3.262826442718506,4.684560775756836
29705,0,calendar_2014_test,29.02583122253418,23.0,0.9627679586410522,0.0,3.1421737670898438,6.02583122253418
29706,0,calendar_2014_test,20.691822052001953,25.0,0.9720535278320312,0.0,2.358525276184082,4.308177947998047
29707,0,calendar_2014_test,20.81148910522461,29.0,0.9747291207313538,0.0,2.132720470428467,8.18851089477539
29708,0,calendar_2014_test,25.20578384399414,26.0,0.972568154335022,0.0,2.3150930404663086,0.7942161560058594
29709,0,calendar_2014_test,24.306997299194336,21.0,0.9707448482513428,0.0,2.4689671993255615,3.306997299194336
29710,0,calendar_2014_test,24.95934295654297,25.0,0.9639042019844055,0.0,3.0462799072265625,0.04065704345703125
29711,0,calendar_2014_test,29.39151954650879,31.0,0.9648703336715698,0.0,2.9647436141967773,1.608480453491211
29712,0,calendar_2014_test,35.02425003051758,43.0,0.9510862231254578,0.0,4.128046035766602,7.975749969482422
29713,0,calendar_2014_test,49.10430908203125,46.0,0.9516851305961609,0.0,4.0774993896484375,3.10430908203125
29714,0,calendar_2014_test,51.49059295654297,50.0,0.9428192973136902,0.0,4.8257269859313965,1.4905929565429688
29715,0,calendar_2014_test,57.06315994262695,68.0,0.9390075206756592,0.0,5.147420883178711,10.936840057373047
29716,0,calendar_2014_test,79.57402801513672,60.0,0.8856930136680603,0.0,9.646858215332031,19.57402801513672
29717,0,calendar_2014_test,65.66462707519531,103.0,0.9462213516235352,0.0,4.538614749908447,37.33537292480469
29718,0,calendar_2014_test,110.67037963867188,85.0,0.8636800050735474,0.0,11.504630088806152,25.670379638671875
29719,0,calendar_2014_test,82.67139434814453,86.0,0.9186667799949646,0.0,6.864060401916504,3.3286056518554688
29720,0,calendar_2014_test,88.30188751220703,89.0,0.8892335295677185,0.0,9.348058700561523,0.6981124877929688
29721,0,calendar_2014_test,88.06623840332031,77.0,0.8939604163169861,0.0,8.949139595031738,11.066238403320312
29722,0,calendar_2014_test,76.85704040527344,77.0,0.9134939312934875,0.0,7.30062198638916,0.1429595947265625
29723,0,calendar_2014_test,78.50299835205078,75.0,0.9132815003395081,0.0,7.318549156188965,3.5029983520507812
29724,0,calendar_2014_test,78.0623779296875,80.0,0.9193881154060364,0.0,6.803186893463135,1.9376220703125
29725,0,calendar_2014_test,89.97676086425781,86.0,0.8904410600662231,0.0,9.246150016784668,3.9767608642578125
29726,0,calendar_2014_test,92.6833267211914,95.0,0.890311598777771,0.0,9.257076263427734,2.3166732788085938
29727,0,calendar_2014_test,101.03246307373047,101.0,0.868213951587677,0.0,11.121994972229004,0.03246307373046875
29728,0,calendar_2014_test,105.38468170166016,132.0,0.8920323848724365,0.0,9.11185359954834,26.615318298339844
29729,0,calendar_2014_test,142.4505157470703,153.0,0.826722264289856,0.0,14.623658180236816,10.549484252929688
29730,0,calendar_2014_test,159.7845001220703,173.0,0.7411257028579712,0.0,21.847522735595703,13.215499877929688
29731,0,calendar_2014_test,180.11949157714844,178.0,0.7570875287055969,0.0,20.50043296813965,2.1194915771484375
29732,0,calendar_2014_test,180.0638885498047,176.0,0.7433662414550781,0.0,21.658430099487305,4.0638885498046875
29733,0,calendar_2014_test,178.60464477539062,209.0,0.7606930732727051,0.0,20.196147918701172,30.395355224609375
29734,0,calendar_2014_test,217.0497589111328,219.0,0.7518184781074524,0.0,20.945110321044922,1.9502410888671875
29735,0,calendar_2014_test,217.2533416748047,224.0,0.7725625038146973,0.0,19.19443130493164,6.7466583251953125
29736,0,calendar_2014_test,229.8958282470703,212.0,0.7795642614364624,0.0,18.603525161743164,17.895828247070312
29737,0,calendar_2014_test,211.0630340576172,221.0,0.7006392478942871,0.0,25.264345169067383,9.936965942382812
29738,0,calendar_2014_test,223.5304718017578,221.0,0.6705024838447571,0.0,27.80771827697754,2.5304718017578125
29739,0,calendar_2014_test,230.8853302001953,217.0,0.7215428352355957,0.0,23.500202178955078,13.885330200195312
29740,0,calendar_2014_test,221.8807830810547,203.0,0.6810011863708496,0.0,26.92168426513672,18.880783081054688
29741,0,calendar_2014_test,203.8874053955078,221.0,0.7369650602340698,0.0,22.198652267456055,17.112594604492188
29742,0,calendar_2014_test,228.39678955078125,192.0,0.7502131462097168,0.0,21.08059310913086,36.39678955078125
29743,0,calendar_2014_test,169.52674865722656,183.0,0.7369166612625122,0.0,22.20273780822754,13.473251342773438
29744,0,calendar_2014_test,175.60923767089844,175.0,0.7745475769042969,0.0,19.026901245117188,0.6092376708984375
29745,0,calendar_2014_test,170.6162872314453,177.0,0.7461661100387573,0.0,21.42214012145996,6.3837127685546875
29746,0,calendar_2014_test,168.96096801757812,183.0,0.8062595725059509,0.0,16.350589752197266,14.039031982421875
29747,0,calendar_2014_test,178.81813049316406,155.0,0.7329039573669434,0.0,22.54138946533203,23.818130493164062
29748,0,calendar_2014_test,144.44485473632812,151.0,0.8387848138809204,0.0,13.605646133422852,6.555145263671875
29749,0,calendar_2014_test,142.10482788085938,137.0,0.8003734946250916,0.0,16.84734344482422,5.104827880859375
29750,0,calendar_2014_test,133.43075561523438,109.0,0.8335770964622498,0.0,14.045146942138672,24.430755615234375
29751,0,calendar_2014_test,99.82984924316406,140.0,0.8593690395355225,0.0,11.868456840515137,40.17015075683594
29752,0,calendar_2014_test,133.4243927001953,117.0,0.8242491483688354,0.0,14.832372665405273,16.424392700195312
29753,0,calendar_2014_test,74.7037124633789,128.0,0.8991526365280151,0.0,8.510943412780762,53.296287536621094
29754,0,calendar_2014_test,105.95166015625,54.0,0.8578412532806396,0.0,11.997387886047363,51.95166015625
29755,0,calendar_2014_test,27.4239444732666,34.0,0.95514315366745,0.0,3.7856621742248535,6.576055526733398
29756,0,calendar_2014_test,24.75509262084961,32.0,0.9695046544075012,0.0,2.573634386062622,7.244907379150391
29757,0,calendar_2014_test,27.259687423706055,28.0,0.9674532413482666,0.0,2.746760368347168,0.7403125762939453
29758,0,calendar_2014_test,29.959869384765625,29.0,0.9596101641654968,0.0,3.408674955368042,0.959869384765625
29759,0,calendar_2014_test,32.28677749633789,37.0,0.960586428642273,0.0,3.3262810707092285,4.713222503662109
29760,0,calendar_2014_test,42.62900161743164,46.0,0.959412157535553,0.0,3.425382614135742,3.3709983825683594
29761,0,calendar_2014_test,55.01348876953125,54.0,0.9501811265945435,0.0,4.204431533813477,1.01348876953125
29762,0,calendar_2014_test,65.5586929321289,53.0,0.9213002324104309,0.0,6.641814708709717,12.558692932128906
29763,0,calendar_2014_test,60.839115142822266,47.0,0.936996340751648,0.0,5.317150592803955,13.839115142822266
29764,0,calendar_2014_test,55.917503356933594,112.0,0.9233148097991943,0.0,6.471793174743652,56.082496643066406
29765,0,calendar_2014_test,123.10606384277344,125.0,0.8518436551094055,0.0,12.503554344177246,1.8939361572265625
29766,0,calendar_2014_test,131.8889923095703,128.0,0.8202974200248718,0.0,15.165878295898438,3.8889923095703125
29767,0,calendar_2014_test,131.73370361328125,126.0,0.8252419829368591,0.0,14.748581886291504,5.73370361328125
29768,0,calendar_2014_test,124.80882263183594,153.0,0.8445322513580322,0.0,13.120596885681152,28.191177368164062
29769,0,calendar_2014_test,151.08535766601562,157.0,0.816791296005249,0.0,15.461774826049805,5.914642333984375
29770,0,calendar_2014_test,157.1226348876953,144.0,0.8008069396018982,0.0,16.810762405395508,13.122634887695312
29771,0,calendar_2014_test,134.02801513671875,138.0,0.8017219305038452,0.0,16.733539581298828,3.97198486328125
29772,0,calendar_2014_test,143.01068115234375,128.0,0.8401333093643188,0.0,13.491843223571777,15.01068115234375
29773,0,calendar_2014_test,127.9848403930664,126.0,0.8687502145767212,0.0,11.07673454284668,1.9848403930664062
29774,0,calendar_2014_test,126.4800033569336,126.0,0.8610962629318237,0.0,11.722685813903809,0.48000335693359375
29775,0,calendar_2014_test,118.24763488769531,159.0,0.8210761547088623,0.0,15.100154876708984,40.75236511230469
29776,0,calendar_2014_test,164.65061950683594,149.0,0.8089051246643066,0.0,16.127321243286133,15.650619506835938
29777,0,calendar_2014_test,151.20175170898438,123.0,0.8037070035934448,0.0,16.566011428833008,28.201751708984375
29778,0,calendar_2014_test,120.28450775146484,150.0,0.8259247541427612,0.0,14.690964698791504,29.715492248535156
29779,0,calendar_2014_test,153.581298828125,146.0,0.8102039098739624,0.0,16.017709732055664,7.581298828125
29780,0,calendar_2014_test,147.78274536132812,145.0,0.8009601831436157,0.0,16.797832489013672,2.782745361328125
29781,0,calendar_2014_test,150.26565551757812,160.0,0.8223904371261597,0.0,14.989238739013672,9.734344482421875
29782,0,calendar_2014_test,164.64019775390625,148.0,0.8376384973526001,0.0,13.702386856079102,16.64019775390625
29783,0,calendar_2014_test,145.10472106933594,156.0,0.8104324340820312,0.0,15.99842643737793,10.895278930664062
29784,0,calendar_2014_test,155.56045532226562,158.0,0.7772398591041565,0.0,18.79969024658203,2.439544677734375
29785,0,calendar_2014_test,172.28321838378906,167.0,0.7677164673805237,0.0,19.603408813476562,5.2832183837890625
29786,0,calendar_2014_test,181.21971130371094,171.0,0.8154335021972656,0.0,15.576362609863281,10.219711303710938
29787,0,calendar_2014_test,186.5269012451172,177.0,0.7248278856277466,0.0,23.222963333129883,9.526901245117188
29788,0,calendar_2014_test,188.67771911621094,185.0,0.7647348642349243,0.0,19.85504150390625,3.6777191162109375
29789,0,calendar_2014_test,193.95350646972656,201.0,0.7007206678390503,0.0,25.257478713989258,7.0464935302734375
29790,0,calendar_2014_test,206.40045166015625,217.0,0.7300052642822266,0.0,22.786022186279297,10.59954833984375
29791,0,calendar_2014_test,224.87847900390625,208.0,0.7006659507751465,0.0,25.262094497680664,16.87847900390625
29792,0,calendar_2014_test,214.37721252441406,204.0,0.6732549667358398,0.0,27.57542610168457,10.377212524414062
29793,0,calendar_2014_test,200.3970184326172,213.0,0.703864574432373,0.0,24.992145538330078,12.602981567382812
29794,0,calendar_2014_test,210.73486328125,256.0,0.791010856628418,0.0,17.637493133544922,45.26513671875
29795,0,calendar_2014_test,254.84762573242188,211.0,0.6028124094009399,0.0,33.52037811279297,43.847625732421875
29796,0,calendar_2014_test,179.81004333496094,203.0,0.7321115136146545,0.0,22.608264923095703,23.189956665039062
29797,0,calendar_2014_test,192.8887176513672,212.0,0.7602455615997314,0.0,20.233911514282227,19.111282348632812
29798,0,calendar_2014_test,210.37681579589844,205.0,0.7833056449890137,0.0,18.28777503967285,5.3768157958984375
29799,0,calendar_2014_test,183.1850128173828,196.0,0.7517060041427612,0.0,20.954605102539062,12.814987182617188
29800,0,calendar_2014_test,171.79122924804688,182.0,0.7908764481544495,0.0,17.648839950561523,10.208770751953125
29801,0,calendar_2014_test,134.96592712402344,124.0,0.8389707207679749,0.0,13.589956283569336,10.965927124023438
29802,0,calendar_2014_test,49.55983352661133,102.0,0.90053391456604,0.0,8.394372940063477,52.44016647338867
29803,0,calendar_2014_test,70.56819152832031,77.0,0.9026892185211182,0.0,8.21247673034668,6.4318084716796875
29804,0,calendar_2014_test,38.44522476196289,48.0,0.9211369156837463,0.0,6.655594825744629,9.55477523803711
29805,0,calendar_2014_test,40.28556442260742,38.0,0.9639209508895874,0.0,3.044865846633911,2.285564422607422
29806,0,calendar_2014_test,33.14670181274414,31.0,0.941932737827301,0.0,4.900545120239258,2.1467018127441406
29807,0,calendar_2014_test,31.17973518371582,27.0,0.953946590423584,0.0,3.886646270751953,4.17973518371582
29808,0,calendar_2014_test,25.92889404296875,33.0,0.9662594199180603,0.0,2.8475141525268555,7.07110595703125
29809,0,calendar_2014_test,32.759056091308594,35.0,0.9574229121208191,0.0,3.593266010284424,2.2409439086914062
29810,0,calendar_2014_test,30.953645706176758,29.0,0.9604477882385254,0.0,3.3379833698272705,1.9536457061767578
29811,0,calendar_2014_test,24.501136779785156,24.0,0.969028890132904,0.0,2.6137852668762207,0.5011367797851562
29812,0,calendar_2014_test,18.288612365722656,26.0,0.9679692983627319,0.0,2.703209400177002,7.711387634277344
29813,0,calendar_2014_test,24.832551956176758,11.0,0.959067702293396,0.0,3.4544548988342285,13.832551956176758
29814,0,calendar_2014_test,11.33221435546875,14.0,0.9827920198440552,0.0,1.452256202697754,2.66778564453125
29815,0,calendar_2014_test,11.485151290893555,12.0,0.979433000087738,0.0,1.735740303993225,0.5148487091064453
29816,0,calendar_2014_test,9.950268745422363,9.0,0.9790266752243042,0.0,1.7700315713882446,0.9502687454223633
29817,0,calendar_2014_test,9.845553398132324,11.0,0.9806786775588989,0.0,1.630610704421997,1.1544466018676758
29818,0,calendar_2014_test,9.504075050354004,15.0,0.978471577167511,0.0,1.816874384880066,5.495924949645996
29819,0,calendar_2014_test,12.218820571899414,13.0,0.9750367403030396,0.0,2.1067569255828857,0.7811794281005859
29820,0,calendar_2014_test,12.208568572998047,15.0,0.9771400094032288,0.0,1.9292519092559814,2.791431427001953
29821,0,calendar_2014_test,14.266097068786621,17.0,0.9732547402381897,0.0,2.257148027420044,2.733902931213379
29822,0,calendar_2014_test,16.754732131958008,19.0,0.9732638597488403,0.0,2.256376028060913,2.245267868041992
29823,0,calendar_2014_test,18.398624420166016,18.0,0.9770772457122803,0.0,1.934550166130066,0.3986244201660156
29824,0,calendar_2014_test,17.543642044067383,21.0,0.9711946249008179,0.0,2.431011438369751,3.456357955932617
29825,0,calendar_2014_test,20.374752044677734,17.0,0.9757975935935974,0.0,2.042546272277832,3.3747520446777344
29826,0,calendar_2014_test,16.46381378173828,22.0,0.9697827696800232,0.0,2.5501644611358643,5.536186218261719
29827,0,calendar_2014_test,18.938533782958984,23.0,0.9746699333190918,0.0,2.1377129554748535,4.061466217041016
29828,0,calendar_2014_test,21.724830627441406,16.0,0.9749760031700134,0.0,2.111884832382202,5.724830627441406
29829,0,calendar_2014_test,15.281598091125488,22.0,0.9762262105941772,0.0,2.0063741207122803,6.718401908874512
29830,0,calendar_2014_test,20.78959846496582,18.0,0.9776949882507324,0.0,1.8824156522750854,2.7895984649658203
29831,0,calendar_2014_test,16.891786575317383,17.0,0.9789270758628845,0.0,1.778435230255127,0.10821342468261719
29832,0,calendar_2014_test,16.119600296020508,21.0,0.9802278280258179,0.0,1.6686594486236572,4.880399703979492
29833,0,calendar_2014_test,19.60474967956543,23.0,0.9778586030006409,0.0,1.8686062097549438,3.3952503204345703
29834,0,calendar_2014_test,21.403072357177734,22.0,0.9679955840110779,0.0,2.700993061065674,0.5969276428222656
29835,0,calendar_2014_test,20.753633499145508,21.0,0.9749180674552917,0.0,2.1167728900909424,0.2463665008544922
29836,0,calendar_2014_test,20.551685333251953,23.0,0.9664146304130554,0.0,2.834414482116699,2.448314666748047
29837,0,calendar_2014_test,27.746021270751953,53.0,0.962213397026062,0.0,3.188974618911743,25.253978729248047
29838,0,calendar_2014_test,56.789100646972656,66.0,0.9242613315582275,0.0,6.391910552978516,9.210899353027344
29839,0,calendar_2014_test,61.70533752441406,52.0,0.9191466569900513,0.0,6.823563098907471,9.705337524414062
29840,0,calendar_2014_test,45.45460510253906,30.0,0.9515522122383118,0.0,4.088720321655273,15.454605102539062
29841,0,calendar_2014_test,25.319372177124023,10.0,0.970883846282959,0.0,2.457239866256714,15.319372177124023
29842,0,calendar_2014_test,12.580669403076172,10.0,0.9787525534629822,0.0,1.7931641340255737,2.580669403076172
29843,0,calendar_2014_test,11.203128814697266,13.0,0.9789369702339172,0.0,1.777599573135376,1.7968711853027344
29844,0,calendar_2014_test,12.938526153564453,11.0,0.9772046804428101,0.0,1.9237970113754272,1.9385261535644531
29845,0,calendar_2014_test,13.207382202148438,14.0,0.978444516658783,0.0,1.8191596269607544,0.7926177978515625
29846,0,calendar_2014_test,16.896432876586914,20.0,0.9761001467704773,0.0,2.0170094966888428,3.103567123413086
29847,0,calendar_2014_test,19.48390769958496,22.0,0.9783710241317749,0.0,1.8253644704818726,2.516092300415039
29848,0,calendar_2014_test,20.407106399536133,23.0,0.9793227910995483,0.0,1.745040774345398,2.592893600463867
29849,0,calendar_2014_test,19.823143005371094,20.0,0.979435920715332,0.0,1.7354927062988281,0.17685699462890625
29850,0,calendar_2014_test,18.69507598876953,17.0,0.9772034883499146,0.0,1.9238946437835693,1.6950759887695312
29851,0,calendar_2014_test,16.484230041503906,14.0,0.9822642207145691,0.0,1.4967995882034302,2.4842300415039062
29852,0,calendar_2014_test,14.721761703491211,10.0,0.983862042427063,0.0,1.361952781677246,4.721761703491211
29853,0,calendar_2014_test,12.892544746398926,10.0,0.9751225113868713,0.0,2.099519729614258,2.892544746398926
29854,0,calendar_2014_test,13.17320442199707,27.0,0.9790596961975098,0.0,1.7672414779663086,13.82679557800293
29855,0,calendar_2014_test,34.502159118652344,44.0,0.954536497592926,0.0,3.8368594646453857,9.497840881347656
29856,0,calendar_2014_test,49.009071350097656,53.0,0.9416452646255493,0.0,4.924808502197266,3.9909286499023438
29857,0,calendar_2014_test,58.85239028930664,59.0,0.9506584405899048,0.0,4.1641459465026855,0.14760971069335938
29858,0,calendar_2014_test,64.72734832763672,56.0,0.9246799349784851,0.0,6.356583595275879,8.727348327636719
29859,0,calendar_2014_test,56.122371673583984,58.0,0.9283537864685059,0.0,6.046532154083252,1.8776283264160156
29860,0,calendar_2014_test,62.96266174316406,66.0,0.9269978404045105,0.0,6.160966396331787,3.0373382568359375
29861,0,calendar_2014_test,70.70978546142578,73.0,0.9115908741950989,0.0,7.461225986480713,2.2902145385742188
29862,0,calendar_2014_test,76.6563949584961,83.0,0.9052019715309143,0.0,8.000415802001953,6.343605041503906
29863,0,calendar_2014_test,87.47917938232422,81.0,0.8885917663574219,0.0,9.402220726013184,6.479179382324219
29864,0,calendar_2014_test,76.40918731689453,91.0,0.8912733197212219,0.0,9.175914764404297,14.590812683105469
29865,0,calendar_2014_test,85.11442565917969,104.0,0.9014046788215637,0.0,8.320883750915527,18.885574340820312
29866,0,calendar_2014_test,95.64286804199219,88.0,0.8707286715507507,0.0,10.90976619720459,7.6428680419921875
29867,0,calendar_2014_test,76.5255126953125,85.0,0.9135533571243286,0.0,7.29560661315918,8.4744873046875
29868,0,calendar_2014_test,75.82997131347656,66.0,0.9163821935653687,0.0,7.056865692138672,9.829971313476562
29869,0,calendar_2014_test,57.27694320678711,47.0,0.9274106025695801,0.0,6.126131057739258,10.27694320678711
29870,0,calendar_2014_test,46.18821334838867,70.0,0.944652259349823,0.0,4.67103385925293,23.811786651611328
29871,0,calendar_2014_test,70.03919219970703,61.0,0.9172975420951843,0.0,6.979619026184082,9.039192199707031
29872,0,calendar_2014_test,61.20782470703125,47.0,0.9213229417800903,0.0,6.639898300170898,14.20782470703125
29873,0,calendar_2014_test,43.37971496582031,61.0,0.9519968032836914,0.0,4.05119514465332,17.620285034179688
29874,0,calendar_2014_test,59.885963439941406,69.0,0.91069096326828,0.0,7.537173748016357,9.114036560058594
29875,0,calendar_2014_test,64.32046508789062,66.0,0.9239892959594727,0.0,6.414872646331787,1.679534912109375
29876,0,calendar_2014_test,59.61796188354492,63.0,0.9316632151603699,0.0,5.767236232757568,3.382038116455078
29877,0,calendar_2014_test,62.5622673034668,43.0,0.9124845266342163,0.0,7.38580846786499,19.562267303466797
29878,0,calendar_2014_test,34.2552375793457,48.0,0.9632200598716736,0.0,3.1040191650390625,13.744762420654297
29879,0,calendar_2014_test,52.63337707519531,67.0,0.944616436958313,0.0,4.674060344696045,14.366622924804688
29880,0,calendar_2014_test,71.35862731933594,87.0,0.9222527742385864,0.0,6.561424732208252,15.641372680664062
29881,0,calendar_2014_test,91.82132720947266,127.0,0.8846336007118225,0.0,9.7362699508667,35.178672790527344
29882,0,calendar_2014_test,136.2242889404297,126.0,0.8143221139907837,0.0,15.670161247253418,10.224288940429688
29883,0,calendar_2014_test,112.24247741699219,126.0,0.8582990169525146,0.0,11.958759307861328,13.757522583007812
29884,0,calendar_2014_test,137.78854370117188,106.0,0.822021484375,0.0,15.020373344421387,31.788543701171875
29885,0,calendar_2014_test,98.9556655883789,104.0,0.8668825626373291,0.0,11.234357833862305,5.044334411621094
29886,0,calendar_2014_test,112.00399017333984,118.0,0.8608722686767578,0.0,11.741592407226562,5.996009826660156
29887,0,calendar_2014_test,119.41535186767578,141.0,0.8718733787536621,0.0,10.813157081604004,21.58464813232422
29888,0,calendar_2014_test,140.013916015625,199.0,0.8477907180786133,0.0,12.845601081848145,58.986083984375
29889,0,calendar_2014_test,195.3832244873047,262.0,0.7575185298919678,0.0,20.464059829711914,66.61677551269531
29890,0,calendar_2014_test,244.7653045654297,234.0,0.7114928960800171,0.0,24.34836196899414,10.765304565429688
29891,0,calendar_2014_test,215.87185668945312,221.0,0.6693103313446045,0.0,27.908327102661133,5.128143310546875
29892,0,calendar_2014_test,211.95941162109375,177.0,0.7610243558883667,0.0,20.16818618774414,34.95941162109375
29893,0,calendar_2014_test,148.59298706054688,135.0,0.8224518895149231,0.0,14.984050750732422,13.592987060546875
29894,0,calendar_2014_test,113.6375961303711,108.0,0.8541049957275391,0.0,12.312711715698242,5.637596130371094
29895,0,calendar_2014_test,101.46408081054688,97.0,0.8884437084197998,0.0,9.414718627929688,4.464080810546875
29896,0,calendar_2014_test,80.25414276123047,87.0,0.898830235004425,0.0,8.538151741027832,6.745857238769531
29897,0,calendar_2014_test,78.31853485107422,85.0,0.8769348859786987,0.0,10.38599681854248,6.681465148925781
29898,0,calendar_2014_test,71.9913101196289,81.0,0.9111236333847046,0.0,7.5006585121154785,9.008689880371094
29899,0,calendar_2014_test,76.26158142089844,82.0,0.9145257472991943,0.0,7.213539123535156,5.7384185791015625
29900,0,calendar_2014_test,79.12773132324219,81.0,0.8916222453117371,0.0,9.146466255187988,1.8722686767578125
29901,0,calendar_2014_test,74.2466812133789,111.0,0.9169186353683472,0.0,7.0115966796875,36.753318786621094
29902,0,calendar_2014_test,114.84351348876953,143.0,0.8634757995605469,0.0,11.521868705749512,28.15648651123047
29903,0,calendar_2014_test,148.59373474121094,153.0,0.833045482635498,0.0,14.090009689331055,4.4062652587890625
29904,0,calendar_2014_test,149.67861938476562,189.0,0.7894814610481262,0.0,17.76656723022461,39.321380615234375
29905,0,calendar_2014_test,189.46920776367188,244.0,0.7848674058914185,0.0,18.155967712402344,54.530792236328125
29906,0,calendar_2014_test,250.49659729003906,273.0,0.6026506423950195,0.0,33.53403091430664,22.503402709960938
29907,0,calendar_2014_test,271.9613037109375,218.0,0.7222758531570435,0.0,23.438337326049805,53.9613037109375
29908,0,calendar_2014_test,177.08470153808594,227.0,0.764739990234375,0.0,19.8546085357666,49.91529846191406
29909,0,calendar_2014_test,228.87158203125,95.0,0.7391356229782104,0.0,22.015470504760742,133.87158203125
29910,0,calendar_2014_test,36.33443832397461,20.0,0.9322824478149414,0.0,5.714974880218506,16.33443832397461
29911,0,calendar_2014_test,109.10037231445312,84.0,0.8744515180587769,0.0,10.595575332641602,25.100372314453125
29912,0,calendar_2014_test,79.25599670410156,106.0,0.9046072363853455,0.0,8.050605773925781,26.744003295898438
29913,0,calendar_2014_test,112.43566131591797,112.0,0.888017475605011,0.0,9.450687408447266,0.43566131591796875
29914,0,calendar_2014_test,110.24150848388672,120.0,0.8768193125724792,0.0,10.395748138427734,9.758491516113281
29915,0,calendar_2014_test,122.23416137695312,117.0,0.8599740862846375,0.0,11.817391395568848,5.234161376953125
29916,0,calendar_2014_test,115.30262756347656,118.0,0.8904101848602295,0.0,9.248760223388672,2.6973724365234375
29917,0,calendar_2014_test,114.80492401123047,106.0,0.8581857085227966,0.0,11.968320846557617,8.804924011230469
29918,0,calendar_2014_test,93.19210815429688,96.0,0.8975783586502075,0.0,8.643802642822266,2.807891845703125
29919,0,calendar_2014_test,90.50292205810547,82.0,0.8777925372123718,0.0,10.313614845275879,8.502922058105469
29920,0,calendar_2014_test,79.94440460205078,63.0,0.9185829162597656,0.0,6.8711419105529785,16.94440460205078
29921,0,calendar_2014_test,56.33557891845703,79.0,0.9130085110664368,0.0,7.341588497161865,22.66442108154297
29922,0,calendar_2014_test,89.61661529541016,125.0,0.8800798654556274,0.0,10.120579719543457,35.383384704589844
29923,0,calendar_2014_test,137.98745727539062,119.0,0.7877294421195984,0.0,17.9144287109375,18.987457275390625
29924,0,calendar_2014_test,127.32352447509766,115.0,0.8468154072761536,0.0,12.927907943725586,12.323524475097656
29925,0,calendar_2014_test,132.13726806640625,131.0,0.8464363813400269,0.0,12.959895133972168,1.13726806640625
29926,0,calendar_2014_test,141.2801971435547,177.0,0.8422142863273621,0.0,13.316219329833984,35.71980285644531
29927,0,calendar_2014_test,191.32728576660156,287.0,0.7157431840896606,0.0,23.989660263061523,95.67271423339844
29928,0,calendar_2014_test,293.0198974609375,299.0,0.6024483442306519,0.0,33.55110168457031,5.9801025390625
29929,0,calendar_2014_test,276.33660888671875,250.0,0.5460237264633179,0.0,38.313018798828125,26.33660888671875
29930,0,calendar_2014_test,210.3240203857422,159.0,0.7114834785461426,0.0,24.349153518676758,51.32402038574219
29931,0,calendar_2014_test,109.40559387207031,124.0,0.8663550019264221,0.0,11.27888011932373,14.594406127929688
29932,0,calendar_2014_test,106.85403442382812,123.0,0.8477485179901123,0.0,12.849157333374023,16.145965576171875
29933,0,calendar_2014_test,102.42382049560547,49.0,0.8992264270782471,0.0,8.504714965820312,53.42382049560547
29934,0,calendar_2014_test,34.61598205566406,36.0,0.9395865797996521,0.0,5.098550796508789,1.3840179443359375
29935,0,calendar_2014_test,29.328838348388672,59.0,0.9470258951187134,0.0,4.470712184906006,29.671161651611328
29936,0,calendar_2014_test,60.5281867980957,85.0,0.9250431060791016,0.0,6.325938701629639,24.471813201904297
29937,0,calendar_2014_test,94.21437072753906,170.0,0.8855295777320862,0.0,9.660653114318848,75.78562927246094
29938,0,calendar_2014_test,173.25108337402344,180.0,0.747974693775177,0.0,21.26950454711914,6.7489166259765625
29939,0,calendar_2014_test,176.53321838378906,227.0,0.7737002968788147,0.0,19.09840965270996,50.46678161621094
29940,0,calendar_2014_test,209.51239013671875,199.0,0.7250090837478638,0.0,23.20766830444336,10.51239013671875
29941,0,calendar_2014_test,164.27052307128906,168.0,0.8078200817108154,0.0,16.21889305114746,3.7294769287109375
29942,0,calendar_2014_test,139.89512634277344,93.0,0.7883031368255615,0.0,17.866010665893555,46.89512634277344
29943,0,calendar_2014_test,67.9688949584961,80.0,0.9199634790420532,0.0,6.754627704620361,12.031105041503906
29944,0,calendar_2014_test,75.65910339355469,111.0,0.9140387773513794,0.0,7.254640579223633,35.34089660644531
29945,0,calendar_2014_test,121.00577545166016,133.0,0.875977098941803,0.0,10.466827392578125,11.994224548339844
29946,0,calendar_2014_test,142.28387451171875,135.0,0.8719968795776367,0.0,10.802736282348633,7.28387451171875
29947,0,calendar_2014_test,139.38442993164062,94.0,0.8164001703262329,0.0,15.494784355163574,45.384429931640625
29948,0,calendar_2014_test,78.10904693603516,103.0,0.9006718397140503,0.0,8.382731437683105,24.890953063964844
29949,0,calendar_2014_test,105.12030792236328,92.0,0.8709443807601929,0.0,10.891563415527344,13.120307922363281
29950,0,calendar_2014_test,92.672607421875,93.0,0.862982451915741,0.0,11.563504219055176,0.327392578125
29951,0,calendar_2014_test,96.31891632080078,109.0,0.864658772945404,0.0,11.422029495239258,12.681083679199219
29952,0,calendar_2014_test,112.34390258789062,122.0,0.8739989995956421,0.0,10.633766174316406,9.656097412109375
29953,0,calendar_2014_test,119.188720703125,123.0,0.8320977687835693,0.0,14.16999340057373,3.811279296875
29954,0,calendar_2014_test,128.76986694335938,122.0,0.8139218091964722,0.0,15.703940391540527,6.769866943359375
29955,0,calendar_2014_test,123.49442291259766,172.0,0.8590191602706909,0.0,11.897979736328125,48.505577087402344
29956,0,calendar_2014_test,166.55471801757812,213.0,0.8137381672859192,0.0,15.719441413879395,46.445281982421875
29957,0,calendar_2014_test,203.63385009765625,196.0,0.7088004946708679,0.0,24.57558250427246,7.63385009765625
29958,0,calendar_2014_test,195.01344299316406,158.0,0.7763272523880005,0.0,18.876710891723633,37.01344299316406
29959,0,calendar_2014_test,143.3326873779297,103.0,0.8122304081916809,0.0,15.846688270568848,40.33268737792969
29960,0,calendar_2014_test,87.802734375,90.0,0.8901373147964478,0.0,9.271785736083984,2.197265625
29961,0,calendar_2014_test,79.699462890625,70.0,0.9215652942657471,0.0,6.619446277618408,9.699462890625
29962,0,calendar_2014_test,59.5562858581543,67.0,0.9327923059463501,0.0,5.671945095062256,7.443714141845703
29963,0,calendar_2014_test,62.65625762939453,66.0,0.930511474609375,0.0,5.864437103271484,3.3437423706054688
29964,0,calendar_2014_test,59.45969772338867,52.0,0.9066088795661926,0.0,7.881681442260742,7.459697723388672
29965,0,calendar_2014_test,43.60268783569336,55.0,0.9426203370094299,0.0,4.842519283294678,11.39731216430664
29966,0,calendar_2014_test,46.56438064575195,51.0,0.9522224068641663,0.0,4.0321574211120605,4.435619354248047
29967,0,calendar_2014_test,46.06546401977539,47.0,0.9543895125389099,0.0,3.8492681980133057,0.9345359802246094
29968,0,calendar_2014_test,41.589500427246094,48.0,0.9419002532958984,0.0,4.903290748596191,6.410499572753906
29969,0,calendar_2014_test,45.10867691040039,60.0,0.9459799528121948,0.0,4.55898380279541,14.89132308959961
29970,0,calendar_2014_test,65.40071105957031,88.0,0.927064836025238,0.0,6.155313491821289,22.599288940429688
29971,0,calendar_2014_test,101.91218566894531,279.0,0.858691394329071,0.0,11.925644874572754,177.0878143310547
29972,0,calendar_2014_test,270.7721862792969,435.0,0.6849539875984192,0.0,26.588092803955078,164.22781372070312
29973,0,calendar_2014_test,437.70806884765625,489.0,0.31978005170822144,0.0,57.40669631958008,51.29193115234375
29974,0,calendar_2014_test,475.9781494140625,513.0,0.2831507921218872,0.0,60.49799728393555,37.0218505859375
29975,0,calendar_2014_test,510.1659851074219,539.0,0.2429547905921936,0.0,63.89031219482422,28.834014892578125
29976,0,calendar_2014_test,544.9404296875,567.0,0.3218846917152405,0.0,57.22908020019531,22.0595703125
29977,0,calendar_2014_test,545.4896240234375,569.0,0.13654166460037231,0.0,72.87097930908203,23.5103759765625
29978,0,calendar_2014_test,569.1129760742188,659.0,0.3465275764465332,0.0,55.14936065673828,89.88702392578125
29979,0,calendar_2014_test,635.063232421875,648.0,0.14873671531677246,0.0,71.84178161621094,12.936767578125
29980,0,calendar_2014_test,610.9921875,651.0,0.30622100830078125,0.0,58.55100631713867,40.0078125
29981,0,calendar_2014_test,612.0203247070312,671.0,0.20563769340515137,0.0,67.03966522216797,58.97967529296875
29982,0,calendar_2014_test,646.3704833984375,623.0,0.0,0.0,84.39431762695312,23.3704833984375
29983,0,calendar_2014_test,612.3199462890625,618.0,0.351684033870697,0.0,54.71418380737305,5.6800537109375
29984,0,calendar_2014_test,597.2260131835938,532.0,0.18589872121810913,0.0,68.70552062988281,65.22601318359375
29985,0,calendar_2014_test,492.6087951660156,477.0,0.401455819606781,0.0,50.51372528076172,15.608795166015625
29986,0,calendar_2014_test,448.9114990234375,479.0,0.385614812374115,0.0,51.850616455078125,30.0885009765625
29987,0,calendar_2014_test,492.6376647949219,490.0,0.3774659037590027,0.0,52.5383415222168,2.637664794921875
29988,0,calendar_2014_test,441.6999206542969,476.0,0.42465507984161377,0.0,48.55583953857422,34.300079345703125
29989,0,calendar_2014_test,458.3329772949219,457.0,0.43790024518966675,0.0,47.438026428222656,1.332977294921875
29990,0,calendar_2014_test,433.6333312988281,327.0,0.4573630094528198,0.0,45.79547882080078,106.63333129882812
29991,0,calendar_2014_test,280.8586730957031,161.0,0.6166418790817261,0.0,32.353248596191406,119.85867309570312
29992,0,calendar_2014_test,82.39163970947266,286.0,0.791670560836792,0.0,17.581823348999023,203.60836029052734
29993,0,calendar_2014_test,284.3938903808594,298.0,0.6040326356887817,0.0,33.417396545410156,13.606109619140625
29994,0,calendar_2014_test,298.32061767578125,310.0,0.5689315795898438,0.0,36.379722595214844,11.67938232421875
29995,0,calendar_2014_test,338.4203796386719,332.0,0.5042985677719116,0.0,41.834381103515625,6.420379638671875
29996,0,calendar_2014_test,354.5881042480469,391.0,0.4464244842529297,0.0,46.7186279296875,36.411895751953125
29997,0,calendar_2014_test,406.9731140136719,437.0,0.49722617864608765,0.0,42.431251525878906,30.026885986328125
29998,0,calendar_2014_test,446.9938659667969,422.0,0.3611335754394531,0.0,53.91669464111328,24.993865966796875
29999,0,calendar_2014_test,423.5360412597656,320.0,0.46673136949539185,0.0,45.004844665527344,103.53604125976562
30000,0,calendar_2014_test,292.0627136230469,346.0,0.5587289333343506,0.0,37.24077224731445,53.937286376953125
30001,0,calendar_2014_test,363.2369689941406,351.0,0.5519794821739197,0.0,37.810386657714844,12.236968994140625
30002,0,calendar_2014_test,351.1872863769531,297.0,0.5194666981697083,0.0,40.55427932739258,54.187286376953125
30003,0,calendar_2014_test,265.7145690917969,290.0,0.5959954261779785,0.0,34.09568786621094,24.285430908203125
30004,0,calendar_2014_test,266.3086242675781,250.0,0.5896899700164795,0.0,34.627838134765625,16.308624267578125
30005,0,calendar_2014_test,197.44622802734375,170.0,0.6487245559692383,0.0,29.645654678344727,27.44622802734375
30006,0,calendar_2014_test,135.4081268310547,103.0,0.7874925136566162,0.0,17.934423446655273,32.40812683105469
30007,0,calendar_2014_test,85.76030731201172,79.0,0.8883576393127441,0.0,9.421982765197754,6.760307312011719
30008,0,calendar_2014_test,72.68267059326172,73.0,0.9307320713996887,0.0,5.845821380615234,0.31732940673828125
30009,0,calendar_2014_test,74.88310241699219,74.0,0.883550763130188,0.0,9.827652931213379,0.8831024169921875
30010,0,calendar_2014_test,78.38188934326172,77.0,0.9077625274658203,0.0,7.7843194007873535,1.3818893432617188
30011,0,calendar_2014_test,80.5361557006836,81.0,0.8945274353027344,0.0,8.901286125183105,0.46384429931640625
30012,0,calendar_2014_test,85.30960083007812,95.0,0.8819515109062195,0.0,9.962621688842773,9.690399169921875
30013,0,calendar_2014_test,102.32716369628906,115.0,0.870701253414154,0.0,10.912080764770508,12.672836303710938
30014,0,calendar_2014_test,116.98118591308594,77.0,0.8927503824234009,0.0,9.05125904083252,39.98118591308594
30015,0,calendar_2014_test,62.66181564331055,67.0,0.9121189117431641,0.0,7.416664123535156,4.338184356689453
30016,0,calendar_2014_test,38.18121337890625,13.0,0.9366000890731812,0.0,5.3505940437316895,25.18121337890625
30017,0,calendar_2014_test,16.391759872436523,12.0,0.9657602310180664,0.0,2.8896400928497314,4.391759872436523
30018,0,calendar_2014_test,13.650795936584473,10.0,0.9789683818817139,0.0,1.7749507427215576,3.6507959365844727
30019,0,calendar_2014_test,12.937718391418457,195.0,0.9791120290756226,0.0,1.7628263235092163,182.06228160858154
30020,0,calendar_2014_test,163.40187072753906,238.0,0.78129643201828,0.0,18.457340240478516,74.59812927246094
30021,0,calendar_2014_test,206.10476684570312,293.0,0.664186954498291,0.0,28.340709686279297,86.89523315429688
30022,0,calendar_2014_test,258.00213623046875,384.0,0.6969691514968872,0.0,25.574085235595703,125.99786376953125
30023,0,calendar_2014_test,365.3965759277344,381.0,0.5207550525665283,0.0,40.44554901123047,15.603424072265625
30024,0,calendar_2014_test,274.98980712890625,296.0,0.6674383878707886,0.0,28.066312789916992,21.01019287109375
30025,0,calendar_2014_test,203.77749633789062,38.0,0.7866736650466919,0.0,18.003530502319336,165.77749633789062
30026,0,calendar_2014_test,25.934810638427734,19.0,0.9546326398849487,0.0,3.828747034072876,6.934810638427734
30027,0,calendar_2014_test,9.745355606079102,22.0,0.9548914432525635,0.0,3.806903839111328,12.254644393920898
30028,0,calendar_2014_test,15.20668888092041,20.0,0.9487100839614868,0.0,4.328577995300293,4.79331111907959
30029,0,calendar_2014_test,15.785017013549805,14.0,0.9538516998291016,0.0,3.8946564197540283,1.7850170135498047
30030,0,calendar_2014_test,15.810641288757324,23.0,0.9539402723312378,0.0,3.887181043624878,7.189358711242676
30031,0,calendar_2014_test,26.475154876708984,19.0,0.9507591724395752,0.0,4.155644416809082,7.475154876708984
30032,0,calendar_2014_test,20.637407302856445,22.0,0.9495745897293091,0.0,4.255618095397949,1.3625926971435547
30033,0,calendar_2014_test,30.733800888061523,33.0,0.9541218876838684,0.0,3.8718526363372803,2.2661991119384766
30034,0,calendar_2014_test,32.006690979003906,42.0,0.9525879621505737,0.0,4.001308917999268,9.993309020996094
30035,0,calendar_2014_test,37.42298889160156,40.0,0.9360480904579163,0.0,5.397177219390869,2.5770111083984375
30036,0,calendar_2014_test,38.67932891845703,43.0,0.9361746311187744,0.0,5.386496543884277,4.320671081542969
30037,0,calendar_2014_test,42.03282165527344,56.0,0.9532608389854431,0.0,3.944518804550171,13.967178344726562
30038,0,calendar_2014_test,51.69717788696289,57.0,0.9336154460906982,0.0,5.602478981018066,5.302822113037109
30039,0,calendar_2014_test,62.76968002319336,153.0,0.9006509184837341,0.0,8.38449764251709,90.23031997680664
30040,0,calendar_2014_test,152.65969848632812,108.0,0.7825568914413452,0.0,18.35096549987793,44.659698486328125
30041,0,calendar_2014_test,96.75798797607422,89.0,0.8561457991600037,0.0,12.140475273132324,7.757987976074219
30042,0,calendar_2014_test,90.60658264160156,87.0,0.8784371614456177,0.0,10.2592134475708,3.6065826416015625
30043,0,calendar_2014_test,80.93894958496094,95.0,0.8966607451438904,0.0,8.721244812011719,14.061050415039062
30044,0,calendar_2014_test,104.61305236816406,111.0,0.8767338991165161,0.0,10.40295696258545,6.3869476318359375
30045,0,calendar_2014_test,112.94043731689453,112.0,0.8720148801803589,0.0,10.801218032836914,0.9404373168945312
30046,0,calendar_2014_test,112.95203399658203,145.0,0.8673603534698486,0.0,11.194035530090332,32.04796600341797
30047,0,calendar_2014_test,151.2456512451172,184.0,0.8178125023841858,0.0,15.375588417053223,32.75434875488281
30048,0,calendar_2014_test,185.4517364501953,178.0,0.8074501752853394,0.0,16.250112533569336,7.4517364501953125
30049,0,calendar_2014_test,173.34115600585938,170.0,0.7640789747238159,0.0,19.910396575927734,3.341156005859375
30050,0,calendar_2014_test,162.48426818847656,161.0,0.8242104649543762,0.0,14.835638046264648,1.4842681884765625
30051,0,calendar_2014_test,148.47315979003906,133.0,0.7709330320358276,0.0,19.331947326660156,15.473159790039062
30052,0,calendar_2014_test,119.65054321289062,114.0,0.8652677536010742,0.0,11.370633125305176,5.650543212890625
30053,0,calendar_2014_test,109.4527587890625,112.0,0.884971022605896,0.0,9.70779037475586,2.5472412109375
30054,0,calendar_2014_test,112.01541137695312,114.0,0.846450686454773,0.0,12.958690643310547,1.984588623046875
30055,0,calendar_2014_test,120.37169647216797,130.0,0.8872721195220947,0.0,9.513593673706055,9.628303527832031
30056,0,calendar_2014_test,133.3758544921875,133.0,0.8212089538574219,0.0,15.088945388793945,0.3758544921875
30057,0,calendar_2014_test,133.75694274902344,143.0,0.8291990756988525,0.0,14.414626121520996,9.243057250976562
30058,0,calendar_2014_test,150.38211059570312,137.0,0.7440192103385925,0.0,21.603322982788086,13.382110595703125
30059,0,calendar_2014_test,143.45716857910156,143.0,0.8541560173034668,0.0,12.308403015136719,0.4571685791015625
30060,0,calendar_2014_test,146.32540893554688,145.0,0.8463450074195862,0.0,12.967608451843262,1.325408935546875
30061,0,calendar_2014_test,140.77099609375,185.0,0.823184609413147,0.0,14.922215461730957,44.22900390625
30062,0,calendar_2014_test,194.44435119628906,198.0,0.8149592876434326,0.0,15.616387367248535,3.5556488037109375
30063,0,calendar_2014_test,192.05592346191406,205.0,0.800484836101532,0.0,16.83794593811035,12.944076538085938
30064,0,calendar_2014_test,202.22525024414062,195.0,0.7089004516601562,0.0,24.5671443939209,7.225250244140625
30065,0,calendar_2014_test,183.93206787109375,203.0,0.8226169943809509,0.0,14.970118522644043,19.06793212890625
30066,0,calendar_2014_test,205.00872802734375,209.0,0.7299063205718994,0.0,22.794374465942383,3.99127197265625
30067,0,calendar_2014_test,218.0654296875,202.0,0.7070792317390442,0.0,24.720848083496094,16.0654296875
30068,0,calendar_2014_test,108.73831939697266,28.0,0.7968593239784241,0.0,17.143918991088867,80.73831939697266
30069,0,calendar_2014_test,13.908488273620605,26.0,0.9621406197547913,0.0,3.1951184272766113,12.091511726379395
30070,0,calendar_2014_test,19.861934661865234,22.0,0.9561934471130371,0.0,3.69702410697937,2.1380653381347656
30071,0,calendar_2014_test,19.38743782043457,24.0,0.9656882882118225,0.0,2.8957135677337646,4.61256217956543
30072,0,calendar_2014_test,18.3326358795166,16.0,0.9652585387229919,0.0,2.9319798946380615,2.3326358795166016
30073,0,calendar_2014_test,13.975687980651855,16.0,0.9678621888160706,0.0,2.712249517440796,2.0243120193481445
30074,0,calendar_2014_test,11.319963455200195,17.0,0.965403139591217,0.0,2.919780731201172,5.680036544799805
30075,0,calendar_2014_test,12.46312141418457,7.0,0.972015380859375,0.0,2.361743450164795,5.46312141418457
30076,0,calendar_2014_test,9.413504600524902,9.0,0.9743902087211609,0.0,2.1613192558288574,0.41350460052490234
30077,0,calendar_2014_test,8.349096298217773,10.0,0.9778062701225281,0.0,1.8730264902114868,1.6509037017822266
30078,0,calendar_2014_test,9.009166717529297,8.0,0.9781291484832764,0.0,1.8457731008529663,1.0091667175292969
30079,0,calendar_2014_test,9.184826850891113,7.0,0.9819108247756958,0.0,1.5266220569610596,2.1848268508911133
30080,0,calendar_2014_test,11.043959617614746,10.0,0.9788628220558167,0.0,1.783857822418213,1.043959617614746
30081,0,calendar_2014_test,10.536812782287598,11.0,0.9827967286109924,0.0,1.4518605470657349,0.46318721771240234
30082,0,calendar_2014_test,12.215867042541504,11.0,0.9736515879631042,0.0,2.2236552238464355,1.215867042541504
30083,0,calendar_2014_test,12.545941352844238,10.0,0.9857817888259888,0.0,1.1999343633651733,2.5459413528442383
30084,0,calendar_2014_test,13.351523399353027,7.0,0.9782194495201111,0.0,1.838152527809143,6.351523399353027
30085,0,calendar_2014_test,11.984262466430664,9.0,0.9857301115989685,0.0,1.2042980194091797,2.984262466430664
30086,0,calendar_2014_test,11.893296241760254,14.0,0.9803644418716431,0.0,1.6571310758590698,2.106703758239746
30087,0,calendar_2014_test,13.419618606567383,13.0,0.9722683429718018,0.0,2.3403947353363037,0.4196186065673828
30088,0,calendar_2014_test,14.000078201293945,14.0,0.9746686220169067,0.0,2.137824773788452,7.82012939453125e-05
30089,0,calendar_2014_test,14.308098793029785,9.0,0.9722767472267151,0.0,2.3396832942962646,5.308098793029785
30090,0,calendar_2014_test,13.393209457397461,14.0,0.9771654009819031,0.0,1.9271098375320435,0.6067905426025391
30091,0,calendar_2014_test,13.486820220947266,9.0,0.9777737855911255,0.0,1.8757656812667847,4.486820220947266
30092,0,calendar_2014_test,12.229047775268555,8.0,0.9779064059257507,0.0,1.864572525024414,4.229047775268555
30093,0,calendar_2014_test,11.314977645874023,10.0,0.9765921235084534,0.0,1.975490689277649,1.3149776458740234
30094,0,calendar_2014_test,11.738978385925293,8.0,0.9758241772651672,0.0,2.0403008460998535,3.738978385925293
30095,0,calendar_2014_test,10.519274711608887,9.0,0.9814382791519165,0.0,1.566502332687378,1.5192747116088867
30096,0,calendar_2014_test,10.411975860595703,11.0,0.9782107472419739,0.0,1.8388913869857788,0.5880241394042969
30097,0,calendar_2014_test,10.57927417755127,11.0,0.9783635139465332,0.0,1.8259981870651245,0.42072582244873047
30098,0,calendar_2014_test,10.678013801574707,10.0,0.9800947904586792,0.0,1.679885745048523,0.678013801574707
30099,0,calendar_2014_test,11.088679313659668,15.0,0.9766693711280823,0.0,1.9689737558364868,3.911320686340332
30100,0,calendar_2014_test,12.131924629211426,13.0,0.9787130355834961,0.0,1.7965006828308105,0.8680753707885742
30101,0,calendar_2014_test,11.006644248962402,16.0,0.979553759098053,0.0,1.7255477905273438,4.993355751037598
30102,0,calendar_2014_test,13.38379192352295,13.0,0.9757935404777527,0.0,2.042886257171631,0.3837919235229492
30103,0,calendar_2014_test,13.28455924987793,18.0,0.9865029454231262,0.0,1.1390726566314697,4.71544075012207
30104,0,calendar_2014_test,14.769038200378418,18.0,0.9734722971916199,0.0,2.2387893199920654,3.230961799621582
30105,0,calendar_2014_test,18.596345901489258,22.0,0.9790524840354919,0.0,1.76785147190094,3.403654098510742
30106,0,calendar_2014_test,22.020320892333984,23.0,0.9732066988945007,0.0,2.2612016201019287,0.9796791076660156
30107,0,calendar_2014_test,22.43079948425293,24.0,0.9674016833305359,0.0,2.751110792160034,1.5692005157470703
30108,0,calendar_2014_test,20.73857307434082,24.0,0.9709911346435547,0.0,2.448180913925171,3.2614269256591797
30109,0,calendar_2014_test,20.90530776977539,23.0,0.9754440188407898,0.0,2.072385549545288,2.0946922302246094
30110,0,calendar_2014_test,20.838695526123047,23.0,0.9729616641998291,0.0,2.2818808555603027,2.161304473876953
30111,0,calendar_2014_test,19.92840003967285,42.0,0.9746720194816589,0.0,2.137535810470581,22.07159996032715
30112,0,calendar_2014_test,42.67818832397461,54.0,0.9555993676185608,0.0,3.7471606731414795,11.32181167602539
30113,0,calendar_2014_test,54.305233001708984,48.0,0.9463406205177307,0.0,4.528547286987305,6.305233001708984
30114,0,calendar_2014_test,49.440494537353516,66.0,0.9477465748786926,0.0,4.409893035888672,16.559505462646484
30115,0,calendar_2014_test,68.05146789550781,56.0,0.9283796548843384,0.0,6.04434871673584,12.051467895507812
30116,0,calendar_2014_test,57.282249450683594,67.0,0.9277983903884888,0.0,6.093404769897461,9.717750549316406
30117,0,calendar_2014_test,74.70917510986328,95.0,0.9237355589866638,0.0,6.436285495758057,20.29082489013672
30118,0,calendar_2014_test,104.00926971435547,111.0,0.8614922761917114,0.0,11.689266204833984,6.990730285644531
30119,0,calendar_2014_test,114.52241516113281,112.0,0.8594465851783752,0.0,11.861909866333008,2.5224151611328125
30120,0,calendar_2014_test,114.36580657958984,113.0,0.8769556879997253,0.0,10.38424015045166,1.3658065795898438
30121,0,calendar_2014_test,118.53854370117188,127.0,0.8873618245124817,0.0,9.506020545959473,8.461456298828125
30122,0,calendar_2014_test,129.24562072753906,137.0,0.8358088731765747,0.0,13.85680103302002,7.7543792724609375
30123,0,calendar_2014_test,134.7045440673828,164.0,0.8321107625961304,0.0,14.168895721435547,29.295455932617188
30124,0,calendar_2014_test,149.22210693359375,190.0,0.770564615726471,0.0,19.3630428314209,40.77789306640625
30125,0,calendar_2014_test,175.64405822753906,175.0,0.8285221457481384,0.0,14.471755981445312,0.6440582275390625
30126,0,calendar_2014_test,153.4841766357422,142.0,0.760586142539978,0.0,20.205169677734375,11.484176635742188
30127,0,calendar_2014_test,125.38798522949219,107.0,0.843651294708252,0.0,13.194941520690918,18.387985229492188
30128,0,calendar_2014_test,84.07013702392578,101.0,0.8963052034378052,0.0,8.751251220703125,16.92986297607422
30129,0,calendar_2014_test,94.17835998535156,100.0,0.8823181390762329,0.0,9.931682586669922,5.8216400146484375
30130,0,calendar_2014_test,102.37850189208984,97.0,0.8828859925270081,0.0,9.883757591247559,5.378501892089844
30131,0,calendar_2014_test,91.93645477294922,101.0,0.8928971886634827,0.0,9.038870811462402,9.063545227050781
30132,0,calendar_2014_test,95.16019439697266,105.0,0.8871196508407593,0.0,9.526457786560059,9.839805603027344
30133,0,calendar_2014_test,104.10350799560547,117.0,0.8444943428039551,0.0,13.12379264831543,12.896492004394531
30134,0,calendar_2014_test,120.09042358398438,119.0,0.8597196340560913,0.0,11.838865280151367,1.090423583984375
30135,0,calendar_2014_test,119.469482421875,115.0,0.8340984582901001,0.0,14.001150131225586,4.469482421875
30136,0,calendar_2014_test,109.08399200439453,125.0,0.837928056716919,0.0,13.677953720092773,15.916007995605469
30137,0,calendar_2014_test,298.71044921875,310.0,0.6360048651695251,0.0,30.719120025634766,11.28955078125
30138,0,calendar_2014_test,322.4164733886719,295.0,0.5561050176620483,0.0,37.46221160888672,27.416473388671875
30139,0,calendar_2014_test,300.6317443847656,301.0,0.6673016548156738,0.0,28.077848434448242,0.368255615234375
30140,0,calendar_2014_test,305.2090759277344,325.0,0.6220648288726807,0.0,31.895580291748047,19.790924072265625
30141,0,calendar_2014_test,327.05157470703125,319.0,0.5598511695861816,0.0,37.146060943603516,8.05157470703125
30142,0,calendar_2014_test,314.9836120605469,335.0,0.6220132112503052,0.0,31.899938583374023,20.016387939453125
30143,0,calendar_2014_test,333.69049072265625,301.0,0.5660616755485535,0.0,36.62192916870117,32.69049072265625
30144,0,calendar_2014_test,275.56732177734375,312.0,0.6525310277938843,0.0,29.324405670166016,36.43267822265625
30145,0,calendar_2014_test,293.6392822265625,316.0,0.6790106296539307,0.0,27.08968162536621,22.3607177734375
30146,0,calendar_2014_test,298.72479248046875,296.0,0.6210548877716064,0.0,31.98081398010254,2.72479248046875
30147,0,calendar_2014_test,255.8816375732422,270.0,0.6820220947265625,0.0,26.83553123474121,14.118362426757812
30148,0,calendar_2014_test,236.17567443847656,252.0,0.6522793769836426,0.0,29.34564781188965,15.824325561523438
30149,0,calendar_2014_test,223.4776153564453,234.0,0.701084554195404,0.0,25.226764678955078,10.522384643554688
30150,0,calendar_2014_test,228.69976806640625,233.0,0.7211132049560547,0.0,23.536457061767578,4.30023193359375
30151,0,calendar_2014_test,228.13453674316406,241.0,0.6959896683692932,0.0,25.6567440032959,12.865463256835938
30152,0,calendar_2014_test,237.8634490966797,231.0,0.6771684885025024,0.0,27.24514389038086,6.8634490966796875
30153,0,calendar_2014_test,208.9629364013672,214.0,0.6530640125274658,0.0,29.27942657470703,5.0370635986328125
30154,0,calendar_2014_test,167.3662872314453,210.0,0.7831541299819946,0.0,18.300561904907227,42.63371276855469
30155,0,calendar_2014_test,187.4835968017578,178.0,0.7130410671234131,0.0,24.21770668029785,9.483596801757812
30156,0,calendar_2014_test,125.63294219970703,142.0,0.7909082174301147,0.0,17.646156311035156,16.36705780029297
30157,0,calendar_2014_test,53.29958724975586,122.0,0.8560916185379028,0.0,12.145051002502441,68.70041275024414
30158,0,calendar_2014_test,67.19425201416016,59.0,0.8918554782867432,0.0,9.126785278320312,8.194252014160156
30159,0,calendar_2014_test,20.2822265625,47.0,0.9371493458747864,0.0,5.3042378425598145,26.7177734375
30160,0,calendar_2014_test,27.294706344604492,40.0,0.9439150094985962,0.0,4.733256816864014,12.705293655395508
30161,0,calendar_2014_test,25.69931983947754,32.0,0.9590315818786621,0.0,3.457501173019409,6.300680160522461
30162,0,calendar_2014_test,21.861589431762695,48.0,0.9627220630645752,0.0,3.146047830581665,26.138410568237305
30163,0,calendar_2014_test,36.15679168701172,32.0,0.9544324278831482,0.0,3.84564471244812,4.156791687011719
30164,0,calendar_2014_test,29.397308349609375,25.0,0.9603748321533203,0.0,3.344139337539673,4.397308349609375
30165,0,calendar_2014_test,20.772830963134766,26.0,0.9659556746482849,0.0,2.8731470108032227,5.227169036865234
30166,0,calendar_2014_test,24.21569061279297,43.0,0.9649035930633545,0.0,2.961939811706543,18.78430938720703
30167,0,calendar_2014_test,38.291873931884766,54.0,0.9479497671127319,0.0,4.392744064331055,15.708126068115234
30168,0,calendar_2014_test,51.57991409301758,55.0,0.9336986541748047,0.0,5.595457553863525,3.420085906982422
30169,0,calendar_2014_test,53.31977844238281,53.0,0.9389982223510742,0.0,5.148202896118164,0.3197784423828125
30170,0,calendar_2014_test,47.258052825927734,60.0,0.9378620982170105,0.0,5.244087219238281,12.741947174072266
30171,0,calendar_2014_test,51.88322448730469,55.0,0.9270107746124268,0.0,6.159877777099609,3.1167755126953125
30172,0,calendar_2014_test,51.50453186035156,42.0,0.9314860105514526,0.0,5.782191276550293,9.504531860351562
30173,0,calendar_2014_test,28.670866012573242,36.0,0.9630760550498962,0.0,3.116170644760132,7.329133987426758
30174,0,calendar_2014_test,25.519662857055664,32.0,0.9712305068969727,0.0,2.427983522415161,6.480337142944336
30175,0,calendar_2014_test,25.48171615600586,14.0,0.9602183103561401,0.0,3.3573479652404785,11.48171615600586
30176,0,calendar_2014_test,14.586137771606445,15.0,0.9780393242835999,0.0,1.8533540964126587,0.4138622283935547
30177,0,calendar_2014_test,14.306493759155273,18.0,0.9717879295349121,0.0,2.3809409141540527,3.6935062408447266
30178,0,calendar_2014_test,16.84700584411621,14.0,0.9637137055397034,0.0,3.062356948852539,2.847005844116211
30179,0,calendar_2014_test,14.915287017822266,15.0,0.9764474034309387,0.0,1.9877029657363892,0.08471298217773438
30180,0,calendar_2014_test,15.892011642456055,15.0,0.9697157740592957,0.0,2.555818796157837,0.8920116424560547
30181,0,calendar_2014_test,15.118191719055176,14.0,0.9751375317573547,0.0,2.098250389099121,1.1181917190551758
30182,0,calendar_2014_test,14.962615013122559,19.0,0.9716290235519409,0.0,2.3943493366241455,4.037384986877441
30183,0,calendar_2014_test,16.336843490600586,17.0,0.9739446043968201,0.0,2.198927640914917,0.6631565093994141
30184,0,calendar_2014_test,20.953006744384766,16.0,0.9709591269493103,0.0,2.4508841037750244,4.953006744384766
30185,0,calendar_2014_test,19.02206802368164,14.0,0.9708641767501831,0.0,2.4588966369628906,5.022068023681641
30186,0,calendar_2014_test,19.029541015625,33.0,0.9658061861991882,0.0,2.8857648372650146,13.970458984375
30187,0,calendar_2014_test,33.46880340576172,45.0,0.9567548632621765,0.0,3.6496450901031494,11.531196594238281
30188,0,calendar_2014_test,58.807926177978516,55.0,0.8981525897979736,0.0,8.595340728759766,3.8079261779785156
30189,0,calendar_2014_test,67.51362609863281,71.0,0.9318821430206299,0.0,5.748760223388672,3.4863739013671875
30190,0,calendar_2014_test,76.03229522705078,59.0,0.898606538772583,0.0,8.557031631469727,17.03229522705078
30191,0,calendar_2014_test,59.213844299316406,42.0,0.9401196241378784,0.0,5.053564071655273,17.213844299316406
30192,0,calendar_2014_test,43.396785736083984,31.0,0.9527000784873962,0.0,3.9918463230133057,12.396785736083984
30193,0,calendar_2014_test,30.7382755279541,30.0,0.9564610123634338,0.0,3.6744422912597656,0.7382755279541016
30194,0,calendar_2014_test,33.86543655395508,39.0,0.9680426120758057,0.0,2.697024345397949,5.134563446044922
30195,0,calendar_2014_test,40.572872161865234,23.0,0.9509153366088867,0.0,4.142466068267822,17.572872161865234
30196,0,calendar_2014_test,27.90828514099121,26.0,0.9642311930656433,0.0,3.018683671951294,1.908285140991211
30197,0,calendar_2014_test,30.158220291137695,25.0,0.9587864279747009,0.0,3.478191375732422,5.158220291137695
30198,0,calendar_2014_test,30.616214752197266,26.0,0.9632679224014282,0.0,3.099978446960449,4.616214752197266
30199,0,calendar_2014_test,33.900455474853516,24.0,0.9517924785614014,0.0,4.0684428215026855,9.900455474853516
30200,0,calendar_2014_test,32.90861511230469,29.0,0.9603471159934998,0.0,3.3464760780334473,3.9086151123046875
30201,0,calendar_2014_test,38.20347595214844,28.0,0.9528135061264038,0.0,3.982269287109375,10.203475952148438
30202,0,calendar_2014_test,33.79433059692383,35.0,0.9525834321975708,0.0,4.001687526702881,1.2056694030761719
30203,0,calendar_2014_test,39.271217346191406,35.0,0.9638205170631409,0.0,3.0533435344696045,4.271217346191406
30204,0,calendar_2014_test,39.20808792114258,38.0,0.9514341950416565,0.0,4.0986785888671875,1.2080879211425781
30205,0,calendar_2014_test,42.98746871948242,49.0,0.9497431516647339,0.0,4.241390705108643,6.012531280517578
30206,0,calendar_2014_test,53.0614013671875,65.0,0.9502299427986145,0.0,4.2003092765808105,11.9385986328125
30207,0,calendar_2014_test,67.00759887695312,72.0,0.8948946595191956,0.0,8.870293617248535,4.992401123046875
30208,0,calendar_2014_test,75.29048919677734,74.0,0.9335581064224243,0.0,5.6073198318481445,1.2904891967773438
30209,0,calendar_2014_test,81.2467041015625,80.0,0.9023811221122742,0.0,8.238480567932129,1.2467041015625
30210,0,calendar_2014_test,89.61351776123047,88.0,0.9027009010314941,0.0,8.211490631103516,1.6135177612304688
30211,0,calendar_2014_test,94.43077087402344,106.0,0.8775192499160767,0.0,10.336681365966797,11.569229125976562
30212,0,calendar_2014_test,114.78498840332031,113.0,0.8539064526557922,0.0,12.32946491241455,1.7849884033203125
30213,0,calendar_2014_test,119.65599060058594,139.0,0.8480728268623352,0.0,12.821791648864746,19.344009399414062
30214,0,calendar_2014_test,142.59881591796875,119.0,0.8226982355117798,0.0,14.963258743286133,23.59881591796875
30215,0,calendar_2014_test,112.29611206054688,122.0,0.8547433614730835,0.0,12.25883674621582,9.703887939453125
30216,0,calendar_2014_test,130.36477661132812,116.0,0.8555153608322144,0.0,12.193683624267578,14.364776611328125
30217,0,calendar_2014_test,122.89830780029297,132.0,0.8273636102676392,0.0,14.56952953338623,9.101692199707031
30218,0,calendar_2014_test,138.7908477783203,120.0,0.796336829662323,0.0,17.18801498413086,18.790847778320312
30219,0,calendar_2014_test,116.55819702148438,111.0,0.8684509992599487,0.0,11.101990699768066,5.558197021484375
30220,0,calendar_2014_test,109.39680480957031,108.0,0.8694186210632324,0.0,11.02032470703125,1.3968048095703125
30221,0,calendar_2014_test,105.92542266845703,110.0,0.8674265742301941,0.0,11.18844223022461,4.074577331542969
30222,0,calendar_2014_test,112.53266906738281,119.0,0.8626466989517212,0.0,11.591836929321289,6.4673309326171875
30223,0,calendar_2014_test,124.66751098632812,125.0,0.8885696530342102,0.0,9.404088973999023,0.332489013671875
30224,0,calendar_2014_test,122.44246673583984,143.0,0.847244143486023,0.0,12.891724586486816,20.557533264160156
30225,0,calendar_2014_test,134.40463256835938,149.0,0.8011460900306702,0.0,16.78213882446289,14.595367431640625
30226,0,calendar_2014_test,136.0639190673828,133.0,0.8346980214118958,0.0,13.950549125671387,3.0639190673828125
30227,0,calendar_2014_test,116.38982391357422,136.0,0.8443067669868469,0.0,13.139625549316406,19.61017608642578
30228,0,calendar_2014_test,126.25920104980469,149.0,0.8573040962219238,0.0,12.042723655700684,22.740798950195312
30229,0,calendar_2014_test,137.83392333984375,161.0,0.8709898591041565,0.0,10.887722969055176,23.16607666015625
30230,0,calendar_2014_test,144.95887756347656,167.0,0.8093085289001465,0.0,16.09327507019043,22.041122436523438
30231,0,calendar_2014_test,145.72308349609375,167.0,0.8228603601455688,0.0,14.949581146240234,21.27691650390625
30232,0,calendar_2014_test,167.39999389648438,53.0,0.8075567483901978,0.0,16.24111557006836,114.39999389648438
30233,0,calendar_2014_test,20.669862747192383,19.0,0.9264160990715027,0.0,6.210061550140381,1.6698627471923828
30234,0,calendar_2014_test,20.558910369873047,32.0,0.9652478694915771,0.0,2.9328818321228027,11.441089630126953
30235,0,calendar_2014_test,26.83403778076172,15.0,0.9660463929176331,0.0,2.8654918670654297,11.834037780761719
30236,0,calendar_2014_test,14.154510498046875,11.0,0.9768549203872681,0.0,1.9533156156539917,3.154510498046875
30237,0,calendar_2014_test,11.936667442321777,10.0,0.9681817293167114,0.0,2.685279369354248,1.9366674423217773
30238,0,calendar_2014_test,8.500017166137695,11.0,0.9720613360404968,0.0,2.357863426208496,2.4999828338623047
30239,0,calendar_2014_test,8.624234199523926,11.0,0.9738150238990784,0.0,2.209862232208252,2.375765800476074
30240,0,calendar_2014_test,12.7858304977417,9.0,0.9679121375083923,0.0,2.7080345153808594,3.785830497741699
30241,0,calendar_2014_test,9.7658052444458,19.0,0.9728528261184692,0.0,2.2910680770874023,9.2341947555542
30242,0,calendar_2014_test,14.339605331420898,13.0,0.979621410369873,0.0,1.7198389768600464,1.3396053314208984
30243,0,calendar_2014_test,11.901188850402832,13.0,0.9797762036323547,0.0,1.7067745923995972,1.098811149597168
30244,0,calendar_2014_test,12.97054386138916,14.0,0.9748995304107666,0.0,2.1183390617370605,1.0294561386108398
30245,0,calendar_2014_test,12.7758150100708,17.0,0.9760939478874207,0.0,2.01753568649292,4.224184989929199
30246,0,calendar_2014_test,19.087339401245117,16.0,0.9712353944778442,0.0,2.4275712966918945,3.087339401245117
30247,0,calendar_2014_test,15.482465744018555,18.0,0.9799961447715759,0.0,1.6882113218307495,2.5175342559814453
30248,0,calendar_2014_test,16.12897300720215,31.0,0.9799402952194214,0.0,1.6929274797439575,14.871026992797852
30249,0,calendar_2014_test,25.856319427490234,23.0,0.9680811762809753,0.0,2.6937685012817383,2.8563194274902344
30250,0,calendar_2014_test,29.602014541625977,15.0,0.9503865242004395,0.0,4.187097072601318,14.602014541625977
30251,0,calendar_2014_test,19.976335525512695,57.0,0.9757571220397949,0.0,2.045961618423462,37.023664474487305
30252,0,calendar_2014_test,57.275535583496094,65.0,0.9231268167495728,0.0,6.487660884857178,7.724464416503906
30253,0,calendar_2014_test,60.05241775512695,64.0,0.9146696925163269,0.0,7.201391696929932,3.947582244873047
30254,0,calendar_2014_test,65.23076629638672,65.0,0.9406920075416565,0.0,5.0052595138549805,0.23076629638671875
30255,0,calendar_2014_test,63.0651741027832,64.0,0.9030300378799438,0.0,8.183711051940918,0.9348258972167969
30256,0,calendar_2014_test,64.07673645019531,81.0,0.9202291369438171,0.0,6.732208728790283,16.923263549804688
30257,0,calendar_2014_test,83.71541595458984,75.0,0.8854337334632874,0.0,9.668743133544922,8.715415954589844
30258,0,calendar_2014_test,79.44440460205078,70.0,0.9207061529159546,0.0,6.691952705383301,9.444404602050781
30259,0,calendar_2014_test,76.74852752685547,71.0,0.9211715459823608,0.0,6.652675628662109,5.748527526855469
30260,0,calendar_2014_test,75.49830627441406,83.0,0.9188550114631653,0.0,6.848174095153809,7.5016937255859375
30261,0,calendar_2014_test,89.84762573242188,74.0,0.9248113632202148,0.0,6.345491886138916,15.847625732421875
30262,0,calendar_2014_test,76.68323516845703,86.0,0.8945145606994629,0.0,8.902369499206543,9.316764831542969
30263,0,calendar_2014_test,94.56007385253906,75.0,0.8870528340339661,0.0,9.532099723815918,19.560073852539062
30264,0,calendar_2014_test,74.45417785644531,72.0,0.9060086011886597,0.0,7.932338237762451,2.4541778564453125
30265,0,calendar_2014_test,77.53914642333984,74.0,0.9118815064430237,0.0,7.4366984367370605,3.5391464233398438
30266,0,calendar_2014_test,77.6102523803711,76.0,0.904586136341095,0.0,8.052390098571777,1.6102523803710938
30267,0,calendar_2014_test,78.88778686523438,84.0,0.9234012961387634,0.0,6.464494228363037,5.112213134765625
30268,0,calendar_2014_test,91.95011138916016,81.0,0.8683594465255737,0.0,11.109712600708008,10.950111389160156
30269,0,calendar_2014_test,83.91670227050781,86.0,0.8933990597724915,0.0,8.996515274047852,2.0832977294921875
30270,0,calendar_2014_test,93.56902313232422,84.0,0.905781090259552,0.0,7.951539516448975,9.569023132324219
30271,0,calendar_2014_test,96.9345932006836,88.0,0.8599367737770081,0.0,11.820539474487305,8.934593200683594
30272,0,calendar_2014_test,93.37662506103516,91.0,0.8852003812789917,0.0,9.688433647155762,2.3766250610351562
30273,0,calendar_2014_test,105.06649780273438,102.0,0.9117273092269897,0.0,7.449714183807373,3.066497802734375
30274,0,calendar_2014_test,112.23969268798828,121.0,0.8853558897972107,0.0,9.675310134887695,8.760307312011719
30275,0,calendar_2014_test,134.20559692382812,132.0,0.8355822563171387,0.0,13.875925064086914,2.205596923828125
30276,0,calendar_2014_test,139.04788208007812,163.0,0.8150259256362915,0.0,15.610758781433105,23.952117919921875
30277,0,calendar_2014_test,170.34078979492188,175.0,0.7923509478569031,0.0,17.52440071105957,4.659210205078125
30278,0,calendar_2014_test,185.51931762695312,190.0,0.799974262714386,0.0,16.88103485107422,4.480682373046875
30279,0,calendar_2014_test,197.38075256347656,203.0,0.7256062030792236,0.0,23.15727424621582,5.6192474365234375
30280,0,calendar_2014_test,213.1492156982422,205.0,0.7113015651702881,0.0,24.36450958251953,8.149215698242188
30281,0,calendar_2014_test,215.7042999267578,217.0,0.6948391199111938,0.0,25.75384521484375,1.2957000732421875
30282,0,calendar_2014_test,224.4719696044922,241.0,0.6718897223472595,0.0,27.690643310546875,16.528030395507812
30283,0,calendar_2014_test,247.2770233154297,226.0,0.6447639465332031,0.0,29.979907989501953,21.277023315429688
30284,0,calendar_2014_test,211.38941955566406,225.0,0.7350177764892578,0.0,22.362995147705078,13.610580444335938
30285,0,calendar_2014_test,222.2877655029297,205.0,0.7285124063491821,0.0,22.91200828552246,17.287765502929688
30286,0,calendar_2014_test,211.01025390625,213.0,0.7722777128219604,0.0,19.21846580505371,1.98974609375
30287,0,calendar_2014_test,217.33441162109375,229.0,0.6957037448883057,0.0,25.680875778198242,11.66558837890625
30288,0,calendar_2014_test,223.79147338867188,217.0,0.6836690902709961,0.0,26.696531295776367,6.791473388671875
30289,0,calendar_2014_test,218.3811492919922,218.0,0.725900411605835,0.0,23.1324462890625,0.3811492919921875
30290,0,calendar_2014_test,220.52935791015625,128.0,0.7275319695472717,0.0,22.994752883911133,92.52935791015625
30291,0,calendar_2014_test,69.61457061767578,88.0,0.8893930912017822,0.0,9.33459186553955,18.38542938232422
30292,0,calendar_2014_test,79.15306854248047,20.0,0.9275605082511902,0.0,6.113480567932129,59.15306854248047
30293,0,calendar_2014_test,18.600175857543945,16.0,0.973591148853302,0.0,2.2287564277648926,2.6001758575439453
30294,0,calendar_2014_test,14.300705909729004,6.0,0.9769168496131897,0.0,1.9480843544006348,8.300705909729004
30295,0,calendar_2014_test,11.130719184875488,12.0,0.9722322225570679,0.0,2.343440055847168,0.8692808151245117
30296,0,calendar_2014_test,14.59567928314209,20.0,0.9732341170310974,0.0,2.258890151977539,5.40432071685791
30297,0,calendar_2014_test,19.150449752807617,26.0,0.9696202874183655,0.0,2.563873052597046,6.849550247192383
30298,0,calendar_2014_test,22.45046615600586,16.0,0.9733768105506897,0.0,2.2468461990356445,6.450466156005859
30299,0,calendar_2014_test,17.02216339111328,16.0,0.9713250398635864,0.0,2.4200026988983154,1.0221633911132812
30300,0,calendar_2014_test,21.080425262451172,16.0,0.9675278663635254,0.0,2.740464925765991,5.080425262451172
30301,0,calendar_2014_test,20.63620948791504,12.0,0.971278190612793,0.0,2.4239580631256104,8.636209487915039
30302,0,calendar_2014_test,17.98320770263672,17.0,0.974177360534668,0.0,2.1792845726013184,0.9832077026367188
30303,0,calendar_2014_test,20.41972541809082,17.0,0.9737656116485596,0.0,2.214033603668213,3.4197254180908203
30304,0,calendar_2014_test,23.50695037841797,25.0,0.9632917046546936,0.0,3.097970724105835,1.4930496215820312
30305,0,calendar_2014_test,28.763465881347656,39.0,0.9607669115066528,0.0,3.311051368713379,10.236534118652344
30306,0,calendar_2014_test,50.28091812133789,54.0,0.9327521920204163,0.0,5.675332069396973,3.7190818786621094
30307,0,calendar_2014_test,72.40670013427734,123.0,0.9011922478675842,0.0,8.338813781738281,50.593299865722656
30308,0,calendar_2014_test,135.1941375732422,142.0,0.8558334112167358,0.0,12.166840553283691,6.8058624267578125
30309,0,calendar_2014_test,146.8488311767578,157.0,0.8264821767807007,0.0,14.643919944763184,10.151168823242188
30310,0,calendar_2014_test,151.94686889648438,190.0,0.7443175315856934,0.0,21.578144073486328,38.053131103515625
30311,0,calendar_2014_test,184.77650451660156,137.0,0.7501547932624817,0.0,21.08551597595215,47.77650451660156
30312,0,calendar_2014_test,108.95870208740234,469.0,0.8505771160125732,0.0,12.610445022583008,360.04129791259766
30313,0,calendar_2014_test,434.9815979003906,344.0,0.4542296528816223,0.0,46.05991744995117,90.98159790039062
30314,0,calendar_2014_test,266.93304443359375,281.0,0.6071368455886841,0.0,33.15541458129883,14.06695556640625
30315,0,calendar_2014_test,244.53431701660156,209.0,0.7132353782653809,0.0,24.20130729675293,35.53431701660156
30316,0,calendar_2014_test,176.75230407714844,150.0,0.7834343910217285,0.0,18.276906967163086,26.752304077148438
30317,0,calendar_2014_test,123.01526641845703,138.0,0.8231368064880371,0.0,14.926251411437988,14.984733581542969
30318,0,calendar_2014_test,128.04135131835938,133.0,0.849278450012207,0.0,12.72004508972168,4.958648681640625
30319,0,calendar_2014_test,125.09219360351562,130.0,0.8306186199188232,0.0,14.294828414916992,4.907806396484375
30320,0,calendar_2014_test,126.47422790527344,143.0,0.897003173828125,0.0,8.69234561920166,16.525772094726562
30321,0,calendar_2014_test,144.55691528320312,103.0,0.8083215951919556,0.0,16.176570892333984,41.556915283203125
30322,0,calendar_2014_test,87.94487762451172,81.0,0.8705758452415466,0.0,10.922662734985352,6.944877624511719
30323,0,calendar_2014_test,89.0848159790039,70.0,0.8745899200439453,0.0,10.58389949798584,19.084815979003906
30324,0,calendar_2014_test,78.49181365966797,81.0,0.9086685180664062,0.0,7.707859516143799,2.5081863403320312
30325,0,calendar_2014_test,95.70864868164062,117.0,0.8843188285827637,0.0,9.762831687927246,21.291351318359375
30326,0,calendar_2014_test,136.73623657226562,130.0,0.8596121668815613,0.0,11.847936630249023,6.736236572265625
30327,0,calendar_2014_test,142.15670776367188,146.0,0.8113127946853638,0.0,15.924128532409668,3.843292236328125
30328,0,calendar_2014_test,157.38424682617188,144.0,0.7974176406860352,0.0,17.0968017578125,13.384246826171875
30329,0,calendar_2014_test,156.55380249023438,147.0,0.7969135046005249,0.0,17.139345169067383,9.553802490234375
30330,0,calendar_2014_test,153.1348419189453,140.0,0.8076069951057434,0.0,16.23687744140625,13.134841918945312
30331,0,calendar_2014_test,152.9774932861328,148.0,0.8646054267883301,0.0,11.426534652709961,4.9774932861328125
30332,0,calendar_2014_test,158.90162658691406,155.0,0.7709598541259766,0.0,19.329687118530273,3.9016265869140625
30333,0,calendar_2014_test,163.85263061523438,167.0,0.8360981941223145,0.0,13.832378387451172,3.147369384765625
30334,0,calendar_2014_test,166.85508728027344,180.0,0.8362510204315186,0.0,13.819485664367676,13.144912719726562
30335,0,calendar_2014_test,188.25758361816406,183.0,0.7760871648788452,0.0,18.89697265625,5.2575836181640625
30336,0,calendar_2014_test,189.62872314453125,181.0,0.7195850610733032,0.0,23.665424346923828,8.62872314453125
30337,0,calendar_2014_test,168.8179473876953,172.0,0.7568163871765137,0.0,20.5233154296875,3.1820526123046875
30338,0,calendar_2014_test,164.88616943359375,167.0,0.8032954931259155,0.0,16.600740432739258,2.11383056640625
30339,0,calendar_2014_test,158.06336975097656,171.0,0.8229994773864746,0.0,14.937836647033691,12.936630249023438
30340,0,calendar_2014_test,161.55624389648438,179.0,0.7814628481864929,0.0,18.443294525146484,17.443756103515625
30341,0,calendar_2014_test,161.77499389648438,175.0,0.8061917424201965,0.0,16.3563175201416,13.225006103515625
30342,0,calendar_2014_test,155.43698120117188,190.0,0.805094301700592,0.0,16.448932647705078,34.563018798828125
30343,0,calendar_2014_test,172.8870391845703,189.0,0.7946954369544983,0.0,17.326539993286133,16.112960815429688
30344,0,calendar_2014_test,167.92437744140625,187.0,0.7922376394271851,0.0,17.533964157104492,19.07562255859375
30345,0,calendar_2014_test,173.21365356445312,178.0,0.7541682720184326,0.0,20.74679946899414,4.786346435546875
30346,0,calendar_2014_test,172.61761474609375,184.0,0.7605521082878113,0.0,20.20804214477539,11.38238525390625
30347,0,calendar_2014_test,192.53118896484375,152.0,0.7620157599449158,0.0,20.084516525268555,40.53118896484375
30348,0,calendar_2014_test,148.11669921875,124.0,0.814370334148407,0.0,15.666088104248047,24.11669921875
30349,0,calendar_2014_test,126.03118133544922,163.0,0.8693159818649292,0.0,11.0289888381958,36.96881866455078
30350,0,calendar_2014_test,175.16683959960938,143.0,0.8095941543579102,0.0,16.06917381286621,32.166839599609375
30351,0,calendar_2014_test,143.83995056152344,127.0,0.7912137508392334,0.0,17.620372772216797,16.839950561523438
30352,0,calendar_2014_test,129.03533935546875,109.0,0.8218610286712646,0.0,15.033914566040039,20.03533935546875
30353,0,calendar_2014_test,110.34024047851562,120.0,0.8364623785018921,0.0,13.801644325256348,9.659759521484375
30354,0,calendar_2014_test,131.67156982421875,135.0,0.8345528244972229,0.0,13.962800025939941,3.32843017578125
30355,0,calendar_2014_test,137.05860900878906,118.0,0.8218016028404236,0.0,15.038930892944336,19.058609008789062
30356,0,calendar_2014_test,121.63838958740234,132.0,0.8397996425628662,0.0,13.520002365112305,10.361610412597656
30357,0,calendar_2014_test,137.87742614746094,141.0,0.8543401956558228,0.0,12.29286003112793,3.1225738525390625
30358,0,calendar_2014_test,145.92074584960938,144.0,0.8275559544563293,0.0,14.553298950195312,1.920745849609375
30359,0,calendar_2014_test,152.12808227539062,141.0,0.820724368095398,0.0,15.129847526550293,11.128082275390625
30360,0,calendar_2014_test,141.54405212402344,144.0,0.7983486652374268,0.0,17.018224716186523,2.4559478759765625
30361,0,calendar_2014_test,148.61898803710938,159.0,0.8062348365783691,0.0,16.352678298950195,10.381011962890625
30362,0,calendar_2014_test,167.87002563476562,163.0,0.799664318561554,0.0,16.90719223022461,4.870025634765625
30363,0,calendar_2014_test,161.90957641601562,174.0,0.781334400177002,0.0,18.45413589477539,12.090423583984375
30364,0,calendar_2014_test,180.95372009277344,164.0,0.7224146723747253,0.0,23.426624298095703,16.953720092773438
30365,0,calendar_2014_test,161.78160095214844,171.0,0.8173815608024597,0.0,15.411959648132324,9.218399047851562
30366,0,calendar_2014_test,171.90028381347656,162.0,0.7856069207191467,0.0,18.093557357788086,9.900283813476562
30367,0,calendar_2014_test,147.80838012695312,152.0,0.799142599105835,0.0,16.951223373413086,4.191619873046875
30368,0,calendar_2014_test,121.71976470947266,141.0,0.8728587627410889,0.0,10.729999542236328,19.280235290527344
30369,0,calendar_2014_test,90.37804412841797,66.0,0.8467590808868408,0.0,12.93266487121582,24.37804412841797
30370,0,calendar_2014_test,28.01437759399414,22.0,0.9179381132125854,0.0,6.925555229187012,6.014377593994141
30371,0,calendar_2014_test,22.845977783203125,15.0,0.9728513956069946,0.0,2.2911860942840576,7.845977783203125
30372,0,calendar_2014_test,18.495643615722656,13.0,0.9715280532836914,0.0,2.4028704166412354,5.495643615722656
30373,0,calendar_2014_test,16.32862663269043,13.0,0.9790030717849731,0.0,1.772020936012268,3.3286266326904297
30374,0,calendar_2014_test,18.153553009033203,12.0,0.9768268465995789,0.0,1.9556821584701538,6.153553009033203
30375,0,calendar_2014_test,15.757903099060059,13.0,0.9670060873031616,0.0,2.784501314163208,2.7579030990600586
30376,0,calendar_2014_test,17.283870697021484,10.0,0.9761882424354553,0.0,2.0095772743225098,7.283870697021484
30377,0,calendar_2014_test,15.159364700317383,9.0,0.971479594707489,0.0,2.4069595336914062,6.159364700317383
30378,0,calendar_2014_test,15.840279579162598,8.0,0.9802598357200623,0.0,1.6659554243087769,7.840279579162598
30379,0,calendar_2014_test,14.07435417175293,9.0,0.9745014309883118,0.0,2.151933193206787,5.07435417175293
30380,0,calendar_2014_test,12.782177925109863,7.0,0.9737924337387085,0.0,2.2117700576782227,5.782177925109863
30381,0,calendar_2014_test,12.674412727355957,9.0,0.9794055819511414,0.0,1.7380496263504028,3.674412727355957
30382,0,calendar_2014_test,13.438039779663086,8.0,0.9705321788787842,0.0,2.4869189262390137,5.438039779663086
30383,0,calendar_2014_test,10.572463035583496,10.0,0.9799946546554565,0.0,1.6883399486541748,0.5724630355834961
30384,0,calendar_2014_test,10.16899299621582,8.0,0.9791569709777832,0.0,1.7590351104736328,2.1689929962158203
30385,0,calendar_2014_test,9.43779468536377,10.0,0.9757533669471741,0.0,2.046278238296509,0.5622053146362305
30386,0,calendar_2014_test,9.801470756530762,9.0,0.9641513228416443,0.0,3.025423526763916,0.8014707565307617
30387,0,calendar_2014_test,12.738303184509277,6.0,0.9719328284263611,0.0,2.368711233139038,6.738303184509277
30388,0,calendar_2014_test,12.606167793273926,6.0,0.9786539673805237,0.0,1.8014845848083496,6.606167793273926
30389,0,calendar_2014_test,10.74764347076416,7.0,0.982428252696991,0.0,1.482954502105713,3.74764347076416
30390,0,calendar_2014_test,10.311423301696777,5.0,0.9778401851654053,0.0,1.870161771774292,5.311423301696777
30391,0,calendar_2014_test,10.525078773498535,6.0,0.9824370741844177,0.0,1.4822120666503906,4.525078773498535
30392,0,calendar_2014_test,10.64180850982666,6.0,0.9791556000709534,0.0,1.7591513395309448,4.64180850982666
30393,0,calendar_2014_test,10.481019020080566,4.0,0.9787214994430542,0.0,1.7957854270935059,6.481019020080566
30394,0,calendar_2014_test,10.657402992248535,4.0,0.9828338027000427,0.0,1.4487314224243164,6.657402992248535
30395,0,calendar_2014_test,11.015778541564941,6.0,0.9815095663070679,0.0,1.5604865550994873,5.015778541564941
30396,0,calendar_2014_test,11.679537773132324,6.0,0.9733023047447205,0.0,2.253136157989502,5.679537773132324
30397,0,calendar_2014_test,11.983275413513184,6.0,0.97428297996521,0.0,2.1703693866729736,5.983275413513184
30398,0,calendar_2014_test,12.566130638122559,4.0,0.9811468720436096,0.0,1.5910977125167847,8.566130638122559
30399,0,calendar_2014_test,11.676756858825684,6.0,0.9814181923866272,0.0,1.5681984424591064,5.676756858825684
30400,0,calendar_2014_test,12.050683975219727,6.0,0.9791128635406494,0.0,1.7627551555633545,6.050683975219727
30401,0,calendar_2014_test,11.560185432434082,6.0,0.9777016639709473,0.0,1.8818541765213013,5.560185432434082
30402,0,calendar_2014_test,10.820727348327637,6.0,0.9805058836936951,0.0,1.645194411277771,4.820727348327637
30403,0,calendar_2014_test,11.048197746276855,11.0,0.9772852659225464,0.0,1.9169949293136597,0.04819774627685547
30404,0,calendar_2014_test,13.112435340881348,11.0,0.9710454344749451,0.0,2.443601369857788,2.1124353408813477
30405,0,calendar_2014_test,12.383899688720703,13.0,0.9702675342559814,0.0,2.509249448776245,0.6161003112792969
30406,0,calendar_2014_test,15.426283836364746,16.0,0.9765773415565491,0.0,1.976741075515747,0.5737161636352539
30407,0,calendar_2014_test,17.30145263671875,3.0,0.9714897871017456,0.0,2.406099319458008,14.30145263671875
30408,0,calendar_2014_test,8.542786598205566,7.0,0.977886974811554,0.0,1.8662159442901611,1.5427865982055664
30409,0,calendar_2014_test,9.90036392211914,6.0,0.9801732897758484,0.0,1.6732614040374756,3.9003639221191406
30410,0,calendar_2014_test,9.143678665161133,6.0,0.978212833404541,0.0,1.8387147188186646,3.143678665161133
30411,0,calendar_2014_test,9.03968334197998,6.0,0.9811618328094482,0.0,1.5898337364196777,3.0396833419799805
30412,0,calendar_2014_test,9.754449844360352,6.0,0.9827833771705627,0.0,1.4529856443405151,3.7544498443603516
30413,0,calendar_2014_test,9.56801700592041,7.0,0.9832795858383179,0.0,1.4111098051071167,2.56801700592041
30414,0,calendar_2014_test,10.600077629089355,10.0,0.9824888110160828,0.0,1.4778443574905396,0.6000776290893555
30415,0,calendar_2014_test,12.8898286819458,10.0,0.9799086451530457,0.0,1.6955969333648682,2.889828681945801
30416,0,calendar_2014_test,12.860696792602539,9.0,0.9816752076148987,0.0,1.5465067625045776,3.860696792602539
30417,0,calendar_2014_test,12.7341947555542,12.0,0.9818446636199951,0.0,1.532205581665039,0.7341947555541992
30418,0,calendar_2014_test,14.119635581970215,12.0,0.9709045886993408,0.0,2.455486536026001,2.119635581970215
30419,0,calendar_2014_test,13.725020408630371,11.0,0.9817309379577637,0.0,1.5418037176132202,2.725020408630371
30420,0,calendar_2014_test,14.573573112487793,10.0,0.9790526628494263,0.0,1.7678356170654297,4.573573112487793
30421,0,calendar_2014_test,13.444517135620117,6.0,0.9756676554679871,0.0,2.053511142730713,7.444517135620117
30422,0,calendar_2014_test,11.762465476989746,8.0,0.9815846681594849,0.0,1.5541491508483887,3.762465476989746
30423,0,calendar_2014_test,13.376811981201172,7.0,0.9708913564682007,0.0,2.456601619720459,6.376811981201172
30424,0,calendar_2014_test,15.121545791625977,18.0,0.9710843563079834,0.0,2.4403152465820312,2.8784542083740234
30425,0,calendar_2014_test,18.54121971130371,17.0,0.9644497036933899,0.0,3.0002434253692627,1.541219711303711
30426,0,calendar_2014_test,25.66538429260254,50.0,0.9683691263198853,0.0,2.669466257095337,24.33461570739746
30427,0,calendar_2014_test,55.89252471923828,71.0,0.9355489015579224,0.0,5.4393086433410645,15.107475280761719
30428,0,calendar_2014_test,78.58566284179688,91.0,0.9074668884277344,0.0,7.809267997741699,12.414337158203125
30429,0,calendar_2014_test,95.17399597167969,109.0,0.913874626159668,0.0,7.268493175506592,13.826004028320312
30430,0,calendar_2014_test,111.66069793701172,126.0,0.8498668074607849,0.0,12.670389175415039,14.339302062988281
30431,0,calendar_2014_test,129.42088317871094,104.0,0.8373162150382996,0.0,13.729586601257324,25.420883178710938
30432,0,calendar_2014_test,93.33094787597656,80.0,0.8908133506774902,0.0,9.214730262756348,13.330947875976562
30433,0,calendar_2014_test,71.42264556884766,69.0,0.9264417886734009,0.0,6.207894325256348,2.4226455688476562
30434,0,calendar_2014_test,66.79605865478516,62.0,0.9024994373321533,0.0,8.228492736816406,4.796058654785156
30435,0,calendar_2014_test,54.505126953125,73.0,0.9290981888771057,0.0,5.983707904815674,18.494873046875
30436,0,calendar_2014_test,70.73416900634766,115.0,0.919249415397644,0.0,6.814888954162598,44.265830993652344
30437,0,calendar_2014_test,116.6612319946289,155.0,0.897100031375885,0.0,8.684170722961426,38.338768005371094
30438,0,calendar_2014_test,162.23138427734375,148.0,0.810987651348114,0.0,15.951568603515625,14.23138427734375
30439,0,calendar_2014_test,136.6526336669922,114.0,0.8234719634056091,0.0,14.897964477539062,22.652633666992188
30440,0,calendar_2014_test,101.11567687988281,94.0,0.8712655901908875,0.0,10.864453315734863,7.1156768798828125
30441,0,calendar_2014_test,87.91865539550781,117.0,0.9007753729820251,0.0,8.373994827270508,29.081344604492188
30442,0,calendar_2014_test,120.78072357177734,118.0,0.8283769488334656,0.0,14.484009742736816,2.7807235717773438
30443,0,calendar_2014_test,116.55701446533203,116.0,0.845905601978302,0.0,13.004691123962402,0.5570144653320312
30444,0,calendar_2014_test,114.85215759277344,96.0,0.8809212446212769,0.0,10.049572944641113,18.852157592773438
30445,0,calendar_2014_test,99.70710754394531,96.0,0.8852181434631348,0.0,9.68693733215332,3.7071075439453125
30446,0,calendar_2014_test,102.53659057617188,102.0,0.8890629410743713,0.0,9.362457275390625,0.536590576171875
30447,0,calendar_2014_test,104.08378601074219,99.0,0.830268144607544,0.0,14.32440185546875,5.0837860107421875
30448,0,calendar_2014_test,106.72445678710938,104.0,0.8807753920555115,0.0,10.061878204345703,2.724456787109375
30449,0,calendar_2014_test,108.59166717529297,101.0,0.8617004752159119,0.0,11.671693801879883,7.591667175292969
30450,0,calendar_2014_test,101.96434020996094,92.0,0.8468976616859436,0.0,12.920966148376465,9.964340209960938
30451,0,calendar_2014_test,90.40266418457031,76.0,0.9297128319740295,0.0,5.931838512420654,14.402664184570312
30452,0,calendar_2014_test,71.8825454711914,90.0,0.9051494598388672,0.0,8.00484561920166,18.117454528808594
30453,0,calendar_2014_test,96.80748748779297,111.0,0.893379807472229,0.0,8.998136520385742,14.192512512207031
30454,0,calendar_2014_test,122.4420394897461,125.0,0.8498875498771667,0.0,12.668638229370117,2.5579605102539062
30455,0,calendar_2014_test,129.89056396484375,139.0,0.8481446504592896,0.0,12.815729141235352,9.10943603515625
30456,0,calendar_2014_test,149.10423278808594,151.0,0.7886335849761963,0.0,17.83812141418457,1.8957672119140625
30457,0,calendar_2014_test,155.9984588623047,204.0,0.8073868751525879,0.0,16.255451202392578,48.00154113769531
30458,0,calendar_2014_test,209.48313903808594,203.0,0.7056732177734375,0.0,24.83950424194336,6.4831390380859375
30459,0,calendar_2014_test,195.02584838867188,200.0,0.7138068675994873,0.0,24.153076171875,4.974151611328125
30460,0,calendar_2014_test,191.4988555908203,187.0,0.806070864200592,0.0,16.36651611328125,4.4988555908203125
30461,0,calendar_2014_test,187.91062927246094,168.0,0.7541834712028503,0.0,20.745519638061523,19.910629272460938
30462,0,calendar_2014_test,157.9226531982422,158.0,0.7802736759185791,0.0,18.543655395507812,0.0773468017578125
30463,0,calendar_2014_test,156.60400390625,155.0,0.7515487670898438,0.0,20.967872619628906,1.60400390625
30464,0,calendar_2014_test,150.08871459960938,154.0,0.8202412128448486,0.0,15.170620918273926,3.911285400390625
30465,0,calendar_2014_test,141.36688232421875,146.0,0.8360797762870789,0.0,13.833934783935547,4.63311767578125
30466,0,calendar_2014_test,127.27732849121094,150.0,0.8389143347740173,0.0,13.59471321105957,22.722671508789062
30467,0,calendar_2014_test,138.4541473388672,136.0,0.8511113524436951,0.0,12.565354347229004,2.4541473388671875
30468,0,calendar_2014_test,131.35398864746094,130.0,0.8374402523040771,0.0,13.719117164611816,1.3539886474609375
30469,0,calendar_2014_test,123.91606140136719,122.0,0.8540281653404236,0.0,12.319191932678223,1.9160614013671875
30470,0,calendar_2014_test,115.47273254394531,125.0,0.8764587640762329,0.0,10.426179885864258,9.527267456054688
30471,0,calendar_2014_test,126.29008483886719,121.0,0.8411948680877686,0.0,13.402250289916992,5.2900848388671875
30472,0,calendar_2014_test,118.26223754882812,108.0,0.8572320938110352,0.0,12.048798561096191,10.262237548828125
30473,0,calendar_2014_test,107.67810821533203,102.0,0.8708713054656982,0.0,10.897727966308594,5.678108215332031
30474,0,calendar_2014_test,110.93627166748047,118.0,0.8755329251289368,0.0,10.504312515258789,7.063728332519531
30475,0,calendar_2014_test,129.22605895996094,130.0,0.8805029988288879,0.0,10.084867477416992,0.7739410400390625
30476,0,calendar_2014_test,146.95396423339844,155.0,0.8168882131576538,0.0,15.453591346740723,8.046035766601562
30477,0,calendar_2014_test,172.45486450195312,131.0,0.8269634246826172,0.0,14.603302001953125,41.454864501953125
30478,0,calendar_2014_test,127.05599975585938,93.0,0.8262648582458496,0.0,14.662256240844727,34.055999755859375
30479,0,calendar_2014_test,74.57921600341797,91.0,0.9205111861228943,0.0,6.708402156829834,16.42078399658203
30480,0,calendar_2014_test,88.38957214355469,86.0,0.8859862089157104,0.0,9.622115135192871,2.3895721435546875
30481,0,calendar_2014_test,84.12239837646484,101.0,0.8982741236686707,0.0,8.585087776184082,16.877601623535156
30482,0,calendar_2014_test,98.31377410888672,105.0,0.872546374797821,0.0,10.756360054016113,6.686225891113281
30483,0,calendar_2014_test,98.53406524658203,110.0,0.857964038848877,0.0,11.987025260925293,11.465934753417969
30484,0,calendar_2014_test,105.31974029541016,112.0,0.8782867193222046,0.0,10.2719087600708,6.680259704589844
30485,0,calendar_2014_test,108.54554748535156,119.0,0.8588940501213074,0.0,11.908541679382324,10.454452514648438
30486,0,calendar_2014_test,117.86229705810547,100.0,0.8292976021766663,0.0,14.406312942504883,17.86229705810547
30487,0,calendar_2014_test,90.26197052001953,105.0,0.8726003170013428,0.0,10.751809120178223,14.738029479980469
30488,0,calendar_2014_test,101.30394744873047,105.0,0.873314619064331,0.0,10.691529273986816,3.6960525512695312
30489,0,calendar_2014_test,97.31990814208984,112.0,0.8940279483795166,0.0,8.943439483642578,14.680091857910156
30490,0,calendar_2014_test,107.44961547851562,107.0,0.8690325021743774,0.0,11.052913665771484,0.449615478515625
30491,0,calendar_2014_test,104.72345733642578,94.0,0.8869330286979675,0.0,9.542208671569824,10.723457336425781
30492,0,calendar_2014_test,94.2614517211914,84.0,0.8642286062240601,0.0,11.458331108093262,10.261451721191406
30493,0,calendar_2014_test,79.32939147949219,89.0,0.9190981984138489,0.0,6.827650547027588,9.670608520507812
30494,0,calendar_2014_test,90.59065246582031,90.0,0.8955379724502563,0.0,8.81600284576416,0.5906524658203125
30495,0,calendar_2014_test,88.69251251220703,98.0,0.8916865587234497,0.0,9.14103889465332,9.307487487792969
30496,0,calendar_2014_test,100.37749481201172,100.0,0.8438752293586731,0.0,13.176044464111328,0.37749481201171875
30497,0,calendar_2014_test,98.47636413574219,109.0,0.8750776052474976,0.0,10.542742729187012,10.523635864257812
30498,0,calendar_2014_test,111.41075897216797,107.0,0.8547744750976562,0.0,12.256207466125488,4.410758972167969
30499,0,calendar_2014_test,100.43058013916016,107.0,0.8590735197067261,0.0,11.893391609191895,6.569419860839844
30500,0,calendar_2014_test,105.33086395263672,106.0,0.8451616168022156,0.0,13.067479133605957,0.6691360473632812
30501,0,calendar_2014_test,103.22987365722656,108.0,0.855781078338623,0.0,12.171257972717285,4.7701263427734375
30502,0,calendar_2014_test,104.90286254882812,109.0,0.8768569827079773,0.0,10.392570495605469,4.097137451171875
30503,0,calendar_2014_test,101.485595703125,106.0,0.8354660868644714,0.0,13.885726928710938,4.514404296875
30504,0,calendar_2014_test,100.90171813964844,95.0,0.820270299911499,0.0,15.16816520690918,5.9017181396484375
30505,0,calendar_2014_test,87.15542602539062,94.0,0.8572401404380798,0.0,12.048121452331543,6.844573974609375
30506,0,calendar_2014_test,87.50025939941406,88.0,0.8422757387161255,0.0,13.311033248901367,0.4997406005859375
30507,0,calendar_2014_test,75.95197296142578,115.0,0.8634247779846191,0.0,11.526175498962402,39.04802703857422
30508,0,calendar_2014_test,120.98291015625,133.0,0.8084317445755005,0.0,16.167274475097656,12.01708984375
30509,0,calendar_2014_test,136.39620971679688,132.0,0.8781665563583374,0.0,10.282049179077148,4.396209716796875
30510,0,calendar_2014_test,129.1357879638672,147.0,0.8515762686729431,0.0,12.526119232177734,17.864212036132812
30511,0,calendar_2014_test,145.2615203857422,147.0,0.7995795011520386,0.0,16.914350509643555,1.7384796142578125
30512,0,calendar_2014_test,147.31153869628906,146.0,0.8294215202331543,0.0,14.395853042602539,1.3115386962890625
30513,0,calendar_2014_test,145.36660766601562,79.0,0.7915040254592896,0.0,17.59587860107422,66.36660766601562
30514,0,calendar_2014_test,62.42817687988281,38.0,0.9207288026809692,0.0,6.690038204193115,24.428176879882812
30515,0,calendar_2014_test,27.944372177124023,20.0,0.9616061449050903,0.0,3.2402210235595703,7.944372177124023
30516,0,calendar_2014_test,22.932003021240234,14.0,0.9697580337524414,0.0,2.5522522926330566,8.932003021240234
30517,0,calendar_2014_test,17.680782318115234,10.0,0.975408673286438,0.0,2.0753700733184814,7.680782318115234
30518,0,calendar_2014_test,16.420522689819336,6.0,0.9718426465988159,0.0,2.3763186931610107,10.420522689819336
30519,0,calendar_2014_test,13.342672348022461,9.0,0.9731288552284241,0.0,2.267770767211914,4.342672348022461
30520,0,calendar_2014_test,12.739201545715332,7.0,0.970894455909729,0.0,2.4563441276550293,5.739201545715332
30521,0,calendar_2014_test,12.717777252197266,10.0,0.9792429208755493,0.0,1.7517818212509155,2.7177772521972656
30522,0,calendar_2014_test,12.687018394470215,8.0,0.9787300825119019,0.0,1.795058250427246,4.687018394470215
30523,0,calendar_2014_test,11.557116508483887,7.0,0.9685724973678589,0.0,2.65230131149292,4.557116508483887
30524,0,calendar_2014_test,10.399019241333008,14.0,0.9768992066383362,0.0,1.9495747089385986,3.600980758666992
30525,0,calendar_2014_test,13.753178596496582,10.0,0.9723937511444092,0.0,2.329810857772827,3.753178596496582
30526,0,calendar_2014_test,10.645858764648438,6.0,0.9754262566566467,0.0,2.073885202407837,4.6458587646484375
30527,0,calendar_2014_test,8.895098686218262,9.0,0.9823511242866516,0.0,1.489463448524475,0.10490131378173828
30528,0,calendar_2014_test,9.726059913635254,13.0,0.9742109775543213,0.0,2.1764461994171143,3.273940086364746
30529,0,calendar_2014_test,10.670432090759277,9.0,0.9772253036499023,0.0,1.9220572710037231,1.6704320907592773
30530,0,calendar_2014_test,9.404967308044434,10.0,0.9820320010185242,0.0,1.516395926475525,0.5950326919555664
30531,0,calendar_2014_test,10.201285362243652,9.0,0.9841843247413635,0.0,1.334755301475525,1.2012853622436523
30532,0,calendar_2014_test,11.060513496398926,10.0,0.9779373407363892,0.0,1.861964464187622,1.0605134963989258
30533,0,calendar_2014_test,11.49306583404541,10.0,0.9816575050354004,0.0,1.5480037927627563,1.4930658340454102
30534,0,calendar_2014_test,12.507251739501953,11.0,0.9858695864677429,0.0,1.1925251483917236,1.5072517395019531
30535,0,calendar_2014_test,14.185078620910645,12.0,0.9765349626541138,0.0,1.9803155660629272,2.1850786209106445
30536,0,calendar_2014_test,14.643085479736328,16.0,0.9782968163490295,0.0,1.8316237926483154,1.3569145202636719
30537,0,calendar_2014_test,16.286701202392578,12.0,0.9784817695617676,0.0,1.8160161972045898,4.286701202392578
30538,0,calendar_2014_test,14.52414321899414,17.0,0.9811397790908813,0.0,1.5916935205459595,2.4758567810058594
30539,0,calendar_2014_test,16.281557083129883,14.0,0.9727224111557007,0.0,2.3020710945129395,2.281557083129883
30540,0,calendar_2014_test,15.216368675231934,14.0,0.9753880500793457,0.0,2.0771090984344482,1.2163686752319336
30541,0,calendar_2014_test,15.032684326171875,12.0,0.975911557674408,0.0,2.032928943634033,3.032684326171875
30542,0,calendar_2014_test,13.333332061767578,14.0,0.979780912399292,0.0,1.706374168395996,0.6666679382324219
30543,0,calendar_2014_test,17.0732421875,10.0,0.9702525734901428,0.0,2.510511636734009,7.0732421875
30544,0,calendar_2014_test,14.07983112335205,11.0,0.9745892286300659,0.0,2.144524574279785,3.079831123352051
30545,0,calendar_2014_test,15.111635208129883,11.0,0.9827409982681274,0.0,1.4565603733062744,4.111635208129883
30546,0,calendar_2014_test,15.402225494384766,14.0,0.9834155440330505,0.0,1.3996334075927734,1.4022254943847656
30547,0,calendar_2014_test,16.53655242919922,15.0,0.9730435013771057,0.0,2.274972915649414,1.5365524291992188
30548,0,calendar_2014_test,16.454700469970703,26.0,0.9740402698516846,0.0,2.1908552646636963,9.545299530029297
30549,0,calendar_2014_test,26.275522232055664,24.0,0.9683552980422974,0.0,2.670630693435669,2.275522232055664
30550,0,calendar_2014_test,22.048585891723633,18.0,0.9665000438690186,0.0,2.8272078037261963,4.048585891723633
30551,0,calendar_2014_test,17.735980987548828,11.0,0.9763223528862,0.0,1.9982593059539795,6.735980987548828
30552,0,calendar_2014_test,11.51069450378418,12.0,0.9816840291023254,0.0,1.5457628965377808,0.4893054962158203
30553,0,calendar_2014_test,12.218135833740234,9.0,0.9726963043212891,0.0,2.3042778968811035,3.2181358337402344
30554,0,calendar_2014_test,10.531449317932129,9.0,0.9820746779441833,0.0,1.5127962827682495,1.531449317932129
30555,0,calendar_2014_test,10.45515251159668,13.0,0.9703221321105957,0.0,2.5046446323394775,2.5448474884033203
30556,0,calendar_2014_test,13.520354270935059,9.0,0.9797322750091553,0.0,1.7104791402816772,4.520354270935059
30557,0,calendar_2014_test,13.713042259216309,8.0,0.9681841731071472,0.0,2.685074806213379,5.713042259216309
30558,0,calendar_2014_test,14.146698951721191,7.0,0.9707954525947571,0.0,2.4646973609924316,7.146698951721191
30559,0,calendar_2014_test,14.036397933959961,13.0,0.9753358960151672,0.0,2.081512212753296,1.036397933959961
30560,0,calendar_2014_test,16.274118423461914,13.0,0.9747279286384583,0.0,2.132817268371582,3.274118423461914
30561,0,calendar_2014_test,16.231569290161133,22.0,0.9762384295463562,0.0,2.005343437194824,5.768430709838867
30562,0,calendar_2014_test,22.60783576965332,10.0,0.9709504842758179,0.0,2.451613426208496,12.60783576965332
30563,0,calendar_2014_test,14.720564842224121,18.0,0.9730589389801025,0.0,2.2736735343933105,3.279435157775879
30564,0,calendar_2014_test,24.336153030395508,20.0,0.964306116104126,0.0,3.0123589038848877,4.336153030395508
30565,0,calendar_2014_test,27.499401092529297,20.0,0.9701967835426331,0.0,2.5152196884155273,7.499401092529297
30566,0,calendar_2014_test,25.509227752685547,26.0,0.9609141945838928,0.0,3.298619031906128,0.4907722473144531
30567,0,calendar_2014_test,30.66041374206543,24.0,0.9648251533508301,0.0,2.9685587882995605,6.66041374206543
30568,0,calendar_2014_test,32.45549774169922,25.0,0.9703502058982849,0.0,2.502274990081787,7.455497741699219
30569,0,calendar_2014_test,31.42194175720215,34.0,0.9671212434768677,0.0,2.774778366088867,2.5780582427978516
30570,0,calendar_2014_test,41.96461868286133,42.0,0.9556930065155029,0.0,3.7392611503601074,0.035381317138671875
30571,0,calendar_2014_test,47.19797897338867,47.0,0.9423369765281677,0.0,4.866429328918457,0.19797897338867188
30572,0,calendar_2014_test,56.42974853515625,53.0,0.9464254975318909,0.0,4.521384239196777,3.42974853515625
30573,0,calendar_2014_test,59.52615737915039,64.0,0.9329230189323425,0.0,5.660913944244385,4.473842620849609
30574,0,calendar_2014_test,72.7370834350586,65.0,0.9324737787246704,0.0,5.69882869720459,7.737083435058594
30575,0,calendar_2014_test,69.41542053222656,66.0,0.9273150563240051,0.0,6.134195327758789,3.4154205322265625
30576,0,calendar_2014_test,72.49687957763672,76.0,0.930017352104187,0.0,5.906137943267822,3.5031204223632812
30577,0,calendar_2014_test,84.8826904296875,83.0,0.9015744924545288,0.0,8.306553840637207,1.8826904296875
30578,0,calendar_2014_test,88.61903381347656,120.0,0.9108052253723145,0.0,7.527529716491699,31.380966186523438
30579,0,calendar_2014_test,129.06971740722656,121.0,0.8164350390434265,0.0,15.491838455200195,8.069717407226562
30580,0,calendar_2014_test,117.5885009765625,111.0,0.8396048545837402,0.0,13.536436080932617,6.5885009765625
30581,0,calendar_2014_test,106.84375,112.0,0.8558035492897034,0.0,12.169360160827637,5.15625
30582,0,calendar_2014_test,109.255859375,100.0,0.878525972366333,0.0,10.251718521118164,9.255859375
30583,0,calendar_2014_test,96.19386291503906,84.0,0.8853679895401001,0.0,9.67429256439209,12.193862915039062
30584,0,calendar_2014_test,83.27471160888672,66.0,0.9107305407524109,0.0,7.533834934234619,17.27471160888672
30585,0,calendar_2014_test,62.66259002685547,64.0,0.9353196024894714,0.0,5.458655834197998,1.3374099731445312
30586,0,calendar_2014_test,69.15565490722656,73.0,0.9296295642852783,0.0,5.938864707946777,3.8443450927734375
30587,0,calendar_2014_test,82.18042755126953,90.0,0.8907097578048706,0.0,9.223474502563477,7.819572448730469
30588,0,calendar_2014_test,100.84827423095703,103.0,0.8863213658332825,0.0,9.593829154968262,2.1517257690429688
30589,0,calendar_2014_test,110.75450134277344,126.0,0.849798858165741,0.0,12.676121711730957,15.245498657226562
30590,0,calendar_2014_test,129.65628051757812,146.0,0.821843683719635,0.0,15.035380363464355,16.343719482421875
30591,0,calendar_2014_test,147.0225067138672,143.0,0.8012949228286743,0.0,16.769577026367188,4.0225067138671875
30592,0,calendar_2014_test,145.29940795898438,135.0,0.8287421464920044,0.0,14.453192710876465,10.299407958984375
30593,0,calendar_2014_test,134.13429260253906,188.0,0.8410693407058716,0.0,13.412846565246582,53.86570739746094
30594,0,calendar_2014_test,195.49234008789062,221.0,0.7207801342010498,0.0,23.564571380615234,25.507659912109375
30595,0,calendar_2014_test,223.1155242919922,203.0,0.5871134996414185,0.0,34.845272064208984,20.115524291992188
30596,0,calendar_2014_test,206.46156311035156,204.0,0.7261855006217957,0.0,23.108388900756836,2.4615631103515625
30597,0,calendar_2014_test,211.30824279785156,184.0,0.7346099615097046,0.0,22.397411346435547,27.308242797851562
30598,0,calendar_2014_test,185.84776306152344,177.0,0.7884498834609985,0.0,17.85363006591797,8.847763061523438
30599,0,calendar_2014_test,185.29367065429688,220.0,0.8122770190238953,0.0,15.842753410339355,34.706329345703125
30600,0,calendar_2014_test,229.92115783691406,268.0,0.7128893136978149,0.0,24.23050880432129,38.07884216308594
30601,0,calendar_2014_test,265.6665954589844,255.0,0.709139883518219,0.0,24.54694175720215,10.666595458984375
30602,0,calendar_2014_test,235.72238159179688,241.0,0.6722145676612854,0.0,27.663227081298828,5.277618408203125
30603,0,calendar_2014_test,220.73306274414062,181.0,0.6706297993659973,0.0,27.796974182128906,39.733062744140625
30604,0,calendar_2014_test,145.580322265625,146.0,0.8397310376167297,0.0,13.525789260864258,0.419677734375
30605,0,calendar_2014_test,119.73776245117188,141.0,0.8486074209213257,0.0,12.776671409606934,21.262237548828125
30606,0,calendar_2014_test,137.99424743652344,136.0,0.8234927654266357,0.0,14.896204948425293,1.9942474365234375
30607,0,calendar_2014_test,125.87094116210938,124.0,0.8750478029251099,0.0,10.545255661010742,1.870941162109375
30608,0,calendar_2014_test,92.58653259277344,87.0,0.8504497408866882,0.0,12.62119197845459,5.5865325927734375
30609,0,calendar_2014_test,59.101646423339844,66.0,0.9369499683380127,0.0,5.3210649490356445,6.898353576660156
30610,0,calendar_2014_test,36.372806549072266,44.0,0.9234176874160767,0.0,6.463113307952881,7.627193450927734
30611,0,calendar_2014_test,26.859760284423828,36.0,0.9667232036590576,0.0,2.80837082862854,9.140239715576172
30612,0,calendar_2014_test,37.272132873535156,39.0,0.9506725668907166,0.0,4.162955284118652,1.7278671264648438
30613,0,calendar_2014_test,40.340938568115234,55.0,0.9438080787658691,0.0,4.742278099060059,14.659061431884766
30614,0,calendar_2014_test,52.976112365722656,114.0,0.931394100189209,0.0,5.789946556091309,61.023887634277344
30615,0,calendar_2014_test,119.15782928466797,100.0,0.8195917010307312,0.0,15.225436210632324,19.15782928466797
30616,0,calendar_2014_test,94.17293548583984,95.0,0.8986724615097046,0.0,8.551466941833496,0.8270645141601562
30617,0,calendar_2014_test,94.69237518310547,162.0,0.8834806084632874,0.0,9.833572387695312,67.30762481689453
30618,0,calendar_2014_test,170.7318878173828,237.0,0.7853038907051086,0.0,18.119131088256836,66.26811218261719
30619,0,calendar_2014_test,244.79966735839844,229.0,0.734695315361023,0.0,22.390209197998047,15.799667358398438
30620,0,calendar_2014_test,219.5206756591797,175.0,0.725456178188324,0.0,23.169939041137695,44.52067565917969
30621,0,calendar_2014_test,143.75018310546875,150.0,0.7999356389045715,0.0,16.884296417236328,6.24981689453125
30622,0,calendar_2014_test,144.7884063720703,145.0,0.8348841071128845,0.0,13.934843063354492,0.2115936279296875
30623,0,calendar_2014_test,138.35597229003906,268.0,0.8622125387191772,0.0,11.628480911254883,129.64402770996094
30624,0,calendar_2014_test,258.0856628417969,237.0,0.6420498490333557,0.0,30.208959579467773,21.085662841796875
30625,0,calendar_2014_test,194.64772033691406,208.0,0.7397472262382507,0.0,21.963855743408203,13.352279663085938
30626,0,calendar_2014_test,182.05084228515625,193.0,0.7476734519004822,0.0,21.2949275970459,10.94915771484375
30627,0,calendar_2014_test,171.12722778320312,175.0,0.8205603957176208,0.0,15.143683433532715,3.872772216796875
30628,0,calendar_2014_test,157.77108764648438,160.0,0.8015357255935669,0.0,16.749256134033203,2.228912353515625
30629,0,calendar_2014_test,137.9569854736328,176.0,0.8942229747772217,0.0,8.926977157592773,38.04301452636719
30630,0,calendar_2014_test,164.1265411376953,181.0,0.7975375652313232,0.0,17.086681365966797,16.873458862304688
30631,0,calendar_2014_test,165.06626892089844,185.0,0.7267308235168457,0.0,23.062366485595703,19.933731079101562
30632,0,calendar_2014_test,165.88677978515625,198.0,0.7404981851577759,0.0,21.900476455688477,32.11322021484375
30633,0,calendar_2014_test,179.4325408935547,205.0,0.7796066403388977,0.0,18.59994888305664,25.567459106445312
30634,0,calendar_2014_test,188.71359252929688,206.0,0.7534362077713013,0.0,20.808584213256836,17.286407470703125
30635,0,calendar_2014_test,183.9947967529297,214.0,0.7345044016838074,0.0,22.40631866455078,30.005203247070312
30636,0,calendar_2014_test,203.0283660888672,214.0,0.7349162101745605,0.0,22.371564865112305,10.971633911132812
30637,0,calendar_2014_test,199.73764038085938,204.0,0.7147603034973145,0.0,24.07261085510254,4.262359619140625
30638,0,calendar_2014_test,184.19241333007812,208.0,0.8067383766174316,0.0,16.310182571411133,23.807586669921875
30639,0,calendar_2014_test,196.20176696777344,200.0,0.7660080790519714,0.0,19.747587203979492,3.7982330322265625
30640,0,calendar_2014_test,183.01376342773438,197.0,0.7054095268249512,0.0,24.86176300048828,13.986236572265625
30641,0,calendar_2014_test,180.73336791992188,220.0,0.7944406867027283,0.0,17.348039627075195,39.266632080078125
30642,0,calendar_2014_test,240.52825927734375,236.0,0.6864700317382812,0.0,26.46014976501465,4.52825927734375
30643,0,calendar_2014_test,245.28277587890625,239.0,0.7564021944999695,0.0,20.558269500732422,6.28277587890625
30644,0,calendar_2014_test,236.0768585205078,250.0,0.7146686315536499,0.0,24.08034324645996,13.923141479492188
30645,0,calendar_2014_test,237.67042541503906,243.0,0.6402240991592407,0.0,30.3630428314209,5.3295745849609375
30646,0,calendar_2014_test,231.22250366210938,251.0,0.6495260000228882,0.0,29.578012466430664,19.777496337890625
30647,0,calendar_2014_test,237.18606567382812,263.0,0.7295588254928589,0.0,22.823698043823242,25.813934326171875
30648,0,calendar_2014_test,269.5895080566406,262.0,0.7115078568458557,0.0,24.347097396850586,7.589508056640625
30649,0,calendar_2014_test,258.1009521484375,261.0,0.6632022857666016,0.0,28.423812866210938,2.8990478515625
30650,0,calendar_2014_test,260.07354736328125,276.0,0.653692901134491,0.0,29.226350784301758,15.92645263671875
30651,0,calendar_2014_test,272.0962219238281,264.0,0.6661018133163452,0.0,28.179113388061523,8.096221923828125
30652,0,calendar_2014_test,255.10400390625,259.0,0.6535832285881042,0.0,29.235607147216797,3.89599609375
30653,0,calendar_2014_test,254.22933959960938,250.0,0.697796106338501,0.0,25.504287719726562,4.229339599609375
30654,0,calendar_2014_test,259.8979187011719,235.0,0.7035455703735352,0.0,25.019071578979492,24.897918701171875
30655,0,calendar_2014_test,246.42092895507812,222.0,0.7084852457046509,0.0,24.60218620300293,24.420928955078125
30656,0,calendar_2014_test,222.10569763183594,206.0,0.7361944317817688,0.0,22.263690948486328,16.105697631835938
30657,0,calendar_2014_test,211.16867065429688,205.0,0.7578902244567871,0.0,20.432689666748047,6.168670654296875
30658,0,calendar_2014_test,208.39834594726562,196.0,0.7433753609657288,0.0,21.65766143798828,12.398345947265625
30659,0,calendar_2014_test,194.8987274169922,218.0,0.7810162305831909,0.0,18.48098373413086,23.101272583007812
30660,0,calendar_2014_test,227.52745056152344,234.0,0.7349059581756592,0.0,22.372432708740234,6.4725494384765625
30661,0,calendar_2014_test,236.7674102783203,264.0,0.6889215707778931,0.0,26.253250122070312,27.232589721679688
30662,0,calendar_2014_test,272.3992919921875,272.0,0.6570508480072021,0.0,28.942956924438477,0.3992919921875
30663,0,calendar_2014_test,282.2467041015625,307.0,0.6992107033729553,0.0,25.38490867614746,24.7532958984375
30664,0,calendar_2014_test,310.2604064941406,323.0,0.5702982544898987,0.0,36.26438522338867,12.739593505859375
30665,0,calendar_2014_test,336.0442810058594,311.0,0.6393468379974365,0.0,30.43707847595215,25.044281005859375
30666,0,calendar_2014_test,307.0171203613281,327.0,0.5838816165924072,0.0,35.11802673339844,19.982879638671875
30667,0,calendar_2014_test,351.46484375,362.0,0.550855278968811,0.0,37.9052619934082,10.53515625
30668,0,calendar_2014_test,358.2651062011719,487.0,0.4678689241409302,0.0,44.90884017944336,128.73489379882812
30669,0,calendar_2014_test,484.0157775878906,436.0,0.3119528889656067,0.0,58.067264556884766,48.015777587890625
30670,0,calendar_2014_test,432.1634216308594,436.0,0.37213313579559326,0.0,52.98839569091797,3.836578369140625
30671,0,calendar_2014_test,431.8566589355469,579.0,0.3433809280395508,0.0,55.414920806884766,147.14334106445312
30672,0,calendar_2014_test,577.5415649414062,649.0,0.15428632497787476,0.0,71.37342834472656,71.45843505859375
30673,0,calendar_2014_test,644.9733276367188,457.0,0.12197935581207275,0.0,74.0999526977539,187.97332763671875
30674,0,calendar_2014_test,367.3761291503906,466.0,0.5160514116287231,0.0,40.84251403808594,98.62387084960938
30675,0,calendar_2014_test,444.19744873046875,408.0,0.42873144149780273,0.0,48.21181869506836,36.19744873046875
30676,0,calendar_2014_test,377.0458068847656,344.0,0.46197080612182617,0.0,45.4066047668457,33.045806884765625
30677,0,calendar_2014_test,305.0352478027344,322.0,0.5012528896331787,0.0,42.09142303466797,16.964752197265625
30678,0,calendar_2014_test,287.1317443847656,287.0,0.7448364496231079,0.0,21.534353256225586,0.131744384765625
30679,0,calendar_2014_test,276.5085144042969,319.0,0.6877574920654297,0.0,26.35149574279785,42.491485595703125
30680,0,calendar_2014_test,335.71087646484375,282.0,0.5396460294723511,0.0,38.851261138916016,53.71087646484375
30681,0,calendar_2014_test,285.0917663574219,277.0,0.5583043098449707,0.0,37.276607513427734,8.091766357421875
30682,0,calendar_2014_test,280.0003356933594,277.0,0.5902506113052368,0.0,34.58051681518555,3.000335693359375
30683,0,calendar_2014_test,278.4932556152344,279.0,0.6381268501281738,0.0,30.540040969848633,0.506744384765625
30684,0,calendar_2014_test,278.6228942871094,327.0,0.5511159896850586,0.0,37.883262634277344,48.377105712890625
30685,0,calendar_2014_test,338.5573425292969,348.0,0.4847996234893799,0.0,43.479984283447266,9.442657470703125
30686,0,calendar_2014_test,341.0892333984375,418.0,0.5272631645202637,0.0,39.896305084228516,76.9107666015625
30687,0,calendar_2014_test,419.6422119140625,423.0,0.5376675128936768,0.0,39.01823425292969,3.3577880859375
30688,0,calendar_2014_test,430.8530578613281,366.0,0.372265100479126,0.0,52.97726058959961,64.85305786132812
30689,0,calendar_2014_test,338.0311584472656,338.0,0.4459969997406006,0.0,46.754703521728516,0.031158447265625
30690,0,calendar_2014_test,348.13385009765625,347.0,0.5203949213027954,0.0,40.4759407043457,1.13385009765625
30691,0,calendar_2014_test,350.65704345703125,336.0,0.5362488031387329,0.0,39.137962341308594,14.65704345703125
30692,0,calendar_2014_test,336.1594543457031,351.0,0.5304679274559021,0.0,39.62583923339844,14.840545654296875
30693,0,calendar_2014_test,355.39764404296875,353.0,0.5212258100509644,0.0,40.405818939208984,2.39764404296875
30694,0,calendar_2014_test,336.15997314453125,375.0,0.5782934427261353,0.0,35.58963394165039,38.84002685546875
30695,0,calendar_2014_test,384.6225891113281,382.0,0.42085111141204834,0.0,48.87687301635742,2.622589111328125
30696,0,calendar_2014_test,353.2228088378906,393.0,0.4867543578147888,0.0,43.31501770019531,39.777191162109375
30697,0,calendar_2014_test,396.3937072753906,388.0,0.44285517930984497,0.0,47.01985549926758,8.393707275390625
30698,0,calendar_2014_test,374.5815734863281,376.0,0.37314867973327637,0.0,52.902687072753906,1.418426513671875
30699,0,calendar_2014_test,361.0616455078125,382.0,0.5180380344390869,0.0,40.67485427856445,20.9383544921875
30700,0,calendar_2014_test,370.6992492675781,362.0,0.5061659812927246,0.0,41.676788330078125,8.699249267578125
30701,0,calendar_2014_test,326.08233642578125,345.0,0.573337197303772,0.0,36.00791931152344,18.91766357421875
30702,0,calendar_2014_test,325.9869384765625,328.0,0.5373742580413818,0.0,39.04298400878906,2.0130615234375
30703,0,calendar_2014_test,309.2945861816406,323.0,0.6088429689407349,0.0,33.01142883300781,13.705413818359375
30704,0,calendar_2014_test,305.06964111328125,297.0,0.6283221244812012,0.0,31.367502212524414,8.06964111328125
30705,0,calendar_2014_test,202.5429229736328,280.0,0.7547711133956909,0.0,20.6959228515625,77.45707702636719
30706,0,calendar_2014_test,261.96112060546875,267.0,0.6983438730239868,0.0,25.45806121826172,5.03887939453125
30707,0,calendar_2014_test,231.0792999267578,259.0,0.7575311064720154,0.0,20.462995529174805,27.920700073242188
30708,0,calendar_2014_test,234.33433532714844,177.0,0.6821197271347046,0.0,26.827285766601562,57.33433532714844
30709,0,calendar_2014_test,122.4749755859375,161.0,0.8215630054473877,0.0,15.059070587158203,38.5250244140625
30710,0,calendar_2014_test,149.02951049804688,120.0,0.8174880146980286,0.0,15.402973175048828,29.029510498046875
30711,0,calendar_2014_test,117.54044342041016,185.0,0.8619381785392761,0.0,11.651631355285645,67.45955657958984
30712,0,calendar_2014_test,197.3737335205078,211.0,0.7926824688911438,0.0,17.496421813964844,13.626266479492188
30713,0,calendar_2014_test,224.89251708984375,169.0,0.6826186180114746,0.0,26.785188674926758,55.89251708984375
30714,0,calendar_2014_test,151.8431854248047,242.0,0.7927947044372559,0.0,17.486948013305664,90.15681457519531
30715,0,calendar_2014_test,256.87969970703125,247.0,0.5994421243667603,0.0,33.8048095703125,9.87969970703125
30716,0,calendar_2014_test,244.32644653320312,238.0,0.6557334661483765,0.0,29.05413818359375,6.326446533203125
30717,0,calendar_2014_test,237.14376831054688,225.0,0.6940323114395142,0.0,25.821935653686523,12.143768310546875
30718,0,calendar_2014_test,221.26625061035156,216.0,0.7437525987625122,0.0,21.62582778930664,5.2662506103515625
30719,0,calendar_2014_test,220.0110626220703,165.0,0.6588859558105469,0.0,28.788089752197266,55.01106262207031
30720,0,calendar_2014_test,137.84359741210938,142.0,0.8308287262916565,0.0,14.277092933654785,4.156402587890625
30721,0,calendar_2014_test,140.7476348876953,136.0,0.815982460975647,0.0,15.530035972595215,4.7476348876953125
30722,0,calendar_2014_test,134.26515197753906,117.0,0.8012257814407349,0.0,16.77541732788086,17.265151977539062
30723,0,calendar_2014_test,114.41194915771484,119.0,0.8636395931243896,0.0,11.508044242858887,4.588050842285156
30724,0,calendar_2014_test,115.37681579589844,52.0,0.8490115404129028,0.0,12.742569923400879,63.37681579589844
30725,0,calendar_2014_test,44.79693603515625,46.0,0.9431225061416626,0.0,4.800135612487793,1.20306396484375
30726,0,calendar_2014_test,39.6121826171875,53.0,0.9522771835327148,0.0,4.027536392211914,13.3878173828125
30727,0,calendar_2014_test,61.597999572753906,67.0,0.925700306892395,0.0,6.270474433898926,5.402000427246094
30728,0,calendar_2014_test,66.13814544677734,70.0,0.929467499256134,0.0,5.95254373550415,3.8618545532226562
30729,0,calendar_2014_test,55.123207092285156,61.0,0.9215754270553589,0.0,6.618589878082275,5.876792907714844
30730,0,calendar_2014_test,54.28324508666992,78.0,0.9431453943252563,0.0,4.798203945159912,23.716754913330078
30731,0,calendar_2014_test,75.00211334228516,88.0,0.9241633415222168,0.0,6.400180816650391,12.997886657714844
30732,0,calendar_2014_test,80.78959655761719,75.0,0.9106142520904541,0.0,7.543646812438965,5.7895965576171875
30733,0,calendar_2014_test,65.55215454101562,73.0,0.9237815141677856,0.0,6.432407855987549,7.447845458984375
30734,0,calendar_2014_test,66.18275451660156,79.0,0.9170625805854797,0.0,6.999448776245117,12.817245483398438
30735,0,calendar_2014_test,74.27335357666016,67.0,0.91249680519104,0.0,7.384770393371582,7.273353576660156
30736,0,calendar_2014_test,60.82795715332031,73.0,0.9385536909103394,0.0,5.185719966888428,12.172042846679688
30737,0,calendar_2014_test,74.53397369384766,71.0,0.9234487414360046,0.0,6.460493087768555,3.5339736938476562
30738,0,calendar_2014_test,69.49675750732422,66.0,0.9164842963218689,0.0,7.048252582550049,3.4967575073242188
30739,0,calendar_2014_test,68.78253936767578,66.0,0.923236608505249,0.0,6.478391647338867,2.7825393676757812
30740,0,calendar_2014_test,65.50525665283203,75.0,0.9446293115615845,0.0,4.672971248626709,9.494743347167969
30741,0,calendar_2014_test,70.55903625488281,59.0,0.9133315086364746,0.0,7.314329147338867,11.559036254882812
30742,0,calendar_2014_test,55.77662658691406,41.0,0.9274622797966003,0.0,6.121771335601807,14.776626586914062
30743,0,calendar_2014_test,37.86384963989258,45.0,0.9634643793106079,0.0,3.0833961963653564,7.136150360107422
30744,0,calendar_2014_test,44.2912712097168,28.0,0.9518716931343079,0.0,4.0617547035217285,16.291271209716797
30745,0,calendar_2014_test,27.769153594970703,27.0,0.964881956577301,0.0,2.963763475418091,0.7691535949707031
30746,0,calendar_2014_test,25.728036880493164,27.0,0.9715725183486938,0.0,2.399115800857544,1.271963119506836
30747,0,calendar_2014_test,28.003963470458984,46.0,0.966844916343689,0.0,2.798103094100952,17.996036529541016
30748,0,calendar_2014_test,47.94151306152344,65.0,0.9372199177742004,0.0,5.29828405380249,17.058486938476562
30749,0,calendar_2014_test,68.47245788574219,60.0,0.9054743051528931,0.0,7.977428913116455,8.472457885742188
30750,0,calendar_2014_test,62.65715026855469,54.0,0.9230048656463623,0.0,6.497952461242676,8.657150268554688
30751,0,calendar_2014_test,58.057334899902344,63.0,0.9429407715797424,0.0,4.815474033355713,4.942665100097656
30752,0,calendar_2014_test,66.88567352294922,71.0,0.9258448481559753,0.0,6.258273601531982,4.114326477050781
30753,0,calendar_2014_test,73.72232055664062,69.0,0.936518132686615,0.0,5.357508659362793,4.722320556640625
30754,0,calendar_2014_test,71.81310272216797,76.0,0.9199926853179932,0.0,6.752161979675293,4.186897277832031
30755,0,calendar_2014_test,77.10712432861328,82.0,0.9233326315879822,0.0,6.470289707183838,4.892875671386719
30756,0,calendar_2014_test,84.9621810913086,63.0,0.8957827091217041,0.0,8.7953462600708,21.962181091308594
30757,0,calendar_2014_test,59.16223907470703,63.0,0.926159143447876,0.0,6.231746673583984,3.8377609252929688
30758,0,calendar_2014_test,63.529380798339844,63.0,0.9134435057640076,0.0,7.304876327514648,0.5293807983398438
30759,0,calendar_2014_test,63.436439514160156,64.0,0.9326850175857544,0.0,5.681000709533691,0.5635604858398438
30760,0,calendar_2014_test,20.73806381225586,15.0,0.9691210389137268,0.0,2.6060104370117188,5.738063812255859
30761,0,calendar_2014_test,24.13870620727539,34.0,0.9636868834495544,0.0,3.064622640609741,9.86129379272461
30762,0,calendar_2014_test,42.62824630737305,39.0,0.9533631205558777,0.0,3.9358866214752197,3.628246307373047
30763,0,calendar_2014_test,43.18992233276367,89.0,0.9577692151069641,0.0,3.5640366077423096,45.81007766723633
30764,0,calendar_2014_test,99.24352264404297,124.0,0.8862399458885193,0.0,9.600702285766602,24.75647735595703
30765,0,calendar_2014_test,123.67704010009766,142.0,0.8355677127838135,0.0,13.87714958190918,18.322959899902344
30766,0,calendar_2014_test,139.52728271484375,152.0,0.826866090297699,0.0,14.611516952514648,12.47271728515625
30767,0,calendar_2014_test,145.38148498535156,156.0,0.7845470905303955,0.0,18.183000564575195,10.618515014648438
30768,0,calendar_2014_test,153.5449981689453,152.0,0.8109468817710876,0.0,15.955008506774902,1.5449981689453125
30769,0,calendar_2014_test,145.89430236816406,160.0,0.8494845628738403,0.0,12.702645301818848,14.105697631835938
30770,0,calendar_2014_test,154.3456268310547,173.0,0.7681522369384766,0.0,19.566631317138672,18.654373168945312
30771,0,calendar_2014_test,176.52406311035156,174.0,0.7625523805618286,0.0,20.039228439331055,2.5240631103515625
30772,0,calendar_2014_test,181.251220703125,180.0,0.7989324331283569,0.0,16.96895980834961,1.251220703125
30773,0,calendar_2014_test,180.02609252929688,185.0,0.7780553102493286,0.0,18.730871200561523,4.973907470703125
30774,0,calendar_2014_test,182.43255615234375,184.0,0.7899824380874634,0.0,17.724287033081055,1.56744384765625
30775,0,calendar_2014_test,173.96522521972656,190.0,0.7314350605010986,0.0,22.665355682373047,16.034774780273438
30776,0,calendar_2014_test,185.40899658203125,196.0,0.7366655468940735,0.0,22.22393035888672,10.59100341796875
30777,0,calendar_2014_test,246.09457397460938,267.0,0.7100793719291687,0.0,24.467653274536133,20.905426025390625
30778,0,calendar_2014_test,265.0969543457031,334.0,0.6273454427719116,0.0,31.449926376342773,68.90304565429688
30779,0,calendar_2014_test,359.1397399902344,328.0,0.473297119140625,0.0,44.45072937011719,31.139739990234375
30780,0,calendar_2014_test,326.4059753417969,327.0,0.6753281354904175,0.0,27.40045738220215,0.594024658203125
30781,0,calendar_2014_test,319.48919677734375,326.0,0.5531562566757202,0.0,37.7110710144043,6.51080322265625
30782,0,calendar_2014_test,331.0681457519531,309.0,0.3789934515953064,0.0,52.409423828125,22.068145751953125
30783,0,calendar_2014_test,312.0052185058594,321.0,0.6440563201904297,0.0,30.039621353149414,8.994781494140625
30784,0,calendar_2014_test,336.6709289550781,340.0,0.5556999444961548,0.0,37.49639892578125,3.329071044921875
30785,0,calendar_2014_test,348.8244323730469,346.0,0.5561939477920532,0.0,37.454708099365234,2.824432373046875
30786,0,calendar_2014_test,344.0110778808594,330.0,0.6038448214530945,0.0,33.43324661254883,14.011077880859375
30787,0,calendar_2014_test,314.0009460449219,340.0,0.5829784274101257,0.0,35.194252014160156,25.999053955078125
30788,0,calendar_2014_test,349.0118103027344,353.0,0.6147012710571289,0.0,32.517024993896484,3.988189697265625
30789,0,calendar_2014_test,357.32373046875,384.0,0.5590283274650574,0.0,37.21550369262695,26.67626953125
30790,0,calendar_2014_test,376.04241943359375,383.0,0.44707190990448,0.0,46.66399002075195,6.95758056640625
30791,0,calendar_2014_test,370.1917724609375,399.0,0.5495705604553223,0.0,38.01368713378906,28.8082275390625
30792,0,calendar_2014_test,384.25830078125,340.0,0.4364084005355835,0.0,47.56393051147461,44.25830078125
30793,0,calendar_2014_test,292.7723388671875,327.0,0.5754833817481995,0.0,35.82678985595703,34.2276611328125
30794,0,calendar_2014_test,306.02447509765625,295.0,0.6642923951148987,0.0,28.33181381225586,11.02447509765625
30795,0,calendar_2014_test,264.7441711425781,296.0,0.6447392702102661,0.0,29.98198699951172,31.255828857421875
30796,0,calendar_2014_test,273.1694641113281,333.0,0.5927486419677734,0.0,34.36969757080078,59.830535888671875
30797,0,calendar_2014_test,313.7701416015625,336.0,0.5257148146629333,0.0,40.026973724365234,22.2298583984375
30798,0,calendar_2014_test,318.1004638671875,350.0,0.6236889362335205,0.0,31.758514404296875,31.8995361328125
30799,0,calendar_2014_test,338.77264404296875,305.0,0.5872582197189331,0.0,34.83306121826172,33.77264404296875
30800,0,calendar_2014_test,283.8716735839844,283.0,0.6050893068313599,0.0,33.32822036743164,0.871673583984375
30801,0,calendar_2014_test,271.5978698730469,323.0,0.5586785078048706,0.0,37.245025634765625,51.402130126953125
30802,0,calendar_2014_test,318.75531005859375,377.0,0.5183682441711426,0.0,40.6469841003418,58.24468994140625
30803,0,calendar_2014_test,394.3714294433594,357.0,0.5801168084144592,0.0,35.43575668334961,37.371429443359375
30804,0,calendar_2014_test,337.4601135253906,360.0,0.5397591590881348,0.0,38.84170913696289,22.539886474609375
30805,0,calendar_2014_test,343.9064025878906,350.0,0.497272789478302,0.0,42.42731857299805,6.093597412109375
30806,0,calendar_2014_test,353.5094909667969,339.0,0.5382848978042603,0.0,38.966129302978516,14.509490966796875
30807,0,calendar_2014_test,331.06036376953125,335.0,0.5217897295951843,0.0,40.35823059082031,3.93963623046875
30808,0,calendar_2014_test,350.3758544921875,341.0,0.47011035680770874,0.0,44.71967697143555,9.3758544921875
30809,0,calendar_2014_test,356.9834289550781,352.0,0.4815518260002136,0.0,43.75407791137695,4.983428955078125
30810,0,calendar_2014_test,369.4053955078125,355.0,0.5007237195968628,0.0,42.136077880859375,14.4053955078125
30811,0,calendar_2014_test,359.2146911621094,327.0,0.5105785727500916,0.0,41.304386138916016,32.214691162109375
30812,0,calendar_2014_test,314.2153625488281,303.0,0.5631809234619141,0.0,36.865047454833984,11.215362548828125
30813,0,calendar_2014_test,300.2436218261719,287.0,0.6269959211349487,0.0,31.47942543029785,13.243621826171875
30814,0,calendar_2014_test,268.0559387207031,279.0,0.5623880624771118,0.0,36.93195724487305,10.944061279296875
30815,0,calendar_2014_test,344.61053466796875,339.0,0.5499153137207031,0.0,37.984588623046875,5.61053466796875
30816,0,calendar_2014_test,337.1929016113281,339.0,0.5547115802764893,0.0,37.579811096191406,1.807098388671875
30817,0,calendar_2014_test,321.7656555175781,341.0,0.6270042061805725,0.0,31.47872543334961,19.234344482421875
30818,0,calendar_2014_test,323.2633361816406,344.0,0.5502299666404724,0.0,37.95803451538086,20.736663818359375
30819,0,calendar_2014_test,331.92108154296875,335.0,0.5825055837631226,0.0,35.23415756225586,3.07891845703125
30820,0,calendar_2014_test,323.57781982421875,329.0,0.6381703019142151,0.0,30.5363712310791,5.42218017578125
30821,0,calendar_2014_test,313.1012268066406,323.0,0.49387598037719727,0.0,42.713993072509766,9.898773193359375
30822,0,calendar_2014_test,288.8437805175781,350.0,0.7141949534416199,0.0,24.12032127380371,61.156219482421875
30823,0,calendar_2014_test,349.27911376953125,341.0,0.5319454669952393,0.0,39.50114440917969,8.27911376953125
30824,0,calendar_2014_test,306.69134521484375,347.0,0.5556448101997375,0.0,37.50105285644531,40.30865478515625
30825,0,calendar_2014_test,337.0184631347656,356.0,0.6214079260826111,0.0,31.951019287109375,18.981536865234375
30826,0,calendar_2014_test,347.28424072265625,342.0,0.5964833498001099,0.0,34.05451202392578,5.28424072265625
30827,0,calendar_2014_test,336.9520263671875,366.0,0.572539210319519,0.0,36.075260162353516,29.0479736328125
30828,0,calendar_2014_test,362.9566345214844,358.0,0.5147873163223267,0.0,40.94919204711914,4.956634521484375
30829,0,calendar_2014_test,343.9794921875,391.0,0.5428686141967773,0.0,38.57929229736328,47.0205078125
30830,0,calendar_2014_test,402.2713317871094,425.0,0.46930545568466187,0.0,44.787601470947266,22.728668212890625
30831,0,calendar_2014_test,433.42694091796875,387.0,0.36815375089645386,0.0,53.32423400878906,46.42694091796875
30832,0,calendar_2014_test,371.51922607421875,363.0,0.5241786241531372,0.0,40.156620025634766,8.51922607421875
30833,0,calendar_2014_test,368.4647216796875,343.0,0.5225070118904114,0.0,40.29769515991211,25.4647216796875
30834,0,calendar_2014_test,337.4927673339844,353.0,0.5655637979507446,0.0,36.663944244384766,15.507232666015625
30835,0,calendar_2014_test,347.3193359375,357.0,0.6124352216720581,0.0,32.70826721191406,9.6806640625
30836,0,calendar_2014_test,352.38153076171875,371.0,0.5431058406829834,0.0,38.559268951416016,18.61846923828125
30837,0,calendar_2014_test,363.8545227050781,394.0,0.44331175088882446,0.0,46.9813232421875,30.145477294921875
30838,0,calendar_2014_test,397.15228271484375,453.0,0.4908909201622009,0.0,42.965911865234375,55.84771728515625
30839,0,calendar_2014_test,470.4018859863281,453.0,0.4837683439254761,0.0,43.5670166015625,17.401885986328125
30840,0,calendar_2014_test,444.07598876953125,485.0,0.5617890357971191,0.0,36.982513427734375,40.92401123046875
30841,0,calendar_2014_test,492.0133972167969,463.0,0.3046226501464844,0.0,58.68589782714844,29.013397216796875
30842,0,calendar_2014_test,435.72808837890625,463.0,0.4411088824272156,0.0,47.167236328125,27.27191162109375
30843,0,calendar_2014_test,434.51727294921875,418.0,0.28605228662490845,0.0,60.25313186645508,16.51727294921875
30844,0,calendar_2014_test,390.8274841308594,384.0,0.552987813949585,0.0,37.72528839111328,6.827484130859375
30845,0,calendar_2014_test,351.0492858886719,371.0,0.41277676820755005,0.0,49.55830383300781,19.950714111328125
30846,0,calendar_2014_test,361.7724914550781,369.0,0.44543319940567017,0.0,46.80228805541992,7.227508544921875
30847,0,calendar_2014_test,364.31207275390625,374.0,0.4805114269256592,0.0,43.84188461303711,9.68792724609375
30848,0,calendar_2014_test,367.5882568359375,397.0,0.3275516629219055,0.0,56.75082015991211,29.4117431640625
30849,0,calendar_2014_test,397.6829528808594,397.0,0.49307775497436523,0.0,42.78135681152344,0.682952880859375
30850,0,calendar_2014_test,397.16534423828125,389.0,0.40165847539901733,0.0,50.49662399291992,8.16534423828125
30851,0,calendar_2014_test,365.3937072753906,410.0,0.3905622959136963,0.0,51.43307876586914,44.606292724609375
30852,0,calendar_2014_test,415.0063171386719,436.0,0.4237744212150574,0.0,48.630165100097656,20.993682861328125
30853,0,calendar_2014_test,435.65130615234375,462.0,0.37988418340682983,0.0,52.334251403808594,26.34869384765625
30854,0,calendar_2014_test,467.3069763183594,482.0,0.35717451572418213,0.0,54.250816345214844,14.693023681640625
30855,0,calendar_2014_test,475.79364013671875,501.0,0.4748147130012512,0.0,44.322654724121094,25.20635986328125
30856,0,calendar_2014_test,481.8229675292969,507.0,0.4207300543785095,0.0,48.88709259033203,25.177032470703125
30857,0,calendar_2014_test,507.38385009765625,523.0,0.3696986436843872,0.0,53.19385528564453,15.61614990234375
30858,0,calendar_2014_test,518.247802734375,545.0,0.2804993987083435,0.0,60.721763610839844,26.752197265625
30859,0,calendar_2014_test,553.5151977539062,577.0,0.2500322461128235,0.0,63.29301834106445,23.48480224609375
30860,0,calendar_2014_test,568.9564819335938,541.0,0.2020677924156189,0.0,67.3409423828125,27.95648193359375
30861,0,calendar_2014_test,518.1547241210938,532.0,0.22145354747772217,0.0,65.70489501953125,13.84527587890625
30862,0,calendar_2014_test,510.57244873046875,534.0,0.3996012210845947,0.0,50.67024612426758,23.42755126953125
30863,0,calendar_2014_test,519.2132568359375,495.0,0.3194294571876526,0.0,57.43628692626953,24.2132568359375
30864,0,calendar_2014_test,453.78570556640625,483.0,0.2621033191680908,0.0,62.274288177490234,29.21429443359375
30865,0,calendar_2014_test,450.4371032714844,474.0,0.3641735911369324,0.0,53.66013717651367,23.562896728515625
30866,0,calendar_2014_test,471.18414306640625,478.0,0.43509042263031006,0.0,47.6751594543457,6.81585693359375
30867,0,calendar_2014_test,477.80987548828125,496.0,0.13323843479156494,0.0,73.14974975585938,18.19012451171875
30868,0,calendar_2014_test,500.5184020996094,519.0,0.3910902142524719,0.0,51.388526916503906,18.481597900390625
30869,0,calendar_2014_test,511.4760437011719,526.0,0.298461377620697,0.0,59.20587158203125,14.523956298828125
30870,0,calendar_2014_test,530.7368774414062,512.0,0.4688912034034729,0.0,44.822566986083984,18.73687744140625
30871,0,calendar_2014_test,512.8134155273438,557.0,0.25255799293518066,0.0,63.079856872558594,44.18658447265625
30872,0,calendar_2014_test,559.9778442382812,551.0,0.1361905336380005,0.0,72.9006118774414,8.97784423828125
30873,0,calendar_2014_test,520.6012573242188,562.0,0.4260447025299072,0.0,48.43856430053711,41.39874267578125
30874,0,calendar_2014_test,530.1867065429688,542.0,0.23390424251556396,0.0,64.65412902832031,11.81329345703125
30875,0,calendar_2014_test,518.3740844726562,502.0,0.2739742398262024,0.0,61.2724494934082,16.37408447265625
30876,0,calendar_2014_test,488.9303283691406,525.0,0.3646004796028137,0.0,53.62411117553711,36.069671630859375
30877,0,calendar_2014_test,525.3506469726562,446.0,0.4363967776298523,0.0,47.564910888671875,79.35064697265625
30878,0,calendar_2014_test,403.8294372558594,188.0,0.4869535565376282,0.0,43.2982063293457,215.82943725585938
30879,0,calendar_2014_test,82.89423370361328,111.0,0.8109710216522217,0.0,15.952974319458008,28.10576629638672
30880,0,calendar_2014_test,101.28423309326172,82.0,0.8378560543060303,0.0,13.684025764465332,19.28423309326172
30881,0,calendar_2014_test,69.4163589477539,58.0,0.8789824843406677,0.0,10.213190078735352,11.416358947753906
30882,0,calendar_2014_test,52.75797653198242,43.0,0.9239466190338135,0.0,6.4184746742248535,9.757976531982422
30883,0,calendar_2014_test,40.06373596191406,27.0,0.9403477311134338,0.0,5.034310340881348,13.063735961914062
30884,0,calendar_2014_test,26.711793899536133,31.0,0.951400876045227,0.0,4.101490020751953,4.288206100463867
30885,0,calendar_2014_test,27.20598793029785,15.0,0.9500773549079895,0.0,4.213186264038086,12.205987930297852
30886,0,calendar_2014_test,19.79688835144043,17.0,0.9701905846595764,0.0,2.515745162963867,2.7968883514404297
30887,0,calendar_2014_test,15.99277400970459,17.0,0.9606509804725647,0.0,3.3208343982696533,1.0072259902954102
30888,0,calendar_2014_test,13.60899543762207,21.0,0.9702131152153015,0.0,2.5138437747955322,7.39100456237793
30889,0,calendar_2014_test,15.71990966796875,17.0,0.9715818762779236,0.0,2.398329257965088,1.28009033203125
30890,0,calendar_2014_test,16.285633087158203,13.0,0.9760323762893677,0.0,2.0227293968200684,3.285633087158203
30891,0,calendar_2014_test,12.21834659576416,11.0,0.979834794998169,0.0,1.701827883720398,1.2183465957641602
30892,0,calendar_2014_test,10.495720863342285,12.0,0.9683871269226074,0.0,2.667945623397827,1.5042791366577148
30893,0,calendar_2014_test,12.80611801147461,10.0,0.9741721749305725,0.0,2.179719924926758,2.8061180114746094
30894,0,calendar_2014_test,15.256013870239258,13.0,0.9709488749504089,0.0,2.4517509937286377,2.256013870239258
30895,0,calendar_2014_test,13.526190757751465,13.0,0.9704199433326721,0.0,2.4963865280151367,0.5261907577514648
30896,0,calendar_2014_test,17.821441650390625,8.0,0.975740909576416,0.0,2.0473310947418213,9.821441650390625
30897,0,calendar_2014_test,16.022544860839844,12.0,0.9758285284042358,0.0,2.039933681488037,4.022544860839844
30898,0,calendar_2014_test,18.140504837036133,12.0,0.9676420092582703,0.0,2.73083233833313,6.140504837036133
30899,0,calendar_2014_test,18.258140563964844,14.0,0.9704568386077881,0.0,2.493274688720703,4.258140563964844
30900,0,calendar_2014_test,16.90342140197754,17.0,0.9702256917953491,0.0,2.5127832889556885,0.09657859802246094
30901,0,calendar_2014_test,15.153844833374023,18.0,0.9727329015731812,0.0,2.3011887073516846,2.8461551666259766
30902,0,calendar_2014_test,21.631084442138672,17.0,0.9701108932495117,0.0,2.5224697589874268,4.631084442138672
30903,0,calendar_2014_test,25.29247283935547,19.0,0.9616265892982483,0.0,3.238499402999878,6.292472839355469
30904,0,calendar_2014_test,24.325536727905273,31.0,0.9666362404823303,0.0,2.81571102142334,6.674463272094727
30905,0,calendar_2014_test,34.581764221191406,45.0,0.956227719783783,0.0,3.6941304206848145,10.418235778808594
30906,0,calendar_2014_test,47.92353057861328,42.0,0.9363197088241577,0.0,5.374256610870361,5.923530578613281
30907,0,calendar_2014_test,42.473365783691406,53.0,0.9583501815795898,0.0,3.515010356903076,10.526634216308594
30908,0,calendar_2014_test,56.553932189941406,42.0,0.9316715002059937,0.0,5.766539573669434,14.553932189941406
30909,0,calendar_2014_test,45.2685432434082,34.0,0.9580005407333374,0.0,3.5445170402526855,11.268543243408203
30910,0,calendar_2014_test,41.40208053588867,130.0,0.9561185836791992,0.0,3.7033438682556152,88.59791946411133
30911,0,calendar_2014_test,121.96126556396484,114.0,0.822033166885376,0.0,15.019389152526855,7.961265563964844
30912,0,calendar_2014_test,104.04508972167969,61.0,0.8471033573150635,0.0,12.903610229492188,43.04508972167969
30913,0,calendar_2014_test,50.967403411865234,48.0,0.9405524730682373,0.0,5.017031192779541,2.9674034118652344
30914,0,calendar_2014_test,48.71554946899414,48.0,0.9345009922981262,0.0,5.527744293212891,0.7155494689941406
30915,0,calendar_2014_test,50.6764030456543,54.0,0.9426349997520447,0.0,4.841281414031982,3.323596954345703
30916,0,calendar_2014_test,62.352352142333984,57.0,0.9263126254081726,0.0,6.218795299530029,5.352352142333984
30917,0,calendar_2014_test,61.977542877197266,63.0,0.9279671907424927,0.0,6.079161167144775,1.0224571228027344
30918,0,calendar_2014_test,71.93408203125,81.0,0.9012165665626526,0.0,8.336759567260742,9.06591796875
30919,0,calendar_2014_test,91.32221984863281,98.0,0.8972569108009338,0.0,8.670931816101074,6.6777801513671875
30920,0,calendar_2014_test,103.41537475585938,106.0,0.8725241422653198,0.0,10.758235931396484,2.584625244140625
30921,0,calendar_2014_test,111.68135070800781,97.0,0.9080172777175903,0.0,7.762821197509766,14.681350708007812
30922,0,calendar_2014_test,94.60099792480469,108.0,0.9213680028915405,0.0,6.63609504699707,13.399002075195312
30923,0,calendar_2014_test,115.24524688720703,103.0,0.8154767751693726,0.0,15.572713851928711,12.245246887207031
30924,0,calendar_2014_test,102.24284362792969,96.0,0.8832839131355286,0.0,9.850173950195312,6.2428436279296875
30925,0,calendar_2014_test,98.20068359375,84.0,0.8789921998977661,0.0,10.212370872497559,14.20068359375
30926,0,calendar_2014_test,83.60721588134766,118.0,0.8999533653259277,0.0,8.443365097045898,34.392784118652344
30927,0,calendar_2014_test,125.95641326904297,116.0,0.8592932820320129,0.0,11.874848365783691,9.956413269042969
30928,0,calendar_2014_test,126.39188385009766,158.0,0.8722188472747803,0.0,10.784002304077148,31.608116149902344
30929,0,calendar_2014_test,167.6240997314453,171.0,0.782340943813324,0.0,18.36918830871582,3.3759002685546875
30930,0,calendar_2014_test,170.71383666992188,179.0,0.7928205728530884,0.0,17.48476791381836,8.286163330078125
30931,0,calendar_2014_test,175.61972045898438,172.0,0.7686210870742798,0.0,19.527063369750977,3.619720458984375
30932,0,calendar_2014_test,158.91094970703125,168.0,0.7988119721412659,0.0,16.979127883911133,9.08905029296875
30933,0,calendar_2014_test,168.94894409179688,188.0,0.7649251818656921,0.0,19.838979721069336,19.051055908203125
30934,0,calendar_2014_test,175.4091033935547,206.0,0.8271313905715942,0.0,14.589129447937012,30.590896606445312
30935,0,calendar_2014_test,206.85470581054688,210.0,0.7424666881561279,0.0,21.734346389770508,3.145294189453125
30936,0,calendar_2014_test,206.97218322753906,180.0,0.7470464706420898,0.0,21.347843170166016,26.972183227539062
30937,0,calendar_2014_test,168.7692413330078,181.0,0.8092010021209717,0.0,16.10234832763672,12.230758666992188
30938,0,calendar_2014_test,172.0006866455078,149.0,0.7798946499824524,0.0,18.575639724731445,23.000686645507812
30939,0,calendar_2014_test,141.5673065185547,100.0,0.828025221824646,0.0,14.51369571685791,41.56730651855469
30940,0,calendar_2014_test,78.37053680419922,83.0,0.9135921001434326,0.0,7.292333602905273,4.629463195800781
30941,0,calendar_2014_test,73.39631652832031,45.0,0.9223962426185608,0.0,6.54931640625,28.396316528320312
30942,0,calendar_2014_test,29.776704788208008,29.0,0.9482131004333496,0.0,4.370518684387207,0.7767047882080078
30943,0,calendar_2014_test,26.486820220947266,15.0,0.9573202729225159,0.0,3.601926565170288,11.486820220947266
30944,0,calendar_2014_test,19.624813079833984,14.0,0.9727935791015625,0.0,2.29606556892395,5.624813079833984
30945,0,calendar_2014_test,16.3762149810791,17.0,0.9785722494125366,0.0,1.8083786964416504,0.6237850189208984
30946,0,calendar_2014_test,18.4836368560791,12.0,0.971573531627655,0.0,2.399030923843384,6.483636856079102
30947,0,calendar_2014_test,15.7448148727417,10.0,0.9734113812446594,0.0,2.243929147720337,5.744814872741699
30948,0,calendar_2014_test,13.970026969909668,10.0,0.9704190492630005,0.0,2.4964635372161865,3.970026969909668
30949,0,calendar_2014_test,13.130573272705078,14.0,0.9723614454269409,0.0,2.3325347900390625,0.8694267272949219
30950,0,calendar_2014_test,19.440874099731445,29.0,0.9636954665184021,0.0,3.063896894454956,9.559125900268555
30951,0,calendar_2014_test,34.162925720214844,51.0,0.9550607800483704,0.0,3.792614459991455,16.837074279785156
30952,0,calendar_2014_test,51.19315719604492,48.0,0.9452826976776123,0.0,4.6178297996521,3.193157196044922
30953,0,calendar_2014_test,52.519264221191406,74.0,0.9440269470214844,0.0,4.723806858062744,21.480735778808594
30954,0,calendar_2014_test,79.54719543457031,93.0,0.9223103523254395,0.0,6.556565284729004,13.452804565429688
30955,0,calendar_2014_test,95.26204681396484,112.0,0.8731743097305298,0.0,10.703365325927734,16.737953186035156
30956,0,calendar_2014_test,126.46220397949219,125.0,0.8285260796546936,0.0,14.47142505645752,1.4622039794921875
30957,0,calendar_2014_test,126.70264434814453,133.0,0.8541711568832397,0.0,12.307125091552734,6.297355651855469
30958,0,calendar_2014_test,125.57695007324219,150.0,0.850425124168396,0.0,12.623268127441406,24.423049926757812
30959,0,calendar_2014_test,151.96484375,124.0,0.8276593685150146,0.0,14.544572830200195,27.96484375
30960,0,calendar_2014_test,122.27932739257812,135.0,0.848190426826477,0.0,12.811867713928223,12.720672607421875
30961,0,calendar_2014_test,132.4611053466797,143.0,0.8344452381134033,0.0,13.971880912780762,10.538894653320312
30962,0,calendar_2014_test,151.7078094482422,139.0,0.8299286365509033,0.0,14.353055953979492,12.707809448242188
30963,0,calendar_2014_test,137.54420471191406,128.0,0.8629176020622253,0.0,11.568975448608398,9.544204711914062
30964,0,calendar_2014_test,130.8708038330078,134.0,0.8773815035820007,0.0,10.34830379486084,3.1291961669921875
30965,0,calendar_2014_test,133.9324493408203,146.0,0.8370371460914612,0.0,13.75313949584961,12.067550659179688
30966,0,calendar_2014_test,146.53163146972656,154.0,0.8552927374839783,0.0,12.212469100952148,7.4683685302734375
30967,0,calendar_2014_test,153.23394775390625,157.0,0.7735599279403687,0.0,19.110258102416992,3.76605224609375
30968,0,calendar_2014_test,151.78955078125,174.0,0.8037799596786499,0.0,16.559858322143555,22.21044921875
30969,0,calendar_2014_test,164.52740478515625,158.0,0.769902229309082,0.0,19.418943405151367,6.52740478515625
30970,0,calendar_2014_test,145.04713439941406,151.0,0.8260452747344971,0.0,14.680792808532715,5.9528656005859375
30971,0,calendar_2014_test,139.54006958007812,141.0,0.8426384329795837,0.0,13.280420303344727,1.459930419921875
30972,0,calendar_2014_test,128.80303955078125,137.0,0.8438190221786499,0.0,13.180785179138184,8.19696044921875
30973,0,calendar_2014_test,129.94908142089844,144.0,0.8519583940505981,0.0,12.493870735168457,14.050918579101562
30974,0,calendar_2014_test,140.0763702392578,144.0,0.8164921998977661,0.0,15.487018585205078,3.9236297607421875
30975,0,calendar_2014_test,148.25802612304688,159.0,0.8172202110290527,0.0,15.425577163696289,10.741973876953125
30976,0,calendar_2014_test,166.34228515625,166.0,0.8162798881530762,0.0,15.504936218261719,0.34228515625
30977,0,calendar_2014_test,170.9512481689453,183.0,0.7353938817977905,0.0,22.331254959106445,12.048751831054688
30978,0,calendar_2014_test,188.17733764648438,228.0,0.7972103357315063,0.0,17.114295959472656,39.822662353515625
30979,0,calendar_2014_test,231.13458251953125,257.0,0.687349259853363,0.0,26.38594627380371,25.86541748046875
30980,0,calendar_2014_test,259.7784118652344,306.0,0.6832444667816162,0.0,26.73236846923828,46.221588134765625
30981,0,calendar_2014_test,315.2618103027344,222.0,0.6878414750099182,0.0,26.344406127929688,93.26181030273438
30982,0,calendar_2014_test,196.43577575683594,193.0,0.7671854496002197,0.0,19.648225784301758,3.4357757568359375
30983,0,calendar_2014_test,195.0382537841797,188.0,0.7842499017715454,0.0,18.208080291748047,7.0382537841796875
30984,0,calendar_2014_test,188.6982421875,182.0,0.7553774118423462,0.0,20.644756317138672,6.6982421875
30985,0,calendar_2014_test,182.9709014892578,184.0,0.7617852687835693,0.0,20.10396957397461,1.0290985107421875
30986,0,calendar_2014_test,182.39060974121094,209.0,0.7574635148048401,0.0,20.468700408935547,26.609390258789062
30987,0,calendar_2014_test,219.7012481689453,225.0,0.7286374568939209,0.0,22.901453018188477,5.2987518310546875
30988,0,calendar_2014_test,235.0589141845703,238.0,0.6488544344902039,0.0,29.634689331054688,2.9410858154296875
30989,0,calendar_2014_test,251.00271606445312,246.0,0.7262190580368042,0.0,23.105554580688477,5.002716064453125
30990,0,calendar_2014_test,252.32810974121094,269.0,0.6446629762649536,0.0,29.98842430114746,16.671890258789062
30991,0,calendar_2014_test,269.1983337402344,284.0,0.6305370330810547,0.0,31.18057632446289,14.801666259765625
30992,0,calendar_2014_test,273.994140625,260.0,0.6774410009384155,0.0,27.222143173217773,13.994140625
30993,0,calendar_2014_test,249.1840362548828,295.0,0.6421154737472534,0.0,30.203418731689453,45.81596374511719
30994,0,calendar_2014_test,308.2032470703125,322.0,0.6274919509887695,0.0,31.437562942504883,13.7967529296875
30995,0,calendar_2014_test,318.5981140136719,308.0,0.5986038446426392,0.0,33.875553131103516,10.598114013671875
30996,0,calendar_2014_test,285.4895324707031,271.0,0.48638051748275757,0.0,43.34656524658203,14.489532470703125
30997,0,calendar_2014_test,256.00689697265625,240.0,0.5823023319244385,0.0,35.25130844116211,16.00689697265625
30998,0,calendar_2014_test,231.83251953125,230.0,0.6947950720787048,0.0,25.75756072998047,1.83251953125
30999,0,calendar_2014_test,229.92005920410156,237.0,0.6813581585884094,0.0,26.891559600830078,7.0799407958984375
31000,0,calendar_2014_test,233.3960418701172,242.0,0.6913760900497437,0.0,26.046104431152344,8.603958129882812
31001,0,calendar_2014_test,238.10389709472656,241.0,0.709925651550293,0.0,24.480627059936523,2.8961029052734375
31002,0,calendar_2014_test,231.9614715576172,238.0,0.6725198030471802,0.0,27.637468338012695,6.0385284423828125
31003,0,calendar_2014_test,223.62673950195312,255.0,0.6382311582565308,0.0,30.531230926513672,31.373260498046875
31004,0,calendar_2014_test,252.9210662841797,266.0,0.7468857765197754,0.0,21.36140251159668,13.078933715820312
31005,0,calendar_2014_test,248.31822204589844,255.0,0.6820565462112427,0.0,26.832618713378906,6.6817779541015625
31006,0,calendar_2014_test,240.30908203125,232.0,0.6719974279403687,0.0,27.681556701660156,8.30908203125
31007,0,calendar_2014_test,210.9020233154297,226.0,0.7505224347114563,0.0,21.054487228393555,15.097976684570312
31008,0,calendar_2014_test,216.1934356689453,215.0,0.7607221007347107,0.0,20.193695068359375,1.1934356689453125
31009,0,calendar_2014_test,214.7006072998047,75.0,0.6646573543548584,0.0,28.301015853881836,139.7006072998047
31010,0,calendar_2014_test,40.00819396972656,3.0,0.9358049035072327,0.0,5.417701244354248,37.00819396972656
31011,0,calendar_2014_test,14.105656623840332,4.0,0.9690569043159485,0.0,2.6114206314086914,10.105656623840332
31012,0,calendar_2014_test,11.475351333618164,7.0,0.9688513875007629,0.0,2.6287639141082764,4.475351333618164
31013,0,calendar_2014_test,14.553621292114258,6.0,0.9751759171485901,0.0,2.0950112342834473,8.553621292114258
31014,0,calendar_2014_test,16.29585075378418,14.0,0.9760551452636719,0.0,2.0208094120025635,2.2958507537841797
31015,0,calendar_2014_test,15.838199615478516,13.0,0.9591543078422546,0.0,3.447145462036133,2.8381996154785156
31016,0,calendar_2014_test,16.752580642700195,8.0,0.9687551856040955,0.0,2.6368825435638428,8.752580642700195
31017,0,calendar_2014_test,17.0488224029541,11.0,0.9759505987167358,0.0,2.0296308994293213,6.048822402954102
31018,0,calendar_2014_test,15.200260162353516,13.0,0.9774926900863647,0.0,1.899488925933838,2.2002601623535156
31019,0,calendar_2014_test,15.205780982971191,11.0,0.9731002449989319,0.0,2.270186185836792,4.205780982971191
31020,0,calendar_2014_test,13.889034271240234,7.0,0.9799453616142273,0.0,1.6924973726272583,6.889034271240234
31021,0,calendar_2014_test,13.325810432434082,8.0,0.9765385389328003,0.0,1.9800125360488892,5.325810432434082
31022,0,calendar_2014_test,12.776485443115234,11.0,0.9751927852630615,0.0,2.09358811378479,1.7764854431152344
31023,0,calendar_2014_test,13.201863288879395,12.0,0.9727246165275574,0.0,2.3018851280212402,1.2018632888793945
31024,0,calendar_2014_test,14.577481269836426,13.0,0.9792780876159668,0.0,1.7488127946853638,1.5774812698364258
31025,0,calendar_2014_test,15.3819580078125,9.0,0.9608110189437866,0.0,3.3073291778564453,6.3819580078125
31026,0,calendar_2014_test,11.796414375305176,9.0,0.9795680046081543,0.0,1.72434663772583,2.796414375305176
31027,0,calendar_2014_test,10.769755363464355,7.0,0.9777378439903259,0.0,1.8788007497787476,3.7697553634643555
31028,0,calendar_2014_test,9.512934684753418,14.0,0.976151168346405,0.0,2.012704849243164,4.487065315246582
31029,0,calendar_2014_test,11.146560668945312,10.0,0.9757651686668396,0.0,2.0452818870544434,1.1465606689453125
31030,0,calendar_2014_test,9.868182182312012,9.0,0.9772388339042664,0.0,1.9209141731262207,0.8681821823120117
31031,0,calendar_2014_test,10.015427589416504,18.0,0.9774181842803955,0.0,1.9057774543762207,7.984572410583496
31032,0,calendar_2014_test,17.480228424072266,14.0,0.964369535446167,0.0,3.0070111751556396,3.4802284240722656
31033,0,calendar_2014_test,20.0390625,12.0,0.9666514992713928,0.0,2.814422845840454,8.0390625
31034,0,calendar_2014_test,15.406530380249023,26.0,0.9594503045082092,0.0,3.4221625328063965,10.593469619750977
31035,0,calendar_2014_test,27.730066299438477,30.0,0.9620764255523682,0.0,3.2005343437194824,2.2699337005615234
31036,0,calendar_2014_test,29.77610206604004,35.0,0.9646881818771362,0.0,2.9801175594329834,5.223897933959961
31037,0,calendar_2014_test,28.40386962890625,27.0,0.9620695114135742,0.0,3.201115369796753,1.40386962890625
31038,0,calendar_2014_test,24.788475036621094,13.0,0.9683046936988831,0.0,2.6749024391174316,11.788475036621094
31039,0,calendar_2014_test,17.729022979736328,18.0,0.9698514342308044,0.0,2.544368267059326,0.2709770202636719
31040,0,calendar_2014_test,20.187236785888672,27.0,0.9732850790023804,0.0,2.2545878887176514,6.812763214111328
31041,0,calendar_2014_test,26.390628814697266,23.0,0.9611440896987915,0.0,3.2792165279388428,3.3906288146972656
31042,0,calendar_2014_test,25.34583282470703,25.0,0.970521867275238,0.0,2.4877848625183105,0.34583282470703125
31043,0,calendar_2014_test,25.818073272705078,27.0,0.9668392539024353,0.0,2.798579692840576,1.1819267272949219
31044,0,calendar_2014_test,27.323291778564453,26.0,0.9621420502662659,0.0,3.194993495941162,1.3232917785644531
31045,0,calendar_2014_test,27.0169677734375,32.0,0.9695869088172913,0.0,2.566689968109131,4.9830322265625
31046,0,calendar_2014_test,33.361473083496094,39.0,0.9710766077041626,0.0,2.440971612930298,5.638526916503906
31047,0,calendar_2014_test,39.44649887084961,49.0,0.9562236666679382,0.0,3.6944756507873535,9.55350112915039
31048,0,calendar_2014_test,48.2520751953125,48.0,0.9462918639183044,0.0,4.532663822174072,0.2520751953125
31049,0,calendar_2014_test,42.93217468261719,49.0,0.9510117173194885,0.0,4.134334564208984,6.0678253173828125
31050,0,calendar_2014_test,39.74761199951172,16.0,0.9444432854652405,0.0,4.688668727874756,23.74761199951172
31051,0,calendar_2014_test,14.712956428527832,12.0,0.9758406281471252,0.0,2.038914203643799,2.712956428527832
31052,0,calendar_2014_test,13.583785057067871,12.0,0.9761644005775452,0.0,2.0115902423858643,1.583785057067871
31053,0,calendar_2014_test,12.678950309753418,11.0,0.9748420715332031,0.0,2.1231849193573,1.678950309753418
31054,0,calendar_2014_test,11.550827980041504,8.0,0.9739083051681519,0.0,2.201988935470581,3.550827980041504
31055,0,calendar_2014_test,9.314576148986816,11.0,0.9756231904029846,0.0,2.057262420654297,1.6854238510131836
31056,0,calendar_2014_test,11.56271743774414,9.0,0.9826682806015015,0.0,1.4626994132995605,2.5627174377441406
31057,0,calendar_2014_test,10.633048057556152,9.0,0.9812731146812439,0.0,1.5804446935653687,1.6330480575561523
31058,0,calendar_2014_test,11.074281692504883,12.0,0.9799603819847107,0.0,1.6912288665771484,0.9257183074951172
31059,0,calendar_2014_test,13.249520301818848,16.0,0.9768067002296448,0.0,1.9573842287063599,2.7504796981811523
31060,0,calendar_2014_test,15.62129020690918,14.0,0.978972852230072,0.0,1.7745715379714966,1.6212902069091797
31061,0,calendar_2014_test,15.378351211547852,23.0,0.9748294949531555,0.0,2.1242456436157227,7.621648788452148
31062,0,calendar_2014_test,19.01652717590332,16.0,0.9781237244606018,0.0,1.846232533454895,3.0165271759033203
31063,0,calendar_2014_test,14.746105194091797,10.0,0.9743972420692444,0.0,2.1607282161712646,4.746105194091797
31064,0,calendar_2014_test,11.911134719848633,13.0,0.9809083342552185,0.0,1.611228585243225,1.0888652801513672
31065,0,calendar_2014_test,13.572312355041504,15.0,0.9672964811325073,0.0,2.759991407394409,1.427687644958496
31066,0,calendar_2014_test,14.103586196899414,12.0,0.9726739525794983,0.0,2.3061611652374268,2.103586196899414
31067,0,calendar_2014_test,12.147933959960938,11.0,0.982638955116272,0.0,1.4651758670806885,1.1479339599609375
31068,0,calendar_2014_test,12.7926664352417,12.0,0.9805513620376587,0.0,1.6413562297821045,0.7926664352416992
31069,0,calendar_2014_test,13.053487777709961,12.0,0.9771363735198975,0.0,1.9295586347579956,1.053487777709961
31070,0,calendar_2014_test,13.298429489135742,17.0,0.9823232293128967,0.0,1.4918180704116821,3.701570510864258
31071,0,calendar_2014_test,21.595478057861328,27.0,0.9620154500007629,0.0,3.2056822776794434,5.404521942138672
31072,0,calendar_2014_test,29.40481185913086,29.0,0.9597581028938293,0.0,3.3961870670318604,0.4048118591308594
31073,0,calendar_2014_test,31.64369773864746,41.0,0.9607101678848267,0.0,3.3158373832702637,9.356302261352539
31074,0,calendar_2014_test,41.88196563720703,41.0,0.9558415412902832,0.0,3.726724624633789,0.8819656372070312
31075,0,calendar_2014_test,48.34302520751953,53.0,0.9440199136734009,0.0,4.724400997161865,4.656974792480469
31076,0,calendar_2014_test,57.357933044433594,67.0,0.9348499774932861,0.0,5.498292922973633,9.642066955566406
31077,0,calendar_2014_test,72.79936218261719,70.0,0.9188007712364197,0.0,6.852755069732666,2.7993621826171875
31078,0,calendar_2014_test,73.25112915039062,84.0,0.9222108721733093,0.0,6.564958572387695,10.748870849609375
31079,0,calendar_2014_test,87.84849548339844,91.0,0.9051399230957031,0.0,8.00565242767334,3.1515045166015625
31080,0,calendar_2014_test,93.81092071533203,99.0,0.9081737995147705,0.0,7.749608516693115,5.189079284667969
31081,0,calendar_2014_test,100.19725036621094,97.0,0.8629978895187378,0.0,11.562196731567383,3.1972503662109375
31082,0,calendar_2014_test,99.23163604736328,100.0,0.8775347471237183,0.0,10.335370063781738,0.7683639526367188
31083,0,calendar_2014_test,97.32593536376953,97.0,0.8748893141746521,0.0,10.558629989624023,0.32593536376953125
31084,0,calendar_2014_test,96.3291244506836,86.0,0.9249899387359619,0.0,6.330421447753906,10.329124450683594
31085,0,calendar_2014_test,71.06600952148438,92.0,0.9123237133026123,0.0,7.399377822875977,20.933990478515625
31086,0,calendar_2014_test,70.39090728759766,64.0,0.9096037149429321,0.0,7.628930568695068,6.390907287597656
31087,0,calendar_2014_test,42.07993698120117,40.0,0.9462881684303284,0.0,4.532973289489746,2.079936981201172
31088,0,calendar_2014_test,30.259807586669922,26.0,0.9615657925605774,0.0,3.2436273097991943,4.259807586669922
31089,0,calendar_2014_test,24.29117202758789,21.0,0.9711954593658447,0.0,2.4309420585632324,3.2911720275878906
31090,0,calendar_2014_test,18.000282287597656,14.0,0.9779778718948364,0.0,1.8585448265075684,4.000282287597656
31091,0,calendar_2014_test,18.014049530029297,17.0,0.9697544574737549,0.0,2.552551507949829,1.0140495300292969
31092,0,calendar_2014_test,19.94679832458496,20.0,0.9690157771110535,0.0,2.614891290664673,0.05320167541503906
31093,0,calendar_2014_test,22.344337463378906,31.0,0.9722617268562317,0.0,2.3409504890441895,8.655662536621094
31094,0,calendar_2014_test,32.58647537231445,40.0,0.9626716375350952,0.0,3.1503024101257324,7.413524627685547
31095,0,calendar_2014_test,42.088539123535156,38.0,0.9484847187995911,0.0,4.34759521484375,4.088539123535156
31096,0,calendar_2014_test,39.329833984375,41.0,0.949168860912323,0.0,4.289859771728516,1.670166015625
31097,0,calendar_2014_test,43.53443908691406,51.0,0.9440176486968994,0.0,4.724593639373779,7.4655609130859375
31098,0,calendar_2014_test,56.91041564941406,69.0,0.940376341342926,0.0,5.031896591186523,12.089584350585938
31099,0,calendar_2014_test,72.37068176269531,77.0,0.9165765047073364,0.0,7.040469646453857,4.6293182373046875
31100,0,calendar_2014_test,83.08124542236328,111.0,0.9092584848403931,0.0,7.658069610595703,27.91875457763672
31101,0,calendar_2014_test,116.24333190917969,144.0,0.8808137774467468,0.0,10.058639526367188,27.756668090820312
31102,0,calendar_2014_test,142.8441619873047,133.0,0.7839807271957397,0.0,18.230796813964844,9.844161987304688
31103,0,calendar_2014_test,130.13189697265625,110.0,0.8958144187927246,0.0,8.792673110961914,20.13189697265625
31104,0,calendar_2014_test,112.40202331542969,143.0,0.8392221331596375,0.0,13.568737983703613,30.597976684570312
31105,0,calendar_2014_test,147.16937255859375,136.0,0.8269240856170654,0.0,14.606622695922852,11.16937255859375
31106,0,calendar_2014_test,137.55091857910156,141.0,0.8229530453681946,0.0,14.941757202148438,3.4490814208984375
31107,0,calendar_2014_test,141.96815490722656,160.0,0.7952200174331665,0.0,17.28226661682129,18.031845092773438
31108,0,calendar_2014_test,166.88775634765625,159.0,0.8147154450416565,0.0,15.636963844299316,7.88775634765625
31109,0,calendar_2014_test,155.58570861816406,167.0,0.7525041103363037,0.0,20.88724708557129,11.414291381835938
31110,0,calendar_2014_test,167.71803283691406,188.0,0.7770829200744629,0.0,18.81293487548828,20.281967163085938
31111,0,calendar_2014_test,184.83131408691406,196.0,0.7705038189888,0.0,19.368173599243164,11.168685913085938
31112,0,calendar_2014_test,187.5742950439453,205.0,0.7523082494735718,0.0,20.903776168823242,17.425704956054688
31113,0,calendar_2014_test,200.5896759033203,201.0,0.7432489991188049,0.0,21.668325424194336,0.4103240966796875
31114,0,calendar_2014_test,187.69407653808594,201.0,0.7808595299720764,0.0,18.49420928955078,13.305923461914062
31115,0,calendar_2014_test,191.58895874023438,202.0,0.7637109160423279,0.0,19.941455841064453,10.411041259765625
31116,0,calendar_2014_test,188.88134765625,201.0,0.7748962640762329,0.0,18.997474670410156,12.11865234375
31117,0,calendar_2014_test,191.8451690673828,187.0,0.6876870393753052,0.0,26.357437133789062,4.8451690673828125
31118,0,calendar_2014_test,172.200439453125,187.0,0.7930514216423035,0.0,17.465282440185547,14.799560546875
31119,0,calendar_2014_test,191.72586059570312,199.0,0.7259169220924377,0.0,23.131053924560547,7.274139404296875
31120,0,calendar_2014_test,203.2180633544922,206.0,0.7216110825538635,0.0,23.494443893432617,2.7819366455078125
31121,0,calendar_2014_test,220.04385375976562,213.0,0.7787153720855713,0.0,18.67516326904297,7.043853759765625
31122,0,calendar_2014_test,215.61595153808594,187.0,0.715793251991272,0.0,23.985431671142578,28.615951538085938
31123,0,calendar_2014_test,189.12376403808594,218.0,0.7783592939376831,0.0,18.705219268798828,28.876235961914062
31124,0,calendar_2014_test,222.64462280273438,134.0,0.7507129907608032,0.0,21.03840446472168,88.64462280273438
31125,0,calendar_2014_test,106.38072204589844,131.0,0.8854044675827026,0.0,9.67121410369873,24.619277954101562
31126,0,calendar_2014_test,126.75508880615234,154.0,0.8316864967346191,0.0,14.204700469970703,27.244911193847656
31127,0,calendar_2014_test,159.95706176757812,112.0,0.7755476236343384,0.0,18.942506790161133,47.957061767578125
31128,0,calendar_2014_test,102.4620132446289,55.0,0.898676872253418,0.0,8.551094055175781,47.462013244628906
31129,0,calendar_2014_test,54.946250915527344,172.0,0.9220183491706848,0.0,6.5812087059021,117.05374908447266
31130,0,calendar_2014_test,173.70008850097656,143.0,0.7992033958435059,0.0,16.94609260559082,30.700088500976562
31131,0,calendar_2014_test,134.05149841308594,122.0,0.8281238079071045,0.0,14.505375862121582,12.051498413085938
31132,0,calendar_2014_test,114.86811828613281,114.0,0.8171803951263428,0.0,15.428934097290039,0.8681182861328125
31133,0,calendar_2014_test,106.25748443603516,100.0,0.8888673782348633,0.0,9.378961563110352,6.257484436035156
31134,0,calendar_2014_test,98.2907943725586,119.0,0.8569093942642212,0.0,12.076033592224121,20.709205627441406
31135,0,calendar_2014_test,120.32443237304688,130.0,0.8390703201293945,0.0,13.581551551818848,9.675567626953125
31136,0,calendar_2014_test,126.47887420654297,145.0,0.8384249210357666,0.0,13.636017799377441,18.52112579345703
31137,0,calendar_2014_test,135.00796508789062,149.0,0.8698306679725647,0.0,10.985553741455078,13.992034912109375
31138,0,calendar_2014_test,138.33624267578125,163.0,0.8330628871917725,0.0,14.088546752929688,24.66375732421875
31139,0,calendar_2014_test,149.87896728515625,147.0,0.8012516498565674,0.0,16.77323341369629,2.87896728515625
31140,0,calendar_2014_test,132.1167755126953,133.0,0.8397729396820068,0.0,13.522255897521973,0.8832244873046875
31141,0,calendar_2014_test,108.76820373535156,126.0,0.8588002324104309,0.0,11.91645622253418,17.231796264648438
31142,0,calendar_2014_test,124.81729888916016,124.0,0.8512380123138428,0.0,12.554665565490723,0.8172988891601562
31143,0,calendar_2014_test,111.00215148925781,122.0,0.8651058077812195,0.0,11.384305000305176,10.997848510742188
31144,0,calendar_2014_test,114.02462768554688,91.0,0.8772140145301819,0.0,10.36244010925293,23.024627685546875
31145,0,calendar_2014_test,86.00733947753906,98.0,0.8966494798660278,0.0,8.72219467163086,11.992660522460938
31146,0,calendar_2014_test,106.79553985595703,91.0,0.8823962211608887,0.0,9.925092697143555,15.795539855957031
31147,0,calendar_2014_test,84.94058990478516,78.0,0.8851596713066101,0.0,9.691872596740723,6.940589904785156
31148,0,calendar_2014_test,68.34048461914062,55.0,0.924828052520752,0.0,6.3440842628479,13.340484619140625
31149,0,calendar_2014_test,50.74550247192383,40.0,0.9360113739967346,0.0,5.400278568267822,10.745502471923828
31150,0,calendar_2014_test,36.410011291503906,36.0,0.9491048455238342,0.0,4.295259952545166,0.41001129150390625
31151,0,calendar_2014_test,30.768352508544922,48.0,0.9574821591377258,0.0,3.5882651805877686,17.231647491455078
31152,0,calendar_2014_test,49.78782653808594,54.0,0.9314095973968506,0.0,5.788641929626465,4.2121734619140625
31153,0,calendar_2014_test,52.73112487792969,63.0,0.9497116208076477,0.0,4.24405574798584,10.268875122070312
31154,0,calendar_2014_test,65.17904663085938,78.0,0.9180978536605835,0.0,6.912078380584717,12.820953369140625
31155,0,calendar_2014_test,83.28850555419922,74.0,0.8963613510131836,0.0,8.746511459350586,9.288505554199219
31156,0,calendar_2014_test,73.75839233398438,76.0,0.91548091173172,0.0,7.132932662963867,2.241607666015625
31157,0,calendar_2014_test,84.9032211303711,81.0,0.8910590410232544,0.0,9.19399642944336,3.9032211303710938
31158,0,calendar_2014_test,86.59373474121094,86.0,0.907500147819519,0.0,7.80646276473999,0.5937347412109375
31159,0,calendar_2014_test,90.31465911865234,89.0,0.9069337248802185,0.0,7.8542633056640625,1.3146591186523438
31160,0,calendar_2014_test,90.66483306884766,96.0,0.8881314396858215,0.0,9.441070556640625,5.335166931152344
31161,0,calendar_2014_test,96.15780639648438,99.0,0.8854913711547852,0.0,9.663878440856934,2.842193603515625
31162,0,calendar_2014_test,99.65989685058594,102.0,0.8632755875587463,0.0,11.538763046264648,2.3401031494140625
31163,0,calendar_2014_test,99.09012603759766,111.0,0.8719027042388916,0.0,10.810683250427246,11.909873962402344
31164,0,calendar_2014_test,113.3536605834961,121.0,0.8265718221664429,0.0,14.63634967803955,7.646339416503906
31165,0,calendar_2014_test,125.30802917480469,122.0,0.8511258959770203,0.0,12.564129829406738,3.3080291748046875
31166,0,calendar_2014_test,119.19109344482422,135.0,0.8238896131515503,0.0,14.862715721130371,15.808906555175781
31167,0,calendar_2014_test,135.6577606201172,145.0,0.7956507205963135,0.0,17.24591636657715,9.342239379882812
31168,0,calendar_2014_test,151.2996368408203,159.0,0.8167738318443298,0.0,15.463248252868652,7.7003631591796875
31169,0,calendar_2014_test,173.96372985839844,183.0,0.7891442775726318,0.0,17.795024871826172,9.036270141601562
31170,0,calendar_2014_test,193.39625549316406,187.0,0.7808639407157898,0.0,18.493839263916016,6.3962554931640625
31171,0,calendar_2014_test,185.91622924804688,195.0,0.7263551950454712,0.0,23.094064712524414,9.083770751953125
31172,0,calendar_2014_test,193.99179077148438,224.0,0.7353523969650269,0.0,22.334754943847656,30.008209228515625
31173,0,calendar_2014_test,231.05462646484375,259.0,0.7271234393119812,0.0,23.02923011779785,27.94537353515625
31174,0,calendar_2014_test,265.7968444824219,260.0,0.625710129737854,0.0,31.587936401367188,5.796844482421875
31175,0,calendar_2014_test,260.5071716308594,257.0,0.6640246510505676,0.0,28.35441017150879,3.507171630859375
31176,0,calendar_2014_test,254.909423828125,267.0,0.6680852174758911,0.0,28.01171875,12.090576171875
31177,0,calendar_2014_test,257.1546325683594,260.0,0.6248502135276794,0.0,31.66050910949707,2.845367431640625
31178,0,calendar_2014_test,256.05157470703125,259.0,0.6826250553131104,0.0,26.784643173217773,2.94842529296875
31179,0,calendar_2014_test,250.53457641601562,270.0,0.6604735255241394,0.0,28.654104232788086,19.465423583984375
31180,0,calendar_2014_test,262.7210998535156,234.0,0.6579869389533997,0.0,28.86395835876465,28.721099853515625
31181,0,calendar_2014_test,205.8332977294922,245.0,0.6859102249145508,0.0,26.507394790649414,39.16670227050781
31182,0,calendar_2014_test,223.08116149902344,269.0,0.7394188046455383,0.0,21.991573333740234,45.91883850097656
31183,0,calendar_2014_test,241.0597381591797,303.0,0.5493239164352417,0.0,38.03450393676758,61.94026184082031
31184,0,calendar_2014_test,303.1766662597656,272.0,0.6635904312133789,0.0,28.39105796813965,31.176666259765625
31185,0,calendar_2014_test,250.1400909423828,234.0,0.7200367450714111,0.0,23.627307891845703,16.140090942382812
31186,0,calendar_2014_test,221.2702178955078,214.0,0.7348044514656067,0.0,22.380996704101562,7.2702178955078125
31187,0,calendar_2014_test,206.8210906982422,225.0,0.7594126462936401,0.0,20.304203033447266,18.178909301757812
31188,0,calendar_2014_test,210.58477783203125,220.0,0.7445785999298096,0.0,21.55611801147461,9.41522216796875
31189,0,calendar_2014_test,213.2265625,209.0,0.7205585241317749,0.0,23.583274841308594,4.2265625
31190,0,calendar_2014_test,190.3671417236328,202.0,0.805266261100769,0.0,16.434419631958008,11.632858276367188
31191,0,calendar_2014_test,131.55764770507812,168.0,0.7624036073684692,0.0,20.05178451538086,36.442352294921875
31192,0,calendar_2014_test,116.98102569580078,13.0,0.8198900818824768,0.0,15.200254440307617,103.98102569580078
31193,0,calendar_2014_test,10.030574798583984,18.0,0.9651732444763184,0.0,2.9391777515411377,7.969425201416016
31194,0,calendar_2014_test,16.653181076049805,18.0,0.9628180265426636,0.0,3.1379494667053223,1.3468189239501953
31195,0,calendar_2014_test,14.237032890319824,13.0,0.9653441309928894,0.0,2.924760580062866,1.2370328903198242
31196,0,calendar_2014_test,9.48082447052002,10.0,0.9703893661499023,0.0,2.498966693878174,0.5191755294799805
31197,0,calendar_2014_test,8.793599128723145,11.0,0.9724690318107605,0.0,2.3234596252441406,2.2064008712768555
31198,0,calendar_2014_test,8.90748405456543,14.0,0.9824347496032715,0.0,1.4824068546295166,5.09251594543457
31199,0,calendar_2014_test,10.806185722351074,13.0,0.9649595618247986,0.0,2.9572134017944336,2.193814277648926
31200,0,calendar_2014_test,10.684066772460938,10.0,0.9747368097305298,0.0,2.1320712566375732,0.6840667724609375
31201,0,calendar_2014_test,9.168841361999512,10.0,0.973014235496521,0.0,2.2774436473846436,0.8311586380004883
31202,0,calendar_2014_test,10.103313446044922,10.0,0.9814984798431396,0.0,1.5614255666732788,0.10331344604492188
31203,0,calendar_2014_test,10.365788459777832,11.0,0.9803202748298645,0.0,1.6608556509017944,0.634211540222168
31204,0,calendar_2014_test,13.680913925170898,11.0,0.9743056297302246,0.0,2.1684579849243164,2.6809139251708984
31205,0,calendar_2014_test,12.401175498962402,11.0,0.9807754755020142,0.0,1.6224430799484253,1.4011754989624023
31206,0,calendar_2014_test,12.066771507263184,12.0,0.9795367121696472,0.0,1.7269848585128784,0.0667715072631836
31207,0,calendar_2014_test,13.578423500061035,13.0,0.9793187379837036,0.0,1.7453796863555908,0.5784235000610352
31208,0,calendar_2014_test,14.214334487915039,11.0,0.9667508006095886,0.0,2.806044340133667,3.214334487915039
31209,0,calendar_2014_test,12.99874496459961,10.0,0.9823586940765381,0.0,1.4888259172439575,2.9987449645996094
31210,0,calendar_2014_test,12.779504776000977,9.0,0.9683476090431213,0.0,2.6712806224823,3.7795047760009766
31211,0,calendar_2014_test,12.295686721801758,13.0,0.9775756001472473,0.0,1.8924908638000488,0.7043132781982422
31212,0,calendar_2014_test,11.7680082321167,13.0,0.9792549014091492,0.0,1.7507692575454712,1.2319917678833008
31213,0,calendar_2014_test,13.28925895690918,13.0,0.9717714786529541,0.0,2.382326364517212,0.2892589569091797
31214,0,calendar_2014_test,16.39426040649414,15.0,0.9710981249809265,0.0,2.4391555786132812,1.3942604064941406
31215,0,calendar_2014_test,18.207338333129883,20.0,0.9748802185058594,0.0,2.119968891143799,1.7926616668701172
31216,0,calendar_2014_test,23.46114730834961,41.0,0.9616179466247559,0.0,3.239229679107666,17.53885269165039
31217,0,calendar_2014_test,42.64537048339844,35.0,0.9527063369750977,0.0,3.9913151264190674,7.6453704833984375
31218,0,calendar_2014_test,31.56307029724121,52.0,0.9700496196746826,0.0,2.5276412963867188,20.43692970275879
31219,0,calendar_2014_test,47.33956527709961,66.0,0.9398653507232666,0.0,5.075024604797363,18.66043472290039
31220,0,calendar_2014_test,60.04638671875,36.0,0.9259544014930725,0.0,6.249027729034424,24.04638671875
31221,0,calendar_2014_test,27.168941497802734,18.0,0.9746061563491821,0.0,2.1430952548980713,9.168941497802734
31222,0,calendar_2014_test,16.017919540405273,20.0,0.9769894480705261,0.0,1.9419575929641724,3.9820804595947266
31223,0,calendar_2014_test,18.451269149780273,20.0,0.9738247990608215,0.0,2.2090394496917725,1.5487308502197266
31224,0,calendar_2014_test,17.575763702392578,14.0,0.9659519195556641,0.0,2.873464822769165,3.575763702392578
31225,0,calendar_2014_test,15.137974739074707,15.0,0.9711083173751831,0.0,2.4382927417755127,0.13797473907470703
31226,0,calendar_2014_test,17.223718643188477,18.0,0.9714438319206238,0.0,2.409977674484253,0.7762813568115234
31227,0,calendar_2014_test,18.970251083374023,21.0,0.964371919631958,0.0,3.0068092346191406,2.0297489166259766
31228,0,calendar_2014_test,20.914581298828125,32.0,0.9684016108512878,0.0,2.6667251586914062,11.085418701171875
31229,0,calendar_2014_test,27.271244049072266,21.0,0.9664391279220581,0.0,2.8323471546173096,6.271244049072266
31230,0,calendar_2014_test,18.637489318847656,19.0,0.9750018119812012,0.0,2.1097028255462646,0.36251068115234375
31231,0,calendar_2014_test,19.02434730529785,12.0,0.97393399477005,0.0,2.199824094772339,7.024347305297852
31232,0,calendar_2014_test,13.109057426452637,15.0,0.9751052260398865,0.0,2.100977659225464,1.8909425735473633
31233,0,calendar_2014_test,14.537383079528809,16.0,0.9761295318603516,0.0,2.014533042907715,1.4626169204711914
31234,0,calendar_2014_test,19.137357711791992,14.0,0.9718571901321411,0.0,2.3750927448272705,5.137357711791992
31235,0,calendar_2014_test,17.888586044311523,18.0,0.9763814806938171,0.0,1.9932665824890137,0.11141395568847656
31236,0,calendar_2014_test,21.902666091918945,20.0,0.9705571532249451,0.0,2.484808921813965,1.9026660919189453
31237,0,calendar_2014_test,24.53716468811035,19.0,0.9721205234527588,0.0,2.3528711795806885,5.537164688110352
31238,0,calendar_2014_test,21.826452255249023,28.0,0.9790886044502258,0.0,1.764802098274231,6.173547744750977
31239,0,calendar_2014_test,31.035062789916992,32.0,0.9629903435707092,0.0,3.123403787612915,0.9649372100830078
31240,0,calendar_2014_test,35.208133697509766,40.0,0.9578729867935181,0.0,3.5552785396575928,4.791866302490234
31241,0,calendar_2014_test,41.25725173950195,39.0,0.9529048204421997,0.0,3.9745681285858154,2.257251739501953
31242,0,calendar_2014_test,36.42287826538086,22.0,0.9564744234085083,0.0,3.673311948776245,14.42287826538086
31243,0,calendar_2014_test,19.868919372558594,37.0,0.9718619585037231,0.0,2.3746886253356934,17.131080627441406
31244,0,calendar_2014_test,32.86751174926758,24.0,0.9507948756217957,0.0,4.152634620666504,8.867511749267578
31245,0,calendar_2014_test,22.891950607299805,19.0,0.972105085849762,0.0,2.3541722297668457,3.8919506072998047
31246,0,calendar_2014_test,19.161365509033203,11.0,0.9706971049308777,0.0,2.4729983806610107,8.161365509033203
31247,0,calendar_2014_test,14.584035873413086,13.0,0.9716166257858276,0.0,2.395397424697876,1.584035873413086
31248,0,calendar_2014_test,15.121926307678223,11.0,0.9753766059875488,0.0,2.0780766010284424,4.121926307678223
31249,0,calendar_2014_test,14.092601776123047,10.0,0.9717414975166321,0.0,2.3848564624786377,4.092601776123047
31250,0,calendar_2014_test,12.824864387512207,7.0,0.9841103553771973,0.0,1.3409978151321411,5.824864387512207
31251,0,calendar_2014_test,11.737183570861816,12.0,0.9816925525665283,0.0,1.5450465679168701,0.2628164291381836
31252,0,calendar_2014_test,15.706452369689941,15.0,0.9739196300506592,0.0,2.2010374069213867,0.7064523696899414
31253,0,calendar_2014_test,17.494070053100586,12.0,0.97891765832901,0.0,1.7792285680770874,5.494070053100586
31254,0,calendar_2014_test,16.435815811157227,16.0,0.9776143431663513,0.0,1.889224648475647,0.43581581115722656
31255,0,calendar_2014_test,17.01167106628418,7.0,0.9807292222976685,0.0,1.6263419389724731,10.01167106628418
31256,0,calendar_2014_test,11.098215103149414,12.0,0.9739550352096558,0.0,2.1980490684509277,0.9017848968505859
31257,0,calendar_2014_test,13.96190357208252,19.0,0.975738525390625,0.0,2.0475289821624756,5.0380964279174805
31258,0,calendar_2014_test,20.37933921813965,22.0,0.9703767895698547,0.0,2.5000288486480713,1.6206607818603516
31259,0,calendar_2014_test,22.356861114501953,22.0,0.9694839119911194,0.0,2.5753848552703857,0.3568611145019531
31260,0,calendar_2014_test,24.017383575439453,16.0,0.9683451056480408,0.0,2.6714937686920166,8.017383575439453
31261,0,calendar_2014_test,20.999244689941406,20.0,0.9691041111946106,0.0,2.607438802719116,0.9992446899414062
31262,0,calendar_2014_test,23.639463424682617,30.0,0.972104549407959,0.0,2.3542182445526123,6.360536575317383
31263,0,calendar_2014_test,34.37626266479492,32.0,0.9548559784889221,0.0,3.809900999069214,2.376262664794922
31264,0,calendar_2014_test,35.56818389892578,38.0,0.9457075595855713,0.0,4.581971645355225,2.4318161010742188
31265,0,calendar_2014_test,41.12748718261719,52.0,0.9488564133644104,0.0,4.316228866577148,10.872512817382812
31266,0,calendar_2014_test,55.26385498046875,63.0,0.9402633905410767,0.0,5.04142951965332,7.73614501953125
31267,0,calendar_2014_test,65.50385284423828,66.0,0.9377290606498718,0.0,5.255313873291016,0.49614715576171875
31268,0,calendar_2014_test,68.79429626464844,72.0,0.9317814111709595,0.0,5.75726318359375,3.2057037353515625
31269,0,calendar_2014_test,74.39744567871094,63.0,0.9153343439102173,0.0,7.145302772521973,11.397445678710938
31270,0,calendar_2014_test,63.122596740722656,69.0,0.9281193614006042,0.0,6.066317081451416,5.877403259277344
31271,0,calendar_2014_test,72.27194213867188,78.0,0.9108012318611145,0.0,7.527868270874023,5.728057861328125
31272,0,calendar_2014_test,78.10771942138672,85.0,0.90726238489151,0.0,7.826527118682861,6.892280578613281
31273,0,calendar_2014_test,87.25516510009766,82.0,0.8881779909133911,0.0,9.437142372131348,5.255165100097656
31274,0,calendar_2014_test,84.64797973632812,87.0,0.8949949145317078,0.0,8.861834526062012,2.352020263671875
31275,0,calendar_2014_test,97.68830871582031,93.0,0.8757631182670593,0.0,10.484888076782227,4.6883087158203125
31276,0,calendar_2014_test,92.31497955322266,116.0,0.8693959712982178,0.0,11.022235870361328,23.685020446777344
31277,0,calendar_2014_test,117.31587219238281,99.0,0.8685706853866577,0.0,11.09188461303711,18.315872192382812
31278,0,calendar_2014_test,91.39417266845703,88.0,0.8994615077972412,0.0,8.484877586364746,3.3941726684570312
31279,0,calendar_2014_test,83.06858825683594,91.0,0.9126519560813904,0.0,7.37168025970459,7.9314117431640625
31280,0,calendar_2014_test,90.64623260498047,109.0,0.8942884802818298,0.0,8.9214506149292,18.35376739501953
31281,0,calendar_2014_test,106.0758285522461,110.0,0.8808327913284302,0.0,10.05703353881836,3.9241714477539062
31282,0,calendar_2014_test,99.86360168457031,109.0,0.8641219139099121,0.0,11.467336654663086,9.136398315429688
31283,0,calendar_2014_test,100.30455017089844,123.0,0.9005278944969177,0.0,8.394879341125488,22.695449829101562
31284,0,calendar_2014_test,116.55915069580078,136.0,0.8493045568466187,0.0,12.717840194702148,19.44084930419922
31285,0,calendar_2014_test,132.4046630859375,119.0,0.8322499990463257,0.0,14.157147407531738,13.4046630859375
31286,0,calendar_2014_test,113.04318237304688,116.0,0.8776338696479797,0.0,10.327006340026855,2.956817626953125
31287,0,calendar_2014_test,116.30335998535156,101.0,0.8535382747650146,0.0,12.360539436340332,15.303359985351562
31288,0,calendar_2014_test,100.36862182617188,131.0,0.895469069480896,0.0,8.821815490722656,30.631378173828125
31289,0,calendar_2014_test,135.08180236816406,168.0,0.834935188293457,0.0,13.930532455444336,32.91819763183594
31290,0,calendar_2014_test,160.56475830078125,189.0,0.823935329914093,0.0,14.858856201171875,28.43524169921875
31291,0,calendar_2014_test,188.00051879882812,183.0,0.8280124664306641,0.0,14.51476764678955,5.000518798828125
31292,0,calendar_2014_test,158.1302947998047,205.0,0.8253011703491211,0.0,14.74359130859375,46.86970520019531
31293,0,calendar_2014_test,183.4157257080078,188.0,0.796488344669342,0.0,17.175228118896484,4.5842742919921875
31294,0,calendar_2014_test,176.3740234375,148.0,0.8099907040596008,0.0,16.035703659057617,28.3740234375
31295,0,calendar_2014_test,131.17124938964844,137.0,0.8430981040000916,0.0,13.24162769317627,5.8287506103515625
31296,0,calendar_2014_test,133.99447631835938,140.0,0.8592182993888855,0.0,11.881174087524414,6.005523681640625
31297,0,calendar_2014_test,136.88656616210938,141.0,0.8148100972175598,0.0,15.628974914550781,4.113433837890625
31298,0,calendar_2014_test,127.83783721923828,121.0,0.8441756963729858,0.0,13.150687217712402,6.837837219238281
31299,0,calendar_2014_test,119.2543716430664,109.0,0.8225671648979187,0.0,14.974322319030762,10.254371643066406
31300,0,calendar_2014_test,110.77940368652344,83.0,0.8481277823448181,0.0,12.817151069641113,27.779403686523438
31301,0,calendar_2014_test,70.62010192871094,78.0,0.9102342128753662,0.0,7.575721740722656,7.3798980712890625
31302,0,calendar_2014_test,77.52182006835938,77.0,0.8941722512245178,0.0,8.931262016296387,0.521820068359375
31303,0,calendar_2014_test,73.57372283935547,79.0,0.9172807931900024,0.0,6.98103141784668,5.426277160644531
31304,0,calendar_2014_test,69.97097778320312,73.0,0.9189332723617554,0.0,6.841568470001221,3.029022216796875
31305,0,calendar_2014_test,75.57086944580078,75.0,0.9152714014053345,0.0,7.1506147384643555,0.5708694458007812
31306,0,calendar_2014_test,75.76519012451172,91.0,0.915176510810852,0.0,7.158619403839111,15.234809875488281
31307,0,calendar_2014_test,96.3418960571289,104.0,0.8977131247520447,0.0,8.632429122924805,7.658103942871094
31308,0,calendar_2014_test,104.33605194091797,116.0,0.859167754650116,0.0,11.8854398727417,11.663948059082031
31309,0,calendar_2014_test,116.70327758789062,121.0,0.8536064624786377,0.0,12.354784965515137,4.296722412109375
31310,0,calendar_2014_test,124.08977508544922,137.0,0.851659893989563,0.0,12.519062042236328,12.910224914550781
31311,0,calendar_2014_test,138.0630340576172,151.0,0.8577744960784912,0.0,12.003021240234375,12.936965942382812
31312,0,calendar_2014_test,144.7512664794922,159.0,0.7903299927711487,0.0,17.694957733154297,14.248733520507812
31313,0,calendar_2014_test,157.50454711914062,157.0,0.8052499890327454,0.0,16.435794830322266,0.504547119140625
31314,0,calendar_2014_test,145.25665283203125,151.0,0.8042022585868835,0.0,16.524215698242188,5.74334716796875
31315,0,calendar_2014_test,145.46762084960938,150.0,0.8210770487785339,0.0,15.100078582763672,4.532379150390625
31316,0,calendar_2014_test,153.55271911621094,149.0,0.8071134686470032,0.0,16.278528213500977,4.5527191162109375
31317,0,calendar_2014_test,148.19029235839844,141.0,0.8356626033782959,0.0,13.869144439697266,7.1902923583984375
31318,0,calendar_2014_test,137.95863342285156,144.0,0.7784736156463623,0.0,18.69556999206543,6.0413665771484375
31319,0,calendar_2014_test,146.34274291992188,148.0,0.763696551322937,0.0,19.942670822143555,1.657257080078125
31320,0,calendar_2014_test,150.2235870361328,144.0,0.8502590656280518,0.0,12.63728141784668,6.2235870361328125
31321,0,calendar_2014_test,144.28466796875,150.0,0.8073033690452576,0.0,16.26249885559082,5.71533203125
31322,0,calendar_2014_test,152.89987182617188,152.0,0.8461703062057495,0.0,12.982349395751953,0.899871826171875
31323,0,calendar_2014_test,155.1427459716797,155.0,0.8151080012321472,0.0,15.603835105895996,0.1427459716796875
31324,0,calendar_2014_test,148.47335815429688,165.0,0.7859400510787964,0.0,18.06544303894043,16.526641845703125
31325,0,calendar_2014_test,153.37867736816406,181.0,0.7532032132148743,0.0,20.828245162963867,27.621322631835938
31326,0,calendar_2014_test,169.38172912597656,191.0,0.7559933066368103,0.0,20.5927791595459,21.618270874023438
31327,0,calendar_2014_test,146.53472900390625,124.0,0.8088379502296448,0.0,16.132991790771484,22.53472900390625
31328,0,calendar_2014_test,82.2056884765625,36.0,0.8903518319129944,0.0,9.253684043884277,46.2056884765625
31329,0,calendar_2014_test,31.166683197021484,40.0,0.9542514681816101,0.0,3.8609158992767334,8.833316802978516
31330,0,calendar_2014_test,33.29595947265625,49.0,0.952046275138855,0.0,4.047019958496094,15.70404052734375
31331,0,calendar_2014_test,41.36248779296875,30.0,0.940036416053772,0.0,5.060585975646973,11.36248779296875
31332,0,calendar_2014_test,26.369104385375977,27.0,0.9655426740646362,0.0,2.9080007076263428,0.6308956146240234
31333,0,calendar_2014_test,25.476573944091797,27.0,0.9581319689750671,0.0,3.533425807952881,1.5234260559082031
31334,0,calendar_2014_test,24.946279525756836,22.0,0.9645816683769226,0.0,2.989107847213745,2.946279525756836
31335,0,calendar_2014_test,20.647632598876953,24.0,0.9764478206634521,0.0,1.9876692295074463,3.352367401123047
31336,0,calendar_2014_test,22.999773025512695,21.0,0.9720773100852966,0.0,2.3565149307250977,1.9997730255126953
31337,0,calendar_2014_test,20.021791458129883,26.0,0.9710937142372131,0.0,2.439527988433838,5.978208541870117
31338,0,calendar_2014_test,22.325403213500977,17.0,0.9700769186019897,0.0,2.5253398418426514,5.325403213500977
31339,0,calendar_2014_test,17.644155502319336,23.0,0.971977710723877,0.0,2.364924192428589,5.355844497680664
31340,0,calendar_2014_test,18.119190216064453,23.0,0.9691944718360901,0.0,2.599813222885132,4.880809783935547
31341,0,calendar_2014_test,17.988609313964844,21.0,0.9713195562362671,0.0,2.420464038848877,3.0113906860351562
31342,0,calendar_2014_test,16.033397674560547,21.0,0.9717990159988403,0.0,2.380005359649658,4.966602325439453
31343,0,calendar_2014_test,16.677650451660156,17.0,0.9662060141563416,0.0,2.8520209789276123,0.32234954833984375
31344,0,calendar_2014_test,13.113311767578125,15.0,0.9771915674209595,0.0,1.9249032735824585,1.886688232421875
31345,0,calendar_2014_test,13.38566780090332,13.0,0.9723609685897827,0.0,2.332576274871826,0.3856678009033203
31346,0,calendar_2014_test,12.033048629760742,17.0,0.9737057089805603,0.0,2.219088315963745,4.966951370239258
31347,0,calendar_2014_test,14.612834930419922,14.0,0.9755669236183167,0.0,2.0620129108428955,0.6128349304199219
31348,0,calendar_2014_test,14.33259105682373,20.0,0.9783704280853271,0.0,1.8254117965698242,5.6674089431762695
31349,0,calendar_2014_test,16.682899475097656,18.0,0.9749113321304321,0.0,2.1173408031463623,1.3171005249023438
31350,0,calendar_2014_test,22.248973846435547,16.0,0.9682745337486267,0.0,2.6774492263793945,6.248973846435547
31351,0,calendar_2014_test,23.56963348388672,27.0,0.9658251404762268,0.0,2.884164333343506,3.4303665161132812
31352,0,calendar_2014_test,28.672327041625977,52.0,0.9660401940345764,0.0,2.866013288497925,23.327672958374023
31353,0,calendar_2014_test,51.38249588012695,67.0,0.9419242739677429,0.0,4.901259422302246,15.617504119873047
31354,0,calendar_2014_test,65.70315551757812,76.0,0.9239704012870789,0.0,6.416464805603027,10.296844482421875
31355,0,calendar_2014_test,70.33992767333984,79.0,0.9297791719436646,0.0,5.926237106323242,8.660072326660156
31356,0,calendar_2014_test,78.73135375976562,76.0,0.8985447883605957,0.0,8.562241554260254,2.731353759765625
31357,0,calendar_2014_test,75.08509063720703,66.0,0.9260421991348267,0.0,6.2416181564331055,9.085090637207031
31358,0,calendar_2014_test,64.88070678710938,60.0,0.924873948097229,0.0,6.340214252471924,4.880706787109375
31359,0,calendar_2014_test,55.88372802734375,66.0,0.9149975776672363,0.0,7.173722267150879,10.11627197265625
31360,0,calendar_2014_test,65.70587921142578,61.0,0.9352943301200867,0.0,5.460789680480957,4.705879211425781
31361,0,calendar_2014_test,57.691097259521484,57.0,0.9437842965126038,0.0,4.744287490844727,0.6910972595214844
31362,0,calendar_2014_test,55.220035552978516,47.0,0.9459743499755859,0.0,4.559455394744873,8.220035552978516
31363,0,calendar_2014_test,46.730281829833984,30.0,0.9544791579246521,0.0,3.841700792312622,16.730281829833984
31364,0,calendar_2014_test,31.844297409057617,34.0,0.9588910937309265,0.0,3.4693570137023926,2.155702590942383
31365,0,calendar_2014_test,36.87108612060547,29.0,0.954457700252533,0.0,3.843510627746582,7.871086120605469
31366,0,calendar_2014_test,32.204193115234375,47.0,0.9670131206512451,0.0,2.7839066982269287,14.795806884765625
31367,0,calendar_2014_test,47.64764404296875,72.0,0.9470012784004211,0.0,4.4727911949157715,24.35235595703125
31368,0,calendar_2014_test,74.65259552001953,73.0,0.8903378844261169,0.0,9.254859924316406,1.6525955200195312
31369,0,calendar_2014_test,79.09667205810547,70.0,0.9126597046852112,0.0,7.371022701263428,9.096672058105469
31370,0,calendar_2014_test,78.07273864746094,78.0,0.9155809879302979,0.0,7.124487400054932,0.0727386474609375
31371,0,calendar_2014_test,87.08064270019531,90.0,0.9049770832061768,0.0,8.019396781921387,2.9193572998046875
31372,0,calendar_2014_test,93.51763153076172,92.0,0.8742311000823975,0.0,10.614179611206055,1.5176315307617188
31373,0,calendar_2014_test,94.60499572753906,94.0,0.9008427858352661,0.0,8.368305206298828,0.6049957275390625
31374,0,calendar_2014_test,94.38815307617188,96.0,0.8788233995437622,0.0,10.226617813110352,1.611846923828125
31375,0,calendar_2014_test,92.68495178222656,77.0,0.9037081599235535,0.0,8.126484870910645,15.684951782226562
31376,0,calendar_2014_test,70.17387390136719,79.0,0.9080117344856262,0.0,7.763288974761963,8.826126098632812
31377,0,calendar_2014_test,76.63267517089844,79.0,0.9131380319595337,0.0,7.3306565284729,2.3673248291015625
31378,0,calendar_2014_test,78.42713928222656,74.0,0.9085030555725098,0.0,7.721822738647461,4.4271392822265625
31379,0,calendar_2014_test,69.32537078857422,76.0,0.9073650240898132,0.0,7.817866802215576,6.674629211425781
31380,0,calendar_2014_test,71.4012680053711,66.0,0.9075855016708374,0.0,7.799261093139648,5.401268005371094
31381,0,calendar_2014_test,67.4844741821289,44.0,0.9347979426383972,0.0,5.502681732177734,23.484474182128906
31382,0,calendar_2014_test,43.80322265625,48.0,0.9581322073936462,0.0,3.5334038734436035,4.19677734375
31383,0,calendar_2014_test,50.68235397338867,52.0,0.9354844689369202,0.0,5.4447455406188965,1.3176460266113281
31384,0,calendar_2014_test,50.664939880371094,20.0,0.948261022567749,0.0,4.366477012634277,30.664939880371094
31385,0,calendar_2014_test,18.52480125427246,15.0,0.9722040891647339,0.0,2.345817804336548,3.524801254272461
31386,0,calendar_2014_test,14.975085258483887,13.0,0.9761489033699036,0.0,2.012894868850708,1.9750852584838867
31387,0,calendar_2014_test,13.48951530456543,14.0,0.9724923372268677,0.0,2.3214895725250244,0.5104846954345703
31388,0,calendar_2014_test,12.990839004516602,10.0,0.9781094193458557,0.0,1.8474384546279907,2.9908390045166016
31389,0,calendar_2014_test,10.562325477600098,7.0,0.9704342484474182,0.0,2.495180130004883,3.5623254776000977
31390,0,calendar_2014_test,8.91757869720459,5.0,0.9775011539459229,0.0,1.898774266242981,3.91757869720459
31391,0,calendar_2014_test,7.955349922180176,6.0,0.9729253649711609,0.0,2.2849464416503906,1.9553499221801758
31392,0,calendar_2014_test,8.820207595825195,7.0,0.9837614893913269,0.0,1.370438575744629,1.8202075958251953
31393,0,calendar_2014_test,9.32133960723877,10.0,0.9752674102783203,0.0,2.0872886180877686,0.6786603927612305
31394,0,calendar_2014_test,11.014924049377441,9.0,0.9802172183990479,0.0,1.669551968574524,2.0149240493774414
31395,0,calendar_2014_test,11.371259689331055,11.0,0.9776758551597595,0.0,1.8840323686599731,0.3712596893310547
31396,0,calendar_2014_test,13.343966484069824,9.0,0.9800710678100586,0.0,1.6818902492523193,4.343966484069824
31397,0,calendar_2014_test,12.357511520385742,11.0,0.9782587885856628,0.0,1.8348355293273926,1.3575115203857422
31398,0,calendar_2014_test,13.325485229492188,13.0,0.9820058941841125,0.0,1.5185980796813965,0.3254852294921875
31399,0,calendar_2014_test,13.460816383361816,11.0,0.9805102348327637,0.0,1.6448230743408203,2.4608163833618164
31400,0,calendar_2014_test,13.60933780670166,17.0,0.9816069602966309,0.0,1.5522701740264893,3.39066219329834
31401,0,calendar_2014_test,13.487781524658203,14.0,0.9728947877883911,0.0,2.287524938583374,0.5122184753417969
31402,0,calendar_2014_test,12.310073852539062,13.0,0.9774532914161682,0.0,1.9028162956237793,0.6899261474609375
31403,0,calendar_2014_test,13.030795097351074,9.0,0.9723787903785706,0.0,2.331073760986328,4.030795097351074
31404,0,calendar_2014_test,13.589024543762207,7.0,0.9718964099884033,0.0,2.3717825412750244,6.589024543762207
31405,0,calendar_2014_test,9.94324016571045,9.0,0.9740534424781799,0.0,2.1897401809692383,0.9432401657104492
31406,0,calendar_2014_test,13.429011344909668,11.0,0.9704815745353699,0.0,2.491187334060669,2.429011344909668
31407,0,calendar_2014_test,13.278829574584961,12.0,0.9730101823806763,0.0,2.2777886390686035,1.278829574584961
31408,0,calendar_2014_test,16.16747283935547,18.0,0.9698203802108765,0.0,2.5469894409179688,1.8325271606445312
31409,0,calendar_2014_test,18.847057342529297,11.0,0.9682708978652954,0.0,2.6777560710906982,7.847057342529297
31410,0,calendar_2014_test,14.194025039672852,11.0,0.9725086092948914,0.0,2.3201189041137695,3.1940250396728516
31411,0,calendar_2014_test,15.391875267028809,7.0,0.9749372005462646,0.0,2.115159749984741,8.391875267028809
31412,0,calendar_2014_test,10.92752456665039,6.0,0.9747748970985413,0.0,2.1288561820983887,4.927524566650391
31413,0,calendar_2014_test,10.217599868774414,5.0,0.9747554063796997,0.0,2.1304996013641357,5.217599868774414
31414,0,calendar_2014_test,10.085476875305176,7.0,0.9811344146728516,0.0,1.5921460390090942,3.085476875305176
31415,0,calendar_2014_test,10.171746253967285,12.0,0.9805274605751038,0.0,1.643371820449829,1.8282537460327148
31416,0,calendar_2014_test,12.951761245727539,13.0,0.9825457334518433,0.0,1.4730384349822998,0.04823875427246094
31417,0,calendar_2014_test,13.484865188598633,17.0,0.9761161804199219,0.0,2.0156607627868652,3.515134811401367
31418,0,calendar_2014_test,22.081079483032227,16.0,0.9683235287666321,0.0,2.6733145713806152,6.081079483032227
31419,0,calendar_2014_test,16.920297622680664,26.0,0.9735540151596069,0.0,2.231889247894287,9.079702377319336
31420,0,calendar_2014_test,23.43695068359375,18.0,0.9687514901161194,0.0,2.6371970176696777,5.43695068359375
31421,0,calendar_2014_test,17.495973587036133,19.0,0.9736784100532532,0.0,2.22139310836792,1.5040264129638672
31422,0,calendar_2014_test,17.282093048095703,21.0,0.9771142601966858,0.0,1.9314250946044922,3.717906951904297
31423,0,calendar_2014_test,22.639978408813477,24.0,0.9728159308433533,0.0,2.294180393218994,1.3600215911865234
31424,0,calendar_2014_test,22.097412109375,20.0,0.9746755361557007,0.0,2.1372406482696533,2.097412109375
31425,0,calendar_2014_test,18.986909866333008,22.0,0.9723195433616638,0.0,2.336071014404297,3.013090133666992
31426,0,calendar_2014_test,17.933631896972656,18.0,0.974530816078186,0.0,2.149453639984131,0.06636810302734375
31427,0,calendar_2014_test,18.879350662231445,19.0,0.9748420119285583,0.0,2.1231932640075684,0.12064933776855469
31428,0,calendar_2014_test,14.077469825744629,16.0,0.9721688032150269,0.0,2.3487961292266846,1.922530174255371
31429,0,calendar_2014_test,15.498366355895996,11.0,0.9760928153991699,0.0,2.017632246017456,4.498366355895996
31430,0,calendar_2014_test,18.71088218688965,17.0,0.9729528427124023,0.0,2.2826285362243652,1.7108821868896484
31431,0,calendar_2014_test,23.123559951782227,31.0,0.963668704032898,0.0,3.0661559104919434,7.876440048217773
31432,0,calendar_2014_test,36.69244384765625,61.0,0.945761501789093,0.0,4.577419281005859,24.30755615234375
31433,0,calendar_2014_test,67.0749740600586,151.0,0.9267977476119995,0.0,6.177856922149658,83.9250259399414
31434,0,calendar_2014_test,134.6153106689453,163.0,0.8486300706863403,0.0,12.774762153625488,28.384689331054688
31435,0,calendar_2014_test,153.17422485351562,98.0,0.817312479019165,0.0,15.41778564453125,55.174224853515625
31436,0,calendar_2014_test,79.29761505126953,96.0,0.896485447883606,0.0,8.736041069030762,16.70238494873047
31437,0,calendar_2014_test,95.81906127929688,119.0,0.8795571327209473,0.0,10.164691925048828,23.180938720703125
31438,0,calendar_2014_test,123.51097106933594,125.0,0.8459799289703369,0.0,12.99841594696045,1.4890289306640625
31439,0,calendar_2014_test,116.80321502685547,136.0,0.8799014687538147,0.0,10.135635375976562,19.19678497314453
31440,0,calendar_2014_test,136.4655303955078,147.0,0.829293966293335,0.0,14.406620979309082,10.534469604492188
31441,0,calendar_2014_test,138.22750854492188,150.0,0.8222180008888245,0.0,15.003788948059082,11.772491455078125
31442,0,calendar_2014_test,142.82415771484375,150.0,0.8162983655929565,0.0,15.503373146057129,7.17584228515625
31443,0,calendar_2014_test,137.91702270507812,173.0,0.8407997488975525,0.0,13.435596466064453,35.082977294921875
31444,0,calendar_2014_test,164.0959930419922,184.0,0.7874411344528198,0.0,17.938758850097656,19.904006958007812
31445,0,calendar_2014_test,170.11865234375,191.0,0.7690954208374023,0.0,19.487031936645508,20.88134765625
31446,0,calendar_2014_test,174.1419219970703,166.0,0.8151324987411499,0.0,15.601767539978027,8.141921997070312
31447,0,calendar_2014_test,126.3187484741211,128.0,0.803027331829071,0.0,16.623374938964844,1.6812515258789062
31448,0,calendar_2014_test,104.2895278930664,141.0,0.8443969488143921,0.0,13.132012367248535,36.710472106933594
31449,0,calendar_2014_test,131.33094787597656,141.0,0.8446577191352844,0.0,13.110005378723145,9.669052124023438
31450,0,calendar_2014_test,136.92396545410156,145.0,0.8392675518989563,0.0,13.56490707397461,8.076034545898438
31451,0,calendar_2014_test,134.6802520751953,156.0,0.8122361898422241,0.0,15.846197128295898,21.319747924804688
31452,0,calendar_2014_test,144.89456176757812,160.0,0.8116763234138489,0.0,15.893449783325195,15.105438232421875
31453,0,calendar_2014_test,155.44894409179688,165.0,0.8321071863174438,0.0,14.169198989868164,9.551055908203125
31454,0,calendar_2014_test,166.3143768310547,155.0,0.8085213303565979,0.0,16.159709930419922,11.314376831054688
31455,0,calendar_2014_test,145.55630493164062,118.0,0.8137306571006775,0.0,15.720073699951172,27.556304931640625
31456,0,calendar_2014_test,103.38014221191406,152.0,0.8471658229827881,0.0,12.898338317871094,48.61985778808594
31457,0,calendar_2014_test,150.94908142089844,214.0,0.8084132671356201,0.0,16.16883087158203,63.05091857910156
31458,0,calendar_2014_test,212.05386352539062,249.0,0.7338178157806396,0.0,22.464265823364258,36.946136474609375
31459,0,calendar_2014_test,247.4999542236328,247.0,0.6912838220596313,0.0,26.05389404296875,0.4999542236328125
31460,0,calendar_2014_test,242.52215576171875,248.0,0.7317314147949219,0.0,22.64034080505371,5.47784423828125
31461,0,calendar_2014_test,248.23719787597656,253.0,0.6560382843017578,0.0,29.028413772583008,4.7628021240234375
31462,0,calendar_2014_test,252.87843322753906,261.0,0.7363909482955933,0.0,22.247102737426758,8.121566772460938
31463,0,calendar_2014_test,266.1856384277344,257.0,0.5975767970085144,0.0,33.96223068237305,9.185638427734375
31464,0,calendar_2014_test,249.83120727539062,262.0,0.7462257146835327,0.0,21.417104721069336,12.168792724609375
31465,0,calendar_2014_test,261.34136962890625,270.0,0.64006507396698,0.0,30.3764591217041,8.65863037109375
31466,0,calendar_2014_test,261.0345764160156,262.0,0.6545528769493103,0.0,29.15377426147461,0.965423583984375
31467,0,calendar_2014_test,260.3834533691406,260.0,0.6608486175537109,0.0,28.62244987487793,0.383453369140625
31468,0,calendar_2014_test,256.0862731933594,271.0,0.6626417636871338,0.0,28.471115112304688,14.913726806640625
31469,0,calendar_2014_test,258.5516662597656,281.0,0.7381086945533752,0.0,22.10213851928711,22.448333740234375
31470,0,calendar_2014_test,270.4896545410156,280.0,0.72049880027771,0.0,23.58831214904785,9.510345458984375
31471,0,calendar_2014_test,263.2181091308594,270.0,0.6181427240371704,0.0,32.22658157348633,6.781890869140625
31472,0,calendar_2014_test,245.75341796875,277.0,0.7416888475418091,0.0,21.799989700317383,31.24658203125
31473,0,calendar_2014_test,258.4743957519531,249.0,0.5338626503944397,0.0,39.3393440246582,9.474395751953125
31474,0,calendar_2014_test,230.494873046875,242.0,0.7083705067634583,0.0,24.61187171936035,11.505126953125
31475,0,calendar_2014_test,231.0431671142578,192.0,0.7181312441825867,0.0,23.78812026977539,39.04316711425781
31476,0,calendar_2014_test,167.072265625,167.0,0.7488621473312378,0.0,21.19460678100586,0.072265625
31477,0,calendar_2014_test,157.98797607421875,168.0,0.7774778604507446,0.0,18.779605865478516,10.01202392578125
31478,0,calendar_2014_test,172.52822875976562,184.0,0.8114155530929565,0.0,15.915458679199219,11.471771240234375
31479,0,calendar_2014_test,188.6360321044922,199.0,0.8013430833816528,0.0,16.765514373779297,10.363967895507812
31480,0,calendar_2014_test,210.32333374023438,225.0,0.748809814453125,0.0,21.19902229309082,14.676666259765625
31481,0,calendar_2014_test,228.3549041748047,252.0,0.6303795576095581,0.0,31.19386863708496,23.645095825195312
31482,0,calendar_2014_test,267.8260192871094,277.0,0.6694115996360779,0.0,27.899782180786133,9.173980712890625
31483,0,calendar_2014_test,284.8795166015625,290.0,0.6557294130325317,0.0,29.05448341369629,5.1204833984375
31484,0,calendar_2014_test,286.7238464355469,299.0,0.5962121486663818,0.0,34.07740020751953,12.276153564453125
31485,0,calendar_2014_test,290.4200744628906,326.0,0.5949007272720337,0.0,34.188079833984375,35.579925537109375
31486,0,calendar_2014_test,321.3537902832031,324.0,0.5883845686912537,0.0,34.73800277709961,2.646209716796875
31487,0,calendar_2014_test,315.2877197265625,320.0,0.5380322337150574,0.0,38.98745346069336,4.7122802734375
31488,0,calendar_2014_test,305.25250244140625,279.0,0.7392618060112,0.0,22.00482177734375,26.25250244140625
31489,0,calendar_2014_test,260.79443359375,250.0,0.5984375476837158,0.0,33.88958740234375,10.79443359375
31490,0,calendar_2014_test,225.70094299316406,228.0,0.6828376054763794,0.0,26.76670265197754,2.2990570068359375
31491,0,calendar_2014_test,211.48838806152344,232.0,0.6790768504142761,0.0,27.084089279174805,20.511611938476562
31492,0,calendar_2014_test,201.61962890625,233.0,0.780475378036499,0.0,18.526630401611328,31.38037109375
31493,0,calendar_2014_test,213.0891876220703,239.0,0.7775992155075073,0.0,18.769365310668945,25.910812377929688
31494,0,calendar_2014_test,227.12046813964844,235.0,0.7386641502380371,0.0,22.05525779724121,7.8795318603515625
31495,0,calendar_2014_test,228.60240173339844,226.0,0.720822274684906,0.0,23.56101417541504,2.6024017333984375
31496,0,calendar_2014_test,211.32022094726562,223.0,0.7151185870170593,0.0,24.042373657226562,11.679779052734375
31497,0,calendar_2014_test,207.01800537109375,229.0,0.7496023774147034,0.0,21.132137298583984,21.98199462890625
31498,0,calendar_2014_test,223.21713256835938,206.0,0.7104778289794922,0.0,24.434024810791016,17.217132568359375
31499,0,calendar_2014_test,184.433837890625,189.0,0.7851530909538269,0.0,18.131858825683594,4.566162109375
31500,0,calendar_2014_test,171.78964233398438,188.0,0.7738286256790161,0.0,19.08757781982422,16.210357666015625
31501,0,calendar_2014_test,178.60308837890625,163.0,0.7057592868804932,0.0,24.832242965698242,15.60308837890625
31502,0,calendar_2014_test,153.4352569580078,165.0,0.7639532089233398,0.0,19.921010971069336,11.564743041992188
31503,0,calendar_2014_test,174.498046875,152.0,0.7685980200767517,0.0,19.529010772705078,22.498046875
31504,0,calendar_2014_test,155.85438537597656,147.0,0.7808631658554077,0.0,18.4939022064209,8.854385375976562
31505,0,calendar_2014_test,147.09002685546875,157.0,0.7836251854896545,0.0,18.260805130004883,9.90997314453125
31506,0,calendar_2014_test,170.73228454589844,181.0,0.7936229705810547,0.0,17.41704559326172,10.267715454101562
31507,0,calendar_2014_test,191.18630981445312,190.0,0.7494779825210571,0.0,21.14263153076172,1.186309814453125
31508,0,calendar_2014_test,190.419189453125,201.0,0.6774711608886719,0.0,27.2195987701416,10.580810546875
31509,0,calendar_2014_test,195.26710510253906,226.0,0.7371296286582947,0.0,22.184764862060547,30.732894897460938
31510,0,calendar_2014_test,233.8922882080078,248.0,0.7407536506652832,0.0,21.878915786743164,14.107711791992188
31511,0,calendar_2014_test,246.3848419189453,269.0,0.7023651003837585,0.0,25.118694305419922,22.615158081054688
31512,0,calendar_2014_test,260.58099365234375,275.0,0.6549291610717773,0.0,29.122020721435547,14.41900634765625
31513,0,calendar_2014_test,279.26513671875,311.0,0.5894776582717896,0.0,34.645755767822266,31.73486328125
31514,0,calendar_2014_test,299.91766357421875,300.0,0.6758333444595337,0.0,27.35782241821289,0.08233642578125
31515,0,calendar_2014_test,294.4857482910156,317.0,0.5884035229682922,0.0,34.73640441894531,22.514251708984375
31516,0,calendar_2014_test,305.4429626464844,330.0,0.6073803305625916,0.0,33.13486862182617,24.557037353515625
31517,0,calendar_2014_test,318.7671203613281,346.0,0.6737970113754272,0.0,27.529678344726562,27.232879638671875
31518,0,calendar_2014_test,327.0755615234375,350.0,0.5925097465515137,0.0,34.38985824584961,22.9244384765625
31519,0,calendar_2014_test,331.52374267578125,331.0,0.5904342532157898,0.0,34.56502151489258,0.52374267578125
31520,0,calendar_2014_test,310.8747863769531,327.0,0.5442178845405579,0.0,38.46541976928711,16.125213623046875
31521,0,calendar_2014_test,308.7154541015625,327.0,0.5787290930747986,0.0,35.55287170410156,18.2845458984375
31522,0,calendar_2014_test,313.12774658203125,286.0,0.5890491008758545,0.0,34.681922912597656,27.12774658203125
31523,0,calendar_2014_test,257.5439147949219,246.0,0.6081981062889099,0.0,33.065853118896484,11.543914794921875
31524,0,calendar_2014_test,222.07772827148438,269.0,0.6031907200813293,0.0,33.48844909667969,46.922271728515625
31525,0,calendar_2014_test,265.5157470703125,309.0,0.6606571078300476,0.0,28.638612747192383,43.4842529296875
31526,0,calendar_2014_test,310.37481689453125,336.0,0.5374963283538818,0.0,39.032684326171875,25.62518310546875
31527,0,calendar_2014_test,326.2549133300781,360.0,0.5804080963134766,0.0,35.411170959472656,33.745086669921875
31528,0,calendar_2014_test,371.6588439941406,387.0,0.4977405071258545,0.0,42.387847900390625,15.341156005859375
31529,0,calendar_2014_test,394.69036865234375,399.0,0.40023595094680786,0.0,50.616676330566406,4.30963134765625
31530,0,calendar_2014_test,389.6260681152344,414.0,0.3482341170310974,0.0,55.00533676147461,24.373931884765625
31531,0,calendar_2014_test,379.62591552734375,465.0,0.46607959270477295,0.0,45.05984878540039,85.37408447265625
31532,0,calendar_2014_test,455.1994323730469,436.0,0.453666090965271,0.0,46.10747528076172,19.199432373046875
31533,0,calendar_2014_test,428.95391845703125,435.0,0.5661946535110474,0.0,36.6107063293457,6.04608154296875
31534,0,calendar_2014_test,427.1483459472656,426.0,0.4934132695198059,0.0,42.7530403137207,1.148345947265625
31535,0,calendar_2014_test,415.2510986328125,413.0,0.3983221650123596,0.0,50.77819061279297,2.2510986328125
31536,0,calendar_2014_test,381.7384948730469,358.0,0.41752511262893677,0.0,49.157569885253906,23.738494873046875
31537,0,calendar_2014_test,329.83038330078125,389.0,0.6012006998062134,0.0,33.656394958496094,59.16961669921875
31538,0,calendar_2014_test,389.7044372558594,349.0,0.44001102447509766,0.0,47.2598876953125,40.704437255859375
31539,0,calendar_2014_test,329.7939758300781,340.0,0.6145913600921631,0.0,32.526302337646484,10.206024169921875
31540,0,calendar_2014_test,330.1477966308594,336.0,0.5217405557632446,0.0,40.36238098144531,5.852203369140625
31541,0,calendar_2014_test,330.32904052734375,369.0,0.5926541090011597,0.0,34.37767791748047,38.67095947265625
31542,0,calendar_2014_test,370.591796875,403.0,0.5624422430992126,0.0,36.92738723754883,32.408203125
31543,0,calendar_2014_test,389.5965576171875,444.0,0.3317398428916931,0.0,56.397361755371094,54.4034423828125
31544,0,calendar_2014_test,423.9808044433594,306.0,0.4578108787536621,0.0,45.75768280029297,117.98080444335938
31545,0,calendar_2014_test,226.4789276123047,115.0,0.5454411506652832,0.0,38.3621826171875,111.47892761230469
31546,0,calendar_2014_test,63.55873107910156,90.0,0.8921946287155151,0.0,9.098162651062012,26.441268920898438
31547,0,calendar_2014_test,86.18659210205078,82.0,0.863147497177124,0.0,11.549571990966797,4.186592102050781
31548,0,calendar_2014_test,80.45352172851562,85.0,0.9262270927429199,0.0,6.226012229919434,4.546478271484375
31549,0,calendar_2014_test,84.67332458496094,95.0,0.9077602624893188,0.0,7.7845072746276855,10.326675415039062
31550,0,calendar_2014_test,101.12104034423828,96.0,0.859389066696167,0.0,11.866761207580566,5.121040344238281
31551,0,calendar_2014_test,92.81336975097656,107.0,0.8558658361434937,0.0,12.164106369018555,14.186630249023438
31552,0,calendar_2014_test,106.57450103759766,111.0,0.8919664621353149,0.0,9.117416381835938,4.425498962402344
31553,0,calendar_2014_test,120.16763305664062,125.0,0.8531080484390259,0.0,12.396842956542969,4.832366943359375
31554,0,calendar_2014_test,131.43101501464844,123.0,0.8114118576049805,0.0,15.915767669677734,8.431015014648438
31555,0,calendar_2014_test,129.89442443847656,145.0,0.8432424068450928,0.0,13.229449272155762,15.105575561523438
31556,0,calendar_2014_test,157.73045349121094,153.0,0.7582194805145264,0.0,20.404903411865234,4.7304534912109375
31557,0,calendar_2014_test,142.28627014160156,159.0,0.8216161727905273,0.0,15.054580688476562,16.713729858398438
31558,0,calendar_2014_test,151.57606506347656,154.0,0.864874005317688,0.0,11.4038667678833,2.4239349365234375
31559,0,calendar_2014_test,148.4468231201172,191.0,0.8116828799247742,0.0,15.892895698547363,42.55317687988281
31560,0,calendar_2014_test,195.41673278808594,195.0,0.7573711276054382,0.0,20.476497650146484,0.4167327880859375
31561,0,calendar_2014_test,185.6273651123047,194.0,0.8058831691741943,0.0,16.382360458374023,8.372634887695312
31562,0,calendar_2014_test,182.61988830566406,193.0,0.7732450366020203,0.0,19.136831283569336,10.380111694335938
31563,0,calendar_2014_test,181.14776611328125,175.0,0.7374229431152344,0.0,22.16001319885254,6.14776611328125
31564,0,calendar_2014_test,148.34329223632812,194.0,0.8340276479721069,0.0,14.007125854492188,45.656707763671875
31565,0,calendar_2014_test,184.1251983642578,165.0,0.8375896215438843,0.0,13.706511497497559,19.125198364257812
31566,0,calendar_2014_test,139.57115173339844,138.0,0.8424351811408997,0.0,13.297574043273926,1.5711517333984375
31567,0,calendar_2014_test,107.55985260009766,100.0,0.8607060313224792,0.0,11.755620002746582,7.559852600097656
31568,0,calendar_2014_test,73.43306732177734,83.0,0.9127840995788574,0.0,7.3605265617370605,9.566932678222656
31569,0,calendar_2014_test,78.18199920654297,53.0,0.9043832421302795,0.0,8.069510459899902,25.18199920654297
31570,0,calendar_2014_test,51.38201141357422,52.0,0.9390882849693298,0.0,5.140601634979248,0.6179885864257812
31571,0,calendar_2014_test,54.99666976928711,60.0,0.9409893751144409,0.0,4.980162143707275,5.003330230712891
31572,0,calendar_2014_test,66.15923309326172,100.0,0.9313973784446716,0.0,5.789671897888184,33.84076690673828
31573,0,calendar_2014_test,110.8180923461914,142.0,0.8933392763137817,0.0,9.001561164855957,31.181907653808594
31574,0,calendar_2014_test,152.432373046875,140.0,0.817054033279419,0.0,15.439597129821777,12.432373046875
31575,0,calendar_2014_test,137.6096649169922,148.0,0.7804265022277832,0.0,18.53075408935547,10.390335083007812
31576,0,calendar_2014_test,146.3134765625,183.0,0.8123776316642761,0.0,15.83426284790039,36.6865234375
31577,0,calendar_2014_test,192.99351501464844,217.0,0.7389914989471436,0.0,22.027631759643555,24.006484985351562
31578,0,calendar_2014_test,221.42132568359375,224.0,0.6903076767921448,0.0,26.136272430419922,2.57867431640625
31579,0,calendar_2014_test,224.5068359375,222.0,0.7243494987487793,0.0,23.263338088989258,2.5068359375
31580,0,calendar_2014_test,223.12933349609375,219.0,0.7406232953071594,0.0,21.889921188354492,4.12933349609375
31581,0,calendar_2014_test,205.43429565429688,65.0,0.7751390337944031,0.0,18.976985931396484,140.43429565429688
31582,0,calendar_2014_test,46.46049118041992,22.0,0.9240742325782776,0.0,6.407702922821045,24.460491180419922
31583,0,calendar_2014_test,21.97964859008789,16.0,0.9647755026817322,0.0,2.972748279571533,5.979648590087891
31584,0,calendar_2014_test,16.309139251708984,16.0,0.9601238369941711,0.0,3.3653194904327393,0.3091392517089844
31585,0,calendar_2014_test,15.651016235351562,28.0,0.9709874391555786,0.0,2.4484951496124268,12.348983764648438
31586,0,calendar_2014_test,28.464784622192383,32.0,0.9552900791168213,0.0,3.7732605934143066,3.535215377807617
31587,0,calendar_2014_test,34.293270111083984,25.0,0.9517374038696289,0.0,4.073090553283691,9.293270111083984
31588,0,calendar_2014_test,27.453205108642578,25.0,0.9627156853675842,0.0,3.1465864181518555,2.453205108642578
31589,0,calendar_2014_test,26.281232833862305,22.0,0.958039402961731,0.0,3.5412354469299316,4.281232833862305
31590,0,calendar_2014_test,23.793956756591797,18.0,0.969556450843811,0.0,2.5692601203918457,5.793956756591797
31591,0,calendar_2014_test,20.585176467895508,23.0,0.9612846374511719,0.0,3.2673559188842773,2.414823532104492
31592,0,calendar_2014_test,22.802398681640625,23.0,0.9620590806007385,0.0,3.2019999027252197,0.197601318359375
31593,0,calendar_2014_test,23.192424774169922,25.0,0.9721100330352783,0.0,2.3537561893463135,1.8075752258300781
31594,0,calendar_2014_test,24.108642578125,18.0,0.9741308689117432,0.0,2.183206558227539,6.108642578125
31595,0,calendar_2014_test,18.294071197509766,23.0,0.9658249020576477,0.0,2.884183645248413,4.705928802490234
31596,0,calendar_2014_test,28.819143295288086,25.0,0.9623579382896423,0.0,3.1767783164978027,3.819143295288086
31597,0,calendar_2014_test,33.88373947143555,26.0,0.9428516030311584,0.0,4.823000907897949,7.883739471435547
31598,0,calendar_2014_test,34.01358413696289,27.0,0.9614256620407104,0.0,3.2554566860198975,7.013584136962891
31599,0,calendar_2014_test,27.605632781982422,36.0,0.9729573726654053,0.0,2.2822458744049072,8.394367218017578
31600,0,calendar_2014_test,40.78486251831055,47.0,0.9503350257873535,0.0,4.191440582275391,6.215137481689453
31601,0,calendar_2014_test,52.1829833984375,59.0,0.9164192080497742,0.0,7.053744316101074,6.8170166015625
31602,0,calendar_2014_test,65.00572967529297,50.0,0.9203553199768066,0.0,6.7215576171875,15.005729675292969
31603,0,calendar_2014_test,55.64378356933594,61.0,0.9424848556518555,0.0,4.853949546813965,5.3562164306640625
31604,0,calendar_2014_test,65.37922668457031,58.0,0.9307653307914734,0.0,5.843011856079102,7.3792266845703125
31605,0,calendar_2014_test,60.40485763549805,66.0,0.936690628528595,0.0,5.342950344085693,5.595142364501953
31606,0,calendar_2014_test,70.51817321777344,63.0,0.930631160736084,0.0,5.854333877563477,7.5181732177734375
31607,0,calendar_2014_test,64.99116516113281,51.0,0.9353594779968262,0.0,5.455294609069824,13.991165161132812
31608,0,calendar_2014_test,49.57106018066406,39.0,0.9589798450469971,0.0,3.4618678092956543,10.571060180664062
31609,0,calendar_2014_test,40.814697265625,42.0,0.9528356194496155,0.0,3.980403423309326,1.185302734375
31610,0,calendar_2014_test,42.528751373291016,44.0,0.951926589012146,0.0,4.057120323181152,1.4712486267089844
31611,0,calendar_2014_test,44.30265808105469,44.0,0.9487922191619873,0.0,4.3216447830200195,0.3026580810546875
31612,0,calendar_2014_test,39.79817199707031,35.0,0.9586076140403748,0.0,3.4932830333709717,4.7981719970703125
31613,0,calendar_2014_test,33.014442443847656,30.0,0.9572606682777405,0.0,3.606955051422119,3.0144424438476562
31614,0,calendar_2014_test,26.705821990966797,34.0,0.9750393033027649,0.0,2.106539726257324,7.294178009033203
31615,0,calendar_2014_test,28.61481285095215,21.0,0.9668580293655396,0.0,2.7969958782196045,7.614812850952148
31616,0,calendar_2014_test,19.191598892211914,14.0,0.9739386439323425,0.0,2.199430465698242,5.191598892211914
31617,0,calendar_2014_test,15.249363899230957,11.0,0.9808859825134277,0.0,1.613112211227417,4.249363899230957
31618,0,calendar_2014_test,14.399127006530762,9.0,0.9779332280158997,0.0,1.8623120784759521,5.399127006530762
31619,0,calendar_2014_test,14.042929649353027,12.0,0.9784024953842163,0.0,1.822705864906311,2.0429296493530273
31620,0,calendar_2014_test,17.30826759338379,13.0,0.9756670594215393,0.0,2.0535597801208496,4.308267593383789
31621,0,calendar_2014_test,17.830181121826172,18.0,0.9754926562309265,0.0,2.0682811737060547,0.16981887817382812
31622,0,calendar_2014_test,23.454273223876953,21.0,0.9733442068099976,0.0,2.249596357345581,2.454273223876953
31623,0,calendar_2014_test,26.904584884643555,24.0,0.9725449681282043,0.0,2.3170506954193115,2.9045848846435547
31624,0,calendar_2014_test,27.265607833862305,27.0,0.9689525961875916,0.0,2.6202237606048584,0.2656078338623047
31625,0,calendar_2014_test,34.17423629760742,39.0,0.9618313312530518,0.0,3.2212166786193848,4.825763702392578
31626,0,calendar_2014_test,45.62068557739258,44.0,0.9444161057472229,0.0,4.690964698791504,1.6206855773925781
31627,0,calendar_2014_test,48.47549057006836,64.0,0.9497208595275879,0.0,4.2432732582092285,15.52450942993164
31628,0,calendar_2014_test,64.25572967529297,106.0,0.9132978320121765,0.0,7.317169666290283,41.74427032470703
31629,0,calendar_2014_test,99.88404846191406,137.0,0.8902345895767212,0.0,9.263579368591309,37.11595153808594
31630,0,calendar_2014_test,129.8800811767578,165.0,0.8432495594024658,0.0,13.228845596313477,35.11991882324219
31631,0,calendar_2014_test,152.93275451660156,153.0,0.785772442817688,0.0,18.07958984375,0.0672454833984375
31632,0,calendar_2014_test,140.8426055908203,116.0,0.8155707120895386,0.0,15.564781188964844,24.842605590820312
31633,0,calendar_2014_test,108.779541015625,127.0,0.8578625917434692,0.0,11.995590209960938,18.220458984375
31634,0,calendar_2014_test,129.16627502441406,147.0,0.807843804359436,0.0,16.216894149780273,17.833724975585938
31635,0,calendar_2014_test,148.17388916015625,180.0,0.8123441934585571,0.0,15.837081909179688,31.82611083984375
31636,0,calendar_2014_test,169.16981506347656,199.0,0.8334054946899414,0.0,14.059629440307617,29.830184936523438
31637,0,calendar_2014_test,193.23681640625,209.0,0.7101075649261475,0.0,24.465272903442383,15.76318359375
31638,0,calendar_2014_test,203.49269104003906,235.0,0.7926265597343445,0.0,17.50113868713379,31.507308959960938
31639,0,calendar_2014_test,224.39389038085938,254.0,0.731365442276001,0.0,22.671226501464844,29.606109619140625
31640,0,calendar_2014_test,239.96011352539062,250.0,0.6464764475822449,0.0,29.835378646850586,10.039886474609375
31641,0,calendar_2014_test,233.68576049804688,235.0,0.7259319424629211,0.0,23.129785537719727,1.314239501953125
31642,0,calendar_2014_test,211.2534637451172,210.0,0.7645657062530518,0.0,19.86931610107422,1.2534637451171875
31643,0,calendar_2014_test,181.8559112548828,127.0,0.8074319362640381,0.0,16.251649856567383,54.85591125488281
31644,0,calendar_2014_test,87.28675079345703,72.0,0.9032522439956665,0.0,8.164960861206055,15.286750793457031
31645,0,calendar_2014_test,63.714717864990234,27.0,0.9067475199699402,0.0,7.869979381561279,36.714717864990234
31646,0,calendar_2014_test,38.9688606262207,70.0,0.9381205439567566,0.0,5.222273826599121,31.031139373779297
31647,0,calendar_2014_test,78.49726104736328,113.0,0.8896651864051819,0.0,9.311631202697754,34.50273895263672
31648,0,calendar_2014_test,123.36996459960938,118.0,0.8695759177207947,0.0,11.007050514221191,5.369964599609375
31649,0,calendar_2014_test,115.93506622314453,143.0,0.8474912047386169,0.0,12.870877265930176,27.06493377685547
31650,0,calendar_2014_test,152.3466339111328,175.0,0.8098686933517456,0.0,16.046001434326172,22.653366088867188
31651,0,calendar_2014_test,188.09072875976562,159.0,0.7552979588508606,0.0,20.651460647583008,29.090728759765625
31652,0,calendar_2014_test,159.55340576171875,161.0,0.7678015232086182,0.0,19.596229553222656,1.44659423828125
31653,0,calendar_2014_test,160.71604919433594,174.0,0.828627347946167,0.0,14.46288013458252,13.283950805664062
31654,0,calendar_2014_test,169.1457977294922,177.0,0.8049036264419556,0.0,16.465024948120117,7.8542022705078125
31655,0,calendar_2014_test,176.14016723632812,174.0,0.7667465209960938,0.0,19.68526840209961,2.140167236328125
31656,0,calendar_2014_test,172.6139373779297,180.0,0.791721522808075,0.0,17.577518463134766,7.3860626220703125
31657,0,calendar_2014_test,173.3455352783203,196.0,0.7460179328918457,0.0,21.434642791748047,22.654464721679688
31658,0,calendar_2014_test,203.3209991455078,214.0,0.6887776851654053,0.0,26.265392303466797,10.679000854492188
31659,0,calendar_2014_test,228.52700805664062,220.0,0.7106839418411255,0.0,24.416627883911133,8.527008056640625
31660,0,calendar_2014_test,209.24111938476562,216.0,0.7738169431686401,0.0,19.08856773376465,6.758880615234375
31661,0,calendar_2014_test,207.4342498779297,199.0,0.7265818119049072,0.0,23.074941635131836,8.434249877929688
31662,0,calendar_2014_test,178.52008056640625,168.0,0.7552459239959717,0.0,20.655853271484375,10.52008056640625
31663,0,calendar_2014_test,146.4134063720703,121.0,0.8105043768882751,0.0,15.992354393005371,25.413406372070312
31664,0,calendar_2014_test,88.4889144897461,124.0,0.8670008182525635,0.0,11.224372863769531,35.511085510253906
31665,0,calendar_2014_test,101.11775970458984,94.0,0.8954849243164062,0.0,8.820480346679688,7.117759704589844
31666,0,calendar_2014_test,81.74117279052734,63.0,0.9108180403709412,0.0,7.526451110839844,18.741172790527344
31667,0,calendar_2014_test,55.33961486816406,52.0,0.935286819934845,0.0,5.461423397064209,3.3396148681640625
31668,0,calendar_2014_test,50.69185256958008,64.0,0.9443395137786865,0.0,4.69743013381958,13.308147430419922
31669,0,calendar_2014_test,66.29902648925781,48.0,0.9327970147132874,0.0,5.671548843383789,18.299026489257812
31670,0,calendar_2014_test,49.346168518066406,69.0,0.9411426186561584,0.0,4.96722936630249,19.653831481933594
31671,0,calendar_2014_test,76.75608825683594,65.0,0.8876414895057678,0.0,9.482421875,11.756088256835938
31672,0,calendar_2014_test,70.21720123291016,83.0,0.9197957515716553,0.0,6.768781661987305,12.782798767089844
31673,0,calendar_2014_test,91.60677337646484,90.0,0.8995198607444763,0.0,8.479952812194824,1.6067733764648438
31674,0,calendar_2014_test,95.38605499267578,80.0,0.8679826855659485,0.0,11.141510963439941,15.386054992675781
31675,0,calendar_2014_test,85.29978942871094,95.0,0.88768070936203,0.0,9.479107856750488,9.700210571289062
31676,0,calendar_2014_test,101.54426574707031,99.0,0.8774581551551819,0.0,10.34183406829834,2.5442657470703125
31677,0,calendar_2014_test,107.4031753540039,103.0,0.8929574489593506,0.0,9.033784866333008,4.403175354003906
31678,0,calendar_2014_test,106.45349884033203,119.0,0.8671488761901855,0.0,11.211877822875977,12.546501159667969
31679,0,calendar_2014_test,120.47349548339844,121.0,0.8293415307998657,0.0,14.402607917785645,0.5265045166015625
31680,0,calendar_2014_test,123.74048614501953,113.0,0.8447986841201782,0.0,13.098108291625977,10.740486145019531
31681,0,calendar_2014_test,111.9616928100586,124.0,0.8528826236724854,0.0,12.415873527526855,12.038307189941406
31682,0,calendar_2014_test,123.37973022460938,138.0,0.8474015593528748,0.0,12.878439903259277,14.620269775390625
31683,0,calendar_2014_test,134.2886962890625,160.0,0.8416658043861389,0.0,13.362507820129395,25.7113037109375
31684,0,calendar_2014_test,150.0485076904297,163.0,0.8068296909332275,0.0,16.30247688293457,12.951492309570312
31685,0,calendar_2014_test,114.63442993164062,119.0,0.8687921762466431,0.0,11.07319164276123,4.365570068359375
31686,0,calendar_2014_test,84.37117004394531,80.0,0.8874787092208862,0.0,9.496155738830566,4.3711700439453125
31687,0,calendar_2014_test,51.24003601074219,84.0,0.9347190856933594,0.0,5.50933837890625,32.75996398925781
31688,0,calendar_2014_test,69.2055892944336,76.0,0.9170141816139221,0.0,7.003530502319336,6.794410705566406
31689,0,calendar_2014_test,78.82565307617188,98.0,0.9103431701660156,0.0,7.566529750823975,19.174346923828125
31690,0,calendar_2014_test,88.7827377319336,105.0,0.9127899408340454,0.0,7.3600311279296875,16.217262268066406
31691,0,calendar_2014_test,103.94245910644531,86.0,0.8582316637039185,0.0,11.96444320678711,17.942459106445312
31692,0,calendar_2014_test,82.4170150756836,132.0,0.8967545032501221,0.0,8.713332176208496,49.582984924316406
31693,0,calendar_2014_test,131.12677001953125,116.0,0.9013078808784485,0.0,8.32905387878418,15.12677001953125
31694,0,calendar_2014_test,107.56086730957031,105.0,0.8869889974594116,0.0,9.537487983703613,2.5608673095703125
31695,0,calendar_2014_test,95.4137954711914,97.0,0.8493216633796692,0.0,12.716394424438477,1.5862045288085938
31696,0,calendar_2014_test,94.1228256225586,87.0,0.8712725043296814,0.0,10.863870620727539,7.122825622558594
31697,0,calendar_2014_test,85.8523178100586,72.0,0.8862384557723999,0.0,9.60082721710205,13.852317810058594
31698,0,calendar_2014_test,63.47431564331055,70.0,0.9139364957809448,0.0,7.263268947601318,6.525684356689453
31699,0,calendar_2014_test,67.92375946044922,64.0,0.9176908135414124,0.0,6.946429252624512,3.9237594604492188
31700,0,calendar_2014_test,61.08220672607422,55.0,0.9314290285110474,0.0,5.7869977951049805,6.082206726074219
31701,0,calendar_2014_test,56.11371612548828,58.0,0.9416108131408691,0.0,4.9277167320251465,1.8862838745117188
31702,0,calendar_2014_test,54.908226013183594,52.0,0.9256572127342224,0.0,6.27410888671875,2.9082260131835938
31703,0,calendar_2014_test,48.83310317993164,52.0,0.9393367767333984,0.0,5.119631767272949,3.1668968200683594
31704,0,calendar_2014_test,32.663291931152344,53.0,0.9477899670600891,0.0,4.4062323570251465,20.336708068847656
31705,0,calendar_2014_test,45.732582092285156,12.0,0.9476585984230042,0.0,4.4173150062561035,33.732582092285156
31706,0,calendar_2014_test,15.51958179473877,15.0,0.9761322140693665,0.0,2.0143048763275146,0.5195817947387695
31707,0,calendar_2014_test,14.007889747619629,9.0,0.9755676984786987,0.0,2.061945915222168,5.007889747619629
31708,0,calendar_2014_test,13.640242576599121,6.0,0.9787173271179199,0.0,1.7961384057998657,7.640242576599121
31709,0,calendar_2014_test,12.164870262145996,9.0,0.9778100848197937,0.0,1.8727045059204102,3.164870262145996
31710,0,calendar_2014_test,13.400712013244629,14.0,0.9786805510520935,0.0,1.7992420196533203,0.5992879867553711
31711,0,calendar_2014_test,16.354162216186523,14.0,0.9781805276870728,0.0,1.8414385318756104,2.3541622161865234
31712,0,calendar_2014_test,17.915302276611328,11.0,0.9748488664627075,0.0,2.122610569000244,6.915302276611328
31713,0,calendar_2014_test,12.040202140808105,12.0,0.980458676815033,0.0,1.6491765975952148,0.04020214080810547
31714,0,calendar_2014_test,11.995099067687988,14.0,0.9796221852302551,0.0,1.7197716236114502,2.0049009323120117
31715,0,calendar_2014_test,13.010442733764648,9.0,0.9787809252738953,0.0,1.7907670736312866,4.010442733764648
31716,0,calendar_2014_test,11.479381561279297,7.0,0.9767549633979797,0.0,1.961747646331787,4.479381561279297
31717,0,calendar_2014_test,11.237622261047363,7.0,0.9803159832954407,0.0,1.6612201929092407,4.237622261047363
31718,0,calendar_2014_test,12.178540229797363,19.0,0.9774434566497803,0.0,1.9036437273025513,6.821459770202637
31719,0,calendar_2014_test,25.51342010498047,18.0,0.9666646122932434,0.0,2.8133163452148438,7.513420104980469
31720,0,calendar_2014_test,24.033294677734375,22.0,0.9588403105735779,0.0,3.4736430644989014,2.033294677734375
31721,0,calendar_2014_test,21.267969131469727,20.0,0.963677704334259,0.0,3.065396785736084,1.2679691314697266
31722,0,calendar_2014_test,34.1870002746582,33.0,0.9564960598945618,0.0,3.6714861392974854,1.1870002746582031
31723,0,calendar_2014_test,35.481300354003906,40.0,0.9541515111923218,0.0,3.869351863861084,4.518699645996094
31724,0,calendar_2014_test,41.37508010864258,35.0,0.9592748880386353,0.0,3.436969041824341,6.375080108642578
31725,0,calendar_2014_test,36.181556701660156,28.0,0.9551501274108887,0.0,3.7850730419158936,8.181556701660156
31726,0,calendar_2014_test,31.266029357910156,29.0,0.9677477478981018,0.0,2.721904993057251,2.2660293579101562
31727,0,calendar_2014_test,35.06928634643555,32.0,0.9620248675346375,0.0,3.204883337020874,3.069286346435547
31728,0,calendar_2014_test,37.718223571777344,36.0,0.9655105471611023,0.0,2.910714864730835,1.7182235717773438
31729,0,calendar_2014_test,36.50127410888672,37.0,0.9552385807037354,0.0,3.7776079177856445,0.49872589111328125
31730,0,calendar_2014_test,35.59259033203125,42.0,0.9575378894805908,0.0,3.5835623741149902,6.40740966796875
31731,0,calendar_2014_test,44.68813705444336,59.0,0.9541912078857422,0.0,3.866000175476074,14.31186294555664
31732,0,calendar_2014_test,58.43827438354492,60.0,0.934989333152771,0.0,5.4865288734436035,1.5617256164550781
31733,0,calendar_2014_test,57.053524017333984,53.0,0.9413792490959167,0.0,4.947258949279785,4.053524017333984
31734,0,calendar_2014_test,53.64200973510742,55.0,0.9300746917724609,0.0,5.901297569274902,1.3579902648925781
31735,0,calendar_2014_test,55.98442840576172,41.0,0.9420562386512756,0.0,4.890125274658203,14.984428405761719
31736,0,calendar_2014_test,29.7630615234375,31.0,0.9643179178237915,0.0,3.0113649368286133,1.2369384765625
31737,0,calendar_2014_test,22.61716651916504,29.0,0.9757096171379089,0.0,2.0499701499938965,6.382833480834961
31738,0,calendar_2014_test,22.1591739654541,24.0,0.9723817706108093,0.0,2.3308236598968506,1.8408260345458984
31739,0,calendar_2014_test,21.746829986572266,13.0,0.9706878662109375,0.0,2.4737794399261475,8.746829986572266
31740,0,calendar_2014_test,13.404353141784668,11.0,0.9773443341255188,0.0,1.9120094776153564,2.404353141784668
31741,0,calendar_2014_test,13.417149543762207,16.0,0.971602201461792,0.0,2.3966104984283447,2.582850456237793
31742,0,calendar_2014_test,15.294323921203613,14.0,0.9755871891975403,0.0,2.0603013038635254,1.2943239212036133
31743,0,calendar_2014_test,13.862061500549316,20.0,0.9809824228286743,0.0,1.6049771308898926,6.137938499450684
31744,0,calendar_2014_test,17.896135330200195,14.0,0.9727789163589478,0.0,2.2973053455352783,3.8961353302001953
31745,0,calendar_2014_test,29.68071746826172,31.0,0.9555059671401978,0.0,3.7550411224365234,1.3192825317382812
31746,0,calendar_2014_test,34.88582229614258,31.0,0.9516966342926025,0.0,4.0765275955200195,3.885822296142578
31747,0,calendar_2014_test,31.022634506225586,34.0,0.9619885683059692,0.0,3.207948684692383,2.977365493774414
31748,0,calendar_2014_test,38.15979766845703,33.0,0.9593692421913147,0.0,3.429004669189453,5.159797668457031
31749,0,calendar_2014_test,37.25645065307617,34.0,0.9632266163825989,0.0,3.103464365005493,3.256450653076172
31750,0,calendar_2014_test,32.52621078491211,28.0,0.9568180441856384,0.0,3.6443116664886475,4.526210784912109
31751,0,calendar_2014_test,25.983964920043945,32.0,0.9687411785125732,0.0,2.6380679607391357,6.016035079956055
31752,0,calendar_2014_test,30.91359519958496,37.0,0.9564431309700012,0.0,3.6759536266326904,6.086404800415039
31753,0,calendar_2014_test,36.37889862060547,36.0,0.9602488875389099,0.0,3.354769706726074,0.37889862060546875
31754,0,calendar_2014_test,34.537513732910156,49.0,0.957509458065033,0.0,3.5859622955322266,14.462486267089844
31755,0,calendar_2014_test,39.773826599121094,16.0,0.9553773999214172,0.0,3.7658956050872803,23.773826599121094
31756,0,calendar_2014_test,17.89723014831543,8.0,0.9739648103713989,0.0,2.1972241401672363,9.89723014831543
31757,0,calendar_2014_test,11.608782768249512,6.0,0.9852169752120972,0.0,1.2476041316986084,5.608782768249512
31758,0,calendar_2014_test,10.949591636657715,11.0,0.9777060151100159,0.0,1.881486177444458,0.050408363342285156
31759,0,calendar_2014_test,11.67853832244873,8.0,0.9789265990257263,0.0,1.7784754037857056,3.6785383224487305
31760,0,calendar_2014_test,9.445322036743164,4.0,0.9745181798934937,0.0,2.150519371032715,5.445322036743164
31761,0,calendar_2014_test,9.303176879882812,6.0,0.9784760475158691,0.0,1.8165018558502197,3.3031768798828125
31762,0,calendar_2014_test,9.262225151062012,14.0,0.9829870462417603,0.0,1.435797929763794,4.737774848937988
31763,0,calendar_2014_test,14.709718704223633,10.0,0.9709843993186951,0.0,2.448751449584961,4.709718704223633
31764,0,calendar_2014_test,15.06082820892334,10.0,0.9755828976631165,0.0,2.060664176940918,5.06082820892334
31765,0,calendar_2014_test,15.722240447998047,25.0,0.9731257557868958,0.0,2.2680349349975586,9.277759552001953
31766,0,calendar_2014_test,30.176490783691406,30.0,0.9578254222869873,0.0,3.559295415878296,0.17649078369140625
31767,0,calendar_2014_test,36.10934066772461,37.0,0.9656733274459839,0.0,2.8969764709472656,0.8906593322753906
31768,0,calendar_2014_test,39.6171989440918,48.0,0.9568876624107361,0.0,3.6384382247924805,8.382801055908203
31769,0,calendar_2014_test,49.629215240478516,48.0,0.9336603879928589,0.0,5.598686218261719,1.6292152404785156
31770,0,calendar_2014_test,51.636539459228516,49.0,0.933188259601593,0.0,5.638529300689697,2.6365394592285156
31771,0,calendar_2014_test,50.71387481689453,57.0,0.9500572085380554,0.0,4.214889049530029,6.286125183105469
31772,0,calendar_2014_test,65.3342514038086,58.0,0.9428256750106812,0.0,4.825188159942627,7.334251403808594
31773,0,calendar_2014_test,55.49085998535156,64.0,0.9398210644721985,0.0,5.078758716583252,8.509140014648438
31774,0,calendar_2014_test,67.26011657714844,65.0,0.931168794631958,0.0,5.808964729309082,2.2601165771484375
31775,0,calendar_2014_test,67.4927749633789,61.0,0.9035611152648926,0.0,8.138894081115723,6.492774963378906
31776,0,calendar_2014_test,63.433250427246094,61.0,0.9390945434570312,0.0,5.140076160430908,2.4332504272460938
31777,0,calendar_2014_test,70.10641479492188,71.0,0.9300395250320435,0.0,5.904268264770508,0.893585205078125
31778,0,calendar_2014_test,79.0615234375,102.0,0.91050124168396,0.0,7.553184509277344,22.9384765625
31779,0,calendar_2014_test,101.3147964477539,91.0,0.8900994658470154,0.0,9.274980545043945,10.314796447753906
31780,0,calendar_2014_test,78.71273803710938,84.0,0.9073671102523804,0.0,7.817691802978516,5.287261962890625
31781,0,calendar_2014_test,72.54720306396484,51.0,0.9201177954673767,0.0,6.741602897644043,21.547203063964844
31782,0,calendar_2014_test,41.04707336425781,27.0,0.970203697681427,0.0,2.5146400928497314,14.047073364257812
31783,0,calendar_2014_test,24.971948623657227,39.0,0.9668734073638916,0.0,2.7956974506378174,14.028051376342773
31784,0,calendar_2014_test,35.60774612426758,33.0,0.95110684633255,0.0,4.126303672790527,2.607746124267578
31785,0,calendar_2014_test,31.433971405029297,32.0,0.9560357332229614,0.0,3.710332155227661,0.5660285949707031
31786,0,calendar_2014_test,31.27353858947754,41.0,0.9654224514961243,0.0,2.918147325515747,9.726461410522461
31787,0,calendar_2014_test,38.45966720581055,40.0,0.9623335003852844,0.0,3.1788408756256104,1.5403327941894531
31788,0,calendar_2014_test,40.82517623901367,45.0,0.96247398853302,0.0,3.1669843196868896,4.174823760986328
31789,0,calendar_2014_test,43.360965728759766,45.0,0.9512851238250732,0.0,4.111259460449219,1.6390342712402344
31790,0,calendar_2014_test,47.358638763427734,59.0,0.9535266160964966,0.0,3.922088623046875,11.641361236572266
31791,0,calendar_2014_test,56.80031967163086,59.0,0.9241697192192078,0.0,6.399643421173096,2.1996803283691406
31792,0,calendar_2014_test,62.92715072631836,82.0,0.9222013354301453,0.0,6.565765380859375,19.07284927368164
31793,0,calendar_2014_test,85.81175231933594,58.0,0.8992685079574585,0.0,8.501164436340332,27.811752319335938
31794,0,calendar_2014_test,56.638179779052734,65.0,0.9334307909011841,0.0,5.618065357208252,8.361820220947266
31795,0,calendar_2014_test,75.12706756591797,54.0,0.9047266840934753,0.0,8.040525436401367,21.12706756591797
31796,0,calendar_2014_test,60.350341796875,55.0,0.9300134181976318,0.0,5.906467437744141,5.350341796875
31797,0,calendar_2014_test,58.728271484375,63.0,0.9184417724609375,0.0,6.883052349090576,4.271728515625
31798,0,calendar_2014_test,66.08124542236328,70.0,0.9211441278457642,0.0,6.654989242553711,3.9187545776367188
31799,0,calendar_2014_test,73.67556762695312,74.0,0.9246810078620911,0.0,6.356494903564453,0.324432373046875
31800,0,calendar_2014_test,77.23393249511719,80.0,0.9211782813072205,0.0,6.65210485458374,2.7660675048828125
31801,0,calendar_2014_test,82.50505065917969,87.0,0.9277738332748413,0.0,6.095476150512695,4.4949493408203125
31802,0,calendar_2014_test,96.10624694824219,93.0,0.8865820169448853,0.0,9.5718355178833,3.1062469482421875
31803,0,calendar_2014_test,96.96553039550781,105.0,0.9101016521453857,0.0,7.586907386779785,8.034469604492188
31804,0,calendar_2014_test,108.26612091064453,92.0,0.8657861948013306,0.0,11.326881408691406,16.26612091064453
31805,0,calendar_2014_test,87.90249633789062,103.0,0.8769737482070923,0.0,10.382715225219727,15.097503662109375
31806,0,calendar_2014_test,103.35082244873047,97.0,0.8751033544540405,0.0,10.540566444396973,6.350822448730469
31807,0,calendar_2014_test,97.61029815673828,110.0,0.8965432643890381,0.0,8.731163024902344,12.389701843261719
31808,0,calendar_2014_test,104.9408187866211,92.0,0.8782614469528198,0.0,10.274044036865234,12.940818786621094
31809,0,calendar_2014_test,84.78811645507812,93.0,0.9000077843666077,0.0,8.438776016235352,8.211883544921875
31810,0,calendar_2014_test,86.35855865478516,97.0,0.882329523563385,0.0,9.930719375610352,10.641441345214844
31811,0,calendar_2014_test,95.115478515625,95.0,0.8749814033508301,0.0,10.550857543945312,0.115478515625
31812,0,calendar_2014_test,91.3211898803711,88.0,0.8808473348617554,0.0,10.055805206298828,3.3211898803710938
31813,0,calendar_2014_test,86.52472686767578,98.0,0.9111207723617554,0.0,7.500903606414795,11.475273132324219
31814,0,calendar_2014_test,109.92172241210938,105.0,0.8949972987174988,0.0,8.861632347106934,4.921722412109375
31815,0,calendar_2014_test,109.31570434570312,111.0,0.8483989238739014,0.0,12.794268608093262,1.684295654296875
31816,0,calendar_2014_test,115.60823822021484,123.0,0.8603639006614685,0.0,11.784492492675781,7.391761779785156
31817,0,calendar_2014_test,130.16465759277344,147.0,0.848961353302002,0.0,12.746804237365723,16.835342407226562
31818,0,calendar_2014_test,150.5843048095703,155.0,0.7907707691192627,0.0,17.657758712768555,4.4156951904296875
31819,0,calendar_2014_test,151.44117736816406,166.0,0.7723524570465088,0.0,19.212160110473633,14.558822631835938
31820,0,calendar_2014_test,164.0643768310547,194.0,0.7908636927604675,0.0,17.64991569519043,29.935623168945312
31821,0,calendar_2014_test,195.8447723388672,191.0,0.7702335119247437,0.0,19.390987396240234,4.8447723388671875
31822,0,calendar_2014_test,188.93429565429688,180.0,0.7460210919380188,0.0,21.434375762939453,8.934295654296875
31823,0,calendar_2014_test,179.4598846435547,187.0,0.7844904065132141,0.0,18.18778419494629,7.5401153564453125
31824,0,calendar_2014_test,196.18699645996094,195.0,0.7031971216201782,0.0,25.04847526550293,1.1869964599609375
31825,0,calendar_2014_test,197.77259826660156,174.0,0.7455418109893799,0.0,21.474828720092773,23.772598266601562
31826,0,calendar_2014_test,172.507568359375,171.0,0.8186432123184204,0.0,15.305480003356934,1.507568359375
31827,0,calendar_2014_test,173.37088012695312,181.0,0.8281123638153076,0.0,14.506341934204102,7.629119873046875
31828,0,calendar_2014_test,183.2422332763672,193.0,0.8036871552467346,0.0,16.567689895629883,9.757766723632812
31829,0,calendar_2014_test,187.9866485595703,196.0,0.7720348238945007,0.0,19.23896598815918,8.013351440429688
31830,0,calendar_2014_test,193.73423767089844,199.0,0.7286220788955688,0.0,22.902751922607422,5.2657623291015625
31831,0,calendar_2014_test,183.01995849609375,206.0,0.7321702241897583,0.0,22.603307723999023,22.98004150390625
31832,0,calendar_2014_test,186.15188598632812,175.0,0.7100499868392944,0.0,24.470134735107422,11.151885986328125
31833,0,calendar_2014_test,141.1383819580078,158.0,0.8034141063690186,0.0,16.59073257446289,16.861618041992188
31834,0,calendar_2014_test,132.83685302734375,152.0,0.8171762824058533,0.0,15.42928409576416,19.16314697265625
31835,0,calendar_2014_test,137.69435119628906,158.0,0.8168307542800903,0.0,15.458443641662598,20.305648803710938
31836,0,calendar_2014_test,149.30540466308594,139.0,0.8443312644958496,0.0,13.137556076049805,10.305404663085938
31837,0,calendar_2014_test,121.84323120117188,138.0,0.878801167011261,0.0,10.22849178314209,16.156768798828125
31838,0,calendar_2014_test,136.45901489257812,151.0,0.8222790956497192,0.0,14.998631477355957,14.540985107421875
31839,0,calendar_2014_test,153.02345275878906,146.0,0.8142680525779724,0.0,15.674722671508789,7.0234527587890625
31840,0,calendar_2014_test,141.6931915283203,139.0,0.8105999827384949,0.0,15.984283447265625,2.6931915283203125
31841,0,calendar_2014_test,132.24734497070312,136.0,0.8110990524291992,0.0,15.942167282104492,3.752655029296875
31842,0,calendar_2014_test,134.88351440429688,138.0,0.8490871787071228,0.0,12.736186027526855,3.116485595703125
31843,0,calendar_2014_test,138.83961486816406,136.0,0.8420617580413818,0.0,13.329089164733887,2.8396148681640625
31844,0,calendar_2014_test,135.23426818847656,136.0,0.8539119958877563,0.0,12.328996658325195,0.7657318115234375
31845,0,calendar_2014_test,135.98280334472656,140.0,0.8409206867218018,0.0,13.42539119720459,4.0171966552734375
31846,0,calendar_2014_test,136.991455078125,145.0,0.851239800453186,0.0,12.554516792297363,8.008544921875
31847,0,calendar_2014_test,148.1152801513672,147.0,0.810854971408844,0.0,15.962764739990234,1.1152801513671875
31848,0,calendar_2014_test,142.98043823242188,151.0,0.8309378623962402,0.0,14.26788330078125,8.019561767578125
31849,0,calendar_2014_test,154.8251953125,153.0,0.8195914030075073,0.0,15.225460052490234,1.8251953125
31850,0,calendar_2014_test,157.0998077392578,196.0,0.8646076321601868,0.0,11.426345825195312,38.90019226074219
31851,0,calendar_2014_test,206.57313537597656,182.0,0.7317728996276855,0.0,22.6368408203125,24.573135375976562
31852,0,calendar_2014_test,160.58010864257812,162.0,0.7558314204216003,0.0,20.6064395904541,1.419891357421875
31853,0,calendar_2014_test,147.67466735839844,164.0,0.7809921503067017,0.0,18.48301887512207,16.325332641601562
31854,0,calendar_2014_test,133.47669982910156,133.0,0.8342921733856201,0.0,13.984796524047852,0.4766998291015625
31855,0,calendar_2014_test,67.05176544189453,62.0,0.8838372230529785,0.0,9.80348014831543,5.051765441894531
31856,0,calendar_2014_test,41.22135543823242,60.0,0.9383406043052673,0.0,5.203701972961426,18.778644561767578
31857,0,calendar_2014_test,47.68785858154297,49.0,0.961478054523468,0.0,3.251032829284668,1.3121414184570312
31858,0,calendar_2014_test,33.44672393798828,62.0,0.9584592580795288,0.0,3.5058043003082275,28.55327606201172
31859,0,calendar_2014_test,43.17437744140625,56.0,0.936115562915802,0.0,5.391482353210449,12.82562255859375
31860,0,calendar_2014_test,39.89881134033203,65.0,0.9483600854873657,0.0,4.3581156730651855,25.10118865966797
31861,0,calendar_2014_test,49.17525863647461,73.0,0.9326531887054443,0.0,5.683689594268799,23.82474136352539
31862,0,calendar_2014_test,82.19380950927734,80.0,0.879097044467926,0.0,10.203522682189941,2.1938095092773438
31863,0,calendar_2014_test,78.73654174804688,580.0,0.922349214553833,0.0,6.553287029266357,501.2634582519531
31864,0,calendar_2014_test,550.0387573242188,217.0,0.26794135570526123,0.0,61.78158950805664,333.03875732421875
31865,0,calendar_2014_test,168.2537384033203,159.0,0.698218047618866,0.0,25.46868133544922,9.253738403320312
31866,0,calendar_2014_test,147.62277221679688,181.0,0.7557334899902344,0.0,20.61470603942871,33.377227783203125
31867,0,calendar_2014_test,190.80804443359375,165.0,0.7823846340179443,0.0,18.365501403808594,25.80804443359375
31868,0,calendar_2014_test,148.5290069580078,175.0,0.8392543792724609,0.0,13.566020011901855,26.470993041992188
31869,0,calendar_2014_test,161.5249481201172,112.0,0.7916542887687683,0.0,17.583192825317383,49.52494812011719
31870,0,calendar_2014_test,95.36495971679688,101.0,0.8750431537628174,0.0,10.545647621154785,5.635040283203125
31871,0,calendar_2014_test,104.6225814819336,111.0,0.8692205548286438,0.0,11.037040710449219,6.377418518066406
31872,0,calendar_2014_test,116.25765228271484,102.0,0.8409245014190674,0.0,13.425067901611328,14.257652282714844
31873,0,calendar_2014_test,101.62618255615234,106.0,0.8595069646835327,0.0,11.856815338134766,4.373817443847656
31874,0,calendar_2014_test,106.4068832397461,95.0,0.8675283193588257,0.0,11.179856300354004,11.406883239746094
31875,0,calendar_2014_test,99.46217346191406,101.0,0.8568830490112305,0.0,12.078254699707031,1.5378265380859375
31876,0,calendar_2014_test,107.17269897460938,88.0,0.8668703436851501,0.0,11.235384941101074,19.172698974609375
31877,0,calendar_2014_test,82.04964447021484,125.0,0.9031307697296143,0.0,8.175213813781738,42.950355529785156
31878,0,calendar_2014_test,114.77205657958984,93.0,0.8165630102157593,0.0,15.481039047241211,21.772056579589844
31879,0,calendar_2014_test,84.55422973632812,71.0,0.9049885869026184,0.0,8.018424987792969,13.554229736328125
31880,0,calendar_2014_test,81.5772476196289,74.0,0.8873000144958496,0.0,9.511236190795898,7.577247619628906
31881,0,calendar_2014_test,80.1651382446289,68.0,0.878813624382019,0.0,10.227442741394043,12.165138244628906
31882,0,calendar_2014_test,40.21657180786133,39.0,0.9462460279464722,0.0,4.536530017852783,1.2165718078613281
31883,0,calendar_2014_test,37.820823669433594,52.0,0.9547127485275269,0.0,3.8219845294952393,14.179176330566406
31884,0,calendar_2014_test,52.68998718261719,59.0,0.9424270391464233,0.0,4.858831882476807,6.3100128173828125
31885,0,calendar_2014_test,62.75958251953125,60.0,0.9374638199806213,0.0,5.2776970863342285,2.75958251953125
31886,0,calendar_2014_test,62.41594314575195,68.0,0.9276843667030334,0.0,6.103028297424316,5.584056854248047
31887,0,calendar_2014_test,73.24718475341797,83.0,0.9149169325828552,0.0,7.180525779724121,9.752815246582031
31888,0,calendar_2014_test,87.24474334716797,103.0,0.8904259204864502,0.0,9.247430801391602,15.755256652832031
31889,0,calendar_2014_test,105.85221862792969,98.0,0.8838225603103638,0.0,9.804716110229492,7.8522186279296875
31890,0,calendar_2014_test,96.43268585205078,78.0,0.8926296234130859,0.0,9.061450004577637,18.43268585205078
31891,0,calendar_2014_test,76.7086181640625,82.0,0.9302025437355042,0.0,5.890506744384766,5.2913818359375
31892,0,calendar_2014_test,83.0185775756836,88.0,0.8876919746398926,0.0,9.478161811828613,4.981422424316406
31893,0,calendar_2014_test,91.53014373779297,96.0,0.8830366134643555,0.0,9.871045112609863,4.469856262207031
31894,0,calendar_2014_test,99.52883911132812,118.0,0.9099041819572449,0.0,7.603575706481934,18.471160888671875
31895,0,calendar_2014_test,123.49633026123047,128.0,0.854962170124054,0.0,12.24036979675293,4.503669738769531
31896,0,calendar_2014_test,128.1224365234375,143.0,0.8742961287498474,0.0,10.608692169189453,14.8775634765625
31897,0,calendar_2014_test,145.65457153320312,158.0,0.8298624753952026,0.0,14.358638763427734,12.345428466796875
31898,0,calendar_2014_test,143.98208618164062,143.0,0.7672885060310364,0.0,19.6395263671875,0.982086181640625
31899,0,calendar_2014_test,130.8216094970703,190.0,0.8586385846138,0.0,11.930100440979004,59.17839050292969
31900,0,calendar_2014_test,177.18548583984375,151.0,0.7683297395706177,0.0,19.551652908325195,26.18548583984375
31901,0,calendar_2014_test,124.27543640136719,187.0,0.8374785780906677,0.0,13.7158842086792,62.72456359863281
31902,0,calendar_2014_test,162.453369140625,114.0,0.7921996116638184,0.0,17.53717041015625,48.453369140625
31903,0,calendar_2014_test,80.51936340332031,88.0,0.9003951549530029,0.0,8.406084060668945,7.4806365966796875
31904,0,calendar_2014_test,82.4754638671875,78.0,0.9157963991165161,0.0,7.106303691864014,4.4754638671875
31905,0,calendar_2014_test,72.51162719726562,75.0,0.901305615901947,0.0,8.329246520996094,2.488372802734375
31906,0,calendar_2014_test,74.21477508544922,89.0,0.922788679599762,0.0,6.51619815826416,14.785224914550781
31907,0,calendar_2014_test,84.55274200439453,91.0,0.8804742097854614,0.0,10.087297439575195,6.447257995605469
31908,0,calendar_2014_test,91.01547241210938,109.0,0.8692748546600342,0.0,11.032461166381836,17.984527587890625
31909,0,calendar_2014_test,118.62281799316406,119.0,0.8458061814308167,0.0,13.013082504272461,0.3771820068359375
31910,0,calendar_2014_test,121.22303009033203,119.0,0.8818158507347107,0.0,9.97407054901123,2.2230300903320312
31911,0,calendar_2014_test,116.7807388305664,110.0,0.8552819490432739,0.0,12.213380813598633,6.780738830566406
31912,0,calendar_2014_test,107.22024536132812,120.0,0.8930272459983826,0.0,9.027892112731934,12.779754638671875
31913,0,calendar_2014_test,121.85926818847656,155.0,0.8148282766342163,0.0,15.627440452575684,33.14073181152344
31914,0,calendar_2014_test,159.48562622070312,120.0,0.7585465908050537,0.0,20.37729835510254,39.485626220703125
31915,0,calendar_2014_test,110.92341613769531,128.0,0.8888319134712219,0.0,9.381954193115234,17.076583862304688
31916,0,calendar_2014_test,126.16202545166016,131.0,0.8477959632873535,0.0,12.84515380859375,4.837974548339844
31917,0,calendar_2014_test,132.3847198486328,142.0,0.823008120059967,0.0,14.93710994720459,9.615280151367188
31918,0,calendar_2014_test,144.87525939941406,144.0,0.8269823789596558,0.0,14.601705551147461,0.8752593994140625
31919,0,calendar_2014_test,139.21405029296875,150.0,0.7748072743415833,0.0,19.004985809326172,10.78594970703125
31920,0,calendar_2014_test,154.0561065673828,151.0,0.8155548572540283,0.0,15.566122055053711,3.0561065673828125
31921,0,calendar_2014_test,153.14463806152344,149.0,0.7923418879508972,0.0,17.525163650512695,4.1446380615234375
31922,0,calendar_2014_test,149.79815673828125,157.0,0.8369020223617554,0.0,13.764543533325195,7.20184326171875
31923,0,calendar_2014_test,158.18714904785156,173.0,0.8135132789611816,0.0,15.738417625427246,14.812850952148438
31924,0,calendar_2014_test,170.27757263183594,182.0,0.7950856685638428,0.0,17.293603897094727,11.722427368164062
31925,0,calendar_2014_test,167.74713134765625,188.0,0.7871291637420654,0.0,17.965085983276367,20.25286865234375
31926,0,calendar_2014_test,172.81837463378906,175.0,0.7641310691833496,0.0,19.9060001373291,2.1816253662109375
31927,0,calendar_2014_test,153.74188232421875,167.0,0.7927412390708923,0.0,17.49146270751953,13.25811767578125
31928,0,calendar_2014_test,149.98374938964844,162.0,0.7972447276115417,0.0,17.111392974853516,12.016250610351562
31929,0,calendar_2014_test,146.0927734375,157.0,0.8329330682754517,0.0,14.09949779510498,10.9072265625
31930,0,calendar_2014_test,139.7027130126953,147.0,0.819242537021637,0.0,15.254902839660645,7.2972869873046875
31931,0,calendar_2014_test,135.12747192382812,157.0,0.8080946207046509,0.0,16.195722579956055,21.872528076171875
31932,0,calendar_2014_test,154.53817749023438,159.0,0.8212378025054932,0.0,15.08651351928711,4.461822509765625
31933,0,calendar_2014_test,155.23477172851562,134.0,0.7674084305763245,0.0,19.62940788269043,21.234771728515625
31934,0,calendar_2014_test,126.17328643798828,136.0,0.8363924026489258,0.0,13.8075532913208,9.826713562011719
31935,0,calendar_2014_test,131.13124084472656,158.0,0.8489353656768799,0.0,12.74899959564209,26.868759155273438
31936,0,calendar_2014_test,165.4822235107422,186.0,0.7863304615020752,0.0,18.032495498657227,20.517776489257812
31937,0,calendar_2014_test,186.6493377685547,231.0,0.7772389650344849,0.0,18.799768447875977,44.35066223144531
31938,0,calendar_2014_test,224.90489196777344,254.0,0.7026417255401611,0.0,25.095348358154297,29.095108032226562
31939,0,calendar_2014_test,238.48887634277344,249.0,0.6572452783584595,0.0,28.926549911499023,10.511123657226562
31940,0,calendar_2014_test,245.99269104003906,262.0,0.7092552185058594,0.0,24.537208557128906,16.007308959960938
31941,0,calendar_2014_test,275.6341552734375,282.0,0.6293854713439941,0.0,31.277759552001953,6.3658447265625
31942,0,calendar_2014_test,284.8960876464844,280.0,0.6118218898773193,0.0,32.76002502441406,4.896087646484375
31943,0,calendar_2014_test,273.0960388183594,268.0,0.6737790107727051,0.0,27.531198501586914,5.096038818359375
31944,0,calendar_2014_test,266.38818359375,255.0,0.6621094942092896,0.0,28.51603889465332,11.38818359375
31945,0,calendar_2014_test,254.881103515625,247.0,0.6030131578445435,0.0,33.50343322753906,7.881103515625
31946,0,calendar_2014_test,248.45555114746094,244.0,0.6418169736862183,0.0,30.228612899780273,4.4555511474609375
31947,0,calendar_2014_test,235.53231811523438,270.0,0.7649308443069458,0.0,19.8385009765625,34.467681884765625
31948,0,calendar_2014_test,256.79595947265625,280.0,0.7335326075553894,0.0,22.488332748413086,23.20404052734375
31949,0,calendar_2014_test,275.0684509277344,274.0,0.6701980829238892,0.0,27.83340835571289,1.068450927734375
31950,0,calendar_2014_test,256.2869567871094,280.0,0.6577446460723877,0.0,28.8844051361084,23.713043212890625
31951,0,calendar_2014_test,271.04486083984375,266.0,0.5871049761772156,0.0,34.84599304199219,5.04486083984375
31952,0,calendar_2014_test,238.17726135253906,239.0,0.708869218826294,0.0,24.569786071777344,0.8227386474609375
31953,0,calendar_2014_test,228.13853454589844,225.0,0.7603670954704285,0.0,20.223655700683594,3.1385345458984375
31954,0,calendar_2014_test,27.741357803344727,40.0,0.951709508895874,0.0,4.075444221496582,12.258642196655273
31955,0,calendar_2014_test,36.075294494628906,34.0,0.9515698552131653,0.0,4.087226867675781,2.0752944946289062
31956,0,calendar_2014_test,35.00653839111328,47.0,0.9616383910179138,0.0,3.237501382827759,11.993461608886719
31957,0,calendar_2014_test,48.02906799316406,54.0,0.9402481913566589,0.0,5.042710781097412,5.9709320068359375
31958,0,calendar_2014_test,53.22671890258789,65.0,0.938742458820343,0.0,5.169789791107178,11.77328109741211
31959,0,calendar_2014_test,69.25370025634766,41.0,0.9321045279502869,0.0,5.729991436004639,28.253700256347656
31960,0,calendar_2014_test,45.660728454589844,39.0,0.9443070888519287,0.0,4.700162887573242,6.660728454589844
31961,0,calendar_2014_test,41.54323196411133,35.0,0.9483620524406433,0.0,4.357950210571289,6.543231964111328
31962,0,calendar_2014_test,35.70338821411133,51.0,0.9553357362747192,0.0,3.7694106101989746,15.296611785888672
31963,0,calendar_2014_test,49.2562370300293,54.0,0.9423909187316895,0.0,4.861880779266357,4.743762969970703
31964,0,calendar_2014_test,53.32975769042969,69.0,0.9515388011932373,0.0,4.089848041534424,15.670242309570312
31965,0,calendar_2014_test,78.74109649658203,59.0,0.9009787440299988,0.0,8.356829643249512,19.74109649658203
31966,0,calendar_2014_test,57.88691329956055,51.0,0.9308288097381592,0.0,5.837655544281006,6.886913299560547
31967,0,calendar_2014_test,53.213497161865234,45.0,0.9371511936187744,0.0,5.304081439971924,8.213497161865234
31968,0,calendar_2014_test,50.936336517333984,44.0,0.944411039352417,0.0,4.691392421722412,6.936336517333984
31969,0,calendar_2014_test,46.58176803588867,52.0,0.9443380236625671,0.0,4.697552680969238,5.418231964111328
31970,0,calendar_2014_test,45.799983978271484,52.0,0.945592999458313,0.0,4.591640472412109,6.200016021728516
31971,0,calendar_2014_test,48.96805953979492,47.0,0.9425943493843079,0.0,4.844711780548096,1.9680595397949219
31972,0,calendar_2014_test,44.79774475097656,51.0,0.9427845478057861,0.0,4.82866096496582,6.2022552490234375
31973,0,calendar_2014_test,42.77699279785156,85.0,0.9562674164772034,0.0,3.6907801628112793,42.22300720214844
31974,0,calendar_2014_test,80.47931671142578,80.0,0.8957894444465637,0.0,8.794777870178223,0.47931671142578125
31975,0,calendar_2014_test,74.03993225097656,62.0,0.8981165885925293,0.0,8.598381996154785,12.039932250976562
31976,0,calendar_2014_test,56.66535568237305,57.0,0.9366075396537781,0.0,5.349964618682861,0.3346443176269531
31977,0,calendar_2014_test,63.8540153503418,56.0,0.9241597652435303,0.0,6.40048360824585,7.854015350341797
31978,0,calendar_2014_test,53.833553314208984,67.0,0.9367622137069702,0.0,5.336907863616943,13.166446685791016
31979,0,calendar_2014_test,69.49498748779297,96.0,0.9137420058250427,0.0,7.279685974121094,26.50501251220703
31980,0,calendar_2014_test,99.76417541503906,91.0,0.8717169761657715,0.0,10.826356887817383,8.764175415039062
31981,0,calendar_2014_test,91.651123046875,84.0,0.8933998346328735,0.0,8.99644660949707,7.651123046875
31982,0,calendar_2014_test,86.81964874267578,101.0,0.8912776708602905,0.0,9.175548553466797,14.180351257324219
31983,0,calendar_2014_test,108.2510986328125,134.0,0.8964802622795105,0.0,8.736479759216309,25.7489013671875
31984,0,calendar_2014_test,138.5527801513672,127.0,0.8516440987586975,0.0,12.52039623260498,11.552780151367188
31985,0,calendar_2014_test,128.4009246826172,123.0,0.8843884468078613,0.0,9.756957054138184,5.4009246826171875
31986,0,calendar_2014_test,121.6751480102539,112.0,0.8721162676811218,0.0,10.792661666870117,9.675148010253906
31987,0,calendar_2014_test,116.16008758544922,109.0,0.8656768798828125,0.0,11.33610725402832,7.160087585449219
31988,0,calendar_2014_test,104.50226593017578,145.0,0.8598646521568298,0.0,11.826626777648926,40.49773406982422
31989,0,calendar_2014_test,135.99403381347656,124.0,0.8272495269775391,0.0,14.579155921936035,11.994033813476562
31990,0,calendar_2014_test,110.74840545654297,107.0,0.8605291843414307,0.0,11.770541191101074,3.7484054565429688
31991,0,calendar_2014_test,106.18696594238281,109.0,0.8761286735534668,0.0,10.454035758972168,2.8130340576171875
31992,0,calendar_2014_test,107.01541900634766,110.0,0.8506233096122742,0.0,12.606544494628906,2.9845809936523438
31993,0,calendar_2014_test,103.79985046386719,116.0,0.8412504196166992,0.0,13.397560119628906,12.200149536132812
31994,0,calendar_2014_test,112.9158706665039,105.0,0.8333594799041748,0.0,14.063509941101074,7.915870666503906
31995,0,calendar_2014_test,104.02860260009766,93.0,0.8647676706314087,0.0,11.412837028503418,11.028602600097656
31996,0,calendar_2014_test,95.87993621826172,106.0,0.869366466999054,0.0,11.024727821350098,10.120063781738281
31997,0,calendar_2014_test,110.90470123291016,103.0,0.8596652746200562,0.0,11.843451499938965,7.904701232910156
31998,0,calendar_2014_test,101.0926513671875,102.0,0.8881512880325317,0.0,9.4393949508667,0.9073486328125
31999,0,calendar_2014_test,106.45446014404297,101.0,0.866905689239502,0.0,11.232404708862305,5.454460144042969
32000,0,calendar_2014_test,102.17269134521484,101.0,0.8868676424026489,0.0,9.547725677490234,1.1726913452148438
32001,0,calendar_2014_test,105.1717529296875,117.0,0.9137275218963623,0.0,7.280908584594727,11.8282470703125
32002,0,calendar_2014_test,122.1161880493164,131.0,0.8750177025794983,0.0,10.547795295715332,8.883811950683594
32003,0,calendar_2014_test,135.1183624267578,128.0,0.8636114597320557,0.0,11.510417938232422,7.1183624267578125
32004,0,calendar_2014_test,125.63363647460938,127.0,0.8633838891983032,0.0,11.52962589263916,1.366363525390625
32005,0,calendar_2014_test,127.71327209472656,141.0,0.8651593327522278,0.0,11.37978458404541,13.286727905273438
32006,0,calendar_2014_test,144.40904235839844,137.0,0.8500339984893799,0.0,12.656280517578125,7.4090423583984375
32007,0,calendar_2014_test,131.21209716796875,151.0,0.7998211979866028,0.0,16.89395523071289,19.78790283203125
32008,0,calendar_2014_test,151.69691467285156,152.0,0.8201696276664734,0.0,15.17666244506836,0.3030853271484375
32009,0,calendar_2014_test,152.15406799316406,148.0,0.8260038495063782,0.0,14.684287071228027,4.1540679931640625
32010,0,calendar_2014_test,141.5419464111328,151.0,0.8137650489807129,0.0,15.717174530029297,9.458053588867188
32011,0,calendar_2014_test,152.07968139648438,156.0,0.8147566318511963,0.0,15.633487701416016,3.920318603515625
32012,0,calendar_2014_test,160.59019470214844,143.0,0.8140941262245178,0.0,15.689398765563965,17.590194702148438
32013,0,calendar_2014_test,138.83203125,141.0,0.8306722640991211,0.0,14.290300369262695,2.16796875
32014,0,calendar_2014_test,138.98876953125,140.0,0.8291578888893127,0.0,14.418102264404297,1.01123046875
32015,0,calendar_2014_test,146.9934539794922,150.0,0.8036484718322754,0.0,16.570953369140625,3.0065460205078125
32016,0,calendar_2014_test,148.76148986816406,162.0,0.8451953530311584,0.0,13.064631462097168,13.238510131835938
32017,0,calendar_2014_test,161.6848907470703,171.0,0.7997797727584839,0.0,16.897451400756836,9.315109252929688
32018,0,calendar_2014_test,170.2681121826172,179.0,0.8123602867126465,0.0,15.83572769165039,8.731887817382812
32019,0,calendar_2014_test,169.42848205566406,193.0,0.742836594581604,0.0,21.7031307220459,23.571517944335938
32020,0,calendar_2014_test,195.7815704345703,170.0,0.7785838842391968,0.0,18.686262130737305,25.781570434570312
32021,0,calendar_2014_test,161.9020233154297,167.0,0.8128536343574524,0.0,15.79409122467041,5.0979766845703125
32022,0,calendar_2014_test,164.83290100097656,158.0,0.8142386078834534,0.0,15.677206993103027,6.8329010009765625
32023,0,calendar_2014_test,154.22134399414062,158.0,0.8104300498962402,0.0,15.998626708984375,3.778656005859375
32024,0,calendar_2014_test,153.49444580078125,176.0,0.8090790510177612,0.0,16.112646102905273,22.50555419921875
32025,0,calendar_2014_test,174.2071990966797,162.0,0.7725030183792114,0.0,19.19945526123047,12.207199096679688
32026,0,calendar_2014_test,159.25247192382812,153.0,0.8143763542175293,0.0,15.665579795837402,6.252471923828125
32027,0,calendar_2014_test,121.44799041748047,129.0,0.829085648059845,0.0,14.424199104309082,7.552009582519531
32028,0,calendar_2014_test,119.9690933227539,92.0,0.8472561836242676,0.0,12.890711784362793,27.969093322753906
32029,0,calendar_2014_test,77.13798522949219,83.0,0.9111372232437134,0.0,7.499516010284424,5.8620147705078125
32030,0,calendar_2014_test,79.1686019897461,74.0,0.8853282928466797,0.0,9.677638053894043,5.168601989746094
32031,0,calendar_2014_test,67.92359161376953,86.0,0.9153997898101807,0.0,7.139776229858398,18.07640838623047
32032,0,calendar_2014_test,88.39591217041016,83.0,0.9196722507476807,0.0,6.77920389175415,5.395912170410156
32033,0,calendar_2014_test,81.08402252197266,84.0,0.8749389052391052,0.0,10.554445266723633,2.9159774780273438
32034,0,calendar_2014_test,81.26246643066406,84.0,0.9068877100944519,0.0,7.858147621154785,2.7375335693359375
32035,0,calendar_2014_test,84.99772644042969,77.0,0.8910559415817261,0.0,9.194260597229004,7.9977264404296875
32036,0,calendar_2014_test,78.15889739990234,75.0,0.9032703638076782,0.0,8.163430213928223,3.1588973999023438
32037,0,calendar_2014_test,81.88188934326172,64.0,0.901355504989624,0.0,8.325034141540527,17.88188934326172
32038,0,calendar_2014_test,65.15249633789062,59.0,0.9027074575424194,0.0,8.210938453674316,6.152496337890625
32039,0,calendar_2014_test,59.18856430053711,59.0,0.94028639793396,0.0,5.03948974609375,0.18856430053710938
32040,0,calendar_2014_test,62.8979377746582,72.0,0.9193431735038757,0.0,6.806975841522217,9.102062225341797
32041,0,calendar_2014_test,74.47017669677734,69.0,0.9026724696159363,0.0,8.213889122009277,5.470176696777344
32042,0,calendar_2014_test,69.79115295410156,69.0,0.9160684943199158,0.0,7.083340644836426,0.7911529541015625
32043,0,calendar_2014_test,52.768226623535156,56.0,0.9412556290626526,0.0,4.9576921463012695,3.2317733764648438
32044,0,calendar_2014_test,50.23923110961914,44.0,0.9491069316864014,0.0,4.2950873374938965,6.239231109619141
32045,0,calendar_2014_test,46.3798828125,48.0,0.9534332156181335,0.0,3.9299707412719727,1.6201171875
32046,0,calendar_2014_test,51.49405288696289,40.0,0.949398934841156,0.0,4.270442008972168,11.49405288696289
32047,0,calendar_2014_test,41.61662292480469,46.0,0.9466959238052368,0.0,4.498561859130859,4.3833770751953125
32048,0,calendar_2014_test,41.27203369140625,55.0,0.9448912143707275,0.0,4.6508708000183105,13.72796630859375
32049,0,calendar_2014_test,54.56185531616211,57.0,0.9496410489082336,0.0,4.250009536743164,2.4381446838378906
32050,0,calendar_2014_test,58.03788757324219,52.0,0.9404067397117615,0.0,5.029333114624023,6.0378875732421875
32051,0,calendar_2014_test,53.93485641479492,55.0,0.929492175579071,0.0,5.950459957122803,1.0651435852050781
32052,0,calendar_2014_test,57.64950180053711,59.0,0.9256028532981873,0.0,6.278697967529297,1.3504981994628906
32053,0,calendar_2014_test,61.98469161987305,67.0,0.9268701076507568,0.0,6.171747207641602,5.015308380126953
32054,0,calendar_2014_test,70.70764923095703,72.0,0.925815761089325,0.0,6.26072883605957,1.2923507690429688
32055,0,calendar_2014_test,73.55490112304688,78.0,0.8970823287963867,0.0,8.685665130615234,4.445098876953125
32056,0,calendar_2014_test,80.14079284667969,95.0,0.8740605115890503,0.0,10.62857723236084,14.859207153320312
32057,0,calendar_2014_test,105.32561492919922,105.0,0.8536508083343506,0.0,12.351042747497559,0.32561492919921875
32058,0,calendar_2014_test,106.829833984375,112.0,0.8445849418640137,0.0,13.116146087646484,5.170166015625
32059,0,calendar_2014_test,115.64630889892578,128.0,0.872299313545227,0.0,10.777213096618652,12.353691101074219
32060,0,calendar_2014_test,128.763671875,127.0,0.8336750864982605,0.0,14.03687572479248,1.763671875
32061,0,calendar_2014_test,127.19046020507812,128.0,0.81715327501297,0.0,15.431224822998047,0.809539794921875
32062,0,calendar_2014_test,127.40687561035156,121.0,0.8472971320152283,0.0,12.88725471496582,6.4068756103515625
32063,0,calendar_2014_test,117.4376220703125,84.0,0.879267156124115,0.0,10.189166069030762,33.4376220703125
32064,0,calendar_2014_test,74.4852294921875,87.0,0.9296513795852661,0.0,5.937025547027588,12.5147705078125
32065,0,calendar_2014_test,82.5427474975586,64.0,0.8962723016738892,0.0,8.754027366638184,18.542747497558594
32066,0,calendar_2014_test,59.87600326538086,52.0,0.9212267994880676,0.0,6.648010730743408,7.876003265380859
32067,0,calendar_2014_test,47.1889533996582,30.0,0.9468562602996826,0.0,4.48502779006958,17.188953399658203
32068,0,calendar_2014_test,30.25611114501953,23.0,0.9618754386901855,0.0,3.217496395111084,7.256111145019531
32069,0,calendar_2014_test,27.526485443115234,22.0,0.9685894250869751,0.0,2.6508758068084717,5.526485443115234
32070,0,calendar_2014_test,23.17158317565918,17.0,0.9660202860832214,0.0,2.867694616317749,6.17158317565918
32071,0,calendar_2014_test,18.528907775878906,22.0,0.9730214476585388,0.0,2.2768373489379883,3.4710922241210938
32072,0,calendar_2014_test,25.817516326904297,33.0,0.9670061469078064,0.0,2.7844948768615723,7.182483673095703
32073,0,calendar_2014_test,35.88265609741211,43.0,0.9609619975090027,0.0,3.294585943222046,7.117343902587891
32074,0,calendar_2014_test,49.734352111816406,49.0,0.9457042813301086,0.0,4.582249164581299,0.7343521118164062
32075,0,calendar_2014_test,53.60586929321289,56.0,0.9420130848884583,0.0,4.8937668800354,2.3941307067871094
32076,0,calendar_2014_test,62.47218322753906,59.0,0.9353775978088379,0.0,5.453761577606201,3.4721832275390625
32077,0,calendar_2014_test,66.78616333007812,69.0,0.9204514026641846,0.0,6.713452339172363,2.213836669921875
32078,0,calendar_2014_test,76.91666412353516,59.0,0.8980677127838135,0.0,8.60250473022461,17.916664123535156
32079,0,calendar_2014_test,62.45814514160156,72.0,0.9302046298980713,0.0,5.890329837799072,9.541854858398438
32080,0,calendar_2014_test,75.6216812133789,76.0,0.9126733541488647,0.0,7.369870662689209,0.37831878662109375
32081,0,calendar_2014_test,82.85393524169922,90.0,0.9070590138435364,0.0,7.843691349029541,7.146064758300781
32082,0,calendar_2014_test,95.39546203613281,91.0,0.8889040350914001,0.0,9.375869750976562,4.3954620361328125
32083,0,calendar_2014_test,89.0224838256836,90.0,0.9176950454711914,0.0,6.946070194244385,0.9775161743164062
32084,0,calendar_2014_test,86.20024871826172,91.0,0.908217191696167,0.0,7.745950222015381,4.799751281738281
32085,0,calendar_2014_test,88.72006225585938,66.0,0.8983464241027832,0.0,8.578984260559082,22.720062255859375
32086,0,calendar_2014_test,60.56423568725586,46.0,0.9219931364059448,0.0,6.583336353302002,14.56423568725586
32087,0,calendar_2014_test,47.93794631958008,49.0,0.9419817328453064,0.0,4.8964128494262695,1.0620536804199219
32088,0,calendar_2014_test,50.655277252197266,48.0,0.9317757487297058,0.0,5.757739543914795,2.6552772521972656
32089,0,calendar_2014_test,44.56846237182617,45.0,0.9585283994674683,0.0,3.499965190887451,0.4315376281738281
32090,0,calendar_2014_test,41.684715270996094,44.0,0.9547445178031921,0.0,3.819305181503296,2.3152847290039062
32091,0,calendar_2014_test,35.566612243652344,39.0,0.9532398581504822,0.0,3.9462924003601074,3.4333877563476562
32092,0,calendar_2014_test,40.40161895751953,23.0,0.941744863986969,0.0,4.916404724121094,17.40161895751953
32093,0,calendar_2014_test,21.82512855529785,26.0,0.9714673161506653,0.0,2.4079978466033936,4.174871444702148
32094,0,calendar_2014_test,28.291975021362305,24.0,0.9673417210578918,0.0,2.7561724185943604,4.291975021362305
32095,0,calendar_2014_test,25.703969955444336,25.0,0.968205988407135,0.0,2.6832361221313477,0.7039699554443359
32096,0,calendar_2014_test,27.94884490966797,30.0,0.9730579257011414,0.0,2.2737584114074707,2.0511550903320312
32097,0,calendar_2014_test,32.55379867553711,44.0,0.9592453241348267,0.0,3.4394655227661133,11.44620132446289
32098,0,calendar_2014_test,44.75580596923828,30.0,0.9392972588539124,0.0,5.122966289520264,14.755805969238281
32099,0,calendar_2014_test,33.94172668457031,32.0,0.9590976238250732,0.0,3.4519288539886475,1.9417266845703125
32100,0,calendar_2014_test,37.70623779296875,36.0,0.9563845992088318,0.0,3.6808905601501465,1.70623779296875
32101,0,calendar_2014_test,42.595909118652344,43.0,0.9517448544502258,0.0,4.0724592208862305,0.40409088134765625
32102,0,calendar_2014_test,45.3015022277832,66.0,0.9497353434562683,0.0,4.242051124572754,20.698497772216797
32103,0,calendar_2014_test,75.42514038085938,68.0,0.9117946028709412,0.0,7.44403600692749,7.425140380859375
32104,0,calendar_2014_test,72.35865020751953,73.0,0.9168227910995483,0.0,7.0196852684021,0.6413497924804688
32105,0,calendar_2014_test,76.47148132324219,90.0,0.8945102691650391,0.0,8.902734756469727,13.528518676757812
32106,0,calendar_2014_test,91.40949249267578,106.0,0.9127479791641235,0.0,7.363572597503662,14.590507507324219
32107,0,calendar_2014_test,104.86088562011719,102.0,0.857394278049469,0.0,12.035114288330078,2.8608856201171875
32108,0,calendar_2014_test,97.14446258544922,66.0,0.897021472454071,0.0,8.690803527832031,31.14446258544922
32109,0,calendar_2014_test,61.937049865722656,65.0,0.9300225377082825,0.0,5.905699253082275,3.0629501342773438
32110,0,calendar_2014_test,62.43606948852539,52.0,0.9279859066009521,0.0,6.07758092880249,10.43606948852539
32111,0,calendar_2014_test,51.79965591430664,68.0,0.944115161895752,0.0,4.716362953186035,16.20034408569336
32112,0,calendar_2014_test,61.8985710144043,104.0,0.9447519183158875,0.0,4.662623882293701,42.1014289855957
32113,0,calendar_2014_test,94.68621063232422,84.0,0.8681640625,0.0,11.126203536987305,10.686210632324219
32114,0,calendar_2014_test,69.7431640625,42.0,0.9011656045913696,0.0,8.341059684753418,27.7431640625
32115,0,calendar_2014_test,37.11170196533203,36.0,0.9556216597557068,0.0,3.745281934738159,1.1117019653320312
32116,0,calendar_2014_test,33.386322021484375,56.0,0.9596573114395142,0.0,3.404693603515625,22.613677978515625
32117,0,calendar_2014_test,55.21333312988281,51.0,0.9368113279342651,0.0,5.332766532897949,4.2133331298828125
32118,0,calendar_2014_test,49.52881622314453,170.0,0.9486933350563049,0.0,4.329992771148682,120.47118377685547
32119,0,calendar_2014_test,137.23277282714844,87.0,0.8173331618309021,0.0,15.416043281555176,50.23277282714844
32120,0,calendar_2014_test,68.23082733154297,55.0,0.9130334258079529,0.0,7.339484214782715,13.230827331542969
32121,0,calendar_2014_test,56.3956298828125,107.0,0.9156824946403503,0.0,7.1159162521362305,50.6043701171875
32122,0,calendar_2014_test,107.26502227783203,105.0,0.8576544523239136,0.0,12.013153076171875,2.2650222778320312
32123,0,calendar_2014_test,99.8221664428711,66.0,0.8837444186210632,0.0,9.811309814453125,33.822166442871094
32124,0,calendar_2014_test,64.99693298339844,73.0,0.9217502474784851,0.0,6.603835105895996,8.003067016601562
32125,0,calendar_2014_test,80.15754699707031,76.0,0.9089455604553223,0.0,7.684475898742676,4.1575469970703125
32126,0,calendar_2014_test,77.74673461914062,60.0,0.9142880439758301,0.0,7.2336039543151855,17.746734619140625
32127,0,calendar_2014_test,60.18459701538086,64.0,0.9456217288970947,0.0,4.589219093322754,3.8154029846191406
32128,0,calendar_2014_test,69.42658996582031,73.0,0.929307222366333,0.0,5.966066837310791,3.5734100341796875
32129,0,calendar_2014_test,75.31938934326172,81.0,0.9131172299385071,0.0,7.332413673400879,5.680610656738281
32130,0,calendar_2014_test,82.04127502441406,88.0,0.908397376537323,0.0,7.730741024017334,5.9587249755859375
32131,0,calendar_2014_test,94.6688003540039,98.0,0.8792094588279724,0.0,10.194035530090332,3.3311996459960938
32132,0,calendar_2014_test,102.32488250732422,99.0,0.8767545819282532,0.0,10.401214599609375,3.3248825073242188
32133,0,calendar_2014_test,107.19690704345703,99.0,0.8757449388504028,0.0,10.48642349243164,8.196907043457031
32134,0,calendar_2014_test,108.71534729003906,108.0,0.8713620901107788,0.0,10.856310844421387,0.7153472900390625
32135,0,calendar_2014_test,116.0431137084961,129.0,0.8593213558197021,0.0,11.872476577758789,12.956886291503906
32136,0,calendar_2014_test,127.81444549560547,136.0,0.8402001857757568,0.0,13.486193656921387,8.185554504394531
32137,0,calendar_2014_test,139.55606079101562,151.0,0.8231096267700195,0.0,14.928542137145996,11.443939208984375
32138,0,calendar_2014_test,157.6546173095703,162.0,0.8501654863357544,0.0,12.645183563232422,4.3453826904296875
32139,0,calendar_2014_test,162.55044555664062,164.0,0.7723740935325623,0.0,19.21033477783203,1.449554443359375
32140,0,calendar_2014_test,154.00244140625,174.0,0.8049200177192688,0.0,16.463640213012695,19.99755859375
32141,0,calendar_2014_test,174.286865234375,185.0,0.7779737710952759,0.0,18.737754821777344,10.713134765625
32142,0,calendar_2014_test,182.4308624267578,168.0,0.7698773145675659,0.0,19.42104721069336,14.430862426757812
32143,0,calendar_2014_test,151.49005126953125,154.0,0.823432445526123,0.0,14.901300430297852,2.50994873046875
32144,0,calendar_2014_test,137.1179962158203,143.0,0.7687618732452393,0.0,19.515182495117188,5.8820037841796875
32145,0,calendar_2014_test,143.57484436035156,139.0,0.8912574052810669,0.0,9.177255630493164,4.5748443603515625
32146,0,calendar_2014_test,138.66685485839844,126.0,0.8338215351104736,0.0,14.024518013000488,12.666854858398438
32147,0,calendar_2014_test,123.87435150146484,98.0,0.7983797192573547,0.0,17.015605926513672,25.874351501464844
32148,0,calendar_2014_test,86.94402313232422,101.0,0.8989430069923401,0.0,8.52863597869873,14.055976867675781
32149,0,calendar_2014_test,107.1824951171875,71.0,0.8642905950546265,0.0,11.453102111816406,36.1824951171875
32150,0,calendar_2014_test,69.35665893554688,73.0,0.9092186093330383,0.0,7.661433696746826,3.643341064453125
32151,0,calendar_2014_test,78.30086517333984,80.0,0.9145814180374146,0.0,7.208845615386963,1.6991348266601562
32152,0,calendar_2014_test,85.28455352783203,82.0,0.8900488615036011,0.0,9.279253005981445,3.2845535278320312
32153,0,calendar_2014_test,85.06456756591797,76.0,0.8942413330078125,0.0,8.925431251525879,9.064567565917969
32154,0,calendar_2014_test,77.37107849121094,84.0,0.9256101250648499,0.0,6.278080940246582,6.6289215087890625
32155,0,calendar_2014_test,90.06651306152344,89.0,0.9031524658203125,0.0,8.173378944396973,1.0665130615234375
32156,0,calendar_2014_test,93.3653335571289,91.0,0.8958600759506226,0.0,8.788817405700684,2.3653335571289062
32157,0,calendar_2014_test,95.77790832519531,96.0,0.8911119699478149,0.0,9.189533233642578,0.2220916748046875
32158,0,calendar_2014_test,99.08029174804688,107.0,0.8458665013313293,0.0,13.007990837097168,7.919708251953125
32159,0,calendar_2014_test,110.20093536376953,109.0,0.8708878755569458,0.0,10.896329879760742,1.2009353637695312
32160,0,calendar_2014_test,111.63052368164062,112.0,0.8438078761100769,0.0,13.181726455688477,0.369476318359375
32161,0,calendar_2014_test,115.87154388427734,119.0,0.8506953716278076,0.0,12.600461959838867,3.1284561157226562
32162,0,calendar_2014_test,117.05516815185547,122.0,0.8707242012023926,0.0,10.910140991210938,4.944831848144531
32163,0,calendar_2014_test,123.28372955322266,125.0,0.8405147790908813,0.0,13.459647178649902,1.7162704467773438
32164,0,calendar_2014_test,121.11602020263672,121.0,0.8281904458999634,0.0,14.499751091003418,0.11602020263671875
32165,0,calendar_2014_test,123.28575134277344,128.0,0.8688721656799316,0.0,11.06644344329834,4.7142486572265625
32166,0,calendar_2014_test,125.2912826538086,135.0,0.8431708812713623,0.0,13.235488891601562,9.708717346191406
32167,0,calendar_2014_test,128.34490966796875,136.0,0.8053954839706421,0.0,16.423513412475586,7.65509033203125
32168,0,calendar_2014_test,127.27049255371094,121.0,0.840383768081665,0.0,13.47070026397705,6.2704925537109375
32169,0,calendar_2014_test,116.80770874023438,117.0,0.8692798614501953,0.0,11.032038688659668,0.192291259765625
32170,0,calendar_2014_test,112.33584594726562,105.0,0.8522488474845886,0.0,12.469356536865234,7.335845947265625
32171,0,calendar_2014_test,106.43988800048828,100.0,0.8617056608200073,0.0,11.671257019042969,6.439888000488281
32172,0,calendar_2014_test,98.57913208007812,117.0,0.880926251411438,0.0,10.049145698547363,18.420867919921875
32173,0,calendar_2014_test,119.79158020019531,118.0,0.8481237888336182,0.0,12.817489624023438,1.7915802001953125
32174,0,calendar_2014_test,115.99665069580078,121.0,0.8616883754730225,0.0,11.672718048095703,5.003349304199219
32175,0,calendar_2014_test,118.48959350585938,140.0,0.8371176719665527,0.0,13.746342658996582,21.510406494140625
32176,0,calendar_2014_test,143.4958953857422,139.0,0.8458068370819092,0.0,13.013028144836426,4.4958953857421875
32177,0,calendar_2014_test,138.05862426757812,136.0,0.837891697883606,0.0,13.681020736694336,2.058624267578125
32178,0,calendar_2014_test,135.59767150878906,143.0,0.8137171268463135,0.0,15.721214294433594,7.4023284912109375
32179,0,calendar_2014_test,141.52352905273438,155.0,0.8145369291305542,0.0,15.652029991149902,13.476470947265625
32180,0,calendar_2014_test,154.45619201660156,141.0,0.8150977492332458,0.0,15.604698181152344,13.456192016601562
32181,0,calendar_2014_test,139.47994995117188,110.0,0.8127908110618591,0.0,15.79939079284668,29.479949951171875
32182,0,calendar_2014_test,102.50627136230469,118.0,0.8734992742538452,0.0,10.675945281982422,15.493728637695312
32183,0,calendar_2014_test,122.82283782958984,124.0,0.8950817584991455,0.0,8.85450553894043,1.1771621704101562
32184,0,calendar_2014_test,127.17079162597656,135.0,0.8535576462745667,0.0,12.358902931213379,7.8292083740234375
32185,0,calendar_2014_test,142.18775939941406,156.0,0.8255824446678162,0.0,14.719850540161133,13.812240600585938
32186,0,calendar_2014_test,157.65869140625,163.0,0.8245387077331543,0.0,14.807933807373047,5.34130859375
32187,0,calendar_2014_test,160.15357971191406,167.0,0.8141594529151917,0.0,15.68388557434082,6.8464202880859375
32188,0,calendar_2014_test,154.7154998779297,169.0,0.7579704523086548,0.0,20.425920486450195,14.284500122070312
32189,0,calendar_2014_test,156.0918426513672,177.0,0.85892254114151,0.0,11.906135559082031,20.908157348632812
32190,0,calendar_2014_test,170.0052032470703,131.0,0.8035542964935303,0.0,16.578899383544922,39.00520324707031
32191,0,calendar_2014_test,103.77617645263672,102.0,0.898154079914093,0.0,8.59521770477295,1.7761764526367188
32192,0,calendar_2014_test,93.36559295654297,90.0,0.8992090821266174,0.0,8.506178855895996,3.3655929565429688
32193,0,calendar_2014_test,84.9072036743164,96.0,0.8922349810600281,0.0,9.094756126403809,11.092796325683594
32194,0,calendar_2014_test,90.85955047607422,112.0,0.8935545086860657,0.0,8.983394622802734,21.14044952392578
32195,0,calendar_2014_test,111.91709899902344,101.0,0.8835433125495911,0.0,9.828282356262207,10.917098999023438
32196,0,calendar_2014_test,89.99735260009766,101.0,0.8878985047340393,0.0,9.46072769165039,11.002647399902344
32197,0,calendar_2014_test,92.61015319824219,104.0,0.8788195848464966,0.0,10.226936340332031,11.389846801757812
32198,0,calendar_2014_test,101.03022766113281,92.0,0.8847215175628662,0.0,9.728850364685059,9.030227661132812
32199,0,calendar_2014_test,81.87516784667969,55.0,0.915154755115509,0.0,7.160454750061035,26.875167846679688
32200,0,calendar_2014_test,43.5521240234375,27.0,0.9577715992927551,0.0,3.563835382461548,16.5521240234375
32201,0,calendar_2014_test,27.557411193847656,30.0,0.9565011858940125,0.0,3.671053886413574,2.4425888061523438
32202,0,calendar_2014_test,26.03249740600586,27.0,0.9524368047714233,0.0,4.014064311981201,0.9675025939941406
32203,0,calendar_2014_test,24.35737419128418,21.0,0.9560124278068542,0.0,3.7122995853424072,3.3573741912841797
32204,0,calendar_2014_test,17.15839195251465,25.0,0.9667993187904358,0.0,2.801948070526123,7.841608047485352
32205,0,calendar_2014_test,22.872636795043945,23.0,0.9628936052322388,0.0,3.1315691471099854,0.1273632049560547
32206,0,calendar_2014_test,22.468334197998047,28.0,0.966280460357666,0.0,2.8457400798797607,5.531665802001953
32207,0,calendar_2014_test,30.298749923706055,29.0,0.9496037364006042,0.0,4.253159999847412,1.2987499237060547
32208,0,calendar_2014_test,29.851940155029297,31.0,0.9457544684410095,0.0,4.57801628112793,1.1480598449707031
32209,0,calendar_2014_test,31.05674171447754,38.0,0.9580007195472717,0.0,3.5445008277893066,6.943258285522461
32210,0,calendar_2014_test,32.09320831298828,39.0,0.9636742472648621,0.0,3.065685510635376,6.906791687011719
32211,0,calendar_2014_test,34.83778381347656,61.0,0.9617818593978882,0.0,3.225391387939453,26.162216186523438
32212,0,calendar_2014_test,48.95287322998047,42.0,0.9329441785812378,0.0,5.659129619598389,6.952873229980469
32213,0,calendar_2014_test,36.7951545715332,47.0,0.9554540514945984,0.0,3.759422779083252,10.204845428466797
32214,0,calendar_2014_test,44.545875549316406,52.0,0.937977135181427,0.0,5.234376430511475,7.454124450683594
32215,0,calendar_2014_test,56.110225677490234,47.0,0.9453753232955933,0.0,4.610013484954834,9.110225677490234
32216,0,calendar_2014_test,47.90678787231445,42.0,0.9514879584312439,0.0,4.094139575958252,5.906787872314453
32217,0,calendar_2014_test,53.15369415283203,48.0,0.9499630331993103,0.0,4.222835540771484,5.153694152832031
32218,0,calendar_2014_test,51.01222229003906,52.0,0.9331232309341431,0.0,5.644021987915039,0.9877777099609375
32219,0,calendar_2014_test,53.23426055908203,48.0,0.946869969367981,0.0,4.483874320983887,5.234260559082031
32220,0,calendar_2014_test,51.66593933105469,59.0,0.9464049339294434,0.0,4.523121356964111,7.3340606689453125
32221,0,calendar_2014_test,61.8382568359375,48.0,0.9276253581047058,0.0,6.1080098152160645,13.8382568359375
32222,0,calendar_2014_test,50.617332458496094,35.0,0.9350321292877197,0.0,5.482919216156006,15.617332458496094
32223,0,calendar_2014_test,38.1472053527832,41.0,0.9559993743896484,0.0,3.713404893875122,2.852794647216797
32224,0,calendar_2014_test,46.82392120361328,36.0,0.9362198114395142,0.0,5.382688045501709,10.823921203613281
32225,0,calendar_2014_test,42.19856262207031,41.0,0.9364372491836548,0.0,5.364332675933838,1.1985626220703125
32226,0,calendar_2014_test,47.64046096801758,49.0,0.9398673176765442,0.0,5.074856758117676,1.3595390319824219
32227,0,calendar_2014_test,53.0577507019043,59.0,0.9286255836486816,0.0,6.023593902587891,5.942249298095703
32228,0,calendar_2014_test,61.196712493896484,72.0,0.9473851323127747,0.0,4.440396308898926,10.803287506103516
32229,0,calendar_2014_test,72.97689056396484,80.0,0.9203638434410095,0.0,6.72083854675293,7.023109436035156
32230,0,calendar_2014_test,81.98277282714844,58.0,0.907889187335968,0.0,7.773628234863281,23.982772827148438
32231,0,calendar_2014_test,61.17915725708008,46.0,0.929818868637085,0.0,5.922888278961182,15.179157257080078
32232,0,calendar_2014_test,45.198978424072266,54.0,0.9475424289703369,0.0,4.427122592926025,8.801021575927734
32233,0,calendar_2014_test,45.86634826660156,43.0,0.9518701434135437,0.0,4.061885833740234,2.8663482666015625
32234,0,calendar_2014_test,35.38808822631836,35.0,0.9607580900192261,0.0,3.3117945194244385,0.3880882263183594
32235,0,calendar_2014_test,30.61995506286621,39.0,0.9568204879760742,0.0,3.644105911254883,8.380044937133789
32236,0,calendar_2014_test,33.236549377441406,20.0,0.9591907858848572,0.0,3.4440643787384033,13.236549377441406
32237,0,calendar_2014_test,19.178346633911133,78.0,0.9719305038452148,0.0,2.368906021118164,58.82165336608887
32238,0,calendar_2014_test,64.36014556884766,72.0,0.9333277940750122,0.0,5.626753330230713,7.639854431152344
32239,0,calendar_2014_test,72.4079818725586,84.0,0.9201606512069702,0.0,6.737985610961914,11.592018127441406
32240,0,calendar_2014_test,79.392578125,55.0,0.8971075415611267,0.0,8.683537483215332,24.392578125
32241,0,calendar_2014_test,60.70711898803711,77.0,0.9274829626083374,0.0,6.120025634765625,16.29288101196289
32242,0,calendar_2014_test,77.52486419677734,135.0,0.9126165509223938,0.0,7.3746657371521,57.475135803222656
32243,0,calendar_2014_test,126.40998840332031,76.0,0.8154802322387695,0.0,15.57242202758789,50.40998840332031
32244,0,calendar_2014_test,68.09127807617188,75.0,0.9233071804046631,0.0,6.472437381744385,6.908721923828125
32245,0,calendar_2014_test,83.0312271118164,98.0,0.9135821461677551,0.0,7.293177127838135,14.968772888183594
32246,0,calendar_2014_test,104.52578735351562,116.0,0.872546374797821,0.0,10.75636100769043,11.474212646484375
32247,0,calendar_2014_test,115.71430206298828,106.0,0.843776285648346,0.0,13.184394836425781,9.714302062988281
32248,0,calendar_2014_test,98.18112182617188,48.0,0.8893544673919678,0.0,9.33785343170166,50.181121826171875
32249,0,calendar_2014_test,42.1067008972168,37.0,0.9490800499916077,0.0,4.297355651855469,5.106700897216797
32250,0,calendar_2014_test,42.771785736083984,39.0,0.9335108399391174,0.0,5.6113080978393555,3.7717857360839844
32251,0,calendar_2014_test,42.07453536987305,38.0,0.9456155300140381,0.0,4.589739799499512,4.074535369873047
32252,0,calendar_2014_test,39.365989685058594,64.0,0.9460462331771851,0.0,4.5533905029296875,24.634010314941406
32253,0,calendar_2014_test,69.35818481445312,73.0,0.904629647731781,0.0,8.048715591430664,3.641815185546875
32254,0,calendar_2014_test,78.68367767333984,73.0,0.9114686846733093,0.0,7.4715399742126465,5.683677673339844
32255,0,calendar_2014_test,78.296875,80.0,0.907575249671936,0.0,7.800126552581787,1.703125
32256,0,calendar_2014_test,84.49540710449219,86.0,0.8984958529472351,0.0,8.566373825073242,1.5045928955078125
32257,0,calendar_2014_test,82.05255889892578,106.0,0.893770694732666,0.0,8.965147972106934,23.94744110107422
32258,0,calendar_2014_test,107.77364349365234,132.0,0.8713685274124146,0.0,10.855767250061035,24.226356506347656
32259,0,calendar_2014_test,125.79598999023438,101.0,0.8324846029281616,0.0,14.137347221374512,24.795989990234375
32260,0,calendar_2014_test,73.2136459350586,68.0,0.8954541087150574,0.0,8.823078155517578,5.213645935058594
32261,0,calendar_2014_test,63.96321105957031,51.0,0.9205029606819153,0.0,6.709096908569336,12.963211059570312
32262,0,calendar_2014_test,47.2195930480957,47.0,0.9392038583755493,0.0,5.130847930908203,0.21959304809570312
32263,0,calendar_2014_test,45.28403854370117,41.0,0.9533209204673767,0.0,3.939450979232788,4.284038543701172
32264,0,calendar_2014_test,35.805660247802734,42.0,0.9651922583580017,0.0,2.9375760555267334,6.194339752197266
32265,0,calendar_2014_test,42.18803405761719,49.0,0.9480847120285034,0.0,4.3813557624816895,6.8119659423828125
32266,0,calendar_2014_test,51.121524810791016,58.0,0.9256574511528015,0.0,6.274087905883789,6.878475189208984
32267,0,calendar_2014_test,60.73023223876953,63.0,0.9314095973968506,0.0,5.788637638092041,2.2697677612304688
32268,0,calendar_2014_test,65.55479431152344,67.0,0.9371957778930664,0.0,5.300321102142334,1.4452056884765625
32269,0,calendar_2014_test,75.0404281616211,72.0,0.909589409828186,0.0,7.630138874053955,3.0404281616210938
32270,0,calendar_2014_test,80.7259292602539,105.0,0.9099313020706177,0.0,7.601285934448242,24.274070739746094
32271,0,calendar_2014_test,111.85621643066406,86.0,0.8827404379844666,0.0,9.896040916442871,25.856216430664062
32272,0,calendar_2014_test,82.25270080566406,81.0,0.8792763948440552,0.0,10.188384056091309,1.2527008056640625
32273,0,calendar_2014_test,83.843994140625,92.0,0.9133080840110779,0.0,7.316307067871094,8.156005859375
32274,0,calendar_2014_test,95.49423217773438,93.0,0.8794262409210205,0.0,10.175741195678711,2.494232177734375
32275,0,calendar_2014_test,96.16645050048828,105.0,0.9022564888000488,0.0,8.248998641967773,8.833549499511719
32276,0,calendar_2014_test,111.95915985107422,94.0,0.8703581094741821,0.0,10.941039085388184,17.95915985107422
32277,0,calendar_2014_test,92.0467300415039,91.0,0.8847025036811829,0.0,9.730453491210938,1.0467300415039062
32278,0,calendar_2014_test,92.98265838623047,83.0,0.8906018733978271,0.0,9.232583045959473,9.982658386230469
32279,0,calendar_2014_test,85.2828598022461,96.0,0.8754499554634094,0.0,10.511314392089844,10.717140197753906
32280,0,calendar_2014_test,94.69721984863281,113.0,0.91376131772995,0.0,7.278053283691406,18.302780151367188
32281,0,calendar_2014_test,112.13251495361328,121.0,0.8619362711906433,0.0,11.65179443359375,8.867485046386719
32282,0,calendar_2014_test,120.76567077636719,136.0,0.8446182012557983,0.0,13.113338470458984,15.234329223632812
32283,0,calendar_2014_test,133.00051879882812,132.0,0.8198764324188232,0.0,15.201406478881836,1.000518798828125
32284,0,calendar_2014_test,128.6433563232422,133.0,0.8104127645492554,0.0,16.00008773803711,4.3566436767578125
32285,0,calendar_2014_test,130.2313232421875,136.0,0.8334461450576782,0.0,14.056199073791504,5.7686767578125
32286,0,calendar_2014_test,127.73320007324219,111.0,0.8530995845794678,0.0,12.397557258605957,16.733200073242188
32287,0,calendar_2014_test,97.4282455444336,106.0,0.8702808022499084,0.0,10.947562217712402,8.571754455566406
32288,0,calendar_2014_test,102.25385284423828,104.0,0.8908697366714478,0.0,9.20997142791748,1.7461471557617188
32289,0,calendar_2014_test,98.50269317626953,98.0,0.871751070022583,0.0,10.823479652404785,0.5026931762695312
32290,0,calendar_2014_test,98.24147033691406,99.0,0.8686087727546692,0.0,11.08867359161377,0.7585296630859375
32291,0,calendar_2014_test,101.42060852050781,90.0,0.8854740858078003,0.0,9.665334701538086,11.420608520507812
32292,0,calendar_2014_test,89.06874084472656,95.0,0.9057575464248657,0.0,7.9535298347473145,5.9312591552734375
32293,0,calendar_2014_test,96.00870513916016,105.0,0.882517397403717,0.0,9.914862632751465,8.991294860839844
32294,0,calendar_2014_test,108.30016326904297,99.0,0.8696284294128418,0.0,11.002619743347168,9.300163269042969
32295,0,calendar_2014_test,99.27295684814453,102.0,0.8945780992507935,0.0,8.897011756896973,2.7270431518554688
32296,0,calendar_2014_test,104.9482421875,103.0,0.8538764119148254,0.0,12.331998825073242,1.9482421875
32297,0,calendar_2014_test,104.89306640625,89.0,0.8731017708778381,0.0,10.709488868713379,15.89306640625
32298,0,calendar_2014_test,91.32593536376953,89.0,0.9177538752555847,0.0,6.941106796264648,2.3259353637695312
32299,0,calendar_2014_test,94.9188003540039,94.0,0.9113444685935974,0.0,7.482022285461426,0.9188003540039062
32300,0,calendar_2014_test,101.8752670288086,97.0,0.8703438639640808,0.0,10.942242622375488,4.875267028808594
32301,0,calendar_2014_test,102.69347381591797,100.0,0.8865135908126831,0.0,9.577608108520508,2.6934738159179688
32302,0,calendar_2014_test,101.1144790649414,111.0,0.8980712890625,0.0,8.602202415466309,9.885520935058594
32303,0,calendar_2014_test,112.92501831054688,115.0,0.86497962474823,0.0,11.394949913024902,2.074981689453125
32304,0,calendar_2014_test,119.70584869384766,146.0,0.8404375910758972,0.0,13.466158866882324,26.294151306152344
32305,0,calendar_2014_test,160.40499877929688,156.0,0.7920951843261719,0.0,17.54598617553711,4.404998779296875
32306,0,calendar_2014_test,154.77638244628906,221.0,0.8189019560813904,0.0,15.283646583557129,66.22361755371094
32307,0,calendar_2014_test,219.36880493164062,170.0,0.7599263191223145,0.0,20.260854721069336,49.368804931640625
32308,0,calendar_2014_test,138.36029052734375,135.0,0.8222385048866272,0.0,15.002058982849121,3.36029052734375
32309,0,calendar_2014_test,122.0588150024414,98.0,0.8494997620582581,0.0,12.701366424560547,24.058815002441406
32310,0,calendar_2014_test,91.99458312988281,86.0,0.8864610195159912,0.0,9.582047462463379,5.9945831298828125
32311,0,calendar_2014_test,83.87403106689453,81.0,0.8827783465385437,0.0,9.892843246459961,2.8740310668945312
32312,0,calendar_2014_test,80.21929168701172,79.0,0.9075466990470886,0.0,7.8025312423706055,1.2192916870117188
32313,0,calendar_2014_test,78.41160583496094,153.0,0.9046022891998291,0.0,8.051027297973633,74.58839416503906
32314,0,calendar_2014_test,149.6740264892578,119.0,0.8432613015174866,0.0,13.227855682373047,30.674026489257812
32315,0,calendar_2014_test,102.208251953125,94.0,0.8733557462692261,0.0,10.688056945800781,8.208251953125
32316,0,calendar_2014_test,94.46454620361328,91.0,0.8856169581413269,0.0,9.653280258178711,3.4645462036132812
32317,0,calendar_2014_test,99.46620178222656,90.0,0.8860853314399719,0.0,9.613750457763672,9.466201782226562
32318,0,calendar_2014_test,93.3613052368164,90.0,0.8738906383514404,0.0,10.642915725708008,3.3613052368164062
32319,0,calendar_2014_test,96.38099670410156,87.0,0.8685719966888428,0.0,11.091776847839355,9.380996704101562
32320,0,calendar_2014_test,88.42001342773438,94.0,0.8828797936439514,0.0,9.884278297424316,5.579986572265625
32321,0,calendar_2014_test,97.27633666992188,97.0,0.8834097385406494,0.0,9.839553833007812,0.276336669921875
32322,0,calendar_2014_test,105.05506896972656,107.0,0.8856757879257202,0.0,9.6483154296875,1.9449310302734375
32323,0,calendar_2014_test,117.34461212158203,112.0,0.8226785063743591,0.0,14.964926719665527,5.344612121582031
32324,0,calendar_2014_test,116.26844024658203,152.0,0.8621906042098999,0.0,11.630330085754395,35.73155975341797
32325,0,calendar_2014_test,162.4557342529297,129.0,0.8059291839599609,0.0,16.378475189208984,33.45573425292969
32326,0,calendar_2014_test,133.11752319335938,135.0,0.8152552843093872,0.0,15.591403007507324,1.882476806640625
32327,0,calendar_2014_test,144.98565673828125,135.0,0.8492123484611511,0.0,12.725619316101074,9.98565673828125
32328,0,calendar_2014_test,136.48631286621094,150.0,0.8447946906089783,0.0,13.098447799682617,13.513687133789062
32329,0,calendar_2014_test,150.20541381835938,162.0,0.819063663482666,0.0,15.270000457763672,11.794586181640625
32330,0,calendar_2014_test,161.60189819335938,155.0,0.8030897378921509,0.0,16.61810874938965,6.601898193359375
32331,0,calendar_2014_test,150.94142150878906,143.0,0.8038760423660278,0.0,16.551748275756836,7.9414215087890625
32332,0,calendar_2014_test,142.08534240722656,144.0,0.8204150199890137,0.0,15.155954360961914,1.9146575927734375
32333,0,calendar_2014_test,143.7195587158203,158.0,0.811373233795166,0.0,15.919025421142578,14.280441284179688
32334,0,calendar_2014_test,157.80259704589844,202.0,0.8265804648399353,0.0,14.63562297821045,44.19740295410156
32335,0,calendar_2014_test,194.7570343017578,143.0,0.7651923298835754,0.0,19.81643295288086,51.75703430175781
32336,0,calendar_2014_test,112.10030364990234,147.0,0.860686719417572,0.0,11.757250785827637,34.899696350097656
32337,0,calendar_2014_test,117.99739074707031,136.0,0.828620433807373,0.0,14.463459968566895,18.002609252929688
32338,0,calendar_2014_test,111.02643585205078,130.0,0.8454682230949402,0.0,13.041603088378906,18.97356414794922
32339,0,calendar_2014_test,124.060791015625,68.0,0.8511136770248413,0.0,12.565162658691406,56.060791015625
32340,0,calendar_2014_test,41.9315299987793,113.0,0.9414881467819214,0.0,4.938068866729736,71.0684700012207
32341,0,calendar_2014_test,107.56913757324219,54.0,0.8622866272926331,0.0,11.622224807739258,53.56913757324219
32342,0,calendar_2014_test,35.59499740600586,51.0,0.950433611869812,0.0,4.1831207275390625,15.40500259399414
32343,0,calendar_2014_test,41.0784797668457,48.0,0.9536739587783813,0.0,3.909656286239624,6.921520233154297
32344,0,calendar_2014_test,41.60894775390625,47.0,0.9490283727645874,0.0,4.301715850830078,5.39105224609375
32345,0,calendar_2014_test,37.10150146484375,44.0,0.9574585556983948,0.0,3.590256452560425,6.89849853515625
32346,0,calendar_2014_test,34.132389068603516,34.0,0.9614529609680176,0.0,3.2531495094299316,0.13238906860351562
32347,0,calendar_2014_test,25.8824462890625,28.0,0.9696562886238098,0.0,2.5608348846435547,2.1175537109375
32348,0,calendar_2014_test,19.895471572875977,34.0,0.9725233316421509,0.0,2.318873405456543,14.104528427124023
32349,0,calendar_2014_test,26.054365158081055,34.0,0.9652178883552551,0.0,2.935410499572754,7.945634841918945
32350,0,calendar_2014_test,25.476215362548828,25.0,0.9652490615844727,0.0,2.9327800273895264,0.4762153625488281
32351,0,calendar_2014_test,20.540626525878906,26.0,0.9680638313293457,0.0,2.69523286819458,5.459373474121094
32352,0,calendar_2014_test,20.01149559020996,39.0,0.9674237370491028,0.0,2.7492523193359375,18.98850440979004
32353,0,calendar_2014_test,29.243877410888672,52.0,0.962949812412262,0.0,3.126823902130127,22.756122589111328
32354,0,calendar_2014_test,40.21876907348633,54.0,0.9465569257736206,0.0,4.5102925300598145,13.781230926513672
32355,0,calendar_2014_test,42.02970886230469,50.0,0.9438596367835999,0.0,4.737926483154297,7.9702911376953125
32356,0,calendar_2014_test,35.47140121459961,50.0,0.9520224332809448,0.0,4.049036502838135,14.52859878540039
32357,0,calendar_2014_test,42.360069274902344,60.0,0.9534654021263123,0.0,3.927257537841797,17.639930725097656
32358,0,calendar_2014_test,45.31965255737305,59.0,0.9463736414909363,0.0,4.525760173797607,13.680347442626953
32359,0,calendar_2014_test,45.38006591796875,49.0,0.9566212892532349,0.0,3.6609177589416504,3.61993408203125
32360,0,calendar_2014_test,42.78659439086914,37.0,0.9484835863113403,0.0,4.347690582275391,5.786594390869141
32361,0,calendar_2014_test,31.483028411865234,32.0,0.9552271366119385,0.0,3.7785732746124268,0.5169715881347656
32362,0,calendar_2014_test,25.78443145751953,24.0,0.9683820605278015,0.0,2.6683731079101562,1.7844314575195312
32363,0,calendar_2014_test,20.217235565185547,17.0,0.9737812876701355,0.0,2.212709903717041,3.217235565185547
32364,0,calendar_2014_test,21.083168029785156,21.0,0.9699161052703857,0.0,2.538909435272217,0.08316802978515625
32365,0,calendar_2014_test,22.003986358642578,27.0,0.9715323448181152,0.0,2.402506113052368,4.996013641357422
32366,0,calendar_2014_test,31.178550720214844,27.0,0.9716097712516785,0.0,2.3959734439849854,4.178550720214844
32367,0,calendar_2014_test,30.083942413330078,42.0,0.9663218855857849,0.0,2.8422393798828125,11.916057586669922
32368,0,calendar_2014_test,44.477500915527344,42.0,0.9465096592903137,0.0,4.5142822265625,2.4775009155273438
32369,0,calendar_2014_test,48.56004333496094,55.0,0.9561609625816345,0.0,3.6997647285461426,6.4399566650390625
32370,0,calendar_2014_test,57.05311584472656,48.0,0.9245563745498657,0.0,6.367012977600098,9.053115844726562
32371,0,calendar_2014_test,48.27638626098633,40.0,0.9396154880523682,0.0,5.09611177444458,8.276386260986328
32372,0,calendar_2014_test,42.159297943115234,42.0,0.9482816457748413,0.0,4.364737033843994,0.15929794311523438
32373,0,calendar_2014_test,46.05821990966797,39.0,0.9379655718803406,0.0,5.235352039337158,7.058219909667969
32374,0,calendar_2014_test,41.6019172668457,64.0,0.9386574029922485,0.0,5.176965236663818,22.398082733154297
32375,0,calendar_2014_test,67.79024505615234,88.0,0.9140509963035583,0.0,7.253605842590332,20.209754943847656
32376,0,calendar_2014_test,91.6247329711914,104.0,0.898840069770813,0.0,8.537323951721191,12.375267028808594
32377,0,calendar_2014_test,102.83177947998047,122.0,0.8974071741104126,0.0,8.658251762390137,19.16822052001953
32378,0,calendar_2014_test,119.66313934326172,167.0,0.8626036643981934,0.0,11.595470428466797,47.33686065673828
32379,0,calendar_2014_test,160.33938598632812,116.0,0.8327019214630127,0.0,14.119009971618652,44.339385986328125
32380,0,calendar_2014_test,88.1889877319336,121.0,0.886467695236206,0.0,9.58148193359375,32.811012268066406
32381,0,calendar_2014_test,105.29769897460938,113.0,0.8330219984054565,0.0,14.091994285583496,7.702301025390625
32382,0,calendar_2014_test,102.41150665283203,90.0,0.8814886212348938,0.0,10.001688957214355,12.411506652832031
32383,0,calendar_2014_test,70.7835922241211,59.0,0.9144139885902405,0.0,7.222973346710205,11.783592224121094
32384,0,calendar_2014_test,42.16273498535156,66.0,0.9586363434791565,0.0,3.490858793258667,23.837265014648438
32385,0,calendar_2014_test,54.815677642822266,95.0,0.9391137361526489,0.0,5.138453006744385,40.184322357177734
32386,0,calendar_2014_test,80.57186126708984,104.0,0.9085942506790161,0.0,7.7141242027282715,23.428138732910156
32387,0,calendar_2014_test,90.58610534667969,117.0,0.8942701816558838,0.0,8.92299747467041,26.413894653320312
32388,0,calendar_2014_test,106.66268157958984,96.0,0.8708489537239075,0.0,10.899616241455078,10.662681579589844
32389,0,calendar_2014_test,80.2807846069336,50.0,0.8931581377983093,0.0,9.016844749450684,30.280784606933594
32390,0,calendar_2014_test,39.366024017333984,50.0,0.9562677145004272,0.0,3.69075608253479,10.633975982666016
32391,0,calendar_2014_test,43.531742095947266,48.0,0.9446166753768921,0.0,4.674039363861084,4.468257904052734
32392,0,calendar_2014_test,38.77046585083008,52.0,0.9508517980575562,0.0,4.147828578948975,13.229534149169922
32393,0,calendar_2014_test,40.690223693847656,39.0,0.9547857642173767,0.0,3.8158223628997803,1.6902236938476562
32394,0,calendar_2014_test,31.7679443359375,35.0,0.9585456252098083,0.0,3.4985125064849854,3.2320556640625
32395,0,calendar_2014_test,27.337451934814453,50.0,0.9656292200088501,0.0,2.900700092315674,22.662548065185547
32396,0,calendar_2014_test,40.42462158203125,38.0,0.9504377245903015,0.0,4.182775974273682,2.42462158203125
32397,0,calendar_2014_test,30.872840881347656,41.0,0.9601969122886658,0.0,3.35915207862854,10.127159118652344
32398,0,calendar_2014_test,31.78348731994629,46.0,0.9652538299560547,0.0,2.932379722595215,14.216512680053711
32399,0,calendar_2014_test,37.21027755737305,51.0,0.9650205969810486,0.0,2.9520645141601562,13.789722442626953
32400,0,calendar_2014_test,40.414119720458984,51.0,0.945173442363739,0.0,4.62705135345459,10.585880279541016
32401,0,calendar_2014_test,39.558837890625,59.0,0.9531021118164062,0.0,3.9579153060913086,19.441162109375
32402,0,calendar_2014_test,42.48707962036133,57.0,0.9418156743049622,0.0,4.91042423248291,14.512920379638672
32403,0,calendar_2014_test,45.26363754272461,56.0,0.9412664175033569,0.0,4.9567790031433105,10.73636245727539
32404,0,calendar_2014_test,43.11524200439453,46.0,0.9454954266548157,0.0,4.599874019622803,2.8847579956054688
32405,0,calendar_2014_test,35.91630554199219,50.0,0.9517032504081726,0.0,4.075972557067871,14.083694458007812
32406,0,calendar_2014_test,37.274471282958984,52.0,0.9503500461578369,0.0,4.190173149108887,14.725528717041016
32407,0,calendar_2014_test,37.7404670715332,49.0,0.9475348591804504,0.0,4.427759170532227,11.259532928466797
32408,0,calendar_2014_test,35.5670051574707,43.0,0.943993330001831,0.0,4.7266459465026855,7.432994842529297
32409,0,calendar_2014_test,31.812517166137695,43.0,0.9555108547210693,0.0,3.754631519317627,11.187482833862305
32410,0,calendar_2014_test,30.783382415771484,32.0,0.9545793533325195,0.0,3.8332459926605225,1.2166175842285156
32411,0,calendar_2014_test,25.435441970825195,26.0,0.963386595249176,0.0,3.089962959289551,0.5645580291748047
32412,0,calendar_2014_test,19.477365493774414,31.0,0.9768133163452148,0.0,1.9568235874176025,11.522634506225586
32413,0,calendar_2014_test,32.44206237792969,32.0,0.9609416723251343,0.0,3.2963011264801025,0.4420623779296875
32414,0,calendar_2014_test,31.84219741821289,46.0,0.9546260833740234,0.0,3.829301118850708,14.15780258178711
32415,0,calendar_2014_test,47.32236862182617,98.0,0.9504698514938354,0.0,4.180063724517822,50.67763137817383
32416,0,calendar_2014_test,99.51046752929688,67.0,0.8763291239738464,0.0,10.437118530273438,32.510467529296875
32417,0,calendar_2014_test,58.28586959838867,82.0,0.9361898899078369,0.0,5.3852128982543945,23.714130401611328
32418,0,calendar_2014_test,85.85875701904297,65.0,0.8836989402770996,0.0,9.815150260925293,20.85875701904297
32419,0,calendar_2014_test,64.30750274658203,85.0,0.9255648255348206,0.0,6.281905174255371,20.69249725341797
32420,0,calendar_2014_test,84.21227264404297,63.0,0.9058393836021423,0.0,7.946619033813477,21.21227264404297
32421,0,calendar_2014_test,57.750465393066406,48.0,0.9359776973724365,0.0,5.403116703033447,9.750465393066406
32422,0,calendar_2014_test,46.691707611083984,36.0,0.9406384825706482,0.0,5.009777069091797,10.691707611083984
32423,0,calendar_2014_test,30.954627990722656,44.0,0.9669290781021118,0.0,2.7909958362579346,13.045372009277344
32424,0,calendar_2014_test,35.5401725769043,49.0,0.9635571241378784,0.0,3.0755703449249268,13.459827423095703
32425,0,calendar_2014_test,37.59585952758789,35.0,0.9575995802879333,0.0,3.578352451324463,2.5958595275878906
32426,0,calendar_2014_test,27.309894561767578,39.0,0.9658666849136353,0.0,2.8806567192077637,11.690105438232422
32427,0,calendar_2014_test,32.23900604248047,52.0,0.9584020376205444,0.0,3.5106327533721924,19.76099395751953
32428,0,calendar_2014_test,47.178733825683594,31.0,0.9468861222267151,0.0,4.482511043548584,16.178733825683594
32429,0,calendar_2014_test,26.35637664794922,39.0,0.9659953713417053,0.0,2.8697972297668457,12.643623352050781
32430,0,calendar_2014_test,32.369285583496094,36.0,0.9640242457389832,0.0,3.036149024963379,3.6307144165039062
32431,0,calendar_2014_test,30.08971405029297,33.0,0.965347945690155,0.0,2.924438714981079,2.9102859497070312
32432,0,calendar_2014_test,35.04310989379883,33.0,0.9652721881866455,0.0,2.9308314323425293,2.043109893798828
32433,0,calendar_2014_test,34.13760757446289,38.0,0.9716616272926331,0.0,2.391599178314209,3.8623924255371094
32434,0,calendar_2014_test,40.58252716064453,32.0,0.9501203298568726,0.0,4.209560394287109,8.582527160644531
32435,0,calendar_2014_test,35.51765823364258,39.0,0.9703524708747864,0.0,2.5020830631256104,3.482341766357422
32436,0,calendar_2014_test,45.573177337646484,38.0,0.9573238492012024,0.0,3.601623058319092,7.573177337646484
32437,0,calendar_2014_test,41.628108978271484,34.0,0.9430440068244934,0.0,4.806761741638184,7.628108978271484
32438,0,calendar_2014_test,37.04060363769531,50.0,0.9556217789649963,0.0,3.745271682739258,12.959396362304688
32439,0,calendar_2014_test,55.89786148071289,59.0,0.9363090991973877,0.0,5.375149726867676,3.1021385192871094
32440,0,calendar_2014_test,64.52408599853516,59.0,0.9209911823272705,0.0,6.667895793914795,5.524085998535156
32441,0,calendar_2014_test,61.15670394897461,56.0,0.9253507852554321,0.0,6.299968242645264,5.156703948974609
32442,0,calendar_2014_test,59.8673095703125,63.0,0.9266279935836792,0.0,6.192178726196289,3.1326904296875
32443,0,calendar_2014_test,63.39193344116211,72.0,0.9176720976829529,0.0,6.948008060455322,8.60806655883789
32444,0,calendar_2014_test,73.82918548583984,71.0,0.9309700727462769,0.0,5.825734615325928,2.8291854858398438
32445,0,calendar_2014_test,72.6303482055664,75.0,0.9112659096717834,0.0,7.488654613494873,2.3696517944335938
32446,0,calendar_2014_test,77.33924865722656,71.0,0.9027674794197083,0.0,8.20587158203125,6.3392486572265625
32447,0,calendar_2014_test,68.6907730102539,61.0,0.9141027927398682,0.0,7.249238014221191,7.690773010253906
32448,0,calendar_2014_test,58.81071472167969,93.0,0.9399240016937256,0.0,5.070074558258057,34.18928527832031
32449,0,calendar_2014_test,96.28560638427734,97.0,0.8815455436706543,0.0,9.996882438659668,0.7143936157226562
32450,0,calendar_2014_test,101.58817291259766,110.0,0.8729320168495178,0.0,10.723814964294434,8.411827087402344
32451,0,calendar_2014_test,109.3890380859375,95.0,0.8708329200744629,0.0,10.900965690612793,14.3890380859375
32452,0,calendar_2014_test,98.56365203857422,103.0,0.9084750413894653,0.0,7.724184513092041,4.436347961425781
32453,0,calendar_2014_test,103.78800201416016,123.0,0.9010205268859863,0.0,8.353304862976074,19.211997985839844
32454,0,calendar_2014_test,124.00810241699219,138.0,0.8409048318862915,0.0,13.426725387573242,13.991897583007812
32455,0,calendar_2014_test,141.6450958251953,111.0,0.7884637713432312,0.0,17.85245704650879,30.645095825195312
32456,0,calendar_2014_test,110.07563781738281,110.0,0.8571195006370544,0.0,12.05830192565918,0.0756378173828125
32457,0,calendar_2014_test,113.69014739990234,108.0,0.8771789073944092,0.0,10.365402221679688,5.690147399902344
32458,0,calendar_2014_test,111.73906707763672,106.0,0.9002618789672852,0.0,8.41733169555664,5.739067077636719
32459,0,calendar_2014_test,110.62358856201172,108.0,0.8970119953155518,0.0,8.691604614257812,2.6235885620117188
32460,0,calendar_2014_test,114.4522705078125,120.0,0.8636196851730347,0.0,11.509720802307129,5.5477294921875
32461,0,calendar_2014_test,131.17562866210938,154.0,0.8424365520477295,0.0,13.297457695007324,22.824371337890625
32462,0,calendar_2014_test,164.13316345214844,134.0,0.7438616156578064,0.0,21.616622924804688,30.133163452148438
32463,0,calendar_2014_test,129.83865356445312,133.0,0.8665677905082703,0.0,11.260919570922852,3.161346435546875
32464,0,calendar_2014_test,140.49703979492188,124.0,0.8532201051712036,0.0,12.387389183044434,16.497039794921875
32465,0,calendar_2014_test,124.38651275634766,126.0,0.8626835942268372,0.0,11.588725090026855,1.6134872436523438
32466,0,calendar_2014_test,133.7877960205078,127.0,0.836402416229248,0.0,13.806709289550781,6.7877960205078125
32467,0,calendar_2014_test,131.77333068847656,132.0,0.8115526437759399,0.0,15.903888702392578,0.2266693115234375
32468,0,calendar_2014_test,137.12069702148438,132.0,0.848659098148346,0.0,12.772313117980957,5.120697021484375
32469,0,calendar_2014_test,130.5379180908203,135.0,0.8422974348068237,0.0,13.309202194213867,4.4620819091796875
32470,0,calendar_2014_test,139.12814331054688,159.0,0.8710912466049194,0.0,10.879167556762695,19.871856689453125
32471,0,calendar_2014_test,158.8607940673828,151.0,0.7992664575576782,0.0,16.940773010253906,7.8607940673828125
32472,0,calendar_2014_test,139.01524353027344,148.0,0.8032537698745728,0.0,16.60426139831543,8.984756469726562
32473,0,calendar_2014_test,124.26138305664062,140.0,0.8608456254005432,0.0,11.743840217590332,15.738616943359375
32474,0,calendar_2014_test,121.47162628173828,105.0,0.8352630138397217,0.0,13.902865409851074,16.47162628173828
32475,0,calendar_2014_test,69.36650848388672,85.0,0.9192277789115906,0.0,6.816717624664307,15.633491516113281
32476,0,calendar_2014_test,67.51322174072266,84.0,0.9199416637420654,0.0,6.756469249725342,16.486778259277344
32477,0,calendar_2014_test,68.3781967163086,114.0,0.9250965118408203,0.0,6.321427822113037,45.621803283691406
32478,0,calendar_2014_test,97.47705078125,112.0,0.915791392326355,0.0,7.1067304611206055,14.52294921875
32479,0,calendar_2014_test,92.80021667480469,111.0,0.9028778076171875,0.0,8.196562767028809,18.199783325195312
32480,0,calendar_2014_test,96.36267852783203,36.0,0.8987088799476624,0.0,8.548393249511719,60.36267852783203
32481,0,calendar_2014_test,29.50178337097168,12.0,0.9711149334907532,0.0,2.4377365112304688,17.50178337097168
32482,0,calendar_2014_test,16.868200302124023,12.0,0.971717894077301,0.0,2.3868491649627686,4.868200302124023
32483,0,calendar_2014_test,15.548163414001465,15.0,0.9670733213424683,0.0,2.7788243293762207,0.5481634140014648
32484,0,calendar_2014_test,16.470773696899414,23.0,0.9658504724502563,0.0,2.8820269107818604,6.529226303100586
32485,0,calendar_2014_test,25.51567840576172,24.0,0.9699618220329285,0.0,2.5350537300109863,1.5156784057617188
32486,0,calendar_2014_test,27.98409652709961,16.0,0.9562902450561523,0.0,3.6888532638549805,11.98409652709961
32487,0,calendar_2014_test,31.336885452270508,63.0,0.9432363510131836,0.0,4.790531635284424,31.663114547729492
32488,0,calendar_2014_test,69.8198013305664,84.0,0.9175962209701538,0.0,6.954409599304199,14.180198669433594
32489,0,calendar_2014_test,89.84146881103516,93.0,0.8663188219070435,0.0,11.28193187713623,3.1585311889648438
32490,0,calendar_2014_test,95.05281829833984,109.0,0.875572144985199,0.0,10.501004219055176,13.947181701660156
32491,0,calendar_2014_test,110.70198059082031,128.0,0.8752163052558899,0.0,10.531035423278809,17.298019409179688
32492,0,calendar_2014_test,128.37295532226562,125.0,0.8817552924156189,0.0,9.979181289672852,3.372955322265625
32493,0,calendar_2014_test,122.46297454833984,125.0,0.8324491381645203,0.0,14.140339851379395,2.5370254516601562
32494,0,calendar_2014_test,124.13322448730469,126.0,0.843977689743042,0.0,13.167399406433105,1.8667755126953125
32495,0,calendar_2014_test,129.92648315429688,136.0,0.8045749664306641,0.0,16.49276351928711,6.073516845703125
32496,0,calendar_2014_test,140.04995727539062,147.0,0.8509955406188965,0.0,12.575128555297852,6.950042724609375
32497,0,calendar_2014_test,144.3604278564453,95.0,0.797161340713501,0.0,17.118431091308594,49.36042785644531
32498,0,calendar_2014_test,83.33406829833984,72.0,0.9048092365264893,0.0,8.033561706542969,11.334068298339844
32499,0,calendar_2014_test,69.89126586914062,64.0,0.9210500717163086,0.0,6.6629228591918945,5.891265869140625
32500,0,calendar_2014_test,69.37722778320312,61.0,0.9106891751289368,0.0,7.537326335906982,8.377227783203125
32501,0,calendar_2014_test,58.56826400756836,58.0,0.9264082908630371,0.0,6.210722923278809,0.5682640075683594
32502,0,calendar_2014_test,59.4899787902832,65.0,0.9295704960823059,0.0,5.943848609924316,5.510021209716797
32503,0,calendar_2014_test,67.20194244384766,62.0,0.910069465637207,0.0,7.589623928070068,5.201942443847656
32504,0,calendar_2014_test,61.82555389404297,79.0,0.9271746873855591,0.0,6.146040439605713,17.17444610595703
32505,0,calendar_2014_test,80.04197692871094,74.0,0.9206057190895081,0.0,6.7004265785217285,6.0419769287109375
32506,0,calendar_2014_test,73.54654693603516,67.0,0.9320560693740845,0.0,5.73408317565918,6.546546936035156
32507,0,calendar_2014_test,70.68175506591797,80.0,0.9074336290359497,0.0,7.812076568603516,9.318244934082031
32508,0,calendar_2014_test,82.53225708007812,68.0,0.9171919822692871,0.0,6.988526821136475,14.532257080078125
32509,0,calendar_2014_test,73.34832000732422,63.0,0.9085206389427185,0.0,7.7203369140625,10.348320007324219
32510,0,calendar_2014_test,64.11304473876953,55.0,0.9257664084434509,0.0,6.264894962310791,9.113044738769531
32511,0,calendar_2014_test,60.42211151123047,70.0,0.9177945256233215,0.0,6.937676906585693,9.577888488769531
32512,0,calendar_2014_test,72.62583923339844,84.0,0.9189068675041199,0.0,6.843798637390137,11.374160766601562
32513,0,calendar_2014_test,84.46211242675781,65.0,0.8785791993141174,0.0,10.247225761413574,19.462112426757812
32514,0,calendar_2014_test,63.88568115234375,65.0,0.9191234111785889,0.0,6.825522422790527,1.11431884765625
32515,0,calendar_2014_test,65.2327651977539,70.0,0.9364514946937561,0.0,5.363132953643799,4.767234802246094
32516,0,calendar_2014_test,72.51844787597656,70.0,0.8994676470756531,0.0,8.484358787536621,2.5184478759765625
32517,0,calendar_2014_test,70.49813842773438,75.0,0.9322874546051025,0.0,5.714553356170654,4.501861572265625
32518,0,calendar_2014_test,75.87086486816406,90.0,0.898590087890625,0.0,8.558420181274414,14.129135131835938
32519,0,calendar_2014_test,92.1507568359375,91.0,0.8873929977416992,0.0,9.503388404846191,1.1507568359375
32520,0,calendar_2014_test,92.4653091430664,87.0,0.8988181948661804,0.0,8.539168357849121,5.465309143066406
32521,0,calendar_2014_test,93.40338897705078,80.0,0.8805283904075623,0.0,10.08272647857666,13.403388977050781
32522,0,calendar_2014_test,83.3161849975586,83.0,0.8890154957771301,0.0,9.366460800170898,0.31618499755859375
32523,0,calendar_2014_test,87.32646942138672,79.0,0.9032973647117615,0.0,8.161154747009277,8.326469421386719
32524,0,calendar_2014_test,83.14962768554688,69.0,0.9151023626327515,0.0,7.164877891540527,14.149627685546875
32525,0,calendar_2014_test,71.09717559814453,70.0,0.9179824590682983,0.0,6.921813011169434,1.0971755981445312
32526,0,calendar_2014_test,70.47000122070312,72.0,0.9079948663711548,0.0,7.764713287353516,1.529998779296875
32527,0,calendar_2014_test,71.93310546875,74.0,0.9128332138061523,0.0,7.356383323669434,2.06689453125
32528,0,calendar_2014_test,65.40341186523438,71.0,0.9125144481658936,0.0,7.383284568786621,5.596588134765625
32529,0,calendar_2014_test,64.90152740478516,48.0,0.9087638854980469,0.0,7.699807643890381,16.901527404785156
32530,0,calendar_2014_test,47.56478500366211,43.0,0.9430149793624878,0.0,4.809210777282715,4.564785003662109
32531,0,calendar_2014_test,44.5115852355957,45.0,0.9522863626480103,0.0,4.026761054992676,0.4884147644042969
32532,0,calendar_2014_test,47.23527145385742,47.0,0.9387486577033997,0.0,5.169266223907471,0.23527145385742188
32533,0,calendar_2014_test,49.40478515625,56.0,0.9438382983207703,0.0,4.7397284507751465,6.59521484375
32534,0,calendar_2014_test,59.07817077636719,59.0,0.9370617270469666,0.0,5.311631202697754,0.0781707763671875
32535,0,calendar_2014_test,60.41527557373047,59.0,0.9343718886375427,0.0,5.538639068603516,1.4152755737304688
32536,0,calendar_2014_test,61.6312370300293,55.0,0.9470735788345337,0.0,4.4666900634765625,6.631237030029297
32537,0,calendar_2014_test,56.928653717041016,50.0,0.9279392957687378,0.0,6.081516742706299,6.928653717041016
32538,0,calendar_2014_test,52.35468292236328,46.0,0.9435144662857056,0.0,4.767059803009033,6.354682922363281
32539,0,calendar_2014_test,51.52312088012695,40.0,0.9514904022216797,0.0,4.093932151794434,11.523120880126953
32540,0,calendar_2014_test,43.48902130126953,46.0,0.951403021812439,0.0,4.101306915283203,2.5109786987304688
32541,0,calendar_2014_test,46.23373794555664,47.0,0.9437565207481384,0.0,4.746632099151611,0.7662620544433594
32542,0,calendar_2014_test,46.45707702636719,50.0,0.9494693875312805,0.0,4.264495372772217,3.5429229736328125
32543,0,calendar_2014_test,52.209354400634766,46.0,0.9319022297859192,0.0,5.747064113616943,6.209354400634766
32544,0,calendar_2014_test,50.5370979309082,47.0,0.9376941323280334,0.0,5.258262634277344,3.537097930908203
32545,0,calendar_2014_test,55.32052993774414,55.0,0.9357750415802002,0.0,5.420222759246826,0.3205299377441406
32546,0,calendar_2014_test,58.1712532043457,51.0,0.9226518869400024,0.0,6.527743339538574,7.171253204345703
32547,0,calendar_2014_test,55.858253479003906,63.0,0.9335829615592957,0.0,5.605222225189209,7.141746520996094
32548,0,calendar_2014_test,63.9350700378418,62.0,0.9423122406005859,0.0,4.868521690368652,1.9350700378417969
32549,0,calendar_2014_test,66.96859741210938,64.0,0.9154043197631836,0.0,7.1393938064575195,2.968597412109375
32550,0,calendar_2014_test,63.74540710449219,63.0,0.940360426902771,0.0,5.033238887786865,0.7454071044921875
32551,0,calendar_2014_test,62.07045364379883,63.0,0.9307134747505188,0.0,5.847389221191406,0.9295463562011719
32552,0,calendar_2014_test,63.59977340698242,59.0,0.933655321598053,0.0,5.599113941192627,4.599773406982422
32553,0,calendar_2014_test,55.098636627197266,70.0,0.9454736113548279,0.0,4.601718902587891,14.901363372802734
32554,0,calendar_2014_test,77.53047180175781,71.0,0.915517270565033,0.0,7.1298604011535645,6.5304718017578125
32555,0,calendar_2014_test,69.90673828125,69.0,0.932313084602356,0.0,5.712390899658203,0.90673828125
32556,0,calendar_2014_test,67.8541259765625,65.0,0.9291864633560181,0.0,5.976262092590332,2.8541259765625
32557,0,calendar_2014_test,62.532108306884766,54.0,0.9188178777694702,0.0,6.851312637329102,8.532108306884766
32558,0,calendar_2014_test,55.3220100402832,40.0,0.9474068880081177,0.0,4.438562393188477,15.322010040283203
32559,0,calendar_2014_test,45.27670669555664,42.0,0.9530413746833801,0.0,3.963038921356201,3.2767066955566406
32560,0,calendar_2014_test,45.899471282958984,42.0,0.9435626864433289,0.0,4.76298713684082,3.8994712829589844
32561,0,calendar_2014_test,40.10292434692383,48.0,0.9506708979606628,0.0,4.1630940437316895,7.897075653076172
32562,0,calendar_2014_test,47.581214904785156,51.0,0.9427418112754822,0.0,4.832266807556152,3.4187850952148438
32563,0,calendar_2014_test,46.63669204711914,57.0,0.9458106160163879,0.0,4.573276996612549,10.36330795288086
32564,0,calendar_2014_test,54.218994140625,49.0,0.938592791557312,0.0,5.182420253753662,5.218994140625
32565,0,calendar_2014_test,44.235416412353516,46.0,0.9538859724998474,0.0,3.891761541366577,1.7645835876464844
32566,0,calendar_2014_test,42.00973129272461,40.0,0.9554632306098938,0.0,3.7586510181427,2.0097312927246094
32567,0,calendar_2014_test,37.02313995361328,39.0,0.9518032073974609,0.0,4.067535400390625,1.9768600463867188
32568,0,calendar_2014_test,32.320159912109375,33.0,0.9531162977218628,0.0,3.9567179679870605,0.679840087890625
32569,0,calendar_2014_test,29.49131965637207,26.0,0.9515894651412964,0.0,4.085575580596924,3.4913196563720703
32570,0,calendar_2014_test,25.390283584594727,34.0,0.9558873176574707,0.0,3.72285795211792,8.609716415405273
32571,0,calendar_2014_test,32.69394302368164,22.0,0.9423102736473083,0.0,4.868683815002441,10.69394302368164
32572,0,calendar_2014_test,23.928701400756836,22.0,0.969709575176239,0.0,2.5563395023345947,1.928701400756836
32573,0,calendar_2014_test,22.54857063293457,21.0,0.9597035646438599,0.0,3.400787591934204,1.5485706329345703
32574,0,calendar_2014_test,21.985097885131836,16.0,0.967786967754364,0.0,2.7185981273651123,5.985097885131836
32575,0,calendar_2014_test,19.22397804260254,17.0,0.9621424674987793,0.0,3.194957971572876,2.223978042602539
32576,0,calendar_2014_test,20.175479888916016,8.0,0.9608035087585449,0.0,3.3079612255096436,12.175479888916016
32577,0,calendar_2014_test,11.044156074523926,17.0,0.9710572361946106,0.0,2.4426043033599854,5.955843925476074
32578,0,calendar_2014_test,16.34263038635254,15.0,0.964795708656311,0.0,2.971043109893799,1.342630386352539
32579,0,calendar_2014_test,20.985334396362305,20.0,0.9647421836853027,0.0,2.9755568504333496,0.9853343963623047
32580,0,calendar_2014_test,25.625802993774414,22.0,0.9567817449569702,0.0,3.647373676300049,3.625802993774414
32581,0,calendar_2014_test,29.471132278442383,30.0,0.9610825181007385,0.0,3.2844150066375732,0.5288677215576172
32582,0,calendar_2014_test,35.87033462524414,28.0,0.9553356766700745,0.0,3.769416332244873,7.870334625244141
32583,0,calendar_2014_test,33.54365921020508,35.0,0.9636070728302002,0.0,3.0713555812835693,1.4563407897949219
32584,0,calendar_2014_test,40.3543701171875,40.0,0.9472930431365967,0.0,4.448170185089111,0.3543701171875
32585,0,calendar_2014_test,46.48276901245117,46.0,0.9295573830604553,0.0,5.9449543952941895,0.4827690124511719
32586,0,calendar_2014_test,50.54386520385742,45.0,0.9310159087181091,0.0,5.821865081787109,5.543865203857422
32587,0,calendar_2014_test,48.248470306396484,47.0,0.9345714449882507,0.0,5.521798133850098,1.2484703063964844
32588,0,calendar_2014_test,49.546302795410156,47.0,0.9384582042694092,0.0,5.193779468536377,2.5463027954101562
32589,0,calendar_2014_test,50.190120697021484,57.0,0.9328212738037109,0.0,5.669504642486572,6.809879302978516
32590,0,calendar_2014_test,56.87221908569336,65.0,0.9414032697677612,0.0,4.945232391357422,8.12778091430664
32591,0,calendar_2014_test,67.36788177490234,72.0,0.9317259788513184,0.0,5.7619404792785645,4.632118225097656
32592,0,calendar_2014_test,76.42630767822266,75.0,0.9163831472396851,0.0,7.056788921356201,1.4263076782226562
32593,0,calendar_2014_test,77.08287811279297,82.0,0.9170725345611572,0.0,6.99860954284668,4.917121887207031
32594,0,calendar_2014_test,79.01119995117188,53.0,0.8997852802276611,0.0,8.457551956176758,26.011199951171875
32595,0,calendar_2014_test,42.21357345581055,21.0,0.948421835899353,0.0,4.352904796600342,21.213573455810547
32596,0,calendar_2014_test,20.191991806030273,23.0,0.9774036407470703,0.0,1.9070031642913818,2.8080081939697266
32597,0,calendar_2014_test,26.586822509765625,23.0,0.9685183763504028,0.0,2.656872510910034,3.586822509765625
32598,0,calendar_2014_test,23.6746883392334,23.0,0.971225917339325,0.0,2.428370714187622,0.6746883392333984
32599,0,calendar_2014_test,25.76288604736328,23.0,0.9657799601554871,0.0,2.887974977493286,2.7628860473632812
32600,0,calendar_2014_test,26.642152786254883,30.0,0.9654257297515869,0.0,2.917874574661255,3.357847213745117
32601,0,calendar_2014_test,33.24263000488281,29.0,0.9560877084732056,0.0,3.7059452533721924,4.2426300048828125
32602,0,calendar_2014_test,31.477853775024414,40.0,0.955712616443634,0.0,3.737604856491089,8.522146224975586
32603,0,calendar_2014_test,43.04011917114258,52.0,0.9474427103996277,0.0,4.435535430908203,8.959880828857422
32604,0,calendar_2014_test,54.56157684326172,64.0,0.9364791512489319,0.0,5.360799312591553,9.438423156738281
32605,0,calendar_2014_test,67.29904174804688,65.0,0.9190075397491455,0.0,6.835304260253906,2.299041748046875
32606,0,calendar_2014_test,64.6905517578125,58.0,0.9283021092414856,0.0,6.050894737243652,6.6905517578125
32607,0,calendar_2014_test,57.65401077270508,54.0,0.9469029307365417,0.0,4.48109245300293,3.654010772705078
32608,0,calendar_2014_test,54.64574432373047,42.0,0.9358010292053223,0.0,5.418025970458984,12.645744323730469
32609,0,calendar_2014_test,47.97634506225586,43.0,0.9492404460906982,0.0,4.28381872177124,4.976345062255859
32610,0,calendar_2014_test,47.18903350830078,40.0,0.9554993510246277,0.0,3.7555999755859375,7.189033508300781
32611,0,calendar_2014_test,40.687381744384766,50.0,0.9543987512588501,0.0,3.8484864234924316,9.312618255615234
32612,0,calendar_2014_test,51.28902816772461,47.0,0.9569723606109619,0.0,3.6312873363494873,4.289028167724609
32613,0,calendar_2014_test,49.37287521362305,57.0,0.9477437734603882,0.0,4.41012716293335,7.627124786376953
32614,0,calendar_2014_test,61.32861328125,80.0,0.9280945658683777,0.0,6.068408012390137,18.67138671875
32615,0,calendar_2014_test,80.30315399169922,108.0,0.8762015104293823,0.0,10.44788646697998,27.69684600830078
32616,0,calendar_2014_test,111.37785339355469,106.0,0.8430297374725342,0.0,13.247397422790527,5.3778533935546875
32617,0,calendar_2014_test,111.77157592773438,98.0,0.8829153776168823,0.0,9.881278991699219,13.771575927734375
32618,0,calendar_2014_test,99.48435974121094,112.0,0.870698869228363,0.0,10.91227912902832,12.515640258789062
32619,0,calendar_2014_test,110.0984878540039,104.0,0.8510921001434326,0.0,12.566978454589844,6.098487854003906
32620,0,calendar_2014_test,98.24755096435547,86.0,0.8799105286598206,0.0,10.134870529174805,12.247550964355469
32621,0,calendar_2014_test,75.55720520019531,82.0,0.9099968671798706,0.0,7.595752239227295,6.4427947998046875
32622,0,calendar_2014_test,72.37067413330078,52.0,0.8991947770118713,0.0,8.507387161254883,20.37067413330078
32623,0,calendar_2014_test,35.51224136352539,42.0,0.9416196346282959,0.0,4.926972389221191,6.487758636474609
32624,0,calendar_2014_test,33.15177536010742,45.0,0.9617906212806702,0.0,3.224653482437134,11.848224639892578
32625,0,calendar_2014_test,39.16051483154297,34.0,0.9568226337432861,0.0,3.6439218521118164,5.160514831542969
32626,0,calendar_2014_test,28.12017822265625,30.0,0.9736514091491699,0.0,2.22367262840271,1.87982177734375
32627,0,calendar_2014_test,28.94972038269043,30.0,0.9634799957275391,0.0,3.082078695297241,1.0502796173095703
32628,0,calendar_2014_test,29.497608184814453,40.0,0.9660393595695496,0.0,2.866086006164551,10.502391815185547
32629,0,calendar_2014_test,36.1358642578125,36.0,0.95134437084198,0.0,4.106258869171143,0.1358642578125
32630,0,calendar_2014_test,33.777584075927734,29.0,0.9596034288406372,0.0,3.409242868423462,4.777584075927734
32631,0,calendar_2014_test,29.826244354248047,25.0,0.9636666774749756,0.0,3.066324472427368,4.826244354248047
32632,0,calendar_2014_test,25.8021183013916,32.0,0.9613597989082336,0.0,3.261012315750122,6.197881698608398
32633,0,calendar_2014_test,29.9366512298584,38.0,0.9606426358222961,0.0,3.321537494659424,8.063348770141602
32634,0,calendar_2014_test,34.22369384765625,34.0,0.953555166721344,0.0,3.9196815490722656,0.22369384765625
32635,0,calendar_2014_test,31.06715965270996,32.0,0.9633424282073975,0.0,3.093688726425171,0.9328403472900391
32636,0,calendar_2014_test,27.7008056640625,34.0,0.9562495350837708,0.0,3.6922905445098877,6.2991943359375
32637,0,calendar_2014_test,30.22467041015625,29.0,0.9612674713134766,0.0,3.268803358078003,1.22467041015625
32638,0,calendar_2014_test,25.559112548828125,26.0,0.9780227541923523,0.0,1.8547542095184326,0.440887451171875
32639,0,calendar_2014_test,21.936580657958984,23.0,0.972503662109375,0.0,2.3205325603485107,1.0634193420410156
32640,0,calendar_2014_test,19.91971778869629,22.0,0.972132682800293,0.0,2.3518412113189697,2.080282211303711
32641,0,calendar_2014_test,19.840909957885742,17.0,0.9776437878608704,0.0,1.8867385387420654,2.840909957885742
32642,0,calendar_2014_test,15.748151779174805,11.0,0.973112165927887,0.0,2.2691783905029297,4.748151779174805
32643,0,calendar_2014_test,12.72500991821289,20.0,0.9824674725532532,0.0,1.47964346408844,7.274990081787109
32644,0,calendar_2014_test,16.965984344482422,14.0,0.9741469621658325,0.0,2.1818480491638184,2.965984344482422
32645,0,calendar_2014_test,13.74990177154541,16.0,0.9733440279960632,0.0,2.249614715576172,2.25009822845459
32646,0,calendar_2014_test,14.545178413391113,14.0,0.978850245475769,0.0,1.7849202156066895,0.5451784133911133
32647,0,calendar_2014_test,13.981998443603516,14.0,0.9737407565116882,0.0,2.2161314487457275,0.018001556396484375
32648,0,calendar_2014_test,16.113439559936523,18.0,0.9731178283691406,0.0,2.2687020301818848,1.8865604400634766
32649,0,calendar_2014_test,18.81812286376953,12.0,0.974670946598053,0.0,2.1376278400421143,6.818122863769531
32650,0,calendar_2014_test,17.37640953063965,19.0,0.9696961641311646,0.0,2.5574727058410645,1.6235904693603516
32651,0,calendar_2014_test,24.700496673583984,19.0,0.9568371772766113,0.0,3.642698049545288,5.700496673583984
32652,0,calendar_2014_test,25.544225692749023,25.0,0.9590102434158325,0.0,3.4593024253845215,0.5442256927490234
32653,0,calendar_2014_test,25.629505157470703,30.0,0.9575739502906799,0.0,3.5805182456970215,4.370494842529297
32654,0,calendar_2014_test,34.17190933227539,25.0,0.9599912762641907,0.0,3.3765079975128174,9.17190933227539
32655,0,calendar_2014_test,30.976837158203125,27.0,0.9603348970413208,0.0,3.3475067615509033,3.976837158203125
32656,0,calendar_2014_test,30.475658416748047,30.0,0.9633026719093323,0.0,3.097043752670288,0.4756584167480469
32657,0,calendar_2014_test,32.454341888427734,76.0,0.9567579030990601,0.0,3.649388074874878,43.545658111572266
32658,0,calendar_2014_test,81.89081573486328,68.0,0.925300657749176,0.0,6.304200172424316,13.890815734863281
32659,0,calendar_2014_test,67.5301284790039,77.0,0.9196475148200989,0.0,6.781291484832764,9.469871520996094
32660,0,calendar_2014_test,81.39656829833984,68.0,0.9223111867904663,0.0,6.556491851806641,13.396568298339844
32661,0,calendar_2014_test,64.65526580810547,59.0,0.911272406578064,0.0,7.48810338973999,5.655265808105469
32662,0,calendar_2014_test,55.36326599121094,45.0,0.9365659952163696,0.0,5.35346794128418,10.363265991210938
32663,0,calendar_2014_test,40.96847915649414,37.0,0.9625888466835022,0.0,3.1572890281677246,3.9684791564941406
32664,0,calendar_2014_test,34.262699127197266,89.0,0.9738318920135498,0.0,2.208437919616699,54.737300872802734
32665,0,calendar_2014_test,82.95217895507812,52.0,0.9017347693443298,0.0,8.293027877807617,30.952178955078125
32666,0,calendar_2014_test,41.46952819824219,40.0,0.9522023797035217,0.0,4.033847808837891,1.4695281982421875
32667,0,calendar_2014_test,30.330413818359375,45.0,0.9578042030334473,0.0,3.5610830783843994,14.669586181640625
32668,0,calendar_2014_test,44.92335891723633,69.0,0.9540373086929321,0.0,3.8789901733398438,24.076641082763672
32669,0,calendar_2014_test,63.85932540893555,80.0,0.9333532452583313,0.0,5.624606132507324,16.140674591064453
32670,0,calendar_2014_test,75.50251770019531,96.0,0.9271191358566284,0.0,6.150730609893799,20.497482299804688
32671,0,calendar_2014_test,86.52876281738281,107.0,0.8907748460769653,0.0,9.21798324584961,20.471237182617188
32672,0,calendar_2014_test,98.23076629638672,111.0,0.8903617858886719,0.0,9.252843856811523,12.769233703613281
32673,0,calendar_2014_test,104.74104309082031,121.0,0.8884167671203613,0.0,9.416990280151367,16.258956909179688
32674,0,calendar_2014_test,118.8685531616211,109.0,0.850666344165802,0.0,12.602910995483398,9.868553161621094
32675,0,calendar_2014_test,94.00586700439453,94.0,0.8558748960494995,0.0,12.163341522216797,0.00586700439453125
32676,0,calendar_2014_test,92.43618774414062,95.0,0.9132326245307922,0.0,7.322671413421631,2.563812255859375
32677,0,calendar_2014_test,102.02017974853516,105.0,0.8922333121299744,0.0,9.094897270202637,2.9798202514648438
32678,0,calendar_2014_test,106.1920166015625,94.0,0.8826878070831299,0.0,9.900480270385742,12.1920166015625
32679,0,calendar_2014_test,85.59088897705078,121.0,0.9085627794265747,0.0,7.716780662536621,35.40911102294922
32680,0,calendar_2014_test,123.06974029541016,203.0,0.8500277400016785,0.0,12.656807899475098,79.93025970458984
32681,0,calendar_2014_test,208.16763305664062,84.0,0.7766261100769043,0.0,18.851486206054688,124.16763305664062
32682,0,calendar_2014_test,58.128700256347656,96.0,0.910390317440033,0.0,7.562550067901611,37.871299743652344
32683,0,calendar_2014_test,103.0008773803711,83.0,0.881345808506012,0.0,10.013738632202148,20.000877380371094
32684,0,calendar_2014_test,85.60067749023438,85.0,0.893852949142456,0.0,8.958206176757812,0.600677490234375
32685,0,calendar_2014_test,89.12858581542969,93.0,0.8842655420303345,0.0,9.767333030700684,3.8714141845703125
32686,0,calendar_2014_test,90.55193328857422,89.0,0.8919687271118164,0.0,9.117226600646973,1.5519332885742188
32687,0,calendar_2014_test,79.9020767211914,75.0,0.8891757130622864,0.0,9.352941513061523,4.902076721191406
32688,0,calendar_2014_test,61.96949005126953,57.0,0.9192668199539185,0.0,6.813424110412598,4.969490051269531
32689,0,calendar_2014_test,47.40968322753906,271.0,0.9450267553329468,0.0,4.639429092407227,223.59031677246094
32690,0,calendar_2014_test,219.68917846679688,50.0,0.648352861404419,0.0,29.677021026611328,169.68917846679688
32691,0,calendar_2014_test,33.3056640625,74.0,0.9307811260223389,0.0,5.841682434082031,40.6943359375
32692,0,calendar_2014_test,63.18503952026367,56.0,0.8753272891044617,0.0,10.521666526794434,7.185039520263672
32693,0,calendar_2014_test,50.32777786254883,48.0,0.9396805763244629,0.0,5.0906147956848145,2.327777862548828
32694,0,calendar_2014_test,34.60915756225586,60.0,0.9616619944572449,0.0,3.2355079650878906,25.39084243774414
32695,0,calendar_2014_test,46.684425354003906,49.0,0.9553666710853577,0.0,3.7667980194091797,2.3155746459960938
32696,0,calendar_2014_test,51.712467193603516,45.0,0.9433760643005371,0.0,4.7787370681762695,6.712467193603516
32697,0,calendar_2014_test,37.41522216796875,42.0,0.9552983045578003,0.0,3.772566556930542,4.58477783203125
32698,0,calendar_2014_test,41.47700500488281,38.0,0.9486055970191956,0.0,4.33739709854126,3.4770050048828125
32699,0,calendar_2014_test,43.149715423583984,43.0,0.9373883605003357,0.0,5.284066200256348,0.14971542358398438
32700,0,calendar_2014_test,49.300437927246094,47.0,0.945916473865509,0.0,4.5643415451049805,2.3004379272460938
32701,0,calendar_2014_test,47.56522750854492,63.0,0.9484623074531555,0.0,4.349486351013184,15.434772491455078
32702,0,calendar_2014_test,66.38390350341797,71.0,0.8937770128250122,0.0,8.964617729187012,4.616096496582031
32703,0,calendar_2014_test,75.02114868164062,105.0,0.9067541360855103,0.0,7.869420528411865,29.978851318359375
32704,0,calendar_2014_test,108.64459991455078,74.0,0.8563512563705444,0.0,12.123140335083008,34.64459991455078
32705,0,calendar_2014_test,73.83174133300781,71.0,0.9148634076118469,0.0,7.185042858123779,2.8317413330078125
32706,0,calendar_2014_test,76.82133483886719,80.0,0.9011687636375427,0.0,8.340794563293457,3.1786651611328125
32707,0,calendar_2014_test,84.59001159667969,79.0,0.8716338872909546,0.0,10.833372116088867,5.5900115966796875
32708,0,calendar_2014_test,81.69083404541016,76.0,0.8999252319335938,0.0,8.445744514465332,5.690834045410156
32709,0,calendar_2014_test,75.96338653564453,69.0,0.9116590619087219,0.0,7.45547342300415,6.963386535644531
32710,0,calendar_2014_test,74.32455444335938,68.0,0.9245448708534241,0.0,6.367982387542725,6.324554443359375
32711,0,calendar_2014_test,66.0771713256836,94.0,0.9130148887634277,0.0,7.3410515785217285,27.922828674316406
32712,0,calendar_2014_test,88.02281951904297,96.0,0.8896831274032593,0.0,9.310118675231934,7.977180480957031
32713,0,calendar_2014_test,92.30023956298828,98.0,0.8987942337989807,0.0,8.541190147399902,5.699760437011719
32714,0,calendar_2014_test,98.66912078857422,98.0,0.8904100656509399,0.0,9.248766899108887,0.6691207885742188
32715,0,calendar_2014_test,97.5313491821289,109.0,0.9038382172584534,0.0,8.115506172180176,11.468650817871094
32716,0,calendar_2014_test,103.73817443847656,95.0,0.8730159997940063,0.0,10.716730117797852,8.738174438476562
32717,0,calendar_2014_test,87.05058288574219,87.0,0.8955347537994385,0.0,8.816275596618652,0.0505828857421875
32718,0,calendar_2014_test,80.31755828857422,90.0,0.8979645371437073,0.0,8.611212730407715,9.682441711425781
32719,0,calendar_2014_test,85.50528717041016,69.0,0.913866400718689,0.0,7.269186019897461,16.505287170410156
32720,0,calendar_2014_test,62.9911994934082,54.0,0.9289281964302063,0.0,5.998056888580322,8.991199493408203
32721,0,calendar_2014_test,51.9670524597168,52.0,0.9519461989402771,0.0,4.055466175079346,0.032947540283203125
32722,0,calendar_2014_test,51.92987823486328,48.0,0.9350541830062866,0.0,5.4810566902160645,3.9298782348632812
32723,0,calendar_2014_test,49.3326301574707,40.0,0.9540918469429016,0.0,3.874389410018921,9.332630157470703
32724,0,calendar_2014_test,41.72489547729492,41.0,0.957958996295929,0.0,3.548023223876953,0.7248954772949219
32725,0,calendar_2014_test,43.245216369628906,21.0,0.9447959065437317,0.0,4.658912658691406,22.245216369628906
32726,0,calendar_2014_test,25.330839157104492,28.0,0.9684432148933411,0.0,2.663215160369873,2.669160842895508
32727,0,calendar_2014_test,29.27977752685547,28.0,0.9694929718971252,0.0,2.574620008468628,1.2797775268554688
32728,0,calendar_2014_test,31.88780403137207,34.0,0.9545990228652954,0.0,3.8315844535827637,2.1121959686279297
32729,0,calendar_2014_test,38.13508605957031,58.0,0.9595465064048767,0.0,3.4140443801879883,19.864913940429688
32730,0,calendar_2014_test,61.4109992980957,64.0,0.9384691119194031,0.0,5.1928558349609375,2.589000701904297
32731,0,calendar_2014_test,69.9510726928711,68.0,0.9240115880966187,0.0,6.412991046905518,1.9510726928710938
32732,0,calendar_2014_test,74.31031799316406,70.0,0.9256361126899719,0.0,6.275887489318848,4.3103179931640625
32733,0,calendar_2014_test,79.46208953857422,68.0,0.9236479997634888,0.0,6.4436750411987305,11.462089538574219
32734,0,calendar_2014_test,69.74535369873047,77.0,0.9027300477027893,0.0,8.209029197692871,7.254646301269531
32735,0,calendar_2014_test,78.13166809082031,84.0,0.8982742428779602,0.0,8.585075378417969,5.8683319091796875
32736,0,calendar_2014_test,86.51766967773438,89.0,0.8823742270469666,0.0,9.926945686340332,2.482330322265625
32737,0,calendar_2014_test,92.99234771728516,103.0,0.9051480293273926,0.0,8.00496768951416,10.007652282714844
32738,0,calendar_2014_test,100.65587615966797,99.0,0.8863110542297363,0.0,9.59470272064209,1.6558761596679688
32739,0,calendar_2014_test,97.87547302246094,100.0,0.8801864385604858,0.0,10.111583709716797,2.1245269775390625
32740,0,calendar_2014_test,93.51155090332031,132.0,0.8986882567405701,0.0,8.55013656616211,38.48844909667969
32741,0,calendar_2014_test,127.1366958618164,198.0,0.8306834697723389,0.0,14.28935432434082,70.8633041381836
32742,0,calendar_2014_test,174.94105529785156,119.0,0.7401273250579834,0.0,21.931779861450195,55.94105529785156
32743,0,calendar_2014_test,92.0030288696289,137.0,0.8633240461349487,0.0,11.53467082977295,44.996971130371094
32744,0,calendar_2014_test,127.00387573242188,77.0,0.8591387271881104,0.0,11.887889862060547,50.003875732421875
32745,0,calendar_2014_test,68.60009765625,93.0,0.9299608469009399,0.0,5.91090726852417,24.39990234375
32746,0,calendar_2014_test,90.77617645263672,124.0,0.8937453627586365,0.0,8.967288970947266,33.22382354736328
32747,0,calendar_2014_test,123.50028991699219,146.0,0.8506773114204407,0.0,12.601985931396484,22.499710083007812
32748,0,calendar_2014_test,134.4172821044922,143.0,0.8281509876251221,0.0,14.503079414367676,8.582717895507812
32749,0,calendar_2014_test,137.89540100097656,115.0,0.8217439651489258,0.0,15.043794631958008,22.895401000976562
32750,0,calendar_2014_test,104.73802947998047,107.0,0.8935796618461609,0.0,8.981271743774414,2.2619705200195312
32751,0,calendar_2014_test,106.848388671875,99.0,0.8817535042762756,0.0,9.979331016540527,7.848388671875
32752,0,calendar_2014_test,100.37826538085938,100.0,0.8930715918540955,0.0,9.024150848388672,0.378265380859375
32753,0,calendar_2014_test,103.11803436279297,103.0,0.878722071647644,0.0,10.23516845703125,0.11803436279296875
32754,0,calendar_2014_test,102.88650512695312,75.0,0.9137033224105835,0.0,7.282947540283203,27.886505126953125
32755,0,calendar_2014_test,67.16864013671875,61.0,0.9188752770423889,0.0,6.84646463394165,6.16864013671875
32756,0,calendar_2014_test,60.71937561035156,83.0,0.9263460040092468,0.0,6.215976715087891,22.280624389648438
32757,0,calendar_2014_test,87.55537414550781,90.0,0.9062813520431519,0.0,7.909322738647461,2.4446258544921875
32758,0,calendar_2014_test,96.58255004882812,70.0,0.8956621885299683,0.0,8.805520057678223,26.582550048828125
32759,0,calendar_2014_test,73.46428680419922,75.0,0.9060043692588806,0.0,7.932698726654053,1.5357131958007812
32760,0,calendar_2014_test,80.92875671386719,83.0,0.9308733940124512,0.0,5.83389139175415,2.0712432861328125
32761,0,calendar_2014_test,92.93052673339844,79.0,0.8961002230644226,0.0,8.768550872802734,13.930526733398438
32762,0,calendar_2014_test,86.48948669433594,95.0,0.9275444149971008,0.0,6.11483907699585,8.510513305664062
32763,0,calendar_2014_test,101.45075988769531,134.0,0.9012987017631531,0.0,8.329828262329102,32.54924011230469
32764,0,calendar_2014_test,143.56637573242188,161.0,0.8674802184104919,0.0,11.183915138244629,17.433624267578125
32765,0,calendar_2014_test,162.343017578125,151.0,0.8113881349563599,0.0,15.917767524719238,11.343017578125
32766,0,calendar_2014_test,146.08595275878906,147.0,0.8395460247993469,0.0,13.541402816772461,0.9140472412109375
32767,0,calendar_2014_test,143.89373779296875,143.0,0.8072328567504883,0.0,16.268449783325195,0.89373779296875
32768,0,calendar_2014_test,136.8998565673828,132.0,0.8251393437385559,0.0,14.757246971130371,4.8998565673828125
32769,0,calendar_2014_test,128.73446655273438,119.0,0.8472766280174255,0.0,12.888984680175781,9.734466552734375
32770,0,calendar_2014_test,115.04812622070312,102.0,0.8298739194869995,0.0,14.357671737670898,13.048126220703125
32771,0,calendar_2014_test,102.87889099121094,97.0,0.8551653623580933,0.0,12.223222732543945,5.8788909912109375
32772,0,calendar_2014_test,100.62389373779297,104.0,0.8824867010116577,0.0,9.917451858520508,3.3761062622070312
32773,0,calendar_2014_test,111.07289123535156,123.0,0.8632630109786987,0.0,11.539824485778809,11.927108764648438
32774,0,calendar_2014_test,126.6518783569336,141.0,0.8713290691375732,0.0,10.85909652709961,14.348121643066406
32775,0,calendar_2014_test,146.69300842285156,167.0,0.8228679299354553,0.0,14.948938369750977,20.306991577148438
32776,0,calendar_2014_test,173.88478088378906,174.0,0.7841535210609436,0.0,18.216215133666992,0.1152191162109375
32777,0,calendar_2014_test,170.65447998046875,196.0,0.7715350985527039,0.0,19.281139373779297,25.34552001953125
32778,0,calendar_2014_test,201.58831787109375,215.0,0.7601516246795654,0.0,20.241838455200195,13.41168212890625
32779,0,calendar_2014_test,209.1876678466797,214.0,0.7780534029006958,0.0,18.731029510498047,4.8123321533203125
32780,0,calendar_2014_test,205.17648315429688,197.0,0.7577122449874878,0.0,20.447708129882812,8.176483154296875
32781,0,calendar_2014_test,183.50889587402344,168.0,0.7260371446609497,0.0,23.12091064453125,15.508895874023438
32782,0,calendar_2014_test,149.52066040039062,122.0,0.8434513807296753,0.0,13.211813926696777,27.520660400390625
32783,0,calendar_2014_test,94.73123168945312,66.0,0.9361826777458191,0.0,5.3858208656311035,28.731231689453125
32784,0,calendar_2014_test,44.90745544433594,36.0,0.9451992511749268,0.0,4.624870300292969,8.907455444335938
32785,0,calendar_2014_test,29.620800018310547,20.0,0.9619371294975281,0.0,3.2122881412506104,9.620800018310547
32786,0,calendar_2014_test,19.236522674560547,17.0,0.966145932674408,0.0,2.857090711593628,2.236522674560547
32787,0,calendar_2014_test,79.74077606201172,90.0,0.9248047471046448,0.0,6.346052169799805,10.259223937988281
32788,0,calendar_2014_test,91.19631958007812,97.0,0.9027112126350403,0.0,8.210619926452637,5.803680419921875
32789,0,calendar_2014_test,98.92948913574219,103.0,0.8885039687156677,0.0,9.409629821777344,4.0705108642578125
32790,0,calendar_2014_test,103.29924774169922,115.0,0.881990909576416,0.0,9.959299087524414,11.700752258300781
32791,0,calendar_2014_test,112.59378814697266,117.0,0.8572789430618286,0.0,12.044848442077637,4.406211853027344
32792,0,calendar_2014_test,118.01216125488281,130.0,0.8713734745979309,0.0,10.85534954071045,11.987838745117188
32793,0,calendar_2014_test,130.80177307128906,132.0,0.8554917573928833,0.0,12.195676803588867,1.1982269287109375
32794,0,calendar_2014_test,126.86893463134766,136.0,0.8575695753097534,0.0,12.020319938659668,9.131065368652344
32795,0,calendar_2014_test,135.57859802246094,150.0,0.8501951098442078,0.0,12.642681121826172,14.421401977539062
32796,0,calendar_2014_test,149.3481903076172,128.0,0.8013483285903931,0.0,16.765071868896484,21.348190307617188
32797,0,calendar_2014_test,119.43132781982422,144.0,0.8390471935272217,0.0,13.583500862121582,24.56867218017578
32798,0,calendar_2014_test,151.11488342285156,146.0,0.8284480571746826,0.0,14.478012084960938,5.1148834228515625
32799,0,calendar_2014_test,137.0696258544922,152.0,0.8358541131019592,0.0,13.852980613708496,14.930374145507812
32800,0,calendar_2014_test,145.53915405273438,165.0,0.8342393636703491,0.0,13.98925495147705,19.460845947265625
32801,0,calendar_2014_test,164.089111328125,178.0,0.7920000553131104,0.0,17.55401611328125,13.910888671875
32802,0,calendar_2014_test,184.97830200195312,196.0,0.7878798842430115,0.0,17.901731491088867,11.021697998046875
32803,0,calendar_2014_test,195.20849609375,215.0,0.7114347219467163,0.0,24.353267669677734,19.79150390625
32804,0,calendar_2014_test,229.19247436523438,242.0,0.6791184544563293,0.0,27.080577850341797,12.807525634765625
32805,0,calendar_2014_test,240.01663208007812,249.0,0.7446732521057129,0.0,21.548126220703125,8.983367919921875
32806,0,calendar_2014_test,240.4119415283203,258.0,0.6896182298660278,0.0,26.1944580078125,17.588058471679688
32807,0,calendar_2014_test,248.04620361328125,259.0,0.5554544925689697,0.0,37.517112731933594,10.95379638671875
32808,0,calendar_2014_test,245.4126739501953,239.0,0.6427665948867798,0.0,30.148466110229492,6.4126739501953125
32809,0,calendar_2014_test,218.8685760498047,224.0,0.7127239108085632,0.0,24.244470596313477,5.1314239501953125
32810,0,calendar_2014_test,204.32415771484375,182.0,0.7546012997627258,0.0,20.710254669189453,22.32415771484375
32811,0,calendar_2014_test,153.02059936523438,111.0,0.7911602258682251,0.0,17.62489128112793,42.020599365234375
32812,0,calendar_2014_test,64.15045928955078,59.0,0.9068211317062378,0.0,7.863765716552734,5.150459289550781
32813,0,calendar_2014_test,54.1851921081543,43.0,0.9491008520126343,0.0,4.295598983764648,11.185192108154297
32814,0,calendar_2014_test,40.147090911865234,50.0,0.9598321318626404,0.0,3.38993763923645,9.852909088134766
32815,0,calendar_2014_test,48.52751541137695,54.0,0.9505889415740967,0.0,4.170013904571533,5.472484588623047
32816,0,calendar_2014_test,51.15703201293945,38.0,0.9397940039634705,0.0,5.081044673919678,13.157032012939453
32817,0,calendar_2014_test,39.111228942871094,40.0,0.953169584274292,0.0,3.952218532562256,0.8887710571289062
32818,0,calendar_2014_test,42.1763916015625,56.0,0.9505735039710999,0.0,4.171315670013428,13.8236083984375
32819,0,calendar_2014_test,59.60880661010742,64.0,0.9366204142570496,0.0,5.348877906799316,4.391193389892578
32820,0,calendar_2014_test,65.78446197509766,65.0,0.930443286895752,0.0,5.8701910972595215,0.7844619750976562
32821,0,calendar_2014_test,63.97428512573242,63.0,0.9276007413864136,0.0,6.110084533691406,0.9742851257324219
32822,0,calendar_2014_test,71.70872497558594,73.0,0.9178935289382935,0.0,6.929320335388184,1.2912750244140625
32823,0,calendar_2014_test,70.67527770996094,74.0,0.9291336536407471,0.0,5.98071813583374,3.3247222900390625
32824,0,calendar_2014_test,75.94902801513672,84.0,0.9117246270179749,0.0,7.4499382972717285,8.050971984863281
32825,0,calendar_2014_test,84.55751037597656,80.0,0.9036646485328674,0.0,8.130158424377441,4.5575103759765625
32826,0,calendar_2014_test,84.65884399414062,96.0,0.8935545086860657,0.0,8.983394622802734,11.341156005859375
32827,0,calendar_2014_test,96.6806640625,109.0,0.8996713757514954,0.0,8.467164039611816,12.3193359375
32828,0,calendar_2014_test,112.6672592163086,110.0,0.8430815935134888,0.0,13.243019104003906,2.6672592163085938
32829,0,calendar_2014_test,112.36465454101562,102.0,0.8903833627700806,0.0,9.251018524169922,10.364654541015625
32830,0,calendar_2014_test,100.38909149169922,105.0,0.8850616216659546,0.0,9.700146675109863,4.610908508300781
32831,0,calendar_2014_test,107.06201934814453,105.0,0.8758717179298401,0.0,10.475722312927246,2.0620193481445312
32832,0,calendar_2014_test,97.03900909423828,94.0,0.886681079864502,0.0,9.563472747802734,3.0390090942382812
32833,0,calendar_2014_test,89.36898803710938,92.0,0.8994125723838806,0.0,8.489006996154785,2.631011962890625
32834,0,calendar_2014_test,86.03880310058594,85.0,0.8869829177856445,0.0,9.53800106048584,1.0388031005859375
32835,0,calendar_2014_test,74.32855987548828,61.0,0.9038562178611755,0.0,8.113988876342773,13.328559875488281
32836,0,calendar_2014_test,57.16569519042969,54.0,0.9438624382019043,0.0,4.737691879272461,3.1656951904296875
32837,0,calendar_2014_test,51.78450393676758,46.0,0.9505376815795898,0.0,4.174340724945068,5.784503936767578
32838,0,calendar_2014_test,43.6795768737793,46.0,0.955183207988739,0.0,3.7822813987731934,2.320423126220703
32839,0,calendar_2014_test,46.07075500488281,56.0,0.9523628354072571,0.0,4.020307540893555,9.929244995117188
32840,0,calendar_2014_test,56.43922805786133,57.0,0.9478296637535095,0.0,4.4028801918029785,0.5607719421386719
32841,0,calendar_2014_test,55.66948318481445,59.0,0.9399930834770203,0.0,5.064241409301758,3.330516815185547
32842,0,calendar_2014_test,63.67304229736328,61.0,0.9143205285072327,0.0,7.230861663818359,2.6730422973632812
32843,0,calendar_2014_test,66.40799713134766,76.0,0.922051191329956,0.0,6.57843542098999,9.592002868652344
32844,0,calendar_2014_test,80.43717956542969,87.0,0.9058492183685303,0.0,7.9457926750183105,6.5628204345703125
32845,0,calendar_2014_test,92.56739807128906,99.0,0.8594539165496826,0.0,11.86129379272461,6.4326019287109375
32846,0,calendar_2014_test,102.46965789794922,104.0,0.8683335185050964,0.0,11.111903190612793,1.5303421020507812
32847,0,calendar_2014_test,107.16837310791016,92.0,0.8769793510437012,0.0,10.382245063781738,15.168373107910156
32848,0,calendar_2014_test,90.41462707519531,89.0,0.888224720954895,0.0,9.433199882507324,1.4146270751953125
32849,0,calendar_2014_test,92.82554626464844,85.0,0.8836022615432739,0.0,9.8233060836792,7.8255462646484375
32850,0,calendar_2014_test,86.5821304321289,99.0,0.8921417593955994,0.0,9.102622985839844,12.417869567871094
32851,0,calendar_2014_test,99.10860443115234,98.0,0.8694711327552795,0.0,11.01589584350586,1.1086044311523438
32852,0,calendar_2014_test,95.07408905029297,84.0,0.8959317207336426,0.0,8.7827730178833,11.074089050292969
32853,0,calendar_2014_test,84.19424438476562,83.0,0.9033455848693848,0.0,8.157083511352539,1.194244384765625
32854,0,calendar_2014_test,86.69666290283203,102.0,0.8953846096992493,0.0,8.828943252563477,15.303337097167969
32855,0,calendar_2014_test,108.6413803100586,84.0,0.8943732976913452,0.0,8.914295196533203,24.641380310058594
32856,0,calendar_2014_test,84.93807220458984,91.0,0.894051730632782,0.0,8.941431045532227,6.061927795410156
32857,0,calendar_2014_test,96.41603088378906,104.0,0.8997596502304077,0.0,8.459715843200684,7.5839691162109375
32858,0,calendar_2014_test,108.86971282958984,95.0,0.838021993637085,0.0,13.670024871826172,13.869712829589844
32859,0,calendar_2014_test,95.67164611816406,88.0,0.8904322981834412,0.0,9.246891021728516,7.6716461181640625
32860,0,calendar_2014_test,87.67430877685547,78.0,0.8946255445480347,0.0,8.893006324768066,9.674308776855469
32861,0,calendar_2014_test,79.4244155883789,84.0,0.9113391637802124,0.0,7.4824700355529785,4.575584411621094
32862,0,calendar_2014_test,88.47496032714844,99.0,0.8843061327934265,0.0,9.763904571533203,10.525039672851562
32863,0,calendar_2014_test,101.51335144042969,93.0,0.886403501033783,0.0,9.586896896362305,8.513351440429688
32864,0,calendar_2014_test,89.31865692138672,79.0,0.8773184418678284,0.0,10.353625297546387,10.318656921386719
32865,0,calendar_2014_test,78.49818420410156,79.0,0.9073728322982788,0.0,7.817206859588623,0.5018157958984375
32866,0,calendar_2014_test,78.29066467285156,79.0,0.8965935111045837,0.0,8.726919174194336,0.7093353271484375
32867,0,calendar_2014_test,80.44258117675781,91.0,0.9128147959709167,0.0,7.357934951782227,10.557418823242188
32868,0,calendar_2014_test,94.29206085205078,88.0,0.8917516469955444,0.0,9.135547637939453,6.292060852050781
32869,0,calendar_2014_test,90.99124145507812,92.0,0.8889327645301819,0.0,9.373443603515625,1.008758544921875
32870,0,calendar_2014_test,95.2193832397461,95.0,0.8861463069915771,0.0,9.608604431152344,0.21938323974609375
32871,0,calendar_2014_test,97.4232177734375,107.0,0.8874155879020691,0.0,9.501485824584961,9.5767822265625
32872,0,calendar_2014_test,112.80966186523438,123.0,0.8767754435539246,0.0,10.399450302124023,10.190338134765625
32873,0,calendar_2014_test,124.23927307128906,117.0,0.7981795072555542,0.0,17.03250503540039,7.2392730712890625
32874,0,calendar_2014_test,118.60739135742188,140.0,0.8599000573158264,0.0,11.823640823364258,21.392608642578125
32875,0,calendar_2014_test,149.76953125,150.0,0.8329476714134216,0.0,14.098265647888184,0.23046875
32876,0,calendar_2014_test,147.9141387939453,150.0,0.794897198677063,0.0,17.30950927734375,2.0858612060546875
32877,0,calendar_2014_test,148.53517150878906,132.0,0.814636766910553,0.0,15.643603324890137,16.535171508789062
32878,0,calendar_2014_test,132.16200256347656,160.0,0.8034672737121582,0.0,16.58624267578125,27.837997436523438
32879,0,calendar_2014_test,105.83171081542969,158.0,0.8393797874450684,0.0,13.555431365966797,52.16828918457031
32880,0,calendar_2014_test,136.99374389648438,157.0,0.8693090081214905,0.0,11.029576301574707,20.006256103515625
32881,0,calendar_2014_test,127.45316314697266,113.0,0.8398935794830322,0.0,13.512069702148438,14.453163146972656
32882,0,calendar_2014_test,85.47148132324219,51.0,0.9062698483467102,0.0,7.910290241241455,34.47148132324219
32883,0,calendar_2014_test,39.48806381225586,13.0,0.9523085355758667,0.0,4.02488899230957,26.48806381225586
32884,0,calendar_2014_test,18.3594913482666,12.0,0.9708305597305298,0.0,2.461735963821411,6.359491348266602
32885,0,calendar_2014_test,14.27608585357666,7.0,0.9770616888999939,0.0,1.9358633756637573,7.27608585357666
32886,0,calendar_2014_test,12.075944900512695,10.0,0.9728187322616577,0.0,2.293944835662842,2.0759449005126953
32887,0,calendar_2014_test,13.987460136413574,8.0,0.9747602343559265,0.0,2.1300950050354004,5.987460136413574
32888,0,calendar_2014_test,12.651609420776367,8.0,0.9714686870574951,0.0,2.4078826904296875,4.651609420776367
32889,0,calendar_2014_test,12.253092765808105,10.0,0.9709891080856323,0.0,2.4483556747436523,2.2530927658081055
32890,0,calendar_2014_test,17.33194923400879,13.0,0.9682751893997192,0.0,2.6773924827575684,4.331949234008789
32891,0,calendar_2014_test,20.543598175048828,18.0,0.9737332463264465,0.0,2.2167651653289795,2.543598175048828
32892,0,calendar_2014_test,28.36192512512207,21.0,0.9491086602210999,0.0,4.2949395179748535,7.36192512512207
32893,0,calendar_2014_test,26.211883544921875,21.0,0.9525797367095947,0.0,4.002002239227295,5.211883544921875
32894,0,calendar_2014_test,25.554166793823242,15.0,0.9634891152381897,0.0,3.0813090801239014,10.554166793823242
32895,0,calendar_2014_test,17.782310485839844,10.0,0.9668750762939453,0.0,2.795555830001831,7.782310485839844
32896,0,calendar_2014_test,16.716527938842773,8.0,0.9678012132644653,0.0,2.7173972129821777,8.716527938842773
32897,0,calendar_2014_test,12.988885879516602,9.0,0.9713063836097717,0.0,2.421577215194702,3.9888858795166016
32898,0,calendar_2014_test,13.820943832397461,8.0,0.9554529786109924,0.0,3.759516716003418,5.820943832397461
32899,0,calendar_2014_test,12.72372817993164,15.0,0.9628689289093018,0.0,3.133650541305542,2.2762718200683594
32900,0,calendar_2014_test,15.966157913208008,20.0,0.9669435620307922,0.0,2.789776086807251,4.033842086791992
32901,0,calendar_2014_test,21.056962966918945,20.0,0.966400682926178,0.0,2.83559250831604,1.0569629669189453
32902,0,calendar_2014_test,19.293376922607422,18.0,0.9657313227653503,0.0,2.892080545425415,1.2933769226074219
32903,0,calendar_2014_test,20.4869441986084,15.0,0.9684303998947144,0.0,2.6642966270446777,5.486944198608398
32904,0,calendar_2014_test,17.63022232055664,15.0,0.9736429452896118,0.0,2.2243874073028564,2.6302223205566406
32905,0,calendar_2014_test,18.76373291015625,16.0,0.9733044505119324,0.0,2.25295090675354,2.76373291015625
32906,0,calendar_2014_test,21.19683074951172,19.0,0.9619022011756897,0.0,3.2152388095855713,2.1968307495117188
32907,0,calendar_2014_test,21.194421768188477,23.0,0.97025465965271,0.0,2.5103399753570557,1.8055782318115234
32908,0,calendar_2014_test,26.44959259033203,24.0,0.9608796238899231,0.0,3.3015360832214355,2.4495925903320312
32909,0,calendar_2014_test,25.954139709472656,26.0,0.9650189876556396,0.0,2.952198028564453,0.04586029052734375
32910,0,calendar_2014_test,28.19520378112793,27.0,0.9704750180244446,0.0,2.4917397499084473,1.1952037811279297
32911,0,calendar_2014_test,29.83137321472168,27.0,0.9632317423820496,0.0,3.1030313968658447,2.8313732147216797
32912,0,calendar_2014_test,24.994571685791016,26.0,0.971527099609375,0.0,2.4029531478881836,1.0054283142089844
32913,0,calendar_2014_test,29.735567092895508,23.0,0.9590250849723816,0.0,3.458052158355713,6.735567092895508
32914,0,calendar_2014_test,24.935710906982422,28.0,0.9688376784324646,0.0,2.6299240589141846,3.064289093017578
32915,0,calendar_2014_test,32.468101501464844,27.0,0.9597866535186768,0.0,3.3937788009643555,5.468101501464844
32916,0,calendar_2014_test,32.36964416503906,29.0,0.9658393263816833,0.0,2.882967233657837,3.3696441650390625
32917,0,calendar_2014_test,31.78175163269043,31.0,0.9633278250694275,0.0,3.094921350479126,0.7817516326904297
32918,0,calendar_2014_test,37.51300811767578,26.0,0.9322490096092224,0.0,5.717800140380859,11.513008117675781
32919,0,calendar_2014_test,27.486942291259766,26.0,0.9635909199714661,0.0,3.072721481323242,1.4869422912597656
32920,0,calendar_2014_test,29.68010139465332,23.0,0.9536811709403992,0.0,3.9090464115142822,6.68010139465332
32921,0,calendar_2014_test,25.12046241760254,39.0,0.9545504450798035,0.0,3.8356833457946777,13.879537582397461
32922,0,calendar_2014_test,33.05280303955078,39.0,0.9549643993377686,0.0,3.8007493019104004,5.947196960449219
32923,0,calendar_2014_test,37.793663024902344,40.0,0.9576789736747742,0.0,3.5716559886932373,2.2063369750976562
32924,0,calendar_2014_test,41.22606658935547,40.0,0.9462860226631165,0.0,4.533156394958496,1.2260665893554688
32925,0,calendar_2014_test,34.96834945678711,94.0,0.9502372741699219,0.0,4.199690818786621,59.03165054321289
32926,0,calendar_2014_test,72.04012298583984,102.0,0.9138072729110718,0.0,7.274178504943848,29.959877014160156
32927,0,calendar_2014_test,75.8531265258789,100.0,0.8948941230773926,0.0,8.870340347290039,24.146873474121094
32928,0,calendar_2014_test,77.4704818725586,26.0,0.9186230897903442,0.0,6.867746829986572,51.470481872558594
32929,0,calendar_2014_test,30.04200553894043,19.0,0.947488009929657,0.0,4.431714057922363,11.04200553894043
32930,0,calendar_2014_test,19.044986724853516,13.0,0.9664412140846252,0.0,2.832170248031616,6.044986724853516
32931,0,calendar_2014_test,15.056245803833008,17.0,0.9747494459152222,0.0,2.131005048751831,1.9437541961669922
32932,0,calendar_2014_test,15.29781436920166,12.0,0.9735853672027588,0.0,2.2292442321777344,3.29781436920166
32933,0,calendar_2014_test,14.123090744018555,16.0,0.9688943028450012,0.0,2.625143051147461,1.8769092559814453
32934,0,calendar_2014_test,15.22850513458252,12.0,0.9788411259651184,0.0,1.7856903076171875,3.2285051345825195
32935,0,calendar_2014_test,13.211238861083984,13.0,0.9750341176986694,0.0,2.106981039047241,0.21123886108398438
32936,0,calendar_2014_test,15.129498481750488,12.0,0.9720662832260132,0.0,2.3574485778808594,3.1294984817504883
32937,0,calendar_2014_test,15.494977951049805,14.0,0.9773173332214355,0.0,1.9142885208129883,1.4949779510498047
32938,0,calendar_2014_test,17.900835037231445,11.0,0.9697678089141846,0.0,2.551424980163574,6.900835037231445
32939,0,calendar_2014_test,18.155174255371094,8.0,0.9627206921577454,0.0,3.14616060256958,10.155174255371094
32940,0,calendar_2014_test,16.849340438842773,17.0,0.9634487628936768,0.0,3.0847153663635254,0.15065956115722656
32941,0,calendar_2014_test,20.08287811279297,13.0,0.9692025780677795,0.0,2.599125623703003,7.082878112792969
32942,0,calendar_2014_test,18.500547409057617,12.0,0.9703615307807922,0.0,2.501319646835327,6.500547409057617
32943,0,calendar_2014_test,14.773443222045898,13.0,0.9703750610351562,0.0,2.5001742839813232,1.7734432220458984
32944,0,calendar_2014_test,14.026458740234375,19.0,0.9736821055412292,0.0,2.221081495285034,4.973541259765625
32945,0,calendar_2014_test,23.7861328125,27.0,0.9621538519859314,0.0,3.194000720977783,3.2138671875
32946,0,calendar_2014_test,26.85786247253418,27.0,0.9619432687759399,0.0,3.211772918701172,0.1421375274658203
32947,0,calendar_2014_test,26.595483779907227,38.0,0.9698784351348877,0.0,2.542088031768799,11.404516220092773
32948,0,calendar_2014_test,39.87029266357422,44.0,0.9436826705932617,0.0,4.752864360809326,4.129707336425781
32949,0,calendar_2014_test,41.840274810791016,44.0,0.9469376802444458,0.0,4.478160858154297,2.1597251892089844
32950,0,calendar_2014_test,43.056575775146484,43.0,0.9528268575668335,0.0,3.9811432361602783,0.056575775146484375
32951,0,calendar_2014_test,38.92802429199219,49.0,0.9501327276229858,0.0,4.20851469039917,10.071975708007812
32952,0,calendar_2014_test,48.96713638305664,35.0,0.9323732256889343,0.0,5.707313537597656,13.96713638305664
32953,0,calendar_2014_test,29.98660659790039,18.0,0.9668527841567993,0.0,2.7974345684051514,11.98660659790039
32954,0,calendar_2014_test,19.169063568115234,15.0,0.9737863540649414,0.0,2.2122814655303955,4.169063568115234
32955,0,calendar_2014_test,18.823537826538086,21.0,0.9760650992393494,0.0,2.019967794418335,2.176462173461914
32956,0,calendar_2014_test,21.813472747802734,29.0,0.9667125940322876,0.0,2.809265613555908,7.186527252197266
32957,0,calendar_2014_test,27.328771591186523,21.0,0.9708068370819092,0.0,2.463736057281494,6.328771591186523
32958,0,calendar_2014_test,24.024494171142578,34.0,0.9739112257957458,0.0,2.201744556427002,9.975505828857422
32959,0,calendar_2014_test,34.12175369262695,32.0,0.9548566341400146,0.0,3.8098433017730713,2.121753692626953
32960,0,calendar_2014_test,33.7318000793457,24.0,0.9686105847358704,0.0,2.6490883827209473,9.731800079345703
32961,0,calendar_2014_test,30.737218856811523,32.0,0.9705265164375305,0.0,2.4873921871185303,1.2627811431884766
32962,0,calendar_2014_test,37.45016860961914,32.0,0.9498697519302368,0.0,4.230708122253418,5.450168609619141
32963,0,calendar_2014_test,36.714542388916016,34.0,0.9614347815513611,0.0,3.254683494567871,2.7145423889160156
32964,0,calendar_2014_test,39.57976150512695,39.0,0.947204053401947,0.0,4.4556779861450195,0.5797615051269531
32965,0,calendar_2014_test,43.41211700439453,40.0,0.9537662863731384,0.0,3.901860475540161,3.4121170043945312
32966,0,calendar_2014_test,46.32854080200195,44.0,0.9417751431465149,0.0,4.91384744644165,2.328540802001953
32967,0,calendar_2014_test,46.25352096557617,38.0,0.9531533718109131,0.0,3.9535887241363525,8.253520965576172
32968,0,calendar_2014_test,39.48408889770508,38.0,0.9535280466079712,0.0,3.921968698501587,1.4840888977050781
32969,0,calendar_2014_test,38.46920394897461,42.0,0.9471689462661743,0.0,4.458642959594727,3.5307960510253906
32970,0,calendar_2014_test,42.88286590576172,44.0,0.950704038143158,0.0,4.160301208496094,1.1171340942382812
32971,0,calendar_2014_test,45.547054290771484,54.0,0.9503822326660156,0.0,4.187459945678711,8.452945709228516
32972,0,calendar_2014_test,54.791465759277344,62.0,0.9476934671401978,0.0,4.414373874664307,7.208534240722656
32973,0,calendar_2014_test,61.4422607421875,78.0,0.9281798005104065,0.0,6.061217308044434,16.5577392578125
32974,0,calendar_2014_test,72.7565689086914,77.0,0.898432731628418,0.0,8.571702003479004,4.243431091308594
32975,0,calendar_2014_test,66.46989440917969,75.0,0.9222527742385864,0.0,6.561422348022461,8.530105590820312
32976,0,calendar_2014_test,64.3027572631836,67.0,0.915561318397522,0.0,7.126143455505371,2.6972427368164062
32977,0,calendar_2014_test,58.00277328491211,52.0,0.9184668064117432,0.0,6.880936145782471,6.002773284912109
32978,0,calendar_2014_test,43.45450210571289,41.0,0.9343311786651611,0.0,5.542076587677002,2.4545021057128906
32979,0,calendar_2014_test,32.952247619628906,29.0,0.9558625817298889,0.0,3.7249464988708496,3.9522476196289062
32980,0,calendar_2014_test,24.277950286865234,21.0,0.9712861776351929,0.0,2.423281669616699,3.2779502868652344
32981,0,calendar_2014_test,19.8445987701416,19.0,0.9699513912200928,0.0,2.535933494567871,0.8445987701416016
32982,0,calendar_2014_test,15.952498435974121,8.0,0.9699243903160095,0.0,2.5382091999053955,7.952498435974121
32983,0,calendar_2014_test,10.975966453552246,14.0,0.9773209095001221,0.0,1.913985013961792,3.024033546447754
32984,0,calendar_2014_test,19.25931167602539,30.0,0.9763087034225464,0.0,1.9994112253189087,10.74068832397461
32985,0,calendar_2014_test,31.96826934814453,29.0,0.9555990099906921,0.0,3.747189521789551,2.9682693481445312
32986,0,calendar_2014_test,32.11833572387695,38.0,0.9541807770729065,0.0,3.866880178451538,5.881664276123047
32987,0,calendar_2014_test,43.50503158569336,63.0,0.9530171155929565,0.0,3.9650893211364746,19.49496841430664
32988,0,calendar_2014_test,65.14746856689453,63.0,0.9368895292282104,0.0,5.326162338256836,2.1474685668945312
32989,0,calendar_2014_test,62.478755950927734,63.0,0.9333513975143433,0.0,5.624764442443848,0.5212440490722656
32990,0,calendar_2014_test,66.10641479492188,79.0,0.90177983045578,0.0,8.289222717285156,12.893585205078125
32991,0,calendar_2014_test,83.57694244384766,71.0,0.8941535353660583,0.0,8.932841300964355,12.576942443847656
32992,0,calendar_2014_test,69.46028900146484,96.0,0.9164764881134033,0.0,7.0489115715026855,26.539710998535156
32993,0,calendar_2014_test,89.39900207519531,102.0,0.8882859945297241,0.0,9.42802906036377,12.600997924804688
32994,0,calendar_2014_test,96.01948547363281,113.0,0.8829584717750549,0.0,9.877639770507812,16.980514526367188
32995,0,calendar_2014_test,100.34754943847656,73.0,0.8897400498390198,0.0,9.30531120300293,27.347549438476562
32996,0,calendar_2014_test,65.2635726928711,67.0,0.9347777962684631,0.0,5.504384517669678,1.7364273071289062
32997,0,calendar_2014_test,61.6713981628418,67.0,0.9412218928337097,0.0,4.960537910461426,5.328601837158203
32998,0,calendar_2014_test,64.77143096923828,88.0,0.9345338344573975,0.0,5.5249738693237305,23.22856903076172
32999,0,calendar_2014_test,88.64900970458984,85.0,0.9024383425712585,0.0,8.233647346496582,3.6490097045898438
33000,0,calendar_2014_test,81.55219268798828,88.0,0.9328688979148865,0.0,5.665482521057129,6.447807312011719
33001,0,calendar_2014_test,86.39568328857422,104.0,0.8877987265586853,0.0,9.46915054321289,17.60431671142578
33002,0,calendar_2014_test,102.42584991455078,100.0,0.9007983803749084,0.0,8.372054100036621,2.4258499145507812
33003,0,calendar_2014_test,89.90730285644531,99.0,0.8947142958641052,0.0,8.885517120361328,9.092697143554688
33004,0,calendar_2014_test,92.1907958984375,100.0,0.8892174363136292,0.0,9.349418640136719,7.8092041015625
33005,0,calendar_2014_test,97.35266876220703,107.0,0.8900653123855591,0.0,9.277863502502441,9.647331237792969
33006,0,calendar_2014_test,99.4526138305664,104.0,0.8752104640007019,0.0,10.531529426574707,4.547386169433594
33007,0,calendar_2014_test,96.77621459960938,90.0,0.8670024871826172,0.0,11.224231719970703,6.776214599609375
33008,0,calendar_2014_test,83.32575225830078,100.0,0.894939124584198,0.0,8.866539001464844,16.67424774169922
33009,0,calendar_2014_test,102.23871612548828,99.0,0.8550893068313599,0.0,12.229636192321777,3.2387161254882812
33010,0,calendar_2014_test,95.5842514038086,95.0,0.8862103223800659,0.0,9.603202819824219,0.5842514038085938
33011,0,calendar_2014_test,94.47838592529297,97.0,0.893508791923523,0.0,8.987253189086914,2.5216140747070312
33012,0,calendar_2014_test,91.85175323486328,90.0,0.8645821809768677,0.0,11.428494453430176,1.8517532348632812
33013,0,calendar_2014_test,88.14622497558594,76.0,0.892925500869751,0.0,9.036477088928223,12.146224975585938
33014,0,calendar_2014_test,79.51371765136719,72.0,0.9125263690948486,0.0,7.3822760581970215,7.5137176513671875
33015,0,calendar_2014_test,75.01716613769531,81.0,0.8984052538871765,0.0,8.574018478393555,5.9828338623046875
33016,0,calendar_2014_test,86.70866394042969,84.0,0.9047693014144897,0.0,8.036930084228516,2.7086639404296875
33017,0,calendar_2014_test,86.44927215576172,90.0,0.8783484101295471,0.0,10.266702651977539,3.5507278442382812
33018,0,calendar_2014_test,93.71422576904297,96.0,0.8778356909751892,0.0,10.309972763061523,2.2857742309570312
33019,0,calendar_2014_test,101.1801986694336,115.0,0.8627755641937256,0.0,11.580964088439941,13.819801330566406
33020,0,calendar_2014_test,120.23681640625,115.0,0.8431597948074341,0.0,13.236420631408691,5.23681640625
33021,0,calendar_2014_test,116.37067413330078,108.0,0.8534218072891235,0.0,12.370368957519531,8.370674133300781
33022,0,calendar_2014_test,105.73848724365234,125.0,0.8998204469680786,0.0,8.454582214355469,19.261512756347656
33023,0,calendar_2014_test,118.61194610595703,123.0,0.8625019788742065,0.0,11.604048728942871,4.388053894042969
33024,0,calendar_2014_test,116.07929229736328,127.0,0.871421217918396,0.0,10.851318359375,10.920707702636719
33025,0,calendar_2014_test,123.19074249267578,132.0,0.8314616680145264,0.0,14.223676681518555,8.809257507324219
33026,0,calendar_2014_test,128.06468200683594,125.0,0.8564773797988892,0.0,12.112491607666016,3.0646820068359375
33027,0,calendar_2014_test,122.00118255615234,119.0,0.8310250639915466,0.0,14.26052474975586,3.0011825561523438
33028,0,calendar_2014_test,116.12232971191406,127.0,0.8633587956428528,0.0,11.531740188598633,10.877670288085938
33029,0,calendar_2014_test,119.71421813964844,139.0,0.8418177366256714,0.0,13.349685668945312,19.285781860351562
33030,0,calendar_2014_test,139.3738555908203,134.0,0.8126503229141235,0.0,15.811250686645508,5.3738555908203125
33031,0,calendar_2014_test,125.7587661743164,131.0,0.8361895680427551,0.0,13.82466983795166,5.241233825683594
33032,0,calendar_2014_test,124.63270568847656,135.0,0.8287652134895325,0.0,14.451242446899414,10.367294311523438
33033,0,calendar_2014_test,136.9418182373047,137.0,0.8385168313980103,0.0,13.628264427185059,0.0581817626953125
33034,0,calendar_2014_test,134.35101318359375,143.0,0.8796284198760986,0.0,10.158679008483887,8.64898681640625
33035,0,calendar_2014_test,142.5165557861328,140.0,0.8315424919128418,0.0,14.216856956481934,2.5165557861328125
33036,0,calendar_2014_test,134.75778198242188,86.0,0.8415120840072632,0.0,13.375480651855469,48.757781982421875
33037,0,calendar_2014_test,73.10462951660156,83.0,0.8887478709220886,0.0,9.389049530029297,9.895370483398438
33038,0,calendar_2014_test,78.6969223022461,83.0,0.903866708278656,0.0,8.113102912902832,4.303077697753906
33039,0,calendar_2014_test,86.38899230957031,68.0,0.8802304863929749,0.0,10.107865333557129,18.388992309570312
33040,0,calendar_2014_test,67.88227844238281,53.0,0.9217880368232727,0.0,6.600647449493408,14.882278442382812
33041,0,calendar_2014_test,51.601356506347656,52.0,0.9506038427352905,0.0,4.168753147125244,0.39864349365234375
33042,0,calendar_2014_test,55.68170166015625,46.0,0.9365074038505554,0.0,5.3584136962890625,9.68170166015625
33043,0,calendar_2014_test,45.21848678588867,49.0,0.9624324440956116,0.0,3.1704866886138916,3.781513214111328
33044,0,calendar_2014_test,48.02251434326172,59.0,0.9409099221229553,0.0,4.986865520477295,10.977485656738281
33045,0,calendar_2014_test,57.97603225708008,52.0,0.9412555694580078,0.0,4.9576945304870605,5.976032257080078
33046,0,calendar_2014_test,48.70222854614258,43.0,0.9339817762374878,0.0,5.571561336517334,5.702228546142578
33047,0,calendar_2014_test,39.33990478515625,46.0,0.9548664093017578,0.0,3.809021234512329,6.66009521484375
33048,0,calendar_2014_test,41.53499221801758,40.0,0.9633304476737976,0.0,3.094700813293457,1.5349922180175781
33049,0,calendar_2014_test,33.711639404296875,32.0,0.9610120058059692,0.0,3.29036545753479,1.711639404296875
33050,0,calendar_2014_test,29.10486602783203,29.0,0.9683027267456055,0.0,2.675067901611328,0.10486602783203125
33051,0,calendar_2014_test,22.58122444152832,33.0,0.9705058336257935,0.0,2.489140748977661,10.41877555847168
33052,0,calendar_2014_test,27.469715118408203,37.0,0.9631209373474121,0.0,3.11238431930542,9.530284881591797
33053,0,calendar_2014_test,44.5876350402832,37.0,0.9473247528076172,0.0,4.445493221282959,7.587635040283203
33054,0,calendar_2014_test,39.5842170715332,62.0,0.9522998332977295,0.0,4.02562141418457,22.415782928466797
33055,0,calendar_2014_test,62.62824249267578,80.0,0.9270550012588501,0.0,6.156143665313721,17.37175750732422
33056,0,calendar_2014_test,74.99080657958984,62.0,0.9114204049110413,0.0,7.475615501403809,12.990806579589844
33057,0,calendar_2014_test,55.60261154174805,53.0,0.9436970353126526,0.0,4.751652240753174,2.602611541748047
33058,0,calendar_2014_test,51.24052810668945,59.0,0.9292297959327698,0.0,5.9726033210754395,7.759471893310547
33059,0,calendar_2014_test,59.14065170288086,51.0,0.9391308426856995,0.0,5.137009143829346,8.14065170288086
33060,0,calendar_2014_test,52.558799743652344,60.0,0.9280509948730469,0.0,6.072084903717041,7.441200256347656
33061,0,calendar_2014_test,64.10682678222656,59.0,0.9335980415344238,0.0,5.603946208953857,5.1068267822265625
33062,0,calendar_2014_test,59.3560676574707,55.0,0.9291003942489624,0.0,5.983523845672607,4.356067657470703
33063,0,calendar_2014_test,54.53322982788086,49.0,0.9366087913513184,0.0,5.349859714508057,5.533229827880859
33064,0,calendar_2014_test,51.73200607299805,52.0,0.9476755857467651,0.0,4.415882110595703,0.2679939270019531
33065,0,calendar_2014_test,53.74665069580078,55.0,0.9354384541511536,0.0,5.44862699508667,1.2533493041992188
33066,0,calendar_2014_test,57.47905349731445,24.0,0.930154025554657,0.0,5.894603252410889,33.47905349731445
33067,0,calendar_2014_test,24.607595443725586,21.0,0.9595803022384644,0.0,3.4111950397491455,3.607595443725586
33068,0,calendar_2014_test,21.475101470947266,18.0,0.9588197469711304,0.0,3.4753780364990234,3.4751014709472656
33069,0,calendar_2014_test,20.06437873840332,25.0,0.9701887369155884,0.0,2.5159013271331787,4.93562126159668
33070,0,calendar_2014_test,24.42453384399414,25.0,0.9678279161453247,0.0,2.7151434421539307,0.5754661560058594
33071,0,calendar_2014_test,26.187307357788086,18.0,0.9683292508125305,0.0,2.6728289127349854,8.187307357788086
33072,0,calendar_2014_test,21.9548397064209,18.0,0.9633833765983582,0.0,3.0902371406555176,3.9548397064208984
33073,0,calendar_2014_test,21.581724166870117,24.0,0.9614900946617126,0.0,3.2500193119049072,2.418275833129883
33074,0,calendar_2014_test,23.53745460510254,20.0,0.972037136554718,0.0,2.3599090576171875,3.537454605102539
33075,0,calendar_2014_test,18.532564163208008,31.0,0.968084454536438,0.0,2.693488836288452,12.467435836791992
33076,0,calendar_2014_test,32.63151550292969,31.0,0.9567157030105591,0.0,3.652949571609497,1.6315155029296875
33077,0,calendar_2014_test,34.96815490722656,28.0,0.9516981244087219,0.0,4.076405048370361,6.9681549072265625
33078,0,calendar_2014_test,27.996912002563477,31.0,0.9592281579971313,0.0,3.4409117698669434,3.0030879974365234
33079,0,calendar_2014_test,32.465003967285156,28.0,0.9565210342407227,0.0,3.6693758964538574,4.465003967285156
33080,0,calendar_2014_test,29.794286727905273,34.0,0.9713956117630005,0.0,2.414048671722412,4.205713272094727
33081,0,calendar_2014_test,37.539913177490234,32.0,0.9649413228034973,0.0,2.958754539489746,5.539913177490234
33082,0,calendar_2014_test,31.989078521728516,44.0,0.9687986969947815,0.0,2.6332125663757324,12.010921478271484
33083,0,calendar_2014_test,42.30583953857422,46.0,0.9446507692337036,0.0,4.671158790588379,3.6941604614257812
33084,0,calendar_2014_test,41.39628219604492,43.0,0.9553700089454651,0.0,3.766516923904419,1.6037178039550781
33085,0,calendar_2014_test,40.985836029052734,48.0,0.9536482095718384,0.0,3.911825656890869,7.014163970947266
33086,0,calendar_2014_test,42.60161590576172,57.0,0.952435314655304,0.0,4.014190673828125,14.398384094238281
33087,0,calendar_2014_test,50.05220031738281,53.0,0.9458146691322327,0.0,4.572932243347168,2.9477996826171875
33088,0,calendar_2014_test,46.66270446777344,64.0,0.9463759660720825,0.0,4.525565147399902,17.337295532226562
33089,0,calendar_2014_test,58.95245361328125,52.0,0.939641535282135,0.0,5.093910217285156,6.95245361328125
33090,0,calendar_2014_test,46.18804168701172,37.0,0.9518110156059265,0.0,4.066875457763672,9.188041687011719
33091,0,calendar_2014_test,36.50706481933594,35.0,0.9519405364990234,0.0,4.055944919586182,1.5070648193359375
33092,0,calendar_2014_test,33.40321731567383,39.0,0.9634572267532349,0.0,3.084000587463379,5.596782684326172
33093,0,calendar_2014_test,35.786319732666016,31.0,0.955507755279541,0.0,3.754894256591797,4.786319732666016
33094,0,calendar_2014_test,28.311994552612305,29.0,0.9708941578865051,0.0,2.4563660621643066,0.6880054473876953
33095,0,calendar_2014_test,26.345264434814453,28.0,0.9623066186904907,0.0,3.1811068058013916,1.6547355651855469
33096,0,calendar_2014_test,25.645498275756836,32.0,0.965587317943573,0.0,2.9042344093322754,6.354501724243164
33097,0,calendar_2014_test,29.150821685791016,33.0,0.9630979299545288,0.0,3.1143269538879395,3.8491783142089844
33098,0,calendar_2014_test,34.14215850830078,25.0,0.9564892053604126,0.0,3.672062873840332,9.142158508300781
33099,0,calendar_2014_test,27.627513885498047,30.0,0.976161003112793,0.0,2.011875867843628,2.372486114501953
33100,0,calendar_2014_test,31.30760955810547,28.0,0.9604993462562561,0.0,3.3336329460144043,3.3076095581054688
33101,0,calendar_2014_test,28.349613189697266,36.0,0.9671169519424438,0.0,2.7751426696777344,7.650386810302734
33102,0,calendar_2014_test,33.9844970703125,43.0,0.9663801193237305,0.0,2.837324380874634,9.0155029296875
33103,0,calendar_2014_test,42.863895416259766,43.0,0.9435449242591858,0.0,4.764485836029053,0.13610458374023438
33104,0,calendar_2014_test,42.240291595458984,54.0,0.9527801275253296,0.0,3.985089063644409,11.759708404541016
33105,0,calendar_2014_test,57.81632614135742,56.0,0.9430462121963501,0.0,4.80657434463501,1.8163261413574219
33106,0,calendar_2014_test,56.72333526611328,45.0,0.944771409034729,0.0,4.660977840423584,11.723335266113281
33107,0,calendar_2014_test,47.26026916503906,48.0,0.9560950994491577,0.0,3.705324172973633,0.7397308349609375
33108,0,calendar_2014_test,52.56593704223633,57.0,0.9445143342018127,0.0,4.682676792144775,4.434062957763672
33109,0,calendar_2014_test,59.45995330810547,50.0,0.9186725616455078,0.0,6.863574028015137,9.459953308105469
33110,0,calendar_2014_test,50.51005554199219,47.0,0.9464899897575378,0.0,4.515938758850098,3.5100555419921875
33111,0,calendar_2014_test,46.84467315673828,48.0,0.9510166645050049,0.0,4.133913516998291,1.1553268432617188
33112,0,calendar_2014_test,45.44458770751953,62.0,0.9425978660583496,0.0,4.844415664672852,16.55541229248047
33113,0,calendar_2014_test,60.7680549621582,77.0,0.9329260587692261,0.0,5.660658359527588,16.231945037841797
33114,0,calendar_2014_test,77.39552307128906,83.0,0.9133695363998413,0.0,7.311119079589844,5.6044769287109375
33115,0,calendar_2014_test,84.91551208496094,87.0,0.9057067036628723,0.0,7.957818031311035,2.0844879150390625
33116,0,calendar_2014_test,89.59616088867188,88.0,0.9097563624382019,0.0,7.616049289703369,1.596160888671875
33117,0,calendar_2014_test,91.39725494384766,107.0,0.8776390552520752,0.0,10.326568603515625,15.602745056152344
33118,0,calendar_2014_test,106.95944213867188,88.0,0.875575602054596,0.0,10.500711441040039,18.959442138671875
33119,0,calendar_2014_test,80.68218231201172,88.0,0.9033214449882507,0.0,8.15911865234375,7.317817687988281
33120,0,calendar_2014_test,90.94892883300781,79.0,0.8880535960197449,0.0,9.447639465332031,11.948928833007812
33121,0,calendar_2014_test,79.87118530273438,60.0,0.8889783024787903,0.0,9.36960220336914,19.871185302734375
33122,0,calendar_2014_test,56.30988693237305,48.0,0.9343027472496033,0.0,5.544475555419922,8.309886932373047
33123,0,calendar_2014_test,47.33333969116211,38.0,0.9508937001228333,0.0,4.144293308258057,9.33333969116211
33124,0,calendar_2014_test,38.516075134277344,42.0,0.957878053188324,0.0,3.554854393005371,3.4839248657226562
33125,0,calendar_2014_test,41.65516662597656,47.0,0.9517221450805664,0.0,4.074378490447998,5.3448333740234375
33126,0,calendar_2014_test,46.668582916259766,53.0,0.951835572719574,0.0,4.064803123474121,6.331417083740234
33127,0,calendar_2014_test,55.04917526245117,52.0,0.9365366697311401,0.0,5.3559417724609375,3.049175262451172
33128,0,calendar_2014_test,53.11790084838867,51.0,0.9401381015777588,0.0,5.052002429962158,2.117900848388672
33129,0,calendar_2014_test,53.12589645385742,53.0,0.9449799656867981,0.0,4.643377304077148,0.12589645385742188
33130,0,calendar_2014_test,57.06094741821289,51.0,0.9283565282821655,0.0,6.046302318572998,6.060947418212891
33131,0,calendar_2014_test,51.60391616821289,54.0,0.9429904818534851,0.0,4.811281681060791,2.3960838317871094
33132,0,calendar_2014_test,55.57466506958008,54.0,0.9329054355621338,0.0,5.66240119934082,1.5746650695800781
33133,0,calendar_2014_test,59.4900016784668,54.0,0.9397742748260498,0.0,5.0827107429504395,5.490001678466797
33134,0,calendar_2014_test,101.40686798095703,78.0,0.8623711466789246,0.0,11.615094184875488,23.40686798095703
33135,0,calendar_2014_test,75.43299102783203,80.0,0.9036511182785034,0.0,8.131299018859863,4.567008972167969
33136,0,calendar_2014_test,79.73816680908203,77.0,0.9084305763244629,0.0,7.727940082550049,2.7381668090820312
33137,0,calendar_2014_test,76.94734954833984,79.0,0.9151356816291809,0.0,7.162067413330078,2.0526504516601562
33138,0,calendar_2014_test,78.97975158691406,79.0,0.8960718512535095,0.0,8.77094554901123,0.0202484130859375
33139,0,calendar_2014_test,76.91413879394531,59.0,0.9062445163726807,0.0,7.912431240081787,17.914138793945312
33140,0,calendar_2014_test,57.057655334472656,75.0,0.9435808658599854,0.0,4.7614569664001465,17.942344665527344
33141,0,calendar_2014_test,77.35263061523438,94.0,0.8991571068763733,0.0,8.510566711425781,16.647369384765625
33142,0,calendar_2014_test,97.10700225830078,88.0,0.8817398548126221,0.0,9.980486869812012,9.107002258300781
33143,0,calendar_2014_test,90.37818908691406,88.0,0.9078695774078369,0.0,7.77528190612793,2.3781890869140625
33144,0,calendar_2014_test,90.9417495727539,85.0,0.9119293093681335,0.0,7.432663917541504,5.941749572753906
33145,0,calendar_2014_test,85.95002746582031,87.0,0.8854830861091614,0.0,9.66457748413086,1.0499725341796875
33146,0,calendar_2014_test,90.07906341552734,94.0,0.9052472710609436,0.0,7.9965901374816895,3.9209365844726562
33147,0,calendar_2014_test,97.7224349975586,103.0,0.8897179365158081,0.0,9.307180404663086,5.277565002441406
33148,0,calendar_2014_test,109.61958312988281,101.0,0.8856579661369324,0.0,9.649816513061523,8.619583129882812
33149,0,calendar_2014_test,103.05411529541016,114.0,0.8758946061134338,0.0,10.473791122436523,10.945884704589844
33150,0,calendar_2014_test,120.65074157714844,123.0,0.8608940839767456,0.0,11.739750862121582,2.3492584228515625
33151,0,calendar_2014_test,120.04777526855469,122.0,0.8531143665313721,0.0,12.396312713623047,1.9522247314453125
33152,0,calendar_2014_test,112.55577087402344,96.0,0.8816860318183899,0.0,9.985028266906738,16.555770874023438
33153,0,calendar_2014_test,93.92640686035156,51.0,0.8693751692771912,0.0,11.023991584777832,42.92640686035156
33154,0,calendar_2014_test,46.81422424316406,23.0,0.943932831287384,0.0,4.731751441955566,23.814224243164062
33155,0,calendar_2014_test,23.554637908935547,59.0,0.9772562384605408,0.0,1.919446587562561,35.44536209106445
33156,0,calendar_2014_test,52.71078872680664,43.0,0.925703763961792,0.0,6.270178318023682,9.71078872680664
33157,0,calendar_2014_test,42.9830436706543,13.0,0.9384301900863647,0.0,5.19614315032959,29.983043670654297
33158,0,calendar_2014_test,16.568071365356445,13.0,0.9679604172706604,0.0,2.7039577960968018,3.5680713653564453
33159,0,calendar_2014_test,15.949603080749512,16.0,0.9751355051994324,0.0,2.0984201431274414,0.05039691925048828
33160,0,calendar_2014_test,14.982343673706055,13.0,0.9746294617652893,0.0,2.1411314010620117,1.9823436737060547
33161,0,calendar_2014_test,13.237476348876953,12.0,0.980804443359375,0.0,1.6199955940246582,1.2374763488769531
33162,0,calendar_2014_test,15.074967384338379,18.0,0.9737234711647034,0.0,2.2175889015197754,2.925032615661621
33163,0,calendar_2014_test,19.118288040161133,16.0,0.9747089147567749,0.0,2.134425163269043,3.118288040161133
33164,0,calendar_2014_test,18.8940486907959,15.0,0.9742106199264526,0.0,2.1764748096466064,3.8940486907958984
33165,0,calendar_2014_test,18.35063934326172,20.0,0.9747876524925232,0.0,2.1277778148651123,1.6493606567382812
33166,0,calendar_2014_test,24.950223922729492,17.0,0.968144953250885,0.0,2.6883842945098877,7.950223922729492
33167,0,calendar_2014_test,23.32554817199707,19.0,0.968437910079956,0.0,2.6636619567871094,4.32554817199707
33168,0,calendar_2014_test,27.08546257019043,40.0,0.964949369430542,0.0,2.9580724239349365,12.91453742980957
33169,0,calendar_2014_test,41.66753387451172,44.0,0.9592458605766296,0.0,3.4394195079803467,2.3324661254882812
33170,0,calendar_2014_test,45.47783660888672,33.0,0.9461933970451355,0.0,4.540972709655762,12.477836608886719
33171,0,calendar_2014_test,36.88638687133789,33.0,0.9467142820358276,0.0,4.497009754180908,3.8863868713378906
33172,0,calendar_2014_test,35.1352653503418,37.0,0.9654998183250427,0.0,2.911619186401367,1.8647346496582031
33173,0,calendar_2014_test,36.25530242919922,37.0,0.9546149373054504,0.0,3.8302433490753174,0.7446975708007812
33174,0,calendar_2014_test,35.38776779174805,50.0,0.9632638096809387,0.0,3.1003270149230957,14.612232208251953
33175,0,calendar_2014_test,46.23843765258789,51.0,0.9503498077392578,0.0,4.190191745758057,4.761562347412109
33176,0,calendar_2014_test,46.536006927490234,39.0,0.9447015523910522,0.0,4.666874408721924,7.536006927490234
33177,0,calendar_2014_test,35.66062545776367,28.0,0.9611564874649048,0.0,3.2781715393066406,7.660625457763672
33178,0,calendar_2014_test,26.27793312072754,35.0,0.9623888731002808,0.0,3.1741647720336914,8.722066879272461
33179,0,calendar_2014_test,31.8117733001709,31.0,0.9615345001220703,0.0,3.2462716102600098,0.8117733001708984
33180,0,calendar_2014_test,28.5277156829834,31.0,0.9661001563072205,0.0,2.8609561920166016,2.4722843170166016
33181,0,calendar_2014_test,28.71990203857422,27.0,0.9669244885444641,0.0,2.7913830280303955,1.7199020385742188
33182,0,calendar_2014_test,24.44637107849121,23.0,0.9640955328941345,0.0,3.0301339626312256,1.446371078491211
33183,0,calendar_2014_test,21.055347442626953,18.0,0.9690130352973938,0.0,2.6151232719421387,3.055347442626953
33184,0,calendar_2014_test,16.567771911621094,16.0,0.9721766114234924,0.0,2.3481338024139404,0.5677719116210938
33185,0,calendar_2014_test,14.827374458312988,12.0,0.9742310643196106,0.0,2.1747515201568604,2.8273744583129883
33186,0,calendar_2014_test,12.92866325378418,14.0,0.9724891781806946,0.0,2.32175612449646,1.0713367462158203
33187,0,calendar_2014_test,14.115601539611816,14.0,0.9720419049263,0.0,2.3595023155212402,0.1156015396118164
33188,0,calendar_2014_test,17.515356063842773,10.0,0.9737719297409058,0.0,2.2134978771209717,7.515356063842773
33189,0,calendar_2014_test,14.623385429382324,20.0,0.9746721386909485,0.0,2.1375272274017334,5.376614570617676
33190,0,calendar_2014_test,26.0244083404541,30.0,0.9690248966217041,0.0,2.6141252517700195,3.9755916595458984
33191,0,calendar_2014_test,33.3829345703125,40.0,0.9639163017272949,0.0,3.045257806777954,6.6170654296875
33192,0,calendar_2014_test,39.34811019897461,44.0,0.9506165385246277,0.0,4.167685508728027,4.651889801025391
33193,0,calendar_2014_test,46.63167190551758,38.0,0.9562154412269592,0.0,3.695169687271118,8.631671905517578
33194,0,calendar_2014_test,43.40065383911133,50.0,0.9503785967826843,0.0,4.1877641677856445,6.599346160888672
33195,0,calendar_2014_test,53.71723937988281,64.0,0.9388722777366638,0.0,5.158831596374512,10.282760620117188
33196,0,calendar_2014_test,67.8529052734375,99.0,0.9198931455612183,0.0,6.760563373565674,31.1470947265625
33197,0,calendar_2014_test,98.57439422607422,110.0,0.8866507411003113,0.0,9.566035270690918,11.425605773925781
33198,0,calendar_2014_test,111.01830291748047,105.0,0.893825888633728,0.0,8.960493087768555,6.018302917480469
33199,0,calendar_2014_test,98.11461639404297,108.0,0.8586602210998535,0.0,11.928277015686035,9.885383605957031
33200,0,calendar_2014_test,103.61239624023438,121.0,0.8954886794090271,0.0,8.820162773132324,17.387603759765625
33201,0,calendar_2014_test,120.97468566894531,126.0,0.862113356590271,0.0,11.63685131072998,5.0253143310546875
33202,0,calendar_2014_test,113.03102111816406,103.0,0.8698052167892456,0.0,10.987699508666992,10.031021118164062
33203,0,calendar_2014_test,96.36559295654297,78.0,0.899200439453125,0.0,8.506912231445312,18.36559295654297
33204,0,calendar_2014_test,73.35997009277344,93.0,0.8915228247642517,0.0,9.154855728149414,19.640029907226562
33205,0,calendar_2014_test,95.8359375,49.0,0.8601678013801575,0.0,11.801043510437012,46.8359375
33206,0,calendar_2014_test,41.39851379394531,29.0,0.9592704176902771,0.0,3.437344551086426,12.398513793945312
33207,0,calendar_2014_test,34.04972839355469,25.0,0.963263750076294,0.0,3.100332736968994,9.049728393554688
33208,0,calendar_2014_test,26.606719970703125,34.0,0.9654587507247925,0.0,2.915086269378662,7.393280029296875
33209,0,calendar_2014_test,36.626705169677734,39.0,0.9534457921981812,0.0,3.928912401199341,2.3732948303222656
33210,0,calendar_2014_test,40.080223083496094,41.0,0.9523919820785522,0.0,4.017846584320068,0.9197769165039062
33211,0,calendar_2014_test,41.98689651489258,48.0,0.9573378562927246,0.0,3.600440502166748,6.013103485107422
33212,0,calendar_2014_test,47.12174987792969,49.0,0.9512279033660889,0.0,4.116090297698975,1.8782501220703125
33213,0,calendar_2014_test,50.32322692871094,19.0,0.9385165572166443,0.0,5.188851833343506,31.323226928710938
33214,0,calendar_2014_test,23.04746437072754,14.0,0.9597235321998596,0.0,3.3991036415100098,9.047464370727539
33215,0,calendar_2014_test,20.347055435180664,24.0,0.9572837948799133,0.0,3.605005979537964,3.652944564819336
33216,0,calendar_2014_test,25.876691818237305,22.0,0.9568572044372559,0.0,3.641005754470825,3.8766918182373047
33217,0,calendar_2014_test,23.36205291748047,30.0,0.9641655683517456,0.0,3.024224281311035,6.637947082519531
33218,0,calendar_2014_test,32.925315856933594,30.0,0.9529598951339722,0.0,3.9699182510375977,2.9253158569335938
33219,0,calendar_2014_test,32.652854919433594,37.0,0.9569344520568848,0.0,3.6344873905181885,4.347145080566406
33220,0,calendar_2014_test,35.84070587158203,35.0,0.9452767968177795,0.0,4.618329048156738,0.8407058715820312
33221,0,calendar_2014_test,37.59732437133789,39.0,0.9588056206703186,0.0,3.4765708446502686,1.4026756286621094
33222,0,calendar_2014_test,41.110595703125,38.0,0.9459307789802551,0.0,4.563134670257568,3.110595703125
33223,0,calendar_2014_test,37.57410430908203,35.0,0.952475905418396,0.0,4.01076602935791,2.5741043090820312
33224,0,calendar_2014_test,34.026458740234375,29.0,0.952206015586853,0.0,4.033539295196533,5.026458740234375
33225,0,calendar_2014_test,29.26578140258789,28.0,0.9648210406303406,0.0,2.9689042568206787,1.2657814025878906
33226,0,calendar_2014_test,27.444103240966797,18.0,0.9731607437133789,0.0,2.265079975128174,9.444103240966797
33227,0,calendar_2014_test,20.33655548095703,25.0,0.9676879048347473,0.0,2.7269585132598877,4.663444519042969
33228,0,calendar_2014_test,23.114957809448242,34.0,0.9651311635971069,0.0,2.9427289962768555,10.885042190551758
33229,0,calendar_2014_test,31.43528175354004,24.0,0.9594568610191345,0.0,3.421610116958618,7.435281753540039
33230,0,calendar_2014_test,23.902902603149414,23.0,0.9670568704605103,0.0,2.780214548110962,0.9029026031494141
33231,0,calendar_2014_test,21.934263229370117,30.0,0.9664930701255798,0.0,2.8277945518493652,8.065736770629883
33232,0,calendar_2014_test,26.964080810546875,35.0,0.9698035717010498,0.0,2.548405170440674,8.035919189453125
33233,0,calendar_2014_test,34.040611267089844,46.0,0.9594566226005554,0.0,3.4216291904449463,11.959388732910156
33234,0,calendar_2014_test,42.56843185424805,47.0,0.9461383819580078,0.0,4.54561185836792,4.431568145751953
33235,0,calendar_2014_test,46.19899368286133,39.0,0.942623496055603,0.0,4.842250823974609,7.198993682861328
33236,0,calendar_2014_test,37.393028259277344,50.0,0.9580845236778259,0.0,3.5374293327331543,12.606971740722656
33237,0,calendar_2014_test,52.08121871948242,54.0,0.9456871747970581,0.0,4.583691596984863,1.9187812805175781
33238,0,calendar_2014_test,54.6284065246582,59.0,0.9320807456970215,0.0,5.731999397277832,4.371593475341797
33239,0,calendar_2014_test,64.60169219970703,58.0,0.924853503704071,0.0,6.341938018798828,6.601692199707031
33240,0,calendar_2014_test,61.61542892456055,70.0,0.9308491349220276,0.0,5.835937976837158,8.384571075439453
33241,0,calendar_2014_test,72.54512023925781,90.0,0.9087796807289124,0.0,7.698475360870361,17.454879760742188
33242,0,calendar_2014_test,93.12242889404297,106.0,0.8756062984466553,0.0,10.498123168945312,12.877571105957031
33243,0,calendar_2014_test,105.13722229003906,128.0,0.902746856212616,0.0,8.207613945007324,22.862777709960938
33244,0,calendar_2014_test,132.74197387695312,118.0,0.8500690460205078,0.0,12.653322219848633,14.741973876953125
33245,0,calendar_2014_test,117.52925109863281,111.0,0.8368417024612427,0.0,13.769634246826172,6.5292510986328125
33246,0,calendar_2014_test,110.70802307128906,131.0,0.8763167858123779,0.0,10.438158988952637,20.291976928710938
33247,0,calendar_2014_test,132.67449951171875,153.0,0.8266916871070862,0.0,14.626235961914062,20.32550048828125
33248,0,calendar_2014_test,151.218505859375,169.0,0.8183165788650513,0.0,15.333046913146973,17.781494140625
33249,0,calendar_2014_test,174.24490356445312,161.0,0.7782914042472839,0.0,18.71094512939453,13.244903564453125
33250,0,calendar_2014_test,151.5030059814453,141.0,0.8330736756324768,0.0,14.087632179260254,10.503005981445312
33251,0,calendar_2014_test,128.70455932617188,117.0,0.8240422010421753,0.0,14.849835395812988,11.704559326171875
33252,0,calendar_2014_test,106.84062194824219,117.0,0.8514806032180786,0.0,12.534194946289062,10.159378051757812
33253,0,calendar_2014_test,120.24887084960938,101.0,0.8640955686569214,0.0,11.469561576843262,19.248870849609375
33254,0,calendar_2014_test,97.25047302246094,94.0,0.8799589276313782,0.0,10.130783081054688,3.2504730224609375
33255,0,calendar_2014_test,89.43218231201172,89.0,0.875095009803772,0.0,10.54127311706543,0.43218231201171875
33256,0,calendar_2014_test,89.58232116699219,82.0,0.8988091349601746,0.0,8.539932250976562,7.5823211669921875
33257,0,calendar_2014_test,81.9033203125,105.0,0.8871439695358276,0.0,9.524407386779785,23.0966796875
33258,0,calendar_2014_test,106.7499771118164,130.0,0.899020254611969,0.0,8.522117614746094,23.250022888183594
33259,0,calendar_2014_test,128.41285705566406,161.0,0.8400578498840332,0.0,13.498210906982422,32.58714294433594
33260,0,calendar_2014_test,157.5227813720703,156.0,0.8065798878669739,0.0,16.323558807373047,1.5227813720703125
33261,0,calendar_2014_test,149.6696319580078,100.0,0.8235230445861816,0.0,14.893649101257324,49.66963195800781
33262,0,calendar_2014_test,86.53089141845703,62.0,0.9009382724761963,0.0,8.360244750976562,24.53089141845703
33263,0,calendar_2014_test,58.75318908691406,84.0,0.9314748644828796,0.0,5.783132076263428,25.246810913085938
33264,0,calendar_2014_test,87.55311584472656,61.0,0.8913021683692932,0.0,9.173480987548828,26.553115844726562
33265,0,calendar_2014_test,63.76589584350586,80.0,0.9122647047042847,0.0,7.404362201690674,16.23410415649414
33266,0,calendar_2014_test,84.23106384277344,113.0,0.9202964901924133,0.0,6.7265214920043945,28.768936157226562
33267,0,calendar_2014_test,118.96485900878906,140.0,0.8803774118423462,0.0,10.09546947479248,21.035140991210938
33268,0,calendar_2014_test,144.78407287597656,134.0,0.8563812971115112,0.0,12.12060260772705,10.784072875976562
33269,0,calendar_2014_test,135.53839111328125,117.0,0.7943651676177979,0.0,17.354412078857422,18.53839111328125
33270,0,calendar_2014_test,118.2277603149414,112.0,0.8299703001976013,0.0,14.349539756774902,6.227760314941406
33271,0,calendar_2014_test,116.36759185791016,130.0,0.8840376734733582,0.0,9.786561012268066,13.632408142089844
33272,0,calendar_2014_test,129.31663513183594,148.0,0.8288862705230713,0.0,14.441028594970703,18.683364868164062
33273,0,calendar_2014_test,155.32522583007812,162.0,0.7675129175186157,0.0,19.620588302612305,6.674774169921875
33274,0,calendar_2014_test,165.60501098632812,169.0,0.8241452574729919,0.0,14.841141700744629,3.394989013671875
33275,0,calendar_2014_test,169.64364624023438,164.0,0.7867821455001831,0.0,17.99437713623047,5.643646240234375
33276,0,calendar_2014_test,164.49600219726562,169.0,0.7948287725448608,0.0,17.31528663635254,4.503997802734375
33277,0,calendar_2014_test,162.7575225830078,155.0,0.822940468788147,0.0,14.942817687988281,7.7575225830078125
33278,0,calendar_2014_test,158.90623474121094,178.0,0.7895860075950623,0.0,17.75774383544922,19.093765258789062
33279,0,calendar_2014_test,174.3280792236328,191.0,0.7833134531974792,0.0,18.287113189697266,16.671920776367188
33280,0,calendar_2014_test,198.28404235839844,196.0,0.7696263194084167,0.0,19.442228317260742,2.2840423583984375
33281,0,calendar_2014_test,190.4373016357422,138.0,0.747362494468689,0.0,21.321170806884766,52.43730163574219
33282,0,calendar_2014_test,134.37701416015625,132.0,0.8090981245040894,0.0,16.11103057861328,2.37701416015625
33283,0,calendar_2014_test,132.40725708007812,105.0,0.8350229263305664,0.0,13.923125267028809,27.407257080078125
33284,0,calendar_2014_test,100.73281860351562,111.0,0.8665953874588013,0.0,11.258589744567871,10.267181396484375
33285,0,calendar_2014_test,116.20298767089844,96.0,0.8656167387962341,0.0,11.341182708740234,20.202987670898438
33286,0,calendar_2014_test,94.10564422607422,105.0,0.909157931804657,0.0,7.666552543640137,10.894355773925781
33287,0,calendar_2014_test,110.18492889404297,108.0,0.8769304156303406,0.0,10.386372566223145,2.1849288940429688
33288,0,calendar_2014_test,110.67579650878906,111.0,0.8724744319915771,0.0,10.762432098388672,0.3242034912109375
33289,0,calendar_2014_test,117.78893280029297,103.0,0.8663845062255859,0.0,11.276389122009277,14.788932800292969
33290,0,calendar_2014_test,108.29972839355469,114.0,0.8542239665985107,0.0,12.302671432495117,5.7002716064453125
33291,0,calendar_2014_test,120.18424224853516,176.0,0.831768274307251,0.0,14.197802543640137,55.815757751464844
33292,0,calendar_2014_test,185.63284301757812,221.0,0.7731767892837524,0.0,19.142589569091797,35.367156982421875
33293,0,calendar_2014_test,214.76612854003906,225.0,0.7159937620162964,0.0,23.96851348876953,10.233871459960938
33294,0,calendar_2014_test,206.25584411621094,84.0,0.709227442741394,0.0,24.53955078125,122.25584411621094
33295,0,calendar_2014_test,60.47739028930664,13.0,0.9280516505241394,0.0,6.072031497955322,47.47739028930664
33296,0,calendar_2014_test,18.510059356689453,20.0,0.9533978700637817,0.0,3.932954788208008,1.4899406433105469
33297,0,calendar_2014_test,22.059242248535156,28.0,0.9514514207839966,0.0,4.097224235534668,5.940757751464844
33298,0,calendar_2014_test,29.023067474365234,29.0,0.9474780559539795,0.0,4.432554721832275,0.023067474365234375
33299,0,calendar_2014_test,28.332576751708984,24.0,0.9595431089401245,0.0,3.4143331050872803,4.332576751708984
33300,0,calendar_2014_test,24.339374542236328,32.0,0.9627110958099365,0.0,3.146972417831421,7.660625457763672
33301,0,calendar_2014_test,35.13963317871094,40.0,0.9448688626289368,0.0,4.652754306793213,4.8603668212890625
33302,0,calendar_2014_test,46.7246208190918,47.0,0.945026695728302,0.0,4.63943338394165,0.2753791809082031
33303,0,calendar_2014_test,52.0217399597168,49.0,0.9437564015388489,0.0,4.746639251708984,3.021739959716797
33304,0,calendar_2014_test,54.818111419677734,77.0,0.9371642470359802,0.0,5.302980422973633,22.181888580322266
33305,0,calendar_2014_test,84.98936462402344,103.0,0.9005849957466125,0.0,8.390063285827637,18.010635375976562
33306,0,calendar_2014_test,106.18760681152344,119.0,0.8678145408630371,0.0,11.155702590942383,12.812393188476562
33307,0,calendar_2014_test,116.47811126708984,132.0,0.8709120750427246,0.0,10.894286155700684,15.521888732910156
33308,0,calendar_2014_test,130.6503448486328,148.0,0.8297930359840393,0.0,14.36449909210205,17.349655151367188
33309,0,calendar_2014_test,140.1120147705078,38.0,0.8639935851097107,0.0,11.478169441223145,102.11201477050781
33310,0,calendar_2014_test,36.61442184448242,60.0,0.947137713432312,0.0,4.461275577545166,23.385578155517578
33311,0,calendar_2014_test,69.2369155883789,76.0,0.9192655682563782,0.0,6.813526630401611,6.763084411621094
33312,0,calendar_2014_test,82.58970642089844,56.0,0.9034162759780884,0.0,8.151117324829102,26.589706420898438
33313,0,calendar_2014_test,54.56135177612305,62.0,0.9306911826133728,0.0,5.849270820617676,7.438648223876953
33314,0,calendar_2014_test,66.58113098144531,63.0,0.9368581771850586,0.0,5.3288092613220215,3.5811309814453125
33315,0,calendar_2014_test,62.72627639770508,75.0,0.914483368396759,0.0,7.217118740081787,12.273723602294922
33316,0,calendar_2014_test,75.37258911132812,67.0,0.9191126823425293,0.0,6.8264312744140625,8.372589111328125
33317,0,calendar_2014_test,69.05187225341797,74.0,0.9119861721992493,0.0,7.427868843078613,4.948127746582031
33318,0,calendar_2014_test,76.77757263183594,71.0,0.9206480979919434,0.0,6.696847438812256,5.7775726318359375
33319,0,calendar_2014_test,72.39323425292969,76.0,0.9073008298873901,0.0,7.823282718658447,3.6067657470703125
33320,0,calendar_2014_test,76.45143127441406,79.0,0.9196688532829285,0.0,6.779490947723389,2.5485687255859375
33321,0,calendar_2014_test,81.69697570800781,82.0,0.9009292125701904,0.0,8.36100959777832,0.3030242919921875
33322,0,calendar_2014_test,81.4481201171875,53.0,0.9163426756858826,0.0,7.060202121734619,28.4481201171875
33323,0,calendar_2014_test,53.92647933959961,46.0,0.9489505887031555,0.0,4.308280944824219,7.926479339599609
33324,0,calendar_2014_test,46.360843658447266,46.0,0.9528133273124695,0.0,3.9822850227355957,0.3608436584472656
33325,0,calendar_2014_test,48.393306732177734,45.0,0.9521247148513794,0.0,4.040401458740234,3.3933067321777344
33326,0,calendar_2014_test,40.65745162963867,24.0,0.950977087020874,0.0,4.137256622314453,16.657451629638672
33327,0,calendar_2014_test,21.529043197631836,11.0,0.9647314548492432,0.0,2.9764668941497803,10.529043197631836
33328,0,calendar_2014_test,15.015141487121582,22.0,0.9695712924003601,0.0,2.5680110454559326,6.984858512878418
33329,0,calendar_2014_test,91.16001892089844,65.0,0.8896631002426147,0.0,9.311805725097656,26.160018920898438
33330,0,calendar_2014_test,65.72687530517578,71.0,0.9399300813674927,0.0,5.0695576667785645,5.273124694824219
33331,0,calendar_2014_test,75.30860900878906,79.0,0.9105227589607239,0.0,7.551368713378906,3.6913909912109375
33332,0,calendar_2014_test,83.4916763305664,73.0,0.9134364724159241,0.0,7.305468559265137,10.491676330566406
33333,0,calendar_2014_test,77.25340270996094,72.0,0.8987327814102173,0.0,8.546377182006836,5.2534027099609375
33334,0,calendar_2014_test,74.38675689697266,74.0,0.9197666645050049,0.0,6.771240234375,0.38675689697265625
33335,0,calendar_2014_test,78.58911895751953,78.0,0.905455470085144,0.0,7.979022979736328,0.5891189575195312
33336,0,calendar_2014_test,77.61854553222656,89.0,0.9089586138725281,0.0,7.683375358581543,11.381454467773438
33337,0,calendar_2014_test,87.86002349853516,86.0,0.8850604295730591,0.0,9.70024585723877,1.8600234985351562
33338,0,calendar_2014_test,85.32637786865234,59.0,0.9073075652122498,0.0,7.8227152824401855,26.326377868652344
33339,0,calendar_2014_test,56.73470687866211,39.0,0.9321972131729126,0.0,5.722171306610107,17.73470687866211
33340,0,calendar_2014_test,44.08119583129883,48.0,0.9317955374717712,0.0,5.756069660186768,3.918804168701172
33341,0,calendar_2014_test,45.39695739746094,41.0,0.953100860118866,0.0,3.9580211639404297,4.3969573974609375
33342,0,calendar_2014_test,40.01078796386719,63.0,0.9410271644592285,0.0,4.9769744873046875,22.989212036132812
33343,0,calendar_2014_test,61.27287673950195,59.0,0.9260496497154236,0.0,6.240988731384277,2.272876739501953
33344,0,calendar_2014_test,60.77593231201172,35.0,0.9165744781494141,0.0,7.0406413078308105,25.77593231201172
33345,0,calendar_2014_test,34.15937423706055,22.0,0.9523610472679138,0.0,4.020458221435547,12.159374237060547
33346,0,calendar_2014_test,22.704917907714844,13.0,0.9678836464881897,0.0,2.710437059402466,9.704917907714844
33347,0,calendar_2014_test,15.128413200378418,19.0,0.9703775644302368,0.0,2.4999654293060303,3.871586799621582
33348,0,calendar_2014_test,23.2919979095459,12.0,0.967113733291626,0.0,2.775411605834961,11.291997909545898
33349,0,calendar_2014_test,15.56936264038086,10.0,0.9758511781692505,0.0,2.0380232334136963,5.569362640380859
33350,0,calendar_2014_test,16.793867111206055,11.0,0.9672581553459167,0.0,2.76322340965271,5.793867111206055
33351,0,calendar_2014_test,16.205520629882812,17.0,0.9697391986846924,0.0,2.5538415908813477,0.7944793701171875
33352,0,calendar_2014_test,21.608369827270508,20.0,0.9655092358589172,0.0,2.9108266830444336,1.6083698272705078
33353,0,calendar_2014_test,24.076704025268555,20.0,0.9681035876274109,0.0,2.6918771266937256,4.076704025268555
33354,0,calendar_2014_test,25.98351287841797,38.0,0.9681916236877441,0.0,2.684446096420288,12.016487121582031
33355,0,calendar_2014_test,43.163063049316406,61.0,0.9549840688705444,0.0,3.7990903854370117,17.836936950683594
33356,0,calendar_2014_test,66.39220428466797,94.0,0.9126927256584167,0.0,7.36823844909668,27.60779571533203
33357,0,calendar_2014_test,95.4955825805664,89.0,0.9079616069793701,0.0,7.76751708984375,6.495582580566406
33358,0,calendar_2014_test,87.6371078491211,82.0,0.9017947912216187,0.0,8.287961959838867,5.637107849121094
33359,0,calendar_2014_test,82.50373840332031,74.0,0.9355761408805847,0.0,5.437009811401367,8.503738403320312
33360,0,calendar_2014_test,74.37967681884766,70.0,0.9115195870399475,0.0,7.467242240905762,4.379676818847656
33361,0,calendar_2014_test,69.70925903320312,70.0,0.9066524505615234,0.0,7.878005027770996,0.290740966796875
33362,0,calendar_2014_test,73.16209411621094,71.0,0.9160722494125366,0.0,7.083025932312012,2.1620941162109375
33363,0,calendar_2014_test,77.1434097290039,76.0,0.8996705412864685,0.0,8.467236518859863,1.1434097290039062
33364,0,calendar_2014_test,79.68451690673828,72.0,0.9124190807342529,0.0,7.391332149505615,7.684516906738281
33365,0,calendar_2014_test,73.94839477539062,60.0,0.9103811383247375,0.0,7.563321113586426,13.948394775390625
33366,0,calendar_2014_test,68.68882751464844,64.0,0.9285181760787964,0.0,6.032660007476807,4.6888275146484375
33367,0,calendar_2014_test,72.02336120605469,73.0,0.9132018089294434,0.0,7.3252763748168945,0.9766387939453125
33368,0,calendar_2014_test,80.64791870117188,70.0,0.9158614277839661,0.0,7.100815773010254,10.647918701171875
33369,0,calendar_2014_test,76.42900848388672,74.0,0.9186625480651855,0.0,6.864420413970947,2.4290084838867188
33370,0,calendar_2014_test,77.11390686035156,57.0,0.9213327169418335,0.0,6.639071941375732,20.113906860351562
33371,0,calendar_2014_test,57.3966064453125,62.0,0.936177670955658,0.0,5.386241912841797,4.6033935546875
33372,0,calendar_2014_test,63.960289001464844,61.0,0.9379031658172607,0.0,5.240621089935303,2.9602890014648438
33373,0,calendar_2014_test,63.28231430053711,54.0,0.9368338584899902,0.0,5.330865383148193,9.28231430053711
33374,0,calendar_2014_test,52.54169845581055,51.0,0.9397611618041992,0.0,5.083817958831787,1.5416984558105469
33375,0,calendar_2014_test,51.64940643310547,53.0,0.9448733329772949,0.0,4.6523756980896,1.3505935668945312
33376,0,calendar_2014_test,56.489173889160156,57.0,0.9412521719932556,0.0,4.95798397064209,0.5108261108398438
33377,0,calendar_2014_test,58.651302337646484,66.0,0.9533432722091675,0.0,3.9375603199005127,7.348697662353516
33378,0,calendar_2014_test,62.33915710449219,66.0,0.9456731677055359,0.0,4.584873676300049,3.6608428955078125
33379,0,calendar_2014_test,73.86564636230469,15.0,0.9083796143531799,0.0,7.732238292694092,58.86564636230469
33380,0,calendar_2014_test,18.66121482849121,18.0,0.9726986289024353,0.0,2.3040826320648193,0.6612148284912109
33381,0,calendar_2014_test,19.783145904541016,18.0,0.9681645035743713,0.0,2.6867361068725586,1.7831459045410156
33382,0,calendar_2014_test,18.709226608276367,15.0,0.9787207841873169,0.0,1.7958451509475708,3.709226608276367
33383,0,calendar_2014_test,16.146669387817383,16.0,0.9682822823524475,0.0,2.6767940521240234,0.1466693878173828
33384,0,calendar_2014_test,16.12685203552246,18.0,0.9655783176422119,0.0,2.9049928188323975,1.873147964477539
33385,0,calendar_2014_test,22.16976547241211,23.0,0.9625549912452698,0.0,3.160146951675415,0.8302345275878906
33386,0,calendar_2014_test,24.23624038696289,23.0,0.964698076248169,0.0,2.979282855987549,1.2362403869628906
33387,0,calendar_2014_test,24.145418167114258,23.0,0.957503616809845,0.0,3.5864529609680176,1.1454181671142578
33388,0,calendar_2014_test,23.464141845703125,15.0,0.9608731865882874,0.0,3.3020827770233154,8.464141845703125
33389,0,calendar_2014_test,17.743513107299805,18.0,0.9731442928314209,0.0,2.266469955444336,0.2564868927001953
33390,0,calendar_2014_test,20.212289810180664,20.0,0.961402952671051,0.0,3.2573719024658203,0.21228981018066406
33391,0,calendar_2014_test,20.653371810913086,38.0,0.9700027704238892,0.0,2.5315961837768555,17.346628189086914
33392,0,calendar_2014_test,39.788124084472656,51.0,0.9400134086608887,0.0,5.062528133392334,11.211875915527344
33393,0,calendar_2014_test,52.53479766845703,49.0,0.9472000002861023,0.0,4.456022262573242,3.5347976684570312
33394,0,calendar_2014_test,50.395809173583984,51.0,0.9490029215812683,0.0,4.303865432739258,0.6041908264160156
33395,0,calendar_2014_test,49.114315032958984,40.0,0.9570895433425903,0.0,3.6213977336883545,9.114315032958984
33396,0,calendar_2014_test,43.94336700439453,50.0,0.9583110809326172,0.0,3.518307685852051,6.056632995605469
33397,0,calendar_2014_test,49.534706115722656,50.0,0.9365637898445129,0.0,5.3536577224731445,0.46529388427734375
33398,0,calendar_2014_test,50.4224967956543,38.0,0.938068151473999,0.0,5.226696491241455,12.422496795654297
33399,0,calendar_2014_test,37.56119918823242,36.0,0.9640012383460999,0.0,3.0380892753601074,1.5611991882324219
33400,0,calendar_2014_test,33.45982360839844,41.0,0.9594027996063232,0.0,3.426172971725464,7.5401763916015625
33401,0,calendar_2014_test,34.714473724365234,34.0,0.9538962244987488,0.0,3.890895128250122,0.7144737243652344
33402,0,calendar_2014_test,40.71359634399414,13.0,0.9562556743621826,0.0,3.6917724609375,27.71359634399414
33403,0,calendar_2014_test,20.04347038269043,29.0,0.9643959999084473,0.0,3.004777669906616,8.95652961730957
33404,0,calendar_2014_test,35.35850524902344,34.0,0.9448906183242798,0.0,4.650919437408447,1.3585052490234375
33405,0,calendar_2014_test,39.58550262451172,39.0,0.9555405378341675,0.0,3.7521283626556396,0.5855026245117188
33406,0,calendar_2014_test,43.11587142944336,42.0,0.9472383260726929,0.0,4.452785968780518,1.1158714294433594
33407,0,calendar_2014_test,42.67401123046875,36.0,0.9557895064353943,0.0,3.7311148643493652,6.67401123046875
33408,0,calendar_2014_test,34.830936431884766,31.0,0.9520559310913086,0.0,4.046208381652832,3.8309364318847656
33409,0,calendar_2014_test,29.970361709594727,25.0,0.9723621606826782,0.0,2.3324742317199707,4.970361709594727
33410,0,calendar_2014_test,24.253969192504883,27.0,0.9661604166030884,0.0,2.855867385864258,2.746030807495117
33411,0,calendar_2014_test,23.88524627685547,23.0,0.9683077335357666,0.0,2.674649238586426,0.8852462768554688
33412,0,calendar_2014_test,22.0302734375,21.0,0.9704680442810059,0.0,2.4923298358917236,1.0302734375
33413,0,calendar_2014_test,20.310752868652344,25.0,0.9695301055908203,0.0,2.571483612060547,4.689247131347656
33414,0,calendar_2014_test,23.59113121032715,18.0,0.9711092114448547,0.0,2.4382171630859375,5.591131210327148
33415,0,calendar_2014_test,17.79050064086914,18.0,0.9770663976669312,0.0,1.9354643821716309,0.20949935913085938
33416,0,calendar_2014_test,16.80611228942871,15.0,0.9781312942504883,0.0,1.8455942869186401,1.806112289428711
33417,0,calendar_2014_test,14.338484764099121,19.0,0.9794408082962036,0.0,1.7350811958312988,4.661515235900879
33418,0,calendar_2014_test,18.545007705688477,8.0,0.9716474413871765,0.0,2.392796039581299,10.545007705688477
33419,0,calendar_2014_test,12.28275203704834,16.0,0.9737952947616577,0.0,2.2115256786346436,3.71724796295166
33420,0,calendar_2014_test,15.807049751281738,17.0,0.9719669818878174,0.0,2.365828514099121,1.1929502487182617
33421,0,calendar_2014_test,19.07638931274414,18.0,0.9646005034446716,0.0,2.9875173568725586,1.0763893127441406
33422,0,calendar_2014_test,19.824190139770508,17.0,0.9736049175262451,0.0,2.2275941371917725,2.824190139770508
33423,0,calendar_2014_test,19.371797561645508,16.0,0.9728713035583496,0.0,2.2895054817199707,3.371797561645508
33424,0,calendar_2014_test,18.02631950378418,26.0,0.977695882320404,0.0,1.8823390007019043,7.97368049621582
33425,0,calendar_2014_test,30.223045349121094,24.0,0.9581750631332397,0.0,3.529784679412842,6.223045349121094
33426,0,calendar_2014_test,27.0814208984375,28.0,0.9686486124992371,0.0,2.645876884460449,0.9185791015625
33427,0,calendar_2014_test,31.355634689331055,27.0,0.9632636308670044,0.0,3.100341796875,4.355634689331055
33428,0,calendar_2014_test,33.206939697265625,34.0,0.9599499106407166,0.0,3.3800010681152344,0.793060302734375
33429,0,calendar_2014_test,39.41046905517578,28.0,0.951596200466156,0.0,4.085007667541504,11.410469055175781
33430,0,calendar_2014_test,32.81312561035156,29.0,0.9593887329101562,0.0,3.4273598194122314,3.8131256103515625
33431,0,calendar_2014_test,32.796688079833984,43.0,0.9530337452888489,0.0,3.963683605194092,10.203311920166016
33432,0,calendar_2014_test,45.327999114990234,44.0,0.9485686421394348,0.0,4.340513706207275,1.3279991149902344
33433,0,calendar_2014_test,44.96290588378906,50.0,0.9546675086021423,0.0,3.8258063793182373,5.0370941162109375
33434,0,calendar_2014_test,49.61451721191406,59.0,0.9520425796508789,0.0,4.04733419418335,9.385482788085938
33435,0,calendar_2014_test,56.99691390991211,66.0,0.9372393488883972,0.0,5.296641826629639,9.00308609008789
33436,0,calendar_2014_test,68.20492553710938,66.0,0.9278531670570374,0.0,6.088784217834473,2.204925537109375
33437,0,calendar_2014_test,66.43135833740234,66.0,0.9100443124771118,0.0,7.591751575469971,0.43135833740234375
33438,0,calendar_2014_test,66.5254135131836,63.0,0.918660581111908,0.0,6.864586353302002,3.5254135131835938
33439,0,calendar_2014_test,68.88501739501953,64.0,0.935255765914917,0.0,5.464042663574219,4.885017395019531
33440,0,calendar_2014_test,63.447120666503906,68.0,0.9324400424957275,0.0,5.7016777992248535,4.552879333496094
33441,0,calendar_2014_test,65.17919158935547,64.0,0.926236629486084,0.0,6.225209712982178,1.1791915893554688
33442,0,calendar_2014_test,62.004642486572266,50.0,0.9367920160293579,0.0,5.334394931793213,12.004642486572266
33443,0,calendar_2014_test,49.07478713989258,47.0,0.95511394739151,0.0,3.78812837600708,2.074787139892578
33444,0,calendar_2014_test,49.31303405761719,37.0,0.9475341439247131,0.0,4.427819728851318,12.313034057617188
33445,0,calendar_2014_test,37.8267822265625,40.0,0.9620712995529175,0.0,3.2009692192077637,2.1732177734375
33446,0,calendar_2014_test,38.51047134399414,47.0,0.9507691264152527,0.0,4.1548051834106445,8.48952865600586
33447,0,calendar_2014_test,49.5524787902832,54.0,0.9434623122215271,0.0,4.771458148956299,4.447521209716797
33448,0,calendar_2014_test,53.04285430908203,48.0,0.943418562412262,0.0,4.77515172958374,5.042854309082031
33449,0,calendar_2014_test,48.539794921875,47.0,0.9365721940994263,0.0,5.352949142456055,1.539794921875
33450,0,calendar_2014_test,49.26459884643555,41.0,0.9292319416999817,0.0,5.972420692443848,8.264598846435547
33451,0,calendar_2014_test,43.27824401855469,50.0,0.9622229933738708,0.0,3.1881637573242188,6.7217559814453125
33452,0,calendar_2014_test,53.06869125366211,57.0,0.9364092946052551,0.0,5.366693496704102,3.9313087463378906
33453,0,calendar_2014_test,58.68366622924805,64.0,0.9290943741798401,0.0,5.984033107757568,5.316333770751953
33454,0,calendar_2014_test,67.90830993652344,54.0,0.9145482778549194,0.0,7.211638450622559,13.908309936523438
33455,0,calendar_2014_test,54.395286560058594,52.0,0.9400124549865723,0.0,5.062609672546387,2.3952865600585938
33456,0,calendar_2014_test,54.70164489746094,54.0,0.9356999397277832,0.0,5.426558017730713,0.7016448974609375
33457,0,calendar_2014_test,56.30976486206055,62.0,0.9226817488670349,0.0,6.525218963623047,5.690235137939453
33458,0,calendar_2014_test,66.49409484863281,58.0,0.9274445176124573,0.0,6.1232686042785645,8.494094848632812
33459,0,calendar_2014_test,60.723995208740234,69.0,0.925112783908844,0.0,6.320054531097412,8.276004791259766
33460,0,calendar_2014_test,69.2603988647461,77.0,0.94048672914505,0.0,5.022580623626709,7.739601135253906
33461,0,calendar_2014_test,79.53575897216797,89.0,0.9015449285507202,0.0,8.309045791625977,9.464241027832031
33462,0,calendar_2014_test,95.31086730957031,90.0,0.8906236290931702,0.0,9.230743408203125,5.3108673095703125
33463,0,calendar_2014_test,95.16654968261719,86.0,0.8544067740440369,0.0,12.287240028381348,9.166549682617188
33464,0,calendar_2014_test,90.87345123291016,74.0,0.8987361192703247,0.0,8.54609489440918,16.873451232910156
33465,0,calendar_2014_test,74.56743621826172,74.0,0.8948450088500977,0.0,8.87448501586914,0.5674362182617188
33466,0,calendar_2014_test,77.6461181640625,75.0,0.9200037717819214,0.0,6.7512288093566895,2.6461181640625
33467,0,calendar_2014_test,76.6641845703125,85.0,0.8812404870986938,0.0,10.022626876831055,8.3358154296875
33468,0,calendar_2014_test,86.43357849121094,93.0,0.8967151045799255,0.0,8.716659545898438,6.5664215087890625
33469,0,calendar_2014_test,90.1849365234375,96.0,0.8854221701622009,0.0,9.669718742370605,5.8150634765625
33470,0,calendar_2014_test,94.26383972167969,109.0,0.89548659324646,0.0,8.820337295532227,14.736160278320312
33471,0,calendar_2014_test,104.22981262207031,98.0,0.8491472005844116,0.0,12.731122016906738,6.2298126220703125
33472,0,calendar_2014_test,97.50480651855469,113.0,0.8767135143280029,0.0,10.404681205749512,15.495193481445312
33473,0,calendar_2014_test,113.18875122070312,128.0,0.876945972442627,0.0,10.385059356689453,14.811248779296875
33474,0,calendar_2014_test,129.71339416503906,117.0,0.8423836827278137,0.0,13.301919937133789,12.713394165039062
33475,0,calendar_2014_test,119.00496673583984,116.0,0.8833317756652832,0.0,9.846134185791016,3.0049667358398438
33476,0,calendar_2014_test,114.66434478759766,127.0,0.8882763385772705,0.0,9.428841590881348,12.335655212402344
33477,0,calendar_2014_test,134.93679809570312,133.0,0.829993486404419,0.0,14.347582817077637,1.936798095703125
33478,0,calendar_2014_test,137.35923767089844,150.0,0.8550591468811035,0.0,12.232182502746582,12.640762329101562
33479,0,calendar_2014_test,155.91293334960938,159.0,0.8099797964096069,0.0,16.0366268157959,3.087066650390625
33480,0,calendar_2014_test,158.03366088867188,185.0,0.7814654111862183,0.0,18.443078994750977,26.966339111328125
33481,0,calendar_2014_test,182.47621154785156,178.0,0.7519888281822205,0.0,20.930734634399414,4.4762115478515625
33482,0,calendar_2014_test,165.72862243652344,193.0,0.7656084299087524,0.0,19.78131866455078,27.271377563476562
33483,0,calendar_2014_test,190.1256866455078,191.0,0.7463748455047607,0.0,21.404518127441406,0.8743133544921875
33484,0,calendar_2014_test,193.2069854736328,199.0,0.7300014495849609,0.0,22.786340713500977,5.7930145263671875
33485,0,calendar_2014_test,199.7639923095703,196.0,0.7485992908477783,0.0,21.216794967651367,3.7639923095703125
33486,0,calendar_2014_test,193.70635986328125,190.0,0.7822545766830444,0.0,18.376476287841797,3.70635986328125
33487,0,calendar_2014_test,186.62098693847656,168.0,0.7677633762359619,0.0,19.59945297241211,18.620986938476562
33488,0,calendar_2014_test,160.20401000976562,128.0,0.7645375728607178,0.0,19.871692657470703,32.204010009765625
33489,0,calendar_2014_test,121.5980224609375,100.0,0.8357626795768738,0.0,13.860694885253906,21.5980224609375
33490,0,calendar_2014_test,95.60224151611328,91.0,0.9097476005554199,0.0,7.616791248321533,4.602241516113281
33491,0,calendar_2014_test,89.20370483398438,87.0,0.8744857907295227,0.0,10.59268569946289,2.203704833984375
33492,0,calendar_2014_test,81.41790008544922,73.0,0.92525714635849,0.0,6.307870388031006,8.417900085449219
33493,0,calendar_2014_test,74.86035919189453,62.0,0.9236738681793213,0.0,6.441490173339844,12.860359191894531
33494,0,calendar_2014_test,60.492897033691406,66.0,0.9392744302749634,0.0,5.124891757965088,5.507102966308594
33495,0,calendar_2014_test,70.45343780517578,106.0,0.9152654409408569,0.0,7.1511125564575195,35.54656219482422
33496,0,calendar_2014_test,111.99849700927734,95.0,0.8763716816902161,0.0,10.433527946472168,16.998497009277344
33497,0,calendar_2014_test,97.27372741699219,93.0,0.9015380144119263,0.0,8.3096342086792,4.2737274169921875
33498,0,calendar_2014_test,100.26106262207031,75.0,0.8682206869125366,0.0,11.121423721313477,25.261062622070312
33499,0,calendar_2014_test,79.4793472290039,62.0,0.9149476289749146,0.0,7.177936553955078,17.479347229003906
33500,0,calendar_2014_test,64.86705017089844,61.0,0.9071886539459229,0.0,7.832751274108887,3.8670501708984375
33501,0,calendar_2014_test,65.9923324584961,68.0,0.9155430197715759,0.0,7.127689838409424,2.0076675415039062
33502,0,calendar_2014_test,68.30876922607422,75.0,0.9049414396286011,0.0,8.022403717041016,6.691230773925781
33503,0,calendar_2014_test,74.0355224609375,62.0,0.9146066904067993,0.0,7.206712245941162,12.0355224609375
33504,0,calendar_2014_test,55.25978469848633,31.0,0.9417659044265747,0.0,4.914627552032471,24.259784698486328
33505,0,calendar_2014_test,25.369457244873047,39.0,0.9644555449485779,0.0,2.9997501373291016,13.630542755126953
33506,0,calendar_2014_test,33.119972229003906,46.0,0.9663218855857849,0.0,2.8422393798828125,12.880027770996094
33507,0,calendar_2014_test,47.73548889160156,17.0,0.9456247687339783,0.0,4.58896017074585,30.735488891601562
33508,0,calendar_2014_test,16.47410774230957,6.0,0.9621304273605347,0.0,3.195979118347168,10.47410774230957
33509,0,calendar_2014_test,11.248970985412598,4.0,0.9673680067062378,0.0,2.7539548873901367,7.248970985412598
33510,0,calendar_2014_test,8.537894248962402,4.0,0.9790432453155518,0.0,1.7686285972595215,4.537894248962402
33511,0,calendar_2014_test,8.60986042022705,15.0,0.9780687689781189,0.0,1.850871205329895,6.390139579772949
33512,0,calendar_2014_test,13.48773193359375,10.0,0.9749832153320312,0.0,2.1112759113311768,3.48773193359375
33513,0,calendar_2014_test,12.349394798278809,16.0,0.9788209795951843,0.0,1.7873873710632324,3.6506052017211914
33514,0,calendar_2014_test,14.304802894592285,7.0,0.9812594056129456,0.0,1.5816017389297485,7.304802894592285
33515,0,calendar_2014_test,10.413985252380371,11.0,0.9747543334960938,0.0,2.1305923461914062,0.5860147476196289
33516,0,calendar_2014_test,11.040735244750977,12.0,0.9686330556869507,0.0,2.6471898555755615,0.9592647552490234
33517,0,calendar_2014_test,10.63504409790039,7.0,0.9760236144065857,0.0,2.0234715938568115,3.6350440979003906
33518,0,calendar_2014_test,9.028192520141602,10.0,0.9809496402740479,0.0,1.6077406406402588,0.9718074798583984
33519,0,calendar_2014_test,13.324161529541016,11.0,0.973002552986145,0.0,2.278430223464966,2.3241615295410156
33520,0,calendar_2014_test,14.212897300720215,13.0,0.9792835712432861,0.0,1.7483497858047485,1.2128973007202148
33521,0,calendar_2014_test,16.47481918334961,13.0,0.9685983061790466,0.0,2.650125503540039,3.4748191833496094
33522,0,calendar_2014_test,18.832304000854492,11.0,0.9694995880126953,0.0,2.5740623474121094,7.832304000854492
33523,0,calendar_2014_test,16.257957458496094,18.0,0.971430778503418,0.0,2.4110820293426514,1.7420425415039062
33524,0,calendar_2014_test,24.062711715698242,27.0,0.9652656316757202,0.0,2.931382417678833,2.937288284301758
33525,0,calendar_2014_test,30.22933578491211,32.0,0.9692211151123047,0.0,2.5975615978240967,1.7706642150878906
33526,0,calendar_2014_test,31.694421768188477,25.0,0.9545646905899048,0.0,3.8344833850860596,6.694421768188477
33527,0,calendar_2014_test,23.49131965637207,28.0,0.960239827632904,0.0,3.3555305004119873,4.50868034362793
33528,0,calendar_2014_test,24.76364517211914,22.0,0.9669619798660278,0.0,2.788219451904297,2.7636451721191406
33529,0,calendar_2014_test,20.75391960144043,35.0,0.9703131914138794,0.0,2.505398988723755,14.24608039855957
33530,0,calendar_2014_test,28.92172622680664,32.0,0.9683864712715149,0.0,2.668004274368286,3.0782737731933594
33531,0,calendar_2014_test,28.423620223999023,28.0,0.9703489542007446,0.0,2.5023818016052246,0.42362022399902344
33532,0,calendar_2014_test,24.840993881225586,22.0,0.9774602055549622,0.0,1.9022295475006104,2.840993881225586
33533,0,calendar_2014_test,20.64188575744629,17.0,0.9691094756126404,0.0,2.606984853744507,3.641885757446289
33534,0,calendar_2014_test,16.372350692749023,26.0,0.9787104725837708,0.0,1.7967153787612915,9.627649307250977
33535,0,calendar_2014_test,20.378995895385742,24.0,0.9735153317451477,0.0,2.235156297683716,3.621004104614258
33536,0,calendar_2014_test,21.073835372924805,17.0,0.9637850522994995,0.0,3.0563340187072754,4.073835372924805
33537,0,calendar_2014_test,17.330448150634766,16.0,0.9709941744804382,0.0,2.447925329208374,1.3304481506347656
33538,0,calendar_2014_test,15.42073917388916,13.0,0.9768253564834595,0.0,1.955807089805603,2.42073917388916
33539,0,calendar_2014_test,13.104650497436523,14.0,0.9785159826278687,0.0,1.8131288290023804,0.8953495025634766
33540,0,calendar_2014_test,13.026267051696777,9.0,0.9776691794395447,0.0,1.8845933675765991,4.026267051696777
33541,0,calendar_2014_test,10.544108390808105,15.0,0.9820547103881836,0.0,1.514482855796814,4.4558916091918945
33542,0,calendar_2014_test,13.577226638793945,15.0,0.9683841466903687,0.0,2.668196439743042,1.4227733612060547
33543,0,calendar_2014_test,13.495682716369629,15.0,0.9661431908607483,0.0,2.8573219776153564,1.504317283630371
33544,0,calendar_2014_test,17.09870719909668,6.0,0.9746726751327515,0.0,2.137484312057495,11.09870719909668
33545,0,calendar_2014_test,15.66038703918457,15.0,0.9725161194801331,0.0,2.3194823265075684,0.6603870391845703
33546,0,calendar_2014_test,20.206401824951172,15.0,0.9733493328094482,0.0,2.2491655349731445,5.206401824951172
33547,0,calendar_2014_test,19.070171356201172,26.0,0.9667929410934448,0.0,2.8024845123291016,6.929828643798828
33548,0,calendar_2014_test,29.267276763916016,21.0,0.9581665992736816,0.0,3.5305016040802,8.267276763916016
33549,0,calendar_2014_test,24.63361930847168,25.0,0.9665651917457581,0.0,2.8217084407806396,0.3663806915283203
33550,0,calendar_2014_test,32.016754150390625,28.0,0.955184817314148,0.0,3.7821478843688965,4.016754150390625
33551,0,calendar_2014_test,29.057836532592773,30.0,0.9681304097175598,0.0,2.689610242843628,0.9421634674072266
33552,0,calendar_2014_test,32.636985778808594,54.0,0.9563860893249512,0.0,3.6807656288146973,21.363014221191406
33553,0,calendar_2014_test,55.60945510864258,43.0,0.929974377155304,0.0,5.909766674041748,12.609455108642578
33554,0,calendar_2014_test,43.03784942626953,32.0,0.9558818340301514,0.0,3.723320484161377,11.037849426269531
33555,0,calendar_2014_test,34.31831741333008,37.0,0.9417794942855835,0.0,4.913482189178467,2.681682586669922
33556,0,calendar_2014_test,36.469295501708984,30.0,0.945997953414917,0.0,4.557467937469482,6.469295501708984
33557,0,calendar_2014_test,30.07923698425293,26.0,0.9609529376029968,0.0,3.29534912109375,4.07923698425293
33558,0,calendar_2014_test,26.273019790649414,50.0,0.9640694856643677,0.0,3.032330274581909,23.726980209350586
33559,0,calendar_2014_test,45.96578598022461,77.0,0.9417128562927246,0.0,4.919102668762207,31.03421401977539
33560,0,calendar_2014_test,75.61399841308594,45.0,0.9058760404586792,0.0,7.943530082702637,30.613998413085938
33561,0,calendar_2014_test,40.60018539428711,36.0,0.9482201337814331,0.0,4.369927883148193,4.600185394287109
33562,0,calendar_2014_test,31.87821388244629,48.0,0.9576960206031799,0.0,3.5702154636383057,16.12178611755371
33563,0,calendar_2014_test,47.63774108886719,60.0,0.9489699602127075,0.0,4.306643962860107,12.362258911132812
33564,0,calendar_2014_test,55.72065734863281,48.0,0.9336270093917847,0.0,5.601504802703857,7.7206573486328125
33565,0,calendar_2014_test,49.282020568847656,59.0,0.9379836320877075,0.0,5.233828067779541,9.717979431152344
33566,0,calendar_2014_test,54.88498306274414,61.0,0.9426999092102051,0.0,4.83580207824707,6.115016937255859
33567,0,calendar_2014_test,55.230899810791016,59.0,0.9285250902175903,0.0,6.032076835632324,3.7691001892089844
33568,0,calendar_2014_test,53.3862419128418,31.0,0.9254870414733887,0.0,6.28847074508667,22.386241912841797
33569,0,calendar_2014_test,33.078468322753906,39.0,0.9534727334976196,0.0,3.9266393184661865,5.921531677246094
33570,0,calendar_2014_test,39.61691665649414,33.0,0.9600364565849304,0.0,3.372695207595825,6.616916656494141
33571,0,calendar_2014_test,38.0357551574707,62.0,0.959341287612915,0.0,3.4313626289367676,23.964244842529297
33572,0,calendar_2014_test,64.84107208251953,59.0,0.9236690402030945,0.0,6.441901206970215,5.841072082519531
33573,0,calendar_2014_test,58.73482131958008,66.0,0.9312604069709778,0.0,5.801229953765869,7.265178680419922
33574,0,calendar_2014_test,65.82826232910156,69.0,0.9346768260002136,0.0,5.512903213500977,3.1717376708984375
33575,0,calendar_2014_test,72.33326721191406,70.0,0.9018508791923523,0.0,8.283226013183594,2.3332672119140625
33576,0,calendar_2014_test,73.72383117675781,67.0,0.9177798628807068,0.0,6.938912391662598,6.7238311767578125
33577,0,calendar_2014_test,70.05927276611328,59.0,0.9254559278488159,0.0,6.291093826293945,11.059272766113281
33578,0,calendar_2014_test,59.94020080566406,68.0,0.9205204248428345,0.0,6.707622051239014,8.059799194335938
33579,0,calendar_2014_test,69.79346466064453,84.0,0.9182133674621582,0.0,6.9023261070251465,14.206535339355469
33580,0,calendar_2014_test,81.90007781982422,104.0,0.9093525409698486,0.0,7.650132656097412,22.09992218017578
33581,0,calendar_2014_test,97.3910903930664,94.0,0.8900032043457031,0.0,9.28310489654541,3.3910903930664062
33582,0,calendar_2014_test,92.52042388916016,80.0,0.9050937294960022,0.0,8.009551048278809,12.520423889160156
33583,0,calendar_2014_test,80.8216323852539,65.0,0.898003339767456,0.0,8.607935905456543,15.821632385253906
33584,0,calendar_2014_test,67.25051879882812,61.0,0.9311639666557312,0.0,5.809368133544922,6.250518798828125
33585,0,calendar_2014_test,60.15032958984375,64.0,0.9393492341041565,0.0,5.11857795715332,3.84967041015625
33586,0,calendar_2014_test,65.3771743774414,71.0,0.9234737157821655,0.0,6.4583821296691895,5.622825622558594
33587,0,calendar_2014_test,68.15371704101562,93.0,0.9197165966033936,0.0,6.7754645347595215,24.846282958984375
33588,0,calendar_2014_test,90.99402618408203,104.0,0.8666425347328186,0.0,11.254611015319824,13.005973815917969
33589,0,calendar_2014_test,101.576416015625,95.0,0.9010316729545593,0.0,8.352363586425781,6.576416015625
33590,0,calendar_2014_test,87.99320220947266,74.0,0.8974510431289673,0.0,8.654547691345215,13.993202209472656
33591,0,calendar_2014_test,66.2223892211914,72.0,0.9265949726104736,0.0,6.194967269897461,5.777610778808594
33592,0,calendar_2014_test,69.7223129272461,51.0,0.9043737649917603,0.0,8.07030963897705,18.722312927246094
33593,0,calendar_2014_test,46.99245834350586,54.0,0.9572613835334778,0.0,3.6068952083587646,7.007541656494141
33594,0,calendar_2014_test,52.71449279785156,40.0,0.9363766312599182,0.0,5.369451999664307,12.714492797851562
33595,0,calendar_2014_test,44.22785568237305,45.0,0.950817883014679,0.0,4.150691032409668,0.7721443176269531
33596,0,calendar_2014_test,45.57887268066406,51.0,0.9378131031990051,0.0,5.2482218742370605,5.4211273193359375
33597,0,calendar_2014_test,53.9463996887207,59.0,0.9378769993782043,0.0,5.2428297996521,5.053600311279297
33598,0,calendar_2014_test,62.81696701049805,57.0,0.9377779960632324,0.0,5.2511820793151855,5.816967010498047
33599,0,calendar_2014_test,58.34402084350586,59.0,0.9353998899459839,0.0,5.451879501342773,0.6559791564941406
33600,0,calendar_2014_test,61.71205139160156,58.0,0.9307665824890137,0.0,5.8429059982299805,3.7120513916015625
33601,0,calendar_2014_test,59.31333541870117,59.0,0.9354705810546875,0.0,5.445914268493652,0.3133354187011719
33602,0,calendar_2014_test,62.76908493041992,63.0,0.9485941529273987,0.0,4.338363170623779,0.23091506958007812
33603,0,calendar_2014_test,68.88809967041016,76.0,0.9160836338996887,0.0,7.082063674926758,7.111900329589844
33604,0,calendar_2014_test,83.07868194580078,86.0,0.8918213248252869,0.0,9.129667282104492,2.9213180541992188
33605,0,calendar_2014_test,91.2778549194336,100.0,0.9116978049278259,0.0,7.452205181121826,8.722145080566406
33606,0,calendar_2014_test,99.23982238769531,108.0,0.8931817412376404,0.0,9.014854431152344,8.760177612304688
33607,0,calendar_2014_test,110.89246368408203,108.0,0.8590331077575684,0.0,11.896801948547363,2.8924636840820312
33608,0,calendar_2014_test,108.9441909790039,101.0,0.8768541812896729,0.0,10.392809867858887,7.944190979003906
33609,0,calendar_2014_test,96.75100708007812,105.0,0.892695963382721,0.0,9.055851936340332,8.248992919921875
33610,0,calendar_2014_test,101.70683288574219,105.0,0.8901146650314331,0.0,9.273696899414062,3.2931671142578125
33611,0,calendar_2014_test,103.74104309082031,102.0,0.8711193799972534,0.0,10.876792907714844,1.7410430908203125
33612,0,calendar_2014_test,100.20533752441406,116.0,0.8647099733352661,0.0,11.41771125793457,15.794662475585938
33613,0,calendar_2014_test,116.82173919677734,124.0,0.8859066963195801,0.0,9.628828048706055,7.178260803222656
33614,0,calendar_2014_test,121.05140686035156,122.0,0.8477891087532043,0.0,12.845734596252441,0.9485931396484375
33615,0,calendar_2014_test,114.7212905883789,122.0,0.8355677127838135,0.0,13.877152442932129,7.278709411621094
33616,0,calendar_2014_test,119.12190246582031,121.0,0.8339437246322632,0.0,14.014208793640137,1.8780975341796875
33617,0,calendar_2014_test,115.9119644165039,141.0,0.881989061832428,0.0,9.959452629089355,25.088035583496094
33618,0,calendar_2014_test,142.7254180908203,163.0,0.8211754560470581,0.0,15.091774940490723,20.274581909179688
33619,0,calendar_2014_test,163.99916076660156,168.0,0.7827030420303345,0.0,18.338626861572266,4.0008392333984375
33620,0,calendar_2014_test,164.5900421142578,149.0,0.8041317462921143,0.0,16.530168533325195,15.590042114257812
33621,0,calendar_2014_test,130.3723602294922,66.0,0.8447054028511047,0.0,13.105982780456543,64.37236022949219
33622,0,calendar_2014_test,53.19728469848633,48.0,0.9309710264205933,0.0,5.82565450668335,5.197284698486328
33623,0,calendar_2014_test,48.32756423950195,27.0,0.9357488751411438,0.0,5.422430038452148,21.327564239501953
33624,0,calendar_2014_test,25.703874588012695,30.0,0.9549821019172668,0.0,3.7992560863494873,4.296125411987305
33625,0,calendar_2014_test,30.801265716552734,34.0,0.9611867070198059,0.0,3.2756192684173584,3.1987342834472656
33626,0,calendar_2014_test,34.043418884277344,43.0,0.9622423648834229,0.0,3.1865296363830566,8.956581115722656
33627,0,calendar_2014_test,41.49518966674805,45.0,0.9527497291564941,0.0,3.987653970718384,3.504810333251953
33628,0,calendar_2014_test,43.92026138305664,65.0,0.9607739448547363,0.0,3.310455799102783,21.07973861694336
33629,0,calendar_2014_test,71.7799072265625,59.0,0.9083346128463745,0.0,7.7360382080078125,12.7799072265625
33630,0,calendar_2014_test,65.08654022216797,58.0,0.9318586587905884,0.0,5.750739574432373,7.086540222167969
33631,0,calendar_2014_test,59.08787155151367,57.0,0.9286431670188904,0.0,6.022109031677246,2.087871551513672
33632,0,calendar_2014_test,62.09273147583008,52.0,0.9331393241882324,0.0,5.642661094665527,10.092731475830078
33633,0,calendar_2014_test,55.29091262817383,33.0,0.9304250478744507,0.0,5.87173318862915,22.290912628173828
33634,0,calendar_2014_test,37.62897491455078,50.0,0.9533283710479736,0.0,3.9388186931610107,12.371025085449219
33635,0,calendar_2014_test,55.29664993286133,56.0,0.9214233160018921,0.0,6.631427764892578,0.7033500671386719
33636,0,calendar_2014_test,60.34869384765625,64.0,0.9452086687088013,0.0,4.624078750610352,3.65130615234375
33637,0,calendar_2014_test,66.01467895507812,66.0,0.9357947707176208,0.0,5.418556213378906,0.014678955078125
33638,0,calendar_2014_test,67.1451187133789,72.0,0.9308719038963318,0.0,5.834018230438232,4.854881286621094
33639,0,calendar_2014_test,74.43568420410156,78.0,0.8981936573982239,0.0,8.591876983642578,3.5643157958984375
33640,0,calendar_2014_test,80.58196258544922,78.0,0.9098283052444458,0.0,7.609976768493652,2.5819625854492188
33641,0,calendar_2014_test,79.38380432128906,84.0,0.921206533908844,0.0,6.649718761444092,4.6161956787109375
33642,0,calendar_2014_test,83.6765365600586,98.0,0.8972101807594299,0.0,8.674875259399414,14.323463439941406
33643,0,calendar_2014_test,103.23226165771484,110.0,0.8837704062461853,0.0,9.80911636352539,6.767738342285156
33644,0,calendar_2014_test,111.800537109375,114.0,0.8603918552398682,0.0,11.782135009765625,2.199462890625
33645,0,calendar_2014_test,117.5789566040039,101.0,0.826144814491272,0.0,14.672392845153809,16.578956604003906
33646,0,calendar_2014_test,102.4751205444336,111.0,0.8960502743721008,0.0,8.772767066955566,8.524879455566406
33647,0,calendar_2014_test,111.76719665527344,110.0,0.8683007955551147,0.0,11.114664077758789,1.7671966552734375
33648,0,calendar_2014_test,112.24201202392578,134.0,0.9013717770576477,0.0,8.323660850524902,21.75798797607422
33649,0,calendar_2014_test,132.7012176513672,169.0,0.8362761735916138,0.0,13.817361831665039,36.29878234863281
33650,0,calendar_2014_test,167.16397094726562,190.0,0.8251380920410156,0.0,14.757352828979492,22.836029052734375
33651,0,calendar_2014_test,186.7111053466797,214.0,0.7268978953361511,0.0,23.04826545715332,27.288894653320312
33652,0,calendar_2014_test,212.17791748046875,239.0,0.6984745264053345,0.0,25.447032928466797,26.82208251953125
33653,0,calendar_2014_test,238.1888885498047,250.0,0.767066240310669,0.0,19.658283233642578,11.811111450195312
33654,0,calendar_2014_test,242.3554229736328,259.0,0.6937958002090454,0.0,25.84189224243164,16.644577026367188
33655,0,calendar_2014_test,259.5032653808594,263.0,0.6188887357711792,0.0,32.16362762451172,3.496734619140625
33656,0,calendar_2014_test,255.90403747558594,280.0,0.6509341597557068,0.0,29.45917320251465,24.095962524414062
33657,0,calendar_2014_test,258.71636962890625,277.0,0.6989981532096863,0.0,25.40284538269043,18.28363037109375
33658,0,calendar_2014_test,257.0307922363281,274.0,0.6886038780212402,0.0,26.280061721801758,16.969207763671875
33659,0,calendar_2014_test,264.2757568359375,256.0,0.6492447257041931,0.0,29.60175132751465,8.2757568359375
33660,0,calendar_2014_test,254.8765106201172,232.0,0.6689097881317139,0.0,27.9421329498291,22.876510620117188
33661,0,calendar_2014_test,225.75401306152344,212.0,0.6361083388328552,0.0,30.71038818359375,13.754013061523438
33662,0,calendar_2014_test,206.8057403564453,177.0,0.6959711313247681,0.0,25.658308029174805,29.805740356445312
33663,0,calendar_2014_test,169.3472442626953,175.0,0.820724606513977,0.0,15.1298246383667,5.6527557373046875
33664,0,calendar_2014_test,178.2813262939453,167.0,0.7382071614265442,0.0,22.093828201293945,11.281326293945312
33665,0,calendar_2014_test,171.3132781982422,161.0,0.8096156120300293,0.0,16.067359924316406,10.313278198242188
33666,0,calendar_2014_test,167.2607421875,150.0,0.8108254671096802,0.0,15.965253829956055,17.2607421875
33667,0,calendar_2014_test,149.7113800048828,153.0,0.7816320657730103,0.0,18.429012298583984,3.2886199951171875
33668,0,calendar_2014_test,160.4508514404297,206.0,0.7707576155662537,0.0,19.346755981445312,45.54914855957031
33669,0,calendar_2014_test,217.8326873779297,237.0,0.639485239982605,0.0,30.425397872924805,19.167312622070312
33670,0,calendar_2014_test,242.91473388671875,250.0,0.6537420749664307,0.0,29.22220230102539,7.08526611328125
33671,0,calendar_2014_test,255.671875,295.0,0.6292749643325806,0.0,31.287086486816406,39.328125
33672,0,calendar_2014_test,303.0168762207031,291.0,0.5876150131225586,0.0,34.80295181274414,12.016876220703125
33673,0,calendar_2014_test,271.4375,299.0,0.6890565752983093,0.0,26.241857528686523,27.5625
33674,0,calendar_2014_test,293.4778137207031,303.0,0.6343363523483276,0.0,30.859935760498047,9.522186279296875
33675,0,calendar_2014_test,295.4525451660156,293.0,0.6056495904922485,0.0,33.28093719482422,2.452545166015625
33676,0,calendar_2014_test,273.8388671875,281.0,0.6640660762786865,0.0,28.350914001464844,7.1611328125
33677,0,calendar_2014_test,255.95846557617188,259.0,0.6348212361335754,0.0,30.819013595581055,3.041534423828125
33678,0,calendar_2014_test,242.6331329345703,226.0,0.7270723581314087,0.0,23.03354263305664,16.633132934570312
33679,0,calendar_2014_test,201.91119384765625,201.0,0.7407336235046387,0.0,21.880605697631836,0.91119384765625
33680,0,calendar_2014_test,181.43409729003906,185.0,0.7454007863998413,0.0,21.48672866821289,3.5659027099609375
33681,0,calendar_2014_test,183.94972229003906,153.0,0.7407498955726624,0.0,21.879236221313477,30.949722290039062
33682,0,calendar_2014_test,143.87496948242188,145.0,0.7981971502304077,0.0,17.031015396118164,1.125030517578125
33683,0,calendar_2014_test,139.1443634033203,152.0,0.7983883619308472,0.0,17.014873504638672,12.855636596679688
33684,0,calendar_2014_test,156.48556518554688,137.0,0.799771249294281,0.0,16.898170471191406,19.485565185546875
33685,0,calendar_2014_test,132.6364288330078,137.0,0.8603476881980896,0.0,11.78586196899414,4.3635711669921875
33686,0,calendar_2014_test,141.95794677734375,139.0,0.8608475923538208,0.0,11.743674278259277,2.95794677734375
33687,0,calendar_2014_test,142.7251739501953,178.0,0.8217005729675293,0.0,15.04745864868164,35.27482604980469
33688,0,calendar_2014_test,188.1384735107422,200.0,0.7450474500656128,0.0,21.51654624938965,11.861526489257812
33689,0,calendar_2014_test,207.3153533935547,213.0,0.7396526336669922,0.0,21.97183609008789,5.6846466064453125
33690,0,calendar_2014_test,206.52328491210938,148.0,0.6741365790367126,0.0,27.501020431518555,58.523284912109375
33691,0,calendar_2014_test,131.02835083007812,194.0,0.8315181732177734,0.0,14.218911170959473,62.971649169921875
33692,0,calendar_2014_test,193.63816833496094,172.0,0.6584926843643188,0.0,28.821277618408203,21.638168334960938
33693,0,calendar_2014_test,166.00674438476562,151.0,0.7733073234558105,0.0,19.131576538085938,15.006744384765625
33694,0,calendar_2014_test,145.92601013183594,156.0,0.8091902136802673,0.0,16.103261947631836,10.073989868164062
33695,0,calendar_2014_test,160.31002807617188,168.0,0.7656698226928711,0.0,19.776134490966797,7.689971923828125
33696,0,calendar_2014_test,174.06886291503906,172.0,0.7705273628234863,0.0,19.366186141967773,2.0688629150390625
33697,0,calendar_2014_test,172.47071838378906,174.0,0.7396883964538574,0.0,21.96881675720215,1.5292816162109375
33698,0,calendar_2014_test,173.9292755126953,169.0,0.7436697483062744,0.0,21.632814407348633,4.9292755126953125
33699,0,calendar_2014_test,171.99766540527344,158.0,0.7920829653739929,0.0,17.547016143798828,13.997665405273438
33700,0,calendar_2014_test,157.1650390625,152.0,0.7891907691955566,0.0,17.791101455688477,5.1650390625
33701,0,calendar_2014_test,156.24449157714844,149.0,0.7866421937942505,0.0,18.00618553161621,7.2444915771484375
33702,0,calendar_2014_test,148.27915954589844,148.0,0.7944220304489136,0.0,17.349611282348633,0.2791595458984375
33703,0,calendar_2014_test,152.47000122070312,125.0,0.8181259632110596,0.0,15.349137306213379,27.470001220703125
33704,0,calendar_2014_test,125.70455932617188,112.0,0.8499467372894287,0.0,12.663644790649414,13.704559326171875
33705,0,calendar_2014_test,113.08812713623047,105.0,0.8752153515815735,0.0,10.53111457824707,8.088127136230469
33706,0,calendar_2014_test,104.22847747802734,114.0,0.8883910775184631,0.0,9.419158935546875,9.771522521972656
33707,0,calendar_2014_test,114.23768615722656,96.0,0.8963737487792969,0.0,8.745466232299805,18.237686157226562
33708,0,calendar_2014_test,99.61475372314453,80.0,0.8715155720710754,0.0,10.843356132507324,19.61475372314453
33709,0,calendar_2014_test,80.11123657226562,71.0,0.9031804203987122,0.0,8.171022415161133,9.111236572265625
33710,0,calendar_2014_test,67.61457061767578,67.0,0.9275693297386169,0.0,6.112735748291016,0.6145706176757812
33711,0,calendar_2014_test,67.06430053710938,74.0,0.9075349569320679,0.0,7.803522109985352,6.935699462890625
33712,0,calendar_2014_test,76.80144500732422,70.0,0.9262732267379761,0.0,6.222117900848389,6.801445007324219
33713,0,calendar_2014_test,72.9780044555664,77.0,0.9185522794723511,0.0,6.873725414276123,4.021995544433594
33714,0,calendar_2014_test,84.98176574707031,77.0,0.8983397483825684,0.0,8.579546928405762,7.9817657470703125
33715,0,calendar_2014_test,80.11731719970703,91.0,0.8870169520378113,0.0,9.535125732421875,10.882682800292969
33716,0,calendar_2014_test,96.8777847290039,107.0,0.8755239844322205,0.0,10.505067825317383,10.122215270996094
33717,0,calendar_2014_test,106.85548400878906,157.0,0.8548101782798767,0.0,12.253194808959961,50.14451599121094
33718,0,calendar_2014_test,158.3780059814453,184.0,0.8165450096130371,0.0,15.482559204101562,25.621994018554688
33719,0,calendar_2014_test,184.9624786376953,182.0,0.7897835373878479,0.0,17.741073608398438,2.9624786376953125
33720,0,calendar_2014_test,171.6184844970703,207.0,0.767622172832489,0.0,19.611366271972656,35.38151550292969
33721,0,calendar_2014_test,202.0322723388672,233.0,0.7060121297836304,0.0,24.8109073638916,30.967727661132812
33722,0,calendar_2014_test,236.1861114501953,212.0,0.691131055355072,0.0,26.066783905029297,24.186111450195312
33723,0,calendar_2014_test,200.890869140625,209.0,0.69002366065979,0.0,26.160240173339844,8.109130859375
33724,0,calendar_2014_test,195.63905334472656,237.0,0.7345596551895142,0.0,22.401653289794922,41.36094665527344
33725,0,calendar_2014_test,239.2880096435547,252.0,0.690079927444458,0.0,26.15549087524414,12.711990356445312
33726,0,calendar_2014_test,240.7714080810547,233.0,0.6768079400062561,0.0,27.27557373046875,7.7714080810546875
33727,0,calendar_2014_test,213.84068298339844,240.0,0.6421509385108948,0.0,30.20042610168457,26.159317016601562
33728,0,calendar_2014_test,224.45257568359375,218.0,0.6938186883926392,0.0,25.8399658203125,6.45257568359375
33729,0,calendar_2014_test,198.97885131835938,217.0,0.7356549501419067,0.0,22.309219360351562,18.021148681640625
33730,0,calendar_2014_test,209.8085174560547,196.0,0.7608006000518799,0.0,20.18707275390625,13.808517456054688
33731,0,calendar_2014_test,189.8124542236328,180.0,0.7530137896537781,0.0,20.844234466552734,9.812454223632812
33732,0,calendar_2014_test,169.20289611816406,157.0,0.7532660365104675,0.0,20.82294273376465,12.202896118164062
33733,0,calendar_2014_test,150.28468322753906,153.0,0.8182007074356079,0.0,15.342829704284668,2.7153167724609375
33734,0,calendar_2014_test,159.209228515625,153.0,0.8067355751991272,0.0,16.310420989990234,6.209228515625
33735,0,calendar_2014_test,150.01785278320312,150.0,0.783175528049469,0.0,18.29875373840332,0.017852783203125
33736,0,calendar_2014_test,152.5634002685547,158.0,0.8366959691047668,0.0,13.781932830810547,5.4365997314453125
33737,0,calendar_2014_test,163.5763702392578,168.0,0.7865740060806274,0.0,18.011943817138672,4.4236297607421875
33738,0,calendar_2014_test,167.24864196777344,167.0,0.7969583868980408,0.0,17.13555908203125,0.2486419677734375
33739,0,calendar_2014_test,163.88153076171875,184.0,0.7981038689613342,0.0,17.03888702392578,20.11846923828125
33740,0,calendar_2014_test,190.97482299804688,194.0,0.8409324288368225,0.0,13.424397468566895,3.025177001953125
33741,0,calendar_2014_test,191.654052734375,181.0,0.7402757406234741,0.0,21.91925048828125,10.654052734375
33742,0,calendar_2014_test,184.6140899658203,153.0,0.7492266893386841,0.0,21.16383934020996,31.614089965820312
33743,0,calendar_2014_test,148.1502227783203,139.0,0.8151979446411133,0.0,15.596245765686035,9.150222778320312
33744,0,calendar_2014_test,139.69482421875,133.0,0.8350963592529297,0.0,13.9169282913208,6.69482421875
33745,0,calendar_2014_test,130.3820037841797,130.0,0.8319578170776367,0.0,14.181804656982422,0.3820037841796875
33746,0,calendar_2014_test,135.18466186523438,116.0,0.857930064201355,0.0,11.989892959594727,19.184661865234375
33747,0,calendar_2014_test,116.1531753540039,114.0,0.8472968339920044,0.0,12.88728141784668,2.1531753540039062
33748,0,calendar_2014_test,120.19441223144531,99.0,0.8810456991195679,0.0,10.039067268371582,21.194412231445312
33749,0,calendar_2014_test,106.78829956054688,94.0,0.8636173009872437,0.0,11.509926795959473,12.788299560546875
33750,0,calendar_2014_test,99.84883880615234,84.0,0.890121579170227,0.0,9.273117065429688,15.848838806152344
33751,0,calendar_2014_test,85.08418273925781,80.0,0.8978314995765686,0.0,8.622440338134766,5.0841827392578125
33752,0,calendar_2014_test,84.694580078125,80.0,0.8748575448989868,0.0,10.561309814453125,4.694580078125
33753,0,calendar_2014_test,85.85785675048828,88.0,0.9084501266479492,0.0,7.726286888122559,2.1421432495117188
33754,0,calendar_2014_test,90.41187286376953,103.0,0.8982307314872742,0.0,8.588749885559082,12.588127136230469
33755,0,calendar_2014_test,108.44329071044922,132.0,0.857278048992157,0.0,12.044921875,23.55670928955078
33756,0,calendar_2014_test,139.03179931640625,151.0,0.833930492401123,0.0,14.01531982421875,11.96820068359375
33757,0,calendar_2014_test,153.75364685058594,165.0,0.8313173651695251,0.0,14.235854148864746,11.246353149414062
33758,0,calendar_2014_test,159.34246826171875,182.0,0.79067063331604,0.0,17.66620635986328,22.65753173828125
33759,0,calendar_2014_test,183.9485321044922,191.0,0.7440780401229858,0.0,21.598360061645508,7.0514678955078125
33760,0,calendar_2014_test,186.05345153808594,193.0,0.7755738496780396,0.0,18.94029426574707,6.9465484619140625
33761,0,calendar_2014_test,194.2208709716797,192.0,0.743354320526123,0.0,21.659439086914062,2.2208709716796875
33762,0,calendar_2014_test,192.50547790527344,189.0,0.7216607332229614,0.0,23.490251541137695,3.5054779052734375
33763,0,calendar_2014_test,191.8889923095703,188.0,0.7881680727005005,0.0,17.877408981323242,3.8889923095703125
33764,0,calendar_2014_test,181.3948516845703,223.0,0.772913932800293,0.0,19.164775848388672,41.60514831542969
33765,0,calendar_2014_test,221.3027801513672,239.0,0.682853102684021,0.0,26.76539421081543,17.697219848632812
33766,0,calendar_2014_test,228.52410888671875,235.0,0.7211583852767944,0.0,23.53264617919922,6.47589111328125
33767,0,calendar_2014_test,217.97171020507812,196.0,0.6531085968017578,0.0,29.275663375854492,21.971710205078125
33768,0,calendar_2014_test,190.80966186523438,180.0,0.7644258141517639,0.0,19.88112449645996,10.809661865234375
33769,0,calendar_2014_test,175.80873107910156,192.0,0.758794367313385,0.0,20.35638427734375,16.191268920898438
33770,0,calendar_2014_test,196.36167907714844,187.0,0.8013745546340942,0.0,16.762861251831055,9.361679077148438
33771,0,calendar_2014_test,181.50466918945312,164.0,0.7484791874885559,0.0,21.226926803588867,17.504669189453125
33772,0,calendar_2014_test,161.68023681640625,156.0,0.8251621127128601,0.0,14.755325317382812,5.68023681640625
33773,0,calendar_2014_test,146.42608642578125,163.0,0.8521888852119446,0.0,12.474417686462402,16.57391357421875
33774,0,calendar_2014_test,169.8961639404297,144.0,0.7970505356788635,0.0,17.127782821655273,25.896163940429688
33775,0,calendar_2014_test,135.4436492919922,137.0,0.8376376032829285,0.0,13.702463150024414,1.5563507080078125
33776,0,calendar_2014_test,133.59933471679688,131.0,0.8472039699554443,0.0,12.895113945007324,2.599334716796875
33777,0,calendar_2014_test,124.65794372558594,115.0,0.8465713858604431,0.0,12.948503494262695,9.657943725585938
33778,0,calendar_2014_test,102.60613250732422,68.0,0.8995264768600464,0.0,8.479392051696777,34.60613250732422
33779,0,calendar_2014_test,44.11918640136719,26.0,0.9422311782836914,0.0,4.875357627868652,18.119186401367188
33780,0,calendar_2014_test,26.15707778930664,16.0,0.9661738872528076,0.0,2.854731321334839,10.15707778930664
33781,0,calendar_2014_test,17.391624450683594,15.0,0.9731504917144775,0.0,2.265944242477417,2.3916244506835938
33782,0,calendar_2014_test,14.835564613342285,10.0,0.9805688261985779,0.0,1.63988196849823,4.835564613342285
33783,0,calendar_2014_test,13.103142738342285,13.0,0.9775956273078918,0.0,1.890799641609192,0.10314273834228516
33784,0,calendar_2014_test,15.420628547668457,11.0,0.9761701226234436,0.0,2.0111076831817627,4.420628547668457
33785,0,calendar_2014_test,19.54556655883789,8.0,0.9720406532287598,0.0,2.359611988067627,11.54556655883789
33786,0,calendar_2014_test,15.342720985412598,10.0,0.9736098647117615,0.0,2.227177143096924,5.342720985412598
33787,0,calendar_2014_test,18.005964279174805,16.0,0.9683388471603394,0.0,2.6720199584960938,2.0059642791748047
33788,0,calendar_2014_test,20.679718017578125,49.0,0.9717056751251221,0.0,2.3878824710845947,28.320281982421875
33789,0,calendar_2014_test,57.88494873046875,45.0,0.9166577458381653,0.0,7.033612251281738,12.88494873046875
33790,0,calendar_2014_test,48.851924896240234,42.0,0.9403886198997498,0.0,5.0308637619018555,6.851924896240234
33791,0,calendar_2014_test,43.562644958496094,55.0,0.9559381604194641,0.0,3.7185699939727783,11.437355041503906
33792,0,calendar_2014_test,54.62297058105469,53.0,0.931536078453064,0.0,5.777963638305664,1.6229705810546875
33793,0,calendar_2014_test,45.89076614379883,85.0,0.9491675496101379,0.0,4.289969444274902,39.10923385620117
33794,0,calendar_2014_test,76.60824584960938,37.0,0.9310213327407837,0.0,5.821408748626709,39.608245849609375
33795,0,calendar_2014_test,30.011640548706055,19.0,0.9633980989456177,0.0,3.0889899730682373,11.011640548706055
33796,0,calendar_2014_test,17.450443267822266,21.0,0.9772197008132935,0.0,1.9225261211395264,3.5495567321777344
33797,0,calendar_2014_test,18.075420379638672,16.0,0.9769108295440674,0.0,1.948593258857727,2.075420379638672
33798,0,calendar_2014_test,15.407543182373047,17.0,0.977594256401062,0.0,1.8909180164337158,1.5924568176269531
33799,0,calendar_2014_test,15.321772575378418,17.0,0.9779307246208191,0.0,1.862520456314087,1.678227424621582
33800,0,calendar_2014_test,16.2811336517334,16.0,0.9755942821502686,0.0,2.059704065322876,0.28113365173339844
33801,0,calendar_2014_test,15.211159706115723,11.0,0.9742445945739746,0.0,2.1736111640930176,4.211159706115723
33802,0,calendar_2014_test,11.206572532653809,11.0,0.9741160869598389,0.0,2.184455156326294,0.2065725326538086
33803,0,calendar_2014_test,12.010549545288086,14.0,0.9801363348960876,0.0,1.676382064819336,1.989450454711914
33804,0,calendar_2014_test,13.438363075256348,9.0,0.9746824502944946,0.0,2.1366586685180664,4.438363075256348
33805,0,calendar_2014_test,9.562352180480957,8.0,0.977970540523529,0.0,1.8591606616973877,1.562352180480957
33806,0,calendar_2014_test,11.047809600830078,10.0,0.9707648158073425,0.0,2.4672837257385254,1.0478096008300781
33807,0,calendar_2014_test,15.547608375549316,14.0,0.9728966951370239,0.0,2.2873637676239014,1.5476083755493164
33808,0,calendar_2014_test,17.21503257751465,14.0,0.9726940393447876,0.0,2.304466724395752,3.2150325775146484
33809,0,calendar_2014_test,17.184415817260742,22.0,0.96722811460495,0.0,2.765761375427246,4.815584182739258
33810,0,calendar_2014_test,24.529033660888672,32.0,0.9700672030448914,0.0,2.526155710220337,7.470966339111328
33811,0,calendar_2014_test,36.69099044799805,36.0,0.9540439248085022,0.0,3.878431558609009,0.6909904479980469
33812,0,calendar_2014_test,37.23267364501953,29.0,0.9576024413108826,0.0,3.578110694885254,8.232673645019531
33813,0,calendar_2014_test,31.80488395690918,31.0,0.9703661203384399,0.0,2.500929832458496,0.8048839569091797
33814,0,calendar_2014_test,31.130338668823242,35.0,0.9675996899604797,0.0,2.7344040870666504,3.869661331176758
33815,0,calendar_2014_test,33.35697937011719,34.0,0.9679957628250122,0.0,2.700976848602295,0.6430206298828125
33816,0,calendar_2014_test,33.826385498046875,28.0,0.9509482383728027,0.0,4.139688491821289,5.826385498046875
33817,0,calendar_2014_test,29.15565299987793,52.0,0.9620556235313416,0.0,3.202291488647461,22.84434700012207
33818,0,calendar_2014_test,51.4354133605957,70.0,0.9480981230735779,0.0,4.380224704742432,18.564586639404297
33819,0,calendar_2014_test,65.79033660888672,52.0,0.9097809791564941,0.0,7.613975524902344,13.790336608886719
33820,0,calendar_2014_test,47.788063049316406,39.0,0.951976478099823,0.0,4.052913665771484,8.788063049316406
33821,0,calendar_2014_test,37.32010269165039,31.0,0.9468584656715393,0.0,4.484843730926514,6.320102691650391
33822,0,calendar_2014_test,28.36981201171875,25.0,0.9718236923217773,0.0,2.3779189586639404,3.36981201171875
33823,0,calendar_2014_test,22.865123748779297,25.0,0.970309853553772,0.0,2.50567889213562,2.134876251220703
33824,0,calendar_2014_test,22.99104881286621,28.0,0.9690999388694763,0.0,2.6077916622161865,5.008951187133789
33825,0,calendar_2014_test,23.78203010559082,28.0,0.9780024290084839,0.0,1.856467604637146,4.21796989440918
33826,0,calendar_2014_test,23.269153594970703,25.0,0.9697302579879761,0.0,2.5545926094055176,1.7308464050292969
33827,0,calendar_2014_test,23.475616455078125,15.0,0.9716082811355591,0.0,2.396101236343384,8.475616455078125
33828,0,calendar_2014_test,15.647294998168945,17.0,0.9719263315200806,0.0,2.3692591190338135,1.3527050018310547
33829,0,calendar_2014_test,17.711946487426758,18.0,0.973332405090332,0.0,2.2505910396575928,0.2880535125732422
33830,0,calendar_2014_test,18.768230438232422,35.0,0.9776051044464111,0.0,1.890000820159912,16.231769561767578
33831,0,calendar_2014_test,33.40373229980469,17.0,0.962776243686676,0.0,3.141472816467285,16.403732299804688
33832,0,calendar_2014_test,20.123172760009766,17.0,0.963200569152832,0.0,3.105663537979126,3.1231727600097656
33833,0,calendar_2014_test,21.445077896118164,18.0,0.9672921895980835,0.0,2.7603514194488525,3.445077896118164
33834,0,calendar_2014_test,22.72052001953125,24.0,0.9714008569717407,0.0,2.413604497909546,1.27947998046875
33835,0,calendar_2014_test,28.427997589111328,28.0,0.9658970236778259,0.0,2.878098964691162,0.4279975891113281
33836,0,calendar_2014_test,33.5432014465332,31.0,0.9619213342666626,0.0,3.213625431060791,2.543201446533203
33837,0,calendar_2014_test,34.8120231628418,40.0,0.961931049823761,0.0,3.2128026485443115,5.187976837158203
33838,0,calendar_2014_test,44.08428192138672,42.0,0.9531207084655762,0.0,3.956347942352295,2.0842819213867188
33839,0,calendar_2014_test,43.711647033691406,48.0,0.9552819132804871,0.0,3.773951768875122,4.288352966308594
33840,0,calendar_2014_test,49.60281753540039,52.0,0.9373160004615784,0.0,5.290173053741455,2.3971824645996094
33841,0,calendar_2014_test,51.46662521362305,53.0,0.9222861528396606,0.0,6.558606147766113,1.5333747863769531
33842,0,calendar_2014_test,50.531803131103516,58.0,0.9419339895248413,0.0,4.900439739227295,7.468196868896484
33843,0,calendar_2014_test,57.00861358642578,58.0,0.9533308744430542,0.0,3.938610315322876,0.9913864135742188
33844,0,calendar_2014_test,53.38132858276367,64.0,0.9566324949264526,0.0,3.65997052192688,10.618671417236328
33845,0,calendar_2014_test,56.40180206298828,61.0,0.9368053674697876,0.0,5.333266258239746,4.598197937011719
33846,0,calendar_2014_test,50.4874267578125,41.0,0.9473422169685364,0.0,4.444019317626953,9.4874267578125
33847,0,calendar_2014_test,32.87699508666992,35.0,0.966111958026886,0.0,2.859956741333008,2.123004913330078
33848,0,calendar_2014_test,27.730562210083008,18.0,0.9706747531890869,0.0,2.4748849868774414,9.730562210083008
33849,0,calendar_2014_test,15.868867874145508,11.0,0.973978579044342,0.0,2.1960623264312744,4.868867874145508
33850,0,calendar_2014_test,10.538958549499512,13.0,0.9808847904205322,0.0,1.6132175922393799,2.4610414505004883
33851,0,calendar_2014_test,11.35227108001709,12.0,0.9778183102607727,0.0,1.8720067739486694,0.6477289199829102
33852,0,calendar_2014_test,15.258797645568848,9.0,0.9712516665458679,0.0,2.4261937141418457,6.258797645568848
33853,0,calendar_2014_test,9.53648853302002,9.0,0.9794090390205383,0.0,1.7377610206604004,0.5364885330200195
33854,0,calendar_2014_test,10.463273048400879,16.0,0.9832738637924194,0.0,1.411592721939087,5.536726951599121
33855,0,calendar_2014_test,12.774834632873535,13.0,0.9790281057357788,0.0,1.7699085474014282,0.22516536712646484
33856,0,calendar_2014_test,14.009798049926758,16.0,0.9780576825141907,0.0,1.851805329322815,1.9902019500732422
33857,0,calendar_2014_test,19.76653289794922,9.0,0.9733801484107971,0.0,2.2465641498565674,10.766532897949219
33858,0,calendar_2014_test,15.68047046661377,18.0,0.9721671938896179,0.0,2.3489320278167725,2.3195295333862305
33859,0,calendar_2014_test,23.32572364807129,28.0,0.9683323502540588,0.0,2.6725709438323975,4.674276351928711
33860,0,calendar_2014_test,32.03717041015625,32.0,0.9620030522346497,0.0,3.2067272663116455,0.03717041015625
33861,0,calendar_2014_test,33.71305465698242,33.0,0.960218071937561,0.0,3.3573708534240723,0.7130546569824219
33862,0,calendar_2014_test,35.08642578125,35.0,0.9608039259910583,0.0,3.307927370071411,0.08642578125
33863,0,calendar_2014_test,29.799457550048828,46.0,0.9509851336479187,0.0,4.136575698852539,16.200542449951172
33864,0,calendar_2014_test,44.30651092529297,19.0,0.9457054138183594,0.0,4.582156181335449,25.30651092529297
33865,0,calendar_2014_test,18.846567153930664,21.0,0.960646390914917,0.0,3.321218967437744,2.153432846069336
33866,0,calendar_2014_test,16.909786224365234,9.0,0.9737708568572998,0.0,2.213592767715454,7.909786224365234
33867,0,calendar_2014_test,10.532001495361328,12.0,0.9711368083953857,0.0,2.4358882904052734,1.4679985046386719
33868,0,calendar_2014_test,10.89847183227539,9.0,0.9753621816635132,0.0,2.079291582107544,1.8984718322753906
33869,0,calendar_2014_test,10.016677856445312,10.0,0.9790406227111816,0.0,1.7688512802124023,0.0166778564453125
33870,0,calendar_2014_test,10.910566329956055,12.0,0.9740790724754333,0.0,2.1875784397125244,1.0894336700439453
33871,0,calendar_2014_test,11.115405082702637,10.0,0.9813451170921326,0.0,1.5743660926818848,1.1154050827026367
33872,0,calendar_2014_test,10.655854225158691,10.0,0.9736250638961792,0.0,2.225893974304199,0.6558542251586914
33873,0,calendar_2014_test,10.535537719726562,9.0,0.9792882800102234,0.0,1.7479521036148071,1.5355377197265625
33874,0,calendar_2014_test,9.63459587097168,7.0,0.9783231019973755,0.0,1.829408884048462,2.6345958709716797
33875,0,calendar_2014_test,8.733930587768555,6.0,0.9792749881744385,0.0,1.7490729093551636,2.7339305877685547
33876,0,calendar_2014_test,24.353687286376953,21.0,0.9653297066688538,0.0,2.925976514816284,3.353687286376953
33877,0,calendar_2014_test,25.506969451904297,20.0,0.9651349782943726,0.0,2.942410945892334,5.506969451904297
33878,0,calendar_2014_test,21.4825382232666,26.0,0.9641970992088318,0.0,3.021559715270996,4.517461776733398
33879,0,calendar_2014_test,30.344228744506836,35.0,0.9503766894340515,0.0,4.187925338745117,4.655771255493164
33880,0,calendar_2014_test,39.59076690673828,58.0,0.9533587694168091,0.0,3.936253309249878,18.40923309326172
33881,0,calendar_2014_test,64.24545288085938,45.0,0.920159101486206,0.0,6.738118648529053,19.245452880859375
33882,0,calendar_2014_test,42.9144401550293,50.0,0.963341236114502,0.0,3.093791961669922,7.085559844970703
33883,0,calendar_2014_test,54.39901351928711,58.0,0.9449183940887451,0.0,4.648573398590088,3.6009864807128906
33884,0,calendar_2014_test,55.49659729003906,44.0,0.9432840347290039,0.0,4.786506175994873,11.496597290039062
33885,0,calendar_2014_test,40.02125930786133,46.0,0.9465861320495605,0.0,4.507826328277588,5.978740692138672
33886,0,calendar_2014_test,42.28446960449219,31.0,0.9487619400024414,0.0,4.3242034912109375,11.284469604492188
33887,0,calendar_2014_test,29.33353614807129,23.0,0.9658892154693604,0.0,2.8787546157836914,6.333536148071289
33888,0,calendar_2014_test,21.27043342590332,21.0,0.9717557430267334,0.0,2.3836545944213867,0.2704334259033203
33889,0,calendar_2014_test,20.463605880737305,24.0,0.9765565395355225,0.0,1.9784972667694092,3.5363941192626953
33890,0,calendar_2014_test,21.3107852935791,19.0,0.966338574886322,0.0,2.8408329486846924,2.3107852935791016
33891,0,calendar_2014_test,16.614591598510742,22.0,0.9704297184944153,0.0,2.4955623149871826,5.385408401489258
33892,0,calendar_2014_test,18.033479690551758,18.0,0.9707504510879517,0.0,2.468496561050415,0.03347969055175781
33893,0,calendar_2014_test,16.485368728637695,19.0,0.9732211828231812,0.0,2.259982109069824,2.5146312713623047
33894,0,calendar_2014_test,16.414384841918945,21.0,0.9755104184150696,0.0,2.066781520843506,4.585615158081055
33895,0,calendar_2014_test,21.728837966918945,22.0,0.9709699153900146,0.0,2.44997501373291,0.2711620330810547
33896,0,calendar_2014_test,21.90127182006836,29.0,0.9734141826629639,0.0,2.24369215965271,7.098728179931641
33897,0,calendar_2014_test,27.570329666137695,36.0,0.964608371257782,0.0,2.9868528842926025,8.429670333862305
33898,0,calendar_2014_test,35.44567108154297,39.0,0.9608145356178284,0.0,3.3070318698883057,3.5543289184570312
33899,0,calendar_2014_test,36.77558898925781,36.0,0.9631784558296204,0.0,3.1075279712677,0.7755889892578125
33900,0,calendar_2014_test,36.47543716430664,42.0,0.9631927609443665,0.0,3.1063239574432373,5.524562835693359
33901,0,calendar_2014_test,46.5076904296875,38.0,0.9544257521629333,0.0,3.8462061882019043,8.5076904296875
33902,0,calendar_2014_test,41.06108474731445,36.0,0.9515873789787292,0.0,4.085748195648193,5.061084747314453
33903,0,calendar_2014_test,32.75357437133789,30.0,0.9611804485321045,0.0,3.276150703430176,2.7535743713378906
33904,0,calendar_2014_test,26.088287353515625,15.0,0.9619874954223633,0.0,3.2080390453338623,11.088287353515625
33905,0,calendar_2014_test,16.539888381958008,19.0,0.9710120558738708,0.0,2.446418285369873,2.460111618041992
33906,0,calendar_2014_test,24.143802642822266,30.0,0.9644222855567932,0.0,3.0025579929351807,5.856197357177734
33907,0,calendar_2014_test,32.38774871826172,60.0,0.9721014499664307,0.0,2.354480504989624,27.61225128173828
33908,0,calendar_2014_test,55.38677215576172,40.0,0.9392488598823547,0.0,5.12705135345459,15.386772155761719
33909,0,calendar_2014_test,38.4711799621582,29.0,0.9599705338478088,0.0,3.378260374069214,9.471179962158203
33910,0,calendar_2014_test,32.70294189453125,35.0,0.9754391312599182,0.0,2.0727970600128174,2.29705810546875
33911,0,calendar_2014_test,38.045719146728516,40.0,0.9559343457221985,0.0,3.7188920974731445,1.9542808532714844
33912,0,calendar_2014_test,39.682132720947266,42.0,0.949547529220581,0.0,4.257904052734375,2.3178672790527344
33913,0,calendar_2014_test,39.67972183227539,37.0,0.9517867565155029,0.0,4.068924903869629,2.6797218322753906
33914,0,calendar_2014_test,35.63196563720703,44.0,0.9626204371452332,0.0,3.1546242237091064,8.368034362792969
33915,0,calendar_2014_test,40.38985824584961,49.0,0.9478229880332947,0.0,4.403445243835449,8.61014175415039
33916,0,calendar_2014_test,52.71577835083008,50.0,0.9541966915130615,0.0,3.865539789199829,2.715778350830078
33917,0,calendar_2014_test,49.77484893798828,52.0,0.945472776889801,0.0,4.601787567138672,2.2251510620117188
33918,0,calendar_2014_test,49.80809783935547,50.0,0.9497623443603516,0.0,4.23977518081665,0.19190216064453125
33919,0,calendar_2014_test,50.62862777709961,52.0,0.9360859990119934,0.0,5.393980026245117,1.3713722229003906
33920,0,calendar_2014_test,51.91098403930664,50.0,0.9308944940567017,0.0,5.832110404968262,1.9109840393066406
33921,0,calendar_2014_test,47.01179504394531,55.0,0.9387348294258118,0.0,5.170431613922119,7.9882049560546875
33922,0,calendar_2014_test,52.66270065307617,57.0,0.9391475915908813,0.0,5.135599613189697,4.337299346923828
33923,0,calendar_2014_test,55.73759460449219,45.0,0.9264687299728394,0.0,6.205622673034668,10.737594604492188
33924,0,calendar_2014_test,44.37582778930664,51.0,0.9454172849655151,0.0,4.606468677520752,6.624172210693359
33925,0,calendar_2014_test,52.57135772705078,49.0,0.9451620578765869,0.0,4.6280083656311035,3.5713577270507812
33926,0,calendar_2014_test,51.020633697509766,54.0,0.9545772075653076,0.0,3.8334269523620605,2.9793663024902344
33927,0,calendar_2014_test,56.01779556274414,62.0,0.9287493228912354,0.0,6.013153076171875,5.982204437255859
33928,0,calendar_2014_test,60.23048400878906,73.0,0.9350420832633972,0.0,5.4820780754089355,12.769515991210938
33929,0,calendar_2014_test,74.24634552001953,81.0,0.9113048911094666,0.0,7.485361576080322,6.753654479980469
33930,0,calendar_2014_test,84.2736587524414,93.0,0.9066801071166992,0.0,7.875669002532959,8.726341247558594
33931,0,calendar_2014_test,95.77780151367188,108.0,0.8898831605911255,0.0,9.29323673248291,12.222198486328125
33932,0,calendar_2014_test,108.93421173095703,112.0,0.8696659803390503,0.0,10.99945068359375,3.0657882690429688
33933,0,calendar_2014_test,118.36223602294922,113.0,0.8690928816795349,0.0,11.047816276550293,5.362236022949219
33934,0,calendar_2014_test,115.06145477294922,85.0,0.8441524505615234,0.0,13.152645111083984,30.06145477294922
33935,0,calendar_2014_test,85.44684600830078,90.0,0.8948851823806763,0.0,8.871092796325684,4.553153991699219
33936,0,calendar_2014_test,92.66773986816406,85.0,0.8988258838653564,0.0,8.538522720336914,7.6677398681640625
33937,0,calendar_2014_test,87.45002746582031,121.0,0.9080753922462463,0.0,7.757913112640381,33.54997253417969
33938,0,calendar_2014_test,124.74064636230469,130.0,0.8352817296981812,0.0,13.901283264160156,5.2593536376953125
33939,0,calendar_2014_test,133.08316040039062,133.0,0.8364852666854858,0.0,13.799715995788574,0.083160400390625
33940,0,calendar_2014_test,128.4128875732422,148.0,0.8153210878372192,0.0,15.585850715637207,19.587112426757812
33941,0,calendar_2014_test,149.22532653808594,160.0,0.777202844619751,0.0,18.802812576293945,10.774673461914062
33942,0,calendar_2014_test,149.391845703125,159.0,0.7886455059051514,0.0,17.837116241455078,9.608154296875
33943,0,calendar_2014_test,144.32298278808594,172.0,0.7712267637252808,0.0,19.307159423828125,27.677017211914062
33944,0,calendar_2014_test,159.9134979248047,142.0,0.8179778456687927,0.0,15.361634254455566,17.913497924804688
33945,0,calendar_2014_test,133.2953338623047,146.0,0.8344577550888062,0.0,13.970826148986816,12.704666137695312
33946,0,calendar_2014_test,145.94395446777344,134.0,0.802569568157196,0.0,16.662006378173828,11.943954467773438
33947,0,calendar_2014_test,129.55528259277344,111.0,0.8495534658432007,0.0,12.696834564208984,18.555282592773438
33948,0,calendar_2014_test,107.45313262939453,90.0,0.8589606285095215,0.0,11.902920722961426,17.45313262939453
33949,0,calendar_2014_test,85.27912902832031,60.0,0.923589289188385,0.0,6.448630332946777,25.279129028320312
33950,0,calendar_2014_test,57.89979553222656,60.0,0.9392992258071899,0.0,5.122797966003418,2.1002044677734375
33951,0,calendar_2014_test,62.59529113769531,70.0,0.9344186782836914,0.0,5.534688949584961,7.4047088623046875
33952,0,calendar_2014_test,77.6967544555664,80.0,0.9043545722961426,0.0,8.071932792663574,2.3032455444335938
33953,0,calendar_2014_test,83.95117950439453,74.0,0.902630090713501,0.0,8.217464447021484,9.951179504394531
33954,0,calendar_2014_test,76.67005157470703,64.0,0.9172312021255493,0.0,6.985215663909912,12.670051574707031
33955,0,calendar_2014_test,64.900146484375,82.0,0.9334941506385803,0.0,5.612717151641846,17.099853515625
33956,0,calendar_2014_test,88.6075668334961,111.0,0.9026005864143372,0.0,8.219955444335938,22.392433166503906
33957,0,calendar_2014_test,117.28475189208984,112.0,0.8815894722938538,0.0,9.993176460266113,5.284751892089844
33958,0,calendar_2014_test,114.61061096191406,128.0,0.8773102164268494,0.0,10.354318618774414,13.389389038085938
33959,0,calendar_2014_test,127.5192642211914,126.0,0.8559640049934387,0.0,12.1558198928833,1.5192642211914062
33960,0,calendar_2014_test,128.3770294189453,147.0,0.873629629611969,0.0,10.664939880371094,18.622970581054688
33961,0,calendar_2014_test,142.48519897460938,135.0,0.8497049808502197,0.0,12.684043884277344,7.485198974609375
33962,0,calendar_2014_test,132.5399627685547,142.0,0.8330224752426147,0.0,14.091951370239258,9.460037231445312
33963,0,calendar_2014_test,138.61203002929688,144.0,0.8547433018684387,0.0,12.258841514587402,5.387969970703125
33964,0,calendar_2014_test,150.95046997070312,142.0,0.8206154704093933,0.0,15.13903522491455,8.950469970703125
33965,0,calendar_2014_test,138.4053192138672,139.0,0.8437889814376831,0.0,13.183321952819824,0.5946807861328125
33966,0,calendar_2014_test,137.39700317382812,129.0,0.809269368648529,0.0,16.096582412719727,8.397003173828125
33967,0,calendar_2014_test,125.21823120117188,132.0,0.8712008595466614,0.0,10.869915962219238,6.781768798828125
33968,0,calendar_2014_test,135.05731201171875,130.0,0.8717176914215088,0.0,10.826294898986816,5.05731201171875
33969,0,calendar_2014_test,127.07141876220703,162.0,0.8473443388938904,0.0,12.883272171020508,34.92858123779297
33970,0,calendar_2014_test,167.41078186035156,162.0,0.7629365921020508,0.0,20.006803512573242,5.4107818603515625
33971,0,calendar_2014_test,165.27423095703125,163.0,0.7975292205810547,0.0,17.08738136291504,2.27423095703125
33972,0,calendar_2014_test,164.05670166015625,152.0,0.7697856426239014,0.0,19.428783416748047,12.05670166015625
33973,0,calendar_2014_test,153.65135192871094,150.0,0.8045642375946045,0.0,16.493669509887695,3.6513519287109375
33974,0,calendar_2014_test,151.1237335205078,160.0,0.8390615582466125,0.0,13.58228874206543,8.876266479492188
33975,0,calendar_2014_test,161.8916473388672,172.0,0.7966693043708801,0.0,17.159954071044922,10.108352661132812
33976,0,calendar_2014_test,171.262451171875,188.0,0.7497419118881226,0.0,21.120357513427734,16.737548828125
33977,0,calendar_2014_test,191.52197265625,195.0,0.7280497550964355,0.0,22.951051712036133,3.47802734375
33978,0,calendar_2014_test,194.20220947265625,220.0,0.7658377289772034,0.0,19.761964797973633,25.79779052734375
33979,0,calendar_2014_test,231.13990783691406,191.0,0.7813381552696228,0.0,18.45381736755371,40.13990783691406
33980,0,calendar_2014_test,179.5797882080078,154.0,0.8051430583000183,0.0,16.444820404052734,25.579788208007812
33981,0,calendar_2014_test,140.10162353515625,158.0,0.8477312922477722,0.0,12.850613594055176,17.89837646484375
33982,0,calendar_2014_test,158.6471405029297,131.0,0.8035491704940796,0.0,16.579336166381836,27.647140502929688
33983,0,calendar_2014_test,129.97459411621094,128.0,0.8691368103027344,0.0,11.044112205505371,1.9745941162109375
33984,0,calendar_2014_test,134.5554656982422,123.0,0.815758228302002,0.0,15.548959732055664,11.555465698242188
33985,0,calendar_2014_test,131.90516662597656,112.0,0.8514474034309387,0.0,12.536993980407715,19.905166625976562
33986,0,calendar_2014_test,116.92586517333984,122.0,0.8364962339401245,0.0,13.798789024353027,5.074134826660156
33987,0,calendar_2014_test,129.50469970703125,113.0,0.8613107800483704,0.0,11.704580307006836,16.50469970703125
33988,0,calendar_2014_test,117.87049865722656,109.0,0.8815734386444092,0.0,9.994529724121094,8.870498657226562
33989,0,calendar_2014_test,113.08069610595703,120.0,0.8419086337089539,0.0,13.342012405395508,6.919303894042969
33990,0,calendar_2014_test,123.33342742919922,125.0,0.828825831413269,0.0,14.446124076843262,1.6665725708007812
33991,0,calendar_2014_test,127.79679107666016,127.0,0.8777436017990112,0.0,10.31774616241455,0.7967910766601562
33992,0,calendar_2014_test,123.03534698486328,143.0,0.8626171350479126,0.0,11.59433364868164,19.96465301513672
33993,0,calendar_2014_test,138.16358947753906,109.0,0.8441039323806763,0.0,13.156742095947266,29.163589477539062
33994,0,calendar_2014_test,102.07453918457031,96.0,0.8287376165390015,0.0,14.453571319580078,6.0745391845703125
33995,0,calendar_2014_test,90.28170776367188,80.0,0.8764461278915405,0.0,10.42724609375,10.281707763671875
33996,0,calendar_2014_test,78.30510711669922,96.0,0.8981727957725525,0.0,8.593637466430664,17.69489288330078
33997,0,calendar_2014_test,99.62569427490234,106.0,0.8696731925010681,0.0,10.99884033203125,6.374305725097656
33998,0,calendar_2014_test,107.66970825195312,103.0,0.8511269092559814,0.0,12.564042091369629,4.669708251953125
33999,0,calendar_2014_test,109.85031127929688,84.0,0.8637101650238037,0.0,11.502086639404297,25.850311279296875
34000,0,calendar_2014_test,83.63594818115234,80.0,0.8998056650161743,0.0,8.455831527709961,3.6359481811523438
34001,0,calendar_2014_test,81.92868041992188,81.0,0.9197303652763367,0.0,6.774301528930664,0.928680419921875
34002,0,calendar_2014_test,86.01069641113281,87.0,0.9193847179412842,0.0,6.803469657897949,0.9893035888671875
34003,0,calendar_2014_test,87.60575103759766,69.0,0.8683773875236511,0.0,11.108201026916504,18.605751037597656
34004,0,calendar_2014_test,69.78721618652344,73.0,0.9443368911743164,0.0,4.697650909423828,3.2127838134765625
34005,0,calendar_2014_test,74.32039642333984,72.0,0.9046040773391724,0.0,8.050873756408691,2.3203964233398438
34006,0,calendar_2014_test,72.2302474975586,77.0,0.9075648784637451,0.0,7.800999641418457,4.769752502441406
34007,0,calendar_2014_test,81.70075225830078,77.0,0.8976974487304688,0.0,8.633755683898926,4.700752258300781
34008,0,calendar_2014_test,81.16397857666016,75.0,0.9115475416183472,0.0,7.4648847579956055,6.163978576660156
34009,0,calendar_2014_test,81.9426498413086,72.0,0.9021368026733398,0.0,8.259099960327148,9.942649841308594
34010,0,calendar_2014_test,78.02976989746094,68.0,0.9149446487426758,0.0,7.178185939788818,10.029769897460938
34011,0,calendar_2014_test,70.31069946289062,60.0,0.9304722547531128,0.0,5.867744445800781,10.310699462890625
34012,0,calendar_2014_test,64.18879699707031,48.0,0.9273946285247803,0.0,6.1274800300598145,16.188796997070312
34013,0,calendar_2014_test,50.6418342590332,52.0,0.9434242248535156,0.0,4.774674415588379,1.3581657409667969
34014,0,calendar_2014_test,54.44203567504883,66.0,0.9411140084266663,0.0,4.969643592834473,11.557964324951172
34015,0,calendar_2014_test,63.183414459228516,57.0,0.9326688051223755,0.0,5.682368755340576,6.183414459228516
34016,0,calendar_2014_test,54.97634506225586,51.0,0.9460760354995728,0.0,4.55087423324585,3.9763450622558594
34017,0,calendar_2014_test,50.44449996948242,45.0,0.9358385801315308,0.0,5.414857864379883,5.444499969482422
34018,0,calendar_2014_test,42.9866828918457,38.0,0.9517697095870972,0.0,4.070361137390137,4.986682891845703
34019,0,calendar_2014_test,39.115421295166016,45.0,0.9579364657402039,0.0,3.5499215126037598,5.884578704833984
34020,0,calendar_2014_test,44.41727828979492,48.0,0.9532799124717712,0.0,3.9429104328155518,3.582721710205078
34021,0,calendar_2014_test,48.57024383544922,53.0,0.9345511198043823,0.0,5.523514270782471,4.429756164550781
34022,0,calendar_2014_test,56.426429748535156,64.0,0.9349824786186218,0.0,5.48710823059082,7.573570251464844
34023,0,calendar_2014_test,67.12018585205078,72.0,0.920674204826355,0.0,6.694648265838623,4.879814147949219
34024,0,calendar_2014_test,73.30410766601562,81.0,0.9294435977935791,0.0,5.954561233520508,7.695892333984375
34025,0,calendar_2014_test,80.68603515625,66.0,0.8979562520980835,0.0,8.61191177368164,14.68603515625
34026,0,calendar_2014_test,67.01781463623047,41.0,0.9256345629692078,0.0,6.276020526885986,26.01781463623047
34027,0,calendar_2014_test,38.7075309753418,46.0,0.9642871618270874,0.0,3.013960361480713,7.292469024658203
34028,0,calendar_2014_test,51.8074836730957,60.0,0.9246638417243958,0.0,6.357943534851074,8.192516326904297
34029,0,calendar_2014_test,64.97795104980469,57.0,0.9143848419189453,0.0,7.225433826446533,7.9779510498046875
34030,0,calendar_2014_test,60.49807357788086,65.0,0.937213122844696,0.0,5.298854351043701,4.501926422119141
34031,0,calendar_2014_test,66.95404815673828,64.0,0.933275580406189,0.0,5.631163120269775,2.9540481567382812
34032,0,calendar_2014_test,68.08151245117188,62.0,0.924240231513977,0.0,6.393691539764404,6.081512451171875
34033,0,calendar_2014_test,68.98127746582031,55.0,0.9255452156066895,0.0,6.2835612297058105,13.981277465820312
34034,0,calendar_2014_test,58.47574996948242,52.0,0.9337592720985413,0.0,5.590341567993164,6.475749969482422
34035,0,calendar_2014_test,57.369754791259766,55.0,0.9426897168159485,0.0,4.836662292480469,2.3697547912597656
34036,0,calendar_2014_test,61.153255462646484,60.0,0.9295129179954529,0.0,5.9487104415893555,1.1532554626464844
34037,0,calendar_2014_test,63.33297348022461,52.0,0.9444941878318787,0.0,4.684376239776611,11.33297348022461
34038,0,calendar_2014_test,52.60679626464844,55.0,0.9489749670028687,0.0,4.306222438812256,2.3932037353515625
34039,0,calendar_2014_test,57.6112060546875,67.0,0.9424981474876404,0.0,4.852829456329346,9.3887939453125
34040,0,calendar_2014_test,67.09403991699219,85.0,0.9168420433998108,0.0,7.018060207366943,17.905960083007812
34041,0,calendar_2014_test,80.27631378173828,87.0,0.9209814071655273,0.0,6.668717861175537,6.723686218261719
34042,0,calendar_2014_test,79.37738800048828,79.0,0.8810606598854065,0.0,10.037802696228027,0.37738800048828125
34043,0,calendar_2014_test,74.84103393554688,60.0,0.9092457890510559,0.0,7.659140110015869,14.841033935546875
34044,0,calendar_2014_test,57.53351974487305,69.0,0.9321066737174988,0.0,5.729811668395996,11.466480255126953
34045,0,calendar_2014_test,71.3868179321289,59.0,0.9063358306884766,0.0,7.904722213745117,12.386817932128906
34046,0,calendar_2014_test,58.68391418457031,53.0,0.9256616234779358,0.0,6.273736953735352,5.6839141845703125
34047,0,calendar_2014_test,55.0622673034668,55.0,0.9296505451202393,0.0,5.937092304229736,0.062267303466796875
34048,0,calendar_2014_test,56.23090362548828,52.0,0.9350330233573914,0.0,5.482842922210693,4.230903625488281
34049,0,calendar_2014_test,53.9744758605957,48.0,0.9415424466133118,0.0,4.933483600616455,5.974475860595703
34050,0,calendar_2014_test,51.85528564453125,56.0,0.9459012746810913,0.0,4.56562614440918,4.14471435546875
34051,0,calendar_2014_test,58.30228805541992,59.0,0.9329501390457153,0.0,5.658625602722168,0.6977119445800781
34052,0,calendar_2014_test,60.94054412841797,60.0,0.9261393547058105,0.0,6.2334184646606445,0.9405441284179688
34053,0,calendar_2014_test,61.82609558105469,55.0,0.9199286699295044,0.0,6.757566928863525,6.8260955810546875
34054,0,calendar_2014_test,58.4781494140625,59.0,0.9258720874786377,0.0,6.255977153778076,0.5218505859375
34055,0,calendar_2014_test,61.75709915161133,59.0,0.936136782169342,0.0,5.389691352844238,2.757099151611328
34056,0,calendar_2014_test,47.39448928833008,53.0,0.9449729919433594,0.0,4.643965244293213,5.605510711669922
34057,0,calendar_2014_test,49.39573287963867,20.0,0.9489092230796814,0.0,4.311770915985107,29.395732879638672
34058,0,calendar_2014_test,21.036495208740234,20.0,0.9722102880477905,0.0,2.3452954292297363,1.0364952087402344
34059,0,calendar_2014_test,19.081716537475586,20.0,0.9761937856674194,0.0,2.009110689163208,0.9182834625244141
34060,0,calendar_2014_test,18.424043655395508,11.0,0.9679405689239502,0.0,2.7056334018707275,7.424043655395508
34061,0,calendar_2014_test,12.32773494720459,15.0,0.9712701439857483,0.0,2.4246373176574707,2.67226505279541
34062,0,calendar_2014_test,14.803091049194336,12.0,0.9614211916923523,0.0,3.2558324337005615,2.803091049194336
34063,0,calendar_2014_test,12.004595756530762,15.0,0.9730120897293091,0.0,2.27762508392334,2.9954042434692383
34064,0,calendar_2014_test,13.025516510009766,14.0,0.9772443175315857,0.0,1.920451283454895,0.9744834899902344
34065,0,calendar_2014_test,12.210887908935547,15.0,0.9788240790367126,0.0,1.7871265411376953,2.789112091064453
34066,0,calendar_2014_test,14.648418426513672,13.0,0.9729413986206055,0.0,2.283590078353882,1.6484184265136719
34067,0,calendar_2014_test,15.978938102722168,11.0,0.9665898680686951,0.0,2.819624185562134,4.978938102722168
34068,0,calendar_2014_test,12.137713432312012,14.0,0.9775270223617554,0.0,1.8965908288955688,1.8622865676879883
34069,0,calendar_2014_test,18.20576286315918,15.0,0.9685680866241455,0.0,2.652672529220581,3.2057628631591797
34070,0,calendar_2014_test,14.620532989501953,17.0,0.9735069274902344,0.0,2.2358670234680176,2.379467010498047
34071,0,calendar_2014_test,18.464771270751953,14.0,0.9683926105499268,0.0,2.667482376098633,4.464771270751953
34072,0,calendar_2014_test,16.621461868286133,11.0,0.9670289158821106,0.0,2.78257417678833,5.621461868286133
34073,0,calendar_2014_test,12.490777969360352,9.0,0.9793646931648254,0.0,1.7415012121200562,3.4907779693603516
34074,0,calendar_2014_test,12.59149169921875,6.0,0.9756916761398315,0.0,2.051483154296875,6.59149169921875
34075,0,calendar_2014_test,8.503331184387207,6.0,0.9835678339004517,0.0,1.3867807388305664,2.503331184387207
34076,0,calendar_2014_test,8.260188102722168,13.0,0.981041431427002,0.0,1.5999929904937744,4.739811897277832
34077,0,calendar_2014_test,12.161138534545898,10.0,0.9731807112693787,0.0,2.263395071029663,2.1611385345458984
34078,0,calendar_2014_test,11.278610229492188,16.0,0.9747754335403442,0.0,2.128810167312622,4.7213897705078125
34079,0,calendar_2014_test,14.256606101989746,16.0,0.9742118120193481,0.0,2.1763787269592285,1.743393898010254
34080,0,calendar_2014_test,15.271220207214355,14.0,0.9753050804138184,0.0,2.084113121032715,1.2712202072143555
34081,0,calendar_2014_test,13.857492446899414,18.0,0.9822080135345459,0.0,1.5015414953231812,4.142507553100586
34082,0,calendar_2014_test,17.90509796142578,19.0,0.9720792770385742,0.0,2.356351375579834,1.0949020385742188
34083,0,calendar_2014_test,16.86952018737793,15.0,0.9782252311706543,0.0,1.8376682996749878,1.8695201873779297
34084,0,calendar_2014_test,16.484195709228516,12.0,0.9744157791137695,0.0,2.159161329269409,4.484195709228516
34085,0,calendar_2014_test,15.500547409057617,22.0,0.9779156446456909,0.0,1.8637936115264893,6.499452590942383
34086,0,calendar_2014_test,20.367340087890625,20.0,0.9810133576393127,0.0,1.60236656665802,0.367340087890625
34087,0,calendar_2014_test,16.991352081298828,16.0,0.9768701791763306,0.0,1.9520244598388672,0.9913520812988281
34088,0,calendar_2014_test,15.307825088500977,20.0,0.9784286618232727,0.0,1.8204970359802246,4.692174911499023
34089,0,calendar_2014_test,18.38632583618164,21.0,0.9690448045730591,0.0,2.6124444007873535,2.6136741638183594
34090,0,calendar_2014_test,19.676485061645508,21.0,0.9748222231864929,0.0,2.1248600482940674,1.3235149383544922
34091,0,calendar_2014_test,27.885019302368164,42.0,0.9589543342590332,0.0,3.4640204906463623,14.114980697631836
34092,0,calendar_2014_test,45.93547821044922,46.0,0.9525761008262634,0.0,4.002305507659912,0.06452178955078125
34093,0,calendar_2014_test,48.34998321533203,43.0,0.9410468935966492,0.0,4.975306510925293,5.349983215332031
34094,0,calendar_2014_test,48.376426696777344,42.0,0.9572626352310181,0.0,3.606792449951172,6.376426696777344
34095,0,calendar_2014_test,46.79682540893555,41.0,0.9525858163833618,0.0,4.00148868560791,5.796825408935547
34096,0,calendar_2014_test,43.68963623046875,46.0,0.9467456936836243,0.0,4.494359493255615,2.31036376953125
34097,0,calendar_2014_test,46.092708587646484,55.0,0.943112850189209,0.0,4.800952911376953,8.907291412353516
34098,0,calendar_2014_test,55.049373626708984,52.0,0.9344532489776611,0.0,5.531773567199707,3.0493736267089844
34099,0,calendar_2014_test,50.51457214355469,50.0,0.9494193196296692,0.0,4.268722057342529,0.5145721435546875
34100,0,calendar_2014_test,48.58843231201172,74.0,0.9445590376853943,0.0,4.678900241851807,25.41156768798828
34101,0,calendar_2014_test,67.95613861083984,73.0,0.9203919172286987,0.0,6.718469619750977,5.043861389160156
34102,0,calendar_2014_test,70.53044128417969,82.0,0.9284250736236572,0.0,6.0405192375183105,11.469558715820312
34103,0,calendar_2014_test,82.40089416503906,74.0,0.9070726633071899,0.0,7.842540264129639,8.400894165039062
34104,0,calendar_2014_test,71.23490905761719,76.0,0.9168460369110107,0.0,7.017724514007568,4.7650909423828125
34105,0,calendar_2014_test,74.13867950439453,82.0,0.8967927694320679,0.0,8.710103034973145,7.861320495605469
34106,0,calendar_2014_test,80.81766510009766,90.0,0.9038714170455933,0.0,8.11270523071289,9.182334899902344
34107,0,calendar_2014_test,83.43598175048828,103.0,0.9128650426864624,0.0,7.353697299957275,19.56401824951172
34108,0,calendar_2014_test,89.3727035522461,89.0,0.9118672609329224,0.0,7.437904357910156,0.37270355224609375
34109,0,calendar_2014_test,81.87588500976562,67.0,0.9012388586997986,0.0,8.334879875183105,14.875885009765625
34110,0,calendar_2014_test,62.45577621459961,85.0,0.9274094104766846,0.0,6.126232147216797,22.54422378540039
34111,0,calendar_2014_test,89.0932846069336,62.0,0.8785078525543213,0.0,10.253249168395996,27.093284606933594
34112,0,calendar_2014_test,58.370723724365234,50.0,0.935319721698761,0.0,5.458647727966309,8.370723724365234
34113,0,calendar_2014_test,52.28314971923828,69.0,0.9428617358207703,0.0,4.822142601013184,16.71685028076172
34114,0,calendar_2014_test,71.49543762207031,51.0,0.9166597723960876,0.0,7.033441543579102,20.495437622070312
34115,0,calendar_2014_test,49.03508377075195,24.0,0.9520183801651001,0.0,4.049375057220459,25.035083770751953
34116,0,calendar_2014_test,28.462251663208008,33.0,0.9666633009910583,0.0,2.8134279251098633,4.537748336791992
34117,0,calendar_2014_test,38.47868347167969,35.0,0.948023796081543,0.0,4.386498928070068,3.4786834716796875
34118,0,calendar_2014_test,40.74286651611328,63.0,0.9589682221412659,0.0,3.4628491401672363,22.25713348388672
34119,0,calendar_2014_test,71.85078430175781,104.0,0.9156283140182495,0.0,7.120491027832031,32.14921569824219
34120,0,calendar_2014_test,110.50135803222656,136.0,0.8839768171310425,0.0,9.791698455810547,25.498641967773438
34121,0,calendar_2014_test,136.16253662109375,146.0,0.7917157411575317,0.0,17.5780086517334,9.83746337890625
34122,0,calendar_2014_test,148.91993713378906,118.0,0.7899863719940186,0.0,17.723957061767578,30.919937133789062
34123,0,calendar_2014_test,112.96739196777344,127.0,0.8846397399902344,0.0,9.735753059387207,14.032608032226562
34124,0,calendar_2014_test,129.54466247558594,149.0,0.8439911603927612,0.0,13.166261672973633,19.455337524414062
34125,0,calendar_2014_test,143.6799774169922,160.0,0.8386088609695435,0.0,13.620492935180664,16.320022583007812
34126,0,calendar_2014_test,147.55845642089844,116.0,0.7849467992782593,0.0,18.149269104003906,31.558456420898438
34127,0,calendar_2014_test,95.91373443603516,91.0,0.8675792217254639,0.0,11.175559997558594,4.913734436035156
34128,0,calendar_2014_test,83.82831573486328,97.0,0.9045224189758301,0.0,8.057765007019043,13.171684265136719
34129,0,calendar_2014_test,84.31564331054688,61.0,0.8912650942802429,0.0,9.17660903930664,23.315643310546875
34130,0,calendar_2014_test,51.7405891418457,49.0,0.9349294304847717,0.0,5.4915876388549805,2.740589141845703
34131,0,calendar_2014_test,45.21372604370117,40.0,0.9528595805168152,0.0,3.978384017944336,5.213726043701172
34132,0,calendar_2014_test,37.238582611083984,31.0,0.9528300166130066,0.0,3.98088002204895,6.238582611083984
34133,0,calendar_2014_test,33.340248107910156,27.0,0.9651397466659546,0.0,2.9420053958892822,6.340248107910156
34134,0,calendar_2014_test,28.839313507080078,32.0,0.9670171141624451,0.0,2.783566474914551,3.160686492919922
34135,0,calendar_2014_test,33.406982421875,28.0,0.9585099220275879,0.0,3.5015289783477783,5.406982421875
34136,0,calendar_2014_test,32.35575485229492,31.0,0.9629828929901123,0.0,3.124032735824585,1.3557548522949219
34137,0,calendar_2014_test,33.06461715698242,38.0,0.9596299529075623,0.0,3.4070019721984863,4.935382843017578
34138,0,calendar_2014_test,39.92261505126953,45.0,0.9568027853965759,0.0,3.6455984115600586,5.077384948730469
34139,0,calendar_2014_test,48.37807846069336,44.0,0.9463889002799988,0.0,4.524474143981934,4.378078460693359
34140,0,calendar_2014_test,46.28544235229492,55.0,0.9533937573432922,0.0,3.9333016872406006,8.714557647705078
34141,0,calendar_2014_test,61.934776306152344,61.0,0.940333902835846,0.0,5.0354814529418945,0.9347763061523438
34142,0,calendar_2014_test,63.224544525146484,69.0,0.9202060699462891,0.0,6.734152793884277,5.775455474853516
34143,0,calendar_2014_test,71.16278839111328,69.0,0.91829913854599,0.0,6.895089626312256,2.1627883911132812
34144,0,calendar_2014_test,67.8474349975586,72.0,0.9067807197570801,0.0,7.867175579071045,4.152565002441406
34145,0,calendar_2014_test,77.23277282714844,87.0,0.9091037511825562,0.0,7.671125888824463,9.767227172851562
34146,0,calendar_2014_test,86.13068389892578,91.0,0.901530385017395,0.0,8.310273170471191,4.869316101074219
34147,0,calendar_2014_test,95.28864288330078,116.0,0.877049446105957,0.0,10.376327514648438,20.71135711669922
34148,0,calendar_2014_test,117.99225616455078,136.0,0.8557365536689758,0.0,12.17501449584961,18.00774383544922
34149,0,calendar_2014_test,133.7427215576172,146.0,0.8312619924545288,0.0,14.240528106689453,12.257278442382812
34150,0,calendar_2014_test,144.45126342773438,149.0,0.8542764782905579,0.0,12.298236846923828,4.548736572265625
34151,0,calendar_2014_test,147.88973999023438,142.0,0.8111994862556458,0.0,15.93368911743164,5.889739990234375
34152,0,calendar_2014_test,133.53594970703125,137.0,0.8166066408157349,0.0,15.477355003356934,3.46405029296875
34153,0,calendar_2014_test,132.94102478027344,113.0,0.8355266451835632,0.0,13.88061809539795,19.941024780273438
34154,0,calendar_2014_test,98.50239562988281,119.0,0.8693532943725586,0.0,11.02584171295166,20.497604370117188
34155,0,calendar_2014_test,112.12063598632812,107.0,0.8732445240020752,0.0,10.697441101074219,5.120635986328125
34156,0,calendar_2014_test,95.75881958007812,112.0,0.8714478015899658,0.0,10.84907341003418,16.241180419921875
34157,0,calendar_2014_test,103.68309783935547,80.0,0.9102277159690857,0.0,7.576269149780273,23.68309783935547
34158,0,calendar_2014_test,73.19408416748047,62.0,0.9220013618469238,0.0,6.582639217376709,11.194084167480469
34159,0,calendar_2014_test,55.39106369018555,67.0,0.9414342641830444,0.0,4.942615985870361,11.608936309814453
34160,0,calendar_2014_test,62.011051177978516,62.0,0.9198371767997742,0.0,6.765288352966309,0.011051177978515625
34161,0,calendar_2014_test,58.92457580566406,76.0,0.9189928770065308,0.0,6.836541652679443,17.075424194335938
34162,0,calendar_2014_test,74.05720520019531,72.0,0.9227480292320251,0.0,6.519628524780273,2.0572052001953125
34163,0,calendar_2014_test,74.55965423583984,63.0,0.9093529582023621,0.0,7.650094985961914,11.559654235839844
34164,0,calendar_2014_test,63.07337188720703,57.0,0.9229000210762024,0.0,6.506800651550293,6.073371887207031
34165,0,calendar_2014_test,61.237972259521484,62.0,0.9380819797515869,0.0,5.22553014755249,0.7620277404785156
34166,0,calendar_2014_test,63.62005615234375,59.0,0.9411891102790833,0.0,4.963306427001953,4.62005615234375
34167,0,calendar_2014_test,59.61442947387695,57.0,0.9330585598945618,0.0,5.649476051330566,2.614429473876953
34168,0,calendar_2014_test,59.66181945800781,60.0,0.9313209652900696,0.0,5.796121597290039,0.3381805419921875
34169,0,calendar_2014_test,61.62044906616211,68.0,0.9341639280319214,0.0,5.556187629699707,6.379550933837891
34170,0,calendar_2014_test,68.69889068603516,76.0,0.9133437275886536,0.0,7.313295364379883,7.301109313964844
34171,0,calendar_2014_test,77.11437225341797,86.0,0.9104980826377869,0.0,7.553451061248779,8.885627746582031
34172,0,calendar_2014_test,88.33641815185547,97.0,0.892030656337738,0.0,9.112000465393066,8.663581848144531
34173,0,calendar_2014_test,99.07417297363281,102.0,0.8585288524627686,0.0,11.939358711242676,2.9258270263671875
34174,0,calendar_2014_test,102.49568939208984,111.0,0.8864671587944031,0.0,9.581528663635254,8.504310607910156
34175,0,calendar_2014_test,110.11320495605469,107.0,0.8963866829872131,0.0,8.744373321533203,3.1132049560546875
34176,0,calendar_2014_test,108.6958999633789,106.0,0.8549436330795288,0.0,12.24193286895752,2.6958999633789062
34177,0,calendar_2014_test,102.16471099853516,113.0,0.8705278635025024,0.0,10.926712036132812,10.835289001464844
34178,0,calendar_2014_test,109.39547729492188,105.0,0.8592433929443359,0.0,11.879060745239258,4.395477294921875
34179,0,calendar_2014_test,97.53362274169922,114.0,0.8709699511528015,0.0,10.889402389526367,16.46637725830078
34180,0,calendar_2014_test,108.0896224975586,133.0,0.8709111213684082,0.0,10.894365310668945,24.910377502441406
34181,0,calendar_2014_test,125.55859375,120.0,0.8624073266983032,0.0,11.612042427062988,5.55859375
34182,0,calendar_2014_test,106.96834564208984,99.0,0.8698005676269531,0.0,10.988091468811035,7.968345642089844
34183,0,calendar_2014_test,91.60852813720703,87.0,0.8806849122047424,0.0,10.069514274597168,4.608528137207031
34184,0,calendar_2014_test,81.06999969482422,93.0,0.8834558725357056,0.0,9.835662841796875,11.930000305175781
34185,0,calendar_2014_test,88.119384765625,85.0,0.8945598602294922,0.0,8.898550033569336,3.119384765625
34186,0,calendar_2014_test,81.57202911376953,95.0,0.8999935388565063,0.0,8.439976692199707,13.427970886230469
34187,0,calendar_2014_test,92.76052856445312,98.0,0.9106348752975464,0.0,7.541910648345947,5.239471435546875
34188,0,calendar_2014_test,98.84365844726562,99.0,0.8887311220169067,0.0,9.390462875366211,0.156341552734375
34189,0,calendar_2014_test,102.20414733886719,88.0,0.8946712017059326,0.0,8.889153480529785,14.204147338867188
34190,0,calendar_2014_test,90.9446029663086,83.0,0.8795295357704163,0.0,10.167020797729492,7.944602966308594
34191,0,calendar_2014_test,86.70623016357422,84.0,0.9054064750671387,0.0,7.983153820037842,2.7062301635742188
34192,0,calendar_2014_test,89.54541778564453,93.0,0.9081264734268188,0.0,7.753605842590332,3.4545822143554688
34193,0,calendar_2014_test,97.87983703613281,95.0,0.8894357085227966,0.0,9.330999374389648,2.8798370361328125
34194,0,calendar_2014_test,99.63970184326172,113.0,0.8688148260116577,0.0,11.071284294128418,13.360298156738281
34195,0,calendar_2014_test,118.0293960571289,121.0,0.8509395122528076,0.0,12.57986068725586,2.9706039428710938
34196,0,calendar_2014_test,123.4266357421875,127.0,0.8522323966026306,0.0,12.470746040344238,3.5733642578125
34197,0,calendar_2014_test,130.90611267089844,134.0,0.8101756572723389,0.0,16.020097732543945,3.0938873291015625
34198,0,calendar_2014_test,142.8893585205078,138.0,0.8443888425827026,0.0,13.132697105407715,4.8893585205078125
34199,0,calendar_2014_test,136.396728515625,141.0,0.8043507933616638,0.0,16.511682510375977,4.603271484375
34200,0,calendar_2014_test,142.2688446044922,143.0,0.8382397294044495,0.0,13.65164852142334,0.7311553955078125
34201,0,calendar_2014_test,140.43231201171875,125.0,0.8116185069084167,0.0,15.898326873779297,15.43231201171875
34202,0,calendar_2014_test,122.75647735595703,111.0,0.844429612159729,0.0,13.129258155822754,11.756477355957031
34203,0,calendar_2014_test,104.32811737060547,118.0,0.8727893829345703,0.0,10.73585319519043,13.671882629394531
34204,0,calendar_2014_test,112.18636322021484,110.0,0.882173478603363,0.0,9.943889617919922,2.1863632202148438
34205,0,calendar_2014_test,100.42438507080078,101.0,0.8948937654495239,0.0,8.870370864868164,0.5756149291992188
34206,0,calendar_2014_test,93.6765365600586,73.0,0.9052444100379944,0.0,7.9968342781066895,20.676536560058594
34207,0,calendar_2014_test,65.58660125732422,61.0,0.9300643801689148,0.0,5.9021687507629395,4.586601257324219
34208,0,calendar_2014_test,56.983787536621094,67.0,0.930675745010376,0.0,5.8505754470825195,10.016212463378906
34209,0,calendar_2014_test,63.453208923339844,80.0,0.9324045777320862,0.0,5.7046709060668945,16.546791076660156
34210,0,calendar_2014_test,78.17060852050781,81.0,0.931951105594635,0.0,5.742940902709961,2.8293914794921875
34211,0,calendar_2014_test,86.40596771240234,77.0,0.9107508659362793,0.0,7.532121181488037,9.405967712402344
34212,0,calendar_2014_test,76.48206329345703,89.0,0.900475263595581,0.0,8.399321556091309,12.517936706542969
34213,0,calendar_2014_test,96.70142364501953,88.0,0.8943438529968262,0.0,8.916775703430176,8.701423645019531
34214,0,calendar_2014_test,93.52649688720703,83.0,0.8840180039405823,0.0,9.788220405578613,10.526496887207031
34215,0,calendar_2014_test,88.52590942382812,89.0,0.9072121977806091,0.0,7.830765247344971,0.474090576171875
34216,0,calendar_2014_test,95.09598541259766,96.0,0.878993034362793,0.0,10.212300300598145,0.9040145874023438
34217,0,calendar_2014_test,100.34795379638672,90.0,0.8741876482963562,0.0,10.617847442626953,10.347953796386719
34218,0,calendar_2014_test,92.73828887939453,99.0,0.8959423899650574,0.0,8.781871795654297,6.261711120605469
34219,0,calendar_2014_test,103.4334716796875,101.0,0.87887042760849,0.0,10.222647666931152,2.4334716796875
34220,0,calendar_2014_test,101.80354309082031,114.0,0.8774056434631348,0.0,10.34626579284668,12.196456909179688
34221,0,calendar_2014_test,121.16336059570312,135.0,0.8651349544525146,0.0,11.381841659545898,13.836639404296875
34222,0,calendar_2014_test,134.08953857421875,155.0,0.8097911477088928,0.0,16.052547454833984,20.91046142578125
34223,0,calendar_2014_test,156.81741333007812,189.0,0.7742654085159302,0.0,19.050718307495117,32.182586669921875
34224,0,calendar_2014_test,185.25746154785156,179.0,0.7969338893890381,0.0,17.137624740600586,6.2574615478515625
34225,0,calendar_2014_test,176.05728149414062,151.0,0.844901442527771,0.0,13.089436531066895,25.057281494140625
34226,0,calendar_2014_test,146.4839324951172,125.0,0.8369495272636414,0.0,13.760534286499023,21.483932495117188
34227,0,calendar_2014_test,113.4946517944336,101.0,0.8258033990859985,0.0,14.701201438903809,12.494651794433594
34228,0,calendar_2014_test,91.70677185058594,92.0,0.8804017901420593,0.0,10.093411445617676,0.2932281494140625
34229,0,calendar_2014_test,88.47639465332031,97.0,0.9065372347831726,0.0,7.887724876403809,8.523605346679688
34230,0,calendar_2014_test,95.06884002685547,86.0,0.8642734289169312,0.0,11.454549789428711,9.068840026855469
34231,0,calendar_2014_test,79.47067260742188,84.0,0.8859778642654419,0.0,9.622820854187012,4.529327392578125
34232,0,calendar_2014_test,82.20311737060547,89.0,0.9256910085678101,0.0,6.27125883102417,6.796882629394531
34233,0,calendar_2014_test,92.15019989013672,89.0,0.896206796169281,0.0,8.759556770324707,3.1501998901367188
34234,0,calendar_2014_test,87.41695404052734,86.0,0.914847195148468,0.0,7.1864118576049805,1.4169540405273438
34235,0,calendar_2014_test,88.7798080444336,92.0,0.9007517099380493,0.0,8.375988960266113,3.2201919555664062
34236,0,calendar_2014_test,96.23133087158203,86.0,0.9023588299751282,0.0,8.240361213684082,10.231330871582031
34237,0,calendar_2014_test,91.97900390625,85.0,0.8901388645172119,0.0,9.27165412902832,6.97900390625
34238,0,calendar_2014_test,92.279541015625,83.0,0.8781203031539917,0.0,10.285954475402832,9.279541015625
34239,0,calendar_2014_test,87.11962890625,82.0,0.882286012172699,0.0,9.934392929077148,5.11962890625
34240,0,calendar_2014_test,80.9655532836914,78.0,0.8991169929504395,0.0,8.51395034790039,2.9655532836914062
34241,0,calendar_2014_test,77.49974060058594,69.0,0.8807827234268188,0.0,10.061260223388672,8.499740600585938
34242,0,calendar_2014_test,62.74287796020508,52.0,0.9049778580665588,0.0,8.019330024719238,10.742877960205078
34243,0,calendar_2014_test,54.66838455200195,53.0,0.9457316994667053,0.0,4.57993745803833,1.6683845520019531
34244,0,calendar_2014_test,56.50307846069336,88.0,0.9381754398345947,0.0,5.217641830444336,31.49692153930664
34245,0,calendar_2014_test,85.07177734375,117.0,0.8843238949775696,0.0,9.762406349182129,31.92822265625
34246,0,calendar_2014_test,111.24365997314453,113.0,0.8801121115684509,0.0,10.117857933044434,1.7563400268554688
34247,0,calendar_2014_test,104.4161376953125,142.0,0.8812105655670166,0.0,10.025155067443848,37.5838623046875
34248,0,calendar_2014_test,145.82138061523438,134.0,0.8075004816055298,0.0,16.245864868164062,11.821380615234375
34249,0,calendar_2014_test,128.0907440185547,159.0,0.8532580137252808,0.0,12.384186744689941,30.909255981445312
34250,0,calendar_2014_test,159.73045349121094,151.0,0.8474538922309875,0.0,12.874024391174316,8.730453491210938
34251,0,calendar_2014_test,150.32908630371094,149.0,0.8137034177780151,0.0,15.722373008728027,1.3290863037109375
34252,0,calendar_2014_test,148.74623107910156,148.0,0.8583321571350098,0.0,11.955962181091309,0.7462310791015625
34253,0,calendar_2014_test,144.54234313964844,132.0,0.8156242966651917,0.0,15.560259819030762,12.542343139648438
34254,0,calendar_2014_test,131.443359375,130.0,0.836715579032898,0.0,13.780279159545898,1.443359375
34255,0,calendar_2014_test,127.04888153076172,122.0,0.849297285079956,0.0,12.718450546264648,5.048881530761719
34256,0,calendar_2014_test,121.3810806274414,112.0,0.8512177467346191,0.0,12.556374549865723,9.381080627441406
34257,0,calendar_2014_test,109.2424545288086,130.0,0.846043586730957,0.0,12.993048667907715,20.757545471191406
34258,0,calendar_2014_test,132.01382446289062,144.0,0.8435897827148438,0.0,13.200136184692383,11.986175537109375
34259,0,calendar_2014_test,148.078857421875,157.0,0.8424564003944397,0.0,13.295784950256348,8.921142578125
34260,0,calendar_2014_test,158.8257293701172,185.0,0.8041574358940125,0.0,16.527999877929688,26.174270629882812
34261,0,calendar_2014_test,193.78680419921875,199.0,0.7274227738380432,0.0,23.003969192504883,5.21319580078125
34262,0,calendar_2014_test,202.91444396972656,212.0,0.7132660746574402,0.0,24.198715209960938,9.085556030273438
34263,0,calendar_2014_test,213.94149780273438,211.0,0.7183235287666321,0.0,23.771894454956055,2.941497802734375
34264,0,calendar_2014_test,217.70506286621094,201.0,0.7127424478530884,0.0,24.242908477783203,16.705062866210938
34265,0,calendar_2014_test,200.91529846191406,193.0,0.6771798133850098,0.0,27.244192123413086,7.9152984619140625
34266,0,calendar_2014_test,189.40640258789062,198.0,0.7775225043296814,0.0,18.775835037231445,8.593597412109375
34267,0,calendar_2014_test,199.1027374267578,187.0,0.8114060163497925,0.0,15.916263580322266,12.102737426757812
34268,0,calendar_2014_test,177.622802734375,184.0,0.7776877284049988,0.0,18.76189422607422,6.377197265625
34269,0,calendar_2014_test,187.8733367919922,192.0,0.7352133989334106,0.0,22.34648323059082,4.1266632080078125
34270,0,calendar_2014_test,197.14097595214844,208.0,0.7855777144432068,0.0,18.09602165222168,10.859024047851562
34271,0,calendar_2014_test,200.1279296875,219.0,0.7258607149124146,0.0,23.135799407958984,18.8720703125
34272,0,calendar_2014_test,215.62939453125,250.0,0.7199950814247131,0.0,23.630823135375977,34.37060546875
34273,0,calendar_2014_test,248.36361694335938,227.0,0.5785924196243286,0.0,35.56440734863281,21.363616943359375
34274,0,calendar_2014_test,210.740234375,210.0,0.713204026222229,0.0,24.203948974609375,0.740234375
34275,0,calendar_2014_test,209.16644287109375,176.0,0.7386748194694519,0.0,22.05436134338379,33.16644287109375
34276,0,calendar_2014_test,169.4151153564453,180.0,0.7656587958335876,0.0,19.777067184448242,10.584884643554688
34277,0,calendar_2014_test,175.4444122314453,164.0,0.8004332780838013,0.0,16.842296600341797,11.444412231445312
34278,0,calendar_2014_test,157.0403594970703,163.0,0.7634454965591431,0.0,19.963855743408203,5.9596405029296875
34279,0,calendar_2014_test,157.2820587158203,155.0,0.8542788028717041,0.0,12.298042297363281,2.2820587158203125
34280,0,calendar_2014_test,152.33583068847656,134.0,0.8223205804824829,0.0,14.995131492614746,18.335830688476562
34281,0,calendar_2014_test,128.77493286132812,134.0,0.8510155081748962,0.0,12.573443412780762,5.225067138671875
34282,0,calendar_2014_test,136.6022491455078,122.0,0.8062499761581421,0.0,16.351402282714844,14.602249145507812
34283,0,calendar_2014_test,121.87152862548828,125.0,0.8418875932693481,0.0,13.343789100646973,3.1284713745117188
34284,0,calendar_2014_test,128.5480499267578,135.0,0.8657611608505249,0.0,11.328995704650879,6.4519500732421875
34285,0,calendar_2014_test,142.64840698242188,167.0,0.8391621112823486,0.0,13.573801040649414,24.351593017578125
34286,0,calendar_2014_test,166.99053955078125,187.0,0.7493160963058472,0.0,21.15629768371582,20.00946044921875
34287,0,calendar_2014_test,183.75123596191406,206.0,0.7941122651100159,0.0,17.37575340270996,22.248764038085938
34288,0,calendar_2014_test,206.30845642089844,196.0,0.7304139137268066,0.0,22.75153160095215,10.308456420898438
34289,0,calendar_2014_test,192.34019470214844,154.0,0.7262802124023438,0.0,23.100393295288086,38.34019470214844
34290,0,calendar_2014_test,148.633544921875,120.0,0.8154257535934448,0.0,15.577019691467285,28.633544921875
34291,0,calendar_2014_test,118.36769104003906,135.0,0.8461092710494995,0.0,12.987503051757812,16.632308959960938
34292,0,calendar_2014_test,134.7827911376953,132.0,0.8560032844543457,0.0,12.152502059936523,2.7827911376953125
34293,0,calendar_2014_test,136.95484924316406,136.0,0.8398932814598083,0.0,13.51209545135498,0.9548492431640625
34294,0,calendar_2014_test,138.14608764648438,146.0,0.8414682149887085,0.0,13.37918472290039,7.853912353515625
34295,0,calendar_2014_test,150.78790283203125,159.0,0.7524401545524597,0.0,20.89264488220215,8.21209716796875
34296,0,calendar_2014_test,165.28736877441406,179.0,0.8097338080406189,0.0,16.05738639831543,13.712631225585938
34297,0,calendar_2014_test,189.85528564453125,185.0,0.7737137079238892,0.0,19.09727668762207,4.85528564453125
34298,0,calendar_2014_test,190.4797821044922,152.0,0.7957337498664856,0.0,17.23891258239746,38.47978210449219
34299,0,calendar_2014_test,145.75286865234375,112.0,0.8230748772621155,0.0,14.931476593017578,33.75286865234375
34300,0,calendar_2014_test,98.6939926147461,123.0,0.8746942281723022,0.0,10.575093269348145,24.306007385253906
34301,0,calendar_2014_test,120.09464263916016,109.0,0.8179986476898193,0.0,15.359881401062012,11.094642639160156
34302,0,calendar_2014_test,107.60755157470703,103.0,0.8999319076538086,0.0,8.44517707824707,4.607551574707031
34303,0,calendar_2014_test,102.99885559082031,98.0,0.8759920597076416,0.0,10.465566635131836,4.9988555908203125
34304,0,calendar_2014_test,102.5199966430664,94.0,0.8778103590011597,0.0,10.312110900878906,8.519996643066406
34305,0,calendar_2014_test,94.0301513671875,106.0,0.8959282636642456,0.0,8.783064842224121,11.9698486328125
34306,0,calendar_2014_test,112.86463165283203,115.0,0.8992326855659485,0.0,8.504190444946289,2.1353683471679688
34307,0,calendar_2014_test,120.04248046875,124.0,0.8464744687080383,0.0,12.956681251525879,3.95751953125
34308,0,calendar_2014_test,128.11717224121094,134.0,0.8553262948989868,0.0,12.209641456604004,5.8828277587890625
34309,0,calendar_2014_test,137.60321044921875,134.0,0.8411545157432556,0.0,13.405657768249512,3.60321044921875
34310,0,calendar_2014_test,136.18373107910156,137.0,0.8284608721733093,0.0,14.4769287109375,0.8162689208984375
34311,0,calendar_2014_test,141.5575714111328,101.0,0.7974708080291748,0.0,17.09231185913086,40.55757141113281
34312,0,calendar_2014_test,100.96977996826172,78.0,0.8820819854736328,0.0,9.951608657836914,22.96977996826172
34313,0,calendar_2014_test,77.26595306396484,79.0,0.9176672101020813,0.0,6.948419570922852,1.7340469360351562
34314,0,calendar_2014_test,82.90338897705078,85.0,0.8977813124656677,0.0,8.626677513122559,2.0966110229492188
34315,0,calendar_2014_test,88.39786529541016,93.0,0.8858416080474854,0.0,9.634322166442871,4.602134704589844
34316,0,calendar_2014_test,99.4185562133789,88.0,0.8838776350021362,0.0,9.800068855285645,11.418556213378906
34317,0,calendar_2014_test,91.48735809326172,78.0,0.8972377181053162,0.0,8.672551155090332,13.487358093261719
34318,0,calendar_2014_test,80.35091400146484,69.0,0.9213655591011047,0.0,6.636301040649414,11.350914001464844
34319,0,calendar_2014_test,73.92597198486328,62.0,0.9249924421310425,0.0,6.330211639404297,11.925971984863281
34320,0,calendar_2014_test,68.27677154541016,57.0,0.923690676689148,0.0,6.440073490142822,11.276771545410156
34321,0,calendar_2014_test,61.26453399658203,77.0,0.9173830151557922,0.0,6.972403049468994,15.735466003417969
34322,0,calendar_2014_test,82.4832534790039,87.0,0.9329297542572021,0.0,5.6603474617004395,4.516746520996094
34323,0,calendar_2014_test,89.62789154052734,97.0,0.8877995610237122,0.0,9.469079971313477,7.372108459472656
34324,0,calendar_2014_test,98.30581665039062,101.0,0.8760512471199036,0.0,10.460572242736816,2.694183349609375
34325,0,calendar_2014_test,101.3153076171875,112.0,0.8674637675285339,0.0,11.185304641723633,10.6846923828125
34326,0,calendar_2014_test,111.05630493164062,109.0,0.8873353600502014,0.0,9.508255004882812,2.056304931640625
34327,0,calendar_2014_test,108.28849029541016,110.0,0.882005512714386,0.0,9.958062171936035,1.7115097045898438
34328,0,calendar_2014_test,110.30541229248047,104.0,0.8669660687446594,0.0,11.227309226989746,6.305412292480469
34329,0,calendar_2014_test,101.58374786376953,104.0,0.8685159683227539,0.0,11.096508026123047,2.4162521362304688
34330,0,calendar_2014_test,104.36720275878906,101.0,0.8977158069610596,0.0,8.632204055786133,3.3672027587890625
34331,0,calendar_2014_test,99.68099975585938,100.0,0.865456759929657,0.0,11.354684829711914,0.319000244140625
34332,0,calendar_2014_test,105.47122192382812,113.0,0.8391389846801758,0.0,13.575753211975098,7.528778076171875
34333,0,calendar_2014_test,115.73344421386719,115.0,0.8810821771621704,0.0,10.035987854003906,0.7334442138671875
34334,0,calendar_2014_test,117.37511444091797,121.0,0.8462319374084473,0.0,12.977149963378906,3.6248855590820312
34335,0,calendar_2014_test,126.21621704101562,119.0,0.8584460616111755,0.0,11.946346282958984,7.216217041015625
34336,0,calendar_2014_test,121.68852233886719,138.0,0.8553215861320496,0.0,12.210036277770996,16.311477661132812
34337,0,calendar_2014_test,147.4043426513672,146.0,0.8124657869338989,0.0,15.826823234558105,1.4043426513671875
34338,0,calendar_2014_test,149.9451141357422,158.0,0.8227388262748718,0.0,14.959835052490234,8.054885864257812
34339,0,calendar_2014_test,154.4235076904297,184.0,0.807060718536377,0.0,16.28297996520996,29.576492309570312
34340,0,calendar_2014_test,182.57069396972656,190.0,0.7832821607589722,0.0,18.289751052856445,7.4293060302734375
34341,0,calendar_2014_test,182.81175231933594,201.0,0.7167441844940186,0.0,23.905183792114258,18.188247680664062
34342,0,calendar_2014_test,196.65457153320312,175.0,0.6938970685005188,0.0,25.833349227905273,21.654571533203125
34343,0,calendar_2014_test,164.3083953857422,132.0,0.7950247526168823,0.0,17.298744201660156,32.30839538574219
34344,0,calendar_2014_test,119.4131088256836,102.0,0.8590940237045288,0.0,11.891660690307617,17.413108825683594
34345,0,calendar_2014_test,89.7278060913086,88.0,0.878793478012085,0.0,10.229144096374512,1.7278060913085938
34346,0,calendar_2014_test,86.22488403320312,74.0,0.8939008116722107,0.0,8.954167366027832,12.224884033203125
34347,0,calendar_2014_test,72.61827087402344,74.0,0.9168572425842285,0.0,7.0167741775512695,1.3817291259765625
34348,0,calendar_2014_test,77.55683898925781,82.0,0.9184347987174988,0.0,6.883638858795166,4.4431610107421875
34349,0,calendar_2014_test,84.62702178955078,73.0,0.8979709148406982,0.0,8.610675811767578,11.627021789550781
34350,0,calendar_2014_test,70.26203155517578,95.0,0.9326509237289429,0.0,5.683877468109131,24.73796844482422
34351,0,calendar_2014_test,97.48710632324219,76.0,0.8925083875656128,0.0,9.071682929992676,21.487106323242188
34352,0,calendar_2014_test,72.3838882446289,102.0,0.9189904928207397,0.0,6.836739540100098,29.616111755371094
34353,0,calendar_2014_test,106.6440200805664,72.0,0.8653230667114258,0.0,11.365968704223633,34.644020080566406
34354,0,calendar_2014_test,73.38286590576172,69.0,0.9107297658920288,0.0,7.533903121948242,4.382865905761719
34355,0,calendar_2014_test,76.40837097167969,52.0,0.9099340438842773,0.0,7.601053237915039,24.408370971679688
34356,0,calendar_2014_test,58.36161422729492,54.0,0.9166011214256287,0.0,7.038393020629883,4.361614227294922
34357,0,calendar_2014_test,61.59305953979492,67.0,0.9400737285614014,0.0,5.057436466217041,5.406940460205078
34358,0,calendar_2014_test,75.4574966430664,63.0,0.9196634888648987,0.0,6.7799458503723145,12.457496643066406
34359,0,calendar_2014_test,70.1490478515625,67.0,0.9275230765342712,0.0,6.116639614105225,3.1490478515625
34360,0,calendar_2014_test,72.7056655883789,74.0,0.9194303154945374,0.0,6.799622535705566,1.2943344116210938
34361,0,calendar_2014_test,75.3375473022461,80.0,0.9202694892883301,0.0,6.728802680969238,4.662452697753906
34362,0,calendar_2014_test,83.49789428710938,92.0,0.9138894081115723,0.0,7.267245769500732,8.502105712890625
34363,0,calendar_2014_test,87.2508773803711,89.0,0.8874449133872986,0.0,9.49901008605957,1.7491226196289062
34364,0,calendar_2014_test,84.26393127441406,82.0,0.906316339969635,0.0,7.906368255615234,2.2639312744140625
34365,0,calendar_2014_test,76.77912902832031,92.0,0.9071452021598816,0.0,7.8364176750183105,15.220870971679688
34366,0,calendar_2014_test,96.19632720947266,90.0,0.9017924070358276,0.0,8.28816032409668,6.196327209472656
34367,0,calendar_2014_test,86.39476013183594,90.0,0.919867992401123,0.0,6.762688636779785,3.6052398681640625
34368,0,calendar_2014_test,83.44831848144531,59.0,0.9192744493484497,0.0,6.812779426574707,24.448318481445312
34369,0,calendar_2014_test,46.10127258300781,12.0,0.9533852934837341,0.0,3.9340150356292725,34.10127258300781
34370,0,calendar_2014_test,14.200567245483398,10.0,0.974494218826294,0.0,2.1525425910949707,4.200567245483398
34371,0,calendar_2014_test,11.727042198181152,7.0,0.9791801571846008,0.0,1.7570774555206299,4.727042198181152
34372,0,calendar_2014_test,10.813236236572266,5.0,0.9745734930038452,0.0,2.145853281021118,5.813236236572266
34373,0,calendar_2014_test,10.723542213439941,7.0,0.9774105548858643,0.0,1.9064208269119263,3.7235422134399414
34374,0,calendar_2014_test,11.637508392333984,7.0,0.9761301279067993,0.0,2.0144824981689453,4.637508392333984
34375,0,calendar_2014_test,11.2653226852417,6.0,0.9775623083114624,0.0,1.8936147689819336,5.265322685241699
34376,0,calendar_2014_test,9.930377960205078,4.0,0.9716389775276184,0.0,2.3935089111328125,5.930377960205078
34377,0,calendar_2014_test,9.201629638671875,7.0,0.9761456251144409,0.0,2.013173818588257,2.201629638671875
34378,0,calendar_2014_test,10.595579147338867,7.0,0.9680987000465393,0.0,2.692286729812622,3.595579147338867
34379,0,calendar_2014_test,12.60065746307373,4.0,0.9640294909477234,0.0,3.0357043743133545,8.60065746307373
34380,0,calendar_2014_test,11.86971664428711,2.0,0.9657615423202515,0.0,2.889531373977661,9.86971664428711
34381,0,calendar_2014_test,9.39709186553955,2.0,0.9755563735961914,0.0,2.0629031658172607,7.397091865539551
34382,0,calendar_2014_test,8.836467742919922,4.0,0.976624608039856,0.0,1.9727528095245361,4.836467742919922
34383,0,calendar_2014_test,8.498177528381348,4.0,0.9698692560195923,0.0,2.542863368988037,4.498177528381348
34384,0,calendar_2014_test,7.967574596405029,6.0,0.9788515567779541,0.0,1.784811019897461,1.9675745964050293
34385,0,calendar_2014_test,8.52731704711914,14.0,0.9710087776184082,0.0,2.4466962814331055,5.472682952880859
34386,0,calendar_2014_test,15.430140495300293,13.0,0.9652987718582153,0.0,2.928586959838867,2.430140495300293
34387,0,calendar_2014_test,12.837103843688965,10.0,0.9726947546005249,0.0,2.3044073581695557,2.837103843688965
34388,0,calendar_2014_test,12.389385223388672,8.0,0.9719811081886292,0.0,2.3646347522735596,4.389385223388672
34389,0,calendar_2014_test,9.090567588806152,9.0,0.9756689071655273,0.0,2.053405284881592,0.09056758880615234
34390,0,calendar_2014_test,11.18066692352295,11.0,0.9826535582542419,0.0,1.4639416933059692,0.18066692352294922
34391,0,calendar_2014_test,12.441792488098145,14.0,0.9741060137748718,0.0,2.185307025909424,1.5582075119018555
34392,0,calendar_2014_test,14.936062812805176,16.0,0.9826672077178955,0.0,1.4627902507781982,1.0639371871948242
34393,0,calendar_2014_test,17.81074333190918,14.0,0.9707525372505188,0.0,2.468318223953247,3.8107433319091797
34394,0,calendar_2014_test,16.545963287353516,25.0,0.9711658954620361,0.0,2.4334371089935303,8.454036712646484
34395,0,calendar_2014_test,24.231761932373047,25.0,0.9655190706253052,0.0,2.90999698638916,0.7682380676269531
34396,0,calendar_2014_test,22.808536529541016,31.0,0.9659391045570374,0.0,2.8745455741882324,8.191463470458984
34397,0,calendar_2014_test,30.596466064453125,27.0,0.9646026492118835,0.0,2.987337350845337,3.596466064453125
34398,0,calendar_2014_test,24.910165786743164,26.0,0.9599854946136475,0.0,3.376995801925659,1.089834213256836
34399,0,calendar_2014_test,27.0382022857666,28.0,0.9669187664985657,0.0,2.79186749458313,0.9617977142333984
34400,0,calendar_2014_test,29.521318435668945,32.0,0.974769115447998,0.0,2.1293423175811768,2.4786815643310547
34401,0,calendar_2014_test,34.328922271728516,51.0,0.9552955031394958,0.0,3.772806167602539,16.671077728271484
34402,0,calendar_2014_test,50.90065383911133,32.0,0.9412788152694702,0.0,4.955732345581055,18.900653839111328
34403,0,calendar_2014_test,35.60914611816406,25.0,0.9667685627937317,0.0,2.804544687271118,10.609146118164062
34404,0,calendar_2014_test,28.27689552307129,23.0,0.9664798974990845,0.0,2.8289055824279785,5.276895523071289
34405,0,calendar_2014_test,30.575923919677734,27.0,0.9588478803634644,0.0,3.47300386428833,3.5759239196777344
34406,0,calendar_2014_test,31.079172134399414,28.0,0.9612753391265869,0.0,3.2681405544281006,3.079172134399414
34407,0,calendar_2014_test,31.31306266784668,26.0,0.9635244607925415,0.0,3.078326940536499,5.31306266784668
34408,0,calendar_2014_test,30.37849998474121,32.0,0.9486333131790161,0.0,4.335055828094482,1.621500015258789
34409,0,calendar_2014_test,33.413455963134766,34.0,0.9538496732711792,0.0,3.894827127456665,0.5865440368652344
34410,0,calendar_2014_test,33.334266662597656,48.0,0.9554072618484497,0.0,3.763374090194702,14.665733337402344
34411,0,calendar_2014_test,46.74913024902344,49.0,0.945722758769989,0.0,4.580689430236816,2.2508697509765625
34412,0,calendar_2014_test,46.007957458496094,60.0,0.9577266573905945,0.0,3.5676283836364746,13.992042541503906
34413,0,calendar_2014_test,54.66534423828125,63.0,0.9414246678352356,0.0,4.943426132202148,8.33465576171875
34414,0,calendar_2014_test,56.11638641357422,62.0,0.9224651455879211,0.0,6.543502330780029,5.883613586425781
34415,0,calendar_2014_test,54.712772369384766,68.0,0.9376846551895142,0.0,5.25906229019165,13.287227630615234
34416,0,calendar_2014_test,56.88591766357422,63.0,0.9407551884651184,0.0,4.999924659729004,6.114082336425781
34417,0,calendar_2014_test,53.77332305908203,50.0,0.933046281337738,0.0,5.650514125823975,3.7733230590820312
34418,0,calendar_2014_test,43.44261169433594,23.0,0.93431156873703,0.0,5.543729305267334,20.442611694335938
34419,0,calendar_2014_test,18.96533203125,16.0,0.9722076654434204,0.0,2.3455159664154053,2.96533203125
34420,0,calendar_2014_test,12.819016456604004,8.0,0.9753446578979492,0.0,2.080770492553711,4.819016456604004
34421,0,calendar_2014_test,9.254972457885742,6.0,0.9804543256759644,0.0,1.649544596672058,3.254972457885742
34422,0,calendar_2014_test,7.886601448059082,3.0,0.9824885725975037,0.0,1.47786545753479,4.886601448059082
34423,0,calendar_2014_test,6.775404930114746,2.0,0.9784361124038696,0.0,1.819871425628662,4.775404930114746
34424,0,calendar_2014_test,9.12255573272705,5.0,0.9727700352668762,0.0,2.2980527877807617,4.122555732727051
34425,0,calendar_2014_test,9.730839729309082,4.0,0.9772107005119324,0.0,1.923287272453308,5.730839729309082
34426,0,calendar_2014_test,10.169926643371582,8.0,0.9682568907737732,0.0,2.6789357662200928,2.169926643371582
34427,0,calendar_2014_test,21.577993392944336,15.0,0.9553768038749695,0.0,3.7659435272216797,6.577993392944336
34428,0,calendar_2014_test,21.660606384277344,25.0,0.9700287580490112,0.0,2.5294010639190674,3.3393936157226562
34429,0,calendar_2014_test,31.476299285888672,28.0,0.9713326692581177,0.0,2.419360876083374,3.476299285888672
34430,0,calendar_2014_test,32.80354309082031,46.0,0.9600698947906494,0.0,3.369873046875,13.196456909179688
34431,0,calendar_2014_test,49.22250747680664,71.0,0.9537855386734009,0.0,3.9002368450164795,21.77749252319336
34432,0,calendar_2014_test,72.83916473388672,125.0,0.9102926254272461,0.0,7.570794582366943,52.16083526611328
34433,0,calendar_2014_test,126.06180572509766,142.0,0.8578309416770935,0.0,11.998261451721191,15.938194274902344
34434,0,calendar_2014_test,136.12069702148438,105.0,0.8131175637245178,0.0,15.771817207336426,31.120697021484375
34435,0,calendar_2014_test,100.48233795166016,101.0,0.8902943134307861,0.0,9.25853443145752,0.5176620483398438
34436,0,calendar_2014_test,98.5250015258789,89.0,0.8844425678253174,0.0,9.752392768859863,9.525001525878906
34437,0,calendar_2014_test,79.02445983886719,93.0,0.9204848408699036,0.0,6.710628986358643,13.975540161132812
34438,0,calendar_2014_test,81.11903381347656,85.0,0.8942800760269165,0.0,8.922160148620605,3.8809661865234375
34439,0,calendar_2014_test,74.67256927490234,62.0,0.899993360042572,0.0,8.43999195098877,12.672569274902344
34440,0,calendar_2014_test,53.87139892578125,40.0,0.9331114888191223,0.0,5.6450090408325195,13.87139892578125
34441,0,calendar_2014_test,36.88323211669922,52.0,0.9525048732757568,0.0,4.008317470550537,15.116767883300781
34442,0,calendar_2014_test,47.42991256713867,62.0,0.9503666758537292,0.0,4.188769340515137,14.570087432861328
34443,0,calendar_2014_test,58.70009994506836,55.0,0.9373756647109985,0.0,5.285135746002197,3.7000999450683594
34444,0,calendar_2014_test,53.362064361572266,48.0,0.9475567936897278,0.0,4.425909042358398,5.362064361572266
34445,0,calendar_2014_test,44.984310150146484,41.0,0.9580920338630676,0.0,3.5367960929870605,3.9843101501464844
34446,0,calendar_2014_test,43.24802780151367,39.0,0.9510900378227234,0.0,4.127724647521973,4.248027801513672
34447,0,calendar_2014_test,40.07743835449219,43.0,0.9643365740776062,0.0,3.0097904205322266,2.9225616455078125
34448,0,calendar_2014_test,43.40756607055664,43.0,0.9593219757080078,0.0,3.4329957962036133,0.4075660705566406
34449,0,calendar_2014_test,46.829402923583984,44.0,0.9440028667449951,0.0,4.725839138031006,2.8294029235839844
34450,0,calendar_2014_test,48.085792541503906,37.0,0.9437606334686279,0.0,4.746282577514648,11.085792541503906
34451,0,calendar_2014_test,42.32462692260742,40.0,0.9433735609054565,0.0,4.778952121734619,2.324626922607422
34452,0,calendar_2014_test,42.30081558227539,64.0,0.942908763885498,0.0,4.818178176879883,21.69918441772461
34453,0,calendar_2014_test,67.33358764648438,48.0,0.9250377416610718,0.0,6.326388359069824,19.333587646484375
34454,0,calendar_2014_test,49.348934173583984,56.0,0.9504498839378357,0.0,4.18174934387207,6.651065826416016
34455,0,calendar_2014_test,60.12955856323242,41.0,0.948026180267334,0.0,4.386292457580566,19.129558563232422
34456,0,calendar_2014_test,42.90215301513672,48.0,0.9481984376907349,0.0,4.371757507324219,5.097846984863281
34457,0,calendar_2014_test,49.735225677490234,29.0,0.9460226893424988,0.0,4.555379390716553,20.735225677490234
34458,0,calendar_2014_test,26.221540451049805,40.0,0.967046856880188,0.0,2.7810561656951904,13.778459548950195
34459,0,calendar_2014_test,40.71379470825195,42.0,0.9458906054496765,0.0,4.566523551940918,1.2862052917480469
34460,0,calendar_2014_test,43.22663116455078,47.0,0.9480459094047546,0.0,4.384631633758545,3.7733688354492188
34461,0,calendar_2014_test,45.84331512451172,51.0,0.9548541307449341,0.0,3.8100531101226807,5.156684875488281
34462,0,calendar_2014_test,51.48773193359375,69.0,0.945446789264679,0.0,4.603979110717773,17.51226806640625
34463,0,calendar_2014_test,69.33840942382812,79.0,0.949316143989563,0.0,4.27742862701416,9.661590576171875
34464,0,calendar_2014_test,77.45889282226562,90.0,0.922530472278595,0.0,6.537985801696777,12.541107177734375
34465,0,calendar_2014_test,85.24674224853516,83.0,0.898127019405365,0.0,8.597498893737793,2.2467422485351562
34466,0,calendar_2014_test,82.60624694824219,76.0,0.8826290965080261,0.0,9.905438423156738,6.6062469482421875
34467,0,calendar_2014_test,78.00640106201172,85.0,0.8974024653434753,0.0,8.658649444580078,6.993598937988281
34468,0,calendar_2014_test,79.10342407226562,72.0,0.9069491028785706,0.0,7.852968215942383,7.103424072265625
34469,0,calendar_2014_test,65.98490905761719,56.0,0.9332503080368042,0.0,5.633296966552734,9.984909057617188
34470,0,calendar_2014_test,49.91225051879883,45.0,0.9439520835876465,0.0,4.730127334594727,4.912250518798828
34471,0,calendar_2014_test,41.33393478393555,46.0,0.946964681148529,0.0,4.475881576538086,4.666065216064453
34472,0,calendar_2014_test,44.848636627197266,39.0,0.947364091873169,0.0,4.442171573638916,5.848636627197266
34473,0,calendar_2014_test,37.221683502197266,49.0,0.9596658945083618,0.0,3.4039700031280518,11.778316497802734
34474,0,calendar_2014_test,49.8941764831543,49.0,0.9442143440246582,0.0,4.707993507385254,0.8941764831542969
34475,0,calendar_2014_test,50.91291809082031,62.0,0.9497480988502502,0.0,4.240976810455322,11.087081909179688
34476,0,calendar_2014_test,65.86930847167969,59.0,0.9259297251701355,0.0,6.251112461090088,6.8693084716796875
34477,0,calendar_2014_test,63.2060432434082,58.0,0.9421555399894714,0.0,4.881743431091309,5.206043243408203
34478,0,calendar_2014_test,61.83926773071289,59.0,0.9182906746864319,0.0,6.895804405212402,2.8392677307128906
34479,0,calendar_2014_test,61.77219772338867,60.0,0.9192826747894287,0.0,6.812085151672363,1.7721977233886719
34480,0,calendar_2014_test,62.58625030517578,72.0,0.924323320388794,0.0,6.386679172515869,9.413749694824219
34481,0,calendar_2014_test,76.94277954101562,71.0,0.9132758975028992,0.0,7.319019317626953,5.942779541015625
34482,0,calendar_2014_test,74.98038482666016,90.0,0.9285182356834412,0.0,6.032655239105225,15.019615173339844
34483,0,calendar_2014_test,93.05093383789062,120.0,0.8646024465560913,0.0,11.426785469055176,26.949066162109375
34484,0,calendar_2014_test,126.86920928955078,123.0,0.836965799331665,0.0,13.759161949157715,3.8692092895507812
34485,0,calendar_2014_test,120.68717193603516,132.0,0.8413139581680298,0.0,13.392202377319336,11.312828063964844
34486,0,calendar_2014_test,134.0069122314453,144.0,0.8035398125648499,0.0,16.580121994018555,9.993087768554688
34487,0,calendar_2014_test,146.05398559570312,154.0,0.8159153461456299,0.0,15.535698890686035,7.946014404296875
34488,0,calendar_2014_test,153.18067932128906,160.0,0.7893080115318298,0.0,17.781208038330078,6.8193206787109375
34489,0,calendar_2014_test,156.16769409179688,124.0,0.7975925207138062,0.0,17.082040786743164,32.167694091796875
34490,0,calendar_2014_test,106.32492065429688,95.0,0.8490902185440063,0.0,12.73592758178711,11.324920654296875
34491,0,calendar_2014_test,87.49723052978516,80.0,0.9165018796920776,0.0,7.046767234802246,7.497230529785156
34492,0,calendar_2014_test,80.54132843017578,72.0,0.8984107375144958,0.0,8.573554992675781,8.541328430175781
34493,0,calendar_2014_test,69.1029052734375,70.0,0.9341655969619751,0.0,5.556051254272461,0.8970947265625
34494,0,calendar_2014_test,66.80178833007812,58.0,0.9192885160446167,0.0,6.811590194702148,8.801788330078125
34495,0,calendar_2014_test,57.82323455810547,53.0,0.9414730072021484,0.0,4.939348220825195,4.823234558105469
34496,0,calendar_2014_test,50.53937530517578,54.0,0.9464016556739807,0.0,4.523395538330078,3.4606246948242188
34497,0,calendar_2014_test,53.32060241699219,44.0,0.9414268136024475,0.0,4.943246364593506,9.320602416992188
34498,0,calendar_2014_test,47.16004180908203,33.0,0.9290224313735962,0.0,5.990104675292969,14.160041809082031
34499,0,calendar_2014_test,34.22639465332031,46.0,0.9561446905136108,0.0,3.7011380195617676,11.773605346679688
34500,0,calendar_2014_test,50.752986907958984,42.0,0.9494353532791138,0.0,4.267367839813232,8.752986907958984
34501,0,calendar_2014_test,46.83184051513672,55.0,0.9460276365280151,0.0,4.554962635040283,8.168159484863281
34502,0,calendar_2014_test,54.78963088989258,15.0,0.9383130669593811,0.0,5.206024646759033,39.78963088989258
34503,0,calendar_2014_test,18.147932052612305,18.0,0.9642938375473022,0.0,3.0133960247039795,0.1479320526123047
34504,0,calendar_2014_test,20.583742141723633,17.0,0.9670051336288452,0.0,2.7845816612243652,3.583742141723633
34505,0,calendar_2014_test,17.73632049560547,22.0,0.9663372039794922,0.0,2.8409509658813477,4.263679504394531
34506,0,calendar_2014_test,20.701602935791016,22.0,0.9645425081253052,0.0,2.9924094676971436,1.2983970642089844
34507,0,calendar_2014_test,22.10338592529297,24.0,0.9662339687347412,0.0,2.8496601581573486,1.8966140747070312
34508,0,calendar_2014_test,20.570178985595703,21.0,0.9630776643753052,0.0,3.1160366535186768,0.4298210144042969
34509,0,calendar_2014_test,18.87624168395996,28.0,0.967572808265686,0.0,2.736668109893799,9.123758316040039
34510,0,calendar_2014_test,27.685054779052734,31.0,0.9563347101211548,0.0,3.685100793838501,3.3149452209472656
34511,0,calendar_2014_test,28.57666778564453,31.0,0.9582138657569885,0.0,3.526512622833252,2.4233322143554688
34512,0,calendar_2014_test,28.93149185180664,24.0,0.9662401676177979,0.0,2.8491406440734863,4.931491851806641
34513,0,calendar_2014_test,30.5679988861084,25.0,0.9614087343215942,0.0,3.2568819522857666,5.567998886108398
34514,0,calendar_2014_test,23.231718063354492,39.0,0.971049427986145,0.0,2.4432642459869385,15.768281936645508
34515,0,calendar_2014_test,34.86884689331055,38.0,0.9622294902801514,0.0,3.187617063522339,3.131153106689453
34516,0,calendar_2014_test,31.203413009643555,37.0,0.9607511162757874,0.0,3.31238055229187,5.796586990356445
34517,0,calendar_2014_test,35.365562438964844,36.0,0.9650141596794128,0.0,2.9526069164276123,0.6344375610351562
34518,0,calendar_2014_test,30.493854522705078,32.0,0.965685248374939,0.0,2.895972490310669,1.5061454772949219
34519,0,calendar_2014_test,25.942628860473633,30.0,0.9746585488319397,0.0,2.138676166534424,4.057371139526367
34520,0,calendar_2014_test,28.079450607299805,23.0,0.9686259627342224,0.0,2.647789716720581,5.079450607299805
34521,0,calendar_2014_test,25.85091209411621,20.0,0.9768974781036377,0.0,1.9497203826904297,5.850912094116211
34522,0,calendar_2014_test,21.59798812866211,28.0,0.9626052975654602,0.0,3.1559014320373535,6.402011871337891
34523,0,calendar_2014_test,31.114215850830078,43.0,0.9626975059509277,0.0,3.1481211185455322,11.885784149169922
34524,0,calendar_2014_test,44.87583541870117,53.0,0.9505184888839722,0.0,4.175959587097168,8.124164581298828
34525,0,calendar_2014_test,55.80988693237305,49.0,0.9551586508750916,0.0,3.784355640411377,6.809886932373047
34526,0,calendar_2014_test,53.02724838256836,53.0,0.94246906042099,0.0,4.855284690856934,0.027248382568359375
34527,0,calendar_2014_test,55.6004753112793,78.0,0.9434009790420532,0.0,4.776636123657227,22.399524688720703
34528,0,calendar_2014_test,73.77525329589844,86.0,0.9143237471580505,0.0,7.230587482452393,12.224746704101562
34529,0,calendar_2014_test,80.29109191894531,65.0,0.9268778562545776,0.0,6.171092987060547,15.291091918945312
34530,0,calendar_2014_test,54.322872161865234,58.0,0.9302464127540588,0.0,5.886806964874268,3.6771278381347656
34531,0,calendar_2014_test,50.807498931884766,53.0,0.9390033483505249,0.0,5.147770881652832,2.1925010681152344
34532,0,calendar_2014_test,47.55956268310547,26.0,0.9525339007377625,0.0,4.005868911743164,21.55956268310547
34533,0,calendar_2014_test,22.91562843322754,20.0,0.9727028608322144,0.0,2.303724527359009,2.915628433227539
34534,0,calendar_2014_test,18.719852447509766,12.0,0.9684539437294006,0.0,2.662307024002075,6.719852447509766
34535,0,calendar_2014_test,12.781160354614258,13.0,0.9763262867927551,0.0,1.997926115989685,0.2188396453857422
34536,0,calendar_2014_test,12.600692749023438,12.0,0.978986382484436,0.0,1.7734308242797852,0.6006927490234375
34537,0,calendar_2014_test,12.52375602722168,12.0,0.9735337495803833,0.0,2.233600616455078,0.5237560272216797
34538,0,calendar_2014_test,12.565813064575195,6.0,0.9768727421760559,0.0,1.9518077373504639,6.565813064575195
34539,0,calendar_2014_test,9.012816429138184,11.0,0.9773262739181519,0.0,1.9135335683822632,1.9871835708618164
34540,0,calendar_2014_test,9.751461029052734,6.0,0.978842556476593,0.0,1.7855662107467651,3.7514610290527344
34541,0,calendar_2014_test,8.099438667297363,6.0,0.9778566956520081,0.0,1.868770956993103,2.0994386672973633
34542,0,calendar_2014_test,8.034485816955566,11.0,0.9740757346153259,0.0,2.1878602504730225,2.9655141830444336
34543,0,calendar_2014_test,12.2985258102417,10.0,0.9754186868667603,0.0,2.074523687362671,2.298525810241699
34544,0,calendar_2014_test,14.190359115600586,9.0,0.972679615020752,0.0,2.3056840896606445,5.190359115600586
34545,0,calendar_2014_test,13.54831314086914,9.0,0.9747062921524048,0.0,2.1346473693847656,4.548313140869141
34546,0,calendar_2014_test,12.244855880737305,14.0,0.9760277271270752,0.0,2.0231218338012695,1.7551441192626953
34547,0,calendar_2014_test,20.129743576049805,21.0,0.9591842293739319,0.0,3.4446206092834473,0.8702564239501953
34548,0,calendar_2014_test,25.490253448486328,22.0,0.9622507095336914,0.0,3.1858246326446533,3.490253448486328
34549,0,calendar_2014_test,19.96662712097168,23.0,0.9695900082588196,0.0,2.5664315223693848,3.0333728790283203
34550,0,calendar_2014_test,28.460132598876953,27.0,0.9652013182640076,0.0,2.93681001663208,1.4601325988769531
34551,0,calendar_2014_test,26.349943161010742,42.0,0.9616249203681946,0.0,3.2386391162872314,15.650056838989258
34552,0,calendar_2014_test,44.486854553222656,50.0,0.9400825500488281,0.0,5.056694030761719,5.513145446777344
34553,0,calendar_2014_test,52.47991943359375,57.0,0.9346845149993896,0.0,5.512253761291504,4.52008056640625
34554,0,calendar_2014_test,49.36214065551758,29.0,0.9413004517555237,0.0,4.9539103507995605,20.362140655517578
34555,0,calendar_2014_test,24.045194625854492,26.0,0.9617937803268433,0.0,3.224388837814331,1.9548053741455078
34556,0,calendar_2014_test,21.652591705322266,23.0,0.9732943773269653,0.0,2.253801107406616,1.3474082946777344
34557,0,calendar_2014_test,19.13205337524414,18.0,0.9778351783752441,0.0,1.870583176612854,1.1320533752441406
34558,0,calendar_2014_test,17.21524429321289,15.0,0.9674585461616516,0.0,2.7463130950927734,2.2152442932128906
34559,0,calendar_2014_test,14.012385368347168,12.0,0.9787347316741943,0.0,1.7946691513061523,2.012385368347168
34560,0,calendar_2014_test,11.056463241577148,17.0,0.972040593624115,0.0,2.359614849090576,5.943536758422852
34561,0,calendar_2014_test,14.539982795715332,8.0,0.9701932072639465,0.0,2.515523672103882,6.539982795715332
34562,0,calendar_2014_test,8.411712646484375,10.0,0.9808704853057861,0.0,1.614422082901001,1.588287353515625
34563,0,calendar_2014_test,13.490004539489746,12.0,0.965876579284668,0.0,2.8798253536224365,1.490004539489746
34564,0,calendar_2014_test,15.818487167358398,19.0,0.9750064611434937,0.0,2.109313726425171,3.1815128326416016
34565,0,calendar_2014_test,18.410131454467773,21.0,0.9774245619773865,0.0,1.9052404165267944,2.5898685455322266
34566,0,calendar_2014_test,18.405214309692383,30.0,0.9680681228637695,0.0,2.694868803024292,11.594785690307617
34567,0,calendar_2014_test,28.013540267944336,33.0,0.9675549268722534,0.0,2.7381813526153564,4.986459732055664
34568,0,calendar_2014_test,31.837860107421875,28.0,0.9601234793663025,0.0,3.365351676940918,3.837860107421875
34569,0,calendar_2014_test,29.123441696166992,24.0,0.95611572265625,0.0,3.7035844326019287,5.123441696166992
34570,0,calendar_2014_test,29.706636428833008,31.0,0.9621576070785522,0.0,3.19368314743042,1.2933635711669922
34571,0,calendar_2014_test,35.74171829223633,40.0,0.9556032419204712,0.0,3.7468361854553223,4.258281707763672
34572,0,calendar_2014_test,45.35027313232422,29.0,0.9518226981163025,0.0,4.065891742706299,16.35027313232422
34573,0,calendar_2014_test,31.664623260498047,64.0,0.960102915763855,0.0,3.36708927154541,32.33537673950195
34574,0,calendar_2014_test,56.621524810791016,38.0,0.9383537769317627,0.0,5.202592849731445,18.621524810791016
34575,0,calendar_2014_test,31.98091697692871,19.0,0.9552679657936096,0.0,3.7751314640045166,12.980916976928711
34576,0,calendar_2014_test,26.417583465576172,23.0,0.9655147194862366,0.0,2.9103634357452393,3.417583465576172
34577,0,calendar_2014_test,21.41067886352539,13.0,0.965999186038971,0.0,2.869474411010742,8.41067886352539
34578,0,calendar_2014_test,16.357196807861328,15.0,0.968364953994751,0.0,2.6698191165924072,1.3571968078613281
34579,0,calendar_2014_test,15.86308765411377,21.0,0.9658559560775757,0.0,2.8815624713897705,5.1369123458862305
34580,0,calendar_2014_test,19.36810874938965,18.0,0.962658166885376,0.0,3.1514363288879395,1.3681087493896484
34581,0,calendar_2014_test,21.46426010131836,19.0,0.9716766476631165,0.0,2.3903284072875977,2.4642601013183594
34582,0,calendar_2014_test,17.943151473999023,38.0,0.9647607207298279,0.0,2.9739928245544434,20.056848526000977
34583,0,calendar_2014_test,34.14686584472656,36.0,0.946025013923645,0.0,4.555180549621582,1.8531341552734375
34584,0,calendar_2014_test,37.462100982666016,36.0,0.9526033401489258,0.0,4.000008583068848,1.4621009826660156
34585,0,calendar_2014_test,36.23396301269531,53.0,0.947474479675293,0.0,4.432855606079102,16.766036987304688
34586,0,calendar_2014_test,45.71257019042969,55.0,0.9400015473365784,0.0,5.063529014587402,9.287429809570312
34587,0,calendar_2014_test,48.873165130615234,43.0,0.9560593366622925,0.0,3.708341121673584,5.873165130615234
34588,0,calendar_2014_test,38.35287094116211,38.0,0.9548428058624268,0.0,3.811011552810669,0.3528709411621094
34589,0,calendar_2014_test,32.051551818847656,26.0,0.9648647308349609,0.0,2.965219497680664,6.051551818847656
34590,0,calendar_2014_test,24.094646453857422,17.0,0.9494271278381348,0.0,4.268063068389893,7.094646453857422
34591,0,calendar_2014_test,18.379270553588867,17.0,0.9621695876121521,0.0,3.1926724910736084,1.3792705535888672
34592,0,calendar_2014_test,18.194440841674805,15.0,0.9715193510055542,0.0,2.403604507446289,3.1944408416748047
34593,0,calendar_2014_test,18.80364418029785,19.0,0.9649713635444641,0.0,2.9562177658081055,0.19635581970214844
34594,0,calendar_2014_test,21.035802841186523,21.0,0.9590930938720703,0.0,3.452310085296631,0.03580284118652344
34595,0,calendar_2014_test,26.46701431274414,24.0,0.962271511554718,0.0,3.1840691566467285,2.4670143127441406
34596,0,calendar_2014_test,29.859975814819336,24.0,0.9614042043685913,0.0,3.257268190383911,5.859975814819336
34597,0,calendar_2014_test,30.110719680786133,26.0,0.9598413109779358,0.0,3.3891665935516357,4.110719680786133
34598,0,calendar_2014_test,31.110271453857422,24.0,0.9628586769104004,0.0,3.1345181465148926,7.110271453857422
34599,0,calendar_2014_test,27.5345516204834,21.0,0.9596309065818787,0.0,3.4069225788116455,6.534551620483398
34600,0,calendar_2014_test,21.959075927734375,29.0,0.964790403842926,0.0,2.971492052078247,7.040924072265625
34601,0,calendar_2014_test,31.53369903564453,19.0,0.9498729109764099,0.0,4.230439186096191,12.533699035644531
34602,0,calendar_2014_test,19.4915714263916,22.0,0.962721586227417,0.0,3.146087646484375,2.5084285736083984
34603,0,calendar_2014_test,21.185665130615234,22.0,0.971950888633728,0.0,2.36718487739563,0.8143348693847656
34604,0,calendar_2014_test,21.0717716217041,16.0,0.9645232558250427,0.0,2.9940333366394043,5.071771621704102
34605,0,calendar_2014_test,16.93735122680664,28.0,0.9672635793685913,0.0,2.762768030166626,11.06264877319336
34606,0,calendar_2014_test,27.734582901000977,35.0,0.9569831490516663,0.0,3.6303794384002686,7.265417098999023
34607,0,calendar_2014_test,34.69242858886719,17.0,0.9598143696784973,0.0,3.391439914703369,17.692428588867188
34608,0,calendar_2014_test,18.21904945373535,25.0,0.9796855449676514,0.0,1.7144241333007812,6.780950546264648
34609,0,calendar_2014_test,21.886655807495117,27.0,0.9720078706741333,0.0,2.3623745441436768,5.113344192504883
34610,0,calendar_2014_test,28.06232261657715,26.0,0.9620053768157959,0.0,3.2065281867980957,2.0623226165771484
34611,0,calendar_2014_test,24.847700119018555,26.0,0.9686701893806458,0.0,2.6440589427948,1.1522998809814453
34612,0,calendar_2014_test,29.223241806030273,28.0,0.9699518084526062,0.0,2.535897731781006,1.2232418060302734
34613,0,calendar_2014_test,29.163272857666016,42.0,0.9673982858657837,0.0,2.7514002323150635,12.836727142333984
34614,0,calendar_2014_test,41.40959548950195,48.0,0.9508602023124695,0.0,4.147117614746094,6.590404510498047
34615,0,calendar_2014_test,47.135597229003906,31.0,0.9428593516349792,0.0,4.822348117828369,16.135597229003906
34616,0,calendar_2014_test,30.486106872558594,27.0,0.9513580799102783,0.0,4.105103015899658,3.4861068725585938
34617,0,calendar_2014_test,29.298173904418945,26.0,0.9666936993598938,0.0,2.8108623027801514,3.2981739044189453
34618,0,calendar_2014_test,27.655790328979492,35.0,0.9634237289428711,0.0,3.0868279933929443,7.344209671020508
34619,0,calendar_2014_test,37.097145080566406,32.0,0.9580938816070557,0.0,3.5366387367248535,5.097145080566406
34620,0,calendar_2014_test,35.46793746948242,38.0,0.963708758354187,0.0,3.0627739429473877,2.532062530517578
34621,0,calendar_2014_test,35.67741012573242,37.0,0.9716086387634277,0.0,2.3960671424865723,1.3225898742675781
34622,0,calendar_2014_test,41.14604568481445,26.0,0.9506545662879944,0.0,4.164473533630371,15.146045684814453
34623,0,calendar_2014_test,28.92585563659668,17.0,0.9572204351425171,0.0,3.610354423522949,11.92585563659668
34624,0,calendar_2014_test,22.05699348449707,32.0,0.9600024819374084,0.0,3.375565528869629,9.94300651550293
34625,0,calendar_2014_test,34.00539016723633,26.0,0.9471958875656128,0.0,4.45636510848999,8.005390167236328
34626,0,calendar_2014_test,26.67856788635254,34.0,0.9615893959999084,0.0,3.2416372299194336,7.321432113647461
34627,0,calendar_2014_test,31.75901222229004,32.0,0.9600078463554382,0.0,3.3751115798950195,0.24098777770996094
34628,0,calendar_2014_test,33.19313049316406,23.0,0.953652560710907,0.0,3.9114620685577393,10.193130493164062
34629,0,calendar_2014_test,24.835453033447266,35.0,0.9586935639381409,0.0,3.4860265254974365,10.164546966552734
34630,0,calendar_2014_test,36.33611297607422,71.0,0.9455746412277222,0.0,4.593190670013428,34.66388702392578
34631,0,calendar_2014_test,72.59626007080078,102.0,0.9084739089012146,0.0,7.724280834197998,29.40373992919922
34632,0,calendar_2014_test,99.94393157958984,121.0,0.8995758295059204,0.0,8.47523021697998,21.056068420410156
34633,0,calendar_2014_test,112.2656021118164,114.0,0.873020350933075,0.0,10.716361999511719,1.7343978881835938
34634,0,calendar_2014_test,104.8602294921875,64.0,0.9014684557914734,0.0,8.315503120422363,40.8602294921875
34635,0,calendar_2014_test,49.57271957397461,47.0,0.946753203868866,0.0,4.49372673034668,2.5727195739746094
34636,0,calendar_2014_test,42.27906036376953,26.0,0.951092541217804,0.0,4.127512454986572,16.27906036376953
34637,0,calendar_2014_test,21.997453689575195,17.0,0.9810090661048889,0.0,1.602725625038147,4.997453689575195
34638,0,calendar_2014_test,17.77398681640625,12.0,0.9698425531387329,0.0,2.5451154708862305,5.77398681640625
34639,0,calendar_2014_test,15.996321678161621,17.0,0.9710533618927002,0.0,2.4429328441619873,1.003678321838379
34640,0,calendar_2014_test,19.03916358947754,34.0,0.9772222638130188,0.0,1.9223114252090454,14.960836410522461
34641,0,calendar_2014_test,34.60511016845703,48.0,0.965424656867981,0.0,2.9179630279541016,13.394889831542969
34642,0,calendar_2014_test,51.73894119262695,22.0,0.9581992626190186,0.0,3.5277438163757324,29.738941192626953
34643,0,calendar_2014_test,24.474123001098633,30.0,0.9519392848014832,0.0,4.0560503005981445,5.525876998901367
34644,0,calendar_2014_test,37.18552017211914,27.0,0.9376880526542664,0.0,5.258775234222412,10.18552017211914
34645,0,calendar_2014_test,32.238075256347656,24.0,0.9542587995529175,0.0,3.860295534133911,8.238075256347656
34646,0,calendar_2014_test,30.506746292114258,28.0,0.9560396075248718,0.0,3.710005521774292,2.506746292114258
34647,0,calendar_2014_test,33.98334503173828,33.0,0.9693942070007324,0.0,2.5829529762268066,0.9833450317382812
34648,0,calendar_2014_test,40.344764709472656,55.0,0.9641053080558777,0.0,3.0293078422546387,14.655235290527344
34649,0,calendar_2014_test,61.41670608520508,70.0,0.9170027375221252,0.0,7.004498481750488,8.583293914794922
34650,0,calendar_2014_test,73.38224029541016,71.0,0.9170063138008118,0.0,7.004194736480713,2.3822402954101562
34651,0,calendar_2014_test,67.15860748291016,88.0,0.91243976354599,0.0,7.389584541320801,20.841392517089844
34652,0,calendar_2014_test,81.93140411376953,82.0,0.8931599259376526,0.0,9.016695022583008,0.06859588623046875
34653,0,calendar_2014_test,74.44920349121094,52.0,0.9224184155464172,0.0,6.5474467277526855,22.449203491210938
34654,0,calendar_2014_test,47.98683166503906,46.0,0.9476308226585388,0.0,4.419661045074463,1.9868316650390625
34655,0,calendar_2014_test,46.61954879760742,33.0,0.9351374506950378,0.0,5.474031448364258,13.619548797607422
34656,0,calendar_2014_test,32.35694885253906,37.0,0.9605574011802673,0.0,3.328732967376709,4.6430511474609375
34657,0,calendar_2014_test,33.73142623901367,49.0,0.9640361666679382,0.0,3.035144805908203,15.268573760986328
34658,0,calendar_2014_test,47.67093276977539,71.0,0.9378576278686523,0.0,5.244463920593262,23.32906723022461
34659,0,calendar_2014_test,66.84442901611328,68.0,0.9082309603691101,0.0,7.744786739349365,1.1555709838867188
34660,0,calendar_2014_test,63.58260726928711,48.0,0.9274981021881104,0.0,6.11875057220459,15.58260726928711
34661,0,calendar_2014_test,45.29954528808594,44.0,0.9487438797950745,0.0,4.325725555419922,1.2995452880859375
34662,0,calendar_2014_test,39.624717712402344,38.0,0.9494144916534424,0.0,4.269130229949951,1.6247177124023438
34663,0,calendar_2014_test,34.2556037902832,28.0,0.9583271145820618,0.0,3.5169548988342285,6.255603790283203
34664,0,calendar_2014_test,27.64212417602539,52.0,0.9695666432380676,0.0,2.568401575088501,24.35787582397461
34665,0,calendar_2014_test,53.12523651123047,63.0,0.9464978575706482,0.0,4.515278339385986,9.874763488769531
34666,0,calendar_2014_test,64.79553985595703,56.0,0.9278616905212402,0.0,6.088061809539795,8.795539855957031
34667,0,calendar_2014_test,59.71598815917969,61.0,0.9414015412330627,0.0,4.945378303527832,1.2840118408203125
34668,0,calendar_2014_test,63.69508361816406,74.0,0.9227228164672852,0.0,6.521756649017334,10.304916381835938
34669,0,calendar_2014_test,82.89368438720703,80.0,0.931562066078186,0.0,5.775773525238037,2.8936843872070312
34670,0,calendar_2014_test,84.91997528076172,89.0,0.9030898213386536,0.0,8.178668022155762,4.080024719238281
34671,0,calendar_2014_test,93.41666412353516,97.0,0.9031847715377808,0.0,8.170655250549316,3.5833358764648438
34672,0,calendar_2014_test,101.55574798583984,172.0,0.8693017363548279,0.0,11.030192375183105,70.44425201416016
34673,0,calendar_2014_test,172.5936737060547,209.0,0.7834411859512329,0.0,18.27633285522461,36.40632629394531
34674,0,calendar_2014_test,200.3299102783203,72.0,0.7288035154342651,0.0,22.8874454498291,128.3299102783203
34675,0,calendar_2014_test,57.39645767211914,19.0,0.9203943014144897,0.0,6.718267440795898,38.39645767211914
34676,0,calendar_2014_test,27.0347957611084,23.0,0.9643964767456055,0.0,3.00473690032959,4.034795761108398
34677,0,calendar_2014_test,29.813936233520508,31.0,0.9504238963127136,0.0,4.1839423179626465,1.1860637664794922
34678,0,calendar_2014_test,30.056562423706055,27.0,0.9631112813949585,0.0,3.1132006645202637,3.0565624237060547
34679,0,calendar_2014_test,28.618772506713867,33.0,0.9501827955245972,0.0,4.204291343688965,4.381227493286133
34680,0,calendar_2014_test,34.193302154541016,38.0,0.955015242099762,0.0,3.796456813812256,3.8066978454589844
34681,0,calendar_2014_test,37.511619567871094,36.0,0.9548026323318481,0.0,3.8144028186798096,1.5116195678710938
34682,0,calendar_2014_test,37.06112289428711,39.0,0.955682098865509,0.0,3.740180253982544,1.9388771057128906
34683,0,calendar_2014_test,34.64296340942383,44.0,0.9553707838058472,0.0,3.7664520740509033,9.357036590576172
34684,0,calendar_2014_test,41.58354187011719,37.0,0.9484097957611084,0.0,4.35391902923584,4.5835418701171875
34685,0,calendar_2014_test,41.66899108886719,36.0,0.9608610272407532,0.0,3.303107738494873,5.6689910888671875
34686,0,calendar_2014_test,37.54276657104492,28.0,0.9553982615470886,0.0,3.7641355991363525,9.542766571044922
34687,0,calendar_2014_test,30.186254501342773,38.0,0.9586091041564941,0.0,3.493154764175415,7.813745498657227
34688,0,calendar_2014_test,38.29856491088867,23.0,0.9547808766365051,0.0,3.8162379264831543,15.298564910888672
34689,0,calendar_2014_test,27.135465621948242,20.0,0.968376100063324,0.0,2.668877601623535,7.135465621948242
34690,0,calendar_2014_test,26.730030059814453,20.0,0.9631949067115784,0.0,3.106142044067383,6.730030059814453
34691,0,calendar_2014_test,25.094511032104492,35.0,0.9645069241523743,0.0,2.995413064956665,9.905488967895508
34692,0,calendar_2014_test,37.38412857055664,44.0,0.9569826126098633,0.0,3.6304233074188232,6.615871429443359
34693,0,calendar_2014_test,48.5998420715332,55.0,0.9429826736450195,0.0,4.811938285827637,6.400157928466797
34694,0,calendar_2014_test,59.56840515136719,73.0,0.9324164986610413,0.0,5.703663349151611,13.431594848632812
34695,0,calendar_2014_test,77.95842742919922,81.0,0.8972252011299133,0.0,8.673608779907227,3.0415725708007812
34696,0,calendar_2014_test,85.78755187988281,93.0,0.8841838240623474,0.0,9.774225234985352,7.2124481201171875
34697,0,calendar_2014_test,94.5843505859375,91.0,0.9013105630874634,0.0,8.328828811645508,3.5843505859375
34698,0,calendar_2014_test,92.05703735351562,51.0,0.9096856117248535,0.0,7.622023105621338,41.057037353515625
34699,0,calendar_2014_test,47.6666374206543,56.0,0.9371187686920166,0.0,5.30681848526001,8.333362579345703
34700,0,calendar_2014_test,57.84330368041992,56.0,0.9422786235809326,0.0,4.87135648727417,1.8433036804199219
34701,0,calendar_2014_test,52.495662689208984,34.0,0.9372928738594055,0.0,5.292126178741455,18.495662689208984
34702,0,calendar_2014_test,31.959383010864258,35.0,0.9607017636299133,0.0,3.316549062728882,3.040616989135742
34703,0,calendar_2014_test,33.67481231689453,27.0,0.96092289686203,0.0,3.2978835105895996,6.674812316894531
34704,0,calendar_2014_test,25.897783279418945,26.0,0.9597028493881226,0.0,3.4008514881134033,0.10221672058105469
34705,0,calendar_2014_test,24.87924575805664,39.0,0.9665123224258423,0.0,2.8261685371398926,14.12075424194336
34706,0,calendar_2014_test,38.52415466308594,35.0,0.9537414908409119,0.0,3.903954029083252,3.5241546630859375
34707,0,calendar_2014_test,41.31498718261719,38.0,0.950688362121582,0.0,4.161620140075684,3.3149871826171875
34708,0,calendar_2014_test,43.242759704589844,59.0,0.953296422958374,0.0,3.941514730453491,15.757240295410156
34709,0,calendar_2014_test,62.33314514160156,69.0,0.9447439312934875,0.0,4.663296699523926,6.6668548583984375
34710,0,calendar_2014_test,68.36943054199219,80.0,0.9229556322097778,0.0,6.502107620239258,11.630569458007812
34711,0,calendar_2014_test,81.58927154541016,74.0,0.892103910446167,0.0,9.105814933776855,7.589271545410156
34712,0,calendar_2014_test,19.17296028137207,59.0,0.9739579558372498,0.0,2.197800397872925,39.82703971862793
34713,0,calendar_2014_test,59.522483825683594,74.0,0.9195932149887085,0.0,6.785877704620361,14.477516174316406
34714,0,calendar_2014_test,77.83011627197266,80.0,0.8868771195411682,0.0,9.546927452087402,2.1698837280273438
34715,0,calendar_2014_test,81.50177764892578,84.0,0.9119427800178528,0.0,7.431528568267822,2.4982223510742188
34716,0,calendar_2014_test,90.1783676147461,78.0,0.9097864627838135,0.0,7.613511562347412,12.178367614746094
34717,0,calendar_2014_test,78.58782196044922,70.0,0.8932003974914551,0.0,9.013280868530273,8.587821960449219
34718,0,calendar_2014_test,72.26256561279297,73.0,0.9104576110839844,0.0,7.556869983673096,0.7374343872070312
34719,0,calendar_2014_test,77.22602081298828,71.0,0.8886348009109497,0.0,9.398591041564941,6.226020812988281
34720,0,calendar_2014_test,73.28018951416016,68.0,0.8864380121231079,0.0,9.58398723602295,5.280189514160156
34721,0,calendar_2014_test,69.54312133789062,88.0,0.942807137966156,0.0,4.82675313949585,18.456878662109375
34722,0,calendar_2014_test,89.59967803955078,99.0,0.8793268799781799,0.0,10.184125900268555,9.400321960449219
34723,0,calendar_2014_test,101.03778839111328,104.0,0.8722111582756042,0.0,10.784650802612305,2.9622116088867188
34724,0,calendar_2014_test,108.9770278930664,106.0,0.851757824420929,0.0,12.510795593261719,2.9770278930664062
34725,0,calendar_2014_test,106.43800354003906,115.0,0.892789363861084,0.0,9.04797077178955,8.561996459960938
34726,0,calendar_2014_test,116.70027923583984,112.0,0.8691113591194153,0.0,11.046258926391602,4.700279235839844
34727,0,calendar_2014_test,110.24925994873047,114.0,0.879420280456543,0.0,10.176241874694824,3.7507400512695312
34728,0,calendar_2014_test,115.61699676513672,107.0,0.8801722526550293,0.0,10.112780570983887,8.616996765136719
34729,0,calendar_2014_test,104.67424011230469,99.0,0.8758862018585205,0.0,10.474498748779297,5.6742401123046875
34730,0,calendar_2014_test,92.766845703125,81.0,0.9030548334121704,0.0,8.181622505187988,11.766845703125
34731,0,calendar_2014_test,75.26692962646484,69.0,0.8882091045379639,0.0,9.434516906738281,6.266929626464844
34732,0,calendar_2014_test,62.76487731933594,69.0,0.9447033405303955,0.0,4.666721343994141,6.2351226806640625
34733,0,calendar_2014_test,65.83563995361328,77.0,0.9188480377197266,0.0,6.848764419555664,11.164360046386719
34734,0,calendar_2014_test,21.515398025512695,23.0,0.9584529995918274,0.0,3.506331205368042,1.4846019744873047
34735,0,calendar_2014_test,18.507173538208008,21.0,0.9636916518211365,0.0,3.0642189979553223,2.492826461791992
34736,0,calendar_2014_test,21.84952735900879,23.0,0.9641273617744446,0.0,3.027446985244751,1.150472640991211
34737,0,calendar_2014_test,21.357210159301758,18.0,0.950714111328125,0.0,4.159447193145752,3.357210159301758
34738,0,calendar_2014_test,16.21758270263672,24.0,0.9682133197784424,0.0,2.682616710662842,7.782417297363281
34739,0,calendar_2014_test,21.28544044494629,30.0,0.9641233682632446,0.0,3.0277838706970215,8.714559555053711
34740,0,calendar_2014_test,27.893526077270508,19.0,0.9651625156402588,0.0,2.9400835037231445,8.893526077270508
34741,0,calendar_2014_test,18.621726989746094,23.0,0.9686254262924194,0.0,2.647834539413452,4.378273010253906
34742,0,calendar_2014_test,22.22450828552246,19.0,0.9690613150596619,0.0,2.61104679107666,3.224508285522461
34743,0,calendar_2014_test,19.81192970275879,22.0,0.967949390411377,0.0,2.7048869132995605,2.188070297241211
34744,0,calendar_2014_test,22.560009002685547,31.0,0.9685394763946533,0.0,2.6550893783569336,8.439990997314453
34745,0,calendar_2014_test,29.501407623291016,42.0,0.9648317098617554,0.0,2.968005657196045,12.498592376708984
34746,0,calendar_2014_test,43.77874755859375,41.0,0.955849289894104,0.0,3.726067304611206,2.77874755859375
34747,0,calendar_2014_test,40.92149353027344,56.0,0.9534438252449036,0.0,3.9290781021118164,15.078506469726562
34748,0,calendar_2014_test,55.47259521484375,72.0,0.9308058023452759,0.0,5.839597702026367,16.52740478515625
34749,0,calendar_2014_test,72.18448638916016,76.0,0.9164351224899292,0.0,7.052401542663574,3.8155136108398438
34750,0,calendar_2014_test,77.77174377441406,87.0,0.9086852669715881,0.0,7.70644474029541,9.228256225585938
34751,0,calendar_2014_test,87.0658187866211,91.0,0.8971327543258667,0.0,8.681408882141113,3.9341812133789062
34752,0,calendar_2014_test,90.73001861572266,97.0,0.8847843408584595,0.0,9.723546028137207,6.269981384277344
34753,0,calendar_2014_test,102.11063385009766,110.0,0.8889894485473633,0.0,9.368659973144531,7.889366149902344
34754,0,calendar_2014_test,114.76884460449219,124.0,0.8418929576873779,0.0,13.343337059020996,9.231155395507812
34755,0,calendar_2014_test,125.72425079345703,123.0,0.8122466802597046,0.0,15.845311164855957,2.7242507934570312
34756,0,calendar_2014_test,121.9675064086914,110.0,0.8641117811203003,0.0,11.468192100524902,11.967506408691406
34757,0,calendar_2014_test,107.77999877929688,115.0,0.8585430383682251,0.0,11.938161849975586,7.220001220703125
34758,0,calendar_2014_test,117.8526611328125,120.0,0.8442601561546326,0.0,13.143558502197266,2.1473388671875
34759,0,calendar_2014_test,116.02091979980469,149.0,0.8585540056228638,0.0,11.937236785888672,32.97908020019531
34760,0,calendar_2014_test,152.92640686035156,142.0,0.8206745386123657,0.0,15.134051322937012,10.926406860351562
34761,0,calendar_2014_test,140.03546142578125,142.0,0.8485558032989502,0.0,12.781028747558594,1.96453857421875
34762,0,calendar_2014_test,139.1118621826172,128.0,0.8418365120887756,0.0,13.348097801208496,11.111862182617188
34763,0,calendar_2014_test,125.29444885253906,120.0,0.820874810218811,0.0,15.117146492004395,5.2944488525390625
34764,0,calendar_2014_test,120.94391632080078,138.0,0.8384533524513245,0.0,13.633617401123047,17.05608367919922
34765,0,calendar_2014_test,140.641845703125,134.0,0.8222371339797974,0.0,15.002174377441406,6.641845703125
34766,0,calendar_2014_test,132.6984100341797,153.0,0.8189920783042908,0.0,15.27603816986084,20.301589965820312
34767,0,calendar_2014_test,153.48875427246094,133.0,0.832891583442688,0.0,14.10300350189209,20.488754272460938
34768,0,calendar_2014_test,119.28176879882812,134.0,0.8413785099983215,0.0,13.386752128601074,14.718231201171875
34769,0,calendar_2014_test,123.8906478881836,116.0,0.8494469523429871,0.0,12.705822944641113,7.890647888183594
34770,0,calendar_2014_test,109.48699188232422,106.0,0.8662186861038208,0.0,11.290385246276855,3.4869918823242188
34771,0,calendar_2014_test,98.8626937866211,87.0,0.8835957050323486,0.0,9.823859214782715,11.862693786621094
34772,0,calendar_2014_test,89.44873809814453,83.0,0.9103875160217285,0.0,7.562784194946289,6.448738098144531
34773,0,calendar_2014_test,82.87138366699219,108.0,0.9004182815551758,0.0,8.404129981994629,25.128616333007812
34774,0,calendar_2014_test,114.99414825439453,95.0,0.8974204659461975,0.0,8.65712833404541,19.99414825439453
34775,0,calendar_2014_test,96.71720886230469,104.0,0.8913946151733398,0.0,9.165675163269043,7.2827911376953125
34776,0,calendar_2014_test,107.45413970947266,118.0,0.8884233236312866,0.0,9.416437149047852,10.545860290527344
34777,0,calendar_2014_test,125.40093231201172,133.0,0.8521814346313477,0.0,12.475046157836914,7.599067687988281
34778,0,calendar_2014_test,141.1387176513672,151.0,0.8655892014503479,0.0,11.343506813049316,9.861282348632812
34779,0,calendar_2014_test,153.3688507080078,171.0,0.8188128471374512,0.0,15.291163444519043,17.631149291992188
34780,0,calendar_2014_test,162.29074096679688,35.0,0.8324897289276123,0.0,14.13691234588623,127.29074096679688
34781,0,calendar_2014_test,26.681407928466797,26.0,0.9595732688903809,0.0,3.4117870330810547,0.6814079284667969
34782,0,calendar_2014_test,24.998035430908203,20.0,0.9548107981681824,0.0,3.8137097358703613,4.998035430908203
34783,0,calendar_2014_test,20.6119384765625,25.0,0.9666039943695068,0.0,2.818434238433838,4.3880615234375
34784,0,calendar_2014_test,21.232789993286133,31.0,0.9638827443122864,0.0,3.048090934753418,9.767210006713867
34785,0,calendar_2014_test,33.40270233154297,35.0,0.9417065382003784,0.0,4.9196367263793945,1.5972976684570312
34786,0,calendar_2014_test,41.364925384521484,39.0,0.9347329139709473,0.0,5.508172988891602,2.3649253845214844
34787,0,calendar_2014_test,43.78343963623047,45.0,0.9432886838912964,0.0,4.786112308502197,1.2165603637695312
34788,0,calendar_2014_test,47.87989044189453,29.0,0.9366774559020996,0.0,5.344065189361572,18.87989044189453
34789,0,calendar_2014_test,27.093624114990234,3.0,0.962819516658783,0.0,3.1378226280212402,24.093624114990234
34790,0,calendar_2014_test,10.404858589172363,6.0,0.9729208946228027,0.0,2.28532338142395,4.404858589172363
34791,0,calendar_2014_test,8.74683666229248,7.0,0.9793086647987366,0.0,1.746231198310852,1.7468366622924805
34792,0,calendar_2014_test,9.394761085510254,5.0,0.9833017587661743,0.0,1.409237265586853,4.394761085510254
34793,0,calendar_2014_test,8.976816177368164,4.0,0.9712488055229187,0.0,2.4264371395111084,4.976816177368164
34794,0,calendar_2014_test,9.310912132263184,8.0,0.9794554710388184,0.0,1.733843445777893,1.3109121322631836
34795,0,calendar_2014_test,10.511242866516113,6.0,0.9721007943153381,0.0,2.354534864425659,4.511242866516113
34796,0,calendar_2014_test,8.687555313110352,10.0,0.9767133593559265,0.0,1.9652605056762695,1.3124446868896484
34797,0,calendar_2014_test,10.348368644714355,7.0,0.9783154129981995,0.0,1.8300554752349854,3.3483686447143555
34798,0,calendar_2014_test,11.201690673828125,6.0,0.974427342414856,0.0,2.1581859588623047,5.201690673828125
34799,0,calendar_2014_test,15.287493705749512,7.0,0.9667375087738037,0.0,2.8071675300598145,8.287493705749512
34800,0,calendar_2014_test,15.849981307983398,12.0,0.9733179807662964,0.0,2.251812696456909,3.8499813079833984
34801,0,calendar_2014_test,19.2449951171875,17.0,0.9666205644607544,0.0,2.8170371055603027,2.2449951171875
34802,0,calendar_2014_test,21.918153762817383,46.0,0.9689832925796509,0.0,2.617636203765869,24.081846237182617
34803,0,calendar_2014_test,44.83550262451172,44.0,0.9305629134178162,0.0,5.860095500946045,0.8355026245117188
34804,0,calendar_2014_test,47.312660217285156,38.0,0.9431521892547607,0.0,4.79763126373291,9.312660217285156
34805,0,calendar_2014_test,42.26898193359375,25.0,0.9514415860176086,0.0,4.098056316375732,17.26898193359375
34806,0,calendar_2014_test,25.491497039794922,16.0,0.9580081701278687,0.0,3.543872594833374,9.491497039794922
34807,0,calendar_2014_test,17.67786407470703,27.0,0.9684528112411499,0.0,2.6624057292938232,9.322135925292969
34808,0,calendar_2014_test,24.064552307128906,24.0,0.9697632789611816,0.0,2.551806926727295,0.06455230712890625
34809,0,calendar_2014_test,22.155582427978516,27.0,0.9657673239707947,0.0,2.889045238494873,4.844417572021484
34810,0,calendar_2014_test,24.962039947509766,19.0,0.9726690053939819,0.0,2.3065831661224365,5.962039947509766
34811,0,calendar_2014_test,19.531192779541016,15.0,0.9707998037338257,0.0,2.4643290042877197,4.531192779541016
34812,0,calendar_2014_test,16.590957641601562,16.0,0.971427321434021,0.0,2.4113705158233643,0.5909576416015625
34813,0,calendar_2014_test,15.767022132873535,17.0,0.9702147245407104,0.0,2.5137076377868652,1.2329778671264648
34814,0,calendar_2014_test,16.21768569946289,17.0,0.9787951111793518,0.0,1.7895714044570923,0.7823143005371094
34815,0,calendar_2014_test,15.703319549560547,10.0,0.975196897983551,0.0,2.0932419300079346,5.703319549560547
34816,0,calendar_2014_test,10.020442962646484,7.0,0.9791233539581299,0.0,1.7618683576583862,3.0204429626464844
34817,0,calendar_2014_test,9.548786163330078,7.0,0.9803451299667358,0.0,1.6587576866149902,2.548786163330078
34818,0,calendar_2014_test,7.818680286407471,9.0,0.9792430996894836,0.0,1.7517658472061157,1.1813197135925293
34819,0,calendar_2014_test,9.222970008850098,7.0,0.9769320487976074,0.0,1.9468058347702026,2.2229700088500977
34820,0,calendar_2014_test,11.062041282653809,9.0,0.9723431468009949,0.0,2.3340811729431152,2.0620412826538086
34821,0,calendar_2014_test,11.48499584197998,6.0,0.9693799614906311,0.0,2.5841593742370605,5.4849958419799805
34822,0,calendar_2014_test,11.86114501953125,6.0,0.9779256582260132,0.0,1.8629484176635742,5.86114501953125
34823,0,calendar_2014_test,11.467656135559082,8.0,0.9826353788375854,0.0,1.4654769897460938,3.467656135559082
34824,0,calendar_2014_test,13.183236122131348,11.0,0.9635657072067261,0.0,3.0748491287231445,2.1832361221313477
34825,0,calendar_2014_test,17.252750396728516,18.0,0.9676117300987244,0.0,2.7333879470825195,0.7472496032714844
34826,0,calendar_2014_test,24.076393127441406,21.0,0.9709694385528564,0.0,2.450016736984253,3.0763931274414062
34827,0,calendar_2014_test,24.050447463989258,30.0,0.9681686162948608,0.0,2.6863865852355957,5.949552536010742
34828,0,calendar_2014_test,31.45955467224121,26.0,0.9678794145584106,0.0,2.710796594619751,5.459554672241211
34829,0,calendar_2014_test,27.692026138305664,26.0,0.9739519357681274,0.0,2.198310375213623,1.692026138305664
34830,0,calendar_2014_test,27.66153907775879,41.0,0.9514386057853699,0.0,4.098307132720947,13.338460922241211
34831,0,calendar_2014_test,43.03247833251953,35.0,0.9567980766296387,0.0,3.645998954772949,8.032478332519531
34832,0,calendar_2014_test,32.4056282043457,39.0,0.9580141305923462,0.0,3.543367385864258,6.594371795654297
34833,0,calendar_2014_test,35.06007385253906,40.0,0.9632419347763062,0.0,3.1021742820739746,4.9399261474609375
34834,0,calendar_2014_test,36.696956634521484,23.0,0.9608033895492554,0.0,3.3079707622528076,13.696956634521484
34835,0,calendar_2014_test,21.83254623413086,27.0,0.9723491668701172,0.0,2.3335742950439453,5.167453765869141
34836,0,calendar_2014_test,24.519670486450195,15.0,0.9659237265586853,0.0,2.8758456707000732,9.519670486450195
34837,0,calendar_2014_test,15.331194877624512,19.0,0.9723291993141174,0.0,2.3352582454681396,3.6688051223754883
34838,0,calendar_2014_test,15.629015922546387,19.0,0.9753289222717285,0.0,2.082099199295044,3.3709840774536133
34839,0,calendar_2014_test,15.953227043151855,17.0,0.9801592230796814,0.0,1.674447774887085,1.0467729568481445
34840,0,calendar_2014_test,13.75866413116455,17.0,0.97237628698349,0.0,2.3312861919403076,3.241335868835449
34841,0,calendar_2014_test,13.722075462341309,13.0,0.9702931046485901,0.0,2.507091760635376,0.7220754623413086
34842,0,calendar_2014_test,10.303548812866211,10.0,0.9789221286773682,0.0,1.7788504362106323,0.30354881286621094
34843,0,calendar_2014_test,9.737898826599121,6.0,0.9739589095115662,0.0,2.1977221965789795,3.737898826599121
34844,0,calendar_2014_test,7.522735118865967,8.0,0.9777472019195557,0.0,1.87801194190979,0.4772648811340332
34845,0,calendar_2014_test,9.530425071716309,10.0,0.9809398651123047,0.0,1.6085684299468994,0.4695749282836914
34846,0,calendar_2014_test,11.379399299621582,6.0,0.9759965538978577,0.0,2.02575421333313,5.379399299621582
34847,0,calendar_2014_test,13.661072731018066,13.0,0.9696589708328247,0.0,2.56061053276062,0.6610727310180664
34848,0,calendar_2014_test,15.738237380981445,19.0,0.9763861894607544,0.0,1.9928696155548096,3.2617626190185547
34849,0,calendar_2014_test,22.147491455078125,27.0,0.9633603096008301,0.0,3.0921790599823,4.852508544921875
34850,0,calendar_2014_test,29.964693069458008,31.0,0.9716098308563232,0.0,2.3959689140319824,1.0353069305419922
34851,0,calendar_2014_test,33.495384216308594,29.0,0.9613776206970215,0.0,3.2595083713531494,4.495384216308594
34852,0,calendar_2014_test,29.015718460083008,39.0,0.964302659034729,0.0,3.012653350830078,9.984281539916992
34853,0,calendar_2014_test,43.67079544067383,57.0,0.9518197774887085,0.0,4.066139221191406,13.329204559326172
34854,0,calendar_2014_test,58.9197998046875,71.0,0.932549238204956,0.0,5.692462921142578,12.0802001953125
34855,0,calendar_2014_test,69.7005386352539,68.0,0.9060370326042175,0.0,7.929941654205322,1.7005386352539062
34856,0,calendar_2014_test,65.2699966430664,79.0,0.93116694688797,0.0,5.809117317199707,13.730003356933594
34857,0,calendar_2014_test,78.75520324707031,89.0,0.9122499227523804,0.0,7.4056077003479,10.244796752929688
34858,0,calendar_2014_test,85.71205139160156,45.0,0.8987937569618225,0.0,8.54123306274414,40.71205139160156
34859,0,calendar_2014_test,40.36570739746094,31.0,0.9449625015258789,0.0,4.6448516845703125,9.365707397460938
34860,0,calendar_2014_test,30.35638999938965,21.0,0.9609612822532654,0.0,3.2946441173553467,9.356389999389648
34861,0,calendar_2014_test,19.899635314941406,27.0,0.976152241230011,0.0,2.0126171112060547,7.100364685058594
34862,0,calendar_2014_test,23.00868034362793,24.0,0.9651506543159485,0.0,2.9410879611968994,0.9913196563720703
34863,0,calendar_2014_test,21.274126052856445,30.0,0.9787600040435791,0.0,1.792535662651062,8.725873947143555
34864,0,calendar_2014_test,24.4200439453125,25.0,0.9740404486656189,0.0,2.1908397674560547,0.5799560546875
34865,0,calendar_2014_test,26.592029571533203,38.0,0.9599804878234863,0.0,3.3774213790893555,11.407970428466797
34866,0,calendar_2014_test,32.224647521972656,43.0,0.9547897577285767,0.0,3.8154873847961426,10.775352478027344
34867,0,calendar_2014_test,37.75473403930664,48.0,0.9569281339645386,0.0,3.635023355484009,10.24526596069336
34868,0,calendar_2014_test,45.50775909423828,48.0,0.9506672620773315,0.0,4.163402557373047,2.4922409057617188
34869,0,calendar_2014_test,50.37809371948242,47.0,0.9416154026985168,0.0,4.927328109741211,3.378093719482422
34870,0,calendar_2014_test,46.82555389404297,63.0,0.947818398475647,0.0,4.403830528259277,16.17444610595703
34871,0,calendar_2014_test,60.57395935058594,62.0,0.9387689232826233,0.0,5.167557239532471,1.4260406494140625
34872,0,calendar_2014_test,61.72159957885742,67.0,0.9341095089912415,0.0,5.560781002044678,5.278400421142578
34873,0,calendar_2014_test,72.0429458618164,73.0,0.912621021270752,0.0,7.374288558959961,0.9570541381835938
34874,0,calendar_2014_test,80.21916198730469,82.0,0.8915594816207886,0.0,9.151765823364258,1.7808380126953125
34875,0,calendar_2014_test,84.2888412475586,94.0,0.9073745608329773,0.0,7.817059516906738,9.711158752441406
34876,0,calendar_2014_test,93.32129669189453,93.0,0.898675799369812,0.0,8.551186561584473,0.32129669189453125
34877,0,calendar_2014_test,92.67001342773438,89.0,0.9017866253852844,0.0,8.288650512695312,3.670013427734375
34878,0,calendar_2014_test,90.739501953125,90.0,0.8837511539459229,0.0,9.810742378234863,0.739501953125
34879,0,calendar_2014_test,92.62570190429688,100.0,0.920315146446228,0.0,6.724947452545166,7.374298095703125
34880,0,calendar_2014_test,94.559326171875,103.0,0.8971843719482422,0.0,8.677054405212402,8.440673828125
34881,0,calendar_2014_test,103.0474624633789,108.0,0.8656611442565918,0.0,11.337435722351074,4.952537536621094
34882,0,calendar_2014_test,107.15478515625,91.0,0.8669975996017456,0.0,11.224644660949707,16.15478515625
34883,0,calendar_2014_test,84.21339416503906,83.0,0.9137603044509888,0.0,7.278141975402832,1.2133941650390625
34884,0,calendar_2014_test,83.34638977050781,69.0,0.8968928456306458,0.0,8.701659202575684,14.346389770507812
34885,0,calendar_2014_test,67.83972930908203,64.0,0.9348605871200562,0.0,5.4973978996276855,3.8397293090820312
34886,0,calendar_2014_test,62.85957336425781,67.0,0.9245318174362183,0.0,6.369088172912598,4.1404266357421875
34887,0,calendar_2014_test,66.25318145751953,62.0,0.9293723702430725,0.0,5.960572242736816,4.253181457519531
34888,0,calendar_2014_test,62.6749153137207,68.0,0.9290043115615845,0.0,5.991634368896484,5.325084686279297
34889,0,calendar_2014_test,63.111717224121094,66.0,0.9213681221008301,0.0,6.636085510253906,2.8882827758789062
34890,0,calendar_2014_test,67.3418197631836,60.0,0.9234512448310852,0.0,6.460281848907471,7.341819763183594
34891,0,calendar_2014_test,59.2825927734375,73.0,0.934874951839447,0.0,5.496181964874268,13.7174072265625
34892,0,calendar_2014_test,70.61344146728516,80.0,0.90043705701828,0.0,8.402546882629395,9.386558532714844
34893,0,calendar_2014_test,77.97867584228516,80.0,0.8997920751571655,0.0,8.45698070526123,2.0213241577148438
34894,0,calendar_2014_test,73.77171325683594,84.0,0.8953150510787964,0.0,8.834814071655273,10.228286743164062
34895,0,calendar_2014_test,80.07201385498047,98.0,0.8950245380401611,0.0,8.859333992004395,17.92798614501953
34896,0,calendar_2014_test,93.34020233154297,99.0,0.8984798192977905,0.0,8.567728042602539,5.659797668457031
34897,0,calendar_2014_test,87.55442810058594,129.0,0.8753300309181213,0.0,10.521434783935547,41.44557189941406
34898,0,calendar_2014_test,132.84312438964844,125.0,0.846036970615387,0.0,12.993606567382812,7.8431243896484375
34899,0,calendar_2014_test,126.16439056396484,74.0,0.8444468975067139,0.0,13.127795219421387,52.164390563964844
34900,0,calendar_2014_test,64.43690490722656,58.0,0.930063009262085,0.0,5.902282238006592,6.4369049072265625
34901,0,calendar_2014_test,62.15672302246094,79.0,0.9296808838844299,0.0,5.934535026550293,16.843276977539062
34902,0,calendar_2014_test,78.66405487060547,77.0,0.9211968183517456,0.0,6.650539875030518,1.6640548706054688
34903,0,calendar_2014_test,76.80736541748047,80.0,0.9115121960639954,0.0,7.467868328094482,3.1926345825195312
34904,0,calendar_2014_test,76.21129608154297,85.0,0.9351273775100708,0.0,5.47488260269165,8.788703918457031
34905,0,calendar_2014_test,87.2835922241211,74.0,0.8874037861824036,0.0,9.502482414245605,13.283592224121094
34906,0,calendar_2014_test,72.3156967163086,78.0,0.9485253691673279,0.0,4.3441643714904785,5.684303283691406
34907,0,calendar_2014_test,83.42961120605469,90.0,0.8944618701934814,0.0,8.906821250915527,6.5703887939453125
34908,0,calendar_2014_test,94.99905395507812,89.0,0.8903095126152039,0.0,9.257253646850586,5.999053955078125
34909,0,calendar_2014_test,91.56771087646484,68.0,0.8966063857078552,0.0,8.72583293914795,23.567710876464844
34910,0,calendar_2014_test,67.30996704101562,71.0,0.9226082563400269,0.0,6.531424045562744,3.690032958984375
34911,0,calendar_2014_test,72.66572570800781,66.0,0.9346426725387573,0.0,5.51578426361084,6.6657257080078125
34912,0,calendar_2014_test,67.88567352294922,59.0,0.9188377857208252,0.0,6.849628448486328,8.885673522949219
34913,0,calendar_2014_test,60.67303466796875,49.0,0.9266877174377441,0.0,6.187138557434082,11.67303466796875
34914,0,calendar_2014_test,50.2926025390625,62.0,0.9524864554405212,0.0,4.009872913360596,11.7073974609375
34915,0,calendar_2014_test,67.43897247314453,74.0,0.9219300746917725,0.0,6.588659763336182,6.561027526855469
34916,0,calendar_2014_test,73.37521362304688,81.0,0.9047499299049377,0.0,8.038564682006836,7.624786376953125
34917,0,calendar_2014_test,82.76519012451172,85.0,0.9013901352882385,0.0,8.322113037109375,2.2348098754882812
34918,0,calendar_2014_test,87.07676696777344,88.0,0.9076997637748718,0.0,7.789614200592041,0.9232330322265625
34919,0,calendar_2014_test,90.68345642089844,87.0,0.8886746168136597,0.0,9.395227432250977,3.6834564208984375
34920,0,calendar_2014_test,90.43677520751953,95.0,0.8919368386268616,0.0,9.119917869567871,4.563224792480469
34921,0,calendar_2014_test,99.06029510498047,121.0,0.8923267722129822,0.0,9.087010383605957,21.93970489501953
34922,0,calendar_2014_test,128.4396209716797,139.0,0.8452677130699158,0.0,13.058526992797852,10.560379028320312
34923,0,calendar_2014_test,142.35702514648438,132.0,0.8531405329704285,0.0,12.394103050231934,10.357025146484375
34924,0,calendar_2014_test,131.2578887939453,111.0,0.8514732122421265,0.0,12.534815788269043,20.257888793945312
34925,0,calendar_2014_test,106.21573638916016,107.0,0.8885570168495178,0.0,9.405153274536133,0.7842636108398438
34926,0,calendar_2014_test,107.82306671142578,102.0,0.8752622604370117,0.0,10.527154922485352,5.823066711425781
34927,0,calendar_2014_test,102.92780303955078,125.0,0.8871895670890808,0.0,9.520561218261719,22.07219696044922
34928,0,calendar_2014_test,125.43999481201172,174.0,0.832628607749939,0.0,14.125197410583496,48.56000518798828
34929,0,calendar_2014_test,176.28248596191406,151.0,0.7550443410873413,0.0,20.672866821289062,25.282485961914062
34930,0,calendar_2014_test,143.07261657714844,154.0,0.8260986804962158,0.0,14.676281929016113,10.927383422851562
34931,0,calendar_2014_test,150.15179443359375,163.0,0.8298543095588684,0.0,14.359331130981445,12.84820556640625
34932,0,calendar_2014_test,157.96795654296875,148.0,0.7847043871879578,0.0,18.169727325439453,9.96795654296875
34933,0,calendar_2014_test,148.09719848632812,152.0,0.7894901633262634,0.0,17.765832901000977,3.902801513671875
34934,0,calendar_2014_test,155.91424560546875,151.0,0.8580467700958252,0.0,11.980048179626465,4.91424560546875
34935,0,calendar_2014_test,148.72653198242188,160.0,0.7972074151039124,0.0,17.11454200744629,11.273468017578125
34936,0,calendar_2014_test,156.36427307128906,173.0,0.7871044874191284,0.0,17.96717071533203,16.635726928710938
34937,0,calendar_2014_test,169.23165893554688,196.0,0.764996349811554,0.0,19.83297348022461,26.768341064453125
34938,0,calendar_2014_test,196.38632202148438,181.0,0.7588731050491333,0.0,20.34973907470703,15.386322021484375
34939,0,calendar_2014_test,175.5966796875,183.0,0.7591143846511841,0.0,20.329376220703125,7.4033203125
34940,0,calendar_2014_test,185.31222534179688,130.0,0.7874852418899536,0.0,17.93503761291504,55.312225341796875
34941,0,calendar_2014_test,116.16509246826172,158.0,0.8504732847213745,0.0,12.6192045211792,41.83490753173828
34942,0,calendar_2014_test,163.52825927734375,164.0,0.780846893787384,0.0,18.495275497436523,0.47174072265625
34943,0,calendar_2014_test,168.32217407226562,149.0,0.7614246606826782,0.0,20.134401321411133,19.322174072265625
34944,0,calendar_2014_test,146.41656494140625,141.0,0.8470253944396973,0.0,12.910186767578125,5.41656494140625
34945,0,calendar_2014_test,142.91836547851562,143.0,0.8007662892341614,0.0,16.814191818237305,0.081634521484375
34946,0,calendar_2014_test,146.89637756347656,143.0,0.8175323605537415,0.0,15.39923095703125,3.8963775634765625
34947,0,calendar_2014_test,152.10385131835938,138.0,0.8566358089447021,0.0,12.099122047424316,14.103851318359375
34948,0,calendar_2014_test,136.2850799560547,102.0,0.8386784195899963,0.0,13.6146240234375,34.28507995605469
34949,0,calendar_2014_test,87.73929595947266,100.0,0.8742759227752686,0.0,10.610400199890137,12.260704040527344
34950,0,calendar_2014_test,96.60848236083984,107.0,0.8611150979995728,0.0,11.721094131469727,10.391517639160156
34951,0,calendar_2014_test,106.3903579711914,131.0,0.8358574509620667,0.0,13.85269832611084,24.609642028808594
34952,0,calendar_2014_test,139.13674926757812,139.0,0.8124316930770874,0.0,15.829700469970703,0.136749267578125
34953,0,calendar_2014_test,141.4958953857422,121.0,0.8277592658996582,0.0,14.536139488220215,20.495895385742188
34954,0,calendar_2014_test,118.80747985839844,97.0,0.8510873317718506,0.0,12.567380905151367,21.807479858398438
34955,0,calendar_2014_test,94.3416976928711,86.0,0.8693668246269226,0.0,11.024699211120605,8.341697692871094
34956,0,calendar_2014_test,87.49232482910156,85.0,0.8881434798240662,0.0,9.44005298614502,2.4923248291015625
34957,0,calendar_2014_test,90.0467300415039,79.0,0.9003554582595825,0.0,8.409430503845215,11.046730041503906
34958,0,calendar_2014_test,86.09825897216797,80.0,0.9021692872047424,0.0,8.25635814666748,6.098258972167969
34959,0,calendar_2014_test,85.59949493408203,105.0,0.90574711561203,0.0,7.954407215118408,19.40050506591797
34960,0,calendar_2014_test,103.93987274169922,61.0,0.8855759501457214,0.0,9.656740188598633,42.93987274169922
34961,0,calendar_2014_test,57.530601501464844,58.0,0.9278275966644287,0.0,6.090941905975342,0.46939849853515625
34962,0,calendar_2014_test,61.98752975463867,55.0,0.9141002297401428,0.0,7.249454021453857,6.987529754638672
34963,0,calendar_2014_test,59.48936462402344,65.0,0.9308589100837708,0.0,5.835115432739258,5.5106353759765625
34964,0,calendar_2014_test,65.38160705566406,78.0,0.9282609820365906,0.0,6.0543646812438965,12.618392944335938
34965,0,calendar_2014_test,77.5355224609375,79.0,0.91512131690979,0.0,7.163280487060547,1.4644775390625
34966,0,calendar_2014_test,76.85810852050781,71.0,0.9053007364273071,0.0,7.992079734802246,5.8581085205078125
34967,0,calendar_2014_test,68.01509857177734,72.0,0.9408175349235535,0.0,4.994663715362549,3.9849014282226562
34968,0,calendar_2014_test,81.48162078857422,75.0,0.9263039231300354,0.0,6.2195305824279785,6.481620788574219
34969,0,calendar_2014_test,77.62547302246094,93.0,0.8991957902908325,0.0,8.507301330566406,15.374526977539062
34970,0,calendar_2014_test,98.34195709228516,99.0,0.8727884888648987,0.0,10.735930442810059,0.6580429077148438
34971,0,calendar_2014_test,105.3136215209961,104.0,0.8837494850158691,0.0,9.810882568359375,1.3136215209960938
34972,0,calendar_2014_test,109.49959564208984,104.0,0.8302631974220276,0.0,14.324820518493652,5.499595642089844
34973,0,calendar_2014_test,103.41041564941406,103.0,0.8573055267333984,0.0,12.04259967803955,0.4104156494140625
34974,0,calendar_2014_test,104.8460464477539,96.0,0.8587374091148376,0.0,11.921760559082031,8.846046447753906
34975,0,calendar_2014_test,96.5073471069336,95.0,0.8999448418617249,0.0,8.444087982177734,1.5073471069335938
34976,0,calendar_2014_test,95.0434341430664,87.0,0.8894822001457214,0.0,9.32707405090332,8.043434143066406
34977,0,calendar_2014_test,88.69648742675781,96.0,0.8819398880004883,0.0,9.963601112365723,7.3035125732421875
34978,0,calendar_2014_test,101.02084350585938,102.0,0.8907669186592102,0.0,9.21865177154541,0.979156494140625
34979,0,calendar_2014_test,105.2391128540039,101.0,0.866473913192749,0.0,11.268840789794922,4.239112854003906
34980,0,calendar_2014_test,103.74485778808594,106.0,0.86649489402771,0.0,11.267074584960938,2.2551422119140625
34981,0,calendar_2014_test,114.09993743896484,109.0,0.8818995952606201,0.0,9.967005729675293,5.099937438964844
34982,0,calendar_2014_test,115.20378112792969,123.0,0.8710036277770996,0.0,10.886563301086426,7.7962188720703125
34983,0,calendar_2014_test,122.14192199707031,132.0,0.866470456123352,0.0,11.269135475158691,9.858078002929688
34984,0,calendar_2014_test,130.7406005859375,139.0,0.8277466297149658,0.0,14.53720474243164,8.2593994140625
34985,0,calendar_2014_test,145.96726989746094,144.0,0.8299366235733032,0.0,14.352381706237793,1.9672698974609375
34986,0,calendar_2014_test,143.0749969482422,153.0,0.8302225470542908,0.0,14.328250885009766,9.925003051757812
34987,0,calendar_2014_test,150.83059692382812,146.0,0.8217951655387878,0.0,15.039474487304688,4.830596923828125
34988,0,calendar_2014_test,138.75794982910156,163.0,0.8406580686569214,0.0,13.447555541992188,24.242050170898438
34989,0,calendar_2014_test,144.712890625,95.0,0.7711180448532104,0.0,19.316333770751953,49.712890625
34990,0,calendar_2014_test,79.19689178466797,149.0,0.8914892673492432,0.0,9.157687187194824,69.80310821533203
34991,0,calendar_2014_test,153.81082153320312,157.0,0.774419367313385,0.0,19.0377254486084,3.189178466796875
34992,0,calendar_2014_test,159.76290893554688,163.0,0.8229972124099731,0.0,14.938027381896973,3.237091064453125
34993,0,calendar_2014_test,150.757568359375,175.0,0.8304787278175354,0.0,14.306631088256836,24.242431640625
34994,0,calendar_2014_test,156.4893341064453,84.0,0.7996112108230591,0.0,16.911672592163086,72.48933410644531
34995,0,calendar_2014_test,70.30379486083984,25.0,0.9007368683815002,0.0,8.377243995666504,45.303794860839844
34996,0,calendar_2014_test,29.29803466796875,21.0,0.9608100652694702,0.0,3.3074076175689697,8.29803466796875
34997,0,calendar_2014_test,24.383974075317383,36.0,0.9603529572486877,0.0,3.3459858894348145,11.616025924682617
34998,0,calendar_2014_test,36.54268264770508,50.0,0.9561599493026733,0.0,3.6998512744903564,13.457317352294922
34999,0,calendar_2014_test,47.63455581665039,59.0,0.9388792514801025,0.0,5.1582441329956055,11.36544418334961
35000,0,calendar_2014_test,55.15562057495117,49.0,0.9207603335380554,0.0,6.687376499176025,6.155620574951172
35001,0,calendar_2014_test,46.03092575073242,30.0,0.9311283230781555,0.0,5.812378406524658,16.030925750732422
35002,0,calendar_2014_test,25.941181182861328,28.0,0.9545693397521973,0.0,3.8340890407562256,2.058818817138672
35003,0,calendar_2014_test,25.818002700805664,27.0,0.9549213647842407,0.0,3.8043792247772217,1.181997299194336
35004,0,calendar_2014_test,22.563695907592773,21.0,0.9485808610916138,0.0,4.339484691619873,1.5636959075927734
35005,0,calendar_2014_test,22.77775764465332,21.0,0.9553413391113281,0.0,3.7689359188079834,1.7777576446533203
35006,0,calendar_2014_test,19.632638931274414,25.0,0.9650824666023254,0.0,2.946842670440674,5.367361068725586
35007,0,calendar_2014_test,23.167034149169922,34.0,0.9565916657447815,0.0,3.6634154319763184,10.832965850830078
35008,0,calendar_2014_test,29.336822509765625,37.0,0.9559780359268188,0.0,3.7152023315429688,7.663177490234375
35009,0,calendar_2014_test,39.07685470581055,39.0,0.9444461464881897,0.0,4.688427925109863,0.07685470581054688
35010,0,calendar_2014_test,36.78667449951172,36.0,0.9550568461418152,0.0,3.7929446697235107,0.7866744995117188
35011,0,calendar_2014_test,33.90407943725586,19.0,0.9553946256637573,0.0,3.764442205429077,14.90407943725586
35012,0,calendar_2014_test,22.301990509033203,23.0,0.9568274021148682,0.0,3.6435201168060303,0.6980094909667969
35013,0,calendar_2014_test,22.44338607788086,24.0,0.9524548053741455,0.0,4.012542247772217,1.5566139221191406
35014,0,calendar_2014_test,26.339122772216797,25.0,0.9543657898902893,0.0,3.851269245147705,1.3391227722167969
35015,0,calendar_2014_test,22.45386505126953,12.0,0.9551918506622314,0.0,3.781552791595459,10.453865051269531
35016,0,calendar_2014_test,16.495820999145508,9.0,0.9708408713340759,0.0,2.4608662128448486,7.495820999145508
35017,0,calendar_2014_test,11.29697322845459,8.0,0.9726277589797974,0.0,2.3100616931915283,3.29697322845459
35018,0,calendar_2014_test,11.436549186706543,10.0,0.9692806005477905,0.0,2.592540740966797,1.436549186706543
35019,0,calendar_2014_test,13.50048542022705,6.0,0.9700400829315186,0.0,2.5284478664398193,7.500485420227051
35020,0,calendar_2014_test,10.944429397583008,11.0,0.9742435812950134,0.0,2.1736972332000732,0.05557060241699219
35021,0,calendar_2014_test,15.45523738861084,10.0,0.9664921164512634,0.0,2.8278727531433105,5.45523738861084
35022,0,calendar_2014_test,12.469940185546875,9.0,0.9699318408966064,0.0,2.537581443786621,3.469940185546875
35023,0,calendar_2014_test,10.073927879333496,9.0,0.9776191115379333,0.0,1.888819932937622,1.073927879333496
35024,0,calendar_2014_test,11.431273460388184,12.0,0.972296953201294,0.0,2.337980270385742,0.5687265396118164
35025,0,calendar_2014_test,14.037555694580078,9.0,0.9760007262229919,0.0,2.025402784347534,5.037555694580078
35026,0,calendar_2014_test,11.370756149291992,7.0,0.9738885164260864,0.0,2.20365834236145,4.370756149291992
35027,0,calendar_2014_test,10.769726753234863,6.0,0.9776047468185425,0.0,1.8900318145751953,4.769726753234863
35028,0,calendar_2014_test,9.235721588134766,14.0,0.9799329042434692,0.0,1.6935505867004395,4.764278411865234
35029,0,calendar_2014_test,15.01540756225586,11.0,0.9731557369232178,0.0,2.26550555229187,4.015407562255859
35030,0,calendar_2014_test,13.207728385925293,17.0,0.9767445921897888,0.0,1.9626235961914062,3.792271614074707
35031,0,calendar_2014_test,15.096532821655273,16.0,0.9758532643318176,0.0,2.0378482341766357,0.9034671783447266
35032,0,calendar_2014_test,14.295421600341797,13.0,0.9717000722885132,0.0,2.3883516788482666,1.2954216003417969
35033,0,calendar_2014_test,13.079878807067871,8.0,0.9764678478240967,0.0,1.985978364944458,5.079878807067871
35034,0,calendar_2014_test,9.152018547058105,12.0,0.9840665459632874,0.0,1.344693660736084,2.8479814529418945
35035,0,calendar_2014_test,13.741333961486816,10.0,0.9663909673690796,0.0,2.836413860321045,3.7413339614868164
35036,0,calendar_2014_test,10.968311309814453,12.0,0.9645662903785706,0.0,2.990405559539795,1.0316886901855469
35037,0,calendar_2014_test,14.82546615600586,11.0,0.9781134724617004,0.0,1.8470977544784546,3.8254661560058594
35038,0,calendar_2014_test,15.674250602722168,16.0,0.9760851860046387,0.0,2.0182738304138184,0.32574939727783203
35039,0,calendar_2014_test,20.903709411621094,12.0,0.9748480319976807,0.0,2.1226823329925537,8.903709411621094
35040,0,calendar_2014_test,16.62505531311035,11.0,0.9787174463272095,0.0,1.7961262464523315,5.625055313110352
35041,0,calendar_2014_test,16.59687614440918,15.0,0.9759418368339539,0.0,2.030371904373169,1.5968761444091797
35042,0,calendar_2014_test,20.38189697265625,21.0,0.9698503613471985,0.0,2.544459104537964,0.61810302734375
35043,0,calendar_2014_test,25.348724365234375,19.0,0.9641483426094055,0.0,3.0256755352020264,6.348724365234375
35044,0,calendar_2014_test,22.88884162902832,23.0,0.9749099612236023,0.0,2.117457866668701,0.11115837097167969
35045,0,calendar_2014_test,25.55820083618164,23.0,0.9591138362884521,0.0,3.450559377670288,2.5582008361816406
35046,0,calendar_2014_test,24.405670166015625,51.0,0.9538347125053406,0.0,3.8960883617401123,26.594329833984375
35047,0,calendar_2014_test,50.26531982421875,38.0,0.9427797198295593,0.0,4.82906436920166,12.26531982421875
35048,0,calendar_2014_test,38.50628662109375,47.0,0.9515761733055115,0.0,4.086695671081543,8.49371337890625
35049,0,calendar_2014_test,45.51161193847656,50.0,0.9458514451980591,0.0,4.56982946395874,4.4883880615234375
35050,0,calendar_2014_test,49.03060531616211,54.0,0.9368895888328552,0.0,5.326160907745361,4.969394683837891
35051,0,calendar_2014_test,51.03984069824219,53.0,0.9273607730865479,0.0,6.130340576171875,1.9601593017578125
35052,0,calendar_2014_test,50.80442428588867,56.0,0.943684458732605,0.0,4.752713203430176,5.195575714111328
35053,0,calendar_2014_test,50.87774658203125,81.0,0.9459772109985352,0.0,4.5592145919799805,30.12225341796875
35054,0,calendar_2014_test,82.2015609741211,48.0,0.9000990390777588,0.0,8.431076049804688,34.201560974121094
35055,0,calendar_2014_test,42.015438079833984,44.0,0.95506751537323,0.0,3.792048692703247,1.9845619201660156
35056,0,calendar_2014_test,44.79701614379883,27.0,0.9595599174499512,0.0,3.4129135608673096,17.797016143798828
35057,0,calendar_2014_test,22.817646026611328,31.0,0.970736563205719,0.0,2.46966814994812,8.182353973388672
35058,0,calendar_2014_test,28.144023895263672,45.0,0.967182457447052,0.0,2.7696142196655273,16.855976104736328
35059,0,calendar_2014_test,40.207542419433594,33.0,0.9567229151725769,0.0,3.652341604232788,7.207542419433594
35060,0,calendar_2014_test,30.425626754760742,17.0,0.9695236086845398,0.0,2.572033166885376,13.425626754760742
35061,0,calendar_2014_test,21.10158348083496,15.0,0.967656135559082,0.0,2.7296359539031982,6.101583480834961
35062,0,calendar_2014_test,20.008800506591797,27.0,0.9696937203407288,0.0,2.5576791763305664,6.991199493408203
35063,0,calendar_2014_test,29.746923446655273,35.0,0.9655522704124451,0.0,2.9071927070617676,5.253076553344727
35064,0,calendar_2014_test,38.025123596191406,31.0,0.9603405594825745,0.0,3.3470306396484375,7.025123596191406
35065,0,calendar_2014_test,37.722721099853516,38.0,0.9570120573043823,0.0,3.627937078475952,0.2772789001464844
35066,0,calendar_2014_test,45.517398834228516,60.0,0.9497563242912292,0.0,4.240283012390137,14.482601165771484
35067,0,calendar_2014_test,66.53568267822266,49.0,0.9316715598106384,0.0,5.7665324211120605,17.535682678222656
35068,0,calendar_2014_test,50.77915954589844,52.0,0.9444504380226135,0.0,4.688067436218262,1.2208404541015625
35069,0,calendar_2014_test,55.27359390258789,60.0,0.9384855031967163,0.0,5.191474914550781,4.726406097412109
35070,0,calendar_2014_test,64.43637084960938,61.0,0.9346024394035339,0.0,5.519184589385986,3.436370849609375
35071,0,calendar_2014_test,61.82881546020508,64.0,0.9238201379776001,0.0,6.429150104522705,2.171184539794922
35072,0,calendar_2014_test,60.35161209106445,74.0,0.9231101870536804,0.0,6.48906135559082,13.648387908935547
35073,0,calendar_2014_test,74.32064819335938,80.0,0.8969769477844238,0.0,8.694558143615723,5.679351806640625
35074,0,calendar_2014_test,76.86460876464844,76.0,0.9070366621017456,0.0,7.845576763153076,0.8646087646484375
35075,0,calendar_2014_test,72.86567687988281,70.0,0.9236657619476318,0.0,6.442178249359131,2.8656768798828125
35076,0,calendar_2014_test,66.71859741210938,73.0,0.9295786619186401,0.0,5.943162441253662,6.281402587890625
35077,0,calendar_2014_test,67.87701416015625,86.0,0.9057766795158386,0.0,7.9519147872924805,18.12298583984375
35078,0,calendar_2014_test,88.35871887207031,93.0,0.8878244757652283,0.0,9.4669771194458,4.6412811279296875
35079,0,calendar_2014_test,94.10757446289062,96.0,0.8961985111236572,0.0,8.760254859924316,1.892425537109375
35080,0,calendar_2014_test,97.33364868164062,109.0,0.860260009765625,0.0,11.793261528015137,11.666351318359375
35081,0,calendar_2014_test,108.53111267089844,109.0,0.8457357883453369,0.0,13.019023895263672,0.4688873291015625
35082,0,calendar_2014_test,106.65818786621094,114.0,0.8816410303115845,0.0,9.988823890686035,7.3418121337890625
35083,0,calendar_2014_test,109.97224426269531,90.0,0.8808310031890869,0.0,10.057185173034668,19.972244262695312
35084,0,calendar_2014_test,81.93434143066406,74.0,0.9074581861495972,0.0,7.810000419616699,7.9343414306640625
35085,0,calendar_2014_test,70.98343658447266,75.0,0.914162278175354,0.0,7.244215965270996,4.016563415527344
35086,0,calendar_2014_test,75.61669921875,68.0,0.9323709011077881,0.0,5.70751428604126,7.61669921875
35087,0,calendar_2014_test,67.70005798339844,70.0,0.9150792956352234,0.0,7.166823863983154,2.2999420166015625
35088,0,calendar_2014_test,73.03530883789062,88.0,0.912057638168335,0.0,7.421833038330078,14.964691162109375
35089,0,calendar_2014_test,95.51654815673828,143.0,0.8950031399726868,0.0,8.861137390136719,47.48345184326172
35090,0,calendar_2014_test,143.13497924804688,155.0,0.7650454044342041,0.0,19.82883071899414,11.865020751953125
35091,0,calendar_2014_test,153.54080200195312,147.0,0.8349586129188538,0.0,13.928553581237793,6.540802001953125
35092,0,calendar_2014_test,143.3994598388672,143.0,0.8524184823036194,0.0,12.45504093170166,0.3994598388671875
35093,0,calendar_2014_test,144.4789581298828,148.0,0.8083050847053528,0.0,16.177963256835938,3.5210418701171875
35094,0,calendar_2014_test,144.68467712402344,157.0,0.797207236289978,0.0,17.11455726623535,12.315322875976562
35095,0,calendar_2014_test,154.36744689941406,152.0,0.7945865988731384,0.0,17.335721969604492,2.3674468994140625
35096,0,calendar_2014_test,143.3890838623047,152.0,0.8153361082077026,0.0,15.584580421447754,8.610916137695312
35097,0,calendar_2014_test,149.6005859375,147.0,0.7698807120323181,0.0,19.420761108398438,2.6005859375
35098,0,calendar_2014_test,141.7659149169922,143.0,0.8346434831619263,0.0,13.95515251159668,1.2340850830078125
35099,0,calendar_2014_test,145.69998168945312,139.0,0.7631691098213196,0.0,19.9871826171875,6.699981689453125
35100,0,calendar_2014_test,138.2446746826172,142.0,0.8504191040992737,0.0,12.62377643585205,3.7553253173828125
35101,0,calendar_2014_test,141.4437713623047,139.0,0.7939369082450867,0.0,17.390552520751953,2.4437713623046875
35102,0,calendar_2014_test,133.92996215820312,133.0,0.8581639528274536,0.0,11.970155715942383,0.929962158203125
35103,0,calendar_2014_test,134.99374389648438,137.0,0.8620046377182007,0.0,11.646025657653809,2.006256103515625
35104,0,calendar_2014_test,136.4852294921875,138.0,0.8264034986495972,0.0,14.650558471679688,1.5147705078125
35105,0,calendar_2014_test,139.59576416015625,138.0,0.8584249019622803,0.0,11.948134422302246,1.59576416015625
35106,0,calendar_2014_test,135.60475158691406,132.0,0.8683911561965942,0.0,11.107038497924805,3.6047515869140625
35107,0,calendar_2014_test,131.44757080078125,135.0,0.892244815826416,0.0,9.093925476074219,3.55242919921875
35108,0,calendar_2014_test,129.51356506347656,127.0,0.8269147276878357,0.0,14.607414245605469,2.5135650634765625
35109,0,calendar_2014_test,127.14659881591797,109.0,0.8794733285903931,0.0,10.17176342010498,18.14659881591797
35110,0,calendar_2014_test,105.86473846435547,94.0,0.8549295663833618,0.0,12.243119239807129,11.864738464355469
35111,0,calendar_2014_test,91.30958557128906,100.0,0.9113981127738953,0.0,7.477496147155762,8.690414428710938
35112,0,calendar_2014_test,102.0527572631836,110.0,0.8975527286529541,0.0,8.64596939086914,7.947242736816406
35113,0,calendar_2014_test,119.27982330322266,123.0,0.8352537751197815,0.0,13.903644561767578,3.7201766967773438
35114,0,calendar_2014_test,125.69049835205078,132.0,0.8305919170379639,0.0,14.297080039978027,6.309501647949219
35115,0,calendar_2014_test,132.4615020751953,138.0,0.8484151363372803,0.0,12.792903900146484,5.5384979248046875
35116,0,calendar_2014_test,139.96563720703125,151.0,0.8208674788475037,0.0,15.117768287658691,11.03436279296875
35117,0,calendar_2014_test,152.54771423339844,162.0,0.7878462672233582,0.0,17.90456771850586,9.452285766601562
35118,0,calendar_2014_test,155.68626403808594,155.0,0.7820858955383301,0.0,18.390714645385742,0.6862640380859375
35119,0,calendar_2014_test,151.22132873535156,143.0,0.8332631587982178,0.0,14.07164478302002,8.221328735351562
35120,0,calendar_2014_test,140.25039672851562,145.0,0.7923296093940735,0.0,17.526201248168945,4.749603271484375
35121,0,calendar_2014_test,143.69039916992188,147.0,0.8463274836540222,0.0,12.969088554382324,3.309600830078125
35122,0,calendar_2014_test,136.03289794921875,154.0,0.8363460302352905,0.0,13.811463356018066,17.96710205078125
35123,0,calendar_2014_test,149.9328155517578,163.0,0.8314089179039001,0.0,14.228130340576172,13.067184448242188
35124,0,calendar_2014_test,165.10592651367188,170.0,0.7630391716957092,0.0,19.998146057128906,4.894073486328125
35125,0,calendar_2014_test,167.98138427734375,174.0,0.7372312545776367,0.0,22.17618751525879,6.01861572265625
35126,0,calendar_2014_test,170.55130004882812,196.0,0.8109133243560791,0.0,15.957843780517578,25.448699951171875
35127,0,calendar_2014_test,201.2263641357422,207.0,0.8122683763504028,0.0,15.843482971191406,5.7736358642578125
35128,0,calendar_2014_test,209.72962951660156,198.0,0.7508825659751892,0.0,21.024097442626953,11.729629516601562
35129,0,calendar_2014_test,189.1613311767578,176.0,0.7064946889877319,0.0,24.77018165588379,13.161331176757812
35130,0,calendar_2014_test,165.95834350585938,111.0,0.7729125022888184,0.0,19.164894104003906,54.958343505859375
35131,0,calendar_2014_test,82.42927551269531,85.0,0.897797167301178,0.0,8.625340461730957,2.5707244873046875
35132,0,calendar_2014_test,82.39706420898438,79.0,0.8970014452934265,0.0,8.692493438720703,3.397064208984375
35133,0,calendar_2014_test,79.72489166259766,100.0,0.8840419054031372,0.0,9.786201477050781,20.275108337402344
35134,0,calendar_2014_test,103.42174530029297,105.0,0.8697100281715393,0.0,10.995733261108398,1.5782546997070312
35135,0,calendar_2014_test,110.6123046875,110.0,0.8722939491271973,0.0,10.777667999267578,0.6123046875
35136,0,calendar_2014_test,110.09352111816406,123.0,0.8856161236763,0.0,9.653349876403809,12.906478881835938
35137,0,calendar_2014_test,127.99424743652344,124.0,0.8438209295272827,0.0,13.180628776550293,3.9942474365234375
35138,0,calendar_2014_test,131.53030395507812,129.0,0.8335859775543213,0.0,14.044400215148926,2.530303955078125
35139,0,calendar_2014_test,136.85462951660156,140.0,0.8679889440536499,0.0,11.140981674194336,3.1453704833984375
35140,0,calendar_2014_test,138.7104949951172,156.0,0.8070439696311951,0.0,16.284393310546875,17.289505004882812
35141,0,calendar_2014_test,153.7835235595703,104.0,0.8167377710342407,0.0,15.466288566589355,49.78352355957031
35142,0,calendar_2014_test,75.0875473022461,2.0,0.8852419853210449,0.0,9.68492317199707,73.0875473022461
35143,0,calendar_2014_test,11.95500659942627,2.0,0.9754464626312256,0.0,2.072178840637207,9.95500659942627
35144,0,calendar_2014_test,7.364211082458496,6.0,0.9766120314598083,0.0,1.9738110303878784,1.364211082458496
35145,0,calendar_2014_test,8.131032943725586,5.0,0.9739068746566772,0.0,2.2021121978759766,3.131032943725586
35146,0,calendar_2014_test,6.009411811828613,5.0,0.9812031388282776,0.0,1.5863490104675293,1.0094118118286133
35147,0,calendar_2014_test,6.5370659828186035,6.0,0.9729123711585999,0.0,2.2860422134399414,0.5370659828186035
35148,0,calendar_2014_test,6.869425296783447,3.0,0.975614070892334,0.0,2.0580363273620605,3.8694252967834473
35149,0,calendar_2014_test,7.432542324066162,3.0,0.977249801158905,0.0,1.9199875593185425,4.432542324066162
35150,0,calendar_2014_test,6.882792949676514,7.0,0.9755776524543762,0.0,2.0611073970794678,0.11720705032348633
35151,0,calendar_2014_test,8.462113380432129,7.0,0.9804831147193909,0.0,1.647113561630249,1.462113380432129
35152,0,calendar_2014_test,8.013521194458008,3.0,0.979220449924469,0.0,1.7536778450012207,5.013521194458008
35153,0,calendar_2014_test,7.100701808929443,3.0,0.9840322136878967,0.0,1.347590446472168,4.100701808929443
35154,0,calendar_2014_test,8.204292297363281,4.0,0.974621593952179,0.0,2.1417911052703857,4.204292297363281
35155,0,calendar_2014_test,6.472475528717041,6.0,0.9813775420188904,0.0,1.5716303586959839,0.472475528717041
35156,0,calendar_2014_test,8.978022575378418,6.0,0.9740970730781555,0.0,2.1860594749450684,2.978022575378418
35157,0,calendar_2014_test,11.477340698242188,4.0,0.9644164443016052,0.0,3.003049612045288,7.4773406982421875
35158,0,calendar_2014_test,10.09291934967041,10.0,0.9774348139762878,0.0,1.9043747186660767,0.09291934967041016
35159,0,calendar_2014_test,14.246100425720215,15.0,0.9681773781776428,0.0,2.6856493949890137,0.7538995742797852
35160,0,calendar_2014_test,17.378320693969727,12.0,0.9770960807800293,0.0,1.9329626560211182,5.378320693969727
35161,0,calendar_2014_test,16.5399112701416,14.0,0.9751439690589905,0.0,2.0977091789245605,2.5399112701416016
35162,0,calendar_2014_test,22.41216468811035,20.0,0.9474824666976929,0.0,4.432181358337402,2.4121646881103516
35163,0,calendar_2014_test,23.272741317749023,19.0,0.9616843461990356,0.0,3.23362135887146,4.272741317749023
35164,0,calendar_2014_test,22.575048446655273,22.0,0.9576080441474915,0.0,3.577641010284424,0.5750484466552734
35165,0,calendar_2014_test,23.312721252441406,30.0,0.9666672945022583,0.0,2.8130898475646973,6.687278747558594
35166,0,calendar_2014_test,30.53878402709961,37.0,0.9612655639648438,0.0,3.2689642906188965,6.461215972900391
35167,0,calendar_2014_test,35.89345932006836,39.0,0.954138994216919,0.0,3.8704068660736084,3.1065406799316406
35168,0,calendar_2014_test,36.87620162963867,45.0,0.9582646489143372,0.0,3.5222275257110596,8.123798370361328
35169,0,calendar_2014_test,40.825477600097656,42.0,0.9494743347167969,0.0,4.264080047607422,1.1745223999023438
35170,0,calendar_2014_test,42.037925720214844,39.0,0.9528858661651611,0.0,3.976163387298584,3.0379257202148438
35171,0,calendar_2014_test,37.493553161621094,25.0,0.9635604023933411,0.0,3.0752952098846436,12.493553161621094
35172,0,calendar_2014_test,25.130393981933594,23.0,0.9686455726623535,0.0,2.64613676071167,2.1303939819335938
35173,0,calendar_2014_test,21.19829559326172,17.0,0.9696270823478699,0.0,2.5633034706115723,4.198295593261719
35174,0,calendar_2014_test,18.25246810913086,27.0,0.9699851870536804,0.0,2.5330817699432373,8.74753189086914
35175,0,calendar_2014_test,26.704999923706055,19.0,0.9730882048606873,0.0,2.271202325820923,7.704999923706055
35176,0,calendar_2014_test,18.95451545715332,22.0,0.9711955189704895,0.0,2.4309349060058594,3.0454845428466797
35177,0,calendar_2014_test,24.0696964263916,31.0,0.9713135361671448,0.0,2.4209723472595215,6.930303573608398
35178,0,calendar_2014_test,30.1407470703125,43.0,0.9632940888404846,0.0,3.0977721214294434,12.8592529296875
35179,0,calendar_2014_test,40.06045150756836,54.0,0.9604347348213196,0.0,3.339082956314087,13.93954849243164
35180,0,calendar_2014_test,50.37038803100586,45.0,0.9364417791366577,0.0,5.363952159881592,5.370388031005859
35181,0,calendar_2014_test,44.104496002197266,44.0,0.961810290813446,0.0,3.222996234893799,0.10449600219726562
35182,0,calendar_2014_test,46.85498046875,35.0,0.9409185647964478,0.0,4.986137390136719,11.85498046875
35183,0,calendar_2014_test,39.67341232299805,41.0,0.9510698914527893,0.0,4.129424095153809,1.3265876770019531
35184,0,calendar_2014_test,44.509220123291016,46.0,0.9415009617805481,0.0,4.936985015869141,1.4907798767089844
35185,0,calendar_2014_test,55.09782028198242,47.0,0.944068193435669,0.0,4.720326900482178,8.097820281982422
35186,0,calendar_2014_test,47.8292350769043,61.0,0.9337319731712341,0.0,5.592643737792969,13.170764923095703
35187,0,calendar_2014_test,66.08392333984375,80.0,0.9207837581634521,0.0,6.685398101806641,13.91607666015625
35188,0,calendar_2014_test,77.89493560791016,52.0,0.9090821146965027,0.0,7.672953128814697,25.894935607910156
35189,0,calendar_2014_test,52.04850769042969,41.0,0.9529047608375549,0.0,3.97457218170166,11.048507690429688
35190,0,calendar_2014_test,40.844810485839844,46.0,0.9414776563644409,0.0,4.93895149230957,5.155189514160156
35191,0,calendar_2014_test,46.29759216308594,44.0,0.9446571469306946,0.0,4.670620441436768,2.2975921630859375
35192,0,calendar_2014_test,43.766719818115234,54.0,0.9557211399078369,0.0,3.736884832382202,10.233280181884766
35193,0,calendar_2014_test,60.19240188598633,59.0,0.9301619529724121,0.0,5.893932819366455,1.1924018859863281
35194,0,calendar_2014_test,64.27860260009766,79.0,0.9365328550338745,0.0,5.356265544891357,14.721397399902344
35195,0,calendar_2014_test,80.15757751464844,115.0,0.9257882833480835,0.0,6.26304817199707,34.84242248535156
35196,0,calendar_2014_test,118.06327819824219,96.0,0.8202589154243469,0.0,15.1691255569458,22.063278198242188
35197,0,calendar_2014_test,89.4607925415039,108.0,0.8898169994354248,0.0,9.29881763458252,18.539207458496094
35198,0,calendar_2014_test,106.9102554321289,112.0,0.8754844069480896,0.0,10.508410453796387,5.089744567871094
35199,0,calendar_2014_test,107.67632293701172,118.0,0.8855634331703186,0.0,9.657793998718262,10.323677062988281
35200,0,calendar_2014_test,120.34989166259766,92.0,0.8613094687461853,0.0,11.704693794250488,28.349891662597656
35201,0,calendar_2014_test,87.82432556152344,74.0,0.8906263709068298,0.0,9.230512619018555,13.824325561523438
35202,0,calendar_2014_test,69.37495422363281,50.0,0.9007436037063599,0.0,8.376676559448242,19.374954223632812
35203,0,calendar_2014_test,47.66905212402344,36.0,0.9613927006721497,0.0,3.2582383155822754,11.669052124023438
35204,0,calendar_2014_test,37.8906364440918,30.0,0.9510195255279541,0.0,4.133672714233398,7.890636444091797
35205,0,calendar_2014_test,31.649564743041992,38.0,0.9594190120697021,0.0,3.424805164337158,6.350435256958008
35206,0,calendar_2014_test,36.63069152832031,36.0,0.9570620059967041,0.0,3.6237213611602783,0.6306915283203125
35207,0,calendar_2014_test,36.70566940307617,43.0,0.9562911987304688,0.0,3.6887757778167725,6.294330596923828
35208,0,calendar_2014_test,47.95393753051758,48.0,0.9419699907302856,0.0,4.897401332855225,0.046062469482421875
35209,0,calendar_2014_test,52.729576110839844,57.0,0.9487621188163757,0.0,4.3241868019104,4.270423889160156
35210,0,calendar_2014_test,61.7401008605957,65.0,0.9273785352706909,0.0,6.128838062286377,3.259899139404297
35211,0,calendar_2014_test,72.73395538330078,83.0,0.9344967007637024,0.0,5.528104782104492,10.266044616699219
35212,0,calendar_2014_test,88.1212387084961,95.0,0.8891713619232178,0.0,9.353307723999023,6.878761291503906
35213,0,calendar_2014_test,102.76227569580078,82.0,0.9216831922531128,0.0,6.60949182510376,20.76227569580078
35214,0,calendar_2014_test,83.03638458251953,61.0,0.9135676622390747,0.0,7.294400215148926,22.03638458251953
35215,0,calendar_2014_test,60.6309814453125,73.0,0.9401544332504272,0.0,5.050628185272217,12.3690185546875
35216,0,calendar_2014_test,76.2061538696289,77.0,0.9200776815414429,0.0,6.744989395141602,0.7938461303710938
35217,0,calendar_2014_test,77.87049865722656,86.0,0.9062904715538025,0.0,7.908552646636963,8.129501342773438
35218,0,calendar_2014_test,86.64209747314453,81.0,0.8962364196777344,0.0,8.757054328918457,5.642097473144531
35219,0,calendar_2014_test,79.3815689086914,81.0,0.905535101890564,0.0,7.97230339050293,1.6184310913085938
35220,0,calendar_2014_test,80.62621307373047,89.0,0.9166505932807922,0.0,7.0342183113098145,8.373786926269531
35221,0,calendar_2014_test,86.27090454101562,91.0,0.8942779302597046,0.0,8.922342300415039,4.729095458984375
35222,0,calendar_2014_test,94.2212905883789,94.0,0.8920213580131531,0.0,9.112784385681152,0.22129058837890625
35223,0,calendar_2014_test,97.24462890625,108.0,0.8932504057884216,0.0,9.009060859680176,10.75537109375
35224,0,calendar_2014_test,107.80895233154297,101.0,0.8620649576187134,0.0,11.640935897827148,6.808952331542969
35225,0,calendar_2014_test,103.20519256591797,93.0,0.838000476360321,0.0,13.67184066772461,10.205192565917969
35226,0,calendar_2014_test,92.14512634277344,88.0,0.9249077439308167,0.0,6.337359428405762,4.1451263427734375
35227,0,calendar_2014_test,87.18778991699219,84.0,0.9040691256523132,0.0,8.096020698547363,3.1877899169921875
35228,0,calendar_2014_test,81.18396759033203,91.0,0.8992918729782104,0.0,8.499194145202637,9.816032409667969
35229,0,calendar_2014_test,94.50474548339844,92.0,0.8902033567428589,0.0,9.266215324401855,2.5047454833984375
35230,0,calendar_2014_test,94.02898406982422,88.0,0.9070761203765869,0.0,7.842247009277344,6.028984069824219
35231,0,calendar_2014_test,86.09597778320312,116.0,0.9062632918357849,0.0,7.9108452796936035,29.904022216796875
35232,0,calendar_2014_test,114.33979797363281,120.0,0.8606621026992798,0.0,11.759325981140137,5.6602020263671875
35233,0,calendar_2014_test,118.39733123779297,124.0,0.8827312588691711,0.0,9.89681625366211,5.602668762207031
35234,0,calendar_2014_test,126.19419860839844,113.0,0.8434203267097473,0.0,13.214436531066895,13.194198608398438
35235,0,calendar_2014_test,110.69014739990234,104.0,0.8642973303794861,0.0,11.452533721923828,6.690147399902344
35236,0,calendar_2014_test,95.30420684814453,106.0,0.8910812139511108,0.0,9.192127227783203,10.695793151855469
35237,0,calendar_2014_test,104.76449584960938,121.0,0.8901451826095581,0.0,9.271121978759766,16.235504150390625
35238,0,calendar_2014_test,128.04037475585938,124.0,0.8541905879974365,0.0,12.305488586425781,4.040374755859375
35239,0,calendar_2014_test,122.35417175292969,135.0,0.827147364616394,0.0,14.587777137756348,12.645828247070312
35240,0,calendar_2014_test,139.9166717529297,147.0,0.8037702441215515,0.0,16.56067657470703,7.0833282470703125
35241,0,calendar_2014_test,138.77359008789062,82.0,0.8156961798667908,0.0,15.55419635772705,56.773590087890625
35242,0,calendar_2014_test,64.71249389648438,60.0,0.9153165221214294,0.0,7.146805763244629,4.712493896484375
35243,0,calendar_2014_test,54.16031265258789,60.0,0.9284235239028931,0.0,6.040647983551025,5.839687347412109
35244,0,calendar_2014_test,66.48839569091797,52.0,0.9244037866592407,0.0,6.379889011383057,14.488395690917969
35245,0,calendar_2014_test,60.460384368896484,54.0,0.9259952902793884,0.0,6.24557638168335,6.460384368896484
35246,0,calendar_2014_test,62.0057258605957,59.0,0.9239213466644287,0.0,6.420604705810547,3.005725860595703
35247,0,calendar_2014_test,69.26660919189453,59.0,0.9422010779380798,0.0,4.877902030944824,10.266609191894531
35248,0,calendar_2014_test,64.9748764038086,74.0,0.9261285066604614,0.0,6.234332084655762,9.025123596191406
35249,0,calendar_2014_test,79.28581237792969,68.0,0.9124662280082703,0.0,7.387354850769043,11.285812377929688
35250,0,calendar_2014_test,70.82012176513672,65.0,0.9201515316963196,0.0,6.738757133483887,5.820121765136719
35251,0,calendar_2014_test,66.14071655273438,68.0,0.9229980111122131,0.0,6.498531341552734,1.859283447265625
35252,0,calendar_2014_test,69.07325744628906,45.0,0.9279189109802246,0.0,6.0832343101501465,24.073257446289062
35253,0,calendar_2014_test,47.29215621948242,36.0,0.9546489119529724,0.0,3.8273749351501465,11.292156219482422
35254,0,calendar_2014_test,39.27238464355469,63.0,0.9476969838142395,0.0,4.41407585144043,23.727615356445312
35255,0,calendar_2014_test,68.35618591308594,54.0,0.920052170753479,0.0,6.747140407562256,14.356185913085938
35256,0,calendar_2014_test,57.248600006103516,48.0,0.9306035041809082,0.0,5.8566718101501465,9.248600006103516
35257,0,calendar_2014_test,50.96418762207031,57.0,0.9383634328842163,0.0,5.201776027679443,6.0358123779296875
35258,0,calendar_2014_test,59.77081298828125,58.0,0.9347367286682129,0.0,5.507850646972656,1.77081298828125
35259,0,calendar_2014_test,58.499671936035156,63.0,0.9228580594062805,0.0,6.510339260101318,4.500328063964844
35260,0,calendar_2014_test,67.36311340332031,51.0,0.9409242868423462,0.0,4.985653400421143,16.363113403320312
35261,0,calendar_2014_test,54.607566833496094,52.0,0.9371032118797302,0.0,5.308130741119385,2.6075668334960938
35262,0,calendar_2014_test,54.59862518310547,50.0,0.941733181476593,0.0,4.917386531829834,4.598625183105469
35263,0,calendar_2014_test,52.22792434692383,54.0,0.9411620497703552,0.0,4.9655866622924805,1.7720756530761719
35264,0,calendar_2014_test,55.997623443603516,62.0,0.9437446594238281,0.0,4.747628688812256,6.002376556396484
35265,0,calendar_2014_test,65.03213500976562,64.0,0.9392275214195251,0.0,5.1288533210754395,1.032135009765625
35266,0,calendar_2014_test,64.3146743774414,108.0,0.934627890586853,0.0,5.517032623291016,43.685325622558594
35267,0,calendar_2014_test,109.10282897949219,95.0,0.8535357713699341,0.0,12.360748291015625,14.102828979492188
35268,0,calendar_2014_test,95.38825225830078,93.0,0.8702000975608826,0.0,10.954375267028809,2.3882522583007812
35269,0,calendar_2014_test,92.3351821899414,94.0,0.8894042372703552,0.0,9.333654403686523,1.6648178100585938
35270,0,calendar_2014_test,97.27713775634766,96.0,0.8828291893005371,0.0,9.8885498046875,1.2771377563476562
35271,0,calendar_2014_test,94.21067810058594,51.0,0.8806896209716797,0.0,10.069116592407227,43.21067810058594
35272,0,calendar_2014_test,47.485618591308594,60.0,0.9469209313392639,0.0,4.479569911956787,12.514381408691406
35273,0,calendar_2014_test,56.60737228393555,50.0,0.9410185217857361,0.0,4.977699279785156,6.607372283935547
35274,0,calendar_2014_test,49.61469268798828,46.0,0.9579627513885498,0.0,3.547703504562378,3.6146926879882812
35275,0,calendar_2014_test,44.96985626220703,39.0,0.9599562287330627,0.0,3.379467010498047,5.969856262207031
35276,0,calendar_2014_test,38.15400695800781,38.0,0.9552039504051208,0.0,3.7805302143096924,0.1540069580078125
35277,0,calendar_2014_test,35.95796203613281,47.0,0.9602461457252502,0.0,3.3549997806549072,11.042037963867188
35278,0,calendar_2014_test,45.05607604980469,46.0,0.9551300406455994,0.0,3.7867677211761475,0.9439239501953125
35279,0,calendar_2014_test,47.30870819091797,48.0,0.9602572917938232,0.0,3.3540589809417725,0.6912918090820312
35280,0,calendar_2014_test,52.383731842041016,53.0,0.9384022951126099,0.0,5.198496341705322,0.6162681579589844
35281,0,calendar_2014_test,54.45369338989258,67.0,0.9376872777938843,0.0,5.258837699890137,12.546306610107422
35282,0,calendar_2014_test,72.05287170410156,61.0,0.9224026799201965,0.0,6.54877233505249,11.052871704101562
35283,0,calendar_2014_test,64.63288116455078,73.0,0.9129016995429993,0.0,7.350602626800537,8.367118835449219
35284,0,calendar_2014_test,81.50244140625,79.0,0.9161967635154724,0.0,7.0725178718566895,2.50244140625
35285,0,calendar_2014_test,83.45380401611328,74.0,0.9134523272514343,0.0,7.3041300773620605,9.453804016113281
35286,0,calendar_2014_test,77.83936309814453,71.0,0.8929507732391357,0.0,9.034346580505371,6.839363098144531
35287,0,calendar_2014_test,72.74342346191406,76.0,0.91900235414505,0.0,6.835739612579346,3.2565765380859375
35288,0,calendar_2014_test,81.23592376708984,75.0,0.9109280705451965,0.0,7.5171637535095215,6.235923767089844
35289,0,calendar_2014_test,75.427978515625,78.0,0.899545431137085,0.0,8.477792739868164,2.572021484375
35290,0,calendar_2014_test,75.53984069824219,86.0,0.9327569007873535,0.0,5.674938201904297,10.460159301757812
35291,0,calendar_2014_test,85.65846252441406,95.0,0.8890416622161865,0.0,9.364252090454102,9.341537475585938
35292,0,calendar_2014_test,91.4056625366211,106.0,0.8863558769226074,0.0,9.59091567993164,14.594337463378906
35293,0,calendar_2014_test,102.9515609741211,79.0,0.8828285932540894,0.0,9.888599395751953,23.951560974121094
35294,0,calendar_2014_test,59.503990173339844,63.0,0.9407593607902527,0.0,4.999574184417725,3.4960098266601562
35295,0,calendar_2014_test,51.05469512939453,49.0,0.9422506093978882,0.0,4.873717784881592,2.0546951293945312
35296,0,calendar_2014_test,37.15677261352539,27.0,0.9542098045349121,0.0,3.8644328117370605,10.15677261352539
35297,0,calendar_2014_test,22.263092041015625,11.0,0.9670895338058472,0.0,2.7774555683135986,11.263092041015625
35298,0,calendar_2014_test,14.0719633102417,10.0,0.9763309359550476,0.0,1.9975329637527466,4.071963310241699
35299,0,calendar_2014_test,12.8517484664917,6.0,0.9731048941612244,0.0,2.2697947025299072,6.851748466491699
35300,0,calendar_2014_test,9.71552848815918,11.0,0.9809495210647583,0.0,1.6077501773834229,1.2844715118408203
35301,0,calendar_2014_test,12.863389015197754,12.0,0.9762391448020935,0.0,2.0052826404571533,0.8633890151977539
35302,0,calendar_2014_test,14.72169303894043,13.0,0.9699448347091675,0.0,2.5364861488342285,1.7216930389404297
35303,0,calendar_2014_test,18.62885093688965,10.0,0.9665614366531372,0.0,2.8220269680023193,8.628850936889648
35304,0,calendar_2014_test,18.43288230895996,15.0,0.9610744118690491,0.0,3.2850987911224365,3.432882308959961
35305,0,calendar_2014_test,18.484926223754883,23.0,0.9580513834953308,0.0,3.5402255058288574,4.515073776245117
35306,0,calendar_2014_test,27.021015167236328,34.0,0.9617226123809814,0.0,3.230395793914795,6.978984832763672
35307,0,calendar_2014_test,40.04759216308594,36.0,0.9464832544326782,0.0,4.516508102416992,4.0475921630859375
35308,0,calendar_2014_test,39.237186431884766,42.0,0.9431889057159424,0.0,4.794530868530273,2.7628135681152344
35309,0,calendar_2014_test,42.13772201538086,42.0,0.9548259377479553,0.0,3.812431812286377,0.13772201538085938
35310,0,calendar_2014_test,44.85830307006836,47.0,0.9425860047340393,0.0,4.8454132080078125,2.1416969299316406
35311,0,calendar_2014_test,46.19709014892578,47.0,0.9427188038825989,0.0,4.8342061042785645,0.8029098510742188
35312,0,calendar_2014_test,39.220829010009766,28.0,0.9585480093955994,0.0,3.498311758041382,11.220829010009766
35313,0,calendar_2014_test,23.61826515197754,20.0,0.973522961139679,0.0,2.2345099449157715,3.618265151977539
35314,0,calendar_2014_test,16.942899703979492,23.0,0.9768903851509094,0.0,1.9503201246261597,6.057100296020508
35315,0,calendar_2014_test,20.69167137145996,16.0,0.9745975732803345,0.0,2.143822431564331,4.691671371459961
35316,0,calendar_2014_test,17.025400161743164,16.0,0.9653242826461792,0.0,2.9264330863952637,1.025400161743164
35317,0,calendar_2014_test,14.825806617736816,15.0,0.9749818444252014,0.0,2.1113879680633545,0.1741933822631836
35318,0,calendar_2014_test,15.66637897491455,11.0,0.9749945402145386,0.0,2.1103198528289795,4.666378974914551
35319,0,calendar_2014_test,11.654741287231445,11.0,0.983155369758606,0.0,1.421589970588684,0.6547412872314453
35320,0,calendar_2014_test,10.96113109588623,7.0,0.9759691953659058,0.0,2.0280656814575195,3.9611310958862305
35321,0,calendar_2014_test,9.186199188232422,4.0,0.9849416613578796,0.0,1.2708390951156616,5.186199188232422
35322,0,calendar_2014_test,6.172354698181152,3.0,0.9767537713050842,0.0,1.961849331855774,3.1723546981811523
35323,0,calendar_2014_test,6.320210933685303,6.0,0.9789716005325317,0.0,1.774677038192749,0.32021093368530273
35324,0,calendar_2014_test,7.548515796661377,8.0,0.9829812049865723,0.0,1.4362871646881104,0.45148420333862305
35325,0,calendar_2014_test,9.017251968383789,6.0,0.9813559055328369,0.0,1.5734559297561646,3.017251968383789
35326,0,calendar_2014_test,11.268115997314453,11.0,0.9778622984886169,0.0,1.8682947158813477,0.2681159973144531
35327,0,calendar_2014_test,16.810274124145508,16.0,0.9765008687973022,0.0,1.983193039894104,0.8102741241455078
35328,0,calendar_2014_test,22.479238510131836,18.0,0.9665509462356567,0.0,2.8229098320007324,4.479238510131836
35329,0,calendar_2014_test,20.495630264282227,20.0,0.9743643999099731,0.0,2.1635005474090576,0.49563026428222656
35330,0,calendar_2014_test,24.015316009521484,25.0,0.9622681736946106,0.0,3.184354066848755,0.9846839904785156
35331,0,calendar_2014_test,27.145307540893555,20.0,0.9672796130180359,0.0,2.76141357421875,7.145307540893555
35332,0,calendar_2014_test,23.419410705566406,26.0,0.9572675824165344,0.0,3.606374740600586,2.5805892944335938
35333,0,calendar_2014_test,28.993947982788086,30.0,0.962694525718689,0.0,3.148372173309326,1.006052017211914
35334,0,calendar_2014_test,31.240076065063477,34.0,0.9656136631965637,0.0,2.9020118713378906,2.7599239349365234
35335,0,calendar_2014_test,35.126976013183594,30.0,0.9556909203529358,0.0,3.739436626434326,5.126976013183594
35336,0,calendar_2014_test,29.59221649169922,53.0,0.9617540240287781,0.0,3.2277450561523438,23.40778350830078
35337,0,calendar_2014_test,46.997318267822266,49.0,0.955476701259613,0.0,3.757513999938965,2.0026817321777344
35338,0,calendar_2014_test,43.0700798034668,33.0,0.9524495601654053,0.0,4.012984275817871,10.070079803466797
35339,0,calendar_2014_test,31.721622467041016,18.0,0.967362105846405,0.0,2.75445294380188,13.721622467041016
35340,0,calendar_2014_test,44.570858001708984,49.0,0.9503472447395325,0.0,4.190410137176514,4.429141998291016
35341,0,calendar_2014_test,54.88868713378906,49.0,0.9247575402259827,0.0,6.35003662109375,5.8886871337890625
35342,0,calendar_2014_test,51.28990173339844,55.0,0.9302440285682678,0.0,5.887008190155029,3.7100982666015625
35343,0,calendar_2014_test,58.5896110534668,56.0,0.91587233543396,0.0,7.099898338317871,2.589611053466797
35344,0,calendar_2014_test,57.241329193115234,62.0,0.948083221912384,0.0,4.381479740142822,4.758670806884766
35345,0,calendar_2014_test,61.52994918823242,80.0,0.9311323165893555,0.0,5.812038421630859,18.470050811767578
35346,0,calendar_2014_test,83.56584930419922,99.0,0.9189128875732422,0.0,6.843293190002441,15.434150695800781
35347,0,calendar_2014_test,94.69222259521484,104.0,0.8855412602424622,0.0,9.659667015075684,9.307777404785156
35348,0,calendar_2014_test,92.4864273071289,99.0,0.8996796011924744,0.0,8.466473579406738,6.513572692871094
35349,0,calendar_2014_test,93.2212142944336,97.0,0.89772629737854,0.0,8.631319999694824,3.7787857055664062
35350,0,calendar_2014_test,89.4470443725586,108.0,0.8966811299324036,0.0,8.719524383544922,18.552955627441406
35351,0,calendar_2014_test,95.54647827148438,99.0,0.8778667449951172,0.0,10.307354927062988,3.453521728515625
35352,0,calendar_2014_test,86.84207153320312,119.0,0.8937075734138489,0.0,8.970477104187012,32.157928466796875
35353,0,calendar_2014_test,103.85575866699219,93.0,0.8720439672470093,0.0,10.798762321472168,10.855758666992188
35354,0,calendar_2014_test,81.16978454589844,78.0,0.9138839244842529,0.0,7.267706871032715,3.1697845458984375
35355,0,calendar_2014_test,69.25596618652344,67.0,0.936147928237915,0.0,5.3887529373168945,2.2559661865234375
35356,0,calendar_2014_test,64.56075286865234,69.0,0.9298705458641052,0.0,5.9185261726379395,4.439247131347656
35357,0,calendar_2014_test,64.27928924560547,51.0,0.9178740978240967,0.0,6.9309611320495605,13.279289245605469
35358,0,calendar_2014_test,42.90521240234375,41.0,0.9439176917076111,0.0,4.733030319213867,1.90521240234375
35359,0,calendar_2014_test,41.32735061645508,34.0,0.9652144908905029,0.0,2.935697078704834,7.327350616455078
35360,0,calendar_2014_test,36.26274871826172,21.0,0.9495527148246765,0.0,4.257463455200195,15.262748718261719
35361,0,calendar_2014_test,24.80789566040039,27.0,0.9719480276107788,0.0,2.367424964904785,2.1921043395996094
35362,0,calendar_2014_test,32.63822555541992,34.0,0.9608773589134216,0.0,3.3017289638519287,1.3617744445800781
35363,0,calendar_2014_test,39.71122360229492,37.0,0.9514990448951721,0.0,4.093203067779541,2.711223602294922
35364,0,calendar_2014_test,41.91861343383789,51.0,0.9546457529067993,0.0,3.827638626098633,9.08138656616211
35365,0,calendar_2014_test,54.6876335144043,61.0,0.9469252228736877,0.0,4.479207992553711,6.312366485595703
35366,0,calendar_2014_test,65.61997985839844,63.0,0.9215685725212097,0.0,6.619168281555176,2.6199798583984375
35367,0,calendar_2014_test,71.13156127929688,59.0,0.9184446930885315,0.0,6.882803440093994,12.131561279296875
35368,0,calendar_2014_test,62.59080505371094,70.0,0.9376806020736694,0.0,5.259400844573975,7.4091949462890625
35369,0,calendar_2014_test,73.91223907470703,78.0,0.9148661494255066,0.0,7.184813022613525,4.087760925292969
35370,0,calendar_2014_test,81.32666015625,84.0,0.906559407711029,0.0,7.885853290557861,2.67333984375
35371,0,calendar_2014_test,84.72956848144531,97.0,0.9036141633987427,0.0,8.134415626525879,12.270431518554688
35372,0,calendar_2014_test,97.13304901123047,110.0,0.8753119111061096,0.0,10.522964477539062,12.866950988769531
35373,0,calendar_2014_test,111.64064025878906,106.0,0.8489360809326172,0.0,12.74893856048584,5.6406402587890625
35374,0,calendar_2014_test,102.14608764648438,92.0,0.8911099433898926,0.0,9.18970012664795,10.146087646484375
35375,0,calendar_2014_test,95.6183090209961,110.0,0.8904937505722046,0.0,9.241703033447266,14.381690979003906
35376,0,calendar_2014_test,116.5054702758789,121.0,0.844307005405426,0.0,13.139605522155762,4.494529724121094
35377,0,calendar_2014_test,119.09120178222656,136.0,0.8579087853431702,0.0,11.991691589355469,16.908798217773438
35378,0,calendar_2014_test,130.1633758544922,150.0,0.8353231549263,0.0,13.89778995513916,19.836624145507812
35379,0,calendar_2014_test,144.51412963867188,118.0,0.7874807715415955,0.0,17.935415267944336,26.514129638671875
35380,0,calendar_2014_test,107.0367202758789,91.0,0.8647822737693787,0.0,11.41160774230957,16.036720275878906
35381,0,calendar_2014_test,84.09235382080078,86.0,0.8990307450294495,0.0,8.521232604980469,1.9076461791992188
35382,0,calendar_2014_test,83.13883209228516,67.0,0.893207311630249,0.0,9.012697219848633,16.138832092285156
35383,0,calendar_2014_test,67.23632049560547,60.0,0.9143702387809753,0.0,7.226665019989014,7.236320495605469
35384,0,calendar_2014_test,61.066226959228516,53.0,0.9303012490272522,0.0,5.882177829742432,8.066226959228516
35385,0,calendar_2014_test,56.03826141357422,53.0,0.9293250441551208,0.0,5.964564800262451,3.0382614135742188
35386,0,calendar_2014_test,166.38973999023438,159.0,0.7933558821678162,0.0,17.43958854675293,7.389739990234375
35387,0,calendar_2014_test,165.520263671875,180.0,0.8006705045700073,0.0,16.82227897644043,14.479736328125
35388,0,calendar_2014_test,187.37936401367188,200.0,0.7212308645248413,0.0,23.52652931213379,12.620635986328125
35389,0,calendar_2014_test,200.8612823486328,228.0,0.6537473797798157,0.0,29.22175407409668,27.138717651367188
35390,0,calendar_2014_test,223.0084991455078,229.0,0.6613210439682007,0.0,28.582582473754883,5.9915008544921875
35391,0,calendar_2014_test,224.04457092285156,200.0,0.7070474624633789,0.0,24.723527908325195,24.044570922851562
35392,0,calendar_2014_test,180.40196228027344,146.0,0.6997148990631104,0.0,25.342357635498047,34.40196228027344
35393,0,calendar_2014_test,130.75299072265625,133.0,0.8606136441230774,0.0,11.763415336608887,2.24700927734375
35394,0,calendar_2014_test,125.4613265991211,125.0,0.8603189587593079,0.0,11.788285255432129,0.46132659912109375
35395,0,calendar_2014_test,118.92735290527344,79.0,0.836919903755188,0.0,13.763031959533691,39.92735290527344
35396,0,calendar_2014_test,78.5494384765625,80.0,0.9162102341651917,0.0,7.071378707885742,1.4505615234375
35397,0,calendar_2014_test,82.19575500488281,72.0,0.8681764602661133,0.0,11.125155448913574,10.195755004882812
35398,0,calendar_2014_test,80.00971221923828,59.0,0.9097501635551453,0.0,7.616574764251709,21.00971221923828
35399,0,calendar_2014_test,61.98906326293945,63.0,0.9318785071372986,0.0,5.7490668296813965,1.0109367370605469
35400,0,calendar_2014_test,67.24649047851562,64.0,0.9256558418273926,0.0,6.274227142333984,3.246490478515625
35401,0,calendar_2014_test,68.49199676513672,52.0,0.9263913631439209,0.0,6.212149620056152,16.49199676513672
35402,0,calendar_2014_test,62.636539459228516,67.0,0.9271336793899536,0.0,6.149501323699951,4.363460540771484
35403,0,calendar_2014_test,71.25552368164062,78.0,0.9365758895874023,0.0,5.352633476257324,6.744476318359375
35404,0,calendar_2014_test,84.90336608886719,89.0,0.8911103010177612,0.0,9.18967056274414,4.0966339111328125
35405,0,calendar_2014_test,95.15861511230469,88.0,0.8701817989349365,0.0,10.955915451049805,7.1586151123046875
35406,0,calendar_2014_test,84.99916076660156,96.0,0.9081736207008362,0.0,7.7496256828308105,11.000839233398438
35407,0,calendar_2014_test,100.36382293701172,100.0,0.8858819007873535,0.0,9.63092041015625,0.36382293701171875
35408,0,calendar_2014_test,103.10893249511719,93.0,0.8486862778663635,0.0,12.77001667022705,10.108932495117188
35409,0,calendar_2014_test,95.10457611083984,85.0,0.898054301738739,0.0,8.603639602661133,10.104576110839844
35410,0,calendar_2014_test,84.71854400634766,88.0,0.9073072671890259,0.0,7.822739124298096,3.2814559936523438
35411,0,calendar_2014_test,92.1273422241211,82.0,0.9049778580665588,0.0,8.019330024719238,10.127342224121094
35412,0,calendar_2014_test,78.1852035522461,80.0,0.9041529893875122,0.0,8.088942527770996,1.8147964477539062
35413,0,calendar_2014_test,79.2536849975586,59.0,0.9025192260742188,0.0,8.226820945739746,20.253684997558594
35414,0,calendar_2014_test,54.9056396484375,75.0,0.9394253492355347,0.0,5.11215877532959,20.0943603515625
35415,0,calendar_2014_test,78.38117980957031,77.0,0.9053661823272705,0.0,7.986557483673096,1.3811798095703125
35416,0,calendar_2014_test,78.96517181396484,70.0,0.9187904596328735,0.0,6.853623867034912,8.965171813964844
35417,0,calendar_2014_test,71.19928741455078,80.0,0.9166174530982971,0.0,7.037011623382568,8.800712585449219
35418,0,calendar_2014_test,84.39842987060547,81.0,0.9321357607841492,0.0,5.727357864379883,3.3984298706054688
35419,0,calendar_2014_test,87.07188415527344,79.0,0.9145132899284363,0.0,7.214593887329102,8.071884155273438
35420,0,calendar_2014_test,82.16997528076172,89.0,0.8943862318992615,0.0,8.913200378417969,6.830024719238281
35421,0,calendar_2014_test,90.69856262207031,106.0,0.8763878345489502,0.0,10.43216609954834,15.301437377929688
35422,0,calendar_2014_test,108.4319076538086,112.0,0.8485257625579834,0.0,12.783564567565918,3.5680923461914062
35423,0,calendar_2014_test,116.91850280761719,118.0,0.8304644227027893,0.0,14.30783748626709,1.0814971923828125
35424,0,calendar_2014_test,122.40679168701172,120.0,0.8360657095909119,0.0,13.835123062133789,2.4067916870117188
35425,0,calendar_2014_test,117.3624038696289,119.0,0.8524349927902222,0.0,12.453646659851074,1.6375961303710938
35426,0,calendar_2014_test,116.60630798339844,127.0,0.8568369746208191,0.0,12.082145690917969,10.393692016601562
35427,0,calendar_2014_test,120.72848510742188,128.0,0.8654958605766296,0.0,11.351383209228516,7.271514892578125
35428,0,calendar_2014_test,125.55386352539062,135.0,0.840623676776886,0.0,13.450457572937012,9.446136474609375
35429,0,calendar_2014_test,129.14492797851562,133.0,0.8438060283660889,0.0,13.181882858276367,3.855072021484375
35430,0,calendar_2014_test,124.18751525878906,124.0,0.8537585735321045,0.0,12.341947555541992,0.1875152587890625
35431,0,calendar_2014_test,115.98544311523438,112.0,0.841833770275116,0.0,13.348329544067383,3.985443115234375
35432,0,calendar_2014_test,108.12665557861328,107.0,0.865401566028595,0.0,11.359341621398926,1.1266555786132812
35433,0,calendar_2014_test,103.72594451904297,109.0,0.8595248460769653,0.0,11.855306625366211,5.274055480957031
35434,0,calendar_2014_test,103.66267395019531,108.0,0.8965117931365967,0.0,8.733817100524902,4.3373260498046875
35435,0,calendar_2014_test,100.96688842773438,119.0,0.8733755946159363,0.0,10.686380386352539,18.033111572265625
35436,0,calendar_2014_test,121.45458221435547,117.0,0.8402389287948608,0.0,13.482927322387695,4.454582214355469
35437,0,calendar_2014_test,115.78968048095703,120.0,0.8642057180404663,0.0,11.460268020629883,4.210319519042969
35438,0,calendar_2014_test,113.37423706054688,123.0,0.8498185873031616,0.0,12.674459457397461,9.625762939453125
35439,0,calendar_2014_test,114.43277740478516,114.0,0.869340181350708,0.0,11.026945114135742,0.43277740478515625
35440,0,calendar_2014_test,107.0624771118164,109.0,0.8931323885917664,0.0,9.019018173217773,1.9375228881835938
35441,0,calendar_2014_test,97.8906021118164,96.0,0.8878664970397949,0.0,9.463430404663086,1.8906021118164062
35442,0,calendar_2014_test,83.55915069580078,102.0,0.9004007577896118,0.0,8.405608177185059,18.44084930419922
35443,0,calendar_2014_test,91.89273834228516,95.0,0.88990718126297,0.0,9.29120922088623,3.1072616577148438
35444,0,calendar_2014_test,85.01419067382812,81.0,0.9058967232704163,0.0,7.941782474517822,4.014190673828125
35445,0,calendar_2014_test,70.82120513916016,73.0,0.9091459512710571,0.0,7.667565822601318,2.1787948608398438
35446,0,calendar_2014_test,59.189353942871094,63.0,0.930307149887085,0.0,5.8816819190979,3.8106460571289062
35447,0,calendar_2014_test,46.93077087402344,45.0,0.9360864162445068,0.0,5.3939409255981445,1.9307708740234375
35448,0,calendar_2014_test,36.974552154541016,51.0,0.9592621922492981,0.0,3.4380409717559814,14.025447845458984
35449,0,calendar_2014_test,38.565059661865234,40.0,0.9422605037689209,0.0,4.872882843017578,1.4349403381347656
35450,0,calendar_2014_test,30.559904098510742,36.0,0.9604964256286621,0.0,3.3338775634765625,5.440095901489258
35451,0,calendar_2014_test,28.388826370239258,34.0,0.9553812742233276,0.0,3.7655694484710693,5.611173629760742
35452,0,calendar_2014_test,25.981794357299805,24.0,0.9550764560699463,0.0,3.791293144226074,1.9817943572998047
35453,0,calendar_2014_test,21.236581802368164,27.0,0.9433923959732056,0.0,4.7773613929748535,5.763418197631836
35454,0,calendar_2014_test,41.467281341552734,56.0,0.9491931796073914,0.0,4.287808895111084,14.532718658447266
35455,0,calendar_2014_test,59.56825637817383,61.0,0.9266566038131714,0.0,6.1897664070129395,1.4317436218261719
35456,0,calendar_2014_test,62.333133697509766,64.0,0.9495850205421448,0.0,4.254735946655273,1.6668663024902344
35457,0,calendar_2014_test,66.34717559814453,101.0,0.9182183146476746,0.0,6.9019083976745605,34.65282440185547
35458,0,calendar_2014_test,105.91139221191406,111.0,0.8752632141113281,0.0,10.527073860168457,5.0886077880859375
35459,0,calendar_2014_test,111.51570892333984,82.0,0.8783301711082458,0.0,10.268241882324219,29.515708923339844
35460,0,calendar_2014_test,76.29159545898438,84.0,0.9039131999015808,0.0,8.10918140411377,7.708404541015625
35461,0,calendar_2014_test,85.84442901611328,89.0,0.9078457951545715,0.0,7.777291297912598,3.1555709838867188
35462,0,calendar_2014_test,88.75737762451172,91.0,0.8724482655525208,0.0,10.764639854431152,2.2426223754882812
35463,0,calendar_2014_test,89.44699096679688,81.0,0.8895250558853149,0.0,9.323454856872559,8.446990966796875
35464,0,calendar_2014_test,79.98297882080078,103.0,0.8989754915237427,0.0,8.525895118713379,23.01702117919922
35465,0,calendar_2014_test,99.71504211425781,99.0,0.8533943891525269,0.0,12.372679710388184,0.7150421142578125
35466,0,calendar_2014_test,100.43714904785156,105.0,0.8864541053771973,0.0,9.582630157470703,4.5628509521484375
35467,0,calendar_2014_test,107.04674530029297,121.0,0.8546290397644043,0.0,12.268481254577637,13.953254699707031
35468,0,calendar_2014_test,123.979736328125,139.0,0.8681374788284302,0.0,11.128450393676758,15.020263671875
35469,0,calendar_2014_test,144.06192016601562,141.0,0.8360512852668762,0.0,13.83634090423584,3.061920166015625
35470,0,calendar_2014_test,137.16822814941406,148.0,0.7940168380737305,0.0,17.38381004333496,10.831771850585938
35471,0,calendar_2014_test,146.5240020751953,168.0,0.8762534260749817,0.0,10.44350814819336,21.475997924804688
35472,0,calendar_2014_test,160.54429626464844,157.0,0.7856566905975342,0.0,18.08935546875,3.5442962646484375
35473,0,calendar_2014_test,153.76576232910156,159.0,0.7872241735458374,0.0,17.957073211669922,5.2342376708984375
35474,0,calendar_2014_test,164.2633819580078,151.0,0.7989832162857056,0.0,16.964675903320312,13.263381958007812
35475,0,calendar_2014_test,150.83206176757812,137.0,0.804122805595398,0.0,16.530921936035156,13.832061767578125
35476,0,calendar_2014_test,139.56809997558594,128.0,0.8243911266326904,0.0,14.820392608642578,11.568099975585938
35477,0,calendar_2014_test,125.88906860351562,144.0,0.8223670125007629,0.0,14.991214752197266,18.110931396484375
35478,0,calendar_2014_test,151.16111755371094,147.0,0.7535550594329834,0.0,20.798553466796875,4.1611175537109375
35479,0,calendar_2014_test,150.01303100585938,157.0,0.8620375990867615,0.0,11.643242835998535,6.986968994140625
35480,0,calendar_2014_test,161.04994201660156,145.0,0.7878655195236206,0.0,17.902944564819336,16.049942016601562
35481,0,calendar_2014_test,143.50225830078125,74.0,0.8504893779754639,0.0,12.617847442626953,69.50225830078125
35482,0,calendar_2014_test,65.52253723144531,60.0,0.9302730560302734,0.0,5.88455867767334,5.5225372314453125
35483,0,calendar_2014_test,64.22872161865234,75.0,0.9306485652923584,0.0,5.852865219116211,10.771278381347656
35484,0,calendar_2014_test,81.28929901123047,86.0,0.9087288975715637,0.0,7.702762603759766,4.710700988769531
35485,0,calendar_2014_test,92.6641616821289,87.0,0.8913838863372803,0.0,9.166581153869629,5.664161682128906
35486,0,calendar_2014_test,89.23516082763672,99.0,0.8888611793518066,0.0,9.379484176635742,9.764839172363281
35487,0,calendar_2014_test,106.05623626708984,96.0,0.8920058012008667,0.0,9.114099502563477,10.056236267089844
35488,0,calendar_2014_test,101.11812591552734,107.0,0.8985311388969421,0.0,8.563394546508789,5.881874084472656
35489,0,calendar_2014_test,111.52359771728516,111.0,0.879350483417511,0.0,10.18213176727295,0.5235977172851562
35490,0,calendar_2014_test,117.03059387207031,120.0,0.8926607966423035,0.0,9.058816909790039,2.9694061279296875
35491,0,calendar_2014_test,121.61886596679688,121.0,0.8563341498374939,0.0,12.124581336975098,0.618865966796875
35492,0,calendar_2014_test,118.2675552368164,126.0,0.8230339884757996,0.0,14.934924125671387,7.732444763183594
35493,0,calendar_2014_test,127.94271850585938,130.0,0.8620845675468445,0.0,11.639280319213867,2.057281494140625
35494,0,calendar_2014_test,132.4298095703125,123.0,0.7995240092277527,0.0,16.91903305053711,9.4298095703125
35495,0,calendar_2014_test,120.49252319335938,129.0,0.8699313402175903,0.0,10.977054595947266,8.507476806640625
35496,0,calendar_2014_test,131.1162567138672,146.0,0.8421494364738464,0.0,13.32169246673584,14.883743286132812
35497,0,calendar_2014_test,143.57684326171875,155.0,0.8148072361946106,0.0,15.629215240478516,11.42315673828125
35498,0,calendar_2014_test,158.44712829589844,193.0,0.7935752868652344,0.0,17.42107391357422,34.55287170410156
35499,0,calendar_2014_test,206.57269287109375,194.0,0.6841802597045898,0.0,26.65338897705078,12.57269287109375
35500,0,calendar_2014_test,188.6048126220703,203.0,0.7894791960716248,0.0,17.766759872436523,14.395187377929688
35501,0,calendar_2014_test,203.97828674316406,217.0,0.7584375143051147,0.0,20.386499404907227,13.021713256835938
35502,0,calendar_2014_test,209.68695068359375,219.0,0.725521981716156,0.0,23.164384841918945,9.31304931640625
35503,0,calendar_2014_test,226.53709411621094,196.0,0.7010760307312012,0.0,25.227487564086914,30.537094116210938
35504,0,calendar_2014_test,183.19212341308594,166.0,0.6975990533828735,0.0,25.520923614501953,17.192123413085938
35505,0,calendar_2014_test,156.72210693359375,149.0,0.7695901393890381,0.0,19.44528579711914,7.72210693359375
35506,0,calendar_2014_test,139.71249389648438,119.0,0.821334719657898,0.0,15.078333854675293,20.712493896484375
35507,0,calendar_2014_test,111.77030944824219,132.0,0.8682091236114502,0.0,11.12240219116211,20.229690551757812
35508,0,calendar_2014_test,134.10504150390625,61.0,0.8245221972465515,0.0,14.809328079223633,73.10504150390625
35509,0,calendar_2014_test,49.16510009765625,9.0,0.9494324326515198,0.0,4.267614364624023,40.16510009765625
35510,0,calendar_2014_test,12.251452445983887,9.0,0.9704576730728149,0.0,2.4932024478912354,3.2514524459838867
35511,0,calendar_2014_test,11.667864799499512,42.0,0.9568970799446106,0.0,3.6376423835754395,30.33213520050049
35512,0,calendar_2014_test,40.39891815185547,43.0,0.9320727586746216,0.0,5.732672214508057,2.6010818481445312
35513,0,calendar_2014_test,45.82026290893555,51.0,0.9487846493721008,0.0,4.322286605834961,5.179737091064453
35514,0,calendar_2014_test,51.76015090942383,28.0,0.9412568807601929,0.0,4.957585334777832,23.760150909423828
35515,0,calendar_2014_test,27.230939865112305,26.0,0.9624384045600891,0.0,3.1699843406677246,1.2309398651123047
35516,0,calendar_2014_test,23.236942291259766,14.0,0.9679811000823975,0.0,2.702211856842041,9.236942291259766
35517,0,calendar_2014_test,16.441938400268555,15.0,0.9802457690238953,0.0,1.66714608669281,1.4419384002685547
35518,0,calendar_2014_test,14.97901725769043,10.0,0.9713819026947021,0.0,2.415205955505371,4.97901725769043
35519,0,calendar_2014_test,12.596292495727539,6.0,0.9769663214683533,0.0,1.9439122676849365,6.596292495727539
35520,0,calendar_2014_test,12.227503776550293,10.0,0.9742958545684814,0.0,2.169286012649536,2.227503776550293
35521,0,calendar_2014_test,11.497045516967773,10.0,0.975151002407074,0.0,2.097116231918335,1.4970455169677734
35522,0,calendar_2014_test,12.631253242492676,17.0,0.9728467464447021,0.0,2.2915823459625244,4.368746757507324
35523,0,calendar_2014_test,17.1651554107666,16.0,0.9675633311271667,0.0,2.737468957901001,1.1651554107666016
35524,0,calendar_2014_test,24.11487579345703,22.0,0.9533136487007141,0.0,3.940061569213867,2.1148757934570312
35525,0,calendar_2014_test,24.848726272583008,32.0,0.969075620174408,0.0,2.609844207763672,7.151273727416992
35526,0,calendar_2014_test,33.60334014892578,54.0,0.956832766532898,0.0,3.6430704593658447,20.39665985107422
35527,0,calendar_2014_test,55.627479553222656,52.0,0.9255335927009583,0.0,6.284543514251709,3.6274795532226562
35528,0,calendar_2014_test,55.21387481689453,59.0,0.9321781992912292,0.0,5.723773956298828,3.7861251831054688
35529,0,calendar_2014_test,59.06357192993164,59.0,0.9297076463699341,0.0,5.932275295257568,0.06357192993164062
35530,0,calendar_2014_test,63.05430603027344,77.0,0.9239689111709595,0.0,6.416592121124268,13.945693969726562
35531,0,calendar_2014_test,78.8936538696289,83.0,0.8995035886764526,0.0,8.481327056884766,4.106346130371094
35532,0,calendar_2014_test,82.3447265625,83.0,0.9063998460769653,0.0,7.899322509765625,0.6552734375
35533,0,calendar_2014_test,80.74674987792969,66.0,0.9194554090499878,0.0,6.797506809234619,14.746749877929688
35534,0,calendar_2014_test,63.87577438354492,59.0,0.9224489331245422,0.0,6.5448713302612305,4.875774383544922
35535,0,calendar_2014_test,57.728553771972656,49.0,0.9322249889373779,0.0,5.719827175140381,8.728553771972656
35536,0,calendar_2014_test,50.16254425048828,58.0,0.9410036206245422,0.0,4.978958606719971,7.837455749511719
35537,0,calendar_2014_test,60.307106018066406,61.0,0.9469828009605408,0.0,4.4743499755859375,0.6928939819335938
35538,0,calendar_2014_test,62.297096252441406,63.0,0.9525572657585144,0.0,4.003899097442627,0.7029037475585938
35539,0,calendar_2014_test,66.96565246582031,71.0,0.920087456703186,0.0,6.744162082672119,4.0343475341796875
35540,0,calendar_2014_test,71.82019805908203,82.0,0.9260943531990051,0.0,6.237216949462891,10.179801940917969
35541,0,calendar_2014_test,87.42115783691406,87.0,0.8877092003822327,0.0,9.476706504821777,0.4211578369140625
35542,0,calendar_2014_test,92.30445098876953,98.0,0.8837457299232483,0.0,9.811198234558105,5.695549011230469
35543,0,calendar_2014_test,101.34427642822266,101.0,0.8566636443138123,0.0,12.096773147583008,0.34427642822265625
35544,0,calendar_2014_test,95.87480163574219,69.0,0.892443835735321,0.0,9.077129364013672,26.874801635742188
35545,0,calendar_2014_test,64.31420135498047,62.0,0.9192904829978943,0.0,6.81142520904541,2.3142013549804688
35546,0,calendar_2014_test,63.85756301879883,45.0,0.9367368817329407,0.0,5.339048385620117,18.857563018798828
35547,0,calendar_2014_test,45.9928092956543,53.0,0.9523950815200806,0.0,4.01758337020874,7.007190704345703
35548,0,calendar_2014_test,57.10614776611328,46.0,0.9423348903656006,0.0,4.866609573364258,11.106147766113281
35549,0,calendar_2014_test,49.84300994873047,57.0,0.943861722946167,0.0,4.7377495765686035,7.156990051269531
35550,0,calendar_2014_test,62.36693572998047,53.0,0.9132937788963318,0.0,7.3175129890441895,9.366935729980469
35551,0,calendar_2014_test,57.93155288696289,51.0,0.9364266395568848,0.0,5.365228176116943,6.931552886962891
35552,0,calendar_2014_test,54.926780700683594,58.0,0.9430780410766602,0.0,4.803892135620117,3.0732192993164062
35553,0,calendar_2014_test,62.86711502075195,75.0,0.9228415489196777,0.0,6.51173734664917,12.132884979248047
35554,0,calendar_2014_test,80.96903228759766,75.0,0.9182797074317932,0.0,6.896726608276367,5.969032287597656
35555,0,calendar_2014_test,76.26480865478516,79.0,0.9106510877609253,0.0,7.540539741516113,2.7351913452148438
35556,0,calendar_2014_test,81.06092834472656,97.0,0.9044926166534424,0.0,8.060281753540039,15.939071655273438
35557,0,calendar_2014_test,102.79288482666016,105.0,0.878568708896637,0.0,10.248109817504883,2.2071151733398438
35558,0,calendar_2014_test,106.87274932861328,105.0,0.8746395111083984,0.0,10.57971477508545,1.8727493286132812
35559,0,calendar_2014_test,100.53719329833984,107.0,0.8649224042892456,0.0,11.3997802734375,6.462806701660156
35560,0,calendar_2014_test,114.29198455810547,103.0,0.8327507376670837,0.0,14.114888191223145,11.291984558105469
35561,0,calendar_2014_test,101.56698608398438,102.0,0.8594302535057068,0.0,11.863286018371582,0.433013916015625
35562,0,calendar_2014_test,103.19319915771484,97.0,0.8721123337745667,0.0,10.792991638183594,6.193199157714844
35563,0,calendar_2014_test,89.49496459960938,99.0,0.9062296748161316,0.0,7.91368293762207,9.505035400390625
35564,0,calendar_2014_test,79.11158752441406,85.0,0.8998046517372131,0.0,8.45591926574707,5.8884124755859375
35565,0,calendar_2014_test,67.78605651855469,77.0,0.9281794428825378,0.0,6.061247825622559,9.213943481445312
35566,0,calendar_2014_test,60.92943572998047,17.0,0.9270697832107544,0.0,6.154893398284912,43.92943572998047
35567,0,calendar_2014_test,17.6427001953125,13.0,0.9743962287902832,0.0,2.1608102321624756,4.6427001953125
35568,0,calendar_2014_test,14.376322746276855,10.0,0.9784852266311646,0.0,1.8157225847244263,4.3763227462768555
35569,0,calendar_2014_test,15.854402542114258,10.0,0.9614919424057007,0.0,3.2498598098754883,5.854402542114258
35570,0,calendar_2014_test,11.712127685546875,12.0,0.975028932094574,0.0,2.1074178218841553,0.287872314453125
35571,0,calendar_2014_test,12.44112491607666,13.0,0.9762717485427856,0.0,2.0025277137756348,0.5588750839233398
35572,0,calendar_2014_test,12.251500129699707,12.0,0.9813258647918701,0.0,1.5759904384613037,0.25150012969970703
35573,0,calendar_2014_test,18.573963165283203,12.0,0.9693703651428223,0.0,2.584968328475952,6.573963165283203
35574,0,calendar_2014_test,26.661792755126953,14.0,0.9513736963272095,0.0,4.103784084320068,12.661792755126953
35575,0,calendar_2014_test,19.716157913208008,21.0,0.9655734896659851,0.0,2.9054033756256104,1.2838420867919922
35576,0,calendar_2014_test,24.911046981811523,17.0,0.9619442224502563,0.0,3.2116925716400146,7.911046981811523
35577,0,calendar_2014_test,20.431663513183594,23.0,0.9737713932991028,0.0,2.213545799255371,2.5683364868164062
35578,0,calendar_2014_test,28.302650451660156,26.0,0.9623622894287109,0.0,3.1764097213745117,2.3026504516601562
35579,0,calendar_2014_test,26.692523956298828,20.0,0.9649258852005005,0.0,2.9600577354431152,6.692523956298828
35580,0,calendar_2014_test,22.686397552490234,24.0,0.9740210771560669,0.0,2.1924755573272705,1.3136024475097656
35581,0,calendar_2014_test,23.670398712158203,22.0,0.9670902490615845,0.0,2.777397632598877,1.6703987121582031
35582,0,calendar_2014_test,21.30419158935547,17.0,0.9694033861160278,0.0,2.582179307937622,4.304191589355469
35583,0,calendar_2014_test,18.749080657958984,17.0,0.9779314398765564,0.0,1.862460732460022,1.7490806579589844
35584,0,calendar_2014_test,19.94887351989746,20.0,0.9769216775894165,0.0,1.9476773738861084,0.05112648010253906
35585,0,calendar_2014_test,23.00779914855957,13.0,0.9666718244552612,0.0,2.8127081394195557,10.00779914855957
35586,0,calendar_2014_test,15.347933769226074,18.0,0.9717735648155212,0.0,2.3821489810943604,2.652066230773926
35587,0,calendar_2014_test,17.440481185913086,15.0,0.9683973789215088,0.0,2.6670801639556885,2.440481185913086
35588,0,calendar_2014_test,17.356489181518555,17.0,0.9654579162597656,0.0,2.9151546955108643,0.3564891815185547
35589,0,calendar_2014_test,21.864551544189453,23.0,0.9709293842315674,0.0,2.4533944129943848,1.1354484558105469
35590,0,calendar_2014_test,25.734575271606445,22.0,0.9691592454910278,0.0,2.60278582572937,3.7345752716064453
35591,0,calendar_2014_test,21.72770881652832,16.0,0.96858811378479,0.0,2.6509835720062256,5.72770881652832
35592,0,calendar_2014_test,19.788002014160156,22.0,0.9719206690788269,0.0,2.3697361946105957,2.2119979858398438
35593,0,calendar_2014_test,23.35822105407715,21.0,0.9674092531204224,0.0,2.7504749298095703,2.3582210540771484
35594,0,calendar_2014_test,23.99587631225586,23.0,0.9609063267707825,0.0,3.299283027648926,0.9958763122558594
35595,0,calendar_2014_test,27.840486526489258,20.0,0.9613229632377625,0.0,3.2641234397888184,7.840486526489258
35596,0,calendar_2014_test,26.41023063659668,26.0,0.9677881002426147,0.0,2.71850323677063,0.4102306365966797
35597,0,calendar_2014_test,31.104108810424805,31.0,0.9626864194869995,0.0,3.149054765701294,0.10410881042480469
35598,0,calendar_2014_test,38.12667465209961,44.0,0.9655167460441589,0.0,2.910189151763916,5.873325347900391
35599,0,calendar_2014_test,48.85904312133789,53.0,0.9416278600692749,0.0,4.926276683807373,4.140956878662109
35600,0,calendar_2014_test,58.728370666503906,57.0,0.9216414093971252,0.0,6.6130218505859375,1.7283706665039062
35601,0,calendar_2014_test,61.5842399597168,60.0,0.9430568218231201,0.0,4.805678367614746,1.5842399597167969
35602,0,calendar_2014_test,63.89598083496094,78.0,0.9401317834854126,0.0,5.052536964416504,14.104019165039062
35603,0,calendar_2014_test,82.8213882446289,85.0,0.9231684803962708,0.0,6.484145641326904,2.1786117553710938
35604,0,calendar_2014_test,83.34098815917969,83.0,0.9162015914916992,0.0,7.072108268737793,0.3409881591796875
35605,0,calendar_2014_test,85.09493255615234,89.0,0.8994739055633545,0.0,8.483832359313965,3.9050674438476562
35606,0,calendar_2014_test,95.26036834716797,80.0,0.8855961561203003,0.0,9.655036926269531,15.260368347167969
35607,0,calendar_2014_test,79.89032745361328,80.0,0.9129491448402405,0.0,7.346597671508789,0.10967254638671875
35608,0,calendar_2014_test,80.51521301269531,69.0,0.9230247735977173,0.0,6.49627161026001,11.515213012695312
35609,0,calendar_2014_test,66.53306579589844,58.0,0.9293335676193237,0.0,5.963842868804932,8.533065795898438
35610,0,calendar_2014_test,59.39155578613281,62.0,0.93387770652771,0.0,5.580345153808594,2.6084442138671875
35611,0,calendar_2014_test,64.59568786621094,73.0,0.9223212003707886,0.0,6.555646896362305,8.404312133789062
35612,0,calendar_2014_test,82.30655670166016,77.0,0.9224548935890198,0.0,6.544366359710693,5.306556701660156
35613,0,calendar_2014_test,76.93212890625,90.0,0.8947600722312927,0.0,8.8816499710083,13.06787109375
35614,0,calendar_2014_test,93.32149505615234,91.0,0.8900759220123291,0.0,9.276969909667969,2.3214950561523438
35615,0,calendar_2014_test,91.16974639892578,96.0,0.9121698141098022,0.0,7.412367343902588,4.830253601074219
35616,0,calendar_2014_test,91.6848373413086,71.0,0.9036669731140137,0.0,8.129959106445312,20.684837341308594
35617,0,calendar_2014_test,64.23290252685547,77.0,0.9279627799987793,0.0,6.079531192779541,12.767097473144531
35618,0,calendar_2014_test,70.4722671508789,76.0,0.9183751344680786,0.0,6.888675689697266,5.527732849121094
35619,0,calendar_2014_test,67.52615356445312,100.0,0.9187480211257935,0.0,6.857202529907227,32.473846435546875
35620,0,calendar_2014_test,90.29417419433594,100.0,0.8807152509689331,0.0,10.0669527053833,9.705825805664062
35621,0,calendar_2014_test,95.42620086669922,97.0,0.8897379636764526,0.0,9.305489540100098,1.5737991333007812
35622,0,calendar_2014_test,89.26191711425781,93.0,0.892749547958374,0.0,9.051326751708984,3.7380828857421875
35623,0,calendar_2014_test,88.96923065185547,88.0,0.8901877403259277,0.0,9.267529487609863,0.9692306518554688
35624,0,calendar_2014_test,79.82189178466797,82.0,0.9115170240402222,0.0,7.467461585998535,2.1781082153320312
35625,0,calendar_2014_test,76.95323181152344,86.0,0.9112526774406433,0.0,7.489770889282227,9.046768188476562
35626,0,calendar_2014_test,85.57202911376953,82.0,0.8980028629302979,0.0,8.607976913452148,3.5720291137695312
35627,0,calendar_2014_test,77.77579498291016,69.0,0.8926542401313782,0.0,9.059371948242188,8.775794982910156
35628,0,calendar_2014_test,65.08509826660156,66.0,0.9222733378410339,0.0,6.559689998626709,0.9149017333984375
35629,0,calendar_2014_test,62.25186538696289,59.0,0.9336223006248474,0.0,5.601901054382324,3.2518653869628906
35630,0,calendar_2014_test,54.03718948364258,62.0,0.9444797039031982,0.0,4.685596466064453,7.962810516357422
35631,0,calendar_2014_test,60.5205192565918,73.0,0.9263978004455566,0.0,6.211607456207275,12.479480743408203
35632,0,calendar_2014_test,70.24473571777344,80.0,0.9239301085472107,0.0,6.419864654541016,9.755264282226562
35633,0,calendar_2014_test,78.19660949707031,74.0,0.9223085641860962,0.0,6.556714057922363,4.1966094970703125
35634,0,calendar_2014_test,71.98473358154297,79.0,0.9293558597564697,0.0,5.96196174621582,7.015266418457031
35635,0,calendar_2014_test,85.30064392089844,64.0,0.8901196718215942,0.0,9.273277282714844,21.300643920898438
35636,0,calendar_2014_test,60.74351119995117,61.0,0.9371805787086487,0.0,5.301600456237793,0.2564888000488281
35637,0,calendar_2014_test,65.78360748291016,75.0,0.9420872926712036,0.0,4.887500762939453,9.216392517089844
35638,0,calendar_2014_test,72.567626953125,64.0,0.9058999419212341,0.0,7.941510200500488,8.567626953125
35639,0,calendar_2014_test,62.196407318115234,39.0,0.9288043975830078,0.0,6.00850248336792,23.196407318115234
35640,0,calendar_2014_test,43.268592834472656,31.0,0.9500873684883118,0.0,4.212340831756592,12.268592834472656
35641,0,calendar_2014_test,31.1872615814209,27.0,0.9667603969573975,0.0,2.8052358627319336,4.187261581420898
35642,0,calendar_2014_test,31.40412712097168,21.0,0.9569029211997986,0.0,3.6371490955352783,10.40412712097168
35643,0,calendar_2014_test,25.015981674194336,27.0,0.9721584320068359,0.0,2.349672555923462,1.984018325805664
35644,0,calendar_2014_test,30.56793212890625,33.0,0.9461389183998108,0.0,4.545569896697998,2.43206787109375
35645,0,calendar_2014_test,37.51411056518555,60.0,0.9528709650039673,0.0,3.9774208068847656,22.485889434814453
35646,0,calendar_2014_test,70.51456451416016,79.0,0.9055461883544922,0.0,7.971364498138428,8.485435485839844
35647,0,calendar_2014_test,85.42587280273438,93.0,0.8877947926521301,0.0,9.469483375549316,7.574127197265625
35648,0,calendar_2014_test,99.98007202148438,129.0,0.913600742816925,0.0,7.29160737991333,29.019927978515625
35649,0,calendar_2014_test,136.1522979736328,132.0,0.8959683179855347,0.0,8.779685020446777,4.1522979736328125
35650,0,calendar_2014_test,136.7054901123047,121.0,0.8338807821273804,0.0,14.019518852233887,15.705490112304688
35651,0,calendar_2014_test,119.64998626708984,115.0,0.8238238096237183,0.0,14.868270874023438,4.649986267089844
35652,0,calendar_2014_test,118.20958709716797,113.0,0.8347717523574829,0.0,13.944327354431152,5.209587097167969
35653,0,calendar_2014_test,113.99186706542969,135.0,0.868372917175293,0.0,11.108576774597168,21.008132934570312
35654,0,calendar_2014_test,133.91519165039062,115.0,0.8564162254333496,0.0,12.11765193939209,18.915191650390625
35655,0,calendar_2014_test,109.25065612792969,149.0,0.8747383952140808,0.0,10.571368217468262,39.74934387207031
35656,0,calendar_2014_test,143.51547241210938,109.0,0.7767806053161621,0.0,18.838449478149414,34.515472412109375
35657,0,calendar_2014_test,98.5173110961914,73.0,0.883586585521698,0.0,9.824628829956055,25.517311096191406
35658,0,calendar_2014_test,67.70960998535156,57.0,0.9323346614837646,0.0,5.710568904876709,10.709609985351562
35659,0,calendar_2014_test,61.59499740600586,53.0,0.9383465647697449,0.0,5.203197956085205,8.59499740600586
35660,0,calendar_2014_test,55.486793518066406,59.0,0.9448031783103943,0.0,4.658300399780273,3.5132064819335938
35661,0,calendar_2014_test,69.57858276367188,57.0,0.9353603720664978,0.0,5.455216407775879,12.578582763671875
35662,0,calendar_2014_test,64.1891098022461,84.0,0.9011687636375427,0.0,8.34079647064209,19.810890197753906
35663,0,calendar_2014_test,94.286865234375,91.0,0.9226206541061401,0.0,6.53037691116333,3.286865234375
35664,0,calendar_2014_test,95.08306121826172,133.0,0.8699026107788086,0.0,10.979477882385254,37.91693878173828
35665,0,calendar_2014_test,143.0074005126953,172.0,0.8097744584083557,0.0,16.053953170776367,28.992599487304688
35666,0,calendar_2014_test,184.22434997558594,182.0,0.777065098285675,0.0,18.814437866210938,2.2243499755859375
35667,0,calendar_2014_test,180.27392578125,201.0,0.7589864134788513,0.0,20.34017562866211,20.72607421875
35668,0,calendar_2014_test,209.3708038330078,207.0,0.7261933088302612,0.0,23.107725143432617,2.3708038330078125
35669,0,calendar_2014_test,207.91282653808594,199.0,0.795769989490509,0.0,17.235851287841797,8.912826538085938
35670,0,calendar_2014_test,207.10182189941406,177.0,0.750846266746521,0.0,21.027156829833984,30.101821899414062
35671,0,calendar_2014_test,169.23011779785156,161.0,0.7723546624183655,0.0,19.211973190307617,8.230117797851562
35672,0,calendar_2014_test,151.1374053955078,156.0,0.7978832721710205,0.0,17.0575008392334,4.8625946044921875
35673,0,calendar_2014_test,150.3195037841797,152.0,0.7986958622932434,0.0,16.988924026489258,1.6804962158203125
35674,0,calendar_2014_test,141.57089233398438,130.0,0.7682868242263794,0.0,19.55527687072754,11.570892333984375
35675,0,calendar_2014_test,115.0574722290039,94.0,0.8420494198799133,0.0,13.330132484436035,21.057472229003906
35676,0,calendar_2014_test,80.66917419433594,81.0,0.8875860571861267,0.0,9.487096786499023,0.3308258056640625
35677,0,calendar_2014_test,76.90367889404297,81.0,0.9116443991661072,0.0,7.4567108154296875,4.096321105957031
35678,0,calendar_2014_test,79.40441131591797,78.0,0.9080145955085754,0.0,7.763043403625488,1.4044113159179688
35679,0,calendar_2014_test,72.06726837158203,69.0,0.9161267280578613,0.0,7.078426361083984,3.0672683715820312
35680,0,calendar_2014_test,66.96943664550781,59.0,0.9210334420204163,0.0,6.664327621459961,7.9694366455078125
35681,0,calendar_2014_test,64.66413879394531,55.0,0.9208029508590698,0.0,6.683783054351807,9.664138793945312
35682,0,calendar_2014_test,62.02528381347656,54.0,0.922226071357727,0.0,6.563675403594971,8.025283813476562
35683,0,calendar_2014_test,61.30342102050781,58.0,0.9295253157615662,0.0,5.947664260864258,3.3034210205078125
35684,0,calendar_2014_test,63.49553680419922,61.0,0.9227746725082397,0.0,6.51737642288208,2.4955368041992188
35685,0,calendar_2014_test,66.4783706665039,75.0,0.9224527478218079,0.0,6.544548988342285,8.521629333496094
35686,0,calendar_2014_test,81.53659057617188,78.0,0.8988057374954224,0.0,8.5402193069458,3.536590576171875
35687,0,calendar_2014_test,84.84355926513672,97.0,0.8920625448226929,0.0,9.109310150146484,12.156440734863281
35688,0,calendar_2014_test,102.28844451904297,105.0,0.8964273929595947,0.0,8.74094009399414,2.7115554809570312
35689,0,calendar_2014_test,111.14604187011719,103.0,0.8737477660179138,0.0,10.654970169067383,8.146041870117188
35690,0,calendar_2014_test,108.48345184326172,100.0,0.8499875664710999,0.0,12.660195350646973,8.483451843261719
35691,0,calendar_2014_test,101.37893676757812,107.0,0.8934481143951416,0.0,8.992376327514648,5.621063232421875
35692,0,calendar_2014_test,107.12380981445312,109.0,0.8805533051490784,0.0,10.080622673034668,1.876190185546875
35693,0,calendar_2014_test,108.3456039428711,116.0,0.8775338530540466,0.0,10.335447311401367,7.654396057128906
35694,0,calendar_2014_test,115.09745025634766,112.0,0.8298792243003845,0.0,14.35722541809082,3.0974502563476562
35695,0,calendar_2014_test,109.85258483886719,101.0,0.8871298432350159,0.0,9.525601387023926,8.852584838867188
35696,0,calendar_2014_test,91.8501205444336,80.0,0.8762999773025513,0.0,10.439579010009766,11.850120544433594
35697,0,calendar_2014_test,72.0032958984375,77.0,0.8903800249099731,0.0,9.251301765441895,4.9967041015625
35698,0,calendar_2014_test,78.92659759521484,79.0,0.9063735008239746,0.0,7.901546478271484,0.07340240478515625
35699,0,calendar_2014_test,79.07156372070312,86.0,0.91678786277771,0.0,7.022634029388428,6.928436279296875
35700,0,calendar_2014_test,89.30061340332031,72.0,0.9201881885528564,0.0,6.735661029815674,17.300613403320312
35701,0,calendar_2014_test,73.61219787597656,70.0,0.9016478657722473,0.0,8.300362586975098,3.6121978759765625
35702,0,calendar_2014_test,72.68940734863281,64.0,0.9246796369552612,0.0,6.3566131591796875,8.689407348632812
35703,0,calendar_2014_test,68.60865783691406,67.0,0.94118732213974,0.0,4.963458061218262,1.6086578369140625
35704,0,calendar_2014_test,69.93335723876953,63.0,0.909823477268219,0.0,7.610386371612549,6.933357238769531
35705,0,calendar_2014_test,63.61676025390625,54.0,0.9253873229026794,0.0,6.296886920928955,9.61676025390625
35706,0,calendar_2014_test,53.78434753417969,50.0,0.9408655762672424,0.0,4.990611553192139,3.7843475341796875
35707,0,calendar_2014_test,47.285213470458984,21.0,0.9435188174247742,0.0,4.766689777374268,26.285213470458984
35708,0,calendar_2014_test,20.047969818115234,11.0,0.9769691824913025,0.0,1.9436721801757812,9.047969818115234
35709,0,calendar_2014_test,13.27933120727539,10.0,0.9790314435958862,0.0,1.7696248292922974,3.2793312072753906
35710,0,calendar_2014_test,11.231855392456055,8.0,0.9732305407524109,0.0,2.2591917514801025,3.2318553924560547
35711,0,calendar_2014_test,11.313504219055176,7.0,0.9750410914421082,0.0,2.1063902378082275,4.313504219055176
35712,0,calendar_2014_test,9.872601509094238,10.0,0.9793338775634766,0.0,1.7441056966781616,0.12739849090576172
35713,0,calendar_2014_test,10.962700843811035,12.0,0.9797084331512451,0.0,1.7124906778335571,1.0372991561889648
35714,0,calendar_2014_test,11.850150108337402,8.0,0.97590172290802,0.0,2.0337564945220947,3.8501501083374023
35715,0,calendar_2014_test,10.117037773132324,6.0,0.9809615015983582,0.0,1.6067415475845337,4.117037773132324
35716,0,calendar_2014_test,9.570504188537598,11.0,0.9791839718818665,0.0,1.7567559480667114,1.4294958114624023
35717,0,calendar_2014_test,15.19776439666748,17.0,0.9599604606628418,0.0,3.3791086673736572,1.8022356033325195
35718,0,calendar_2014_test,17.561901092529297,22.0,0.9660177230834961,0.0,2.867913246154785,4.438098907470703
35719,0,calendar_2014_test,23.88160514831543,27.0,0.9538648128509521,0.0,3.893549919128418,3.1183948516845703
35720,0,calendar_2014_test,26.92652702331543,43.0,0.9607555866241455,0.0,3.3120040893554688,16.07347297668457
35721,0,calendar_2014_test,44.432865142822266,34.0,0.9494266510009766,0.0,4.268104076385498,10.432865142822266
35722,0,calendar_2014_test,35.56547927856445,39.0,0.9505065679550171,0.0,4.176964282989502,3.434520721435547
35723,0,calendar_2014_test,37.55637741088867,32.0,0.9378820657730103,0.0,5.242400646209717,5.556377410888672
35724,0,calendar_2014_test,32.34745788574219,28.0,0.9616662859916687,0.0,3.2351462841033936,4.3474578857421875
35725,0,calendar_2014_test,23.273847579956055,28.0,0.967988133430481,0.0,2.701617479324341,4.726152420043945
35726,0,calendar_2014_test,28.07939910888672,22.0,0.9578486680984497,0.0,3.5573322772979736,6.079399108886719
35727,0,calendar_2014_test,20.064348220825195,27.0,0.9670091867446899,0.0,2.7842347621917725,6.935651779174805
35728,0,calendar_2014_test,25.333669662475586,22.0,0.9703793525695801,0.0,2.499814510345459,3.333669662475586
35729,0,calendar_2014_test,23.720022201538086,22.0,0.961374819278717,0.0,3.2597436904907227,1.720022201538086
35730,0,calendar_2014_test,24.50725746154785,25.0,0.9598100781440735,0.0,3.39180326461792,0.49274253845214844
35731,0,calendar_2014_test,22.71704864501953,21.0,0.9726313352584839,0.0,2.3097572326660156,1.7170486450195312
35732,0,calendar_2014_test,18.98249053955078,22.0,0.9707956910133362,0.0,2.46467924118042,3.0175094604492188
35733,0,calendar_2014_test,19.580463409423828,18.0,0.9750303030014038,0.0,2.1072990894317627,1.5804634094238281
35734,0,calendar_2014_test,15.699983596801758,18.0,0.9714995622634888,0.0,2.4052774906158447,2.300016403198242
35735,0,calendar_2014_test,19.113954544067383,22.0,0.9699066281318665,0.0,2.5397109985351562,2.886045455932617
35736,0,calendar_2014_test,23.257707595825195,20.0,0.9655398726463318,0.0,2.908238172531128,3.2577075958251953
35737,0,calendar_2014_test,21.288755416870117,25.0,0.9700654745101929,0.0,2.526303291320801,3.711244583129883
35738,0,calendar_2014_test,26.451534271240234,22.0,0.9616574645042419,0.0,3.235894203186035,4.451534271240234
35739,0,calendar_2014_test,26.796770095825195,25.0,0.9674646854400635,0.0,2.7457969188690186,1.7967700958251953
35740,0,calendar_2014_test,30.059419631958008,33.0,0.9644286036491394,0.0,3.002023696899414,2.940580368041992
35741,0,calendar_2014_test,39.31476974487305,50.0,0.9640443921089172,0.0,3.0344502925872803,10.685230255126953
35742,0,calendar_2014_test,56.77827072143555,61.0,0.9416611194610596,0.0,4.923470973968506,4.221729278564453
35743,0,calendar_2014_test,69.73965454101562,74.0,0.9328145980834961,0.0,5.670065879821777,4.260345458984375
35744,0,calendar_2014_test,80.47867584228516,79.0,0.9130724668502808,0.0,7.336187839508057,1.4786758422851562
35745,0,calendar_2014_test,84.58889770507812,77.0,0.8942971229553223,0.0,8.920720100402832,7.588897705078125
35746,0,calendar_2014_test,79.15250396728516,91.0,0.9209772944450378,0.0,6.669067859649658,11.847496032714844
35747,0,calendar_2014_test,92.71067810058594,94.0,0.8796617984771729,0.0,10.155858993530273,1.2893218994140625
35748,0,calendar_2014_test,99.65084838867188,107.0,0.9019958972930908,0.0,8.270988464355469,7.349151611328125
35749,0,calendar_2014_test,110.5211410522461,114.0,0.9073563814163208,0.0,7.818594455718994,3.4788589477539062
35750,0,calendar_2014_test,114.7711181640625,104.0,0.8667199611663818,0.0,11.248078346252441,10.7711181640625
35751,0,calendar_2014_test,98.5816650390625,93.0,0.8955278992652893,0.0,8.816852569580078,5.5816650390625
35752,0,calendar_2014_test,87.584716796875,85.0,0.9031647443771362,0.0,8.172347068786621,2.584716796875
35753,0,calendar_2014_test,87.55582427978516,75.0,0.8722888827323914,0.0,10.778093338012695,12.555824279785156
35754,0,calendar_2014_test,74.3109130859375,75.0,0.9406111240386963,0.0,5.012082576751709,0.6890869140625
35755,0,calendar_2014_test,78.60987091064453,66.0,0.9300085306167603,0.0,5.9068827629089355,12.609870910644531
35756,0,calendar_2014_test,66.07914733886719,66.0,0.9341250061988831,0.0,5.559475421905518,0.0791473388671875
35757,0,calendar_2014_test,68.6414794921875,82.0,0.9256104826927185,0.0,6.278050899505615,13.3585205078125
35758,0,calendar_2014_test,88.31965637207031,104.0,0.9128397107124329,0.0,7.355833053588867,15.680343627929688
35759,0,calendar_2014_test,107.2220687866211,118.0,0.8769252896308899,0.0,10.386805534362793,10.777931213378906
35760,0,calendar_2014_test,124.6039047241211,140.0,0.8257165551185608,0.0,14.708532333374023,15.396095275878906
35761,0,calendar_2014_test,142.21043395996094,158.0,0.8099627494812012,0.0,16.03806495666504,15.789566040039062
35762,0,calendar_2014_test,156.6383819580078,179.0,0.7587810754776001,0.0,20.357505798339844,22.361618041992188
35763,0,calendar_2014_test,183.37135314941406,182.0,0.8192107677459717,0.0,15.257584571838379,1.3713531494140625
35764,0,calendar_2014_test,188.21145629882812,189.0,0.7322715520858765,0.0,22.594758987426758,0.788543701171875
35765,0,calendar_2014_test,198.13485717773438,220.0,0.8046426177024841,0.0,16.48705291748047,21.865142822265625
35766,0,calendar_2014_test,239.04730224609375,245.0,0.7251545190811157,0.0,23.195398330688477,5.95269775390625
35767,0,calendar_2014_test,242.8152313232422,255.0,0.7340635657310486,0.0,22.443523406982422,12.184768676757812
35768,0,calendar_2014_test,259.57501220703125,284.0,0.6231527328491211,0.0,31.80376625061035,24.42498779296875
35769,0,calendar_2014_test,286.6070556640625,326.0,0.6566458940505981,0.0,28.977134704589844,39.3929443359375
35770,0,calendar_2014_test,324.26617431640625,301.0,0.4699399471282959,0.0,44.73405838012695,23.26617431640625
35771,0,calendar_2014_test,278.1661682128906,289.0,0.5952373147010803,0.0,34.159671783447266,10.833831787109375
35772,0,calendar_2014_test,273.23291015625,269.0,0.5803357362747192,0.0,35.41728210449219,4.23291015625
35773,0,calendar_2014_test,250.1501007080078,249.0,0.7451208829879761,0.0,21.510345458984375,1.1501007080078125
35774,0,calendar_2014_test,233.5183563232422,232.0,0.7285939455032349,0.0,22.905126571655273,1.5183563232421875
35775,0,calendar_2014_test,222.6461639404297,222.0,0.724065899848938,0.0,23.287267684936523,0.6461639404296875
35776,0,calendar_2014_test,210.45323181152344,217.0,0.712394118309021,0.0,24.272302627563477,6.5467681884765625
35777,0,calendar_2014_test,211.44586181640625,215.0,0.7754654288291931,0.0,18.94944190979004,3.55413818359375
35778,0,calendar_2014_test,208.47900390625,243.0,0.7647229433059692,0.0,19.85604476928711,34.52099609375
35779,0,calendar_2014_test,234.22608947753906,224.0,0.6684039831161499,0.0,27.984819412231445,10.226089477539062
35780,0,calendar_2014_test,217.8531036376953,236.0,0.7411438226699829,0.0,21.845993041992188,18.146896362304688
35781,0,calendar_2014_test,238.8303985595703,256.0,0.7043122053146362,0.0,24.95437240600586,17.169601440429688
35782,0,calendar_2014_test,260.97039794921875,272.0,0.6278495788574219,0.0,31.40738296508789,11.02960205078125
35783,0,calendar_2014_test,262.021484375,266.0,0.6650351285934448,0.0,28.269134521484375,3.978515625
35784,0,calendar_2014_test,263.7507629394531,280.0,0.6850597858428955,0.0,26.57916259765625,16.249237060546875
35785,0,calendar_2014_test,291.1549377441406,320.0,0.6260247826576233,0.0,31.561384201049805,28.845062255859375
35786,0,calendar_2014_test,334.5606384277344,364.0,0.610309362411499,0.0,32.88767623901367,29.439361572265625
35787,0,calendar_2014_test,365.1645202636719,383.0,0.5256978869438171,0.0,40.028404235839844,17.835479736328125
35788,0,calendar_2014_test,387.3917541503906,402.0,0.535476565361023,0.0,39.20314025878906,14.608245849609375
35789,0,calendar_2014_test,410.4782409667969,396.0,0.48861896991729736,0.0,43.15765380859375,14.478240966796875
35790,0,calendar_2014_test,395.1057434082031,419.0,0.4532371759414673,0.0,46.1436767578125,23.894256591796875
35791,0,calendar_2014_test,415.87799072265625,432.0,0.27450013160705566,0.0,61.228065490722656,16.12200927734375
35792,0,calendar_2014_test,433.927734375,432.0,0.3947288990020752,0.0,51.081443786621094,1.927734375
35793,0,calendar_2014_test,424.6899108886719,406.0,0.40201902389526367,0.0,50.46619415283203,18.689910888671875
35794,0,calendar_2014_test,395.66424560546875,388.0,0.4902641177177429,0.0,43.0188102722168,7.66424560546875
35795,0,calendar_2014_test,391.3876953125,368.0,0.49089401960372925,0.0,42.96565246582031,23.3876953125
35796,0,calendar_2014_test,358.4146728515625,355.0,0.5537831783294678,0.0,37.65816116333008,3.4146728515625
35797,0,calendar_2014_test,353.5301513671875,349.0,0.35714441537857056,0.0,54.253360748291016,4.5301513671875
35798,0,calendar_2014_test,358.6139221191406,353.0,0.5900943279266357,0.0,34.59370803833008,5.613922119140625
35799,0,calendar_2014_test,353.6561279296875,345.0,0.587725818157196,0.0,34.79359817504883,8.6561279296875
35800,0,calendar_2014_test,333.7174987792969,341.0,0.5915540456771851,0.0,34.47052001953125,7.282501220703125
35801,0,calendar_2014_test,338.1922912597656,337.0,0.5386505126953125,0.0,38.935272216796875,1.192291259765625
35802,0,calendar_2014_test,337.0072326660156,342.0,0.5827654600143433,0.0,35.212223052978516,4.992767333984375
35803,0,calendar_2014_test,356.1978759765625,342.0,0.592932939529419,0.0,34.35414505004883,14.1978759765625
35804,0,calendar_2014_test,350.400390625,334.0,0.5554718971252441,0.0,37.51564407348633,16.400390625
35805,0,calendar_2014_test,340.8878479003906,337.0,0.5962895154953003,0.0,34.07086944580078,3.887847900390625
35806,0,calendar_2014_test,342.7518615722656,343.0,0.5834463834762573,0.0,35.15475845336914,0.248138427734375
35807,0,calendar_2014_test,335.41143798828125,350.0,0.5175086259841919,0.0,40.71952819824219,14.58856201171875
35808,0,calendar_2014_test,368.53253173828125,364.0,0.5120195150375366,0.0,41.182777404785156,4.53253173828125
35809,0,calendar_2014_test,360.2371520996094,373.0,0.6141254305839539,0.0,32.56562042236328,12.762847900390625
35810,0,calendar_2014_test,382.6275634765625,385.0,0.3716319799423218,0.0,53.03068923950195,2.3724365234375
35811,0,calendar_2014_test,394.0674133300781,398.0,0.5274994969367981,0.0,39.87635803222656,3.932586669921875
35812,0,calendar_2014_test,409.48052978515625,430.0,0.36592352390289307,0.0,53.512451171875,20.51947021484375
35813,0,calendar_2014_test,457.3453674316406,442.0,0.3417357802391052,0.0,55.55376052856445,15.345367431640625
35814,0,calendar_2014_test,439.31048583984375,443.0,0.3900332450866699,0.0,51.47772979736328,3.68951416015625
35815,0,calendar_2014_test,438.6438903808594,438.0,0.36320024728775024,0.0,53.74228286743164,0.643890380859375
35816,0,calendar_2014_test,433.1776123046875,420.0,0.4703643321990967,0.0,44.6982421875,13.1776123046875
35817,0,calendar_2014_test,407.0797119140625,454.0,0.5628454685211182,0.0,36.89335632324219,46.9202880859375
35818,0,calendar_2014_test,445.1900634765625,430.0,0.345348060131073,0.0,55.248905181884766,15.1900634765625
35819,0,calendar_2014_test,412.67828369140625,396.0,0.3797106146812439,0.0,52.348899841308594,16.67828369140625
35820,0,calendar_2014_test,390.4711608886719,386.0,0.4741683006286621,0.0,44.3772087097168,4.471160888671875
35821,0,calendar_2014_test,381.06488037109375,375.0,0.43258339166641235,0.0,47.88673782348633,6.06488037109375
35822,0,calendar_2014_test,358.9654846191406,344.0,0.4374580383300781,0.0,47.475345611572266,14.965484619140625
35823,0,calendar_2014_test,342.4444885253906,348.0,0.42244142293930054,0.0,48.74266052246094,5.555511474609375
35824,0,calendar_2014_test,340.8336181640625,338.0,0.41547834873199463,0.0,49.33030700683594,2.8336181640625
35825,0,calendar_2014_test,337.4108581542969,319.0,0.48132920265197754,0.0,43.77286911010742,18.410858154296875
35826,0,calendar_2014_test,314.8094177246094,324.0,0.6312800645828247,0.0,31.11786460876465,9.190582275390625
35827,0,calendar_2014_test,322.8806457519531,323.0,0.5664658546447754,0.0,36.58781814575195,0.119354248046875
35828,0,calendar_2014_test,325.0289001464844,331.0,0.5252768397331238,0.0,40.06393814086914,5.971099853515625
35829,0,calendar_2014_test,338.68475341796875,332.0,0.5501899719238281,0.0,37.96141052246094,6.68475341796875
35830,0,calendar_2014_test,334.2619323730469,328.0,0.5994938611984253,0.0,33.80044174194336,6.261932373046875
35831,0,calendar_2014_test,332.3765563964844,310.0,0.4823536276817322,0.0,43.6864128112793,22.376556396484375
35832,0,calendar_2014_test,306.7866516113281,298.0,0.5912233591079712,0.0,34.49842834472656,8.786651611328125
35833,0,calendar_2014_test,292.6899719238281,267.0,0.5825422406196594,0.0,35.23106384277344,25.689971923828125
35834,0,calendar_2014_test,263.0483093261719,261.0,0.6810184121131897,0.0,26.92023277282715,2.048309326171875
35835,0,calendar_2014_test,262.3973388671875,243.0,0.6958502531051636,0.0,25.668506622314453,19.3973388671875
35836,0,calendar_2014_test,230.6184844970703,263.0,0.6946585178375244,0.0,25.769088745117188,32.38151550292969
35837,0,calendar_2014_test,278.1323547363281,302.0,0.5742502212524414,0.0,35.93086242675781,23.867645263671875
35838,0,calendar_2014_test,315.07208251953125,331.0,0.5509327054023743,0.0,37.89872741699219,15.92791748046875
35839,0,calendar_2014_test,324.5074157714844,330.0,0.5279833078384399,0.0,39.83552551269531,5.492584228515625
35840,0,calendar_2014_test,350.1331787109375,308.0,0.5412471294403076,0.0,38.71613311767578,42.1331787109375
35841,0,calendar_2014_test,308.5564270019531,322.0,0.5345343351364136,0.0,39.282657623291016,13.443572998046875
35842,0,calendar_2014_test,333.0690002441406,328.0,0.6587942838668823,0.0,28.795825958251953,5.069000244140625
35843,0,calendar_2014_test,332.03656005859375,303.0,0.5643582344055176,0.0,36.76568603515625,29.03656005859375
35844,0,calendar_2014_test,306.40045166015625,290.0,0.5987523794174194,0.0,33.86302185058594,16.40045166015625
35845,0,calendar_2014_test,294.5420227050781,317.0,0.688075065612793,0.0,26.324689865112305,22.457977294921875
35846,0,calendar_2014_test,322.65234375,314.0,0.5550649762153625,0.0,37.54998779296875,8.65234375
35847,0,calendar_2014_test,301.2992248535156,269.0,0.6058859825134277,0.0,33.260986328125,32.299224853515625
35848,0,calendar_2014_test,261.0777893066406,204.0,0.6674816608428955,0.0,28.062658309936523,57.077789306640625
35849,0,calendar_2014_test,194.06675720214844,217.0,0.7614705562591553,0.0,20.130529403686523,22.933242797851562
35850,0,calendar_2014_test,232.88746643066406,202.0,0.686409592628479,0.0,26.465246200561523,30.887466430664062
35851,0,calendar_2014_test,204.21620178222656,196.0,0.6880887150764465,0.0,26.32353973388672,8.216201782226562
35852,0,calendar_2014_test,194.24632263183594,230.0,0.7279946208000183,0.0,22.955707550048828,35.75367736816406
35853,0,calendar_2014_test,239.7744140625,256.0,0.6809089183807373,0.0,26.929471969604492,16.2255859375
35854,0,calendar_2014_test,263.68701171875,246.0,0.669940710067749,0.0,27.855131149291992,17.68701171875
35855,0,calendar_2014_test,237.26353454589844,243.0,0.6770550012588501,0.0,27.25472068786621,5.7364654541015625
35856,0,calendar_2014_test,244.53050231933594,237.0,0.6446594595909119,0.0,29.98872184753418,7.5305023193359375
35857,0,calendar_2014_test,248.28030395507812,233.0,0.7101437449455261,0.0,24.462221145629883,15.280303955078125
35858,0,calendar_2014_test,225.53280639648438,239.0,0.6667962670326233,0.0,28.120502471923828,13.467193603515625
35859,0,calendar_2014_test,235.98179626464844,253.0,0.70648193359375,0.0,24.771255493164062,17.018203735351562
35860,0,calendar_2014_test,207.1952667236328,108.0,0.746184229850769,0.0,21.420610427856445,99.19526672363281
35861,0,calendar_2014_test,44.237831115722656,21.0,0.8887379169464111,0.0,9.389886856079102,23.237831115722656
35862,0,calendar_2014_test,18.820432662963867,18.0,0.9640438556671143,0.0,3.0344948768615723,0.8204326629638672
35863,0,calendar_2014_test,14.469988822937012,5.0,0.9663348197937012,0.0,2.8411478996276855,9.469988822937012
35864,0,calendar_2014_test,7.820601940155029,6.0,0.9712496399879456,0.0,2.426367998123169,1.8206019401550293
35865,0,calendar_2014_test,6.117281913757324,7.0,0.971192479133606,0.0,2.43118953704834,0.8827180862426758
35866,0,calendar_2014_test,5.388946533203125,8.0,0.9731643199920654,0.0,2.2647793292999268,2.611053466796875
35867,0,calendar_2014_test,5.476742267608643,5.0,0.9801387190818787,0.0,1.6761794090270996,0.4767422676086426
35868,0,calendar_2014_test,4.591991901397705,7.0,0.9790549874305725,0.0,1.7676416635513306,2.408008098602295
35869,0,calendar_2014_test,8.054471015930176,9.0,0.9818804264068604,0.0,1.5291872024536133,0.9455289840698242
35870,0,calendar_2014_test,8.78021240234375,9.0,0.9710550308227539,0.0,2.4427883625030518,0.21978759765625
35871,0,calendar_2014_test,9.076733589172363,9.0,0.9722536206245422,0.0,2.34163761138916,0.07673358917236328
35872,0,calendar_2014_test,10.302901268005371,8.0,0.9707854986190796,0.0,2.4655370712280273,2.302901268005371
35873,0,calendar_2014_test,11.031975746154785,7.0,0.9781052470207214,0.0,1.8477907180786133,4.031975746154785
35874,0,calendar_2014_test,8.835116386413574,4.0,0.9796544313430786,0.0,1.717050552368164,4.835116386413574
35875,0,calendar_2014_test,9.49341869354248,3.0,0.9807713627815247,0.0,1.6227877140045166,6.4934186935424805
35876,0,calendar_2014_test,9.374787330627441,4.0,0.9818354249000549,0.0,1.5329855680465698,5.374787330627441
35877,0,calendar_2014_test,8.627163887023926,6.0,0.983128547668457,0.0,1.4238547086715698,2.627163887023926
35878,0,calendar_2014_test,10.383257865905762,3.0,0.9836888313293457,0.0,1.3765681982040405,7.383257865905762
35879,0,calendar_2014_test,9.044665336608887,5.0,0.9789740443229675,0.0,1.7744687795639038,4.044665336608887
35880,0,calendar_2014_test,8.469684600830078,6.0,0.9801082015037537,0.0,1.678756833076477,2.469684600830078
35881,0,calendar_2014_test,8.40373706817627,6.0,0.9791284203529358,0.0,1.7614434957504272,2.4037370681762695
35882,0,calendar_2014_test,10.038881301879883,4.0,0.9759016633033752,0.0,2.0337607860565186,6.038881301879883
35883,0,calendar_2014_test,8.464468002319336,7.0,0.9777228832244873,0.0,1.8800617456436157,1.464468002319336
35884,0,calendar_2014_test,8.301846504211426,6.0,0.977569043636322,0.0,1.8930455446243286,2.301846504211426
35885,0,calendar_2014_test,10.568753242492676,7.0,0.9758135080337524,0.0,2.0412039756774902,3.568753242492676
35886,0,calendar_2014_test,9.094849586486816,13.0,0.9836369156837463,0.0,1.3809505701065063,3.9051504135131836
35887,0,calendar_2014_test,12.903701782226562,8.0,0.9790077805519104,0.0,1.771626353263855,4.9037017822265625
35888,0,calendar_2014_test,9.923406600952148,10.0,0.9821559190750122,0.0,1.505939245223999,0.07659339904785156
35889,0,calendar_2014_test,9.608648300170898,10.0,0.9774599671363831,0.0,1.9022507667541504,0.39135169982910156
35890,0,calendar_2014_test,9.752592086791992,7.0,0.9850613474845886,0.0,1.2607369422912598,2.752592086791992
35891,0,calendar_2014_test,7.882683277130127,5.0,0.9852255582809448,0.0,1.246877670288086,2.882683277130127
35892,0,calendar_2014_test,7.8552470207214355,3.0,0.9786689281463623,0.0,1.8002228736877441,4.8552470207214355
35893,0,calendar_2014_test,6.565774917602539,3.0,0.983695924282074,0.0,1.3759690523147583,3.565774917602539
35894,0,calendar_2014_test,6.1493377685546875,7.0,0.983415961265564,0.0,1.3996007442474365,0.8506622314453125
35895,0,calendar_2014_test,10.68528938293457,9.0,0.9746302962303162,0.0,2.1410610675811768,1.6852893829345703
35896,0,calendar_2014_test,12.703436851501465,7.0,0.9641802906990051,0.0,3.022981643676758,5.703436851501465
35897,0,calendar_2014_test,10.960339546203613,5.0,0.9815190434455872,0.0,1.5596860647201538,5.960339546203613
35898,0,calendar_2014_test,9.086599349975586,5.0,0.9793003797531128,0.0,1.7469290494918823,4.086599349975586
35899,0,calendar_2014_test,8.51846694946289,7.0,0.9852093458175659,0.0,1.24824857711792,1.5184669494628906
35900,0,calendar_2014_test,9.012863159179688,9.0,0.9797623157501221,0.0,1.7079435586929321,0.0128631591796875
35901,0,calendar_2014_test,10.093584060668945,8.0,0.9824819564819336,0.0,1.478424310684204,2.0935840606689453
35902,0,calendar_2014_test,9.71141529083252,9.0,0.9781787395477295,0.0,1.8415895700454712,0.7114152908325195
35903,0,calendar_2014_test,9.392134666442871,9.0,0.9818224310874939,0.0,1.5340815782546997,0.3921346664428711
35904,0,calendar_2014_test,9.69866943359375,8.0,0.9721521735191345,0.0,2.350198984146118,1.69866943359375
35905,0,calendar_2014_test,9.700162887573242,10.0,0.97883141040802,0.0,1.7865077257156372,0.2998371124267578
35906,0,calendar_2014_test,12.928267478942871,10.0,0.9648187756538391,0.0,2.9690935611724854,2.928267478942871
35907,0,calendar_2014_test,16.321069717407227,8.0,0.9703021049499512,0.0,2.5063321590423584,8.321069717407227
35908,0,calendar_2014_test,20.357463836669922,13.0,0.9635276198387146,0.0,3.0780599117279053,7.357463836669922
35909,0,calendar_2014_test,19.48092269897461,24.0,0.9642370939254761,0.0,3.0181846618652344,4.519077301025391
35910,0,calendar_2014_test,30.72903060913086,35.0,0.9561423063278198,0.0,3.701340675354004,4.270969390869141
35911,0,calendar_2014_test,40.55876541137695,35.0,0.9462994337081909,0.0,4.53202486038208,5.558765411376953
35912,0,calendar_2014_test,39.594566345214844,51.0,0.9618590474128723,0.0,3.218881130218506,11.405433654785156
35913,0,calendar_2014_test,56.53939437866211,59.0,0.9403122663497925,0.0,5.037307262420654,2.4606056213378906
35914,0,calendar_2014_test,60.838478088378906,61.0,0.915926992893219,0.0,7.095284938812256,0.16152191162109375
35915,0,calendar_2014_test,62.06973648071289,47.0,0.9328403472900391,0.0,5.667893409729004,15.06973648071289
35916,0,calendar_2014_test,46.70867156982422,42.0,0.9474532604217529,0.0,4.434645652770996,4.708671569824219
35917,0,calendar_2014_test,38.095436096191406,45.0,0.9532939195632935,0.0,3.9417290687561035,6.904563903808594
35918,0,calendar_2014_test,40.68364715576172,47.0,0.9558684825897217,0.0,3.724449872970581,6.316352844238281
35919,0,calendar_2014_test,43.978206634521484,33.0,0.9665067195892334,0.0,2.826643705368042,10.978206634521484
35920,0,calendar_2014_test,33.67831802368164,20.0,0.9529858231544495,0.0,3.967730760574341,13.67831802368164
35921,0,calendar_2014_test,21.866487503051758,25.0,0.9624824523925781,0.0,3.166267156600952,3.133512496948242
35922,0,calendar_2014_test,25.64157485961914,22.0,0.9619550704956055,0.0,3.210775136947632,3.6415748596191406
35923,0,calendar_2014_test,21.14413070678711,17.0,0.9794970154762268,0.0,1.730337142944336,4.144130706787109
35924,0,calendar_2014_test,17.356027603149414,26.0,0.9682143926620483,0.0,2.6825268268585205,8.643972396850586
35925,0,calendar_2014_test,24.187082290649414,28.0,0.9709456562995911,0.0,2.4520223140716553,3.812917709350586
35926,0,calendar_2014_test,26.17371368408203,31.0,0.963475227355957,0.0,3.0824859142303467,4.826286315917969
35927,0,calendar_2014_test,30.75663948059082,46.0,0.9603024125099182,0.0,3.350252866744995,15.24336051940918
35928,0,calendar_2014_test,46.07781219482422,49.0,0.9419586062431335,0.0,4.898361682891846,2.9221878051757812
35929,0,calendar_2014_test,47.39274215698242,37.0,0.9352951645851135,0.0,5.460719108581543,10.392742156982422
35930,0,calendar_2014_test,35.26272964477539,31.0,0.9657060503959656,0.0,2.8942148685455322,4.262729644775391
35931,0,calendar_2014_test,34.88605880737305,31.0,0.9717915058135986,0.0,2.3806374073028564,3.886058807373047
35932,0,calendar_2014_test,33.08664321899414,54.0,0.9585525989532471,0.0,3.4979255199432373,20.91335678100586
35933,0,calendar_2014_test,55.890220642089844,67.0,0.9457398653030396,0.0,4.579248905181885,11.109779357910156
35934,0,calendar_2014_test,70.2011947631836,75.0,0.9235608577728271,0.0,6.4510297775268555,4.798805236816406
35935,0,calendar_2014_test,77.5093002319336,88.0,0.9028054475784302,0.0,8.202668190002441,10.490699768066406
35936,0,calendar_2014_test,94.2525863647461,114.0,0.9023692607879639,0.0,8.239480018615723,19.747413635253906
35937,0,calendar_2014_test,120.66124725341797,128.0,0.853876531124115,0.0,12.331990242004395,7.338752746582031
35938,0,calendar_2014_test,138.106201171875,141.0,0.822160542011261,0.0,15.008639335632324,2.893798828125
35939,0,calendar_2014_test,143.00389099121094,149.0,0.8334968686103821,0.0,14.051918029785156,5.9961090087890625
35940,0,calendar_2014_test,139.6724090576172,149.0,0.7900921702384949,0.0,17.715028762817383,9.327590942382812
35941,0,calendar_2014_test,148.49769592285156,125.0,0.8261598944664001,0.0,14.671116828918457,23.497695922851562
35942,0,calendar_2014_test,118.89447784423828,92.0,0.8783054351806641,0.0,10.2703275680542,26.89447784423828
35943,0,calendar_2014_test,88.40629577636719,110.0,0.9061863422393799,0.0,7.9173407554626465,21.593704223632812
35944,0,calendar_2014_test,109.78080749511719,89.0,0.8744539022445679,0.0,10.595379829406738,20.780807495117188
35945,0,calendar_2014_test,84.41255187988281,84.0,0.89842689037323,0.0,8.572192192077637,0.4125518798828125
35946,0,calendar_2014_test,80.31275939941406,95.0,0.9059648513793945,0.0,7.936032772064209,14.687240600585938
35947,0,calendar_2014_test,97.55012512207031,62.0,0.9201022386550903,0.0,6.742916107177734,35.55012512207031
35948,0,calendar_2014_test,43.41069793701172,23.0,0.9427405595779419,0.0,4.832369327545166,20.41069793701172
35949,0,calendar_2014_test,21.699129104614258,11.0,0.9680336117744446,0.0,2.6977806091308594,10.699129104614258
35950,0,calendar_2014_test,13.540146827697754,13.0,0.9703662991523743,0.0,2.500917434692383,0.5401468276977539
35951,0,calendar_2014_test,12.700885772705078,9.0,0.9762091636657715,0.0,2.007810115814209,3.700885772705078
35952,0,calendar_2014_test,11.169281959533691,12.0,0.9826642274856567,0.0,1.4630401134490967,0.8307180404663086
35953,0,calendar_2014_test,12.486072540283203,9.0,0.9729740619659424,0.0,2.2808380126953125,3.486072540283203
35954,0,calendar_2014_test,11.662362098693848,8.0,0.9807965159416199,0.0,1.6206625699996948,3.6623620986938477
35955,0,calendar_2014_test,10.955464363098145,9.0,0.9758948087692261,0.0,2.0343430042266846,1.9554643630981445
35956,0,calendar_2014_test,10.646875381469727,8.0,0.9794425368309021,0.0,1.7349320650100708,2.6468753814697266
35957,0,calendar_2014_test,10.205900192260742,7.0,0.9826431274414062,0.0,1.4648213386535645,3.205900192260742
35958,0,calendar_2014_test,10.584248542785645,16.0,0.9732933640480042,0.0,2.2538866996765137,5.4157514572143555
35959,0,calendar_2014_test,13.871922492980957,20.0,0.9743738174438477,0.0,2.1627025604248047,6.128077507019043
35960,0,calendar_2014_test,17.406705856323242,17.0,0.9670387506484985,0.0,2.7817423343658447,0.4067058563232422
35961,0,calendar_2014_test,18.376169204711914,20.0,0.9646832346916199,0.0,2.980532169342041,1.623830795288086
35962,0,calendar_2014_test,20.82284927368164,40.0,0.9641302227973938,0.0,3.027207612991333,19.17715072631836
35963,0,calendar_2014_test,39.64579772949219,27.0,0.9558852910995483,0.0,3.7230310440063477,12.645797729492188
35964,0,calendar_2014_test,24.659940719604492,27.0,0.9607284069061279,0.0,3.3143014907836914,2.340059280395508
35965,0,calendar_2014_test,23.050600051879883,29.0,0.9693431854248047,0.0,2.5872609615325928,5.949399948120117
35966,0,calendar_2014_test,26.984254837036133,31.0,0.9601455330848694,0.0,3.36348819732666,4.015745162963867
35967,0,calendar_2014_test,28.76411247253418,37.0,0.9613274931907654,0.0,3.2637393474578857,8.23588752746582
35968,0,calendar_2014_test,36.07379150390625,36.0,0.9631088972091675,0.0,3.113400459289551,0.07379150390625
35969,0,calendar_2014_test,37.65901184082031,43.0,0.9619738459587097,0.0,3.2091903686523438,5.3409881591796875
35970,0,calendar_2014_test,42.199161529541016,44.0,0.951827347278595,0.0,4.065496444702148,1.8008384704589844
35971,0,calendar_2014_test,41.73701477050781,44.0,0.9562944173812866,0.0,3.688504934310913,2.2629852294921875
35972,0,calendar_2014_test,40.435726165771484,25.0,0.954062819480896,0.0,3.8768346309661865,15.435726165771484
35973,0,calendar_2014_test,22.908308029174805,17.0,0.9690231084823608,0.0,2.614272117614746,5.908308029174805
35974,0,calendar_2014_test,18.07284927368164,17.0,0.9740279912948608,0.0,2.191887617111206,1.0728492736816406
35975,0,calendar_2014_test,19.60844612121582,27.0,0.9683352708816528,0.0,2.6723215579986572,7.39155387878418
35976,0,calendar_2014_test,24.784008026123047,29.0,0.967250406742096,0.0,2.7638776302337646,4.215991973876953
35977,0,calendar_2014_test,28.04713249206543,29.0,0.9682745933532715,0.0,2.67744517326355,0.9528675079345703
35978,0,calendar_2014_test,30.812091827392578,36.0,0.9603045582771301,0.0,3.3500709533691406,5.187908172607422
35979,0,calendar_2014_test,35.07581329345703,59.0,0.9564804434776306,0.0,3.6728038787841797,23.92418670654297
35980,0,calendar_2014_test,62.83521270751953,59.0,0.92681485414505,0.0,6.176408290863037,3.8352127075195312
35981,0,calendar_2014_test,60.0831298828125,57.0,0.9471427202224731,0.0,4.460851669311523,3.0831298828125
35982,0,calendar_2014_test,58.88334274291992,55.0,0.9359238147735596,0.0,5.407663822174072,3.883342742919922
35983,0,calendar_2014_test,58.979942321777344,60.0,0.9316778182983398,0.0,5.766003131866455,1.0200576782226562
35984,0,calendar_2014_test,65.6436996459961,70.0,0.9373923540115356,0.0,5.283727169036865,4.356300354003906
35985,0,calendar_2014_test,75.09398651123047,80.0,0.89593905210495,0.0,8.782151222229004,4.906013488769531
35986,0,calendar_2014_test,84.5115966796875,85.0,0.9184147715568542,0.0,6.885329723358154,0.4884033203125
35987,0,calendar_2014_test,86.78872680664062,88.0,0.9236692190170288,0.0,6.441883563995361,1.211273193359375
35988,0,calendar_2014_test,87.14871978759766,91.0,0.8780584335327148,0.0,10.291176795959473,3.8512802124023438
35989,0,calendar_2014_test,92.13648223876953,98.0,0.902849018573761,0.0,8.198991775512695,5.863517761230469
35990,0,calendar_2014_test,95.89219665527344,103.0,0.8758102059364319,0.0,10.480914115905762,7.1078033447265625
35991,0,calendar_2014_test,97.46630096435547,101.0,0.8716530799865723,0.0,10.831751823425293,3.5336990356445312
35992,0,calendar_2014_test,93.04175567626953,98.0,0.903920590877533,0.0,8.10855770111084,4.958244323730469
35993,0,calendar_2014_test,101.4981918334961,99.0,0.8771326541900635,0.0,10.369308471679688,2.4981918334960938
35994,0,calendar_2014_test,95.42988586425781,95.0,0.8628096580505371,0.0,11.578086853027344,0.4298858642578125
35995,0,calendar_2014_test,86.9049072265625,76.0,0.9046592116355896,0.0,8.046221733093262,10.9049072265625
35996,0,calendar_2014_test,69.12989044189453,80.0,0.9101578593254089,0.0,7.582164287567139,10.870109558105469
35997,0,calendar_2014_test,81.70319366455078,87.0,0.9181323051452637,0.0,6.9091691970825195,5.296806335449219
35998,0,calendar_2014_test,88.83692932128906,87.0,0.908542811870575,0.0,7.718469142913818,1.8369293212890625
35999,0,calendar_2014_test,83.92137908935547,82.0,0.8969056606292725,0.0,8.700576782226562,1.9213790893554688
36000,0,calendar_2014_test,81.209228515625,105.0,0.9192721247673035,0.0,6.8129730224609375,23.790771484375
36001,0,calendar_2014_test,104.78933715820312,116.0,0.8936786651611328,0.0,8.972914695739746,11.210662841796875
36002,0,calendar_2014_test,112.62782287597656,103.0,0.8758654594421387,0.0,10.476248741149902,9.627822875976562
36003,0,calendar_2014_test,97.63473510742188,109.0,0.8816342353820801,0.0,9.989398002624512,11.365264892578125
36004,0,calendar_2014_test,115.4376220703125,118.0,0.8480522632598877,0.0,12.823528289794922,2.5623779296875
36005,0,calendar_2014_test,124.27887725830078,127.0,0.8637579083442688,0.0,11.49806022644043,2.7211227416992188
36006,0,calendar_2014_test,134.34454345703125,144.0,0.8229373693466187,0.0,14.943078994750977,9.65545654296875
36007,0,calendar_2014_test,148.3985137939453,189.0,0.8173437118530273,0.0,15.415153503417969,40.60148620605469
36008,0,calendar_2014_test,198.43927001953125,190.0,0.6766098737716675,0.0,27.29229164123535,8.43927001953125
36009,0,calendar_2014_test,198.00689697265625,225.0,0.7304551601409912,0.0,22.74805450439453,26.99310302734375
36010,0,calendar_2014_test,227.9656524658203,211.0,0.6642316579818726,0.0,28.336942672729492,16.965652465820312
36011,0,calendar_2014_test,194.5718536376953,197.0,0.7676756978034973,0.0,19.60685157775879,2.4281463623046875
36012,0,calendar_2014_test,195.97418212890625,200.0,0.7239904403686523,0.0,23.293642044067383,4.02581787109375
36013,0,calendar_2014_test,193.98681640625,197.0,0.7546647191047668,0.0,20.70490264892578,3.01318359375
36014,0,calendar_2014_test,195.30970764160156,193.0,0.6701790690422058,0.0,27.835012435913086,2.3097076416015625
36015,0,calendar_2014_test,189.86395263671875,180.0,0.7959423661231995,0.0,17.22130584716797,9.86395263671875
36016,0,calendar_2014_test,173.9697723388672,117.0,0.7945186495780945,0.0,17.34145736694336,56.96977233886719
36017,0,calendar_2014_test,94.84526062011719,110.0,0.8778845071792603,0.0,10.305855751037598,15.154739379882812
36018,0,calendar_2014_test,106.5060806274414,111.0,0.8659636378288269,0.0,11.311907768249512,4.493919372558594
36019,0,calendar_2014_test,110.65185546875,94.0,0.8883260488510132,0.0,9.424646377563477,16.65185546875
36020,0,calendar_2014_test,93.10448455810547,112.0,0.9102203845977783,0.0,7.57689094543457,18.89551544189453
36021,0,calendar_2014_test,114.91254425048828,110.0,0.8450872898101807,0.0,13.073750495910645,4.912544250488281
36022,0,calendar_2014_test,108.88253021240234,155.0,0.8438279628753662,0.0,13.180035591125488,46.117469787597656
36023,0,calendar_2014_test,150.46697998046875,186.0,0.7974532842636108,0.0,17.093793869018555,35.53302001953125
36024,0,calendar_2014_test,180.52293395996094,194.0,0.7466809749603271,0.0,21.37868881225586,13.477066040039062
36025,0,calendar_2014_test,187.37847900390625,210.0,0.7684167623519897,0.0,19.544309616088867,22.62152099609375
36026,0,calendar_2014_test,197.82058715820312,215.0,0.708067774772644,0.0,24.637420654296875,17.179412841796875
36027,0,calendar_2014_test,222.18145751953125,230.0,0.7297053337097168,0.0,22.811330795288086,7.81854248046875
36028,0,calendar_2014_test,239.21954345703125,239.0,0.6445223093032837,0.0,30.00029945373535,0.21954345703125
36029,0,calendar_2014_test,252.10511779785156,272.0,0.6798332929611206,0.0,27.020248413085938,19.894882202148438
36030,0,calendar_2014_test,289.0729064941406,296.0,0.6766484379768372,0.0,27.289033889770508,6.927093505859375
36031,0,calendar_2014_test,302.0113830566406,315.0,0.5365190505981445,0.0,39.11515808105469,12.988616943359375
36032,0,calendar_2014_test,330.60614013671875,357.0,0.5456303358078003,0.0,38.346214294433594,26.39385986328125
36033,0,calendar_2014_test,357.5068054199219,382.0,0.4329914450645447,0.0,47.85230255126953,24.493194580078125
36034,0,calendar_2014_test,378.55517578125,406.0,0.493160605430603,0.0,42.77436447143555,27.44482421875
36035,0,calendar_2014_test,394.1353454589844,405.0,0.5330369472503662,0.0,39.40903091430664,10.864654541015625
36036,0,calendar_2014_test,393.2236022949219,389.0,0.5199431777000427,0.0,40.514068603515625,4.223602294921875
36037,0,calendar_2014_test,386.0618591308594,397.0,0.44483381509780884,0.0,46.85287094116211,10.938140869140625
36038,0,calendar_2014_test,392.8550720214844,413.0,0.4704229235649109,0.0,44.69329833984375,20.144927978515625
36039,0,calendar_2014_test,397.4920654296875,373.0,0.4002265930175781,0.0,50.61746597290039,24.4920654296875
36040,0,calendar_2014_test,363.50274658203125,362.0,0.5285540819168091,0.0,39.787357330322266,1.50274658203125
36041,0,calendar_2014_test,335.01953125,356.0,0.4266411066055298,0.0,48.38823318481445,20.98046875
36042,0,calendar_2014_test,359.3604431152344,344.0,0.5024505853652954,0.0,41.9903450012207,15.360443115234375
36043,0,calendar_2014_test,337.1359558105469,352.0,0.5157796144485474,0.0,40.865447998046875,14.864044189453125
36044,0,calendar_2014_test,344.8567810058594,357.0,0.5133548974990845,0.0,41.0700798034668,12.143218994140625
36045,0,calendar_2014_test,343.53961181640625,353.0,0.5491828918457031,0.0,38.04640197753906,9.46038818359375
36046,0,calendar_2014_test,344.35821533203125,292.0,0.521886944770813,0.0,40.35002136230469,52.35821533203125
36047,0,calendar_2014_test,263.5132141113281,213.0,0.6466350555419922,0.0,29.82199478149414,50.513214111328125
36048,0,calendar_2014_test,197.62490844726562,210.0,0.7760732769966125,0.0,18.898141860961914,12.375091552734375
36049,0,calendar_2014_test,214.05828857421875,183.0,0.7435680627822876,0.0,21.641399383544922,31.05828857421875
36050,0,calendar_2014_test,176.4702911376953,161.0,0.7856669425964355,0.0,18.0884952545166,15.470291137695312
36051,0,calendar_2014_test,163.87496948242188,153.0,0.8360638618469238,0.0,13.835280418395996,10.874969482421875
36052,0,calendar_2014_test,167.43487548828125,169.0,0.7855885028839111,0.0,18.095109939575195,1.56512451171875
36053,0,calendar_2014_test,193.0602264404297,196.0,0.6758168935775757,0.0,27.35921287536621,2.9397735595703125
36054,0,calendar_2014_test,215.7149200439453,200.0,0.7645907402038574,0.0,19.867202758789062,15.714920043945312
36055,0,calendar_2014_test,215.7587890625,197.0,0.6607083082199097,0.0,28.634294509887695,18.7587890625
36056,0,calendar_2014_test,206.53610229492188,178.0,0.728284478187561,0.0,22.93124771118164,28.536102294921875
36057,0,calendar_2014_test,183.846923828125,161.0,0.8027166128158569,0.0,16.649595260620117,22.846923828125
36058,0,calendar_2014_test,160.8750762939453,161.0,0.8378992676734924,0.0,13.680378913879395,0.1249237060546875
36059,0,calendar_2014_test,157.07894897460938,166.0,0.808347225189209,0.0,16.17440414428711,8.921051025390625
36060,0,calendar_2014_test,169.95777893066406,171.0,0.7721503376960754,0.0,19.229215621948242,1.0422210693359375
36061,0,calendar_2014_test,173.99569702148438,177.0,0.8287924528121948,0.0,14.448944091796875,3.004302978515625
36062,0,calendar_2014_test,178.2440643310547,177.0,0.7771411538124084,0.0,18.808019638061523,1.2440643310546875
36063,0,calendar_2014_test,176.2938995361328,189.0,0.8333010077476501,0.0,14.068446159362793,12.706100463867188
36064,0,calendar_2014_test,195.58428955078125,187.0,0.6969502568244934,0.0,25.57567596435547,8.58428955078125
36065,0,calendar_2014_test,194.6484375,192.0,0.6533418297767639,0.0,29.255979537963867,2.6484375
36066,0,calendar_2014_test,199.46031188964844,203.0,0.7522655725479126,0.0,20.907379150390625,3.5396881103515625
36067,0,calendar_2014_test,206.95074462890625,234.0,0.699455976486206,0.0,25.364208221435547,27.04925537109375
36068,0,calendar_2014_test,222.07337951660156,261.0,0.7123290300369263,0.0,24.277793884277344,38.92662048339844
36069,0,calendar_2014_test,269.3682861328125,265.0,0.5944910049438477,0.0,34.222652435302734,4.3682861328125
36070,0,calendar_2014_test,257.1264953613281,268.0,0.6868289709091187,0.0,26.429855346679688,10.873504638671875
36071,0,calendar_2014_test,274.1570739746094,285.0,0.7124074101448059,0.0,24.27117919921875,10.842926025390625
36072,0,calendar_2014_test,289.01885986328125,264.0,0.5827474594116211,0.0,35.2137451171875,25.01885986328125
36073,0,calendar_2014_test,253.92007446289062,253.0,0.7221859693527222,0.0,23.4459285736084,0.920074462890625
36074,0,calendar_2014_test,23.321598052978516,41.0,0.950705349445343,0.0,4.160188674926758,17.678401947021484
36075,0,calendar_2014_test,44.96043395996094,38.0,0.9540939331054688,0.0,3.874213218688965,6.9604339599609375
36076,0,calendar_2014_test,44.386539459228516,51.0,0.9544383883476257,0.0,3.8451387882232666,6.613460540771484
36077,0,calendar_2014_test,53.691043853759766,67.0,0.9258368015289307,0.0,6.258953094482422,13.308956146240234
36078,0,calendar_2014_test,72.62837982177734,84.0,0.9396002888679504,0.0,5.097391128540039,11.371620178222656
36079,0,calendar_2014_test,84.81568908691406,91.0,0.8966482281684875,0.0,8.722304344177246,6.1843109130859375
36080,0,calendar_2014_test,96.8003921508789,97.0,0.8732644319534302,0.0,10.695762634277344,0.19960784912109375
36081,0,calendar_2014_test,103.65894317626953,60.0,0.8991101384162903,0.0,8.514533042907715,43.65894317626953
36082,0,calendar_2014_test,55.98674011230469,50.0,0.935441255569458,0.0,5.448390960693359,5.9867401123046875
36083,0,calendar_2014_test,49.87263107299805,47.0,0.9455246329307556,0.0,4.597412109375,2.872631072998047
36084,0,calendar_2014_test,47.16044616699219,52.0,0.9448279142379761,0.0,4.656211853027344,4.8395538330078125
36085,0,calendar_2014_test,53.9417724609375,73.0,0.935322105884552,0.0,5.458448886871338,19.0582275390625
36086,0,calendar_2014_test,73.40402221679688,111.0,0.9110742211341858,0.0,7.504828453063965,37.595977783203125
36087,0,calendar_2014_test,114.45061492919922,104.0,0.8315178751945496,0.0,14.218935012817383,10.450614929199219
36088,0,calendar_2014_test,100.33501434326172,90.0,0.8840105533599854,0.0,9.788851737976074,10.335014343261719
36089,0,calendar_2014_test,87.3763198852539,84.0,0.9082809686660767,0.0,7.740567207336426,3.3763198852539062
36090,0,calendar_2014_test,82.57767486572266,79.0,0.9034941792488098,0.0,8.144542694091797,3.5776748657226562
36091,0,calendar_2014_test,83.13648986816406,83.0,0.9086840152740479,0.0,7.706548690795898,0.1364898681640625
36092,0,calendar_2014_test,87.83175659179688,92.0,0.8839284181594849,0.0,9.795782089233398,4.168243408203125
36093,0,calendar_2014_test,99.61278533935547,104.0,0.8808207511901855,0.0,10.058053016662598,4.387214660644531
36094,0,calendar_2014_test,110.26608276367188,100.0,0.8301774263381958,0.0,14.332060813903809,10.266082763671875
36095,0,calendar_2014_test,103.67847442626953,101.0,0.9065842032432556,0.0,7.883762359619141,2.6784744262695312
36096,0,calendar_2014_test,102.46377563476562,86.0,0.8769646286964417,0.0,10.383485794067383,16.463775634765625
36097,0,calendar_2014_test,88.79875946044922,85.0,0.8844102025032043,0.0,9.755120277404785,3.7987594604492188
36098,0,calendar_2014_test,84.27696990966797,83.0,0.8868612051010132,0.0,9.548274040222168,1.2769699096679688
36099,0,calendar_2014_test,88.08615112304688,97.0,0.901380181312561,0.0,8.322951316833496,8.913848876953125
36100,0,calendar_2014_test,102.66011047363281,117.0,0.8754543662071228,0.0,10.510943412780762,14.339889526367188
36101,0,calendar_2014_test,129.61407470703125,124.0,0.847022294998169,0.0,12.910449028015137,5.61407470703125
36102,0,calendar_2014_test,133.48153686523438,127.0,0.8556684255599976,0.0,12.180767059326172,6.481536865234375
36103,0,calendar_2014_test,132.3660125732422,132.0,0.8265113234519958,0.0,14.641458511352539,0.3660125732421875
36104,0,calendar_2014_test,136.71450805664062,130.0,0.8372049331665039,0.0,13.738977432250977,6.714508056640625
36105,0,calendar_2014_test,133.61196899414062,126.0,0.84737628698349,0.0,12.880573272705078,7.611968994140625
36106,0,calendar_2014_test,130.809814453125,119.0,0.8635073900222778,0.0,11.51920223236084,11.809814453125
36107,0,calendar_2014_test,122.3412094116211,108.0,0.8515104651451111,0.0,12.531671524047852,14.341209411621094
36108,0,calendar_2014_test,109.6805191040039,108.0,0.8844807744026184,0.0,9.749166488647461,1.6805191040039062
36109,0,calendar_2014_test,111.56714630126953,102.0,0.9092714786529541,0.0,7.656970500946045,9.567146301269531
36110,0,calendar_2014_test,100.23360443115234,110.0,0.9115251898765564,0.0,7.466770172119141,9.766395568847656
36111,0,calendar_2014_test,114.93895721435547,113.0,0.8715528249740601,0.0,10.840209007263184,1.9389572143554688
36112,0,calendar_2014_test,119.83763122558594,108.0,0.8602136373519897,0.0,11.7971773147583,11.837631225585938
36113,0,calendar_2014_test,109.78040313720703,116.0,0.8239916563034058,0.0,14.854104042053223,6.219596862792969
36114,0,calendar_2014_test,115.70988464355469,130.0,0.8734132051467896,0.0,10.683205604553223,14.290115356445312
36115,0,calendar_2014_test,133.77590942382812,134.0,0.8300186991691589,0.0,14.34545612335205,0.224090576171875
36116,0,calendar_2014_test,136.97853088378906,136.0,0.8545368909835815,0.0,12.276262283325195,0.9785308837890625
36117,0,calendar_2014_test,136.59283447265625,145.0,0.840981125831604,0.0,13.42029094696045,8.40716552734375
36118,0,calendar_2014_test,142.86692810058594,149.0,0.8279263973236084,0.0,14.522031784057617,6.1330718994140625
36119,0,calendar_2014_test,155.83639526367188,133.0,0.8156596422195435,0.0,15.557280540466309,22.836395263671875
36120,0,calendar_2014_test,131.4294891357422,143.0,0.853801965713501,0.0,12.33828353881836,11.570510864257812
36121,0,calendar_2014_test,151.44140625,149.0,0.8198195099830627,0.0,15.206210136413574,2.44140625
36122,0,calendar_2014_test,155.29197692871094,164.0,0.7816627025604248,0.0,18.42642593383789,8.708023071289062
36123,0,calendar_2014_test,173.417724609375,170.0,0.8130027055740356,0.0,15.781506538391113,3.417724609375
36124,0,calendar_2014_test,172.9626007080078,174.0,0.7866405248641968,0.0,18.00632667541504,1.0373992919921875
36125,0,calendar_2014_test,176.1542510986328,191.0,0.7746739387512207,0.0,19.016237258911133,14.845748901367188
36126,0,calendar_2014_test,200.3530731201172,196.0,0.7499409914016724,0.0,21.103561401367188,4.3530731201171875
36127,0,calendar_2014_test,207.013427734375,195.0,0.6968511343002319,0.0,25.58404541015625,12.013427734375
36128,0,calendar_2014_test,200.01229858398438,214.0,0.7888367176055908,0.0,17.82098388671875,13.987701416015625
36129,0,calendar_2014_test,213.41783142089844,227.0,0.7449022531509399,0.0,21.5288028717041,13.582168579101562
36130,0,calendar_2014_test,235.5536651611328,217.0,0.644756555557251,0.0,29.980527877807617,18.553665161132812
36131,0,calendar_2014_test,210.0099639892578,195.0,0.789312481880188,0.0,17.780832290649414,15.009963989257812
36132,0,calendar_2014_test,188.54173278808594,183.0,0.7199052572250366,0.0,23.63840103149414,5.5417327880859375
36133,0,calendar_2014_test,177.60812377929688,179.0,0.7674723863601685,0.0,19.624008178710938,1.391876220703125
36134,0,calendar_2014_test,174.91015625,191.0,0.8045032024383545,0.0,16.49881935119629,16.08984375
36135,0,calendar_2014_test,179.4048309326172,178.0,0.7080027461051941,0.0,24.64291000366211,1.4048309326171875
36136,0,calendar_2014_test,167.16046142578125,183.0,0.7954171895980835,0.0,17.265626907348633,15.83953857421875
36137,0,calendar_2014_test,181.60549926757812,185.0,0.8115650415420532,0.0,15.902838706970215,3.394500732421875
36138,0,calendar_2014_test,181.90484619140625,192.0,0.781132698059082,0.0,18.471158981323242,10.09515380859375
36139,0,calendar_2014_test,183.97592163085938,199.0,0.7359884977340698,0.0,22.28107261657715,15.024078369140625
36140,0,calendar_2014_test,204.26768493652344,231.0,0.7917532324790955,0.0,17.57484245300293,26.732315063476562
36141,0,calendar_2014_test,230.41445922851562,253.0,0.7005648612976074,0.0,25.27062225341797,22.585540771484375
36142,0,calendar_2014_test,255.19818115234375,281.0,0.6158081889152527,0.0,32.423606872558594,25.80181884765625
36143,0,calendar_2014_test,294.3150939941406,294.0,0.6981910467147827,0.0,25.470958709716797,0.315093994140625
36144,0,calendar_2014_test,292.0548400878906,317.0,0.5550129413604736,0.0,37.554378509521484,24.945159912109375
36145,0,calendar_2014_test,306.7868347167969,318.0,0.5196163654327393,0.0,40.54165267944336,11.213165283203125
36146,0,calendar_2014_test,316.21258544921875,323.0,0.4159957766532898,0.0,49.28664016723633,6.78741455078125
36147,0,calendar_2014_test,331.5057067871094,339.0,0.6360968947410583,0.0,30.711353302001953,7.494293212890625
36148,0,calendar_2014_test,355.2392883300781,341.0,0.5554111003875732,0.0,37.520774841308594,14.239288330078125
36149,0,calendar_2014_test,346.7568359375,346.0,0.5517780780792236,0.0,37.8273811340332,0.7568359375
36150,0,calendar_2014_test,358.93609619140625,356.0,0.5655344724655151,0.0,36.66642379760742,2.93609619140625
36151,0,calendar_2014_test,364.47222900390625,383.0,0.5322318077087402,0.0,39.47697448730469,18.52777099609375
36152,0,calendar_2014_test,392.82049560546875,363.0,0.48249101638793945,0.0,43.67481994628906,29.82049560546875
36153,0,calendar_2014_test,367.33172607421875,381.0,0.5332467555999756,0.0,39.39132308959961,13.66827392578125
36154,0,calendar_2014_test,376.7255554199219,352.0,0.4926077723503113,0.0,42.821022033691406,24.725555419921875
36155,0,calendar_2014_test,334.4512634277344,319.0,0.5519073009490967,0.0,37.81647872924805,15.451263427734375
36156,0,calendar_2014_test,311.5198059082031,310.0,0.5544582605361938,0.0,37.60118865966797,1.519805908203125
36157,0,calendar_2014_test,298.76629638671875,331.0,0.6793191432952881,0.0,27.06363868713379,32.23370361328125
36158,0,calendar_2014_test,326.99029541015625,332.0,0.5364037156105042,0.0,39.12489318847656,5.00970458984375
36159,0,calendar_2014_test,339.23211669921875,315.0,0.5771465301513672,0.0,35.68642807006836,24.23211669921875
36160,0,calendar_2014_test,303.95404052734375,312.0,0.636734127998352,0.0,30.657575607299805,8.04595947265625
36161,0,calendar_2014_test,298.2822570800781,310.0,0.5522063374519348,0.0,37.79124069213867,11.717742919921875
36162,0,calendar_2014_test,290.8466491699219,324.0,0.6044316291809082,0.0,33.38372039794922,33.153350830078125
36163,0,calendar_2014_test,315.4466247558594,330.0,0.5184136033058167,0.0,40.64315414428711,14.553375244140625
36164,0,calendar_2014_test,334.10015869140625,324.0,0.4402357339859009,0.0,47.24092483520508,10.10015869140625
36165,0,calendar_2014_test,310.3602600097656,331.0,0.6763502955436707,0.0,27.31419563293457,20.639739990234375
36166,0,calendar_2014_test,343.93646240234375,346.0,0.45342129468917847,0.0,46.128135681152344,2.06353759765625
36167,0,calendar_2014_test,351.8197937011719,352.0,0.4689304828643799,0.0,44.819252014160156,0.180206298828125
36168,0,calendar_2014_test,366.2272033691406,376.0,0.5552576184272766,0.0,37.533729553222656,9.772796630859375
36169,0,calendar_2014_test,389.81427001953125,402.0,0.4129868745803833,0.0,49.54057312011719,12.18572998046875
36170,0,calendar_2014_test,413.5448303222656,423.0,0.5094425678253174,0.0,41.40026092529297,9.455169677734375
36171,0,calendar_2014_test,440.3908386230469,440.0,0.4017403721809387,0.0,50.48971176147461,0.390838623046875
36172,0,calendar_2014_test,441.6737976074219,449.0,0.4780575633049011,0.0,44.04897689819336,7.326202392578125
36173,0,calendar_2014_test,468.7532653808594,472.0,0.3569393754005432,0.0,54.27066421508789,3.246734619140625
36174,0,calendar_2014_test,469.6977844238281,453.0,0.5242533087730408,0.0,40.15031814575195,16.697784423828125
36175,0,calendar_2014_test,452.7316589355469,413.0,0.2826995253562927,0.0,60.53608322143555,39.731658935546875
36176,0,calendar_2014_test,412.3376770019531,396.0,0.3290538787841797,0.0,56.62403869628906,16.337677001953125
36177,0,calendar_2014_test,389.8196716308594,395.0,0.5416944026947021,0.0,38.67838668823242,5.180328369140625
36178,0,calendar_2014_test,391.4920349121094,379.0,0.4577252268791199,0.0,45.76491165161133,12.492034912109375
36179,0,calendar_2014_test,365.45648193359375,341.0,0.5297890901565552,0.0,39.683128356933594,24.45648193359375
36180,0,calendar_2014_test,313.8652038574219,312.0,0.5445286631584167,0.0,38.43919372558594,1.865203857421875
36181,0,calendar_2014_test,302.1631774902344,257.0,0.6252084970474243,0.0,31.63027000427246,45.163177490234375
36182,0,calendar_2014_test,188.35035705566406,183.0,0.7061206102371216,0.0,24.801748275756836,5.3503570556640625
36183,0,calendar_2014_test,119.83531951904297,39.0,0.8232557773590088,0.0,14.91620922088623,80.83531951904297
36184,0,calendar_2014_test,15.914559364318848,16.0,0.9545167088508606,0.0,3.838533639907837,0.08544063568115234
36185,0,calendar_2014_test,14.736909866333008,14.0,0.9622708559036255,0.0,3.184126377105713,0.7369098663330078
36186,0,calendar_2014_test,15.35982608795166,16.0,0.9571292996406555,0.0,3.618043899536133,0.6401739120483398
36187,0,calendar_2014_test,15.290033340454102,10.0,0.9684544205665588,0.0,2.6622681617736816,5.290033340454102
36188,0,calendar_2014_test,14.009765625,10.0,0.9624801278114319,0.0,3.1664650440216064,4.009765625
36189,0,calendar_2014_test,13.989075660705566,9.0,0.975335419178009,0.0,2.0815494060516357,4.989075660705566
36190,0,calendar_2014_test,13.133910179138184,7.0,0.9717375040054321,0.0,2.385195255279541,6.133910179138184
36191,0,calendar_2014_test,12.981616020202637,9.0,0.974938154220581,0.0,2.1150777339935303,3.9816160202026367
36192,0,calendar_2014_test,11.942228317260742,9.0,0.9757235050201416,0.0,2.0487966537475586,2.942228317260742
36193,0,calendar_2014_test,11.779780387878418,10.0,0.9778587222099304,0.0,1.8685990571975708,1.779780387878418
36194,0,calendar_2014_test,12.23355484008789,8.0,0.9787144064903259,0.0,1.7963825464248657,4.233554840087891
36195,0,calendar_2014_test,10.788029670715332,9.0,0.9818596243858337,0.0,1.5309438705444336,1.788029670715332
36196,0,calendar_2014_test,10.555522918701172,17.0,0.9828079342842102,0.0,1.4509111642837524,6.444477081298828
36197,0,calendar_2014_test,12.101953506469727,15.0,0.9693613648414612,0.0,2.5857245922088623,2.8980464935302734
36198,0,calendar_2014_test,11.63196849822998,15.0,0.972870945930481,0.0,2.2895405292510986,3.3680315017700195
36199,0,calendar_2014_test,10.457834243774414,12.0,0.9769418239593506,0.0,1.9459794759750366,1.542165756225586
36200,0,calendar_2014_test,9.762052536010742,9.0,0.9769139885902405,0.0,1.9483282566070557,0.7620525360107422
36201,0,calendar_2014_test,8.22248649597168,10.0,0.9736793637275696,0.0,2.2213122844696045,1.7775135040283203
36202,0,calendar_2014_test,8.206034660339355,9.0,0.9665751457214355,0.0,2.820868968963623,0.7939653396606445
36203,0,calendar_2014_test,7.324086666107178,12.0,0.9789093732833862,0.0,1.7799280881881714,4.675913333892822
36204,0,calendar_2014_test,9.3958101272583,9.0,0.9723708033561707,0.0,2.331746816635132,0.3958101272583008
36205,0,calendar_2014_test,7.5356669425964355,13.0,0.9706192016601562,0.0,2.4795734882354736,5.4643330574035645
36206,0,calendar_2014_test,11.452485084533691,14.0,0.969664454460144,0.0,2.5601465702056885,2.5475149154663086
36207,0,calendar_2014_test,15.568410873413086,12.0,0.9771705865859985,0.0,1.9266719818115234,3.568410873413086
36208,0,calendar_2014_test,13.851126670837402,24.0,0.9723694324493408,0.0,2.331862688064575,10.148873329162598
36209,0,calendar_2014_test,20.600353240966797,23.0,0.9727077484130859,0.0,2.3033106327056885,2.399646759033203
36210,0,calendar_2014_test,18.124021530151367,31.0,0.9732156991958618,0.0,2.2604429721832275,12.875978469848633
36211,0,calendar_2014_test,26.31073760986328,57.0,0.9642049670219421,0.0,3.0208964347839355,30.68926239013672
36212,0,calendar_2014_test,46.38374328613281,43.0,0.9420534372329712,0.0,4.890359401702881,3.3837432861328125
36213,0,calendar_2014_test,43.6832275390625,35.0,0.9500300884246826,0.0,4.217175006866455,8.6832275390625
36214,0,calendar_2014_test,32.45990753173828,31.0,0.9692704081535339,0.0,2.5934040546417236,1.4599075317382812
36215,0,calendar_2014_test,31.396095275878906,30.0,0.9629701375961304,0.0,3.1251108646392822,1.3960952758789062
36216,0,calendar_2014_test,31.528141021728516,25.0,0.9672638773918152,0.0,2.7627410888671875,6.528141021728516
36217,0,calendar_2014_test,28.017757415771484,33.0,0.9668228626251221,0.0,2.7999627590179443,4.982242584228516
36218,0,calendar_2014_test,32.660884857177734,39.0,0.9551753997802734,0.0,3.7829442024230957,6.339115142822266
36219,0,calendar_2014_test,38.942073822021484,40.0,0.9575197696685791,0.0,3.585088014602661,1.0579261779785156
36220,0,calendar_2014_test,39.430259704589844,60.0,0.9578143358230591,0.0,3.560230016708374,20.569740295410156
36221,0,calendar_2014_test,64.52873992919922,68.0,0.9169942736625671,0.0,7.005213260650635,3.4712600708007812
36222,0,calendar_2014_test,73.5494155883789,57.0,0.9238854646682739,0.0,6.42363166809082,16.549415588378906
36223,0,calendar_2014_test,60.1013069152832,51.0,0.9236624240875244,0.0,6.442458629608154,9.101306915283203
36224,0,calendar_2014_test,54.83474349975586,26.0,0.9239014983177185,0.0,6.422280311584473,28.83474349975586
36225,0,calendar_2014_test,30.57927894592285,50.0,0.9697496891021729,0.0,2.5529568195343018,19.42072105407715
36226,0,calendar_2014_test,53.73722839355469,42.0,0.9274232983589172,0.0,6.125061988830566,11.737228393554688
36227,0,calendar_2014_test,43.07741928100586,43.0,0.9425922632217407,0.0,4.844887733459473,0.07741928100585938
36228,0,calendar_2014_test,43.703609466552734,74.0,0.9434133768081665,0.0,4.775588512420654,30.296390533447266
36229,0,calendar_2014_test,77.86375427246094,87.0,0.9313204288482666,0.0,5.796163082122803,9.136245727539062
36230,0,calendar_2014_test,95.33113861083984,78.0,0.8769227266311646,0.0,10.387022972106934,17.331138610839844
36231,0,calendar_2014_test,78.17465209960938,77.0,0.9141509532928467,0.0,7.245173931121826,1.174652099609375
36232,0,calendar_2014_test,79.97136688232422,91.0,0.8917392492294312,0.0,9.136590003967285,11.028633117675781
36233,0,calendar_2014_test,93.71219635009766,99.0,0.870581865310669,0.0,10.922157287597656,5.287803649902344
36234,0,calendar_2014_test,102.49678039550781,92.0,0.8760082721710205,0.0,10.464200019836426,10.496780395507812
36235,0,calendar_2014_test,91.91162872314453,83.0,0.8696774840354919,0.0,10.998480796813965,8.911628723144531
36236,0,calendar_2014_test,85.47384643554688,94.0,0.8985909223556519,0.0,8.558348655700684,8.526153564453125
36237,0,calendar_2014_test,95.38752746582031,90.0,0.8895217776298523,0.0,9.323736190795898,5.3875274658203125
36238,0,calendar_2014_test,88.16250610351562,68.0,0.8849406242370605,0.0,9.710355758666992,20.162506103515625
36239,0,calendar_2014_test,64.9824447631836,60.0,0.9351290464401245,0.0,5.4747395515441895,4.982444763183594
36240,0,calendar_2014_test,59.58376693725586,53.0,0.9511768817901611,0.0,4.120394229888916,6.583766937255859
36241,0,calendar_2014_test,55.15131378173828,51.0,0.9305213689804077,0.0,5.8636040687561035,4.151313781738281
36242,0,calendar_2014_test,54.77394485473633,52.0,0.9462236762046814,0.0,4.538417339324951,2.773944854736328
36243,0,calendar_2014_test,55.34513854980469,51.0,0.9456881284713745,0.0,4.583615303039551,4.3451385498046875
36244,0,calendar_2014_test,53.096153259277344,47.0,0.9286797642707825,0.0,6.019023418426514,6.096153259277344
36245,0,calendar_2014_test,52.61259078979492,47.0,0.9416903853416443,0.0,4.921001434326172,5.612590789794922
36246,0,calendar_2014_test,54.670265197753906,59.0,0.9432567358016968,0.0,4.788807392120361,4.329734802246094
36247,0,calendar_2014_test,66.23899841308594,59.0,0.9151895642280579,0.0,7.157519817352295,7.2389984130859375
36248,0,calendar_2014_test,67.63908386230469,74.0,0.9197196364402771,0.0,6.775205612182617,6.3609161376953125
36249,0,calendar_2014_test,83.54560089111328,93.0,0.9079616069793701,0.0,7.767518997192383,9.454399108886719
36250,0,calendar_2014_test,98.3455810546875,101.0,0.8697707653045654,0.0,10.990610122680664,2.6544189453125
36251,0,calendar_2014_test,106.69257354736328,111.0,0.872581958770752,0.0,10.753361701965332,4.307426452636719
36252,0,calendar_2014_test,110.42146301269531,139.0,0.8701298832893372,0.0,10.960299491882324,28.578536987304688
36253,0,calendar_2014_test,138.3992462158203,129.0,0.8280145525932312,0.0,14.514595985412598,9.399246215820312
36254,0,calendar_2014_test,118.08491516113281,127.0,0.8291347622871399,0.0,14.420053482055664,8.915084838867188
36255,0,calendar_2014_test,124.70333099365234,114.0,0.8436298966407776,0.0,13.196749687194824,10.703330993652344
36256,0,calendar_2014_test,103.95411682128906,98.0,0.8972737789154053,0.0,8.669508934020996,5.9541168212890625
36257,0,calendar_2014_test,93.4303207397461,102.0,0.868951678276062,0.0,11.059733390808105,8.569679260253906
36258,0,calendar_2014_test,97.4709243774414,106.0,0.8661655187606812,0.0,11.294869422912598,8.529075622558594
36259,0,calendar_2014_test,101.7500991821289,111.0,0.8882917761802673,0.0,9.427539825439453,9.249900817871094
36260,0,calendar_2014_test,115.46927642822266,106.0,0.8661766052246094,0.0,11.293936729431152,9.469276428222656
36261,0,calendar_2014_test,104.85498809814453,105.0,0.8538005352020264,0.0,12.338404655456543,0.14501190185546875
36262,0,calendar_2014_test,105.97669982910156,108.0,0.8500546216964722,0.0,12.654536247253418,2.0233001708984375
36263,0,calendar_2014_test,110.77328491210938,107.0,0.8490556478500366,0.0,12.738844871520996,3.773284912109375
36264,0,calendar_2014_test,105.82862854003906,113.0,0.8817200660705566,0.0,9.98215389251709,7.1713714599609375
36265,0,calendar_2014_test,111.02229309082031,126.0,0.8791403770446777,0.0,10.19986343383789,14.977706909179688
36266,0,calendar_2014_test,136.55677795410156,141.0,0.8350194692611694,0.0,13.923421859741211,4.4432220458984375
36267,0,calendar_2014_test,151.72427368164062,158.0,0.831116795539856,0.0,14.252784729003906,6.275726318359375
36268,0,calendar_2014_test,162.38829040527344,170.0,0.8076415061950684,0.0,16.23396110534668,7.6117095947265625
36269,0,calendar_2014_test,169.6758270263672,176.0,0.7764273881912231,0.0,18.86825942993164,6.3241729736328125
36270,0,calendar_2014_test,181.74623107910156,183.0,0.781117856502533,0.0,18.472410202026367,1.2537689208984375
36271,0,calendar_2014_test,191.87290954589844,193.0,0.7570517659187317,0.0,20.503450393676758,1.1270904541015625
36272,0,calendar_2014_test,195.36395263671875,215.0,0.7261487245559692,0.0,23.11149024963379,19.63604736328125
36273,0,calendar_2014_test,205.9673614501953,215.0,0.7097233533859253,0.0,24.497695922851562,9.032638549804688
36274,0,calendar_2014_test,214.7106475830078,210.0,0.7875847816467285,0.0,17.926637649536133,4.7106475830078125
36275,0,calendar_2014_test,205.9302215576172,214.0,0.7709989547729492,0.0,19.32638931274414,8.069778442382812
36276,0,calendar_2014_test,205.09117126464844,214.0,0.6950898170471191,0.0,25.732688903808594,8.908828735351562
36277,0,calendar_2014_test,207.1676788330078,272.0,0.7279982566833496,0.0,22.955400466918945,64.83232116699219
36278,0,calendar_2014_test,257.8494873046875,198.0,0.5958156585693359,0.0,34.110862731933594,59.8494873046875
36279,0,calendar_2014_test,175.41964721679688,176.0,0.8150979280471802,0.0,15.604683876037598,0.580352783203125
36280,0,calendar_2014_test,175.76882934570312,159.0,0.7567272186279297,0.0,20.530841827392578,16.768829345703125
36281,0,calendar_2014_test,166.18289184570312,158.0,0.8346850872039795,0.0,13.951641082763672,8.182891845703125
36282,0,calendar_2014_test,146.83448791503906,137.0,0.8166682720184326,0.0,15.472158432006836,9.834487915039062
36283,0,calendar_2014_test,127.72982788085938,156.0,0.8301801681518555,0.0,14.331828117370605,28.270172119140625
36284,0,calendar_2014_test,163.87094116210938,161.0,0.8193732500076294,0.0,15.243871688842773,2.870941162109375
36285,0,calendar_2014_test,162.8640899658203,163.0,0.7979127764701843,0.0,17.05501365661621,0.1359100341796875
36286,0,calendar_2014_test,167.79200744628906,178.0,0.7511115670204163,0.0,21.004770278930664,10.207992553710938
36287,0,calendar_2014_test,185.32281494140625,180.0,0.7469121217727661,0.0,21.35917854309082,5.32281494140625
36288,0,calendar_2014_test,177.30250549316406,179.0,0.7295058965682983,0.0,22.82816505432129,1.6974945068359375
36289,0,calendar_2014_test,185.08016967773438,182.0,0.7378268837928772,0.0,22.12592124938965,3.080169677734375
36290,0,calendar_2014_test,190.2567596435547,192.0,0.7320147752761841,0.0,22.616432189941406,1.7432403564453125
36291,0,calendar_2014_test,197.46298217773438,199.0,0.7547166347503662,0.0,20.70052146911621,1.537017822265625
36292,0,calendar_2014_test,209.60855102539062,208.0,0.7607741355895996,0.0,20.189302444458008,1.608551025390625
36293,0,calendar_2014_test,210.4767303466797,212.0,0.7183447480201721,0.0,23.77010154724121,1.5232696533203125
36294,0,calendar_2014_test,219.44235229492188,193.0,0.7521176934242249,0.0,20.919858932495117,26.442352294921875
36295,0,calendar_2014_test,186.6707000732422,205.0,0.7548551559448242,0.0,20.688831329345703,18.329299926757812
36296,0,calendar_2014_test,215.08633422851562,206.0,0.7246784567832947,0.0,23.23557472229004,9.086334228515625
36297,0,calendar_2014_test,214.6107940673828,212.0,0.7380887866020203,0.0,22.103816986083984,2.6107940673828125
36298,0,calendar_2014_test,220.34100341796875,216.0,0.7251608371734619,0.0,23.194860458374023,4.34100341796875
36299,0,calendar_2014_test,222.09710693359375,232.0,0.7395287752151489,0.0,21.9822940826416,9.90289306640625
36300,0,calendar_2014_test,222.72048950195312,223.0,0.6921229958534241,0.0,25.983070373535156,0.279510498046875
36301,0,calendar_2014_test,228.4488983154297,229.0,0.7104851007461548,0.0,24.433408737182617,0.5511016845703125
36302,0,calendar_2014_test,218.09381103515625,206.0,0.653252124786377,0.0,29.263551712036133,12.09381103515625
36303,0,calendar_2014_test,197.69175720214844,194.0,0.7922301292419434,0.0,17.53459358215332,3.6917572021484375
36304,0,calendar_2014_test,183.84034729003906,211.0,0.7576486468315125,0.0,20.45307731628418,27.159652709960938
36305,0,calendar_2014_test,213.24732971191406,225.0,0.7384690046310425,0.0,22.071727752685547,11.752670288085938
36306,0,calendar_2014_test,225.85162353515625,169.0,0.6960912346839905,0.0,25.64817237854004,56.85162353515625
36307,0,calendar_2014_test,158.27676391601562,144.0,0.8132227063179016,0.0,15.762940406799316,14.276763916015625
36308,0,calendar_2014_test,139.1737823486328,150.0,0.8345707058906555,0.0,13.961291313171387,10.826217651367188
36309,0,calendar_2014_test,150.00184631347656,144.0,0.8176854848861694,0.0,15.386309623718262,6.0018463134765625
36310,0,calendar_2014_test,138.1757049560547,143.0,0.8211366534233093,0.0,15.095050811767578,4.8242950439453125
36311,0,calendar_2014_test,137.22581481933594,143.0,0.8539826273918152,0.0,12.323037147521973,5.7741851806640625
36312,0,calendar_2014_test,144.47817993164062,145.0,0.8277777433395386,0.0,14.534578323364258,0.521820068359375
36313,0,calendar_2014_test,147.45127868652344,152.0,0.8538116812705994,0.0,12.337465286254883,4.5487213134765625
36314,0,calendar_2014_test,161.4802703857422,165.0,0.8216836452484131,0.0,15.04888916015625,3.5197296142578125
36315,0,calendar_2014_test,169.77691650390625,176.0,0.7510982751846313,0.0,21.00589370727539,6.22308349609375
36316,0,calendar_2014_test,181.1699981689453,209.0,0.7846822738647461,0.0,18.171594619750977,27.830001831054688
36317,0,calendar_2014_test,215.32928466796875,224.0,0.7292118072509766,0.0,22.85298728942871,8.67071533203125
36318,0,calendar_2014_test,240.18702697753906,200.0,0.7574713826179504,0.0,20.46803855895996,40.18702697753906
36319,0,calendar_2014_test,187.9923553466797,188.0,0.7512248158454895,0.0,20.99521255493164,0.0076446533203125
36320,0,calendar_2014_test,190.98574829101562,184.0,0.7720383405685425,0.0,19.238670349121094,6.985748291015625
36321,0,calendar_2014_test,188.47579956054688,180.0,0.8056063652038574,0.0,16.405715942382812,8.475799560546875
36322,0,calendar_2014_test,187.515869140625,189.0,0.7537473440170288,0.0,20.78232192993164,1.484130859375
36323,0,calendar_2014_test,194.88685607910156,215.0,0.6924006938934326,0.0,25.95963478088379,20.113143920898438
36324,0,calendar_2014_test,220.31080627441406,180.0,0.6716618537902832,0.0,27.709871292114258,40.31080627441406
36325,0,calendar_2014_test,170.78131103515625,81.0,0.7596858739852905,0.0,20.28114891052246,89.78131103515625
36326,0,calendar_2014_test,60.09919357299805,78.0,0.9359497427940369,0.0,5.405477523803711,17.900806427001953
36327,0,calendar_2014_test,80.30667877197266,24.0,0.9095550179481506,0.0,7.633042812347412,56.306678771972656
36328,0,calendar_2014_test,26.973649978637695,26.0,0.955136239528656,0.0,3.786245346069336,0.9736499786376953
36329,0,calendar_2014_test,27.123741149902344,29.0,0.9538033604621887,0.0,3.8987350463867188,1.8762588500976562
36330,0,calendar_2014_test,32.3094367980957,22.0,0.9601394534111023,0.0,3.3640055656433105,10.309436798095703
36331,0,calendar_2014_test,22.973247528076172,14.0,0.9661514163017273,0.0,2.856626510620117,8.973247528076172
36332,0,calendar_2014_test,17.53272819519043,11.0,0.9713296294212341,0.0,2.4196174144744873,6.53272819519043
36333,0,calendar_2014_test,13.923383712768555,12.0,0.9768483638763428,0.0,1.953867793083191,1.9233837127685547
36334,0,calendar_2014_test,12.971948623657227,11.0,0.9704185128211975,0.0,2.4965109825134277,1.9719486236572266
36335,0,calendar_2014_test,12.145495414733887,13.0,0.9758995175361633,0.0,2.033945083618164,0.8545045852661133
36336,0,calendar_2014_test,13.135494232177734,12.0,0.9829970598220825,0.0,1.4349501132965088,1.1354942321777344
36337,0,calendar_2014_test,12.577532768249512,9.0,0.9754999876022339,0.0,2.0676605701446533,3.5775327682495117
36338,0,calendar_2014_test,12.00499153137207,10.0,0.974086344242096,0.0,2.1869640350341797,2.0049915313720703
36339,0,calendar_2014_test,13.008365631103516,10.0,0.9751822352409363,0.0,2.094480276107788,3.0083656311035156
36340,0,calendar_2014_test,12.58130931854248,15.0,0.9740444421768188,0.0,2.1904993057250977,2.4186906814575195
36341,0,calendar_2014_test,15.989506721496582,18.0,0.9787126779556274,0.0,1.79653000831604,2.010493278503418
36342,0,calendar_2014_test,16.86988639831543,18.0,0.970899760723114,0.0,2.4558932781219482,1.1301136016845703
36343,0,calendar_2014_test,14.699666976928711,14.0,0.9795177578926086,0.0,1.728584885597229,0.6996669769287109
36344,0,calendar_2014_test,12.42734146118164,16.0,0.9759175181388855,0.0,2.0324227809906006,3.5726585388183594
36345,0,calendar_2014_test,12.976874351501465,10.0,0.9745725393295288,0.0,2.145934581756592,2.976874351501465
36346,0,calendar_2014_test,10.497430801391602,9.0,0.9801664352416992,0.0,1.6738392114639282,1.4974308013916016
36347,0,calendar_2014_test,9.438230514526367,6.0,0.9805909395217896,0.0,1.6380159854888916,3.438230514526367
36348,0,calendar_2014_test,8.605799674987793,8.0,0.981978178024292,0.0,1.5209406614303589,0.605799674987793
36349,0,calendar_2014_test,8.785663604736328,6.0,0.9827738404273987,0.0,1.4537920951843262,2.785663604736328
36350,0,calendar_2014_test,8.45043659210205,3.0,0.9818032383918762,0.0,1.535704255104065,5.450436592102051
36351,0,calendar_2014_test,7.338877201080322,2.0,0.9828974008560181,0.0,1.4433629512786865,5.338877201080322
36352,0,calendar_2014_test,7.333553791046143,8.0,0.9851357340812683,0.0,1.2544580698013306,0.6664462089538574
36353,0,calendar_2014_test,10.07912826538086,8.0,0.9766113758087158,0.0,1.9738682508468628,2.0791282653808594
36354,0,calendar_2014_test,10.764634132385254,7.0,0.9787968993186951,0.0,1.7894200086593628,3.764634132385254
36355,0,calendar_2014_test,9.929373741149902,6.0,0.9790624380111694,0.0,1.767008900642395,3.9293737411499023
36356,0,calendar_2014_test,9.327665328979492,8.0,0.9807448983192444,0.0,1.6250189542770386,1.3276653289794922
36357,0,calendar_2014_test,9.53999137878418,6.0,0.984298825263977,0.0,1.3250917196273804,3.5399913787841797
36358,0,calendar_2014_test,10.069767951965332,9.0,0.9814656376838684,0.0,1.5641969442367554,1.069767951965332
36359,0,calendar_2014_test,9.708468437194824,8.0,0.983494758605957,0.0,1.3929485082626343,1.7084684371948242
36360,0,calendar_2014_test,9.696611404418945,7.0,0.9744811654090881,0.0,2.1536452770233154,2.6966114044189453
36361,0,calendar_2014_test,9.25344181060791,10.0,0.9835652112960815,0.0,1.3870021104812622,0.7465581893920898
36362,0,calendar_2014_test,10.667939186096191,10.0,0.9798198938369751,0.0,1.7030867338180542,0.6679391860961914
36363,0,calendar_2014_test,10.285359382629395,11.0,0.978371262550354,0.0,1.8253425359725952,0.7146406173706055
36364,0,calendar_2014_test,10.526278495788574,10.0,0.9785460829734802,0.0,1.8105876445770264,0.5262784957885742
36365,0,calendar_2014_test,10.794575691223145,7.0,0.9776399731636047,0.0,1.8870571851730347,3.7945756912231445
36366,0,calendar_2014_test,9.848581314086914,8.0,0.9805711507797241,0.0,1.639685869216919,1.848581314086914
36367,0,calendar_2014_test,15.418401718139648,7.0,0.962069571018219,0.0,3.2011117935180664,8.418401718139648
36368,0,calendar_2014_test,13.9815034866333,10.0,0.9719768762588501,0.0,2.3649935722351074,3.981503486633301
36369,0,calendar_2014_test,15.739354133605957,17.0,0.9675943851470947,0.0,2.7348482608795166,1.260645866394043
36370,0,calendar_2014_test,20.583858489990234,22.0,0.9658759832382202,0.0,2.879870891571045,1.4161415100097656
36371,0,calendar_2014_test,23.42783546447754,28.0,0.9666772484779358,0.0,2.812248706817627,4.572164535522461
36372,0,calendar_2014_test,30.280847549438477,28.0,0.9640955924987793,0.0,3.030128240585327,2.2808475494384766
36373,0,calendar_2014_test,28.88759422302246,26.0,0.9612133502960205,0.0,3.273371458053589,2.887594223022461
36374,0,calendar_2014_test,27.006288528442383,25.0,0.9641404747962952,0.0,3.026339530944824,2.006288528442383
36375,0,calendar_2014_test,28.409461975097656,20.0,0.952335774898529,0.0,4.022589683532715,8.409461975097656
36376,0,calendar_2014_test,24.924089431762695,11.0,0.950376033782959,0.0,4.18798303604126,13.924089431762695
36377,0,calendar_2014_test,21.298206329345703,28.0,0.9688323736190796,0.0,2.630371570587158,6.701793670654297
36378,0,calendar_2014_test,28.13836097717285,39.0,0.9588744044303894,0.0,3.470764636993408,10.861639022827148
36379,0,calendar_2014_test,35.288917541503906,38.0,0.9504724740982056,0.0,4.179842472076416,2.7110824584960938
36380,0,calendar_2014_test,32.64720153808594,14.0,0.9632130265235901,0.0,3.104613780975342,18.647201538085938
36381,0,calendar_2014_test,14.43620491027832,11.0,0.9709022045135498,0.0,2.455690383911133,3.4362049102783203
36382,0,calendar_2014_test,15.049498558044434,18.0,0.9662947654724121,0.0,2.8445308208465576,2.9505014419555664
36383,0,calendar_2014_test,18.93109703063965,8.0,0.9609115719795227,0.0,3.2988405227661133,10.931097030639648
36384,0,calendar_2014_test,13.504165649414062,10.0,0.979358971118927,0.0,1.7419843673706055,3.5041656494140625
36385,0,calendar_2014_test,15.357159614562988,10.0,0.977141797542572,0.0,1.9291009902954102,5.357159614562988
36386,0,calendar_2014_test,16.33951759338379,11.0,0.9750066995620728,0.0,2.1092941761016846,5.339517593383789
36387,0,calendar_2014_test,17.83719825744629,23.0,0.9684005379676819,0.0,2.6668145656585693,5.162801742553711
36388,0,calendar_2014_test,27.003503799438477,34.0,0.9646625518798828,0.0,2.9822800159454346,6.996496200561523
36389,0,calendar_2014_test,43.132667541503906,40.0,0.9486226439476013,0.0,4.3359575271606445,3.1326675415039062
36390,0,calendar_2014_test,51.0115966796875,43.0,0.9462355971336365,0.0,4.537408351898193,8.0115966796875
36391,0,calendar_2014_test,50.08175277709961,48.0,0.9356958866119385,0.0,5.4268999099731445,2.0817527770996094
36392,0,calendar_2014_test,53.650699615478516,57.0,0.9358364343643188,0.0,5.415040016174316,3.3493003845214844
36393,0,calendar_2014_test,64.24707794189453,61.0,0.9317918419837952,0.0,5.756382465362549,3.2470779418945312
36394,0,calendar_2014_test,64.6348648071289,60.0,0.9233875274658203,0.0,6.4656572341918945,4.634864807128906
36395,0,calendar_2014_test,63.89903259277344,68.0,0.9393830299377441,0.0,5.11572790145874,4.1009674072265625
36396,0,calendar_2014_test,71.64824676513672,76.0,0.8982104659080505,0.0,8.590459823608398,4.351753234863281
36397,0,calendar_2014_test,76.88108825683594,72.0,0.903258740901947,0.0,8.164413452148438,4.8810882568359375
36398,0,calendar_2014_test,70.95775604248047,80.0,0.9325039386749268,0.0,5.696286201477051,9.042243957519531
36399,0,calendar_2014_test,83.59944152832031,80.0,0.9146655201911926,0.0,7.201746940612793,3.5994415283203125
36400,0,calendar_2014_test,78.8759994506836,66.0,0.9172185063362122,0.0,6.986286640167236,12.875999450683594
36401,0,calendar_2014_test,68.95293426513672,64.0,0.9289631843566895,0.0,5.995106220245361,4.952934265136719
36402,0,calendar_2014_test,66.87339782714844,85.0,0.9348694086074829,0.0,5.496650695800781,18.126602172851562
36403,0,calendar_2014_test,88.78197479248047,96.0,0.8903060555458069,0.0,9.257547378540039,7.218025207519531
36404,0,calendar_2014_test,102.5105209350586,109.0,0.873234748840332,0.0,10.69826889038086,6.489479064941406
36405,0,calendar_2014_test,112.21015930175781,118.0,0.8740130066871643,0.0,10.632584571838379,5.7898406982421875
36406,0,calendar_2014_test,120.33916473388672,141.0,0.8682579398155212,0.0,11.118279457092285,20.66083526611328
36407,0,calendar_2014_test,137.1439666748047,159.0,0.8363295793533325,0.0,13.81285285949707,21.856033325195312
36408,0,calendar_2014_test,156.40728759765625,153.0,0.7755630016326904,0.0,18.941207885742188,3.40728759765625
36409,0,calendar_2014_test,153.2292022705078,153.0,0.8096984028816223,0.0,16.060373306274414,0.2292022705078125
36410,0,calendar_2014_test,159.65098571777344,152.0,0.7830219268798828,0.0,18.311716079711914,7.6509857177734375
36411,0,calendar_2014_test,163.16114807128906,157.0,0.7955229878425598,0.0,17.256696701049805,6.1611480712890625
36412,0,calendar_2014_test,167.36607360839844,159.0,0.8119217753410339,0.0,15.872733116149902,8.366073608398438
36413,0,calendar_2014_test,172.4120635986328,196.0,0.7828443050384521,0.0,18.32670783996582,23.587936401367188
36414,0,calendar_2014_test,216.282470703125,208.0,0.7535845637321472,0.0,20.796064376831055,8.282470703125
36415,0,calendar_2014_test,213.32479858398438,215.0,0.7405251860618591,0.0,21.8981990814209,1.675201416015625
36416,0,calendar_2014_test,226.87286376953125,255.0,0.7482277750968933,0.0,21.248146057128906,28.12713623046875
36417,0,calendar_2014_test,250.77200317382812,239.0,0.6741569638252258,0.0,27.499300003051758,11.772003173828125
36418,0,calendar_2014_test,237.87745666503906,232.0,0.6809101104736328,0.0,26.92937660217285,5.8774566650390625
36419,0,calendar_2014_test,225.54039001464844,210.0,0.622215747833252,0.0,31.882844924926758,15.540390014648438
36420,0,calendar_2014_test,191.4334259033203,184.0,0.7343598008155823,0.0,22.41852378845215,7.4334259033203125
36421,0,calendar_2014_test,175.0001983642578,174.0,0.8186128735542297,0.0,15.308042526245117,1.0001983642578125
36422,0,calendar_2014_test,165.209716796875,164.0,0.8277855515480042,0.0,14.533921241760254,1.209716796875
36423,0,calendar_2014_test,152.77462768554688,147.0,0.793455183506012,0.0,17.43120765686035,5.774627685546875
36424,0,calendar_2014_test,144.28390502929688,98.0,0.8263945579528809,0.0,14.651313781738281,46.283905029296875
36425,0,calendar_2014_test,87.46875,136.0,0.9034388661384583,0.0,8.149209976196289,48.53125
36426,0,calendar_2014_test,130.91554260253906,137.0,0.8076176643371582,0.0,16.235979080200195,6.0844573974609375
36427,0,calendar_2014_test,127.57306671142578,90.0,0.8401191234588623,0.0,13.493040084838867,37.57306671142578
36428,0,calendar_2014_test,66.57394409179688,14.0,0.9178129434585571,0.0,6.936120986938477,52.573944091796875
36429,0,calendar_2014_test,16.08026695251465,8.0,0.9732893109321594,0.0,2.25423002243042,8.080266952514648
36430,0,calendar_2014_test,12.670412063598633,8.0,0.9775471687316895,0.0,1.8948923349380493,4.670412063598633
36431,0,calendar_2014_test,12.210516929626465,11.0,0.9799870252609253,0.0,1.6889822483062744,1.2105169296264648
36432,0,calendar_2014_test,13.173249244689941,9.0,0.9811580777168274,0.0,1.5901515483856201,4.173249244689941
36433,0,calendar_2014_test,12.969130516052246,6.0,0.9778633117675781,0.0,1.8682118654251099,6.969130516052246
36434,0,calendar_2014_test,12.241259574890137,6.0,0.9771748781204224,0.0,1.926308035850525,6.241259574890137
36435,0,calendar_2014_test,10.912450790405273,10.0,0.9819356799125671,0.0,1.5245248079299927,0.9124507904052734
36436,0,calendar_2014_test,15.501921653747559,10.0,0.9628477096557617,0.0,3.1354446411132812,5.501921653747559
36437,0,calendar_2014_test,13.442917823791504,7.0,0.969799280166626,0.0,2.5487704277038574,6.442917823791504
36438,0,calendar_2014_test,12.197159767150879,6.0,0.9750853776931763,0.0,2.1026549339294434,6.197159767150879
36439,0,calendar_2014_test,11.355768203735352,5.0,0.9794361591339111,0.0,1.7354716062545776,6.355768203735352
36440,0,calendar_2014_test,9.65478229522705,6.0,0.9782180190086365,0.0,1.8382734060287476,3.654782295227051
36441,0,calendar_2014_test,9.82551097869873,4.0,0.9778689742088318,0.0,1.8677312135696411,5.8255109786987305
36442,0,calendar_2014_test,8.834195137023926,5.0,0.9787414073944092,0.0,1.7941057682037354,3.834195137023926
36443,0,calendar_2014_test,7.795944690704346,4.0,0.980933427810669,0.0,1.6091079711914062,3.7959446907043457
36444,0,calendar_2014_test,8.251961708068848,3.0,0.9786872267723083,0.0,1.7986774444580078,5.251961708068848
36445,0,calendar_2014_test,7.498713970184326,8.0,0.9817260503768921,0.0,1.5422183275222778,0.5012860298156738
36446,0,calendar_2014_test,9.109712600708008,9.0,0.978087306022644,0.0,1.8493062257766724,0.10971260070800781
36447,0,calendar_2014_test,10.956286430358887,7.0,0.9798447489738464,0.0,1.7009872198104858,3.9562864303588867
36448,0,calendar_2014_test,11.849990844726562,7.0,0.9777743816375732,0.0,1.875718116760254,4.8499908447265625
36449,0,calendar_2014_test,11.846101760864258,9.0,0.977358877658844,0.0,1.9107813835144043,2.846101760864258
36450,0,calendar_2014_test,12.65353012084961,11.0,0.9755666255950928,0.0,2.0620357990264893,1.6535301208496094
36451,0,calendar_2014_test,60.035404205322266,62.0,0.9325520396232605,0.0,5.692225933074951,1.9645957946777344
36452,0,calendar_2014_test,62.79264831542969,60.0,0.9134836792945862,0.0,7.301487445831299,2.7926483154296875
36453,0,calendar_2014_test,63.163963317871094,41.0,0.9215221405029297,0.0,6.623086452484131,22.163963317871094
36454,0,calendar_2014_test,39.955814361572266,38.0,0.9558704495429993,0.0,3.7242836952209473,1.9558143615722656
36455,0,calendar_2014_test,41.06517028808594,33.0,0.9473477602005005,0.0,4.443548679351807,8.065170288085938
36456,0,calendar_2014_test,37.13042068481445,18.0,0.9581910371780396,0.0,3.5284407138824463,19.130420684814453
36457,0,calendar_2014_test,22.863136291503906,28.0,0.9706512689590454,0.0,2.4768667221069336,5.136863708496094
36458,0,calendar_2014_test,35.632347106933594,46.0,0.9529601335525513,0.0,3.9698965549468994,10.367652893066406
36459,0,calendar_2014_test,56.83694076538086,51.0,0.9472424387931824,0.0,4.45244026184082,5.836940765380859
36460,0,calendar_2014_test,61.652320861816406,57.0,0.9449670910835266,0.0,4.644464015960693,4.652320861816406
36461,0,calendar_2014_test,65.9554443359375,37.0,0.9445505738258362,0.0,4.679614543914795,28.9554443359375
36462,0,calendar_2014_test,42.89960861206055,35.0,0.9547631740570068,0.0,3.8177309036254883,7.899608612060547
36463,0,calendar_2014_test,43.86758804321289,41.0,0.9458742737770081,0.0,4.567904472351074,2.8675880432128906
36464,0,calendar_2014_test,46.34052276611328,46.0,0.9562803506851196,0.0,3.689690351486206,0.34052276611328125
36465,0,calendar_2014_test,48.72879409790039,56.0,0.9543582797050476,0.0,3.8519017696380615,7.271205902099609
36466,0,calendar_2014_test,55.298057556152344,69.0,0.9309827089309692,0.0,5.824665069580078,13.701942443847656
36467,0,calendar_2014_test,71.68533325195312,79.0,0.9209102392196655,0.0,6.6747236251831055,7.314666748046875
36468,0,calendar_2014_test,77.76087188720703,76.0,0.9131381511688232,0.0,7.3306450843811035,1.7608718872070312
36469,0,calendar_2014_test,71.95655059814453,65.0,0.9179235100746155,0.0,6.9267897605896,6.956550598144531
36470,0,calendar_2014_test,59.77835464477539,69.0,0.9253981113433838,0.0,6.295973300933838,9.22164535522461
36471,0,calendar_2014_test,66.97938537597656,74.0,0.9226283431053162,0.0,6.529727458953857,7.0206146240234375
36472,0,calendar_2014_test,70.97197723388672,79.0,0.9169811606407166,0.0,7.006319046020508,8.028022766113281
36473,0,calendar_2014_test,74.12727355957031,78.0,0.9151421189308167,0.0,7.161520957946777,3.8727264404296875
36474,0,calendar_2014_test,69.57723236083984,87.0,0.9258018136024475,0.0,6.261903762817383,17.422767639160156
36475,0,calendar_2014_test,82.28459167480469,82.0,0.8935494422912598,0.0,8.983820915222168,0.2845916748046875
36476,0,calendar_2014_test,82.05064392089844,74.0,0.9058484435081482,0.0,7.945857048034668,8.050643920898438
36477,0,calendar_2014_test,68.20138549804688,77.0,0.9180833101272583,0.0,6.913301467895508,8.798614501953125
36478,0,calendar_2014_test,81.12548065185547,84.0,0.9212943911552429,0.0,6.642307758331299,2.8745193481445312
36479,0,calendar_2014_test,86.77461242675781,87.0,0.8907716274261475,0.0,9.218254089355469,0.2253875732421875
36480,0,calendar_2014_test,91.33268737792969,91.0,0.906683623790741,0.0,7.875372409820557,0.3326873779296875
36481,0,calendar_2014_test,92.8221206665039,77.0,0.8886890411376953,0.0,9.394011497497559,15.822120666503906
36482,0,calendar_2014_test,78.14611053466797,74.0,0.8956326842308044,0.0,8.808006286621094,4.146110534667969
36483,0,calendar_2014_test,82.06645965576172,84.0,0.8958091139793396,0.0,8.793119430541992,1.9335403442382812
36484,0,calendar_2014_test,95.56580352783203,89.0,0.860027551651001,0.0,11.812881469726562,6.565803527832031
36485,0,calendar_2014_test,104.42194366455078,94.0,0.9009191989898682,0.0,8.361856460571289,10.421943664550781
36486,0,calendar_2014_test,103.58677673339844,92.0,0.8605349063873291,0.0,11.770062446594238,11.586776733398438
36487,0,calendar_2014_test,98.71078491210938,97.0,0.8752132058143616,0.0,10.531294822692871,1.710784912109375
36488,0,calendar_2014_test,99.37327575683594,92.0,0.8789923787117004,0.0,10.21235466003418,7.3732757568359375
36489,0,calendar_2014_test,92.83135223388672,98.0,0.9028539657592773,0.0,8.198573112487793,5.168647766113281
36490,0,calendar_2014_test,104.44654846191406,116.0,0.8630375862121582,0.0,11.558852195739746,11.553451538085938
36491,0,calendar_2014_test,117.80640411376953,113.0,0.8190821409225464,0.0,15.268438339233398,4.806404113769531
36492,0,calendar_2014_test,109.21865844726562,101.0,0.8485226631164551,0.0,12.783828735351562,8.218658447265625
36493,0,calendar_2014_test,94.61443328857422,87.0,0.8714643716812134,0.0,10.847676277160645,7.614433288574219
36494,0,calendar_2014_test,83.62379455566406,54.0,0.8873588442802429,0.0,9.50627326965332,29.623794555664062
36495,0,calendar_2014_test,47.73169708251953,50.0,0.9368889331817627,0.0,5.326217174530029,2.2683029174804688
36496,0,calendar_2014_test,45.77171325683594,42.0,0.9487026333808899,0.0,4.3292059898376465,3.7717132568359375
36497,0,calendar_2014_test,39.95510482788086,38.0,0.9601773619651794,0.0,3.36080265045166,1.9551048278808594
36498,0,calendar_2014_test,30.97431755065918,38.0,0.9600516557693481,0.0,3.371410608291626,7.02568244934082
36499,0,calendar_2014_test,30.32796287536621,39.0,0.963820219039917,0.0,3.053370475769043,8.672037124633789
36500,0,calendar_2014_test,34.72365951538086,33.0,0.9596520662307739,0.0,3.4051337242126465,1.7236595153808594
36501,0,calendar_2014_test,30.985654830932617,34.0,0.9565020203590393,0.0,3.6709842681884766,3.014345169067383
36502,0,calendar_2014_test,35.0830192565918,40.0,0.9633917212486267,0.0,3.089531898498535,4.916980743408203
36503,0,calendar_2014_test,44.38177490234375,48.0,0.9506310820579529,0.0,4.1664557456970215,3.61822509765625
36504,0,calendar_2014_test,50.54064178466797,45.0,0.9372236728668213,0.0,5.297963619232178,5.540641784667969
36505,0,calendar_2014_test,49.58317184448242,39.0,0.944037139415741,0.0,4.722949028015137,10.583171844482422
36506,0,calendar_2014_test,48.19132995605469,44.0,0.9498811960220337,0.0,4.229743957519531,4.1913299560546875
36507,0,calendar_2014_test,54.29160690307617,57.0,0.9456534385681152,0.0,4.586539268493652,2.708393096923828
36508,0,calendar_2014_test,71.21066284179688,77.0,0.9203775525093079,0.0,6.71968412399292,5.789337158203125
36509,0,calendar_2014_test,89.25613403320312,76.0,0.8854435682296753,0.0,9.667911529541016,13.256134033203125
36510,0,calendar_2014_test,83.87564086914062,98.0,0.9100289940834045,0.0,7.59304141998291,14.124359130859375
36511,0,calendar_2014_test,117.11225891113281,101.0,0.8562527894973755,0.0,12.131444931030273,16.112258911132812
36512,0,calendar_2014_test,108.09521484375,104.0,0.8773374557495117,0.0,10.352019309997559,4.09521484375
36513,0,calendar_2014_test,108.6072998046875,106.0,0.8791146874427795,0.0,10.202034950256348,2.6072998046875
36514,0,calendar_2014_test,106.92911529541016,108.0,0.886072039604187,0.0,9.61487102508545,1.0708847045898438
36515,0,calendar_2014_test,97.6153335571289,98.0,0.8882964849472046,0.0,9.427139282226562,0.38466644287109375
36516,0,calendar_2014_test,89.83606719970703,79.0,0.9033775925636292,0.0,8.154382705688477,10.836067199707031
36517,0,calendar_2014_test,68.48570251464844,44.0,0.911750316619873,0.0,7.4477739334106445,24.485702514648438
36518,0,calendar_2014_test,40.49800109863281,33.0,0.9529391527175903,0.0,3.9716684818267822,7.4980010986328125
36519,0,calendar_2014_test,32.79096603393555,45.0,0.9654969573020935,0.0,2.911862850189209,12.209033966064453
36520,0,calendar_2014_test,43.678810119628906,53.0,0.9506804943084717,0.0,4.162288188934326,9.321189880371094
36521,0,calendar_2014_test,49.56084442138672,47.0,0.9440802931785583,0.0,4.719305515289307,2.5608444213867188
36522,0,calendar_2014_test,41.95878982543945,42.0,0.9539583325386047,0.0,3.8856558799743652,0.041210174560546875
36523,0,calendar_2014_test,40.76957321166992,34.0,0.9532294273376465,0.0,3.9471704959869385,6.769573211669922
36524,0,calendar_2014_test,31.523448944091797,38.0,0.9610345959663391,0.0,3.2884573936462402,6.476551055908203
36525,0,calendar_2014_test,42.063804626464844,41.0,0.94242262840271,0.0,4.859202861785889,1.0638046264648438
36526,0,calendar_2014_test,43.83272933959961,56.0,0.9509877562522888,0.0,4.136353015899658,12.16727066040039
36527,0,calendar_2014_test,59.714317321777344,59.0,0.9398168921470642,0.0,5.079111099243164,0.7143173217773438
36528,0,calendar_2014_test,63.16671371459961,68.0,0.9250466823577881,0.0,6.325633525848389,4.833286285400391
36529,0,calendar_2014_test,76.80567932128906,79.0,0.914982259273529,0.0,7.175013542175293,2.1943206787109375
36530,0,calendar_2014_test,92.9009017944336,79.0,0.8972460031509399,0.0,8.671854019165039,13.900901794433594
36531,0,calendar_2014_test,89.44782257080078,111.0,0.8911483287811279,0.0,9.1864652633667,21.55217742919922
36532,0,calendar_2014_test,126.91728210449219,147.0,0.8572260141372681,0.0,12.049314498901367,20.082717895507812
36533,0,calendar_2014_test,164.76170349121094,153.0,0.8034105896949768,0.0,16.591028213500977,11.761703491210938
36534,0,calendar_2014_test,158.35577392578125,145.0,0.8026369214057922,0.0,16.656320571899414,13.35577392578125
36535,0,calendar_2014_test,146.56765747070312,143.0,0.8551638126373291,0.0,12.223353385925293,3.567657470703125
36536,0,calendar_2014_test,146.82638549804688,144.0,0.7930744290351868,0.0,17.463340759277344,2.826385498046875
36537,0,calendar_2014_test,149.3837127685547,200.0,0.87208092212677,0.0,10.795642852783203,50.61628723144531
36538,0,calendar_2014_test,204.67578125,239.0,0.7803447246551514,0.0,18.537656784057617,34.32421875
36539,0,calendar_2014_test,231.6468048095703,185.0,0.707119345664978,0.0,24.71746063232422,46.64680480957031
36540,0,calendar_2014_test,159.68492126464844,163.0,0.797030508518219,0.0,17.129470825195312,3.3150787353515625
36541,0,calendar_2014_test,139.28550720214844,28.0,0.7996219396591187,0.0,16.910768508911133,111.28550720214844
36542,0,calendar_2014_test,22.823495864868164,12.0,0.964259147644043,0.0,3.0163252353668213,10.823495864868164
36543,0,calendar_2014_test,15.731446266174316,9.0,0.9699409008026123,0.0,2.536818265914917,6.731446266174316
36544,0,calendar_2014_test,11.488816261291504,9.0,0.9754460453987122,0.0,2.072216033935547,2.488816261291504
36545,0,calendar_2014_test,11.633435249328613,11.0,0.9713020920753479,0.0,2.4219417572021484,0.6334352493286133
36546,0,calendar_2014_test,13.946187019348145,15.0,0.9672697186470032,0.0,2.7622506618499756,1.0538129806518555
36547,0,calendar_2014_test,17.715259552001953,13.0,0.9669861197471619,0.0,2.786181688308716,4.715259552001953
36548,0,calendar_2014_test,14.562408447265625,14.0,0.9736657738685608,0.0,2.2224602699279785,0.562408447265625
36549,0,calendar_2014_test,14.735638618469238,17.0,0.9751639366149902,0.0,2.096020460128784,2.2643613815307617
36550,0,calendar_2014_test,14.772995948791504,18.0,0.9771031737327576,0.0,1.9323606491088867,3.227004051208496
36551,0,calendar_2014_test,16.76740837097168,16.0,0.9743494987487793,0.0,2.164755344390869,0.7674083709716797
36552,0,calendar_2014_test,16.146574020385742,11.0,0.9627387523651123,0.0,3.144634962081909,5.146574020385742
36553,0,calendar_2014_test,14.88685131072998,7.0,0.9780884981155396,0.0,1.8492063283920288,7.8868513107299805
36554,0,calendar_2014_test,11.580235481262207,9.0,0.9780126810073853,0.0,1.8556069135665894,2.580235481262207
36555,0,calendar_2014_test,13.190473556518555,13.0,0.9716598987579346,0.0,2.391745090484619,0.1904735565185547
36556,0,calendar_2014_test,18.422985076904297,16.0,0.9729467630386353,0.0,2.2831408977508545,2.422985076904297
36557,0,calendar_2014_test,14.522222518920898,8.0,0.972682774066925,0.0,2.305420160293579,6.522222518920898
36558,0,calendar_2014_test,11.439605712890625,19.0,0.9797459244728088,0.0,1.7093302011489868,7.560394287109375
36559,0,calendar_2014_test,14.724996566772461,8.0,0.9680540561676025,0.0,2.696056365966797,6.724996566772461
36560,0,calendar_2014_test,11.630613327026367,9.0,0.9764365553855896,0.0,1.9886187314987183,2.630613327026367
36561,0,calendar_2014_test,10.04536247253418,5.0,0.9801120162010193,0.0,1.6784336566925049,5.04536247253418
36562,0,calendar_2014_test,8.823119163513184,2.0,0.9827552437782288,0.0,1.4553576707839966,6.823119163513184
36563,0,calendar_2014_test,7.219319820404053,2.0,0.9820702075958252,0.0,1.513174057006836,5.219319820404053
36564,0,calendar_2014_test,6.581742763519287,3.0,0.9849813580513,0.0,1.2674901485443115,3.581742763519287
36565,0,calendar_2014_test,7.277227401733398,3.0,0.9838160276412964,0.0,1.3658374547958374,4.277227401733398
36566,0,calendar_2014_test,7.5791096687316895,6.0,0.9810844659805298,0.0,1.5963656902313232,1.5791096687316895
36567,0,calendar_2014_test,9.1473388671875,4.0,0.9801325798034668,0.0,1.6766992807388306,5.1473388671875
36568,0,calendar_2014_test,8.917916297912598,4.0,0.9820109605789185,0.0,1.5181748867034912,4.917916297912598
36569,0,calendar_2014_test,8.705286979675293,5.0,0.9872992038726807,0.0,1.0718750953674316,3.705286979675293
36570,0,calendar_2014_test,9.823564529418945,6.0,0.9765689373016357,0.0,1.9774478673934937,3.8235645294189453
36571,0,calendar_2014_test,10.42734146118164,6.0,0.9796292781829834,0.0,1.7191753387451172,4.427341461181641
36572,0,calendar_2014_test,10.113425254821777,5.0,0.9796410799026489,0.0,1.7181755304336548,5.113425254821777
36573,0,calendar_2014_test,10.26374340057373,4.0,0.9865793585777283,0.0,1.132627248764038,6.2637434005737305
36574,0,calendar_2014_test,9.800826072692871,6.0,0.9813560247421265,0.0,1.5734474658966064,3.800826072692871
36575,0,calendar_2014_test,10.361828804016113,5.0,0.9821968078613281,0.0,1.5024865865707397,5.361828804016113
36576,0,calendar_2014_test,9.739514350891113,3.0,0.9799519181251526,0.0,1.6919443607330322,6.739514350891113
36577,0,calendar_2014_test,9.232192039489746,5.0,0.9812850952148438,0.0,1.5794341564178467,4.232192039489746
36578,0,calendar_2014_test,9.637051582336426,7.0,0.9818443059921265,0.0,1.5322372913360596,2.637051582336426
36579,0,calendar_2014_test,10.291138648986816,9.0,0.9757489562034607,0.0,2.04664945602417,1.2911386489868164
36580,0,calendar_2014_test,10.250249862670898,11.0,0.9797073602676392,0.0,1.7125849723815918,0.7497501373291016
36581,0,calendar_2014_test,12.142481803894043,12.0,0.9791585803031921,0.0,1.7588965892791748,0.14248180389404297
36582,0,calendar_2014_test,14.912765502929688,15.0,0.9782683849334717,0.0,1.8340234756469727,0.0872344970703125
36583,0,calendar_2014_test,18.285423278808594,17.0,0.9801552295684814,0.0,1.6747841835021973,1.2854232788085938
36584,0,calendar_2014_test,18.00674057006836,12.0,0.9760624766349792,0.0,2.020190477371216,6.006740570068359
36585,0,calendar_2014_test,13.811678886413574,11.0,0.9809388518333435,0.0,1.6086540222167969,2.811678886413574
36586,0,calendar_2014_test,12.85624885559082,12.0,0.9719767570495605,0.0,2.3650031089782715,0.8562488555908203
36587,0,calendar_2014_test,13.682921409606934,12.0,0.9782446026802063,0.0,1.8360298871994019,1.6829214096069336
36588,0,calendar_2014_test,14.45952320098877,11.0,0.9726975560188293,0.0,2.304172992706299,3.4595232009887695
36589,0,calendar_2014_test,13.750173568725586,13.0,0.9709454774856567,0.0,2.452038526535034,0.7501735687255859
36590,0,calendar_2014_test,16.010839462280273,15.0,0.9683293700218201,0.0,2.672820806503296,1.0108394622802734
36591,0,calendar_2014_test,21.656246185302734,21.0,0.9636273980140686,0.0,3.069643020629883,0.6562461853027344
36592,0,calendar_2014_test,25.660327911376953,21.0,0.9626094698905945,0.0,3.1555495262145996,4.660327911376953
36593,0,calendar_2014_test,24.942392349243164,40.0,0.9666491150856018,0.0,2.814626455307007,15.057607650756836
36594,0,calendar_2014_test,42.13325500488281,40.0,0.9527460336685181,0.0,3.9879679679870605,2.1332550048828125
36595,0,calendar_2014_test,34.364356994628906,20.0,0.9539762735366821,0.0,3.884138584136963,14.364356994628906
36596,0,calendar_2014_test,19.966224670410156,16.0,0.9781679511070251,0.0,1.8424991369247437,3.9662246704101562
36597,0,calendar_2014_test,16.551544189453125,26.0,0.9758996963500977,0.0,2.033926248550415,9.448455810546875
36598,0,calendar_2014_test,22.341968536376953,25.0,0.967321515083313,0.0,2.757878303527832,2.658031463623047
36599,0,calendar_2014_test,22.027629852294922,25.0,0.9748421907424927,0.0,2.1231770515441895,2.972370147705078
36600,0,calendar_2014_test,23.182777404785156,35.0,0.9757465720176697,0.0,2.0468521118164062,11.817222595214844
36601,0,calendar_2014_test,33.72761917114258,32.0,0.9578288793563843,0.0,3.559001922607422,1.7276191711425781
36602,0,calendar_2014_test,38.38935089111328,35.0,0.9568843841552734,0.0,3.6387126445770264,3.3893508911132812
36603,0,calendar_2014_test,44.999961853027344,50.0,0.9455233216285706,0.0,4.597522258758545,5.000038146972656
36604,0,calendar_2014_test,62.22466278076172,74.0,0.9267381429672241,0.0,6.182882308959961,11.775337219238281
36605,0,calendar_2014_test,83.57998657226562,64.0,0.9069086313247681,0.0,7.856380939483643,19.579986572265625
36606,0,calendar_2014_test,68.30078125,90.0,0.9193015098571777,0.0,6.810492992401123,21.69921875
36607,0,calendar_2014_test,98.51878356933594,138.0,0.8878777027130127,0.0,9.462486267089844,39.48121643066406
36608,0,calendar_2014_test,143.17361450195312,182.0,0.8228017091751099,0.0,14.954529762268066,38.826385498046875
36609,0,calendar_2014_test,175.42901611328125,210.0,0.751499593257904,0.0,20.972021102905273,34.57098388671875
36610,0,calendar_2014_test,212.96670532226562,208.0,0.7713876366615295,0.0,19.293582916259766,4.966705322265625
36611,0,calendar_2014_test,189.8613739013672,152.0,0.7115090489387512,0.0,24.346996307373047,37.86137390136719
36612,0,calendar_2014_test,116.66365814208984,122.0,0.8317852020263672,0.0,14.196375846862793,5.336341857910156
36613,0,calendar_2014_test,106.9033203125,87.0,0.894524097442627,0.0,8.901568412780762,19.9033203125
36614,0,calendar_2014_test,77.6513900756836,62.0,0.9140410423278809,0.0,7.254447937011719,15.651390075683594
36615,0,calendar_2014_test,57.1639404296875,52.0,0.9263803958892822,0.0,6.213075637817383,5.1639404296875
36616,0,calendar_2014_test,51.1995964050293,52.0,0.9447569251060486,0.0,4.662199974060059,0.8004035949707031
36617,0,calendar_2014_test,54.55921936035156,59.0,0.9342783093452454,0.0,5.546538352966309,4.4407806396484375
36618,0,calendar_2014_test,60.85293197631836,96.0,0.9331744909286499,0.0,5.639692306518555,35.14706802368164
36619,0,calendar_2014_test,104.2779312133789,128.0,0.8512738347053528,0.0,12.551641464233398,23.722068786621094
36620,0,calendar_2014_test,137.29498291015625,141.0,0.8352085947990417,0.0,13.907459259033203,3.70501708984375
36621,0,calendar_2014_test,145.3239288330078,167.0,0.8508273363113403,0.0,12.589325904846191,21.676071166992188
36622,0,calendar_2014_test,174.9807586669922,206.0,0.7190448045730591,0.0,23.71102523803711,31.019241333007812
36623,0,calendar_2014_test,206.3058624267578,227.0,0.7642852067947388,0.0,19.892990112304688,20.694137573242188
36624,0,calendar_2014_test,223.94996643066406,246.0,0.7283114194869995,0.0,22.928972244262695,22.050033569335938
36625,0,calendar_2014_test,234.7916717529297,230.0,0.7067081332206726,0.0,24.752166748046875,4.7916717529296875
36626,0,calendar_2014_test,212.37542724609375,239.0,0.6242569088935852,0.0,31.710580825805664,26.62457275390625
36627,0,calendar_2014_test,228.94764709472656,238.0,0.7094526290893555,0.0,24.52054786682129,9.052352905273438
36628,0,calendar_2014_test,225.8628692626953,250.0,0.7017478346824646,0.0,25.170787811279297,24.137130737304688
36629,0,calendar_2014_test,229.94223022460938,261.0,0.6585109233856201,0.0,28.81973648071289,31.057769775390625
36630,0,calendar_2014_test,259.3665466308594,283.0,0.6898064613342285,0.0,26.17857551574707,23.633453369140625
36631,0,calendar_2014_test,285.58111572265625,273.0,0.6380864381790161,0.0,30.5434513092041,12.58111572265625
36632,0,calendar_2014_test,266.294677734375,281.0,0.7621123790740967,0.0,20.07636260986328,14.705322265625
36633,0,calendar_2014_test,270.6442565917969,218.0,0.587363600730896,0.0,34.82416915893555,52.644256591796875
36634,0,calendar_2014_test,186.21409606933594,222.0,0.7896369695663452,0.0,17.753446578979492,35.78590393066406
36635,0,calendar_2014_test,222.7441864013672,206.0,0.7350178360939026,0.0,22.36298942565918,16.744186401367188
36636,0,calendar_2014_test,208.2262420654297,304.0,0.760254442691803,0.0,20.23316192626953,95.77375793457031
36637,0,calendar_2014_test,303.1263427734375,299.0,0.5658572316169739,0.0,36.639183044433594,4.1263427734375
36638,0,calendar_2014_test,284.2749328613281,284.0,0.6060148477554321,0.0,33.25010681152344,0.274932861328125
36639,0,calendar_2014_test,278.1153564453125,266.0,0.6619200110435486,0.0,28.53203010559082,12.1153564453125
36640,0,calendar_2014_test,254.45436096191406,256.0,0.683573842048645,0.0,26.704566955566406,1.5456390380859375
36641,0,calendar_2014_test,239.72718811035156,79.0,0.7144643068313599,0.0,24.09758949279785,160.72718811035156
36642,0,calendar_2014_test,32.859580993652344,38.0,0.9301188588142395,0.0,5.897572994232178,5.140419006347656
36643,0,calendar_2014_test,21.584880828857422,22.0,0.9536505341529846,0.0,3.9116299152374268,0.4151191711425781
36644,0,calendar_2014_test,18.930158615112305,15.0,0.968713641166687,0.0,2.6403913497924805,3.9301586151123047
36645,0,calendar_2014_test,16.356401443481445,21.0,0.9752343893051147,0.0,2.0900769233703613,4.643598556518555
36646,0,calendar_2014_test,20.48297119140625,18.0,0.9712281227111816,0.0,2.4281842708587646,2.48297119140625
36647,0,calendar_2014_test,19.00423240661621,19.0,0.9675119519233704,0.0,2.7418062686920166,0.0042324066162109375
36648,0,calendar_2014_test,17.455217361450195,16.0,0.9658718705177307,0.0,2.880218505859375,1.4552173614501953
36649,0,calendar_2014_test,14.659573554992676,17.0,0.9688504338264465,0.0,2.6288444995880127,2.340426445007324
36650,0,calendar_2014_test,13.2081937789917,15.0,0.9772290587425232,0.0,1.9217402935028076,1.7918062210083008
36651,0,calendar_2014_test,11.493585586547852,24.0,0.9706859588623047,0.0,2.473940372467041,12.506414413452148
36652,0,calendar_2014_test,17.28296661376953,12.0,0.9725245237350464,0.0,2.3187735080718994,5.282966613769531
36653,0,calendar_2014_test,12.992131233215332,19.0,0.9821317195892334,0.0,1.507981538772583,6.007868766784668
36654,0,calendar_2014_test,13.499189376831055,13.0,0.9724193215370178,0.0,2.3276546001434326,0.4991893768310547
36655,0,calendar_2014_test,12.41341781616211,12.0,0.9789837598800659,0.0,1.77364981174469,0.4134178161621094
36656,0,calendar_2014_test,11.942106246948242,13.0,0.9695690870285034,0.0,2.5681986808776855,1.0578937530517578
36657,0,calendar_2014_test,11.104508399963379,12.0,0.9768538475036621,0.0,1.9534012079238892,0.8954916000366211
36658,0,calendar_2014_test,10.609278678894043,13.0,0.9776498079299927,0.0,1.88623046875,2.390721321105957
36659,0,calendar_2014_test,10.995713233947754,11.0,0.9802498817443848,0.0,1.666796326637268,0.004286766052246094
36660,0,calendar_2014_test,13.008164405822754,11.0,0.9713091850280762,0.0,2.4213404655456543,2.008164405822754
36661,0,calendar_2014_test,12.336841583251953,9.0,0.968344509601593,0.0,2.6715431213378906,3.336841583251953
36662,0,calendar_2014_test,15.749282836914062,11.0,0.9607964158058167,0.0,3.308558702468872,4.7492828369140625
36663,0,calendar_2014_test,16.300691604614258,17.0,0.9674077033996582,0.0,2.7506051063537598,0.6993083953857422
36664,0,calendar_2014_test,15.521856307983398,19.0,0.9717943668365479,0.0,2.3803975582122803,3.4781436920166016
36665,0,calendar_2014_test,17.637434005737305,19.0,0.9769331812858582,0.0,1.9467097520828247,1.3625659942626953
36666,0,calendar_2014_test,18.121166229248047,16.0,0.977678656578064,0.0,1.8837945461273193,2.121166229248047
36667,0,calendar_2014_test,15.15805721282959,14.0,0.9796941876411438,0.0,1.7136958837509155,1.1580572128295898
36668,0,calendar_2014_test,13.500231742858887,15.0,0.9846394062042236,0.0,1.2963446378707886,1.4997682571411133
36669,0,calendar_2014_test,15.690508842468262,15.0,0.9759834408760071,0.0,2.026862621307373,0.6905088424682617
36670,0,calendar_2014_test,14.093379020690918,8.0,0.9840753078460693,0.0,1.3439525365829468,6.093379020690918
36671,0,calendar_2014_test,11.064364433288574,13.0,0.9776380062103271,0.0,1.887223482131958,1.9356355667114258
36672,0,calendar_2014_test,13.529643058776855,16.0,0.9736773371696472,0.0,2.2214818000793457,2.4703569412231445
36673,0,calendar_2014_test,21.05745506286621,27.0,0.9597818851470947,0.0,3.394181251525879,5.942544937133789
36674,0,calendar_2014_test,33.69646453857422,47.0,0.9613046050071716,0.0,3.265671491622925,13.303535461425781
36675,0,calendar_2014_test,55.66037368774414,54.0,0.9271047115325928,0.0,6.15194845199585,1.6603736877441406
36676,0,calendar_2014_test,63.87063217163086,62.0,0.9199920296669006,0.0,6.752218723297119,1.8706321716308594
36677,0,calendar_2014_test,73.27540588378906,66.0,0.9293517470359802,0.0,5.962312698364258,7.2754058837890625
36678,0,calendar_2014_test,72.00615692138672,72.0,0.9255262613296509,0.0,6.285161972045898,0.00615692138671875
36679,0,calendar_2014_test,73.878173828125,81.0,0.8968487977981567,0.0,8.705374717712402,7.121826171875
36680,0,calendar_2014_test,81.11122131347656,138.0,0.9284791350364685,0.0,6.03595495223999,56.88877868652344
36681,0,calendar_2014_test,133.11549377441406,121.0,0.8559980392456055,0.0,12.152945518493652,12.115493774414062
36682,0,calendar_2014_test,106.57273864746094,78.0,0.8945562839508057,0.0,8.898850440979004,28.572738647460938
36683,0,calendar_2014_test,60.91819381713867,78.0,0.9233824014663696,0.0,6.466089248657227,17.081806182861328
36684,0,calendar_2014_test,70.65557098388672,63.0,0.9208853840827942,0.0,6.676826000213623,7.655570983886719
36685,0,calendar_2014_test,54.20242691040039,45.0,0.9325979948043823,0.0,5.688345909118652,9.20242691040039
36686,0,calendar_2014_test,42.2818489074707,39.0,0.9595308303833008,0.0,3.4153664112091064,3.281848907470703
36687,0,calendar_2014_test,37.509029388427734,40.0,0.960993766784668,0.0,3.291903257369995,2.4909706115722656
36688,0,calendar_2014_test,39.52091598510742,42.0,0.9547410011291504,0.0,3.8196029663085938,2.479084014892578
36689,0,calendar_2014_test,39.079776763916016,41.0,0.9525655508041382,0.0,4.00319766998291,1.9202232360839844
36690,0,calendar_2014_test,38.97407150268555,53.0,0.9493443965911865,0.0,4.275042533874512,14.025928497314453
36691,0,calendar_2014_test,50.9540901184082,52.0,0.9526747465133667,0.0,3.9939846992492676,1.0459098815917969
36692,0,calendar_2014_test,49.42426300048828,61.0,0.948406994342804,0.0,4.354155540466309,11.575736999511719
36693,0,calendar_2014_test,60.209388732910156,59.0,0.9228441715240479,0.0,6.5115156173706055,1.2093887329101562
36694,0,calendar_2014_test,63.827903747558594,53.0,0.9177178144454956,0.0,6.944150924682617,10.827903747558594
36695,0,calendar_2014_test,56.102760314941406,59.0,0.9380632042884827,0.0,5.227114200592041,2.8972396850585938
36696,0,calendar_2014_test,67.33639526367188,63.0,0.9391760230064392,0.0,5.133199691772461,4.336395263671875
36697,0,calendar_2014_test,77.90637969970703,86.0,0.8988980054855347,0.0,8.532432556152344,8.093620300292969
36698,0,calendar_2014_test,101.1781005859375,106.0,0.87582927942276,0.0,10.479305267333984,4.8218994140625
36699,0,calendar_2014_test,116.80856323242188,136.0,0.8683910369873047,0.0,11.107049942016602,19.191436767578125
36700,0,calendar_2014_test,154.90196228027344,158.0,0.8491308093070984,0.0,12.732502937316895,3.0980377197265625
36701,0,calendar_2014_test,170.33566284179688,189.0,0.8449624180793762,0.0,13.0842924118042,18.664337158203125
36702,0,calendar_2014_test,187.52444458007812,203.0,0.7538606524467468,0.0,20.772762298583984,15.475555419921875
36703,0,calendar_2014_test,204.08062744140625,221.0,0.6704668402671814,0.0,27.810726165771484,16.91937255859375
36704,0,calendar_2014_test,219.91293334960938,257.0,0.706411600112915,0.0,24.77719497680664,37.087066650390625
36705,0,calendar_2014_test,255.2567596435547,333.0,0.6551299095153809,0.0,29.105079650878906,77.74324035644531
36706,0,calendar_2014_test,320.78973388671875,371.0,0.5663028955459595,0.0,36.6015739440918,50.21026611328125
36707,0,calendar_2014_test,351.9216003417969,354.0,0.6307188272476196,0.0,31.16522979736328,2.078399658203125
36708,0,calendar_2014_test,338.7689514160156,273.0,0.6051613092422485,0.0,33.322139739990234,65.76895141601562
36709,0,calendar_2014_test,240.18312072753906,255.0,0.7081626653671265,0.0,24.629409790039062,14.816879272460938
36710,0,calendar_2014_test,242.45924377441406,165.0,0.6959969401359558,0.0,25.656129837036133,77.45924377441406
36711,0,calendar_2014_test,134.86769104003906,198.0,0.8285351991653442,0.0,14.470654487609863,63.13230895996094
36712,0,calendar_2014_test,201.29811096191406,275.0,0.716497004032135,0.0,23.926042556762695,73.70188903808594
36713,0,calendar_2014_test,279.7760314941406,320.0,0.6122043132781982,0.0,32.727752685546875,40.223968505859375
36714,0,calendar_2014_test,303.92510986328125,284.0,0.6064802408218384,0.0,33.21083068847656,19.92510986328125
36715,0,calendar_2014_test,265.592041015625,346.0,0.6855645179748535,0.0,26.536569595336914,80.407958984375
36716,0,calendar_2014_test,354.1349792480469,311.0,0.5406659841537476,0.0,38.76518249511719,43.134979248046875
36717,0,calendar_2014_test,307.4866638183594,372.0,0.5379957556724548,0.0,38.99053192138672,64.51333618164062
36718,0,calendar_2014_test,371.2750549316406,399.0,0.48941606283187866,0.0,43.09038543701172,27.724945068359375
36719,0,calendar_2014_test,401.0923767089844,370.0,0.40080809593200684,0.0,50.56839370727539,31.092376708984375
36720,0,calendar_2014_test,371.57342529296875,327.0,0.6054691672325134,0.0,33.29616165161133,44.57342529296875
36721,0,calendar_2014_test,312.9505615234375,346.0,0.5351366996765137,0.0,39.23181915283203,33.0494384765625
36722,0,calendar_2014_test,353.02020263671875,351.0,0.46423035860061646,0.0,45.21591567993164,2.02020263671875
36723,0,calendar_2014_test,352.6974792480469,362.0,0.4659382700920105,0.0,45.071773529052734,9.302520751953125
36724,0,calendar_2014_test,367.47271728515625,394.0,0.4458419680595398,0.0,46.76778793334961,26.52728271484375
36725,0,calendar_2014_test,401.8670654296875,409.0,0.48313242197036743,0.0,43.62068557739258,7.1329345703125
36726,0,calendar_2014_test,412.9503173828125,384.0,0.5708298683166504,0.0,36.21951675415039,28.9503173828125
36727,0,calendar_2014_test,378.58880615234375,393.0,0.5420825481414795,0.0,38.6456298828125,14.41119384765625
36728,0,calendar_2014_test,374.88922119140625,380.0,0.47570645809173584,0.0,44.24739456176758,5.11077880859375
36729,0,calendar_2014_test,364.69708251953125,330.0,0.5896124243736267,0.0,34.63438034057617,34.69708251953125
36730,0,calendar_2014_test,314.3114929199219,324.0,0.634056806564331,0.0,30.883527755737305,9.688507080078125
36731,0,calendar_2014_test,317.90008544921875,334.0,0.6294134855270386,0.0,31.275394439697266,16.09991455078125
36732,0,calendar_2014_test,337.4789733886719,334.0,0.5419375896453857,0.0,38.65786361694336,3.478973388671875
36733,0,calendar_2014_test,329.2484436035156,368.0,0.48522669076919556,0.0,43.44394302368164,38.751556396484375
36734,0,calendar_2014_test,367.91143798828125,360.0,0.49476343393325806,0.0,42.639095306396484,7.91143798828125
36735,0,calendar_2014_test,357.1074523925781,324.0,0.4335032105445862,0.0,47.80910873413086,33.107452392578125
36736,0,calendar_2014_test,304.0804138183594,299.0,0.5720574259757996,0.0,36.11592102050781,5.080413818359375
36737,0,calendar_2014_test,293.18658447265625,305.0,0.6531939506530762,0.0,29.268457412719727,11.81341552734375
36738,0,calendar_2014_test,313.8485107421875,290.0,0.6408439874649048,0.0,30.310726165771484,23.8485107421875
36739,0,calendar_2014_test,288.7141418457031,314.0,0.6720435619354248,0.0,27.677656173706055,25.285858154296875
36740,0,calendar_2014_test,309.95562744140625,315.0,0.5010525584220886,0.0,42.10832977294922,5.04437255859375
36741,0,calendar_2014_test,313.9792785644531,306.0,0.49002379179000854,0.0,43.039093017578125,7.979278564453125
36742,0,calendar_2014_test,302.2463073730469,292.0,0.5150344967842102,0.0,40.9283332824707,10.246307373046875
36743,0,calendar_2014_test,294.8311462402344,315.0,0.6573238372802734,0.0,28.919918060302734,20.168853759765625
36744,0,calendar_2014_test,338.5889892578125,332.0,0.5286308526992798,0.0,39.78087615966797,6.5889892578125
36745,0,calendar_2014_test,346.7360534667969,342.0,0.4800705313682556,0.0,43.879093170166016,4.736053466796875
36746,0,calendar_2014_test,359.6312255859375,338.0,0.4449211359024048,0.0,46.84550094604492,21.6312255859375
36747,0,calendar_2014_test,341.0767517089844,375.0,0.5793006420135498,0.0,35.504638671875,33.923248291015625
36748,0,calendar_2014_test,19.40471649169922,31.0,0.969577431678772,0.0,2.5674898624420166,11.595283508300781
36749,0,calendar_2014_test,23.597166061401367,37.0,0.9661085605621338,0.0,2.8602445125579834,13.402833938598633
36750,0,calendar_2014_test,28.35707664489746,36.0,0.9656120538711548,0.0,2.902148962020874,7.642923355102539
36751,0,calendar_2014_test,27.49539566040039,31.0,0.9704475402832031,0.0,2.494058132171631,3.5046043395996094
36752,0,calendar_2014_test,25.37828826904297,26.0,0.965241014957428,0.0,2.933460235595703,0.6217117309570312
36753,0,calendar_2014_test,23.165727615356445,28.0,0.9697690606117249,0.0,2.5513200759887695,4.834272384643555
36754,0,calendar_2014_test,27.964235305786133,26.0,0.9657164812088013,0.0,2.8933353424072266,1.9642353057861328
36755,0,calendar_2014_test,29.498414993286133,38.0,0.9659704566001892,0.0,2.871901035308838,8.501585006713867
36756,0,calendar_2014_test,41.85475540161133,48.0,0.9523980021476746,0.0,4.017335891723633,6.145244598388672
36757,0,calendar_2014_test,53.978641510009766,65.0,0.928284764289856,0.0,6.052355766296387,11.021358489990234
36758,0,calendar_2014_test,72.27726745605469,79.0,0.9299187064170837,0.0,5.914463996887207,6.7227325439453125
36759,0,calendar_2014_test,87.45101928710938,101.0,0.8664164543151855,0.0,11.273690223693848,13.548980712890625
36760,0,calendar_2014_test,111.70858764648438,123.0,0.8666059970855713,0.0,11.257696151733398,11.291412353515625
36761,0,calendar_2014_test,130.04351806640625,146.0,0.8398234844207764,0.0,13.517987251281738,15.95648193359375
36762,0,calendar_2014_test,147.44696044921875,127.0,0.8499608635902405,0.0,12.662450790405273,20.44696044921875
36763,0,calendar_2014_test,121.33474731445312,107.0,0.8398035764694214,0.0,13.519667625427246,14.334747314453125
36764,0,calendar_2014_test,102.34967803955078,106.0,0.8610655069351196,0.0,11.725279808044434,3.6503219604492188
36765,0,calendar_2014_test,109.2125473022461,116.0,0.8536340594291687,0.0,12.352453231811523,6.787452697753906
36766,0,calendar_2014_test,115.47903442382812,100.0,0.8270577192306519,0.0,14.595348358154297,15.479034423828125
36767,0,calendar_2014_test,98.90492248535156,91.0,0.8941985368728638,0.0,8.929043769836426,7.9049224853515625
36768,0,calendar_2014_test,91.17017364501953,91.0,0.9015063047409058,0.0,8.312310218811035,0.17017364501953125
36769,0,calendar_2014_test,91.13648986816406,99.0,0.8623616695404053,0.0,11.615891456604004,7.8635101318359375
36770,0,calendar_2014_test,103.03076934814453,110.0,0.8739088773727417,0.0,10.641376495361328,6.969230651855469
36771,0,calendar_2014_test,109.63617706298828,111.0,0.8837189674377441,0.0,9.813459396362305,1.3638229370117188
36772,0,calendar_2014_test,108.91736602783203,113.0,0.8633065819740295,0.0,11.536149024963379,4.082633972167969
36773,0,calendar_2014_test,108.77713775634766,101.0,0.8967767357826233,0.0,8.711455345153809,7.777137756347656
36774,0,calendar_2014_test,107.90424346923828,101.0,0.846340537071228,0.0,12.967988014221191,6.904243469238281
36775,0,calendar_2014_test,110.15874481201172,111.0,0.8764582872390747,0.0,10.426219940185547,0.8412551879882812
36776,0,calendar_2014_test,119.4413833618164,114.0,0.8847382664680481,0.0,9.727434158325195,5.441383361816406
36777,0,calendar_2014_test,124.40026092529297,119.0,0.8593336343765259,0.0,11.871441841125488,5.400260925292969
36778,0,calendar_2014_test,125.53841400146484,141.0,0.8416846394538879,0.0,13.360917091369629,15.461585998535156
36779,0,calendar_2014_test,146.96070861816406,149.0,0.7847805023193359,0.0,18.163301467895508,2.0392913818359375
36780,0,calendar_2014_test,161.04942321777344,134.0,0.817629337310791,0.0,15.391047477722168,27.049423217773438
36781,0,calendar_2014_test,134.46116638183594,143.0,0.8086238503456116,0.0,16.151060104370117,8.538833618164062
36782,0,calendar_2014_test,152.7391815185547,174.0,0.77044677734375,0.0,19.372989654541016,21.260818481445312
36783,0,calendar_2014_test,182.13258361816406,182.0,0.7594824433326721,0.0,20.298316955566406,0.1325836181640625
36784,0,calendar_2014_test,186.5893096923828,181.0,0.7326900362968445,0.0,22.5594425201416,5.5893096923828125
36785,0,calendar_2014_test,183.52841186523438,186.0,0.7569152116775513,0.0,20.514972686767578,2.471588134765625
36786,0,calendar_2014_test,193.6035919189453,193.0,0.769660234451294,0.0,19.43936538696289,0.6035919189453125
36787,0,calendar_2014_test,190.94374084472656,240.0,0.8208330273628235,0.0,15.120674133300781,49.05625915527344
36788,0,calendar_2014_test,240.8427734375,289.0,0.6559810638427734,0.0,29.03324317932129,48.1572265625
36789,0,calendar_2014_test,267.62164306640625,282.0,0.545073390007019,0.0,38.393218994140625,14.37835693359375
36790,0,calendar_2014_test,251.38938903808594,188.0,0.7093114852905273,0.0,24.53245735168457,63.38938903808594
36791,0,calendar_2014_test,145.31983947753906,175.0,0.8306303024291992,0.0,14.293839454650879,29.680160522460938
36792,0,calendar_2014_test,152.0181121826172,150.0,0.7878801822662354,0.0,17.901708602905273,2.0181121826171875
36793,0,calendar_2014_test,132.79347229003906,116.0,0.8136942386627197,0.0,15.72314739227295,16.793472290039062
36794,0,calendar_2014_test,94.0922622680664,100.0,0.8891940116882324,0.0,9.351397514343262,5.907737731933594
36795,0,calendar_2014_test,82.26219940185547,42.0,0.8751230835914612,0.0,10.53890323638916,40.26219940185547
36796,0,calendar_2014_test,39.14194869995117,41.0,0.9515749216079712,0.0,4.0868000984191895,1.8580513000488281
36797,0,calendar_2014_test,33.840553283691406,30.0,0.9530649185180664,0.0,3.961052894592285,3.8405532836914062
36798,0,calendar_2014_test,23.99289894104004,28.0,0.9601532220840454,0.0,3.362841844558716,4.007101058959961
36799,0,calendar_2014_test,23.21101188659668,19.0,0.9618607759475708,0.0,3.218733072280884,4.21101188659668
36800,0,calendar_2014_test,19.0206241607666,22.0,0.9692974090576172,0.0,2.5911240577697754,2.9793758392333984
36801,0,calendar_2014_test,21.765268325805664,22.0,0.9630125761032104,0.0,3.1215264797210693,0.23473167419433594
36802,0,calendar_2014_test,26.75998878479004,22.0,0.9694363474845886,0.0,2.5794003009796143,4.759988784790039
36803,0,calendar_2014_test,31.84661102294922,31.0,0.9468801021575928,0.0,4.483018398284912,0.8466110229492188
36804,0,calendar_2014_test,41.08393096923828,31.0,0.9501961469650269,0.0,4.203160285949707,10.083930969238281
36805,0,calendar_2014_test,40.576534271240234,44.0,0.9465798735618591,0.0,4.5083537101745605,3.4234657287597656
36806,0,calendar_2014_test,55.69453811645508,46.0,0.9351702928543091,0.0,5.471260070800781,9.694538116455078
36807,0,calendar_2014_test,60.317264556884766,62.0,0.9354661107063293,0.0,5.446293354034424,1.6827354431152344
36808,0,calendar_2014_test,77.1568374633789,80.0,0.9058005809783936,0.0,7.9498982429504395,2.8431625366210938
36809,0,calendar_2014_test,86.3878402709961,129.0,0.8797893524169922,0.0,10.14509391784668,42.612159729003906
36810,0,calendar_2014_test,146.15106201171875,118.0,0.8112114667892456,0.0,15.93267822265625,28.15106201171875
36811,0,calendar_2014_test,114.53223419189453,90.0,0.8556320071220398,0.0,12.183839797973633,24.53223419189453
36812,0,calendar_2014_test,87.9921646118164,78.0,0.8788198232650757,0.0,10.226916313171387,9.992164611816406
36813,0,calendar_2014_test,77.1533203125,86.0,0.9031977653503418,0.0,8.169559478759766,8.8466796875
36814,0,calendar_2014_test,89.8442611694336,111.0,0.9227343201637268,0.0,6.520785808563232,21.155738830566406
36815,0,calendar_2014_test,114.22950744628906,144.0,0.8757162690162659,0.0,10.488839149475098,29.770492553710938
36816,0,calendar_2014_test,145.48434448242188,121.0,0.812237560749054,0.0,15.846084594726562,24.484344482421875
36817,0,calendar_2014_test,114.80221557617188,112.0,0.8506958484649658,0.0,12.600419044494629,2.802215576171875
36818,0,calendar_2014_test,112.57006072998047,111.0,0.828057587146759,0.0,14.510963439941406,1.5700607299804688
36819,0,calendar_2014_test,114.3104476928711,146.0,0.8423332571983337,0.0,13.30617618560791,31.689552307128906
36820,0,calendar_2014_test,152.43800354003906,159.0,0.8407367467880249,0.0,13.440911293029785,6.5619964599609375
36821,0,calendar_2014_test,158.801025390625,151.0,0.8380177021026611,0.0,13.67038631439209,7.801025390625
36822,0,calendar_2014_test,147.39720153808594,143.0,0.8544839024543762,0.0,12.280732154846191,4.3972015380859375
36823,0,calendar_2014_test,138.63487243652344,157.0,0.7443900108337402,0.0,21.5720272064209,18.365127563476562
36824,0,calendar_2014_test,158.37460327148438,174.0,0.77067631483078,0.0,19.35361671447754,15.625396728515625
36825,0,calendar_2014_test,173.5832977294922,199.0,0.7698192596435547,0.0,19.425945281982422,25.416702270507812
36826,0,calendar_2014_test,206.13339233398438,192.0,0.7700514793395996,0.0,19.40635108947754,14.133392333984375
36827,0,calendar_2014_test,189.71188354492188,189.0,0.6858938932418823,0.0,26.508769989013672,0.711883544921875
36828,0,calendar_2014_test,186.3342742919922,159.0,0.793792188167572,0.0,17.402767181396484,27.334274291992188
36829,0,calendar_2014_test,151.8894500732422,205.0,0.8347080945968628,0.0,13.949698448181152,53.11054992675781
36830,0,calendar_2014_test,227.12127685546875,230.0,0.6464183330535889,0.0,29.840282440185547,2.87872314453125
36831,0,calendar_2014_test,244.59169006347656,280.0,0.7332053184509277,0.0,22.515953063964844,35.40830993652344
36832,0,calendar_2014_test,305.15179443359375,266.0,0.6257818937301636,0.0,31.581884384155273,39.15179443359375
36833,0,calendar_2014_test,264.97869873046875,311.0,0.6743425130844116,0.0,27.483640670776367,46.02130126953125
36834,0,calendar_2014_test,317.5387878417969,342.0,0.5886678695678711,0.0,34.71409606933594,24.461212158203125
36835,0,calendar_2014_test,337.7570495605469,323.0,0.5955460667610168,0.0,34.13361358642578,14.757049560546875
36836,0,calendar_2014_test,316.7998962402344,299.0,0.5925884246826172,0.0,34.38322067260742,17.799896240234375
36837,0,calendar_2014_test,287.4205017089844,283.0,0.6077796816825867,0.0,33.101165771484375,4.420501708984375
36838,0,calendar_2014_test,273.95733642578125,258.0,0.5559532046318054,0.0,37.47502517700195,15.95733642578125
36839,0,calendar_2014_test,253.09814453125,239.0,0.6402418613433838,0.0,30.361539840698242,14.09814453125
36840,0,calendar_2014_test,238.94699096679688,236.0,0.7075624465942383,0.0,24.680068969726562,2.946990966796875
36841,0,calendar_2014_test,242.0499725341797,241.0,0.6606349945068359,0.0,28.640478134155273,1.0499725341796875
36842,0,calendar_2014_test,243.57275390625,226.0,0.6632285118103027,0.0,28.421600341796875,17.57275390625
36843,0,calendar_2014_test,236.7528839111328,215.0,0.7332660555839539,0.0,22.510828018188477,21.752883911132812
36844,0,calendar_2014_test,232.4320526123047,201.0,0.6305136680603027,0.0,31.18255043029785,31.432052612304688
36845,0,calendar_2014_test,204.79183959960938,201.0,0.7606900930404663,0.0,20.19639778137207,3.791839599609375
36846,0,calendar_2014_test,212.19456481933594,234.0,0.686721682548523,0.0,26.438907623291016,21.805435180664062
36847,0,calendar_2014_test,237.331787109375,241.0,0.6706826090812683,0.0,27.792516708374023,3.668212890625
36848,0,calendar_2014_test,242.1975555419922,250.0,0.6699048280715942,0.0,27.858158111572266,7.8024444580078125
36849,0,calendar_2014_test,257.73138427734375,259.0,0.6741365194320679,0.0,27.501022338867188,1.26861572265625
36850,0,calendar_2014_test,276.79766845703125,289.0,0.7787696123123169,0.0,18.67058563232422,12.20233154296875
36851,0,calendar_2014_test,299.06219482421875,330.0,0.6083296537399292,0.0,33.05474853515625,30.93780517578125
36852,0,calendar_2014_test,346.8731689453125,350.0,0.5240918397903442,0.0,40.163944244384766,3.1268310546875
36853,0,calendar_2014_test,357.11566162109375,350.0,0.5609183311462402,0.0,37.055999755859375,7.11566162109375
36854,0,calendar_2014_test,348.4430847167969,388.0,0.43529844284057617,0.0,47.65760040283203,39.556915283203125
36855,0,calendar_2014_test,392.2513427734375,379.0,0.4567555785179138,0.0,45.846744537353516,13.2513427734375
36856,0,calendar_2014_test,382.2449645996094,436.0,0.45151466131210327,0.0,46.28904724121094,53.755035400390625
36857,0,calendar_2014_test,452.16815185546875,502.0,0.48728615045547485,0.0,43.270137786865234,49.83184814453125
36858,0,calendar_2014_test,502.5422058105469,522.0,0.3347703814506531,0.0,56.141597747802734,19.457794189453125
36859,0,calendar_2014_test,529.5298461914062,470.0,0.34070539474487305,0.0,55.640716552734375,59.52984619140625
36860,0,calendar_2014_test,442.0235290527344,439.0,0.30760324001312256,0.0,58.43435287475586,3.023529052734375
36861,0,calendar_2014_test,413.7914733886719,362.0,0.4056294560432434,0.0,50.161495208740234,51.791473388671875
36862,0,calendar_2014_test,260.3214111328125,176.0,0.7375600934028625,0.0,22.148435592651367,84.3214111328125
36863,0,calendar_2014_test,46.65525436401367,98.0,0.8456873297691345,0.0,13.023111343383789,51.34474563598633
36864,0,calendar_2014_test,35.15351104736328,24.0,0.895784854888916,0.0,8.79516887664795,11.153511047363281
36865,0,calendar_2014_test,14.445501327514648,20.0,0.9684709310531616,0.0,2.660874366760254,5.554498672485352
36866,0,calendar_2014_test,16.86756706237793,11.0,0.9606679677963257,0.0,3.3194003105163574,5.86756706237793
36867,0,calendar_2014_test,16.473840713500977,11.0,0.9527289271354675,0.0,3.9894120693206787,5.473840713500977
36868,0,calendar_2014_test,13.68641471862793,14.0,0.963830292224884,0.0,3.052515745162964,0.3135852813720703
36869,0,calendar_2014_test,16.182514190673828,14.0,0.96143639087677,0.0,3.254551649093628,2.182514190673828
36870,0,calendar_2014_test,16.596586227416992,16.0,0.9641606211662292,0.0,3.0246376991271973,0.5965862274169922
36871,0,calendar_2014_test,16.478973388671875,13.0,0.965173065662384,0.0,2.9391956329345703,3.478973388671875
36872,0,calendar_2014_test,17.713890075683594,13.0,0.9717485308647156,0.0,2.3842613697052,4.713890075683594
36873,0,calendar_2014_test,16.96039581298828,14.0,0.9723551273345947,0.0,2.3330700397491455,2.9603958129882812
36874,0,calendar_2014_test,17.425264358520508,18.0,0.9700284004211426,0.0,2.5294342041015625,0.5747356414794922
36875,0,calendar_2014_test,18.742206573486328,17.0,0.9651020765304565,0.0,2.945186138153076,1.7422065734863281
36876,0,calendar_2014_test,16.79888916015625,16.0,0.9659492373466492,0.0,2.873692512512207,0.79888916015625
36877,0,calendar_2014_test,18.2042236328125,20.0,0.970584511756897,0.0,2.482499361038208,1.7957763671875
36878,0,calendar_2014_test,27.173505783081055,30.0,0.9510541558265686,0.0,4.1307525634765625,2.8264942169189453
36879,0,calendar_2014_test,33.267303466796875,24.0,0.9589524865150452,0.0,3.4641783237457275,9.267303466796875
36880,0,calendar_2014_test,28.32439613342285,34.0,0.951221764087677,0.0,4.116608142852783,5.675603866577148
36881,0,calendar_2014_test,35.04450225830078,37.0,0.9514063596725464,0.0,4.1010260581970215,1.9554977416992188
36882,0,calendar_2014_test,34.0738639831543,39.0,0.950358510017395,0.0,4.18945837020874,4.926136016845703
36883,0,calendar_2014_test,38.28826904296875,34.0,0.9490401744842529,0.0,4.300718784332275,4.28826904296875
36884,0,calendar_2014_test,31.161333084106445,39.0,0.9542877078056335,0.0,3.8578593730926514,7.838666915893555
36885,0,calendar_2014_test,33.05265426635742,49.0,0.9674897193908691,0.0,2.743682861328125,15.947345733642578
36886,0,calendar_2014_test,41.66884231567383,51.0,0.9534915089607239,0.0,3.92505145072937,9.331157684326172
36887,0,calendar_2014_test,46.32062530517578,52.0,0.9396247863769531,0.0,5.095326900482178,5.679374694824219
36888,0,calendar_2014_test,46.55293273925781,70.0,0.9500396251678467,0.0,4.21636962890625,23.447067260742188
36889,0,calendar_2014_test,63.82640838623047,83.0,0.9083237648010254,0.0,7.736952304840088,19.17359161376953
36890,0,calendar_2014_test,78.8822021484375,92.0,0.9173250198364258,0.0,6.977295875549316,13.1177978515625
36891,0,calendar_2014_test,84.30093383789062,95.0,0.8909291625022888,0.0,9.204959869384766,10.699066162109375
36892,0,calendar_2014_test,81.53285217285156,83.0,0.8965264558792114,0.0,8.73258113861084,1.4671478271484375
36893,0,calendar_2014_test,71.19841766357422,66.0,0.9057735204696655,0.0,7.952181816101074,5.198417663574219
36894,0,calendar_2014_test,64.53911590576172,66.0,0.9103751182556152,0.0,7.563827991485596,1.4608840942382812
36895,0,calendar_2014_test,67.34008026123047,77.0,0.9138608574867249,0.0,7.269652843475342,9.659919738769531
36896,0,calendar_2014_test,79.63389587402344,74.0,0.9050097465515137,0.0,8.016634941101074,5.6338958740234375
36897,0,calendar_2014_test,80.34249877929688,70.0,0.9144480228424072,0.0,7.220098495483398,10.342498779296875
36898,0,calendar_2014_test,76.90377807617188,86.0,0.9357333183288574,0.0,5.423745155334473,9.096221923828125
36899,0,calendar_2014_test,95.10884857177734,90.0,0.8954921960830688,0.0,8.819867134094238,5.108848571777344
36900,0,calendar_2014_test,97.74095916748047,91.0,0.9013471007347107,0.0,8.325742721557617,6.740959167480469
36901,0,calendar_2014_test,98.33261108398438,99.0,0.9072007536888123,0.0,7.831729888916016,0.667388916015625
36902,0,calendar_2014_test,108.20557403564453,129.0,0.8777745366096497,0.0,10.315134048461914,20.79442596435547
36903,0,calendar_2014_test,138.74569702148438,168.0,0.8428609371185303,0.0,13.261641502380371,29.254302978515625
36904,0,calendar_2014_test,183.91322326660156,200.0,0.7780292630195618,0.0,18.733070373535156,16.086776733398438
36905,0,calendar_2014_test,198.8806915283203,214.0,0.7395685911178589,0.0,21.978927612304688,15.119308471679688
36906,0,calendar_2014_test,206.9732208251953,211.0,0.7473235130310059,0.0,21.3244571685791,4.0267791748046875
36907,0,calendar_2014_test,205.10595703125,219.0,0.6734875440597534,0.0,27.555795669555664,13.89404296875
36908,0,calendar_2014_test,225.11195373535156,237.0,0.7469067573547363,0.0,21.359630584716797,11.888046264648438
36909,0,calendar_2014_test,241.9491424560547,248.0,0.7304377555847168,0.0,22.749523162841797,6.0508575439453125
36910,0,calendar_2014_test,246.13003540039062,254.0,0.6906991004943848,0.0,26.103235244750977,7.869964599609375
36911,0,calendar_2014_test,242.69212341308594,254.0,0.6642486453056335,0.0,28.335506439208984,11.307876586914062
36912,0,calendar_2014_test,251.79421997070312,252.0,0.7233226299285889,0.0,23.349994659423828,0.205780029296875
36913,0,calendar_2014_test,240.6150360107422,277.0,0.680602490901947,0.0,26.95533561706543,36.38496398925781
36914,0,calendar_2014_test,286.8027038574219,291.0,0.636969804763794,0.0,30.637683868408203,4.197296142578125
36915,0,calendar_2014_test,282.42376708984375,287.0,0.6450457572937012,0.0,29.956117630004883,4.57623291015625
36916,0,calendar_2014_test,284.13818359375,295.0,0.6156275272369385,0.0,32.4388542175293,10.86181640625
36917,0,calendar_2014_test,285.0723571777344,287.0,0.6175126433372498,0.0,32.27975845336914,1.927642822265625
36918,0,calendar_2014_test,288.1409606933594,325.0,0.6406347751617432,0.0,30.328384399414062,36.859039306640625
36919,0,calendar_2014_test,324.1481018066406,301.0,0.493699312210083,0.0,42.72890090942383,23.148101806640625
36920,0,calendar_2014_test,283.27978515625,311.0,0.6212128400802612,0.0,31.967487335205078,27.72021484375
36921,0,calendar_2014_test,310.8146667480469,369.0,0.5326380133628845,0.0,39.44269561767578,58.185333251953125
36922,0,calendar_2014_test,382.59576416015625,380.0,0.47184211015701294,0.0,44.573524475097656,2.59576416015625
36923,0,calendar_2014_test,385.6177062988281,393.0,0.5161092877388,0.0,40.83762741088867,7.382293701171875
36924,0,calendar_2014_test,395.2864074707031,344.0,0.4186630845069885,0.0,49.06153106689453,51.286407470703125
36925,0,calendar_2014_test,324.3265686035156,343.0,0.5435665845870972,0.0,38.520389556884766,18.673431396484375
36926,0,calendar_2014_test,355.2605285644531,343.0,0.6071202754974365,0.0,33.15681457519531,12.260528564453125
36927,0,calendar_2014_test,347.08343505859375,323.0,0.4284660220146179,0.0,48.234222412109375,24.08343505859375
36928,0,calendar_2014_test,329.17987060546875,328.0,0.6230354905128479,0.0,31.813661575317383,1.17987060546875
36929,0,calendar_2014_test,324.09625244140625,312.0,0.6597119569778442,0.0,28.71837615966797,12.09625244140625
36930,0,calendar_2014_test,298.74993896484375,264.0,0.627159595489502,0.0,31.465608596801758,34.74993896484375
36931,0,calendar_2014_test,262.3280944824219,242.0,0.708156943321228,0.0,24.629894256591797,20.328094482421875
36932,0,calendar_2014_test,251.08241271972656,254.0,0.621468722820282,0.0,31.94588851928711,2.9175872802734375
36933,0,calendar_2014_test,258.55072021484375,204.0,0.677796483039856,0.0,27.192142486572266,54.55072021484375
36934,0,calendar_2014_test,200.11691284179688,194.0,0.7741736173629761,0.0,19.0584659576416,6.116912841796875
36935,0,calendar_2014_test,188.75743103027344,227.0,0.7314924001693726,0.0,22.66051483154297,38.24256896972656
36936,0,calendar_2014_test,215.6637725830078,242.0,0.7017826437950134,0.0,25.167850494384766,26.336227416992188
36937,0,calendar_2014_test,238.02163696289062,235.0,0.6227124929428101,0.0,31.840919494628906,3.021636962890625
36938,0,calendar_2014_test,227.000732421875,168.0,0.7451692223548889,0.0,21.506269454956055,59.000732421875
36939,0,calendar_2014_test,101.80353546142578,20.0,0.8529058694839478,0.0,12.413909912109375,81.80353546142578
36940,0,calendar_2014_test,16.431636810302734,18.0,0.9658847451210022,0.0,2.879133701324463,1.5683631896972656
36941,0,calendar_2014_test,14.197602272033691,16.0,0.9687708616256714,0.0,2.635559320449829,1.8023977279663086
36942,0,calendar_2014_test,14.862652778625488,24.0,0.9788355231285095,0.0,1.786159634590149,9.137347221374512
36943,0,calendar_2014_test,17.0429744720459,23.0,0.9732984304428101,0.0,2.253462553024292,5.957025527954102
36944,0,calendar_2014_test,19.715410232543945,36.0,0.973421573638916,0.0,2.243070602416992,16.284589767456055
36945,0,calendar_2014_test,28.36770248413086,43.0,0.9623275399208069,0.0,3.1793415546417236,14.63229751586914
36946,0,calendar_2014_test,30.43967056274414,30.0,0.958642840385437,0.0,3.4903111457824707,0.4396705627441406
36947,0,calendar_2014_test,22.919055938720703,19.0,0.966887891292572,0.0,2.794475555419922,3.919055938720703
36948,0,calendar_2014_test,16.48634910583496,14.0,0.9718287587165833,0.0,2.377490520477295,2.486349105834961
36949,0,calendar_2014_test,13.109366416931152,18.0,0.9775326251983643,0.0,1.8961186408996582,4.890633583068848
36950,0,calendar_2014_test,14.317191123962402,27.0,0.977104127407074,0.0,1.9322820901870728,12.682808876037598
36951,0,calendar_2014_test,19.008432388305664,31.0,0.9717329740524292,0.0,2.3855767250061035,11.991567611694336
36952,0,calendar_2014_test,23.84564208984375,44.0,0.9599258899688721,0.0,3.3820254802703857,20.15435791015625
36953,0,calendar_2014_test,32.507057189941406,32.0,0.9461618661880493,0.0,4.543633460998535,0.5070571899414062
36954,0,calendar_2014_test,28.484249114990234,33.0,0.9542552828788757,0.0,3.8605945110321045,4.515750885009766
36955,0,calendar_2014_test,27.705297470092773,48.0,0.9546787738800049,0.0,3.8248531818389893,20.294702529907227
36956,0,calendar_2014_test,35.95723342895508,36.0,0.9437475204467773,0.0,4.747389793395996,0.042766571044921875
36957,0,calendar_2014_test,27.265398025512695,25.0,0.957089364528656,0.0,3.6214146614074707,2.2653980255126953
36958,0,calendar_2014_test,18.83137321472168,21.0,0.9728047251701355,0.0,2.29512619972229,2.1686267852783203
36959,0,calendar_2014_test,15.396200180053711,13.0,0.9651637077331543,0.0,2.939985990524292,2.396200180053711
36960,0,calendar_2014_test,13.4392728805542,13.0,0.9848219752311707,0.0,1.2809414863586426,0.4392728805541992
36961,0,calendar_2014_test,12.131160736083984,12.0,0.9813914895057678,0.0,1.5704536437988281,0.13116073608398438
36962,0,calendar_2014_test,12.407305717468262,13.0,0.9742814302444458,0.0,2.170502185821533,0.5926942825317383
36963,0,calendar_2014_test,13.776988983154297,12.0,0.970837414264679,0.0,2.4611542224884033,1.7769889831542969
36964,0,calendar_2014_test,13.35549545288086,11.0,0.9774534106254578,0.0,1.902803659439087,2.3554954528808594
36965,0,calendar_2014_test,13.127629280090332,10.0,0.9791954755783081,0.0,1.755781888961792,3.127629280090332
36966,0,calendar_2014_test,13.114645957946777,12.0,0.9833410382270813,0.0,1.4059197902679443,1.1146459579467773
36967,0,calendar_2014_test,13.438034057617188,14.0,0.9750856757164001,0.0,2.102626085281372,0.5619659423828125
36968,0,calendar_2014_test,14.567452430725098,11.0,0.97072833776474,0.0,2.4703638553619385,3.5674524307250977
36969,0,calendar_2014_test,13.859652519226074,10.0,0.9754040837287903,0.0,2.0757570266723633,3.859652519226074
36970,0,calendar_2014_test,13.558058738708496,9.0,0.9817827343940735,0.0,1.5374361276626587,4.558058738708496
36971,0,calendar_2014_test,12.933971405029297,9.0,0.9754714965820312,0.0,2.0700674057006836,3.933971405029297
36972,0,calendar_2014_test,12.622344970703125,8.0,0.9831693172454834,0.0,1.4204151630401611,4.622344970703125
36973,0,calendar_2014_test,13.074065208435059,9.0,0.9778405427932739,0.0,1.8701311349868774,4.074065208435059
36974,0,calendar_2014_test,12.947057723999023,15.0,0.97833651304245,0.0,1.8282729387283325,2.0529422760009766
36975,0,calendar_2014_test,16.413209915161133,19.0,0.9665887951850891,0.0,2.819716215133667,2.586790084838867
36976,0,calendar_2014_test,17.515005111694336,8.0,0.9726244807243347,0.0,2.3103370666503906,9.515005111694336
36977,0,calendar_2014_test,13.692560195922852,15.0,0.9729339480400085,0.0,2.284222364425659,1.3074398040771484
36978,0,calendar_2014_test,15.33383560180664,8.0,0.975590705871582,0.0,2.0600082874298096,7.333835601806641
36979,0,calendar_2014_test,13.344098091125488,15.0,0.973128080368042,0.0,2.2678375244140625,1.6559019088745117
36980,0,calendar_2014_test,14.927458763122559,11.0,0.9701947569847107,0.0,2.515395164489746,3.9274587631225586
36981,0,calendar_2014_test,12.1500825881958,13.0,0.978563129901886,0.0,1.8091486692428589,0.8499174118041992
36982,0,calendar_2014_test,12.587674140930176,11.0,0.9797173142433167,0.0,1.7117434740066528,1.5876741409301758
36983,0,calendar_2014_test,12.38017463684082,13.0,0.9801580905914307,0.0,1.6745455265045166,0.6198253631591797
36984,0,calendar_2014_test,13.957674980163574,11.0,0.9766026735305786,0.0,1.974600076675415,2.957674980163574
36985,0,calendar_2014_test,13.863794326782227,12.0,0.9755836725234985,0.0,2.0605990886688232,1.8637943267822266
36986,0,calendar_2014_test,15.157686233520508,13.0,0.978995680809021,0.0,1.772646427154541,2.157686233520508
36987,0,calendar_2014_test,16.12843894958496,11.0,0.9792936444282532,0.0,1.7474981546401978,5.128438949584961
36988,0,calendar_2014_test,15.548914909362793,26.0,0.9749759435653687,0.0,2.111889600753784,10.451085090637207
36989,0,calendar_2014_test,24.8057804107666,23.0,0.9698560237884521,0.0,2.543977975845337,1.8057804107666016
36990,0,calendar_2014_test,24.327938079833984,43.0,0.9748587608337402,0.0,2.1217756271362305,18.672061920166016
36991,0,calendar_2014_test,42.16840744018555,52.0,0.9601502418518066,0.0,3.3630917072296143,9.831592559814453
36992,0,calendar_2014_test,53.704524993896484,76.0,0.9542381763458252,0.0,3.86203670501709,22.295475006103516
36993,0,calendar_2014_test,75.80650329589844,66.0,0.9176772832870483,0.0,6.947572231292725,9.806503295898438
36994,0,calendar_2014_test,70.67206573486328,40.0,0.9309979677200317,0.0,5.823380947113037,30.67206573486328
36995,0,calendar_2014_test,48.7803840637207,67.0,0.9668442010879517,0.0,2.798161268234253,18.219615936279297
36996,0,calendar_2014_test,74.1957015991211,81.0,0.8964841365814209,0.0,8.736149787902832,6.804298400878906
36997,0,calendar_2014_test,88.36473083496094,96.0,0.8868106603622437,0.0,9.552536010742188,7.6352691650390625
36998,0,calendar_2014_test,108.17896270751953,108.0,0.8609192371368408,0.0,11.737628936767578,0.17896270751953125
36999,0,calendar_2014_test,120.26282501220703,99.0,0.8617525100708008,0.0,11.667302131652832,21.26282501220703
37000,0,calendar_2014_test,103.96400451660156,111.0,0.8986943960189819,0.0,8.549617767333984,7.0359954833984375
37001,0,calendar_2014_test,131.57479858398438,120.0,0.8343243598937988,0.0,13.982080459594727,11.574798583984375
37002,0,calendar_2014_test,122.95714569091797,125.0,0.8086243271827698,0.0,16.151018142700195,2.0428543090820312
37003,0,calendar_2014_test,119.33613586425781,123.0,0.8749141693115234,0.0,10.556532859802246,3.6638641357421875
37004,0,calendar_2014_test,115.39249420166016,126.0,0.8682053685188293,0.0,11.122719764709473,10.607505798339844
37005,0,calendar_2014_test,113.01567077636719,111.0,0.8591414093971252,0.0,11.887663841247559,2.0156707763671875
37006,0,calendar_2014_test,106.18168640136719,26.0,0.8876940011978149,0.0,9.477988243103027,80.18168640136719
37007,0,calendar_2014_test,18.617820739746094,11.0,0.9704440832138062,0.0,2.494353771209717,7.617820739746094
37008,0,calendar_2014_test,12.85583209991455,13.0,0.9724162817001343,0.0,2.327908515930176,0.14416790008544922
37009,0,calendar_2014_test,12.811981201171875,9.0,0.9740424156188965,0.0,2.190673828125,3.811981201171875
37010,0,calendar_2014_test,11.203561782836914,9.0,0.9777941107749939,0.0,1.87405264377594,2.203561782836914
37011,0,calendar_2014_test,12.051515579223633,13.0,0.976533830165863,0.0,1.9804133176803589,0.9484844207763672
37012,0,calendar_2014_test,15.954072952270508,17.0,0.9685222506523132,0.0,2.6565425395965576,1.0459270477294922
37013,0,calendar_2014_test,17.4429988861084,16.0,0.9729357361793518,0.0,2.284069776535034,1.4429988861083984
37014,0,calendar_2014_test,16.549829483032227,11.0,0.9799060821533203,0.0,1.6958110332489014,5.549829483032227
37015,0,calendar_2014_test,13.469311714172363,11.0,0.9839193820953369,0.0,1.3571150302886963,2.4693117141723633
37016,0,calendar_2014_test,12.522903442382812,17.0,0.9811077117919922,0.0,1.594400405883789,4.4770965576171875
37017,0,calendar_2014_test,16.088459014892578,9.0,0.9763374328613281,0.0,1.9969873428344727,7.088459014892578
37018,0,calendar_2014_test,12.633275985717773,9.0,0.9801979064941406,0.0,1.6711857318878174,3.6332759857177734
37019,0,calendar_2014_test,12.22429084777832,11.0,0.9804843664169312,0.0,1.647011160850525,1.2242908477783203
37020,0,calendar_2014_test,12.18822956085205,8.0,0.9830054044723511,0.0,1.434245228767395,4.188229560852051
37021,0,calendar_2014_test,13.263659477233887,15.0,0.9746947288513184,0.0,2.1356213092803955,1.7363405227661133
37022,0,calendar_2014_test,14.918561935424805,14.0,0.9827901721000671,0.0,1.4524130821228027,0.9185619354248047
37023,0,calendar_2014_test,14.910861015319824,9.0,0.9773406982421875,0.0,1.9123176336288452,5.910861015319824
37024,0,calendar_2014_test,11.479879379272461,7.0,0.9800882339477539,0.0,1.6804405450820923,4.479879379272461
37025,0,calendar_2014_test,10.558655738830566,6.0,0.9828136563301086,0.0,1.4504307508468628,4.558655738830566
37026,0,calendar_2014_test,9.209199905395508,8.0,0.9820088744163513,0.0,1.5183483362197876,1.2091999053955078
37027,0,calendar_2014_test,10.31973934173584,11.0,0.9871417880058289,0.0,1.0851603746414185,0.6802606582641602
37028,0,calendar_2014_test,11.575179100036621,9.0,0.9789531826972961,0.0,1.7762303352355957,2.575179100036621
37029,0,calendar_2014_test,9.6702299118042,11.0,0.9860979318618774,0.0,1.173254132270813,1.3297700881958008
37030,0,calendar_2014_test,10.8486328125,9.0,0.9807016253471375,0.0,1.6286731958389282,1.8486328125
37031,0,calendar_2014_test,10.307554244995117,8.0,0.9843791723251343,0.0,1.3183104991912842,2.307554244995117
37032,0,calendar_2014_test,9.646404266357422,5.0,0.9808036684989929,0.0,1.6200611591339111,4.646404266357422
37033,0,calendar_2014_test,9.840794563293457,6.0,0.9787411689758301,0.0,1.7941231727600098,3.840794563293457
37034,0,calendar_2014_test,10.690030097961426,9.0,0.977799117565155,0.0,1.8736279010772705,1.6900300979614258
37035,0,calendar_2014_test,12.599514961242676,6.0,0.9755821228027344,0.0,2.0607316493988037,6.599514961242676
37036,0,calendar_2014_test,11.597064018249512,7.0,0.9839391112327576,0.0,1.3554463386535645,4.597064018249512
37037,0,calendar_2014_test,12.395041465759277,7.0,0.9816247224807739,0.0,1.5507709980010986,5.395041465759277
37038,0,calendar_2014_test,12.558599472045898,6.0,0.9794456362724304,0.0,1.7346726655960083,6.558599472045898
37039,0,calendar_2014_test,11.229593276977539,9.0,0.9817934632301331,0.0,1.5365302562713623,2.229593276977539
37040,0,calendar_2014_test,12.28726863861084,11.0,0.9827678203582764,0.0,1.454298973083496,1.2872686386108398
37041,0,calendar_2014_test,13.171957969665527,10.0,0.9719268083572388,0.0,2.369220018386841,3.1719579696655273
37042,0,calendar_2014_test,13.28992748260498,10.0,0.9774291515350342,0.0,1.9048508405685425,3.2899274826049805
37043,0,calendar_2014_test,12.37942123413086,8.0,0.984683632850647,0.0,1.2926161289215088,4.379421234130859
37044,0,calendar_2014_test,12.534804344177246,7.0,0.9810163378715515,0.0,1.6021112203598022,5.534804344177246
37045,0,calendar_2014_test,11.446245193481445,10.0,0.9805819988250732,0.0,1.6387667655944824,1.4462451934814453
37046,0,calendar_2014_test,13.01142406463623,8.0,0.9781794548034668,0.0,1.841530203819275,5.0114240646362305
37047,0,calendar_2014_test,11.953014373779297,17.0,0.9779869318008423,0.0,1.8577792644500732,5.046985626220703
37048,0,calendar_2014_test,20.624265670776367,9.0,0.9729776978492737,0.0,2.280529737472534,11.624265670776367
37049,0,calendar_2014_test,12.814372062683105,18.0,0.9805071949958801,0.0,1.6450802087783813,5.1856279373168945
37050,0,calendar_2014_test,18.01862335205078,10.0,0.9772007465362549,0.0,1.9241259098052979,8.018623352050781
37051,0,calendar_2014_test,12.5974702835083,6.0,0.9815908074378967,0.0,1.5536292791366577,6.597470283508301
37052,0,calendar_2014_test,9.745512008666992,6.0,0.983271062374115,0.0,1.4118279218673706,3.745512008666992
37053,0,calendar_2014_test,9.333292007446289,9.0,0.9833135604858398,0.0,1.40824294090271,0.33329200744628906
37054,0,calendar_2014_test,11.126749038696289,8.0,0.9814991354942322,0.0,1.5613701343536377,3.126749038696289
37055,0,calendar_2014_test,10.262788772583008,7.0,0.9779821038246155,0.0,1.8581874370574951,3.262788772583008
37056,0,calendar_2014_test,10.026676177978516,8.0,0.9776955842971802,0.0,1.8823668956756592,2.0266761779785156
37057,0,calendar_2014_test,12.593012809753418,14.0,0.9749825596809387,0.0,2.111330270767212,1.406987190246582
37058,0,calendar_2014_test,17.35531997680664,12.0,0.9753737449645996,0.0,2.0783183574676514,5.355319976806641
37059,0,calendar_2014_test,16.091026306152344,25.0,0.9760227203369141,0.0,2.0235471725463867,8.908973693847656
37060,0,calendar_2014_test,23.96674919128418,11.0,0.9714270234107971,0.0,2.411395311355591,12.96674919128418
37061,0,calendar_2014_test,15.359341621398926,16.0,0.9805906414985657,0.0,1.6380385160446167,0.6406583786010742
37062,0,calendar_2014_test,16.631622314453125,17.0,0.9722307920455933,0.0,2.343564987182617,0.368377685546875
37063,0,calendar_2014_test,18.01613998413086,13.0,0.9789284467697144,0.0,1.7783174514770508,5.016139984130859
37064,0,calendar_2014_test,15.850985527038574,9.0,0.981536865234375,0.0,1.558181881904602,6.850985527038574
37065,0,calendar_2014_test,42.3663444519043,71.0,0.944618284702301,0.0,4.6739020347595215,28.633655548095703
37066,0,calendar_2014_test,78.27526092529297,66.0,0.9142524600028992,0.0,7.236603736877441,12.275260925292969
37067,0,calendar_2014_test,70.04006958007812,61.0,0.9205440282821655,0.0,6.70563268661499,9.040069580078125
37068,0,calendar_2014_test,66.60088348388672,83.0,0.9363654255867004,0.0,5.370397090911865,16.39911651611328
37069,0,calendar_2014_test,95.55826568603516,122.0,0.8741592764854431,0.0,10.620241165161133,26.441734313964844
37070,0,calendar_2014_test,139.78286743164062,119.0,0.8420418500900269,0.0,13.330769538879395,20.782867431640625
37071,0,calendar_2014_test,129.14759826660156,95.0,0.8306832313537598,0.0,14.289375305175781,34.14759826660156
37072,0,calendar_2014_test,90.93096160888672,93.0,0.9067812561988831,0.0,7.867133617401123,2.0690383911132812
37073,0,calendar_2014_test,94.44719696044922,102.0,0.8882120251655579,0.0,9.434269905090332,7.552803039550781
37074,0,calendar_2014_test,102.48025512695312,174.0,0.8614729642868042,0.0,11.690896987915039,71.51974487304688
37075,0,calendar_2014_test,173.4518280029297,137.0,0.7408543825149536,0.0,21.87041473388672,36.45182800292969
37076,0,calendar_2014_test,129.4136199951172,80.0,0.8654282093048096,0.0,11.35709285736084,49.41361999511719
37077,0,calendar_2014_test,63.903480529785156,63.0,0.9259779453277588,0.0,6.247041702270508,0.9034805297851562
37078,0,calendar_2014_test,66.21507263183594,72.0,0.9192402958869934,0.0,6.815659046173096,5.7849273681640625
37079,0,calendar_2014_test,75.67150115966797,59.0,0.9105952978134155,0.0,7.5452494621276855,16.67150115966797
37080,0,calendar_2014_test,64.92859649658203,59.0,0.9191893935203552,0.0,6.819955348968506,5.928596496582031
37081,0,calendar_2014_test,68.02073669433594,72.0,0.9254896640777588,0.0,6.288250923156738,3.9792633056640625
37082,0,calendar_2014_test,83.32888793945312,79.0,0.9018151760101318,0.0,8.286239624023438,4.328887939453125
37083,0,calendar_2014_test,87.17967224121094,77.0,0.8975058794021606,0.0,8.649923324584961,10.179672241210938
37084,0,calendar_2014_test,57.84130096435547,96.0,0.9135609269142151,0.0,7.294968605041504,38.15869903564453
37085,0,calendar_2014_test,85.91451263427734,54.0,0.9021327495574951,0.0,8.259438514709473,31.914512634277344
37086,0,calendar_2014_test,42.56584930419922,34.0,0.9380250573158264,0.0,5.230330944061279,8.565849304199219
37087,0,calendar_2014_test,28.910057067871094,18.0,0.9652001261711121,0.0,2.9369096755981445,10.910057067871094
37088,0,calendar_2014_test,18.974369049072266,22.0,0.9752639532089233,0.0,2.087583541870117,3.0256309509277344
37089,0,calendar_2014_test,19.537376403808594,21.0,0.9719982147216797,0.0,2.3631911277770996,1.4626235961914062
37090,0,calendar_2014_test,20.51066017150879,15.0,0.9769947528839111,0.0,1.9415112733840942,5.510660171508789
37091,0,calendar_2014_test,16.364398956298828,13.0,0.9723442196846008,0.0,2.333989143371582,3.364398956298828
37092,0,calendar_2014_test,15.061660766601562,11.0,0.9796002507209778,0.0,1.7216209173202515,4.0616607666015625
37093,0,calendar_2014_test,11.678436279296875,17.0,0.9759318232536316,0.0,2.0312185287475586,5.321563720703125
37094,0,calendar_2014_test,14.84083080291748,18.0,0.9760372042655945,0.0,2.0223217010498047,3.1591691970825195
37095,0,calendar_2014_test,15.540887832641602,16.0,0.9717104434967041,0.0,2.3874802589416504,0.45911216735839844
37096,0,calendar_2014_test,13.462841987609863,17.0,0.9811154007911682,0.0,1.5937525033950806,3.5371580123901367
37097,0,calendar_2014_test,16.007177352905273,18.0,0.9750633835792542,0.0,2.1045093536376953,1.9928226470947266
37098,0,calendar_2014_test,18.541505813598633,16.0,0.9675859808921814,0.0,2.7355594635009766,2.541505813598633
37099,0,calendar_2014_test,15.302730560302734,15.0,0.9733423590660095,0.0,2.2497546672821045,0.3027305603027344
37100,0,calendar_2014_test,14.352763175964355,17.0,0.9760869145393372,0.0,2.018127918243408,2.6472368240356445
37101,0,calendar_2014_test,15.818387031555176,19.0,0.9749670028686523,0.0,2.1126437187194824,3.181612968444824
37102,0,calendar_2014_test,17.753562927246094,15.0,0.9720270037651062,0.0,2.360759735107422,2.7535629272460938
37103,0,calendar_2014_test,15.216151237487793,22.0,0.9799731969833374,0.0,1.6901460886001587,6.783848762512207
37104,0,calendar_2014_test,21.60284996032715,20.0,0.973706841468811,0.0,2.218993663787842,1.6028499603271484
37105,0,calendar_2014_test,22.206083297729492,21.0,0.9649566411972046,0.0,2.9574577808380127,1.2060832977294922
37106,0,calendar_2014_test,21.643775939941406,32.0,0.9771261215209961,0.0,1.9304251670837402,10.356224060058594
37107,0,calendar_2014_test,29.64458465576172,20.0,0.9673808217048645,0.0,2.752873182296753,9.644584655761719
37108,0,calendar_2014_test,20.071430206298828,31.0,0.9759137034416199,0.0,2.032747983932495,10.928569793701172
37109,0,calendar_2014_test,29.6697998046875,40.0,0.9685289859771729,0.0,2.655975103378296,10.3302001953125
37110,0,calendar_2014_test,39.20259475708008,102.0,0.9572576880455017,0.0,3.607206106185913,62.79740524291992
37111,0,calendar_2014_test,98.29820251464844,117.0,0.8733897805213928,0.0,10.685184478759766,18.701797485351562
37112,0,calendar_2014_test,119.41970825195312,100.0,0.8401838541030884,0.0,13.487571716308594,19.419708251953125
37113,0,calendar_2014_test,32.21995544433594,63.0,0.950914740562439,0.0,4.142515182495117,30.780044555664062
37114,0,calendar_2014_test,46.474613189697266,62.0,0.9350448250770569,0.0,5.48184871673584,15.525386810302734
37115,0,calendar_2014_test,41.13798141479492,45.0,0.9435679912567139,0.0,4.762539863586426,3.862018585205078
37116,0,calendar_2014_test,34.92416000366211,19.0,0.9472107291221619,0.0,4.455114364624023,15.92416000366211
37117,0,calendar_2014_test,18.724637985229492,21.0,0.973127007484436,0.0,2.26792573928833,2.275362014770508
37118,0,calendar_2014_test,18.019922256469727,13.0,0.9711953997612,0.0,2.43094539642334,5.019922256469727
37119,0,calendar_2014_test,13.450751304626465,31.0,0.9791268706321716,0.0,1.761573314666748,17.549248695373535
37120,0,calendar_2014_test,18.931243896484375,17.0,0.9684357643127441,0.0,2.663843870162964,1.931243896484375
37121,0,calendar_2014_test,14.517450332641602,14.0,0.9736048579216003,0.0,2.227598190307617,0.5174503326416016
37122,0,calendar_2014_test,12.967413902282715,13.0,0.9707239866256714,0.0,2.4707303047180176,0.032586097717285156
37123,0,calendar_2014_test,12.280635833740234,16.0,0.9760991930961609,0.0,2.017094612121582,3.7193641662597656
37124,0,calendar_2014_test,10.975536346435547,18.0,0.9792520403862,0.0,1.7510082721710205,7.024463653564453
37125,0,calendar_2014_test,11.864373207092285,18.0,0.9702824354171753,0.0,2.507995367050171,6.135626792907715
37126,0,calendar_2014_test,14.280679702758789,20.0,0.9770900011062622,0.0,1.933471918106079,5.719320297241211
37127,0,calendar_2014_test,13.937139511108398,17.0,0.974888026714325,0.0,2.1193063259124756,3.0628604888916016
37128,0,calendar_2014_test,12.545948028564453,9.0,0.9827498197555542,0.0,1.4558148384094238,3.545948028564453
37129,0,calendar_2014_test,10.744935989379883,16.0,0.9836795330047607,0.0,1.377352237701416,5.255064010620117
37130,0,calendar_2014_test,11.878551483154297,14.0,0.9758840203285217,0.0,2.0352509021759033,2.121448516845703
37131,0,calendar_2014_test,14.177491188049316,7.0,0.9719939827919006,0.0,2.3635475635528564,7.177491188049316
37132,0,calendar_2014_test,12.334061622619629,15.0,0.9784461855888367,0.0,1.8190175294876099,2.665938377380371
37133,0,calendar_2014_test,14.822375297546387,11.0,0.9712275862693787,0.0,2.428229570388794,3.8223752975463867
37134,0,calendar_2014_test,13.891895294189453,13.0,0.9759476184844971,0.0,2.0298831462860107,0.8918952941894531
37135,0,calendar_2014_test,15.847603797912598,16.0,0.9723833799362183,0.0,2.330686330795288,0.15239620208740234
37136,0,calendar_2014_test,17.280059814453125,14.0,0.9756380319595337,0.0,2.0560100078582764,3.280059814453125
37137,0,calendar_2014_test,15.736634254455566,14.0,0.9798469543457031,0.0,1.700802206993103,1.7366342544555664
37138,0,calendar_2014_test,15.52615737915039,14.0,0.9755268692970276,0.0,2.0653913021087646,1.5261573791503906
37139,0,calendar_2014_test,14.740533828735352,14.0,0.9802466034889221,0.0,1.6670738458633423,0.7405338287353516
37140,0,calendar_2014_test,15.384822845458984,12.0,0.9798898696899414,0.0,1.697178840637207,3.3848228454589844
37141,0,calendar_2014_test,17.748193740844727,29.0,0.9761262536048889,0.0,2.0148093700408936,11.251806259155273
37142,0,calendar_2014_test,33.14659881591797,40.0,0.9623216390609741,0.0,3.1798393726348877,6.853401184082031
37143,0,calendar_2014_test,46.458839416503906,92.0,0.9404129981994629,0.0,5.028802871704102,45.541160583496094
37144,0,calendar_2014_test,96.6344985961914,76.0,0.8869910836219788,0.0,9.537312507629395,20.634498596191406
37145,0,calendar_2014_test,69.8753662109375,81.0,0.9108049869537354,0.0,7.527551174163818,11.1246337890625
37146,0,calendar_2014_test,66.84567260742188,32.0,0.9315330982208252,0.0,5.7782182693481445,34.845672607421875
37147,0,calendar_2014_test,25.5562744140625,9.0,0.9631312489509583,0.0,3.1115128993988037,16.5562744140625
37148,0,calendar_2014_test,13.925946235656738,12.0,0.9829060435295105,0.0,1.4426320791244507,1.9259462356567383
37149,0,calendar_2014_test,13.033674240112305,8.0,0.977261483669281,0.0,1.918999433517456,5.033674240112305
37150,0,calendar_2014_test,10.783127784729004,8.0,0.9785224795341492,0.0,1.8125786781311035,2.783127784729004
37151,0,calendar_2014_test,8.79311752319336,8.0,0.9787822365760803,0.0,1.790661096572876,0.7931175231933594
37152,0,calendar_2014_test,10.211419105529785,9.0,0.9800385236740112,0.0,1.6846346855163574,1.2114191055297852
37153,0,calendar_2014_test,11.211709022521973,12.0,0.97801673412323,0.0,1.8552621603012085,0.7882909774780273
37154,0,calendar_2014_test,11.955079078674316,14.0,0.9842729568481445,0.0,1.3272712230682373,2.0449209213256836
37155,0,calendar_2014_test,13.92327880859375,9.0,0.9807040691375732,0.0,1.6284681558609009,4.92327880859375
37156,0,calendar_2014_test,12.153112411499023,7.0,0.9802429676055908,0.0,1.667382001876831,5.153112411499023
37157,0,calendar_2014_test,11.403817176818848,8.0,0.9772892594337463,0.0,1.9166594743728638,3.4038171768188477
37158,0,calendar_2014_test,13.144777297973633,12.0,0.9777273535728455,0.0,1.8796859979629517,1.1447772979736328
37159,0,calendar_2014_test,13.551804542541504,13.0,0.9798747897148132,0.0,1.698455810546875,0.5518045425415039
37160,0,calendar_2014_test,13.720585823059082,9.0,0.979836642742157,0.0,1.7016751766204834,4.720585823059082
37161,0,calendar_2014_test,12.99423885345459,17.0,0.9784753322601318,0.0,1.8165587186813354,4.00576114654541
37162,0,calendar_2014_test,16.491003036499023,18.0,0.9766018986701965,0.0,1.9746661186218262,1.5089969635009766
37163,0,calendar_2014_test,17.56947898864746,14.0,0.9733530879020691,0.0,2.2488455772399902,3.569478988647461
37164,0,calendar_2014_test,14.268853187561035,10.0,0.9857147932052612,0.0,1.2055907249450684,4.268853187561035
37165,0,calendar_2014_test,11.737594604492188,12.0,0.9764204025268555,0.0,1.9899858236312866,0.2624053955078125
37166,0,calendar_2014_test,13.620916366577148,9.0,0.9810209274291992,0.0,1.601727843284607,4.620916366577148
37167,0,calendar_2014_test,14.75800895690918,14.0,0.9753751158714294,0.0,2.0782015323638916,0.7580089569091797
37168,0,calendar_2014_test,20.520977020263672,17.0,0.9672409892082214,0.0,2.7646727561950684,3.520977020263672
37169,0,calendar_2014_test,24.391382217407227,21.0,0.9621468186378479,0.0,3.194593906402588,3.3913822174072266
37170,0,calendar_2014_test,30.00360679626465,47.0,0.9590914249420166,0.0,3.452449083328247,16.99639320373535
37171,0,calendar_2014_test,56.885536193847656,18.0,0.9324683547019958,0.0,5.699287414550781,38.885536193847656
37172,0,calendar_2014_test,20.395517349243164,15.0,0.9647988677024841,0.0,2.9707751274108887,5.395517349243164
37173,0,calendar_2014_test,17.761518478393555,12.0,0.976409912109375,0.0,1.9908668994903564,5.761518478393555
37174,0,calendar_2014_test,15.638873100280762,16.0,0.9713460206985474,0.0,2.418231964111328,0.3611268997192383
37175,0,calendar_2014_test,22.853971481323242,15.0,0.963970422744751,0.0,3.0406908988952637,7.853971481323242
37176,0,calendar_2014_test,17.56097984313965,13.0,0.9642916321754456,0.0,3.013582468032837,4.560979843139648
37177,0,calendar_2014_test,19.898714065551758,16.0,0.9648940563201904,0.0,2.9627420902252197,3.898714065551758
37178,0,calendar_2014_test,18.57332420349121,16.0,0.9719136357307434,0.0,2.3703296184539795,2.573324203491211
37179,0,calendar_2014_test,18.472036361694336,10.0,0.9716002941131592,0.0,2.396772861480713,8.472036361694336
37180,0,calendar_2014_test,16.060802459716797,13.0,0.9726434946060181,0.0,2.3087329864501953,3.060802459716797
37181,0,calendar_2014_test,18.82028579711914,33.0,0.9644111394882202,0.0,3.0034995079040527,14.17971420288086
37182,0,calendar_2014_test,32.8635368347168,37.0,0.9415692687034607,0.0,4.931221961975098,4.136463165283203
37183,0,calendar_2014_test,36.0510368347168,36.0,0.960103452205658,0.0,3.367039918899536,0.051036834716796875
37184,0,calendar_2014_test,42.663291931152344,53.0,0.951169490814209,0.0,4.121018886566162,10.336708068847656
37185,0,calendar_2014_test,52.611026763916016,58.0,0.9357499480247498,0.0,5.422337532043457,5.388973236083984
37186,0,calendar_2014_test,59.75084686279297,46.0,0.9268373250961304,0.0,6.17451286315918,13.750846862792969
37187,0,calendar_2014_test,40.83257293701172,43.0,0.9651848673820496,0.0,2.9382004737854004,2.1674270629882812
37188,0,calendar_2014_test,44.40132522583008,41.0,0.9499912261962891,0.0,4.220455646514893,3.401325225830078
37189,0,calendar_2014_test,42.69340515136719,44.0,0.937366247177124,0.0,5.285933017730713,1.3065948486328125
37190,0,calendar_2014_test,50.59654235839844,72.0,0.9390308260917664,0.0,5.145452499389648,21.403457641601562
37191,0,calendar_2014_test,79.8468017578125,80.0,0.8891031742095947,0.0,9.359063148498535,0.1531982421875
37192,0,calendar_2014_test,85.14485931396484,86.0,0.9053544402122498,0.0,7.987545490264893,0.8551406860351562
37193,0,calendar_2014_test,99.4180679321289,82.0,0.8778467774391174,0.0,10.309037208557129,17.418067932128906
37194,0,calendar_2014_test,95.02197265625,86.0,0.8863718509674072,0.0,9.589569091796875,9.02197265625
37195,0,calendar_2014_test,94.22898864746094,98.0,0.86173415184021,0.0,11.668851852416992,3.7710113525390625
37196,0,calendar_2014_test,105.58163452148438,112.0,0.8532333970069885,0.0,12.386266708374023,6.418365478515625
37197,0,calendar_2014_test,117.288818359375,126.0,0.8773887157440186,0.0,10.34769344329834,8.711181640625
37198,0,calendar_2014_test,133.10169982910156,192.0,0.8491783142089844,0.0,12.728495597839355,58.89830017089844
37199,0,calendar_2014_test,203.0891571044922,212.0,0.7248526215553284,0.0,23.220874786376953,8.910842895507812
37200,0,calendar_2014_test,200.08348083496094,144.0,0.7749118208885193,0.0,18.996164321899414,56.08348083496094
37201,0,calendar_2014_test,112.51892852783203,107.0,0.8450309038162231,0.0,13.078511238098145,5.518928527832031
37202,0,calendar_2014_test,89.39193725585938,86.0,0.9021012783050537,0.0,8.262097358703613,3.391937255859375
37203,0,calendar_2014_test,77.77127838134766,90.0,0.907833456993103,0.0,7.778334617614746,12.228721618652344
37204,0,calendar_2014_test,86.24215698242188,95.0,0.9050282835960388,0.0,8.015071868896484,8.757843017578125
37205,0,calendar_2014_test,98.03780364990234,71.0,0.8975950479507446,0.0,8.642398834228516,27.037803649902344
37206,0,calendar_2014_test,65.00071716308594,76.0,0.9246398210525513,0.0,6.359970569610596,10.999282836914062
37207,0,calendar_2014_test,76.63404846191406,75.0,0.9272574186325073,0.0,6.139062881469727,1.6340484619140625
37208,0,calendar_2014_test,72.54576110839844,58.0,0.9046692848205566,0.0,8.045369148254395,14.545761108398438
37209,0,calendar_2014_test,51.40901565551758,53.0,0.9413859844207764,0.0,4.94669246673584,1.5909843444824219
37210,0,calendar_2014_test,49.329811096191406,59.0,0.9498280882835388,0.0,4.234222888946533,9.670188903808594
37211,0,calendar_2014_test,58.22325134277344,49.0,0.9232668876647949,0.0,6.475841045379639,9.223251342773438
37212,0,calendar_2014_test,51.94143295288086,44.0,0.9471961259841919,0.0,4.456348419189453,7.941432952880859
37213,0,calendar_2014_test,47.71821212768555,50.0,0.9412460327148438,0.0,4.958499431610107,2.281787872314453
37214,0,calendar_2014_test,60.12507247924805,68.0,0.9332541227340698,0.0,5.632972717285156,7.874927520751953
37215,0,calendar_2014_test,82.49437713623047,110.0,0.8976855874061584,0.0,8.634757041931152,27.50562286376953
37216,0,calendar_2014_test,125.41524505615234,129.0,0.8212634921073914,0.0,15.084346771240234,3.5847549438476562
37217,0,calendar_2014_test,140.8852081298828,123.0,0.8339979648590088,0.0,14.009628295898438,17.885208129882812
37218,0,calendar_2014_test,136.26023864746094,109.0,0.8584672212600708,0.0,11.944561958312988,27.260238647460938
37219,0,calendar_2014_test,114.4556655883789,132.0,0.8720993995666504,0.0,10.794085502624512,17.544334411621094
37220,0,calendar_2014_test,138.53787231445312,160.0,0.8387335538864136,0.0,13.60997200012207,21.462127685546875
37221,0,calendar_2014_test,168.5650177001953,167.0,0.7851901650428772,0.0,18.12873077392578,1.5650177001953125
37222,0,calendar_2014_test,168.18576049804688,257.0,0.8463391661643982,0.0,12.968101501464844,88.81423950195312
37223,0,calendar_2014_test,251.58966064453125,291.0,0.6744619607925415,0.0,27.47356414794922,39.41033935546875
37224,0,calendar_2014_test,270.0618896484375,305.0,0.5042195320129395,0.0,41.84105682373047,34.9381103515625
37225,0,calendar_2014_test,299.2273254394531,307.0,0.5817797183990479,0.0,35.295413970947266,7.772674560546875
37226,0,calendar_2014_test,280.3811340332031,293.0,0.6303787231445312,0.0,31.193937301635742,12.618865966796875
37227,0,calendar_2014_test,286.8339538574219,269.0,0.6256660223007202,0.0,31.59166145324707,17.833953857421875
37228,0,calendar_2014_test,194.82977294921875,47.0,0.6493175029754639,0.0,29.595613479614258,147.82977294921875
37229,0,calendar_2014_test,23.063833236694336,24.0,0.9366540312767029,0.0,5.346041679382324,0.9361667633056641
37230,0,calendar_2014_test,20.404253005981445,17.0,0.951846182346344,0.0,4.063910484313965,3.4042530059814453
37231,0,calendar_2014_test,17.43996810913086,12.0,0.9661370515823364,0.0,2.857840061187744,5.439968109130859
37232,0,calendar_2014_test,14.218616485595703,9.0,0.9749990105628967,0.0,2.109942674636841,5.218616485595703
37233,0,calendar_2014_test,14.434786796569824,10.0,0.9724554419517517,0.0,2.3246052265167236,4.434786796569824
37234,0,calendar_2014_test,13.620579719543457,9.0,0.9774449467658997,0.0,1.9035186767578125,4.620579719543457
37235,0,calendar_2014_test,12.674962043762207,11.0,0.9702081680297852,0.0,2.514261484146118,1.674962043762207
37236,0,calendar_2014_test,12.165242195129395,8.0,0.9733455181121826,0.0,2.249485969543457,4.1652421951293945
37237,0,calendar_2014_test,10.511682510375977,13.0,0.9753586053848267,0.0,2.07959246635437,2.4883174896240234
37238,0,calendar_2014_test,12.383637428283691,12.0,0.9717110395431519,0.0,2.387428045272827,0.3836374282836914
37239,0,calendar_2014_test,12.322932243347168,10.0,0.9762166738510132,0.0,2.0071775913238525,2.322932243347168
37240,0,calendar_2014_test,13.277538299560547,9.0,0.9755903482437134,0.0,2.060037136077881,4.277538299560547
37241,0,calendar_2014_test,11.493268013000488,18.0,0.9773139357566833,0.0,1.914576530456543,6.506731986999512
37242,0,calendar_2014_test,17.329769134521484,10.0,0.9696105122566223,0.0,2.564699649810791,7.329769134521484
37243,0,calendar_2014_test,14.214807510375977,11.0,0.9671047925949097,0.0,2.7761662006378174,3.2148075103759766
37244,0,calendar_2014_test,13.136343002319336,11.0,0.977195143699646,0.0,1.9245977401733398,2.136343002319336
37245,0,calendar_2014_test,12.010052680969238,6.0,0.9712084531784058,0.0,2.4298431873321533,6.010052680969238
37246,0,calendar_2014_test,9.515645980834961,6.0,0.9774562120437622,0.0,1.9025697708129883,3.515645980834961
37247,0,calendar_2014_test,9.185717582702637,6.0,0.9797470569610596,0.0,1.7092314958572388,3.1857175827026367
37248,0,calendar_2014_test,9.024381637573242,5.0,0.9763399362564087,0.0,1.9967724084854126,4.024381637573242
37249,0,calendar_2014_test,10.273229598999023,10.0,0.9835278987884521,0.0,1.3901499509811401,0.27322959899902344
37250,0,calendar_2014_test,11.34711742401123,9.0,0.9801052808761597,0.0,1.6790002584457397,2.3471174240112305
37251,0,calendar_2014_test,10.725920677185059,11.0,0.9814298152923584,0.0,1.5672179460525513,0.2740793228149414
37252,0,calendar_2014_test,12.435627937316895,11.0,0.9806204438209534,0.0,1.6355230808258057,1.4356279373168945
37253,0,calendar_2014_test,12.603839874267578,8.0,0.9822761416435242,0.0,1.4957928657531738,4.603839874267578
37254,0,calendar_2014_test,12.121221542358398,12.0,0.9869216084480286,0.0,1.1037439107894897,0.12122154235839844
37255,0,calendar_2014_test,12.598356246948242,15.0,0.9805818796157837,0.0,1.6387789249420166,2.401643753051758
37256,0,calendar_2014_test,14.512411117553711,11.0,0.9776358604431152,0.0,1.8874083757400513,3.512411117553711
37257,0,calendar_2014_test,13.4771146774292,9.0,0.9795645475387573,0.0,1.7246381044387817,4.477114677429199
37258,0,calendar_2014_test,12.398611068725586,25.0,0.9827679395675659,0.0,1.4542866945266724,12.601388931274414
37259,0,calendar_2014_test,18.26247215270996,23.0,0.962760329246521,0.0,3.1428189277648926,4.737527847290039
37260,0,calendar_2014_test,18.337615966796875,13.0,0.971610963344574,0.0,2.3958752155303955,5.337615966796875
37261,0,calendar_2014_test,13.822835922241211,8.0,0.9770739674568176,0.0,1.9348247051239014,5.822835922241211
37262,0,calendar_2014_test,12.211277961730957,10.0,0.981308102607727,0.0,1.5774879455566406,2.211277961730957
37263,0,calendar_2014_test,12.836503028869629,11.0,0.9801079630851746,0.0,1.678774118423462,1.836503028869629
37264,0,calendar_2014_test,13.846195220947266,12.0,0.9764279723167419,0.0,1.989345669746399,1.8461952209472656
37265,0,calendar_2014_test,14.749967575073242,14.0,0.9758518934249878,0.0,2.0379621982574463,0.7499675750732422
37266,0,calendar_2014_test,14.470569610595703,14.0,0.9789409041404724,0.0,1.7772682905197144,0.4705696105957031
37267,0,calendar_2014_test,13.699074745178223,10.0,0.973921000957489,0.0,2.2009212970733643,3.6990747451782227
37268,0,calendar_2014_test,12.039522171020508,8.0,0.9805949330329895,0.0,1.637677550315857,4.039522171020508
37269,0,calendar_2014_test,10.595372200012207,9.0,0.9838624596595764,0.0,1.361914873123169,1.595372200012207
37270,0,calendar_2014_test,10.155275344848633,9.0,0.9831291437149048,0.0,1.4238044023513794,1.1552753448486328
37271,0,calendar_2014_test,15.370131492614746,8.0,0.9746233224868774,0.0,2.141646385192871,7.370131492614746
37272,0,calendar_2014_test,16.438472747802734,17.0,0.9699345827102661,0.0,2.537350654602051,0.5615272521972656
37273,0,calendar_2014_test,21.015840530395508,30.0,0.9717252254486084,0.0,2.3862297534942627,8.984159469604492
37274,0,calendar_2014_test,32.13166809082031,43.0,0.9577773213386536,0.0,3.5633559226989746,10.868331909179688
37275,0,calendar_2014_test,47.382450103759766,57.0,0.9500685334205627,0.0,4.213932991027832,9.617549896240234
37276,0,calendar_2014_test,57.923458099365234,65.0,0.9347676634788513,0.0,5.5052385330200195,7.076541900634766
37277,0,calendar_2014_test,66.89055633544922,80.0,0.927423357963562,0.0,6.125056266784668,13.109443664550781
37278,0,calendar_2014_test,79.41353607177734,88.0,0.900779664516449,0.0,8.37363338470459,8.586463928222656
37279,0,calendar_2014_test,87.91889953613281,96.0,0.8760239481925964,0.0,10.462874412536621,8.081100463867188
37280,0,calendar_2014_test,93.94625854492188,121.0,0.8931323289871216,0.0,9.019022941589355,27.053741455078125
37281,0,calendar_2014_test,120.0058822631836,152.0,0.8893375396728516,0.0,9.339280128479004,31.994117736816406
37282,0,calendar_2014_test,150.46533203125,172.0,0.8034025430679321,0.0,16.591711044311523,21.53466796875
37283,0,calendar_2014_test,172.24075317382812,128.0,0.8146483302116394,0.0,15.64262580871582,44.240753173828125
37284,0,calendar_2014_test,104.1565170288086,77.0,0.885389506816864,0.0,9.67247486114502,27.156517028808594
37285,0,calendar_2014_test,67.64026641845703,65.0,0.8909784555435181,0.0,9.200798034667969,2.6402664184570312
37286,0,calendar_2014_test,70.74198913574219,79.0,0.9144110083580017,0.0,7.223224639892578,8.258010864257812
37287,0,calendar_2014_test,88.99235534667969,93.0,0.902427077293396,0.0,8.234598159790039,4.0076446533203125
37288,0,calendar_2014_test,101.57569885253906,104.0,0.8873322010040283,0.0,9.508522987365723,2.4243011474609375
37289,0,calendar_2014_test,112.82278442382812,202.0,0.851283609867096,0.0,12.550817489624023,89.17721557617188
37290,0,calendar_2014_test,221.44839477539062,245.0,0.7172601222991943,0.0,23.861637115478516,23.551605224609375
37291,0,calendar_2014_test,249.34315490722656,225.0,0.6322906017303467,0.0,31.0325870513916,24.343154907226562
37292,0,calendar_2014_test,211.37509155273438,180.0,0.7495287656784058,0.0,21.13834571838379,31.375091552734375
37293,0,calendar_2014_test,168.7403106689453,180.0,0.769868791103363,0.0,19.42176628112793,11.259689331054688
37294,0,calendar_2014_test,185.53834533691406,170.0,0.7783132791519165,0.0,18.709096908569336,15.538345336914062
37295,0,calendar_2014_test,161.54348754882812,160.0,0.8253320455551147,0.0,14.740983009338379,1.543487548828125
37296,0,calendar_2014_test,147.99966430664062,146.0,0.820708155632019,0.0,15.13121509552002,1.999664306640625
37297,0,calendar_2014_test,128.52406311035156,125.0,0.8572729229927063,0.0,12.045353889465332,3.5240631103515625
37298,0,calendar_2014_test,111.59474182128906,130.0,0.8760576844215393,0.0,10.460028648376465,18.405258178710938
37299,0,calendar_2014_test,119.58846282958984,138.0,0.8466261625289917,0.0,12.943880081176758,18.411537170410156
37300,0,calendar_2014_test,138.41917419433594,147.0,0.8143148422241211,0.0,15.67077350616455,8.580825805664062
37301,0,calendar_2014_test,145.61807250976562,135.0,0.7629903554916382,0.0,20.00226593017578,10.618072509765625
37302,0,calendar_2014_test,123.4526138305664,136.0,0.8325514197349548,0.0,14.131707191467285,12.547386169433594
37303,0,calendar_2014_test,133.12950134277344,124.0,0.8581836223602295,0.0,11.968497276306152,9.129501342773438
37304,0,calendar_2014_test,117.30545806884766,135.0,0.8529052734375,0.0,12.413957595825195,17.694541931152344
37305,0,calendar_2014_test,138.88140869140625,132.0,0.8368370532989502,0.0,13.770025253295898,6.88140869140625
37306,0,calendar_2014_test,138.9646759033203,133.0,0.8451396226882935,0.0,13.069334030151367,5.9646759033203125
37307,0,calendar_2014_test,145.94281005859375,142.0,0.8128247261047363,0.0,15.796527862548828,3.94281005859375
37308,0,calendar_2014_test,144.77613830566406,163.0,0.8025336861610413,0.0,16.665035247802734,18.223861694335938
37309,0,calendar_2014_test,175.19403076171875,166.0,0.8082069754600525,0.0,16.186243057250977,9.19403076171875
37310,0,calendar_2014_test,177.65667724609375,189.0,0.7717375755310059,0.0,19.264053344726562,11.34332275390625
37311,0,calendar_2014_test,205.6066436767578,202.0,0.7854747176170349,0.0,18.104713439941406,3.6066436767578125
37312,0,calendar_2014_test,214.9719696044922,228.0,0.7362096309661865,0.0,22.26241111755371,13.028030395507812
37313,0,calendar_2014_test,242.06314086914062,240.0,0.7293918132781982,0.0,22.837793350219727,2.063140869140625
37314,0,calendar_2014_test,252.22535705566406,235.0,0.7164871692657471,0.0,23.92687225341797,17.225357055664062
37315,0,calendar_2014_test,235.2747344970703,252.0,0.6365837454795837,0.0,30.67026710510254,16.725265502929688
37316,0,calendar_2014_test,266.5904541015625,254.0,0.7089685201644897,0.0,24.561399459838867,12.5904541015625
37317,0,calendar_2014_test,256.17510986328125,274.0,0.6311345100402832,0.0,31.130149841308594,17.82489013671875
37318,0,calendar_2014_test,267.8099060058594,253.0,0.6617857217788696,0.0,28.543365478515625,14.809906005859375
37319,0,calendar_2014_test,243.46240234375,248.0,0.6604874134063721,0.0,28.652931213378906,4.53759765625
37320,0,calendar_2014_test,234.66131591796875,219.0,0.7168670296669006,0.0,23.894813537597656,15.66131591796875
37321,0,calendar_2014_test,194.9345703125,199.0,0.7356274127960205,0.0,22.311546325683594,4.0654296875
37322,0,calendar_2014_test,186.33590698242188,198.0,0.7534680962562561,0.0,20.805892944335938,11.664093017578125
37323,0,calendar_2014_test,189.67918395996094,204.0,0.7292267084121704,0.0,22.851728439331055,14.320816040039062
37324,0,calendar_2014_test,161.91741943359375,66.0,0.7420339584350586,0.0,21.7708683013916,95.91741943359375
37325,0,calendar_2014_test,25.736000061035156,22.0,0.9353452920913696,0.0,5.456491470336914,3.7360000610351562
37326,0,calendar_2014_test,19.93082046508789,19.0,0.968113899230957,0.0,2.6910035610198975,0.9308204650878906
37327,0,calendar_2014_test,18.683452606201172,16.0,0.9758333563804626,0.0,2.0395262241363525,2.683452606201172
37328,0,calendar_2014_test,15.466934204101562,11.0,0.9805445671081543,0.0,1.6419299840927124,4.4669342041015625
37329,0,calendar_2014_test,14.052878379821777,17.0,0.9708200097084045,0.0,2.462623119354248,2.9471216201782227
37330,0,calendar_2014_test,15.778604507446289,15.0,0.9807345271110535,0.0,1.62589430809021,0.7786045074462891
37331,0,calendar_2014_test,15.14776611328125,14.0,0.9747241139411926,0.0,2.1331427097320557,1.14776611328125
37332,0,calendar_2014_test,13.316081047058105,12.0,0.9745112657546997,0.0,2.151103973388672,1.3160810470581055
37333,0,calendar_2014_test,12.437844276428223,7.0,0.9835132360458374,0.0,1.3913869857788086,5.437844276428223
37334,0,calendar_2014_test,10.078718185424805,7.0,0.9815889000892639,0.0,1.5537925958633423,3.0787181854248047
37335,0,calendar_2014_test,10.36998462677002,15.0,0.9785211086273193,0.0,1.8126978874206543,4.6300153732299805
37336,0,calendar_2014_test,14.577881813049316,7.0,0.9763748645782471,0.0,1.9938246011734009,7.577881813049316
37337,0,calendar_2014_test,11.258638381958008,10.0,0.9768439531326294,0.0,1.9542410373687744,1.2586383819580078
37338,0,calendar_2014_test,11.022138595581055,8.0,0.9827840328216553,0.0,1.4529281854629517,3.0221385955810547
37339,0,calendar_2014_test,10.38213062286377,12.0,0.9811198711395264,0.0,1.5933750867843628,1.6178693771362305
37340,0,calendar_2014_test,11.855376243591309,11.0,0.9809600114822388,0.0,1.6068649291992188,0.8553762435913086
37341,0,calendar_2014_test,10.0408353805542,9.0,0.9837203025817871,0.0,1.373914361000061,1.0408353805541992
37342,0,calendar_2014_test,8.869269371032715,14.0,0.9830312132835388,0.0,1.4320685863494873,5.130730628967285
37343,0,calendar_2014_test,9.797801971435547,8.0,0.9824771881103516,0.0,1.4788274765014648,1.7978019714355469
37344,0,calendar_2014_test,8.485580444335938,12.0,0.9848021268844604,0.0,1.2826149463653564,3.5144195556640625
37345,0,calendar_2014_test,10.073833465576172,11.0,0.9770418405532837,0.0,1.9375373125076294,0.9261665344238281
37346,0,calendar_2014_test,10.969035148620605,12.0,0.9867804050445557,0.0,1.115656852722168,1.0309648513793945
37347,0,calendar_2014_test,11.667885780334473,15.0,0.9771213531494141,0.0,1.930829405784607,3.3321142196655273
37348,0,calendar_2014_test,13.163222312927246,12.0,0.979198694229126,0.0,1.7555137872695923,1.163222312927246
37349,0,calendar_2014_test,14.759049415588379,14.0,0.9791737198829651,0.0,1.7576195001602173,0.7590494155883789
37350,0,calendar_2014_test,14.617188453674316,20.0,0.9825817942619324,0.0,1.4699978828430176,5.382811546325684
37351,0,calendar_2014_test,26.813413619995117,32.0,0.9663018584251404,0.0,2.8439300060272217,5.186586380004883
37352,0,calendar_2014_test,38.6491584777832,33.0,0.9578225016593933,0.0,3.5595388412475586,5.649158477783203
37353,0,calendar_2014_test,42.767478942871094,46.0,0.9517311453819275,0.0,4.073618412017822,3.2325210571289062
37354,0,calendar_2014_test,51.98396682739258,53.0,0.9350085854530334,0.0,5.4849066734313965,1.0160331726074219
37355,0,calendar_2014_test,58.72651672363281,64.0,0.9448630213737488,0.0,4.653247833251953,5.2734832763671875
37356,0,calendar_2014_test,70.27040100097656,53.0,0.9151874780654907,0.0,7.157695293426514,17.270401000976562
37357,0,calendar_2014_test,54.36418151855469,72.0,0.9315504431724548,0.0,5.7767534255981445,17.635818481445312
37358,0,calendar_2014_test,76.8481674194336,85.0,0.9220245480537415,0.0,6.580685138702393,8.151832580566406
37359,0,calendar_2014_test,87.50558471679688,95.0,0.8859168887138367,0.0,9.62796688079834,7.494415283203125
37360,0,calendar_2014_test,93.43839263916016,98.0,0.8656388521194458,0.0,11.339320182800293,4.561607360839844
37361,0,calendar_2014_test,93.24063110351562,105.0,0.8852072954177856,0.0,9.687849998474121,11.759368896484375
37362,0,calendar_2014_test,111.98373413085938,117.0,0.8571166396141052,0.0,12.05854320526123,5.016265869140625
37363,0,calendar_2014_test,123.49323272705078,117.0,0.856600821018219,0.0,12.102075576782227,6.493232727050781
37364,0,calendar_2014_test,115.26969909667969,126.0,0.8676342964172363,0.0,11.17091178894043,10.730300903320312
37365,0,calendar_2014_test,120.41966247558594,145.0,0.8547399640083313,0.0,12.259119987487793,24.580337524414062
37366,0,calendar_2014_test,139.66845703125,136.0,0.803854763507843,0.0,16.553543090820312,3.66845703125
37367,0,calendar_2014_test,134.8900146484375,95.0,0.8554532527923584,0.0,12.198923110961914,39.8900146484375
37368,0,calendar_2014_test,80.72484588623047,80.0,0.903876543045044,0.0,8.112276077270508,0.7248458862304688
37369,0,calendar_2014_test,74.1025161743164,51.0,0.9103341102600098,0.0,7.567288875579834,23.102516174316406
37370,0,calendar_2014_test,51.82077407836914,67.0,0.9424501061439514,0.0,4.856882095336914,15.17922592163086
37371,0,calendar_2014_test,69.746826171875,71.0,0.9042634963989258,0.0,8.079618453979492,1.253173828125
37372,0,calendar_2014_test,75.28282928466797,63.0,0.9225000739097595,0.0,6.540554046630859,12.282829284667969
37373,0,calendar_2014_test,65.50247192382812,80.0,0.923933207988739,0.0,6.419606685638428,14.497528076171875
37374,0,calendar_2014_test,90.96784973144531,75.0,0.8825596570968628,0.0,9.911298751831055,15.967849731445312
37375,0,calendar_2014_test,82.94523620605469,87.0,0.9101234674453735,0.0,7.58506965637207,4.0547637939453125
37376,0,calendar_2014_test,103.4052734375,105.0,0.8559324145317078,0.0,12.158486366271973,1.5947265625
37377,0,calendar_2014_test,126.07782745361328,125.0,0.7998924851417542,0.0,16.887937545776367,1.0778274536132812
37378,0,calendar_2014_test,136.24766540527344,115.0,0.8424909710884094,0.0,13.292868614196777,21.247665405273438
37379,0,calendar_2014_test,122.02690124511719,123.0,0.8536196947097778,0.0,12.353668212890625,0.9730987548828125
37380,0,calendar_2014_test,137.2249298095703,142.0,0.8178833723068237,0.0,15.369606971740723,4.7750701904296875
37381,0,calendar_2014_test,155.628662109375,178.0,0.874052882194519,0.0,10.629220962524414,22.371337890625
37382,0,calendar_2014_test,188.08206176757812,163.0,0.7818197011947632,0.0,18.413179397583008,25.082061767578125
37383,0,calendar_2014_test,150.89743041992188,162.0,0.790619969367981,0.0,17.670486450195312,11.102569580078125
37384,0,calendar_2014_test,151.2843780517578,145.0,0.7545705437660217,0.0,20.712852478027344,6.2843780517578125
37385,0,calendar_2014_test,128.83233642578125,114.0,0.8416244983673096,0.0,13.365994453430176,14.83233642578125
37386,0,calendar_2014_test,98.48188781738281,84.0,0.8722046613693237,0.0,10.785198211669922,14.481887817382812
37387,0,calendar_2014_test,75.3534927368164,102.0,0.9316657185554504,0.0,5.767025947570801,26.646507263183594
37388,0,calendar_2014_test,99.26738739013672,82.0,0.8827216625213623,0.0,9.897626876831055,17.26738739013672
37389,0,calendar_2014_test,81.36769104003906,88.0,0.8921942710876465,0.0,9.098193168640137,6.6323089599609375
37390,0,calendar_2014_test,84.83806610107422,90.0,0.9184256196022034,0.0,6.884414196014404,5.161933898925781
37391,0,calendar_2014_test,89.09662628173828,88.0,0.9053623080253601,0.0,7.9868855476379395,1.0966262817382812
37392,0,calendar_2014_test,77.57748413085938,95.0,0.8994314670562744,0.0,8.487414360046387,17.422515869140625
37393,0,calendar_2014_test,83.38428497314453,81.0,0.8943145275115967,0.0,8.919251441955566,2.3842849731445312
37394,0,calendar_2014_test,67.97038269042969,89.0,0.9323822855949402,0.0,5.706549644470215,21.029617309570312
37395,0,calendar_2014_test,71.16708374023438,95.0,0.9132447242736816,0.0,7.321654796600342,23.832916259765625
37396,0,calendar_2014_test,89.93953704833984,57.0,0.8761178851127625,0.0,10.454946517944336,32.939537048339844
37397,0,calendar_2014_test,62.09224319458008,62.0,0.9172133207321167,0.0,6.986725807189941,0.09224319458007812
37398,0,calendar_2014_test,72.69166564941406,234.0,0.931053876876831,0.0,5.818661212921143,161.30833435058594
37399,0,calendar_2014_test,219.98440551757812,118.0,0.6835396885871887,0.0,26.70745086669922,101.98440551757812
37400,0,calendar_2014_test,65.85599517822266,108.0,0.8741794228553772,0.0,10.61854362487793,42.144004821777344
37401,0,calendar_2014_test,112.95236206054688,33.0,0.8867471218109131,0.0,9.557901382446289,79.95236206054688
37402,0,calendar_2014_test,26.80670738220215,21.0,0.9652954936027527,0.0,2.9288651943206787,5.806707382202148
37403,0,calendar_2014_test,22.012279510498047,14.0,0.9566951990127563,0.0,3.6546802520751953,8.012279510498047
37404,0,calendar_2014_test,14.359786033630371,13.0,0.9594656229019165,0.0,3.420872449874878,1.359786033630371
37405,0,calendar_2014_test,13.154864311218262,9.0,0.9713560938835144,0.0,2.4173808097839355,4.154864311218262
37406,0,calendar_2014_test,8.431532859802246,10.0,0.97879958152771,0.0,1.7891926765441895,1.568467140197754
37407,0,calendar_2014_test,11.258663177490234,11.0,0.9785208702087402,0.0,1.812717080116272,0.2586631774902344
37408,0,calendar_2014_test,11.640911102294922,9.0,0.9806249141693115,0.0,1.6351487636566162,2.640911102294922
37409,0,calendar_2014_test,10.073962211608887,15.0,0.9736920595169067,0.0,2.2202415466308594,4.926037788391113
37410,0,calendar_2014_test,12.89425277709961,13.0,0.9714449644088745,0.0,2.4098803997039795,0.10574722290039062
37411,0,calendar_2014_test,16.34031867980957,12.0,0.9696753025054932,0.0,2.559232234954834,4.34031867980957
37412,0,calendar_2014_test,14.044940948486328,11.0,0.9733368754386902,0.0,2.250216484069824,3.044940948486328
37413,0,calendar_2014_test,15.441405296325684,18.0,0.9791121482849121,0.0,1.7628142833709717,2.5585947036743164
37414,0,calendar_2014_test,19.265356063842773,17.0,0.9718025922775269,0.0,2.379702568054199,2.2653560638427734
37415,0,calendar_2014_test,17.321313858032227,11.0,0.9699215888977051,0.0,2.5384490489959717,6.321313858032227
37416,0,calendar_2014_test,14.973607063293457,12.0,0.9753239750862122,0.0,2.082515239715576,2.973607063293457
37417,0,calendar_2014_test,12.562820434570312,14.0,0.9790332317352295,0.0,1.769473671913147,1.4371795654296875
37418,0,calendar_2014_test,13.674421310424805,14.0,0.9778099656105042,0.0,1.8727129697799683,0.3255786895751953
37419,0,calendar_2014_test,13.850728988647461,12.0,0.9775817394256592,0.0,1.891972541809082,1.850728988647461
37420,0,calendar_2014_test,13.0433349609375,16.0,0.9802344441413879,0.0,1.6680999994277954,2.9566650390625
37421,0,calendar_2014_test,17.98832130432129,16.0,0.9750658273696899,0.0,2.104304552078247,1.988321304321289
37422,0,calendar_2014_test,16.3022518157959,12.0,0.9688759446144104,0.0,2.626694440841675,4.302251815795898
37423,0,calendar_2014_test,14.007904052734375,20.0,0.9756129384040833,0.0,2.0581271648406982,5.992095947265625
37424,0,calendar_2014_test,18.921363830566406,23.0,0.9734089374542236,0.0,2.244133710861206,4.078636169433594
37425,0,calendar_2014_test,21.20111656188965,16.0,0.9714384078979492,0.0,2.4104385375976562,5.201116561889648
37426,0,calendar_2014_test,15.492368698120117,17.0,0.9809203743934631,0.0,1.6102139949798584,1.5076313018798828
37427,0,calendar_2014_test,15.710314750671387,18.0,0.9738707542419434,0.0,2.2051610946655273,2.2896852493286133
37428,0,calendar_2014_test,15.642189979553223,20.0,0.9793023467063904,0.0,1.7467620372772217,4.357810020446777
37429,0,calendar_2014_test,16.492809295654297,22.0,0.9751661419868469,0.0,2.0958352088928223,5.507190704345703
37430,0,calendar_2014_test,16.78474235534668,22.0,0.9780317544937134,0.0,1.853995442390442,5.21525764465332
37431,0,calendar_2014_test,18.286102294921875,10.0,0.9792768359184265,0.0,1.748916506767273,8.286102294921875
37432,0,calendar_2014_test,11.39617919921875,14.0,0.9752854704856873,0.0,2.085766077041626,2.60382080078125
37433,0,calendar_2014_test,14.029916763305664,14.0,0.9755716919898987,0.0,2.061608076095581,0.029916763305664062
37434,0,calendar_2014_test,16.9574031829834,18.0,0.9722715020179749,0.0,2.3401293754577637,1.0425968170166016
37435,0,calendar_2014_test,19.612346649169922,13.0,0.97334223985672,0.0,2.249764919281006,6.612346649169922
37436,0,calendar_2014_test,16.64119529724121,18.0,0.9716845750808716,0.0,2.389662504196167,1.358804702758789
37437,0,calendar_2014_test,20.04563331604004,27.0,0.9616792798042297,0.0,3.2340497970581055,6.954366683959961
37438,0,calendar_2014_test,25.796409606933594,38.0,0.9670374393463135,0.0,2.781853199005127,12.203590393066406
37439,0,calendar_2014_test,34.35610580444336,25.0,0.9718196392059326,0.0,2.3782622814178467,9.35610580444336
37440,0,calendar_2014_test,24.061437606811523,16.0,0.977368175983429,0.0,1.9099963903427124,8.061437606811523
37441,0,calendar_2014_test,16.708303451538086,16.0,0.975702702999115,0.0,2.050555467605591,0.7083034515380859
37442,0,calendar_2014_test,17.692686080932617,9.0,0.966482937335968,0.0,2.8286516666412354,8.692686080932617
37443,0,calendar_2014_test,12.089091300964355,8.0,0.9840604662895203,0.0,1.3452049493789673,4.0890913009643555
37444,0,calendar_2014_test,15.468764305114746,18.0,0.9777777791023254,0.0,1.875428318977356,2.531235694885254
37445,0,calendar_2014_test,22.48455047607422,31.0,0.9661486148834229,0.0,2.8568637371063232,8.515449523925781
37446,0,calendar_2014_test,37.49245071411133,38.0,0.9496983289718628,0.0,4.245174407958984,0.5075492858886719
37447,0,calendar_2014_test,44.91683578491211,49.0,0.9578745365142822,0.0,3.555147409439087,4.083164215087891
37448,0,calendar_2014_test,59.09613800048828,52.0,0.9462008476257324,0.0,4.540345191955566,7.096138000488281
37449,0,calendar_2014_test,57.768287658691406,50.0,0.9416318535804749,0.0,4.92594051361084,7.768287658691406
37450,0,calendar_2014_test,57.673789978027344,51.0,0.9251036643981934,0.0,6.320822715759277,6.673789978027344
37451,0,calendar_2014_test,59.517276763916016,69.0,0.9311199188232422,0.0,5.813088893890381,9.482723236083984
37452,0,calendar_2014_test,76.0382308959961,93.0,0.8996108770370483,0.0,8.472273826599121,16.961769104003906
37453,0,calendar_2014_test,99.89618682861328,94.0,0.8982346653938293,0.0,8.588414192199707,5.896186828613281
37454,0,calendar_2014_test,89.26720428466797,147.0,0.9086685180664062,0.0,7.707857131958008,57.73279571533203
37455,0,calendar_2014_test,148.74008178710938,226.0,0.8000778555870056,0.0,16.872291564941406,77.25991821289062
37456,0,calendar_2014_test,217.0385284423828,179.0,0.744316041469574,0.0,21.57827377319336,38.03852844238281
37457,0,calendar_2014_test,148.95046997070312,153.0,0.7718880772590637,0.0,19.2513484954834,4.049530029296875
37458,0,calendar_2014_test,135.79476928710938,133.0,0.826784610748291,0.0,14.618395805358887,2.794769287109375
37459,0,calendar_2014_test,118.23777770996094,127.0,0.8227009177207947,0.0,14.963033676147461,8.762222290039062
37460,0,calendar_2014_test,130.00392150878906,119.0,0.8544546961784363,0.0,12.283196449279785,11.003921508789062
37461,0,calendar_2014_test,115.85175323486328,111.0,0.8471331000328064,0.0,12.90109920501709,4.851753234863281
37462,0,calendar_2014_test,111.63994598388672,118.0,0.8591839671134949,0.0,11.884073257446289,6.360054016113281
37463,0,calendar_2014_test,127.3724136352539,116.0,0.8511921167373657,0.0,12.558542251586914,11.372413635253906
37464,0,calendar_2014_test,120.25420379638672,131.0,0.8550788164138794,0.0,12.230524063110352,10.745796203613281
37465,0,calendar_2014_test,138.02301025390625,152.0,0.7731879949569702,0.0,19.14164161682129,13.97698974609375
37466,0,calendar_2014_test,161.12098693847656,163.0,0.7913061380386353,0.0,17.61257553100586,1.8790130615234375
37467,0,calendar_2014_test,168.4416046142578,171.0,0.7633116245269775,0.0,19.97515106201172,2.5583953857421875
37468,0,calendar_2014_test,173.57913208007812,198.0,0.7749471664428711,0.0,18.99317741394043,24.420867919921875
37469,0,calendar_2014_test,201.1573028564453,234.0,0.7380596399307251,0.0,22.106281280517578,32.84269714355469
37470,0,calendar_2014_test,253.9995880126953,260.0,0.7549084424972534,0.0,20.68433380126953,6.0004119873046875
37471,0,calendar_2014_test,275.87628173828125,271.0,0.6827452182769775,0.0,26.774503707885742,4.87628173828125
37472,0,calendar_2014_test,277.85272216796875,244.0,0.5681067705154419,0.0,36.44933319091797,33.85272216796875
37473,0,calendar_2014_test,246.9803924560547,242.0,0.77820885181427,0.0,18.717914581298828,4.9803924560546875
37474,0,calendar_2014_test,254.29177856445312,210.0,0.6978282928466797,0.0,25.501577377319336,44.291778564453125
37475,0,calendar_2014_test,205.859619140625,194.0,0.7399911284446716,0.0,21.94327163696289,11.859619140625
37476,0,calendar_2014_test,189.4649200439453,163.0,0.7940517067909241,0.0,17.38086700439453,26.464920043945312
37477,0,calendar_2014_test,152.937744140625,194.0,0.7894760370254517,0.0,17.767026901245117,41.062255859375
37478,0,calendar_2014_test,191.75205993652344,187.0,0.7879567742347717,0.0,17.895244598388672,4.7520599365234375
37479,0,calendar_2014_test,183.13023376464844,216.0,0.8192179203033447,0.0,15.256978988647461,32.86976623535156
37480,0,calendar_2014_test,212.88902282714844,225.0,0.7204080820083618,0.0,23.595972061157227,12.110977172851562
37481,0,calendar_2014_test,213.5062713623047,199.0,0.7060080766677856,0.0,24.811250686645508,14.506271362304688
37482,0,calendar_2014_test,191.23570251464844,207.0,0.7544453144073486,0.0,20.72342300415039,15.764297485351562
37483,0,calendar_2014_test,203.2286834716797,227.0,0.7381740808486938,0.0,22.096622467041016,23.771316528320312
37484,0,calendar_2014_test,219.0378875732422,259.0,0.744217038154602,0.0,21.586627960205078,39.96211242675781
37485,0,calendar_2014_test,248.38662719726562,182.0,0.7338542342185974,0.0,22.46118927001953,66.38662719726562
37486,0,calendar_2014_test,141.47718811035156,185.0,0.7647835612297058,0.0,19.850929260253906,43.52281188964844
37487,0,calendar_2014_test,163.77392578125,191.0,0.7985250353813171,0.0,17.00334358215332,27.22607421875
37488,0,calendar_2014_test,171.75389099121094,194.0,0.7723671793937683,0.0,19.210918426513672,22.246109008789062
37489,0,calendar_2014_test,191.5911407470703,194.0,0.7524088621139526,0.0,20.895286560058594,2.4088592529296875
37490,0,calendar_2014_test,195.66952514648438,192.0,0.8142045736312866,0.0,15.680076599121094,3.669525146484375
37491,0,calendar_2014_test,188.73329162597656,208.0,0.7731130123138428,0.0,19.147974014282227,19.266708374023438
37492,0,calendar_2014_test,215.03123474121094,224.0,0.750045657157898,0.0,21.094728469848633,8.968765258789062
37493,0,calendar_2014_test,224.9520721435547,249.0,0.764337420463562,0.0,19.888580322265625,24.047927856445312
37494,0,calendar_2014_test,257.24932861328125,317.0,0.6829907894134521,0.0,26.753774642944336,59.75067138671875
37495,0,calendar_2014_test,335.4530029296875,328.0,0.6317059993743896,0.0,31.08192253112793,7.4530029296875
37496,0,calendar_2014_test,327.43890380859375,349.0,0.5155539512634277,0.0,40.884490966796875,21.56109619140625
37497,0,calendar_2014_test,354.69927978515625,327.0,0.6756948232650757,0.0,27.369516372680664,27.69927978515625
37498,0,calendar_2014_test,307.33599853515625,348.0,0.5834598541259766,0.0,35.15361785888672,40.66400146484375
37499,0,calendar_2014_test,351.8875732421875,363.0,0.479667067527771,0.0,43.913143157958984,11.1124267578125
37500,0,calendar_2014_test,350.87799072265625,385.0,0.47596579790115356,0.0,44.22550964355469,34.12200927734375
37501,0,calendar_2014_test,380.5718078613281,393.0,0.5150476694107056,0.0,40.927223205566406,12.428192138671875
37502,0,calendar_2014_test,382.8888854980469,388.0,0.5343600511550903,0.0,39.29736328125,5.111114501953125
37503,0,calendar_2014_test,364.8749084472656,444.0,0.576076865196228,0.0,35.77670669555664,79.12509155273438
37504,0,calendar_2014_test,414.10394287109375,334.0,0.3510741591453552,0.0,54.76565170288086,80.10394287109375
37505,0,calendar_2014_test,268.5503845214844,284.0,0.6226213574409485,0.0,31.848613739013672,15.449615478515625
37506,0,calendar_2014_test,241.53024291992188,264.0,0.7209906578063965,0.0,23.546802520751953,22.469757080078125
37507,0,calendar_2014_test,242.3953094482422,221.0,0.7248542904853821,0.0,23.220733642578125,21.395309448242188
37508,0,calendar_2014_test,199.56100463867188,160.0,0.7032293081283569,0.0,25.04576301574707,39.561004638671875
37509,0,calendar_2014_test,132.3192901611328,160.0,0.8454365134239197,0.0,13.044280052185059,27.680709838867188
37510,0,calendar_2014_test,144.3910369873047,92.0,0.8245683312416077,0.0,14.805434226989746,52.39103698730469
37511,0,calendar_2014_test,61.04124450683594,59.0,0.9198896288871765,0.0,6.76085901260376,2.0412445068359375
37512,0,calendar_2014_test,44.830345153808594,69.0,0.9451515674591064,0.0,4.6288981437683105,24.169654846191406
37513,0,calendar_2014_test,63.53614807128906,48.0,0.9222770929336548,0.0,6.55937385559082,15.536148071289062
37514,0,calendar_2014_test,40.89189529418945,32.0,0.9526346921920776,0.0,3.9973649978637695,8.891895294189453
37515,0,calendar_2014_test,24.388574600219727,33.0,0.9682177305221558,0.0,2.6822454929351807,8.611425399780273
37516,0,calendar_2014_test,27.716726303100586,45.0,0.9558795094490051,0.0,3.723520517349243,17.283273696899414
37517,0,calendar_2014_test,38.89103698730469,42.0,0.9386833906173706,0.0,5.174774646759033,3.1089630126953125
37518,0,calendar_2014_test,34.877403259277344,41.0,0.9529232382774353,0.0,3.9730100631713867,6.122596740722656
37519,0,calendar_2014_test,36.59019470214844,110.0,0.9598745107650757,0.0,3.3863606452941895,73.40980529785156
37520,0,calendar_2014_test,126.97942352294922,175.0,0.8202606439590454,0.0,15.168977737426758,48.02057647705078
37521,0,calendar_2014_test,197.7753143310547,293.0,0.7590238451957703,0.0,20.337018966674805,95.22468566894531
37522,0,calendar_2014_test,298.97357177734375,324.0,0.7188115119934082,0.0,23.730712890625,25.02642822265625
37523,0,calendar_2014_test,334.2442321777344,341.0,0.48391371965408325,0.0,43.55474853515625,6.755767822265625
37524,0,calendar_2014_test,344.4974365234375,362.0,0.4995347261428833,0.0,42.236427307128906,17.5025634765625
37525,0,calendar_2014_test,363.2450866699219,372.0,0.46968507766723633,0.0,44.75556564331055,8.754913330078125
37526,0,calendar_2014_test,350.6069030761719,373.0,0.5274604558944702,0.0,39.8796501159668,22.393096923828125
37527,0,calendar_2014_test,349.20294189453125,372.0,0.5141404867172241,0.0,41.003780364990234,22.79705810546875
37528,0,calendar_2014_test,348.0592956542969,318.0,0.6046672463417053,0.0,33.36383819580078,30.059295654296875
37529,0,calendar_2014_test,279.4682922363281,188.0,0.5945743322372437,0.0,34.21562194824219,91.46829223632812
37530,0,calendar_2014_test,122.75151824951172,171.0,0.801135778427124,0.0,16.783010482788086,48.24848175048828
37531,0,calendar_2014_test,162.77474975585938,136.0,0.8164202570915222,0.0,15.493087768554688,26.774749755859375
37532,0,calendar_2014_test,135.09225463867188,124.0,0.8111168742179871,0.0,15.940661430358887,11.092254638671875
37533,0,calendar_2014_test,124.45401000976562,141.0,0.848718523979187,0.0,12.767293930053711,16.545989990234375
37534,0,calendar_2014_test,143.50247192382812,132.0,0.8272349834442139,0.0,14.580384254455566,11.502471923828125
37535,0,calendar_2014_test,133.89512634277344,134.0,0.8169944286346436,0.0,15.444632530212402,0.1048736572265625
37536,0,calendar_2014_test,132.89215087890625,56.0,0.8443273305892944,0.0,13.13789176940918,76.89215087890625
37537,0,calendar_2014_test,41.07887649536133,48.0,0.9386703968048096,0.0,5.175872325897217,6.921123504638672
37538,0,calendar_2014_test,43.678199768066406,27.0,0.9521095752716064,0.0,4.0416789054870605,16.678199768066406
37539,0,calendar_2014_test,27.070453643798828,28.0,0.9625298380851746,0.0,3.1622679233551025,0.9295463562011719
37540,0,calendar_2014_test,24.189836502075195,20.0,0.9643248915672302,0.0,3.0107762813568115,4.189836502075195
37541,0,calendar_2014_test,22.72953224182129,22.0,0.9638469219207764,0.0,3.051112174987793,0.7295322418212891
37542,0,calendar_2014_test,29.347431182861328,120.0,0.9429794549942017,0.0,4.812211990356445,90.65256881713867
37543,0,calendar_2014_test,132.2462158203125,109.0,0.8396808505058289,0.0,13.53002643585205,23.2462158203125
37544,0,calendar_2014_test,117.66848754882812,112.0,0.854113757610321,0.0,12.311969757080078,5.668487548828125
37545,0,calendar_2014_test,127.99327087402344,128.0,0.8965204358100891,0.0,8.733086585998535,0.0067291259765625
37546,0,calendar_2014_test,143.32875061035156,164.0,0.8229773640632629,0.0,14.939703941345215,20.671249389648438
37547,0,calendar_2014_test,173.1363983154297,159.0,0.7782789468765259,0.0,18.711997985839844,14.136398315429688
37548,0,calendar_2014_test,162.79286193847656,189.0,0.804558515548706,0.0,16.494152069091797,26.207138061523438
37549,0,calendar_2014_test,186.9660186767578,97.0,0.7950347661972046,0.0,17.29789924621582,89.96601867675781
37550,0,calendar_2014_test,57.67715835571289,81.0,0.9226604700088501,0.0,6.527017116546631,23.32284164428711
37551,0,calendar_2014_test,69.82136535644531,28.0,0.9165900349617004,0.0,7.0393290519714355,41.82136535644531
37552,0,calendar_2014_test,22.621198654174805,25.0,0.9698161482810974,0.0,2.5473451614379883,2.3788013458251953
37553,0,calendar_2014_test,19.07438850402832,9.0,0.976061999797821,0.0,2.0202322006225586,10.07438850402832
37554,0,calendar_2014_test,9.70571517944336,9.0,0.9771971702575684,0.0,1.9244266748428345,0.7057151794433594
37555,0,calendar_2014_test,11.866610527038574,13.0,0.9716012477874756,0.0,2.396695613861084,1.1333894729614258
37556,0,calendar_2014_test,15.958520889282227,17.0,0.973390519618988,0.0,2.245687484741211,1.0414791107177734
37557,0,calendar_2014_test,21.79320526123047,16.0,0.9693403244018555,0.0,2.58750057220459,5.793205261230469
37558,0,calendar_2014_test,19.03839874267578,25.0,0.9739983677864075,0.0,2.1943886280059814,5.961601257324219
37559,0,calendar_2014_test,30.068126678466797,48.0,0.9591972827911377,0.0,3.4435153007507324,17.931873321533203
37560,0,calendar_2014_test,54.41428756713867,49.0,0.9323999285697937,0.0,5.705060005187988,5.414287567138672
37561,0,calendar_2014_test,54.815486907958984,73.0,0.9425277709960938,0.0,4.8503289222717285,18.184513092041016
37562,0,calendar_2014_test,79.46296691894531,65.0,0.899585485458374,0.0,8.47441577911377,14.462966918945312
37563,0,calendar_2014_test,70.55937194824219,55.0,0.9354201555252075,0.0,5.450170040130615,15.559371948242188
37564,0,calendar_2014_test,60.18145751953125,60.0,0.9062002301216125,0.0,7.916168212890625,0.18145751953125
37565,0,calendar_2014_test,63.49425506591797,63.0,0.9311618208885193,0.0,5.809553146362305,0.49425506591796875
37566,0,calendar_2014_test,68.25141906738281,79.0,0.9265428781509399,0.0,6.199364185333252,10.748580932617188
37567,0,calendar_2014_test,84.1180191040039,35.0,0.8929067850112915,0.0,9.038057327270508,49.118019104003906
37568,0,calendar_2014_test,27.58782958984375,26.0,0.9733825922012329,0.0,2.2463572025299072,1.58782958984375
37569,0,calendar_2014_test,24.189697265625,20.0,0.9679426550865173,0.0,2.705457925796509,4.189697265625
37570,0,calendar_2014_test,18.687841415405273,8.0,0.9692463874816895,0.0,2.595427989959717,10.687841415405273
37571,0,calendar_2014_test,11.203509330749512,16.0,0.9789380431175232,0.0,1.777511477470398,4.796490669250488
37572,0,calendar_2014_test,13.969388961791992,10.0,0.9638926386833191,0.0,3.0472559928894043,3.969388961791992
37573,0,calendar_2014_test,10.984235763549805,11.0,0.9827024936676025,0.0,1.4598137140274048,0.015764236450195312
37574,0,calendar_2014_test,10.154912948608398,20.0,0.9810382127761841,0.0,1.6002689599990845,9.845087051391602
37575,0,calendar_2014_test,15.684988021850586,9.0,0.9844497442245483,0.0,1.312353253364563,6.684988021850586
37576,0,calendar_2014_test,9.950469970703125,8.0,0.9850550293922424,0.0,1.26127290725708,1.950469970703125
37577,0,calendar_2014_test,9.546530723571777,9.0,0.9831898212432861,0.0,1.4186813831329346,0.5465307235717773
37578,0,calendar_2014_test,9.988977432250977,8.0,0.9852050542831421,0.0,1.248609185218811,1.9889774322509766
37579,0,calendar_2014_test,10.535356521606445,8.0,0.9801943898200989,0.0,1.6714816093444824,2.5353565216064453
37580,0,calendar_2014_test,11.048336029052734,8.0,0.9793128967285156,0.0,1.745874047279358,3.0483360290527344
37581,0,calendar_2014_test,11.017212867736816,8.0,0.9805542826652527,0.0,1.641109585762024,3.0172128677368164
37582,0,calendar_2014_test,11.460368156433105,7.0,0.9773533940315247,0.0,1.9112470149993896,4.4603681564331055
37583,0,calendar_2014_test,10.803752899169922,12.0,0.9819726347923279,0.0,1.5214048624038696,1.1962471008300781
37584,0,calendar_2014_test,12.029657363891602,17.0,0.9784553050994873,0.0,1.818250298500061,4.970342636108398
37585,0,calendar_2014_test,15.650053977966309,11.0,0.9755550026893616,0.0,2.063020706176758,4.650053977966309
37586,0,calendar_2014_test,11.835952758789062,9.0,0.9806665182113647,0.0,1.631636142730713,2.8359527587890625
37587,0,calendar_2014_test,10.95350456237793,11.0,0.9807587265968323,0.0,1.6238552331924438,0.04649543762207031
37588,0,calendar_2014_test,12.049534797668457,8.0,0.9762657284736633,0.0,2.003035306930542,4.049534797668457
37589,0,calendar_2014_test,11.235932350158691,9.0,0.985390305519104,0.0,1.2329775094985962,2.2359323501586914
37590,0,calendar_2014_test,11.02292251586914,10.0,0.9797655940055847,0.0,1.7076672315597534,1.0229225158691406
37591,0,calendar_2014_test,10.992599487304688,8.0,0.9787731170654297,0.0,1.7914305925369263,2.9925994873046875
37592,0,calendar_2014_test,10.932024955749512,10.0,0.9811281561851501,0.0,1.592677354812622,0.9320249557495117
37593,0,calendar_2014_test,10.44353199005127,10.0,0.9826721549034119,0.0,1.4623738527297974,0.44353199005126953
37594,0,calendar_2014_test,10.697800636291504,8.0,0.9831545948982239,0.0,1.4216556549072266,2.697800636291504
37595,0,calendar_2014_test,10.046597480773926,12.0,0.9819647669792175,0.0,1.522070050239563,1.9534025192260742
