index,fold,regime,prediction,actual,confidence,aleatoric,epistemic,abs_error
29646,0,calendar_2014_test,20.568884419299078,24.0,0.5,0.0,0.0,3.431115580700922
29647,0,calendar_2014_test,21.27662389736353,53.0,0.5,0.0,0.0,31.72337610263647
29648,0,calendar_2014_test,43.674813533506764,65.0,0.5,0.0,0.0,21.325186466493236
29649,0,calendar_2014_test,59.0072067021232,70.0,0.5,0.0,0.0,10.992793297876801
29650,0,calendar_2014_test,64.8057913823019,79.0,0.5,0.0,0.0,14.194208617698095
29651,0,calendar_2014_test,68.88980897185782,92.0,0.5,0.0,0.0,23.110191028142182
29652,0,calendar_2014_test,76.64884051047044,106.0,0.5,0.0,0.0,29.351159489529564
29653,0,calendar_2014_test,85.53875258620701,75.0,0.5,0.0,0.0,10.53875258620701
29654,0,calendar_2014_test,62.173087232563,58.0,0.5,0.0,0.0,4.173087232562999
29655,0,calendar_2014_test,45.59561360198178,33.0,0.5,0.0,0.0,12.595613601981782
29656,0,calendar_2014_test,29.525369135128344,51.0,0.5,0.0,0.0,21.474630864871656
29657,0,calendar_2014_test,43.206987757497096,32.0,0.5,0.0,0.0,11.206987757497096
29658,0,calendar_2014_test,27.430314378811484,23.0,0.5,0.0,0.0,4.4303143788114845
29659,0,calendar_2014_test,21.767098835663067,28.0,0.5,0.0,0.0,6.232901164336933
29660,0,calendar_2014_test,24.557082488079125,23.0,0.5,0.0,0.0,1.557082488079125
29661,0,calendar_2014_test,20.977615331296757,24.0,0.5,0.0,0.0,3.0223846687032427
29662,0,calendar_2014_test,22.435059056674408,26.0,0.5,0.0,0.0,3.564940943325592
29663,0,calendar_2014_test,23.20852770576375,26.0,0.5,0.0,0.0,2.79147229423625
29664,0,calendar_2014_test,23.214528361864033,27.0,0.5,0.0,0.0,3.7854716381359665
29665,0,calendar_2014_test,31.213339257947748,43.0,0.5,0.0,0.0,11.786660742052252
29666,0,calendar_2014_test,45.455064611291874,62.0,0.5,0.0,0.0,16.544935388708126
29667,0,calendar_2014_test,63.02957294292308,70.0,0.5,0.0,0.0,6.970427057076918
29668,0,calendar_2014_test,68.59386171079626,81.0,0.5,0.0,0.0,12.406138289203739
29669,0,calendar_2014_test,77.27690686672832,111.0,0.5,0.0,0.0,33.723093133271675
29670,0,calendar_2014_test,115.88079907848191,144.0,0.5,0.0,0.0,28.119200921518086
29671,0,calendar_2014_test,142.67871440979638,170.0,0.5,0.0,0.0,27.321285590203615
29672,0,calendar_2014_test,160.9356896710108,174.0,0.5,0.0,0.0,13.064310328989194
29673,0,calendar_2014_test,161.2680524789843,174.0,0.5,0.0,0.0,12.731947521015712
29674,0,calendar_2014_test,158.627286120609,172.0,0.5,0.0,0.0,13.372713879391
29675,0,calendar_2014_test,161.3981816613087,149.0,0.5,0.0,0.0,12.398181661308712
29676,0,calendar_2014_test,132.88977037556666,166.0,0.5,0.0,0.0,33.110229624433344
29677,0,calendar_2014_test,159.06730468453912,187.0,0.5,0.0,0.0,27.932695315460876
29678,0,calendar_2014_test,161.45123280741342,107.0,0.5,0.0,0.0,54.45123280741342
29679,0,calendar_2014_test,77.84770927019441,114.0,0.5,0.0,0.0,36.152290729805586
29680,0,calendar_2014_test,101.79721118720103,108.0,0.5,0.0,0.0,6.202788812798971
29681,0,calendar_2014_test,98.60565176953995,102.0,0.5,0.0,0.0,3.3943482304600536
29682,0,calendar_2014_test,94.34388566409243,95.0,0.5,0.0,0.0,0.6561143359075743
29683,0,calendar_2014_test,87.60751543385359,127.0,0.5,0.0,0.0,39.39248456614641
29684,0,calendar_2014_test,121.97767473291793,125.0,0.5,0.0,0.0,3.022325267082067
29685,0,calendar_2014_test,114.54931562784635,128.0,0.5,0.0,0.0,13.450684372153646
29686,0,calendar_2014_test,121.44037395388101,146.0,0.5,0.0,0.0,24.559626046118993
29687,0,calendar_2014_test,135.30919396280217,165.0,0.5,0.0,0.0,29.69080603719783
29688,0,calendar_2014_test,159.08317069516357,173.0,0.5,0.0,0.0,13.916829304836426
29689,0,calendar_2014_test,155.0274076094093,195.0,0.5,0.0,0.0,39.972592390590705
29690,0,calendar_2014_test,185.41988913146074,239.0,0.5,0.0,0.0,53.580110868539265
29691,0,calendar_2014_test,224.51691192520798,232.0,0.5,0.0,0.0,7.483088074792022
29692,0,calendar_2014_test,210.2230916112286,242.0,0.5,0.0,0.0,31.776908388771403
29693,0,calendar_2014_test,227.7438724996719,269.0,0.5,0.0,0.0,41.25612750032809
29694,0,calendar_2014_test,231.29072634713188,264.0,0.5,0.0,0.0,32.70927365286812
29695,0,calendar_2014_test,234.9531104276375,220.0,0.5,0.0,0.0,14.953110427637512
29696,0,calendar_2014_test,179.5873809748082,146.0,0.5,0.0,0.0,33.58738097480821
29697,0,calendar_2014_test,100.38340271165704,34.0,0.5,0.0,0.0,66.38340271165704
29698,0,calendar_2014_test,33.153479425047884,34.0,0.5,0.0,0.0,0.8465205749521161
29699,0,calendar_2014_test,33.77858613991355,35.0,0.5,0.0,0.0,1.2214138600864501
29700,0,calendar_2014_test,34.86992857629157,45.0,0.5,0.0,0.0,10.13007142370843
29701,0,calendar_2014_test,43.402231490901976,43.0,0.5,0.0,0.0,0.4022314909019755
29702,0,calendar_2014_test,38.69878660033842,43.0,0.5,0.0,0.0,4.301213399661577
29703,0,calendar_2014_test,37.32972285584101,36.0,0.5,0.0,0.0,1.3297228558410126
29704,0,calendar_2014_test,31.5202077486762,36.0,0.5,0.0,0.0,4.479792251323801
29705,0,calendar_2014_test,31.04791851292327,23.0,0.5,0.0,0.0,8.047918512923271
29706,0,calendar_2014_test,22.150336082963662,25.0,0.5,0.0,0.0,2.849663917036338
29707,0,calendar_2014_test,21.966585929506287,29.0,0.5,0.0,0.0,7.033414070493713
29708,0,calendar_2014_test,27.21971599642376,26.0,0.5,0.0,0.0,1.2197159964237585
29709,0,calendar_2014_test,23.269454009618325,21.0,0.5,0.0,0.0,2.2694540096183253
29710,0,calendar_2014_test,24.60221494105806,25.0,0.5,0.0,0.0,0.3977850589419383
29711,0,calendar_2014_test,26.62989192155557,31.0,0.5,0.0,0.0,4.3701080784444315
29712,0,calendar_2014_test,34.68890395871324,43.0,0.5,0.0,0.0,8.31109604128676
29713,0,calendar_2014_test,47.50858927985708,46.0,0.5,0.0,0.0,1.5085892798570768
29714,0,calendar_2014_test,48.01796458183453,50.0,0.5,0.0,0.0,1.9820354181654665
29715,0,calendar_2014_test,51.20616492769466,68.0,0.5,0.0,0.0,16.793835072305342
29716,0,calendar_2014_test,69.60046495900652,60.0,0.5,0.0,0.0,9.600464959006516
29717,0,calendar_2014_test,60.41356927522827,103.0,0.5,0.0,0.0,42.58643072477173
29718,0,calendar_2014_test,99.80567157695911,85.0,0.5,0.0,0.0,14.805671576959114
29719,0,calendar_2014_test,74.13709927661645,86.0,0.5,0.0,0.0,11.862900723383547
29720,0,calendar_2014_test,84.15188971461572,89.0,0.5,0.0,0.0,4.84811028538428
29721,0,calendar_2014_test,85.17688792438119,77.0,0.5,0.0,0.0,8.176887924381191
29722,0,calendar_2014_test,68.73402779031976,77.0,0.5,0.0,0.0,8.265972209680243
29723,0,calendar_2014_test,74.78653118357104,75.0,0.5,0.0,0.0,0.2134688164289571
29724,0,calendar_2014_test,73.90380850416433,80.0,0.5,0.0,0.0,6.096191495835669
29725,0,calendar_2014_test,76.46916315869656,86.0,0.5,0.0,0.0,9.53083684130344
29726,0,calendar_2014_test,83.75361999677052,95.0,0.5,0.0,0.0,11.246380003229476
29727,0,calendar_2014_test,89.83110127112415,101.0,0.5,0.0,0.0,11.168898728875845
29728,0,calendar_2014_test,94.08581365618662,132.0,0.5,0.0,0.0,37.914186343813384
29729,0,calendar_2014_test,121.73846919665928,153.0,0.5,0.0,0.0,31.26153080334072
29730,0,calendar_2014_test,142.10289927506574,173.0,0.5,0.0,0.0,30.897100724934262
29731,0,calendar_2014_test,162.89264168311115,178.0,0.5,0.0,0.0,15.107358316888849
29732,0,calendar_2014_test,163.42117691869618,176.0,0.5,0.0,0.0,12.578823081303824
29733,0,calendar_2014_test,159.00262880111066,209.0,0.5,0.0,0.0,49.99737119888934
29734,0,calendar_2014_test,195.88393430245327,219.0,0.5,0.0,0.0,23.11606569754673
29735,0,calendar_2014_test,205.64301138749389,224.0,0.5,0.0,0.0,18.356988612506115
29736,0,calendar_2014_test,203.69699747494127,212.0,0.5,0.0,0.0,8.30300252505873
29737,0,calendar_2014_test,180.49026200532504,221.0,0.5,0.0,0.0,40.509737994674964
29738,0,calendar_2014_test,184.9971191694567,221.0,0.5,0.0,0.0,36.00288083054329
29739,0,calendar_2014_test,201.63630875863475,217.0,0.5,0.0,0.0,15.363691241365245
29740,0,calendar_2014_test,198.51065384256992,203.0,0.5,0.0,0.0,4.489346157430077
29741,0,calendar_2014_test,185.66717637981563,221.0,0.5,0.0,0.0,35.33282362018437
29742,0,calendar_2014_test,198.39303780201243,192.0,0.5,0.0,0.0,6.393037802012429
29743,0,calendar_2014_test,165.51613735743223,183.0,0.5,0.0,0.0,17.48386264256777
29744,0,calendar_2014_test,152.84844723004375,175.0,0.5,0.0,0.0,22.151552769956254
29745,0,calendar_2014_test,149.65815342689663,177.0,0.5,0.0,0.0,27.341846573103368
29746,0,calendar_2014_test,151.4294226339766,183.0,0.5,0.0,0.0,31.5705773660234
29747,0,calendar_2014_test,152.9150280546073,155.0,0.5,0.0,0.0,2.0849719453927094
29748,0,calendar_2014_test,136.6970316224991,151.0,0.5,0.0,0.0,14.30296837750089
29749,0,calendar_2014_test,125.9609855261255,137.0,0.5,0.0,0.0,11.039014473874502
29750,0,calendar_2014_test,121.1602347904245,109.0,0.5,0.0,0.0,12.160234790424497
29751,0,calendar_2014_test,90.39006132642712,140.0,0.5,0.0,0.0,49.609938673572884
29752,0,calendar_2014_test,130.18645685570596,117.0,0.5,0.0,0.0,13.186456855705956
29753,0,calendar_2014_test,90.02540172563344,128.0,0.5,0.0,0.0,37.974598274366556
29754,0,calendar_2014_test,121.79829930736256,54.0,0.5,0.0,0.0,67.79829930736256
29755,0,calendar_2014_test,39.46284228466354,34.0,0.5,0.0,0.0,5.462842284663537
29756,0,calendar_2014_test,31.15210020599651,32.0,0.5,0.0,0.0,0.8478997940034887
29757,0,calendar_2014_test,29.577014570858804,28.0,0.5,0.0,0.0,1.577014570858804
29758,0,calendar_2014_test,32.75158747667309,29.0,0.5,0.0,0.0,3.7515874766730875
29759,0,calendar_2014_test,31.514567268924917,37.0,0.5,0.0,0.0,5.485432731075083
29760,0,calendar_2014_test,41.41393319619624,46.0,0.5,0.0,0.0,4.58606680380376
29761,0,calendar_2014_test,48.61542961271518,54.0,0.5,0.0,0.0,5.384570387284818
29762,0,calendar_2014_test,56.52718256103133,53.0,0.5,0.0,0.0,3.5271825610313314
29763,0,calendar_2014_test,54.208486265403415,47.0,0.5,0.0,0.0,7.208486265403415
29764,0,calendar_2014_test,47.05146245011933,112.0,0.5,0.0,0.0,64.94853754988067
29765,0,calendar_2014_test,125.57583792675148,125.0,0.5,0.0,0.0,0.5758379267514755
29766,0,calendar_2014_test,124.34663289403652,128.0,0.5,0.0,0.0,3.6533671059634827
29767,0,calendar_2014_test,117.92451152425774,126.0,0.5,0.0,0.0,8.075488475742262
29768,0,calendar_2014_test,114.27311155976699,153.0,0.5,0.0,0.0,38.72688844023301
29769,0,calendar_2014_test,141.83744860584397,157.0,0.5,0.0,0.0,15.162551394156026
29770,0,calendar_2014_test,146.92109589772872,144.0,0.5,0.0,0.0,2.921095897728719
29771,0,calendar_2014_test,131.96671725296756,138.0,0.5,0.0,0.0,6.033282747032445
29772,0,calendar_2014_test,127.70185433948419,128.0,0.5,0.0,0.0,0.29814566051581437
29773,0,calendar_2014_test,115.80118389223307,126.0,0.5,0.0,0.0,10.19881610776693
29774,0,calendar_2014_test,111.54460292466715,126.0,0.5,0.0,0.0,14.455397075332854
29775,0,calendar_2014_test,112.98130350162047,159.0,0.5,0.0,0.0,46.018696498379526
29776,0,calendar_2014_test,145.3009753675716,149.0,0.5,0.0,0.0,3.6990246324284044
29777,0,calendar_2014_test,130.72620271433928,123.0,0.5,0.0,0.0,7.72620271433928
29778,0,calendar_2014_test,109.17255047262864,150.0,0.5,0.0,0.0,40.82744952737136
29779,0,calendar_2014_test,139.6313501098612,146.0,0.5,0.0,0.0,6.368649890138812
29780,0,calendar_2014_test,132.64533248533948,145.0,0.5,0.0,0.0,12.35466751466052
29781,0,calendar_2014_test,135.84910541563667,160.0,0.5,0.0,0.0,24.15089458436333
29782,0,calendar_2014_test,150.37024484075468,148.0,0.5,0.0,0.0,2.3702448407546797
29783,0,calendar_2014_test,133.06919187345707,156.0,0.5,0.0,0.0,22.930808126542928
29784,0,calendar_2014_test,146.5110112240478,158.0,0.5,0.0,0.0,11.488988775952208
29785,0,calendar_2014_test,153.47243810568617,167.0,0.5,0.0,0.0,13.527561894313834
29786,0,calendar_2014_test,160.31989363673173,171.0,0.5,0.0,0.0,10.680106363268266
29787,0,calendar_2014_test,162.5490126382936,177.0,0.5,0.0,0.0,14.45098736170641
29788,0,calendar_2014_test,164.99324054553955,185.0,0.5,0.0,0.0,20.00675945446045
29789,0,calendar_2014_test,172.66811577783062,201.0,0.5,0.0,0.0,28.33188422216938
29790,0,calendar_2014_test,188.9997695960862,217.0,0.5,0.0,0.0,28.000230403913804
29791,0,calendar_2014_test,207.73254702502302,208.0,0.5,0.0,0.0,0.26745297497697607
29792,0,calendar_2014_test,198.76428572604078,204.0,0.5,0.0,0.0,5.235714273959218
29793,0,calendar_2014_test,190.29486599222622,213.0,0.5,0.0,0.0,22.70513400777378
29794,0,calendar_2014_test,197.66065682769914,256.0,0.5,0.0,0.0,58.33934317230086
29795,0,calendar_2014_test,225.8230337733241,211.0,0.5,0.0,0.0,14.823033773324113
29796,0,calendar_2014_test,178.55701022583594,203.0,0.5,0.0,0.0,24.44298977416406
29797,0,calendar_2014_test,185.05736043488284,212.0,0.5,0.0,0.0,26.94263956511716
29798,0,calendar_2014_test,185.76849949743462,205.0,0.5,0.0,0.0,19.231500502565382
29799,0,calendar_2014_test,181.8478782476784,196.0,0.5,0.0,0.0,14.152121752321591
29800,0,calendar_2014_test,165.21863474553646,182.0,0.5,0.0,0.0,16.781365254463537
29801,0,calendar_2014_test,152.4794041816407,124.0,0.5,0.0,0.0,28.47940418164069
29802,0,calendar_2014_test,76.94833567171936,102.0,0.5,0.0,0.0,25.051664328280637
29803,0,calendar_2014_test,78.17351155325353,77.0,0.5,0.0,0.0,1.1735115532535332
29804,0,calendar_2014_test,56.40591357764493,48.0,0.5,0.0,0.0,8.405913577644931
29805,0,calendar_2014_test,41.862828906389254,38.0,0.5,0.0,0.0,3.862828906389254
29806,0,calendar_2014_test,37.89627562593956,31.0,0.5,0.0,0.0,6.896275625939559
29807,0,calendar_2014_test,33.69150587663916,27.0,0.5,0.0,0.0,6.691505876639162
29808,0,calendar_2014_test,27.757232899231145,33.0,0.5,0.0,0.0,5.242767100768855
29809,0,calendar_2014_test,33.40651136210155,35.0,0.5,0.0,0.0,1.593488637898453
29810,0,calendar_2014_test,33.86546430074445,29.0,0.5,0.0,0.0,4.865464300744449
29811,0,calendar_2014_test,27.41811396866207,24.0,0.5,0.0,0.0,3.4181139686620696
29812,0,calendar_2014_test,22.06468295145879,26.0,0.5,0.0,0.0,3.9353170485412114
29813,0,calendar_2014_test,22.408150642630265,11.0,0.5,0.0,0.0,11.408150642630265
29814,0,calendar_2014_test,13.765175124898423,14.0,0.5,0.0,0.0,0.23482487510157668
29815,0,calendar_2014_test,13.54474875049399,12.0,0.5,0.0,0.0,1.5447487504939907
29816,0,calendar_2014_test,12.508289249697825,9.0,0.5,0.0,0.0,3.5082892496978246
29817,0,calendar_2014_test,10.632177517131026,11.0,0.5,0.0,0.0,0.36782248286897357
29818,0,calendar_2014_test,11.862249204209817,15.0,0.5,0.0,0.0,3.1377507957901827
29819,0,calendar_2014_test,14.696049142273065,13.0,0.5,0.0,0.0,1.6960491422730648
29820,0,calendar_2014_test,13.947316659509726,15.0,0.5,0.0,0.0,1.0526833404902742
29821,0,calendar_2014_test,14.319263299148924,17.0,0.5,0.0,0.0,2.6807367008510763
29822,0,calendar_2014_test,14.976424708584313,19.0,0.5,0.0,0.0,4.023575291415687
29823,0,calendar_2014_test,17.61381715666912,18.0,0.5,0.0,0.0,0.3861828433308787
29824,0,calendar_2014_test,17.468044541622405,21.0,0.5,0.0,0.0,3.5319554583775954
29825,0,calendar_2014_test,20.18708038635476,17.0,0.5,0.0,0.0,3.1870803863547614
29826,0,calendar_2014_test,15.69525704744953,22.0,0.5,0.0,0.0,6.30474295255047
29827,0,calendar_2014_test,19.266342784536263,23.0,0.5,0.0,0.0,3.7336572154637366
29828,0,calendar_2014_test,20.501097036594302,16.0,0.5,0.0,0.0,4.501097036594302
29829,0,calendar_2014_test,15.75133270798911,22.0,0.5,0.0,0.0,6.248667292010889
29830,0,calendar_2014_test,19.320633110067238,18.0,0.5,0.0,0.0,1.320633110067238
29831,0,calendar_2014_test,17.293509818844743,17.0,0.5,0.0,0.0,0.29350981884474336
29832,0,calendar_2014_test,15.186266410065555,21.0,0.5,0.0,0.0,5.813733589934445
29833,0,calendar_2014_test,19.470616074171723,23.0,0.5,0.0,0.0,3.5293839258282773
29834,0,calendar_2014_test,20.781500291153808,22.0,0.5,0.0,0.0,1.218499708846192
29835,0,calendar_2014_test,20.524280657497194,21.0,0.5,0.0,0.0,0.47571934250280634
29836,0,calendar_2014_test,20.177468354873493,23.0,0.5,0.0,0.0,2.8225316451265066
29837,0,calendar_2014_test,25.043453894850348,53.0,0.5,0.0,0.0,27.956546105149652
29838,0,calendar_2014_test,52.83835953973252,66.0,0.5,0.0,0.0,13.161640460267478
29839,0,calendar_2014_test,64.14138760399092,52.0,0.5,0.0,0.0,12.141387603990921
29840,0,calendar_2014_test,46.873639291698005,30.0,0.5,0.0,0.0,16.873639291698005
29841,0,calendar_2014_test,27.37795675337928,10.0,0.5,0.0,0.0,17.37795675337928
29842,0,calendar_2014_test,13.154872308601677,10.0,0.5,0.0,0.0,3.154872308601677
29843,0,calendar_2014_test,11.424276657812195,13.0,0.5,0.0,0.0,1.5757233421878052
29844,0,calendar_2014_test,13.283790001320876,11.0,0.5,0.0,0.0,2.2837900013208756
29845,0,calendar_2014_test,12.002012484323197,14.0,0.5,0.0,0.0,1.9979875156768028
29846,0,calendar_2014_test,13.227176347022187,20.0,0.5,0.0,0.0,6.772823652977813
29847,0,calendar_2014_test,17.40459174788213,22.0,0.5,0.0,0.0,4.5954082521178705
29848,0,calendar_2014_test,19.777742840208308,23.0,0.5,0.0,0.0,3.222257159791692
29849,0,calendar_2014_test,20.509840110274457,20.0,0.5,0.0,0.0,0.5098401102744567
29850,0,calendar_2014_test,18.887416846953542,17.0,0.5,0.0,0.0,1.887416846953542
29851,0,calendar_2014_test,15.828557586104768,14.0,0.5,0.0,0.0,1.8285575861047683
29852,0,calendar_2014_test,13.949964307571971,10.0,0.5,0.0,0.0,3.949964307571971
29853,0,calendar_2014_test,11.040485245737274,10.0,0.5,0.0,0.0,1.0404852457372744
29854,0,calendar_2014_test,10.90072196562389,27.0,0.5,0.0,0.0,16.099278034376113
29855,0,calendar_2014_test,30.685145818625973,44.0,0.5,0.0,0.0,13.314854181374027
29856,0,calendar_2014_test,45.30444366250663,53.0,0.5,0.0,0.0,7.695556337493372
29857,0,calendar_2014_test,52.147187956108326,59.0,0.5,0.0,0.0,6.852812043891674
29858,0,calendar_2014_test,59.13021719194158,56.0,0.5,0.0,0.0,3.1302171919415827
29859,0,calendar_2014_test,52.24708901225117,58.0,0.5,0.0,0.0,5.752910987748827
29860,0,calendar_2014_test,54.52165271181173,66.0,0.5,0.0,0.0,11.478347288188267
29861,0,calendar_2014_test,67.07291145029875,73.0,0.5,0.0,0.0,5.927088549701253
29862,0,calendar_2014_test,72.19344723639801,83.0,0.5,0.0,0.0,10.806552763601985
29863,0,calendar_2014_test,82.83834106005878,81.0,0.5,0.0,0.0,1.8383410600587808
29864,0,calendar_2014_test,75.24145181644313,91.0,0.5,0.0,0.0,15.758548183556869
29865,0,calendar_2014_test,84.83829320850694,104.0,0.5,0.0,0.0,19.16170679149306
29866,0,calendar_2014_test,94.09549578773128,88.0,0.5,0.0,0.0,6.095495787731281
29867,0,calendar_2014_test,72.87687547444096,85.0,0.5,0.0,0.0,12.123124525559035
29868,0,calendar_2014_test,74.78273190578841,66.0,0.5,0.0,0.0,8.78273190578841
29869,0,calendar_2014_test,55.06271626636714,47.0,0.5,0.0,0.0,8.06271626636714
29870,0,calendar_2014_test,44.471292872411894,70.0,0.5,0.0,0.0,25.528707127588106
29871,0,calendar_2014_test,66.37828455727099,61.0,0.5,0.0,0.0,5.378284557270987
29872,0,calendar_2014_test,57.258850840977225,47.0,0.5,0.0,0.0,10.258850840977225
29873,0,calendar_2014_test,45.58786825972546,61.0,0.5,0.0,0.0,15.412131740274539
29874,0,calendar_2014_test,59.03651407382218,69.0,0.5,0.0,0.0,9.963485926177817
29875,0,calendar_2014_test,59.04108331440527,66.0,0.5,0.0,0.0,6.95891668559473
29876,0,calendar_2014_test,56.29282058127453,63.0,0.5,0.0,0.0,6.707179418725467
29877,0,calendar_2014_test,58.6376297624144,43.0,0.5,0.0,0.0,15.637629762414399
29878,0,calendar_2014_test,39.04957998122933,48.0,0.5,0.0,0.0,8.950420018770672
29879,0,calendar_2014_test,49.52838121576633,67.0,0.5,0.0,0.0,17.47161878423367
29880,0,calendar_2014_test,65.77609406517915,87.0,0.5,0.0,0.0,21.22390593482085
29881,0,calendar_2014_test,78.31106500034909,127.0,0.5,0.0,0.0,48.68893499965091
29882,0,calendar_2014_test,129.54289553369057,126.0,0.5,0.0,0.0,3.5428955336905688
29883,0,calendar_2014_test,104.97812433402636,126.0,0.5,0.0,0.0,21.02187566597364
29884,0,calendar_2014_test,109.4749423867881,106.0,0.5,0.0,0.0,3.4749423867881006
29885,0,calendar_2014_test,91.32734807472436,104.0,0.5,0.0,0.0,12.672651925275645
29886,0,calendar_2014_test,95.5534671008812,118.0,0.5,0.0,0.0,22.446532899118793
29887,0,calendar_2014_test,114.8264199792427,141.0,0.5,0.0,0.0,26.1735800207573
29888,0,calendar_2014_test,132.52526598772434,199.0,0.5,0.0,0.0,66.47473401227566
29889,0,calendar_2014_test,174.5157164692168,262.0,0.5,0.0,0.0,87.48428353078319
29890,0,calendar_2014_test,204.79011476674435,234.0,0.5,0.0,0.0,29.209885233255648
29891,0,calendar_2014_test,188.38410698408225,221.0,0.5,0.0,0.0,32.61589301591775
29892,0,calendar_2014_test,178.38630411692208,177.0,0.5,0.0,0.0,1.3863041169220764
29893,0,calendar_2014_test,123.34830747456724,135.0,0.5,0.0,0.0,11.651692525432765
29894,0,calendar_2014_test,89.75514226513714,108.0,0.5,0.0,0.0,18.24485773486286
29895,0,calendar_2014_test,92.30021945008755,97.0,0.5,0.0,0.0,4.699780549912447
29896,0,calendar_2014_test,84.57994473791743,87.0,0.5,0.0,0.0,2.4200552620825704
29897,0,calendar_2014_test,74.52701261323128,85.0,0.5,0.0,0.0,10.472987386768722
29898,0,calendar_2014_test,73.42674202590457,81.0,0.5,0.0,0.0,7.5732579740954264
29899,0,calendar_2014_test,69.16405655347936,82.0,0.5,0.0,0.0,12.835943446520645
29900,0,calendar_2014_test,69.52084641065876,81.0,0.5,0.0,0.0,11.479153589341237
29901,0,calendar_2014_test,68.87371675525853,111.0,0.5,0.0,0.0,42.12628324474147
29902,0,calendar_2014_test,114.23803817505951,143.0,0.5,0.0,0.0,28.761961824940485
29903,0,calendar_2014_test,135.107799803773,153.0,0.5,0.0,0.0,17.89220019622701
29904,0,calendar_2014_test,123.72147889800547,189.0,0.5,0.0,0.0,65.27852110199453
29905,0,calendar_2014_test,150.95056767480295,244.0,0.5,0.0,0.0,93.04943232519705
29906,0,calendar_2014_test,202.82993096356296,273.0,0.5,0.0,0.0,70.17006903643704
29907,0,calendar_2014_test,217.48888442475658,218.0,0.5,0.0,0.0,0.5111155752434229
29908,0,calendar_2014_test,177.3204354412781,227.0,0.5,0.0,0.0,49.67956455872189
29909,0,calendar_2014_test,198.68363891378073,95.0,0.5,0.0,0.0,103.68363891378073
29910,0,calendar_2014_test,52.62577755013974,20.0,0.5,0.0,0.0,32.62577755013974
29911,0,calendar_2014_test,91.31651247244761,84.0,0.5,0.0,0.0,7.316512472447613
29912,0,calendar_2014_test,73.63665739623222,106.0,0.5,0.0,0.0,32.36334260376778
29913,0,calendar_2014_test,95.16928414845744,112.0,0.5,0.0,0.0,16.830715851542564
29914,0,calendar_2014_test,104.27563495391894,120.0,0.5,0.0,0.0,15.724365046081061
29915,0,calendar_2014_test,113.03751572349636,117.0,0.5,0.0,0.0,3.9624842765036448
29916,0,calendar_2014_test,102.71340557714547,118.0,0.5,0.0,0.0,15.286594422854535
29917,0,calendar_2014_test,103.39759584771734,106.0,0.5,0.0,0.0,2.6024041522826593
29918,0,calendar_2014_test,85.60415493161088,96.0,0.5,0.0,0.0,10.395845068389121
29919,0,calendar_2014_test,82.92732412902507,82.0,0.5,0.0,0.0,0.9273241290250667
29920,0,calendar_2014_test,68.8999812930437,63.0,0.5,0.0,0.0,5.899981293043695
29921,0,calendar_2014_test,56.17070141348262,79.0,0.5,0.0,0.0,22.829298586517382
29922,0,calendar_2014_test,77.35315397544503,125.0,0.5,0.0,0.0,47.646846024554975
29923,0,calendar_2014_test,127.42709713847594,119.0,0.5,0.0,0.0,8.427097138475943
29924,0,calendar_2014_test,109.2156128941785,115.0,0.5,0.0,0.0,5.784387105821494
29925,0,calendar_2014_test,112.28809877807674,131.0,0.5,0.0,0.0,18.711901221923256
29926,0,calendar_2014_test,132.78931061467483,177.0,0.5,0.0,0.0,44.21068938532517
29927,0,calendar_2014_test,157.6306874477049,287.0,0.5,0.0,0.0,129.3693125522951
29928,0,calendar_2014_test,258.4628783057634,299.0,0.5,0.0,0.0,40.53712169423659
29929,0,calendar_2014_test,279.9061406584894,250.0,0.5,0.0,0.0,29.90614065848939
29930,0,calendar_2014_test,195.38984684036035,159.0,0.5,0.0,0.0,36.38984684036035
29931,0,calendar_2014_test,84.71528884318674,124.0,0.5,0.0,0.0,39.28471115681326
29932,0,calendar_2014_test,84.24005255864452,123.0,0.5,0.0,0.0,38.75994744135548
29933,0,calendar_2014_test,101.45025858736265,49.0,0.5,0.0,0.0,52.450258587362654
29934,0,calendar_2014_test,41.76575613122802,36.0,0.5,0.0,0.0,5.765756131228017
29935,0,calendar_2014_test,34.82458738495278,59.0,0.5,0.0,0.0,24.17541261504722
29936,0,calendar_2014_test,61.966047686906144,85.0,0.5,0.0,0.0,23.033952313093856
29937,0,calendar_2014_test,80.40339053612658,170.0,0.5,0.0,0.0,89.59660946387342
29938,0,calendar_2014_test,152.00292751454103,180.0,0.5,0.0,0.0,27.997072485458972
29939,0,calendar_2014_test,159.99016992164545,227.0,0.5,0.0,0.0,67.00983007835455
29940,0,calendar_2014_test,205.1379903826825,199.0,0.5,0.0,0.0,6.137990382682489
29941,0,calendar_2014_test,167.58956571974232,168.0,0.5,0.0,0.0,0.41043428025767525
29942,0,calendar_2014_test,106.21907347505456,93.0,0.5,0.0,0.0,13.219073475054557
29943,0,calendar_2014_test,62.362456386547166,80.0,0.5,0.0,0.0,17.637543613452834
29944,0,calendar_2014_test,66.45134848027615,111.0,0.5,0.0,0.0,44.54865151972385
29945,0,calendar_2014_test,121.67100573095729,133.0,0.5,0.0,0.0,11.32899426904271
29946,0,calendar_2014_test,127.91686180322021,135.0,0.5,0.0,0.0,7.083138196779785
29947,0,calendar_2014_test,125.7279432473747,94.0,0.5,0.0,0.0,31.727943247374697
29948,0,calendar_2014_test,76.59803882876396,103.0,0.5,0.0,0.0,26.40196117123604
29949,0,calendar_2014_test,103.05370809541574,92.0,0.5,0.0,0.0,11.053708095415743
29950,0,calendar_2014_test,84.42111449534956,93.0,0.5,0.0,0.0,8.578885504650444
29951,0,calendar_2014_test,91.50457573791071,109.0,0.5,0.0,0.0,17.495424262089287
29952,0,calendar_2014_test,104.54491397774497,122.0,0.5,0.0,0.0,17.45508602225503
29953,0,calendar_2014_test,120.7432693216164,123.0,0.5,0.0,0.0,2.2567306783836045
29954,0,calendar_2014_test,117.15181504848447,122.0,0.5,0.0,0.0,4.848184951515535
29955,0,calendar_2014_test,115.15836893623145,172.0,0.5,0.0,0.0,56.841631063768546
29956,0,calendar_2014_test,154.0781235175516,213.0,0.5,0.0,0.0,58.9218764824484
29957,0,calendar_2014_test,192.45305231046294,196.0,0.5,0.0,0.0,3.5469476895370633
29958,0,calendar_2014_test,176.51890420215807,158.0,0.5,0.0,0.0,18.51890420215807
29959,0,calendar_2014_test,130.94027220434603,103.0,0.5,0.0,0.0,27.94027220434603
29960,0,calendar_2014_test,82.18011392370252,90.0,0.5,0.0,0.0,7.819886076297479
29961,0,calendar_2014_test,75.43946894658873,70.0,0.5,0.0,0.0,5.4394689465887325
29962,0,calendar_2014_test,57.00515165905951,67.0,0.5,0.0,0.0,9.994848340940493
29963,0,calendar_2014_test,62.489458985291726,66.0,0.5,0.0,0.0,3.5105410147082736
29964,0,calendar_2014_test,57.994730377543604,52.0,0.5,0.0,0.0,5.994730377543604
29965,0,calendar_2014_test,47.128535888022704,55.0,0.5,0.0,0.0,7.871464111977296
29966,0,calendar_2014_test,49.578842475990875,51.0,0.5,0.0,0.0,1.421157524009125
29967,0,calendar_2014_test,45.33837358694135,47.0,0.5,0.0,0.0,1.6616264130586487
29968,0,calendar_2014_test,43.89773667673976,48.0,0.5,0.0,0.0,4.102263323260239
29969,0,calendar_2014_test,44.731270441454924,60.0,0.5,0.0,0.0,15.268729558545076
29970,0,calendar_2014_test,60.755290063875556,88.0,0.5,0.0,0.0,27.244709936124444
29971,0,calendar_2014_test,89.47328670053749,279.0,0.5,0.0,0.0,189.52671329946253
29972,0,calendar_2014_test,194.6046726818822,435.0,0.5,0.0,0.0,240.3953273181178
29973,0,calendar_2014_test,448.34399945580225,489.0,0.5,0.0,0.0,40.65600054419775
29974,0,calendar_2014_test,441.8535533209103,513.0,0.5,0.0,0.0,71.1464466790897
29975,0,calendar_2014_test,465.96018336438635,539.0,0.5,0.0,0.0,73.03981663561365
29976,0,calendar_2014_test,504.41722396829385,567.0,0.5,0.0,0.0,62.582776031706146
29977,0,calendar_2014_test,497.69246470975224,569.0,0.5,0.0,0.0,71.30753529024776
29978,0,calendar_2014_test,476.08956913293207,659.0,0.5,0.0,0.0,182.91043086706793
29979,0,calendar_2014_test,514.488571436327,648.0,0.5,0.0,0.0,133.511428563673
29980,0,calendar_2014_test,463.09752304820944,651.0,0.5,0.0,0.0,187.90247695179056
29981,0,calendar_2014_test,474.09998783316416,671.0,0.5,0.0,0.0,196.90001216683584
29982,0,calendar_2014_test,480.54053506417813,623.0,0.5,0.0,0.0,142.45946493582187
29983,0,calendar_2014_test,470.608555111614,618.0,0.5,0.0,0.0,147.391444888386
29984,0,calendar_2014_test,471.4547278852285,532.0,0.5,0.0,0.0,60.54527211477148
29985,0,calendar_2014_test,410.6214820108254,477.0,0.5,0.0,0.0,66.37851798917461
29986,0,calendar_2014_test,412.48251752557724,479.0,0.5,0.0,0.0,66.51748247442276
29987,0,calendar_2014_test,434.22991660288176,490.0,0.5,0.0,0.0,55.77008339711824
29988,0,calendar_2014_test,429.12390496160737,476.0,0.5,0.0,0.0,46.876095038392634
29989,0,calendar_2014_test,418.5318736008208,457.0,0.5,0.0,0.0,38.4681263991792
29990,0,calendar_2014_test,384.8390726950091,327.0,0.5,0.0,0.0,57.83907269500912
29991,0,calendar_2014_test,216.92695420300802,161.0,0.5,0.0,0.0,55.92695420300802
29992,0,calendar_2014_test,104.18609307753256,286.0,0.5,0.0,0.0,181.81390692246742
29993,0,calendar_2014_test,222.56967645308998,298.0,0.5,0.0,0.0,75.43032354691002
29994,0,calendar_2014_test,233.10263500031792,310.0,0.5,0.0,0.0,76.89736499968208
29995,0,calendar_2014_test,265.4053788806129,332.0,0.5,0.0,0.0,66.59462111938711
29996,0,calendar_2014_test,326.53933727098735,391.0,0.5,0.0,0.0,64.46066272901265
29997,0,calendar_2014_test,352.3867611322111,437.0,0.5,0.0,0.0,84.61323886778888
29998,0,calendar_2014_test,395.82940953704394,422.0,0.5,0.0,0.0,26.170590462956056
29999,0,calendar_2014_test,381.02213515519196,320.0,0.5,0.0,0.0,61.02213515519196
30000,0,calendar_2014_test,245.4180401736805,346.0,0.5,0.0,0.0,100.58195982631949
30001,0,calendar_2014_test,292.4078932612629,351.0,0.5,0.0,0.0,58.59210673873707
30002,0,calendar_2014_test,329.9573827670292,297.0,0.5,0.0,0.0,32.95738276702917
30003,0,calendar_2014_test,257.67919191425784,290.0,0.5,0.0,0.0,32.32080808574216
30004,0,calendar_2014_test,228.7679412212132,250.0,0.5,0.0,0.0,21.232058778786808
30005,0,calendar_2014_test,171.93416963258684,170.0,0.5,0.0,0.0,1.934169632586844
30006,0,calendar_2014_test,145.3235274051173,103.0,0.5,0.0,0.0,42.32352740511729
30007,0,calendar_2014_test,80.35219083169355,79.0,0.5,0.0,0.0,1.352190831693548
30008,0,calendar_2014_test,67.06006768334657,73.0,0.5,0.0,0.0,5.939932316653426
30009,0,calendar_2014_test,71.12835798709263,74.0,0.5,0.0,0.0,2.8716420129073725
30010,0,calendar_2014_test,72.84067167588226,77.0,0.5,0.0,0.0,4.1593283241177375
30011,0,calendar_2014_test,75.35555296229364,81.0,0.5,0.0,0.0,5.644447037706357
30012,0,calendar_2014_test,82.0984334523864,95.0,0.5,0.0,0.0,12.901566547613598
30013,0,calendar_2014_test,99.72212858459703,115.0,0.5,0.0,0.0,15.27787141540297
30014,0,calendar_2014_test,122.28060635685968,77.0,0.5,0.0,0.0,45.28060635685968
30015,0,calendar_2014_test,69.10270737254022,67.0,0.5,0.0,0.0,2.102707372540223
30016,0,calendar_2014_test,55.73847926382061,13.0,0.5,0.0,0.0,42.73847926382061
30017,0,calendar_2014_test,17.15683727603814,12.0,0.5,0.0,0.0,5.156837276038139
30018,0,calendar_2014_test,13.69104118548176,10.0,0.5,0.0,0.0,3.69104118548176
30019,0,calendar_2014_test,10.989397318126365,195.0,0.5,0.0,0.0,184.01060268187365
30020,0,calendar_2014_test,131.6679833616707,238.0,0.5,0.0,0.0,106.33201663832929
30021,0,calendar_2014_test,195.87139997416608,293.0,0.5,0.0,0.0,97.12860002583392
30022,0,calendar_2014_test,231.5812165105574,384.0,0.5,0.0,0.0,152.4187834894426
30023,0,calendar_2014_test,394.05956997847227,381.0,0.5,0.0,0.0,13.059569978472268
30024,0,calendar_2014_test,331.13818562425297,296.0,0.5,0.0,0.0,35.13818562425297
30025,0,calendar_2014_test,202.77394626403526,38.0,0.5,0.0,0.0,164.77394626403526
30026,0,calendar_2014_test,31.613170007807287,19.0,0.5,0.0,0.0,12.613170007807287
30027,0,calendar_2014_test,23.278145150576353,22.0,0.5,0.0,0.0,1.2781451505763535
30028,0,calendar_2014_test,20.825569301101705,20.0,0.5,0.0,0.0,0.8255693011017051
30029,0,calendar_2014_test,18.852316967798465,14.0,0.5,0.0,0.0,4.852316967798465
30030,0,calendar_2014_test,15.148440907626053,23.0,0.5,0.0,0.0,7.851559092373947
30031,0,calendar_2014_test,19.993544758483964,19.0,0.5,0.0,0.0,0.9935447584839636
30032,0,calendar_2014_test,18.63815126634747,22.0,0.5,0.0,0.0,3.361848733652529
30033,0,calendar_2014_test,20.758988918396284,33.0,0.5,0.0,0.0,12.241011081603716
30034,0,calendar_2014_test,34.191705799991055,42.0,0.5,0.0,0.0,7.808294200008945
30035,0,calendar_2014_test,37.77353433209848,40.0,0.5,0.0,0.0,2.226465667901522
30036,0,calendar_2014_test,38.13852382040668,43.0,0.5,0.0,0.0,4.861476179593318
30037,0,calendar_2014_test,43.68784244229692,56.0,0.5,0.0,0.0,12.312157557703081
30038,0,calendar_2014_test,55.37718575204384,57.0,0.5,0.0,0.0,1.622814247956157
30039,0,calendar_2014_test,54.30293443601371,153.0,0.5,0.0,0.0,98.69706556398629
30040,0,calendar_2014_test,118.22811807014672,108.0,0.5,0.0,0.0,10.22811807014672
30041,0,calendar_2014_test,77.74291642465792,89.0,0.5,0.0,0.0,11.25708357534208
30042,0,calendar_2014_test,74.77964422033537,87.0,0.5,0.0,0.0,12.22035577966463
30043,0,calendar_2014_test,77.02713921275536,95.0,0.5,0.0,0.0,17.97286078724464
30044,0,calendar_2014_test,89.90087769182203,111.0,0.5,0.0,0.0,21.099122308177968
30045,0,calendar_2014_test,109.36510685695094,112.0,0.5,0.0,0.0,2.634893143049055
30046,0,calendar_2014_test,103.75260435735271,145.0,0.5,0.0,0.0,41.24739564264729
30047,0,calendar_2014_test,136.22722398876962,184.0,0.5,0.0,0.0,47.77277601123038
30048,0,calendar_2014_test,158.68813015325344,178.0,0.5,0.0,0.0,19.31186984674656
30049,0,calendar_2014_test,153.320138291471,170.0,0.5,0.0,0.0,16.67986170852899
30050,0,calendar_2014_test,146.46399737121433,161.0,0.5,0.0,0.0,14.536002628785667
30051,0,calendar_2014_test,141.42758546700074,133.0,0.5,0.0,0.0,8.427585467000739
30052,0,calendar_2014_test,111.98407314926453,114.0,0.5,0.0,0.0,2.015926850735468
30053,0,calendar_2014_test,103.96571828860014,112.0,0.5,0.0,0.0,8.034281711399856
30054,0,calendar_2014_test,104.51924636192547,114.0,0.5,0.0,0.0,9.480753638074532
30055,0,calendar_2014_test,109.8979144941353,130.0,0.5,0.0,0.0,20.102085505864693
30056,0,calendar_2014_test,125.24289181331466,133.0,0.5,0.0,0.0,7.757108186685343
30057,0,calendar_2014_test,122.60005499703036,143.0,0.5,0.0,0.0,20.399945002969645
30058,0,calendar_2014_test,137.47273126211402,137.0,0.5,0.0,0.0,0.4727312621140243
30059,0,calendar_2014_test,124.24335955281879,143.0,0.5,0.0,0.0,18.756640447181212
30060,0,calendar_2014_test,135.2226400508702,145.0,0.5,0.0,0.0,9.777359949129789
30061,0,calendar_2014_test,140.15428272174526,185.0,0.5,0.0,0.0,44.84571727825474
30062,0,calendar_2014_test,180.6257771879603,198.0,0.5,0.0,0.0,17.374222812039704
30063,0,calendar_2014_test,183.88544089874276,205.0,0.5,0.0,0.0,21.114559101257242
30064,0,calendar_2014_test,188.92584711402088,195.0,0.5,0.0,0.0,6.074152885979117
30065,0,calendar_2014_test,177.78901116833603,203.0,0.5,0.0,0.0,25.21098883166397
30066,0,calendar_2014_test,193.31186818224668,209.0,0.5,0.0,0.0,15.688131817753316
30067,0,calendar_2014_test,200.79173973316546,202.0,0.5,0.0,0.0,1.208260266834543
30068,0,calendar_2014_test,152.4212899392794,28.0,0.5,0.0,0.0,124.4212899392794
30069,0,calendar_2014_test,26.234492423450128,26.0,0.5,0.0,0.0,0.23449242345012777
30070,0,calendar_2014_test,26.38169331308131,22.0,0.5,0.0,0.0,4.3816933130813105
30071,0,calendar_2014_test,20.566516953657224,24.0,0.5,0.0,0.0,3.4334830463427757
30072,0,calendar_2014_test,21.819925297132226,16.0,0.5,0.0,0.0,5.819925297132226
30073,0,calendar_2014_test,15.796864607810486,16.0,0.5,0.0,0.0,0.20313539218951426
30074,0,calendar_2014_test,14.804577587057125,17.0,0.5,0.0,0.0,2.195422412942875
30075,0,calendar_2014_test,14.751947471697173,7.0,0.5,0.0,0.0,7.751947471697173
30076,0,calendar_2014_test,10.10866169147777,9.0,0.5,0.0,0.0,1.1086616914777707
30077,0,calendar_2014_test,10.632177517131026,10.0,0.5,0.0,0.0,0.6321775171310264
30078,0,calendar_2014_test,10.90072196562389,8.0,0.5,0.0,0.0,2.900721965623889
30079,0,calendar_2014_test,10.120581427252915,7.0,0.5,0.0,0.0,3.1205814272529153
30080,0,calendar_2014_test,9.394616804608152,10.0,0.5,0.0,0.0,0.6053831953918483
30081,0,calendar_2014_test,10.90072196562389,11.0,0.5,0.0,0.0,0.09927803437611082
30082,0,calendar_2014_test,11.862249204209817,11.0,0.5,0.0,0.0,0.8622492042098173
30083,0,calendar_2014_test,11.862249204209817,10.0,0.5,0.0,0.0,1.8622492042098173
30084,0,calendar_2014_test,10.90072196562389,7.0,0.5,0.0,0.0,3.900721965623889
30085,0,calendar_2014_test,9.394616804608152,9.0,0.5,0.0,0.0,0.39461680460815174
30086,0,calendar_2014_test,10.632177517131026,14.0,0.5,0.0,0.0,3.3678224828689736
30087,0,calendar_2014_test,13.226226122307725,13.0,0.5,0.0,0.0,0.22622612230772532
30088,0,calendar_2014_test,13.366939627135567,14.0,0.5,0.0,0.0,0.6330603728644331
30089,0,calendar_2014_test,13.366939627135567,9.0,0.5,0.0,0.0,4.366939627135567
30090,0,calendar_2014_test,10.77194079724441,14.0,0.5,0.0,0.0,3.22805920275559
30091,0,calendar_2014_test,13.279038050164436,9.0,0.5,0.0,0.0,4.279038050164436
30092,0,calendar_2014_test,10.77194079724441,8.0,0.5,0.0,0.0,2.77194079724441
30093,0,calendar_2014_test,10.120581427252915,10.0,0.5,0.0,0.0,0.12058142725291532
30094,0,calendar_2014_test,10.90072196562389,8.0,0.5,0.0,0.0,2.900721965623889
30095,0,calendar_2014_test,10.120581427252915,9.0,0.5,0.0,0.0,1.1205814272529153
30096,0,calendar_2014_test,10.632177517131026,11.0,0.5,0.0,0.0,0.36782248286897357
30097,0,calendar_2014_test,11.862249204209817,11.0,0.5,0.0,0.0,0.8622492042098173
30098,0,calendar_2014_test,11.862249204209817,10.0,0.5,0.0,0.0,1.8622492042098173
30099,0,calendar_2014_test,10.90072196562389,15.0,0.5,0.0,0.0,4.099278034376111
30100,0,calendar_2014_test,14.12874432880437,13.0,0.5,0.0,0.0,1.1287443288043697
30101,0,calendar_2014_test,13.591551403032934,16.0,0.5,0.0,0.0,2.408448596967066
30102,0,calendar_2014_test,14.269457833632211,13.0,0.5,0.0,0.0,1.2694578336322113
30103,0,calendar_2014_test,13.591551403032934,18.0,0.5,0.0,0.0,4.408448596967066
30104,0,calendar_2014_test,15.888071758934414,18.0,0.5,0.0,0.0,2.111928241065586
30105,0,calendar_2014_test,17.15274828205177,22.0,0.5,0.0,0.0,4.847251717948229
30106,0,calendar_2014_test,20.03379253019236,23.0,0.5,0.0,0.0,2.966207469807639
30107,0,calendar_2014_test,21.19428207443903,24.0,0.5,0.0,0.0,2.8057179255609697
30108,0,calendar_2014_test,22.052779394981858,24.0,0.5,0.0,0.0,1.947220605018142
30109,0,calendar_2014_test,23.768953337768306,23.0,0.5,0.0,0.0,0.7689533377683055
30110,0,calendar_2014_test,22.151477319843867,23.0,0.5,0.0,0.0,0.8485226801561332
30111,0,calendar_2014_test,21.782062542996467,42.0,0.5,0.0,0.0,20.217937457003533
30112,0,calendar_2014_test,42.59013334282436,54.0,0.5,0.0,0.0,11.409866657175641
30113,0,calendar_2014_test,52.45275543939586,48.0,0.5,0.0,0.0,4.452755439395858
30114,0,calendar_2014_test,46.52539864106467,66.0,0.5,0.0,0.0,19.47460135893533
30115,0,calendar_2014_test,64.15793314826806,56.0,0.5,0.0,0.0,8.157933148268057
30116,0,calendar_2014_test,52.39508714442383,67.0,0.5,0.0,0.0,14.604912855576167
30117,0,calendar_2014_test,65.98032206667915,95.0,0.5,0.0,0.0,29.01967793332085
30118,0,calendar_2014_test,90.85874356955729,111.0,0.5,0.0,0.0,20.14125643044271
30119,0,calendar_2014_test,109.22976476738476,112.0,0.5,0.0,0.0,2.770235232615235
30120,0,calendar_2014_test,102.86340762305305,113.0,0.5,0.0,0.0,10.13659237694695
30121,0,calendar_2014_test,104.83325264517414,127.0,0.5,0.0,0.0,22.16674735482586
30122,0,calendar_2014_test,117.96272418897107,137.0,0.5,0.0,0.0,19.037275811028934
30123,0,calendar_2014_test,122.23930808097911,164.0,0.5,0.0,0.0,41.760691919020886
30124,0,calendar_2014_test,138.9101861315873,190.0,0.5,0.0,0.0,51.089813868412705
30125,0,calendar_2014_test,159.66367641682393,175.0,0.5,0.0,0.0,15.336323583176068
30126,0,calendar_2014_test,129.43854695876416,142.0,0.5,0.0,0.0,12.561453041235836
30127,0,calendar_2014_test,97.57416588065541,107.0,0.5,0.0,0.0,9.425834119344586
30128,0,calendar_2014_test,79.0952829189854,101.0,0.5,0.0,0.0,21.904717081014596
30129,0,calendar_2014_test,86.58931435574365,100.0,0.5,0.0,0.0,13.410685644256347
30130,0,calendar_2014_test,92.12662966389432,97.0,0.5,0.0,0.0,4.87337033610568
30131,0,calendar_2014_test,86.15687440739482,101.0,0.5,0.0,0.0,14.843125592605176
30132,0,calendar_2014_test,91.92045422776907,105.0,0.5,0.0,0.0,13.07954577223093
30133,0,calendar_2014_test,98.31770018997952,117.0,0.5,0.0,0.0,18.68229981002048
30134,0,calendar_2014_test,108.40001392828347,119.0,0.5,0.0,0.0,10.599986071716529
30135,0,calendar_2014_test,97.66891272261509,115.0,0.5,0.0,0.0,17.33108727738491
30136,0,calendar_2014_test,95.82279156650728,125.0,0.5,0.0,0.0,29.177208433492723
30137,0,calendar_2014_test,267.2429634661607,310.0,0.5,0.0,0.0,42.75703653383931
30138,0,calendar_2014_test,294.7780029620322,295.0,0.5,0.0,0.0,0.22199703796781023
30139,0,calendar_2014_test,273.4948419236604,301.0,0.5,0.0,0.0,27.505158076339626
30140,0,calendar_2014_test,285.6590139187292,325.0,0.5,0.0,0.0,39.340986081270785
30141,0,calendar_2014_test,313.81141637405614,319.0,0.5,0.0,0.0,5.188583625943863
30142,0,calendar_2014_test,297.20063628331815,335.0,0.5,0.0,0.0,37.79936371668185
30143,0,calendar_2014_test,312.54867651361724,301.0,0.5,0.0,0.0,11.548676513617238
30144,0,calendar_2014_test,262.97391607257447,312.0,0.5,0.0,0.0,49.02608392742553
30145,0,calendar_2014_test,269.1789450806452,316.0,0.5,0.0,0.0,46.82105491935482
30146,0,calendar_2014_test,289.77291048897416,296.0,0.5,0.0,0.0,6.227089511025838
30147,0,calendar_2014_test,227.90272008420456,270.0,0.5,0.0,0.0,42.09727991579544
30148,0,calendar_2014_test,196.2446679129708,252.0,0.5,0.0,0.0,55.75533208702919
30149,0,calendar_2014_test,171.34853871728336,234.0,0.5,0.0,0.0,62.65146128271664
30150,0,calendar_2014_test,204.61680971262098,233.0,0.5,0.0,0.0,28.383190287379023
30151,0,calendar_2014_test,212.12856414775183,241.0,0.5,0.0,0.0,28.87143585224817
30152,0,calendar_2014_test,204.72847077256642,231.0,0.5,0.0,0.0,26.271529227433575
30153,0,calendar_2014_test,180.51747134760197,214.0,0.5,0.0,0.0,33.48252865239803
30154,0,calendar_2014_test,178.0448934735626,210.0,0.5,0.0,0.0,31.95510652643739
30155,0,calendar_2014_test,162.4579046741512,178.0,0.5,0.0,0.0,15.542095325848805
30156,0,calendar_2014_test,84.29708274537465,142.0,0.5,0.0,0.0,57.70291725462535
30157,0,calendar_2014_test,77.40706009643499,122.0,0.5,0.0,0.0,44.59293990356501
30158,0,calendar_2014_test,91.94268074393341,59.0,0.5,0.0,0.0,32.94268074393341
30159,0,calendar_2014_test,39.022820378694014,47.0,0.5,0.0,0.0,7.977179621305986
30160,0,calendar_2014_test,42.960274080094855,40.0,0.5,0.0,0.0,2.9602740800948553
30161,0,calendar_2014_test,38.77593295768774,32.0,0.5,0.0,0.0,6.775932957687743
30162,0,calendar_2014_test,32.09459819517627,48.0,0.5,0.0,0.0,15.905401804823732
30163,0,calendar_2014_test,50.82689631322703,32.0,0.5,0.0,0.0,18.82689631322703
30164,0,calendar_2014_test,33.047895627398965,25.0,0.5,0.0,0.0,8.047895627398965
30165,0,calendar_2014_test,24.68358694917933,26.0,0.5,0.0,0.0,1.316413050820671
30166,0,calendar_2014_test,22.955178364814582,43.0,0.5,0.0,0.0,20.044821635185418
30167,0,calendar_2014_test,45.2525573069744,54.0,0.5,0.0,0.0,8.747442693025597
30168,0,calendar_2014_test,51.55068613324947,55.0,0.5,0.0,0.0,3.449313866750529
30169,0,calendar_2014_test,52.438325948178566,53.0,0.5,0.0,0.0,0.5616740518214343
30170,0,calendar_2014_test,52.83289758930291,60.0,0.5,0.0,0.0,7.16710241069709
30171,0,calendar_2014_test,60.19405939131346,55.0,0.5,0.0,0.0,5.194059391313459
30172,0,calendar_2014_test,51.84460123824431,42.0,0.5,0.0,0.0,9.844601238244309
30173,0,calendar_2014_test,37.150144736761845,36.0,0.5,0.0,0.0,1.1501447367618454
30174,0,calendar_2014_test,32.13990480808533,32.0,0.5,0.0,0.0,0.13990480808533334
30175,0,calendar_2014_test,28.620191795910486,14.0,0.5,0.0,0.0,14.620191795910486
30176,0,calendar_2014_test,16.008710202575212,15.0,0.5,0.0,0.0,1.0087102025752124
30177,0,calendar_2014_test,14.992432848220174,18.0,0.5,0.0,0.0,3.007567151779826
30178,0,calendar_2014_test,16.819322395386134,14.0,0.5,0.0,0.0,2.819322395386134
30179,0,calendar_2014_test,14.073575292702849,15.0,0.5,0.0,0.0,0.9264247072971514
30180,0,calendar_2014_test,14.401118615419964,15.0,0.5,0.0,0.0,0.5988813845800358
30181,0,calendar_2014_test,14.625730391317328,14.0,0.5,0.0,0.0,0.6257303913173278
30182,0,calendar_2014_test,13.742915396262154,19.0,0.5,0.0,0.0,5.257084603737846
30183,0,calendar_2014_test,16.683947277428615,17.0,0.5,0.0,0.0,0.31605272257138495
30184,0,calendar_2014_test,18.833790443528834,16.0,0.5,0.0,0.0,2.8337904435288337
30185,0,calendar_2014_test,16.58398442035133,14.0,0.5,0.0,0.0,2.5839844203513316
30186,0,calendar_2014_test,14.941910636559705,33.0,0.5,0.0,0.0,18.058089363440295
30187,0,calendar_2014_test,33.43919368610052,45.0,0.5,0.0,0.0,11.560806313899477
30188,0,calendar_2014_test,48.17943909887561,55.0,0.5,0.0,0.0,6.820560901124388
30189,0,calendar_2014_test,53.54334776566561,71.0,0.5,0.0,0.0,17.456652234334392
30190,0,calendar_2014_test,69.94131869964788,59.0,0.5,0.0,0.0,10.94131869964788
30191,0,calendar_2014_test,57.17158674050563,42.0,0.5,0.0,0.0,15.171586740505631
30192,0,calendar_2014_test,40.06752269639088,31.0,0.5,0.0,0.0,9.067522696390881
30193,0,calendar_2014_test,32.85351769411867,30.0,0.5,0.0,0.0,2.853517694118672
30194,0,calendar_2014_test,31.92305561957945,39.0,0.5,0.0,0.0,7.076944380420549
30195,0,calendar_2014_test,38.587410065666816,23.0,0.5,0.0,0.0,15.587410065666816
30196,0,calendar_2014_test,26.220964365009465,26.0,0.5,0.0,0.0,0.2209643650094648
30197,0,calendar_2014_test,27.97068362315699,25.0,0.5,0.0,0.0,2.97068362315699
30198,0,calendar_2014_test,25.866841253749236,26.0,0.5,0.0,0.0,0.13315874625076418
30199,0,calendar_2014_test,26.74137291343196,24.0,0.5,0.0,0.0,2.7413729134319595
30200,0,calendar_2014_test,25.27502084455838,29.0,0.5,0.0,0.0,3.72497915544162
30201,0,calendar_2014_test,29.377744155518425,28.0,0.5,0.0,0.0,1.3777441555184247
30202,0,calendar_2014_test,28.036126622421868,35.0,0.5,0.0,0.0,6.963873377578132
30203,0,calendar_2014_test,34.800018603042844,35.0,0.5,0.0,0.0,0.19998139695715622
30204,0,calendar_2014_test,34.417745427734886,38.0,0.5,0.0,0.0,3.5822545722651142
30205,0,calendar_2014_test,37.411192811633235,49.0,0.5,0.0,0.0,11.588807188366765
30206,0,calendar_2014_test,47.27782236900149,65.0,0.5,0.0,0.0,17.72217763099851
30207,0,calendar_2014_test,64.36352289890506,72.0,0.5,0.0,0.0,7.63647710109494
30208,0,calendar_2014_test,69.90940500950478,74.0,0.5,0.0,0.0,4.0905949904952195
30209,0,calendar_2014_test,71.29404370811083,80.0,0.5,0.0,0.0,8.705956291889166
30210,0,calendar_2014_test,77.32990819654087,88.0,0.5,0.0,0.0,10.67009180345913
30211,0,calendar_2014_test,84.79739302055431,106.0,0.5,0.0,0.0,21.20260697944569
30212,0,calendar_2014_test,101.15279245241994,113.0,0.5,0.0,0.0,11.847207547580055
30213,0,calendar_2014_test,105.82331949824037,139.0,0.5,0.0,0.0,33.176680501759634
30214,0,calendar_2014_test,126.68146280040932,119.0,0.5,0.0,0.0,7.681462800409321
30215,0,calendar_2014_test,104.58683845729826,122.0,0.5,0.0,0.0,17.413161542701744
30216,0,calendar_2014_test,114.3263520320631,116.0,0.5,0.0,0.0,1.6736479679369012
30217,0,calendar_2014_test,106.98038814447209,132.0,0.5,0.0,0.0,25.019611855527913
30218,0,calendar_2014_test,124.51262748289462,120.0,0.5,0.0,0.0,4.512627482894615
30219,0,calendar_2014_test,104.53404206322281,111.0,0.5,0.0,0.0,6.465957936777187
30220,0,calendar_2014_test,101.26745516450869,108.0,0.5,0.0,0.0,6.732544835491311
30221,0,calendar_2014_test,92.47729286929642,110.0,0.5,0.0,0.0,17.52270713070358
30222,0,calendar_2014_test,100.08565101197364,119.0,0.5,0.0,0.0,18.91434898802636
30223,0,calendar_2014_test,109.75339452453582,125.0,0.5,0.0,0.0,15.246605475464179
30224,0,calendar_2014_test,112.07386530011067,143.0,0.5,0.0,0.0,30.92613469988933
30225,0,calendar_2014_test,128.26157791060345,149.0,0.5,0.0,0.0,20.73842208939655
30226,0,calendar_2014_test,124.71204923689672,133.0,0.5,0.0,0.0,8.287950763103282
30227,0,calendar_2014_test,103.96624313815548,136.0,0.5,0.0,0.0,32.03375686184452
30228,0,calendar_2014_test,116.98802142525476,149.0,0.5,0.0,0.0,32.01197857474524
30229,0,calendar_2014_test,121.95919482362642,161.0,0.5,0.0,0.0,39.04080517637358
30230,0,calendar_2014_test,127.52352059770342,167.0,0.5,0.0,0.0,39.476479402296576
30231,0,calendar_2014_test,122.63975091159405,167.0,0.5,0.0,0.0,44.36024908840595
30232,0,calendar_2014_test,129.52379278314245,53.0,0.5,0.0,0.0,76.52379278314245
30233,0,calendar_2014_test,34.90518066702586,19.0,0.5,0.0,0.0,15.90518066702586
30234,0,calendar_2014_test,20.578671295952184,32.0,0.5,0.0,0.0,11.421328704047816
30235,0,calendar_2014_test,33.24440259072798,15.0,0.5,0.0,0.0,18.24440259072798
30236,0,calendar_2014_test,16.480257382694543,11.0,0.5,0.0,0.0,5.480257382694543
30237,0,calendar_2014_test,12.678137357098956,10.0,0.5,0.0,0.0,2.678137357098956
30238,0,calendar_2014_test,11.146422422438523,11.0,0.5,0.0,0.0,0.14642242243852266
30239,0,calendar_2014_test,12.014024308228297,11.0,0.5,0.0,0.0,1.0140243082282971
30240,0,calendar_2014_test,11.882363526440548,9.0,0.5,0.0,0.0,2.882363526440548
30241,0,calendar_2014_test,10.632177517131026,19.0,0.5,0.0,0.0,8.367822482868974
30242,0,calendar_2014_test,18.043276892446535,13.0,0.5,0.0,0.0,5.043276892446535
30243,0,calendar_2014_test,14.462158845916637,13.0,0.5,0.0,0.0,1.4621588459166368
30244,0,calendar_2014_test,14.600022276827922,14.0,0.5,0.0,0.0,0.6000222768279215
30245,0,calendar_2014_test,13.518714731154054,17.0,0.5,0.0,0.0,3.481285268845946
30246,0,calendar_2014_test,17.59769047270948,16.0,0.5,0.0,0.0,1.5976904727094805
30247,0,calendar_2014_test,16.132238178504426,18.0,0.5,0.0,0.0,1.8677618214955736
30248,0,calendar_2014_test,17.80136515799745,31.0,0.5,0.0,0.0,13.198634842002551
30249,0,calendar_2014_test,31.911839806526938,23.0,0.5,0.0,0.0,8.911839806526938
30250,0,calendar_2014_test,25.37787686997483,15.0,0.5,0.0,0.0,10.37787686997483
30251,0,calendar_2014_test,19.19079548825647,57.0,0.5,0.0,0.0,37.80920451174353
30252,0,calendar_2014_test,48.62066951100225,65.0,0.5,0.0,0.0,16.379330488997752
30253,0,calendar_2014_test,63.10497839122062,64.0,0.5,0.0,0.0,0.8950216087793805
30254,0,calendar_2014_test,61.0441943807298,65.0,0.5,0.0,0.0,3.955805619270201
30255,0,calendar_2014_test,60.905001036449946,64.0,0.5,0.0,0.0,3.0949989635500543
30256,0,calendar_2014_test,59.6171556340034,81.0,0.5,0.0,0.0,21.382844365996597
30257,0,calendar_2014_test,80.72264203173698,75.0,0.5,0.0,0.0,5.7226420317369815
30258,0,calendar_2014_test,72.7173425963183,70.0,0.5,0.0,0.0,2.7173425963183035
30259,0,calendar_2014_test,64.64734691152704,71.0,0.5,0.0,0.0,6.352653088472962
30260,0,calendar_2014_test,66.8854989097593,83.0,0.5,0.0,0.0,16.114501090240694
30261,0,calendar_2014_test,81.80679425593218,74.0,0.5,0.0,0.0,7.806794255932175
30262,0,calendar_2014_test,69.05657656057183,86.0,0.5,0.0,0.0,16.943423439428173
30263,0,calendar_2014_test,84.73006314778294,75.0,0.5,0.0,0.0,9.730063147782943
30264,0,calendar_2014_test,68.70541247497815,72.0,0.5,0.0,0.0,3.2945875250218535
30265,0,calendar_2014_test,69.89616021741384,74.0,0.5,0.0,0.0,4.103839782586164
30266,0,calendar_2014_test,71.135585449712,76.0,0.5,0.0,0.0,4.864414550288004
30267,0,calendar_2014_test,74.64889055750155,84.0,0.5,0.0,0.0,9.351109442498455
30268,0,calendar_2014_test,80.34121036314082,81.0,0.5,0.0,0.0,0.6587896368591828
30269,0,calendar_2014_test,76.61055472092856,86.0,0.5,0.0,0.0,9.389445279071438
30270,0,calendar_2014_test,83.52592741430607,84.0,0.5,0.0,0.0,0.47407258569393207
30271,0,calendar_2014_test,78.57803306650558,88.0,0.5,0.0,0.0,9.421966933494417
30272,0,calendar_2014_test,83.54717455064633,91.0,0.5,0.0,0.0,7.452825449353668
30273,0,calendar_2014_test,86.27468553100832,102.0,0.5,0.0,0.0,15.725314468991684
30274,0,calendar_2014_test,96.04791311562764,121.0,0.5,0.0,0.0,24.952086884372363
30275,0,calendar_2014_test,116.95322453912311,132.0,0.5,0.0,0.0,15.046775460876887
30276,0,calendar_2014_test,125.97923931900097,163.0,0.5,0.0,0.0,37.02076068099903
30277,0,calendar_2014_test,148.66743023918514,175.0,0.5,0.0,0.0,26.332569760814863
30278,0,calendar_2014_test,159.45776729225054,190.0,0.5,0.0,0.0,30.542232707749463
30279,0,calendar_2014_test,180.37230459995163,203.0,0.5,0.0,0.0,22.627695400048367
30280,0,calendar_2014_test,191.1971650201568,205.0,0.5,0.0,0.0,13.802834979843198
30281,0,calendar_2014_test,197.2041758387596,217.0,0.5,0.0,0.0,19.795824161240404
30282,0,calendar_2014_test,203.74921178067422,241.0,0.5,0.0,0.0,37.250788219325784
30283,0,calendar_2014_test,228.32560366703595,226.0,0.5,0.0,0.0,2.3256036670359492
30284,0,calendar_2014_test,191.6457297530974,225.0,0.5,0.0,0.0,33.35427024690259
30285,0,calendar_2014_test,184.42489442940592,205.0,0.5,0.0,0.0,20.575105570594076
30286,0,calendar_2014_test,191.21303723106962,213.0,0.5,0.0,0.0,21.78696276893038
30287,0,calendar_2014_test,198.79791050316794,229.0,0.5,0.0,0.0,30.20208949683206
30288,0,calendar_2014_test,206.77090963532052,217.0,0.5,0.0,0.0,10.229090364679479
30289,0,calendar_2014_test,191.4746330152761,218.0,0.5,0.0,0.0,26.525366984723888
30290,0,calendar_2014_test,196.38921537121436,128.0,0.5,0.0,0.0,68.38921537121436
30291,0,calendar_2014_test,80.34687109323492,88.0,0.5,0.0,0.0,7.653128906765076
30292,0,calendar_2014_test,63.240122670558435,20.0,0.5,0.0,0.0,43.240122670558435
30293,0,calendar_2014_test,21.903284732497845,16.0,0.5,0.0,0.0,5.903284732497845
30294,0,calendar_2014_test,16.61263663881472,6.0,0.5,0.0,0.0,10.61263663881472
30295,0,calendar_2014_test,9.81373188250263,12.0,0.5,0.0,0.0,2.18626811749737
30296,0,calendar_2014_test,14.298598297970287,20.0,0.5,0.0,0.0,5.701401702029713
30297,0,calendar_2014_test,18.055123525217425,26.0,0.5,0.0,0.0,7.944876474782575
30298,0,calendar_2014_test,22.605797435674834,16.0,0.5,0.0,0.0,6.605797435674834
30299,0,calendar_2014_test,15.973220415429687,16.0,0.5,0.0,0.0,0.026779584570313375
30300,0,calendar_2014_test,19.502712471366646,16.0,0.5,0.0,0.0,3.502712471366646
30301,0,calendar_2014_test,19.216385188063498,12.0,0.5,0.0,0.0,7.216385188063498
30302,0,calendar_2014_test,18.1554556028348,17.0,0.5,0.0,0.0,1.1554556028347989
30303,0,calendar_2014_test,20.45341302271292,17.0,0.5,0.0,0.0,3.453413022712919
30304,0,calendar_2014_test,18.127358264298287,25.0,0.5,0.0,0.0,6.872641735701713
30305,0,calendar_2014_test,25.337897123422042,39.0,0.5,0.0,0.0,13.662102876577958
30306,0,calendar_2014_test,40.66240660752244,54.0,0.5,0.0,0.0,13.337593392477558
30307,0,calendar_2014_test,53.401151154654166,123.0,0.5,0.0,0.0,69.59884884534583
30308,0,calendar_2014_test,135.59115148765872,142.0,0.5,0.0,0.0,6.4088485123412795
30309,0,calendar_2014_test,132.8895906791284,157.0,0.5,0.0,0.0,24.11040932087161
30310,0,calendar_2014_test,130.86547743684145,190.0,0.5,0.0,0.0,59.134522563158555
30311,0,calendar_2014_test,169.20484523157762,137.0,0.5,0.0,0.0,32.20484523157762
30312,0,calendar_2014_test,112.33170940866877,469.0,0.5,0.0,0.0,356.66829059133124
30313,0,calendar_2014_test,439.1103004968864,344.0,0.5,0.0,0.0,95.1103004968864
30314,0,calendar_2014_test,265.6523872626371,281.0,0.5,0.0,0.0,15.347612737362908
30315,0,calendar_2014_test,276.3674062578585,209.0,0.5,0.0,0.0,67.36740625785848
30316,0,calendar_2014_test,186.56116981440758,150.0,0.5,0.0,0.0,36.56116981440758
30317,0,calendar_2014_test,116.3447733379858,138.0,0.5,0.0,0.0,21.6552266620142
30318,0,calendar_2014_test,122.21900841505314,133.0,0.5,0.0,0.0,10.780991584946861
30319,0,calendar_2014_test,109.88411717707159,130.0,0.5,0.0,0.0,20.115882822928413
30320,0,calendar_2014_test,109.26009022582168,143.0,0.5,0.0,0.0,33.739909774178315
30321,0,calendar_2014_test,130.89045853308693,103.0,0.5,0.0,0.0,27.890458533086928
30322,0,calendar_2014_test,78.49210934250029,81.0,0.5,0.0,0.0,2.507890657499715
30323,0,calendar_2014_test,73.00559605979427,70.0,0.5,0.0,0.0,3.0055960597942715
30324,0,calendar_2014_test,60.813202737445025,81.0,0.5,0.0,0.0,20.186797262554975
30325,0,calendar_2014_test,79.06065952319491,117.0,0.5,0.0,0.0,37.939340476805086
30326,0,calendar_2014_test,123.9843838038789,130.0,0.5,0.0,0.0,6.015616196121101
30327,0,calendar_2014_test,132.89529417469555,146.0,0.5,0.0,0.0,13.10470582530445
30328,0,calendar_2014_test,144.60304600569341,144.0,0.5,0.0,0.0,0.6030460056934146
30329,0,calendar_2014_test,139.93599592736126,147.0,0.5,0.0,0.0,7.064004072638738
30330,0,calendar_2014_test,143.60469661403488,140.0,0.5,0.0,0.0,3.6046966140348786
30331,0,calendar_2014_test,135.8818588172857,148.0,0.5,0.0,0.0,12.11814118271431
30332,0,calendar_2014_test,143.42643160902117,155.0,0.5,0.0,0.0,11.573568390978835
30333,0,calendar_2014_test,149.0390809544686,167.0,0.5,0.0,0.0,17.960919045531398
30334,0,calendar_2014_test,159.96482887233387,180.0,0.5,0.0,0.0,20.035171127666132
30335,0,calendar_2014_test,166.46583610872352,183.0,0.5,0.0,0.0,16.534163891276478
30336,0,calendar_2014_test,163.02411323615794,181.0,0.5,0.0,0.0,17.975886763842055
30337,0,calendar_2014_test,156.64641802918902,172.0,0.5,0.0,0.0,15.353581970810978
30338,0,calendar_2014_test,152.13988323908856,167.0,0.5,0.0,0.0,14.860116760911438
30339,0,calendar_2014_test,150.24585549191505,171.0,0.5,0.0,0.0,20.75414450808495
30340,0,calendar_2014_test,153.73335408115145,179.0,0.5,0.0,0.0,25.266645918848553
30341,0,calendar_2014_test,155.0711862483259,175.0,0.5,0.0,0.0,19.928813751674113
30342,0,calendar_2014_test,146.87524083049274,190.0,0.5,0.0,0.0,43.12475916950726
30343,0,calendar_2014_test,160.82081702773624,189.0,0.5,0.0,0.0,28.17918297226376
30344,0,calendar_2014_test,154.49662965559517,187.0,0.5,0.0,0.0,32.50337034440483
30345,0,calendar_2014_test,156.0547455219566,178.0,0.5,0.0,0.0,21.94525447804341
30346,0,calendar_2014_test,161.45095531804623,184.0,0.5,0.0,0.0,22.549044681953774
30347,0,calendar_2014_test,170.3848832005635,152.0,0.5,0.0,0.0,18.384883200563507
30348,0,calendar_2014_test,131.44538145709026,124.0,0.5,0.0,0.0,7.445381457090264
30349,0,calendar_2014_test,113.14047532837279,163.0,0.5,0.0,0.0,49.85952467162721
30350,0,calendar_2014_test,161.98802616667717,143.0,0.5,0.0,0.0,18.988026166677173
30351,0,calendar_2014_test,129.19402821116816,127.0,0.5,0.0,0.0,2.1940282111681597
30352,0,calendar_2014_test,113.64609934638466,109.0,0.5,0.0,0.0,4.646099346384659
30353,0,calendar_2014_test,95.59005223713321,120.0,0.5,0.0,0.0,24.409947762866793
30354,0,calendar_2014_test,128.43715873009947,135.0,0.5,0.0,0.0,6.562841269900531
30355,0,calendar_2014_test,131.97350721558547,118.0,0.5,0.0,0.0,13.973507215585471
30356,0,calendar_2014_test,107.43239981541804,132.0,0.5,0.0,0.0,24.567600184581963
30357,0,calendar_2014_test,130.74564781823884,141.0,0.5,0.0,0.0,10.254352181761163
30358,0,calendar_2014_test,135.18677823438006,144.0,0.5,0.0,0.0,8.813221765619943
30359,0,calendar_2014_test,135.38611970964558,141.0,0.5,0.0,0.0,5.613880290354416
30360,0,calendar_2014_test,132.49879000329074,144.0,0.5,0.0,0.0,11.501209996709264
30361,0,calendar_2014_test,136.85635722597587,159.0,0.5,0.0,0.0,22.14364277402413
30362,0,calendar_2014_test,150.05703971985525,163.0,0.5,0.0,0.0,12.942960280144746
30363,0,calendar_2014_test,150.51288592322834,174.0,0.5,0.0,0.0,23.48711407677166
30364,0,calendar_2014_test,163.20542765905552,164.0,0.5,0.0,0.0,0.7945723409444838
30365,0,calendar_2014_test,149.559271799051,171.0,0.5,0.0,0.0,21.440728200948996
30366,0,calendar_2014_test,151.72207473175368,162.0,0.5,0.0,0.0,10.277925268246321
30367,0,calendar_2014_test,139.97409565463505,152.0,0.5,0.0,0.0,12.02590434536495
30368,0,calendar_2014_test,125.08106986377298,141.0,0.5,0.0,0.0,15.918930136227019
30369,0,calendar_2014_test,111.62646226023959,66.0,0.5,0.0,0.0,45.62646226023959
30370,0,calendar_2014_test,40.32530194238293,22.0,0.5,0.0,0.0,18.32530194238293
30371,0,calendar_2014_test,21.91005874577817,15.0,0.5,0.0,0.0,6.910058745778169
30372,0,calendar_2014_test,16.496193274218264,13.0,0.5,0.0,0.0,3.496193274218264
30373,0,calendar_2014_test,13.760350920497592,13.0,0.5,0.0,0.0,0.7603509204975918
30374,0,calendar_2014_test,13.366939627135567,12.0,0.5,0.0,0.0,1.366939627135567
30375,0,calendar_2014_test,12.468637017722292,13.0,0.5,0.0,0.0,0.5313629822777077
30376,0,calendar_2014_test,13.227176347022187,10.0,0.5,0.0,0.0,3.227176347022187
30377,0,calendar_2014_test,11.040485245737274,9.0,0.5,0.0,0.0,2.0404852457372744
30378,0,calendar_2014_test,10.803655832590982,8.0,0.5,0.0,0.0,2.803655832590982
30379,0,calendar_2014_test,10.271945420482137,9.0,0.5,0.0,0.0,1.2719454204821368
30380,0,calendar_2014_test,10.783541510360251,7.0,0.5,0.0,0.0,3.7835415103602514
30381,0,calendar_2014_test,9.545980797837373,9.0,0.5,0.0,0.0,0.5459807978373732
30382,0,calendar_2014_test,10.763838298918781,8.0,0.5,0.0,0.0,2.763838298918781
30383,0,calendar_2014_test,10.252242209040666,10.0,0.5,0.0,0.0,0.2522422090406664
30384,0,calendar_2014_test,11.032382747411646,8.0,0.5,0.0,0.0,3.0323827474116456
30385,0,calendar_2014_test,10.252242209040666,10.0,0.5,0.0,0.0,0.2522422090406664
30386,0,calendar_2014_test,12.133804615316222,9.0,0.5,0.0,0.0,3.1338046153162225
30387,0,calendar_2014_test,10.632177517131026,6.0,0.5,0.0,0.0,4.632177517131026
30388,0,calendar_2014_test,9.394616804608152,6.0,0.5,0.0,0.0,3.3946168046081517
30389,0,calendar_2014_test,9.394616804608152,7.0,0.5,0.0,0.0,2.3946168046081517
30390,0,calendar_2014_test,9.394616804608152,5.0,0.5,0.0,0.0,4.394616804608152
30391,0,calendar_2014_test,9.394616804608152,6.0,0.5,0.0,0.0,3.3946168046081517
30392,0,calendar_2014_test,9.394616804608152,6.0,0.5,0.0,0.0,3.3946168046081517
30393,0,calendar_2014_test,9.394616804608152,4.0,0.5,0.0,0.0,5.394616804608152
30394,0,calendar_2014_test,9.394616804608152,4.0,0.5,0.0,0.0,5.394616804608152
30395,0,calendar_2014_test,9.394616804608152,6.0,0.5,0.0,0.0,3.3946168046081517
30396,0,calendar_2014_test,9.394616804608152,6.0,0.5,0.0,0.0,3.3946168046081517
30397,0,calendar_2014_test,9.394616804608152,6.0,0.5,0.0,0.0,3.3946168046081517
30398,0,calendar_2014_test,9.394616804608152,4.0,0.5,0.0,0.0,5.394616804608152
30399,0,calendar_2014_test,9.394616804608152,6.0,0.5,0.0,0.0,3.3946168046081517
30400,0,calendar_2014_test,9.394616804608152,6.0,0.5,0.0,0.0,3.3946168046081517
30401,0,calendar_2014_test,9.394616804608152,6.0,0.5,0.0,0.0,3.3946168046081517
30402,0,calendar_2014_test,9.394616804608152,6.0,0.5,0.0,0.0,3.3946168046081517
30403,0,calendar_2014_test,9.394616804608152,11.0,0.5,0.0,0.0,1.6053831953918483
30404,0,calendar_2014_test,12.135776854730182,11.0,0.5,0.0,0.0,1.1357768547301816
30405,0,calendar_2014_test,12.033727519669766,13.0,0.5,0.0,0.0,0.9662724803302343
30406,0,calendar_2014_test,13.247290669252918,16.0,0.5,0.0,0.0,2.7527093307470825
30407,0,calendar_2014_test,14.319263299148924,3.0,0.5,0.0,0.0,11.319263299148924
30408,0,calendar_2014_test,9.758991860618897,7.0,0.5,0.0,0.0,2.758991860618897
30409,0,calendar_2014_test,9.39366657989369,6.0,0.5,0.0,0.0,3.39366657989369
30410,0,calendar_2014_test,9.394616804608152,6.0,0.5,0.0,0.0,3.3946168046081517
30411,0,calendar_2014_test,9.394616804608152,6.0,0.5,0.0,0.0,3.3946168046081517
30412,0,calendar_2014_test,9.394616804608152,6.0,0.5,0.0,0.0,3.3946168046081517
30413,0,calendar_2014_test,9.394616804608152,7.0,0.5,0.0,0.0,2.3946168046081517
30414,0,calendar_2014_test,9.394616804608152,10.0,0.5,0.0,0.0,0.6053831953918483
30415,0,calendar_2014_test,10.90072196562389,10.0,0.5,0.0,0.0,0.9007219656238892
30416,0,calendar_2014_test,10.90072196562389,9.0,0.5,0.0,0.0,1.9007219656238892
30417,0,calendar_2014_test,10.632177517131026,12.0,0.5,0.0,0.0,1.3678224828689736
30418,0,calendar_2014_test,12.328873737608912,12.0,0.5,0.0,0.0,0.32887373760891236
30419,0,calendar_2014_test,12.328873737608912,11.0,0.5,0.0,0.0,1.3288737376089124
30420,0,calendar_2014_test,11.862249204209817,10.0,0.5,0.0,0.0,1.8622492042098173
30421,0,calendar_2014_test,10.90072196562389,6.0,0.5,0.0,0.0,4.900721965623889
30422,0,calendar_2014_test,9.394616804608152,8.0,0.5,0.0,0.0,1.3946168046081517
30423,0,calendar_2014_test,12.975609607833352,7.0,0.5,0.0,0.0,5.975609607833352
30424,0,calendar_2014_test,12.217667527227642,18.0,0.5,0.0,0.0,5.782332472772358
30425,0,calendar_2014_test,20.18984842350848,17.0,0.5,0.0,0.0,3.1898484235084794
30426,0,calendar_2014_test,18.28133676086173,50.0,0.5,0.0,0.0,31.71866323913827
30427,0,calendar_2014_test,47.93631937867655,71.0,0.5,0.0,0.0,23.06368062132345
30428,0,calendar_2014_test,69.49301547142232,91.0,0.5,0.0,0.0,21.506984528577675
30429,0,calendar_2014_test,85.25076392447417,109.0,0.5,0.0,0.0,23.74923607552583
30430,0,calendar_2014_test,97.44506955511449,126.0,0.5,0.0,0.0,28.554930444885514
30431,0,calendar_2014_test,113.34913270708928,104.0,0.5,0.0,0.0,9.349132707089282
30432,0,calendar_2014_test,80.4129901925968,80.0,0.5,0.0,0.0,0.41299019259679426
30433,0,calendar_2014_test,67.44824362022332,69.0,0.5,0.0,0.0,1.551756379776677
30434,0,calendar_2014_test,61.91735283124359,62.0,0.5,0.0,0.0,0.08264716875640943
30435,0,calendar_2014_test,57.77776730008325,73.0,0.5,0.0,0.0,15.222232699916752
30436,0,calendar_2014_test,71.37530776761565,115.0,0.5,0.0,0.0,43.62469223238435
30437,0,calendar_2014_test,105.70258737475115,155.0,0.5,0.0,0.0,49.29741262524885
30438,0,calendar_2014_test,147.72134583839622,148.0,0.5,0.0,0.0,0.2786541616037823
30439,0,calendar_2014_test,126.67667252544722,114.0,0.5,0.0,0.0,12.676672525447216
30440,0,calendar_2014_test,78.51602301470454,94.0,0.5,0.0,0.0,15.483976985295456
30441,0,calendar_2014_test,80.96807682813801,117.0,0.5,0.0,0.0,36.03192317186199
30442,0,calendar_2014_test,113.39175253217364,118.0,0.5,0.0,0.0,4.608247467826359
30443,0,calendar_2014_test,100.9574829852422,116.0,0.5,0.0,0.0,15.042517014757806
30444,0,calendar_2014_test,102.98488476916219,96.0,0.5,0.0,0.0,6.984884769162193
30445,0,calendar_2014_test,83.23285154560996,96.0,0.5,0.0,0.0,12.767148454390039
30446,0,calendar_2014_test,87.43948682984644,102.0,0.5,0.0,0.0,14.560513170153556
30447,0,calendar_2014_test,95.07477459321203,99.0,0.5,0.0,0.0,3.9252254067879733
30448,0,calendar_2014_test,92.04392671183417,104.0,0.5,0.0,0.0,11.956073288165825
30449,0,calendar_2014_test,98.86867706563088,101.0,0.5,0.0,0.0,2.1313229343691233
30450,0,calendar_2014_test,93.3848281033708,92.0,0.5,0.0,0.0,1.3848281033707934
30451,0,calendar_2014_test,83.05016961024863,76.0,0.5,0.0,0.0,7.050169610248631
30452,0,calendar_2014_test,68.80504892260063,90.0,0.5,0.0,0.0,21.194951077399367
30453,0,calendar_2014_test,89.69337943151564,111.0,0.5,0.0,0.0,21.306620568484362
30454,0,calendar_2014_test,115.22459429596468,125.0,0.5,0.0,0.0,9.775405704035322
30455,0,calendar_2014_test,121.65083140052354,139.0,0.5,0.0,0.0,17.349168599476457
30456,0,calendar_2014_test,130.21797261905954,151.0,0.5,0.0,0.0,20.782027380940463
30457,0,calendar_2014_test,141.42975294183458,204.0,0.5,0.0,0.0,62.57024705816542
30458,0,calendar_2014_test,195.6124981906422,203.0,0.5,0.0,0.0,7.387501809357786
30459,0,calendar_2014_test,185.09064258479125,200.0,0.5,0.0,0.0,14.909357415208746
30460,0,calendar_2014_test,172.5882468944948,187.0,0.5,0.0,0.0,14.411753105505198
30461,0,calendar_2014_test,165.8093781011244,168.0,0.5,0.0,0.0,2.190621898875605
30462,0,calendar_2014_test,153.77206245041435,158.0,0.5,0.0,0.0,4.227937549585647
30463,0,calendar_2014_test,149.14682030963363,155.0,0.5,0.0,0.0,5.853179690366375
30464,0,calendar_2014_test,145.08034234797933,154.0,0.5,0.0,0.0,8.919657652020675
30465,0,calendar_2014_test,137.8348412585161,146.0,0.5,0.0,0.0,8.165158741483907
30466,0,calendar_2014_test,123.38755046824893,150.0,0.5,0.0,0.0,26.612449531751068
30467,0,calendar_2014_test,124.77030682203534,136.0,0.5,0.0,0.0,11.229693177964663
30468,0,calendar_2014_test,115.20000058679646,130.0,0.5,0.0,0.0,14.799999413203537
30469,0,calendar_2014_test,111.66909442963505,122.0,0.5,0.0,0.0,10.330905570364948
30470,0,calendar_2014_test,113.59784554555657,125.0,0.5,0.0,0.0,11.402154454443433
30471,0,calendar_2014_test,120.06910949689126,121.0,0.5,0.0,0.0,0.930890503108742
30472,0,calendar_2014_test,114.58002833591458,108.0,0.5,0.0,0.0,6.580028335914577
30473,0,calendar_2014_test,97.9004627249358,102.0,0.5,0.0,0.0,4.099537275064193
30474,0,calendar_2014_test,95.61129338656153,118.0,0.5,0.0,0.0,22.388706613438472
30475,0,calendar_2014_test,123.22184939654059,130.0,0.5,0.0,0.0,6.778150603459409
30476,0,calendar_2014_test,134.07604516578772,155.0,0.5,0.0,0.0,20.92395483421228
30477,0,calendar_2014_test,150.99619758245674,131.0,0.5,0.0,0.0,19.996197582456745
30478,0,calendar_2014_test,116.78367466179438,93.0,0.5,0.0,0.0,23.78367466179438
30479,0,calendar_2014_test,79.29269370475184,91.0,0.5,0.0,0.0,11.70730629524816
30480,0,calendar_2014_test,84.54884585099693,86.0,0.5,0.0,0.0,1.4511541490030737
30481,0,calendar_2014_test,81.84922154017869,101.0,0.5,0.0,0.0,19.15077845982131
30482,0,calendar_2014_test,101.38888051457086,105.0,0.5,0.0,0.0,3.6111194854291426
30483,0,calendar_2014_test,100.26976619608607,110.0,0.5,0.0,0.0,9.730233803913933
30484,0,calendar_2014_test,108.22472659664997,112.0,0.5,0.0,0.0,3.7752734033500275
30485,0,calendar_2014_test,106.94285225348264,119.0,0.5,0.0,0.0,12.057147746517359
30486,0,calendar_2014_test,113.99512520409318,100.0,0.5,0.0,0.0,13.995125204093185
30487,0,calendar_2014_test,88.55606482959972,105.0,0.5,0.0,0.0,16.44393517040028
30488,0,calendar_2014_test,97.49127221709696,105.0,0.5,0.0,0.0,7.508727782903037
30489,0,calendar_2014_test,96.82715239044585,112.0,0.5,0.0,0.0,15.172847609554154
30490,0,calendar_2014_test,107.83465055149006,107.0,0.5,0.0,0.0,0.8346505514900571
30491,0,calendar_2014_test,96.46372509902334,94.0,0.5,0.0,0.0,2.4637250990233355
30492,0,calendar_2014_test,84.8675198096647,84.0,0.5,0.0,0.0,0.8675198096646994
30493,0,calendar_2014_test,74.75352338173161,89.0,0.5,0.0,0.0,14.246476618268389
30494,0,calendar_2014_test,81.92617571188401,90.0,0.5,0.0,0.0,8.073824288115986
30495,0,calendar_2014_test,83.23519264803292,98.0,0.5,0.0,0.0,14.764807351967079
30496,0,calendar_2014_test,92.65276625771763,100.0,0.5,0.0,0.0,7.34723374228237
30497,0,calendar_2014_test,97.99385552670628,109.0,0.5,0.0,0.0,11.006144473293716
30498,0,calendar_2014_test,106.76601655064215,107.0,0.5,0.0,0.0,0.23398344935785076
30499,0,calendar_2014_test,102.61686763331583,107.0,0.5,0.0,0.0,4.3831323666841655
30500,0,calendar_2014_test,105.02231004668123,106.0,0.5,0.0,0.0,0.9776899533187731
30501,0,calendar_2014_test,98.43129709912716,108.0,0.5,0.0,0.0,9.568702900872836
30502,0,calendar_2014_test,103.43340372096995,109.0,0.5,0.0,0.0,5.566596279030051
30503,0,calendar_2014_test,103.70283390616117,106.0,0.5,0.0,0.0,2.2971660938388254
30504,0,calendar_2014_test,98.3289432193373,95.0,0.5,0.0,0.0,3.3289432193373045
30505,0,calendar_2014_test,85.4514148466837,94.0,0.5,0.0,0.0,8.548585153316296
30506,0,calendar_2014_test,89.23775504760879,88.0,0.5,0.0,0.0,1.2377550476087862
30507,0,calendar_2014_test,84.83154399769279,115.0,0.5,0.0,0.0,30.16845600230721
30508,0,calendar_2014_test,115.60262475634998,133.0,0.5,0.0,0.0,17.397375243650018
30509,0,calendar_2014_test,125.57129117950552,132.0,0.5,0.0,0.0,6.428708820494478
30510,0,calendar_2014_test,119.29449037389062,147.0,0.5,0.0,0.0,27.705509626109375
30511,0,calendar_2014_test,135.1588662415815,147.0,0.5,0.0,0.0,11.841133758418493
30512,0,calendar_2014_test,132.64365903555137,146.0,0.5,0.0,0.0,13.356340964448634
30513,0,calendar_2014_test,136.305646307686,79.0,0.5,0.0,0.0,57.305646307686004
30514,0,calendar_2014_test,58.57092371567356,38.0,0.5,0.0,0.0,20.57092371567356
30515,0,calendar_2014_test,32.62899976056789,20.0,0.5,0.0,0.0,12.628999760567893
30516,0,calendar_2014_test,21.900784978038885,14.0,0.5,0.0,0.0,7.900784978038885
30517,0,calendar_2014_test,15.074243012998618,10.0,0.5,0.0,0.0,5.074243012998618
30518,0,calendar_2014_test,11.310931149737057,6.0,0.5,0.0,0.0,5.310931149737057
30519,0,calendar_2014_test,9.394616804608152,9.0,0.5,0.0,0.0,0.39461680460815174
30520,0,calendar_2014_test,10.632177517131026,7.0,0.5,0.0,0.0,3.6321775171310264
30521,0,calendar_2014_test,9.394616804608152,10.0,0.5,0.0,0.0,0.6053831953918483
30522,0,calendar_2014_test,10.90072196562389,8.0,0.5,0.0,0.0,2.900721965623889
30523,0,calendar_2014_test,10.120581427252915,7.0,0.5,0.0,0.0,3.1205814272529153
30524,0,calendar_2014_test,9.394616804608152,14.0,0.5,0.0,0.0,4.605383195391848
30525,0,calendar_2014_test,13.284470060179483,10.0,0.5,0.0,0.0,3.2844700601794834
30526,0,calendar_2014_test,11.040485245737274,6.0,0.5,0.0,0.0,5.040485245737274
30527,0,calendar_2014_test,9.394616804608152,9.0,0.5,0.0,0.0,0.39461680460815174
30528,0,calendar_2014_test,10.632177517131026,13.0,0.5,0.0,0.0,2.3678224828689736
30529,0,calendar_2014_test,13.226226122307725,9.0,0.5,0.0,0.0,4.226226122307725
30530,0,calendar_2014_test,10.77194079724441,10.0,0.5,0.0,0.0,0.7719407972444099
30531,0,calendar_2014_test,10.90072196562389,9.0,0.5,0.0,0.0,1.9007219656238892
30532,0,calendar_2014_test,10.632177517131026,10.0,0.5,0.0,0.0,0.6321775171310264
30533,0,calendar_2014_test,10.90072196562389,10.0,0.5,0.0,0.0,0.9007219656238892
30534,0,calendar_2014_test,10.90072196562389,11.0,0.5,0.0,0.0,0.09927803437611082
30535,0,calendar_2014_test,11.862249204209817,12.0,0.5,0.0,0.0,0.13775079579018268
30536,0,calendar_2014_test,12.328873737608912,16.0,0.5,0.0,0.0,3.6711262623910876
30537,0,calendar_2014_test,14.12874432880437,12.0,0.5,0.0,0.0,2.1287443288043697
30538,0,calendar_2014_test,12.693248793619656,17.0,0.5,0.0,0.0,4.306751206380344
30539,0,calendar_2014_test,14.379557765027714,14.0,0.5,0.0,0.0,0.3795577650277142
30540,0,calendar_2014_test,13.941221233891817,14.0,0.5,0.0,0.0,0.058778766108183333
30541,0,calendar_2014_test,13.366939627135567,12.0,0.5,0.0,0.0,1.366939627135567
30542,0,calendar_2014_test,12.468637017722292,14.0,0.5,0.0,0.0,1.5313629822777077
30543,0,calendar_2014_test,14.853696057694272,10.0,0.5,0.0,0.0,4.853696057694272
30544,0,calendar_2014_test,11.060599567968005,11.0,0.5,0.0,0.0,0.06059956796800492
30545,0,calendar_2014_test,11.862249204209817,11.0,0.5,0.0,0.0,0.8622492042098173
30546,0,calendar_2014_test,11.862249204209817,14.0,0.5,0.0,0.0,2.1377507957901827
30547,0,calendar_2014_test,13.227176347022187,15.0,0.5,0.0,0.0,1.772823652977813
30548,0,calendar_2014_test,14.269457833632211,26.0,0.5,0.0,0.0,11.730542166367789
30549,0,calendar_2014_test,22.478095129668016,24.0,0.5,0.0,0.0,1.5219048703319835
30550,0,calendar_2014_test,21.22672162126563,18.0,0.5,0.0,0.0,3.2267216212656287
30551,0,calendar_2014_test,17.595570969925426,11.0,0.5,0.0,0.0,6.595570969925426
30552,0,calendar_2014_test,12.926454300582522,12.0,0.5,0.0,0.0,0.9264543005825221
30553,0,calendar_2014_test,12.335938163553166,9.0,0.5,0.0,0.0,3.335938163553166
30554,0,calendar_2014_test,10.632177517131026,9.0,0.5,0.0,0.0,1.6321775171310264
30555,0,calendar_2014_test,10.632177517131026,13.0,0.5,0.0,0.0,2.3678224828689736
30556,0,calendar_2014_test,13.226226122307725,9.0,0.5,0.0,0.0,4.226226122307725
30557,0,calendar_2014_test,11.259366835508947,8.0,0.5,0.0,0.0,3.2593668355089473
30558,0,calendar_2014_test,10.476346683729705,7.0,0.5,0.0,0.0,3.4763466837297052
30559,0,calendar_2014_test,9.414731126838882,13.0,0.5,0.0,0.0,3.5852688731611178
30560,0,calendar_2014_test,13.42818885824438,13.0,0.5,0.0,0.0,0.42818885824437913
30561,0,calendar_2014_test,13.498600408923323,22.0,0.5,0.0,0.0,8.501399591076677
30562,0,calendar_2014_test,19.141437871141747,10.0,0.5,0.0,0.0,9.141437871141747
30563,0,calendar_2014_test,12.546797988968736,18.0,0.5,0.0,0.0,5.453202011031264
30564,0,calendar_2014_test,19.432088991563145,20.0,0.5,0.0,0.0,0.5679110084368553
30565,0,calendar_2014_test,22.010388209007058,20.0,0.5,0.0,0.0,2.0103882090070577
30566,0,calendar_2014_test,22.699970129812186,26.0,0.5,0.0,0.0,3.3000298701878137
30567,0,calendar_2014_test,27.275842380357716,24.0,0.5,0.0,0.0,3.275842380357716
30568,0,calendar_2014_test,26.132272819162196,25.0,0.5,0.0,0.0,1.1322728191621962
30569,0,calendar_2014_test,26.170829910499123,34.0,0.5,0.0,0.0,7.829170089500877
30570,0,calendar_2014_test,36.67631956896051,42.0,0.5,0.0,0.0,5.323680431039492
30571,0,calendar_2014_test,43.06097847940721,47.0,0.5,0.0,0.0,3.9390215205927888
30572,0,calendar_2014_test,50.69795330536915,53.0,0.5,0.0,0.0,2.302046694630853
30573,0,calendar_2014_test,53.238346428104464,64.0,0.5,0.0,0.0,10.761653571895536
30574,0,calendar_2014_test,66.14565179350554,65.0,0.5,0.0,0.0,1.145651793505536
30575,0,calendar_2014_test,65.92315350937334,66.0,0.5,0.0,0.0,0.07684649062666438
30576,0,calendar_2014_test,66.05155404665018,76.0,0.5,0.0,0.0,9.948445953349818
30577,0,calendar_2014_test,79.55699935181269,83.0,0.5,0.0,0.0,3.443000648187308
30578,0,calendar_2014_test,80.02347835611756,120.0,0.5,0.0,0.0,39.976521643882435
30579,0,calendar_2014_test,114.35263689096544,121.0,0.5,0.0,0.0,6.647363109034558
30580,0,calendar_2014_test,110.80554018167368,111.0,0.5,0.0,0.0,0.19445981832632242
30581,0,calendar_2014_test,99.2332641284292,112.0,0.5,0.0,0.0,12.766735871570802
30582,0,calendar_2014_test,101.68979646103067,100.0,0.5,0.0,0.0,1.6897964610306673
30583,0,calendar_2014_test,84.0695182032733,84.0,0.5,0.0,0.0,0.06951820327330438
30584,0,calendar_2014_test,69.97025095044927,66.0,0.5,0.0,0.0,3.9702509504492696
30585,0,calendar_2014_test,54.69781172209765,64.0,0.5,0.0,0.0,9.302188277902353
30586,0,calendar_2014_test,63.639459161233056,73.0,0.5,0.0,0.0,9.360540838766944
30587,0,calendar_2014_test,72.9563577906507,90.0,0.5,0.0,0.0,17.0436422093493
30588,0,calendar_2014_test,90.71304143970869,103.0,0.5,0.0,0.0,12.28695856029131
30589,0,calendar_2014_test,96.39597578065995,126.0,0.5,0.0,0.0,29.604024219340047
30590,0,calendar_2014_test,120.37394315789817,146.0,0.5,0.0,0.0,25.626056842101832
30591,0,calendar_2014_test,122.349544125734,143.0,0.5,0.0,0.0,20.650455874266
30592,0,calendar_2014_test,121.56524423802095,135.0,0.5,0.0,0.0,13.434755761979048
30593,0,calendar_2014_test,123.3492368764988,188.0,0.5,0.0,0.0,64.6507631235012
30594,0,calendar_2014_test,173.87249423447452,221.0,0.5,0.0,0.0,47.127505765525484
30595,0,calendar_2014_test,206.42659028745652,203.0,0.5,0.0,0.0,3.42659028745652
30596,0,calendar_2014_test,195.6096868894714,204.0,0.5,0.0,0.0,8.39031311052861
30597,0,calendar_2014_test,197.2869181379444,184.0,0.5,0.0,0.0,13.286918137944411
30598,0,calendar_2014_test,173.1643939331379,177.0,0.5,0.0,0.0,3.8356060668621126
30599,0,calendar_2014_test,160.77101245529877,220.0,0.5,0.0,0.0,59.228987544701226
30600,0,calendar_2014_test,190.88638917343235,268.0,0.5,0.0,0.0,77.11361082656765
30601,0,calendar_2014_test,220.59031521841482,255.0,0.5,0.0,0.0,34.409684781585185
30602,0,calendar_2014_test,208.07497153739564,241.0,0.5,0.0,0.0,32.92502846260436
30603,0,calendar_2014_test,185.65397247741168,181.0,0.5,0.0,0.0,4.653972477411685
30604,0,calendar_2014_test,120.33973355185778,146.0,0.5,0.0,0.0,25.660266448142224
30605,0,calendar_2014_test,107.93412455519108,141.0,0.5,0.0,0.0,33.065875444808924
30606,0,calendar_2014_test,125.85444206453086,136.0,0.5,0.0,0.0,10.145557935469142
30607,0,calendar_2014_test,123.44038557828003,124.0,0.5,0.0,0.0,0.5596144217199708
30608,0,calendar_2014_test,104.66759303849636,87.0,0.5,0.0,0.0,17.667593038496364
30609,0,calendar_2014_test,67.13781556463074,66.0,0.5,0.0,0.0,1.137815564630742
30610,0,calendar_2014_test,52.2170352268988,44.0,0.5,0.0,0.0,8.217035226898801
30611,0,calendar_2014_test,37.387632771360934,36.0,0.5,0.0,0.0,1.3876327713609342
30612,0,calendar_2014_test,36.30161875799729,39.0,0.5,0.0,0.0,2.6983812420027107
30613,0,calendar_2014_test,38.610985534252755,55.0,0.5,0.0,0.0,16.389014465747245
30614,0,calendar_2014_test,52.60325678918308,114.0,0.5,0.0,0.0,61.39674321081692
30615,0,calendar_2014_test,127.33883215121207,100.0,0.5,0.0,0.0,27.338832151212074
30616,0,calendar_2014_test,90.21252572791023,95.0,0.5,0.0,0.0,4.787474272089767
30617,0,calendar_2014_test,85.76559273880596,162.0,0.5,0.0,0.0,76.23440726119404
30618,0,calendar_2014_test,142.53955501949358,237.0,0.5,0.0,0.0,94.46044498050642
30619,0,calendar_2014_test,222.51482573185112,229.0,0.5,0.0,0.0,6.4851742681488815
30620,0,calendar_2014_test,224.19806164485507,175.0,0.5,0.0,0.0,49.19806164485507
30621,0,calendar_2014_test,140.6563474583272,150.0,0.5,0.0,0.0,9.34365254167281
30622,0,calendar_2014_test,128.2225153072123,145.0,0.5,0.0,0.0,16.77748469278771
30623,0,calendar_2014_test,125.69896724111203,268.0,0.5,0.0,0.0,142.30103275888797
30624,0,calendar_2014_test,231.73642654029936,237.0,0.5,0.0,0.0,5.263573459700638
30625,0,calendar_2014_test,190.89119131059815,208.0,0.5,0.0,0.0,17.108808689401855
30626,0,calendar_2014_test,173.91332953493728,193.0,0.5,0.0,0.0,19.086670465062724
30627,0,calendar_2014_test,166.78371838622456,175.0,0.5,0.0,0.0,8.216281613775436
30628,0,calendar_2014_test,150.22087558538158,160.0,0.5,0.0,0.0,9.779124414618423
30629,0,calendar_2014_test,136.7219622679246,176.0,0.5,0.0,0.0,39.278037732075404
30630,0,calendar_2014_test,159.46836880709452,181.0,0.5,0.0,0.0,21.53163119290548
30631,0,calendar_2014_test,154.99725258015536,185.0,0.5,0.0,0.0,30.00274741984464
30632,0,calendar_2014_test,163.36701537723718,198.0,0.5,0.0,0.0,34.63298462276282
30633,0,calendar_2014_test,179.43729650622006,205.0,0.5,0.0,0.0,25.562703493779935
30634,0,calendar_2014_test,189.27365179965136,206.0,0.5,0.0,0.0,16.72634820034864
30635,0,calendar_2014_test,189.9884506062823,214.0,0.5,0.0,0.0,24.0115493937177
30636,0,calendar_2014_test,200.82386349906596,214.0,0.5,0.0,0.0,13.176136500934035
30637,0,calendar_2014_test,198.8409361609069,204.0,0.5,0.0,0.0,5.159063839093108
30638,0,calendar_2014_test,188.78061348905047,208.0,0.5,0.0,0.0,19.219386510949533
30639,0,calendar_2014_test,193.62683743747658,200.0,0.5,0.0,0.0,6.373162562523419
30640,0,calendar_2014_test,185.2862272575586,197.0,0.5,0.0,0.0,11.713772742441392
30641,0,calendar_2014_test,182.22468509180658,220.0,0.5,0.0,0.0,37.77531490819342
30642,0,calendar_2014_test,209.63065857609473,236.0,0.5,0.0,0.0,26.36934142390527
30643,0,calendar_2014_test,225.75401531460392,239.0,0.5,0.0,0.0,13.245984685396081
30644,0,calendar_2014_test,223.04313326853838,250.0,0.5,0.0,0.0,26.956866731461616
30645,0,calendar_2014_test,230.6949983932928,243.0,0.5,0.0,0.0,12.305001606707208
30646,0,calendar_2014_test,229.37433113232714,251.0,0.5,0.0,0.0,21.625668867672857
30647,0,calendar_2014_test,228.94399829542388,263.0,0.5,0.0,0.0,34.05600170457612
30648,0,calendar_2014_test,239.3037756615952,262.0,0.5,0.0,0.0,22.69622433840479
30649,0,calendar_2014_test,240.1026916706699,261.0,0.5,0.0,0.0,20.897308329330087
30650,0,calendar_2014_test,239.85773299910036,276.0,0.5,0.0,0.0,36.142267000899636
30651,0,calendar_2014_test,250.2595417062233,264.0,0.5,0.0,0.0,13.740458293776697
30652,0,calendar_2014_test,232.81443265900714,259.0,0.5,0.0,0.0,26.18556734099286
30653,0,calendar_2014_test,232.59883512968162,250.0,0.5,0.0,0.0,17.401164870318382
30654,0,calendar_2014_test,224.80614219461918,235.0,0.5,0.0,0.0,10.193857805380816
30655,0,calendar_2014_test,210.42032792390026,222.0,0.5,0.0,0.0,11.57967207609974
30656,0,calendar_2014_test,193.42363776591836,206.0,0.5,0.0,0.0,12.576362234081643
30657,0,calendar_2014_test,189.39910907907762,205.0,0.5,0.0,0.0,15.600890920922382
30658,0,calendar_2014_test,193.85730823367584,196.0,0.5,0.0,0.0,2.1426917663241625
30659,0,calendar_2014_test,181.27797022415024,218.0,0.5,0.0,0.0,36.72202977584976
30660,0,calendar_2014_test,206.21800572326723,234.0,0.5,0.0,0.0,27.781994276732775
30661,0,calendar_2014_test,216.3315605163113,264.0,0.5,0.0,0.0,47.6684394836887
30662,0,calendar_2014_test,251.26318567775013,272.0,0.5,0.0,0.0,20.73681432224987
30663,0,calendar_2014_test,261.9977269916754,307.0,0.5,0.0,0.0,45.00227300832461
30664,0,calendar_2014_test,278.80022352247875,323.0,0.5,0.0,0.0,44.199776477521254
30665,0,calendar_2014_test,295.7838512139827,311.0,0.5,0.0,0.0,15.2161487860173
30666,0,calendar_2014_test,282.4868972338695,327.0,0.5,0.0,0.0,44.51310276613049
30667,0,calendar_2014_test,300.80046218276954,362.0,0.5,0.0,0.0,61.199537817230464
30668,0,calendar_2014_test,337.32828790327574,487.0,0.5,0.0,0.0,149.67171209672426
30669,0,calendar_2014_test,474.274078228811,436.0,0.5,0.0,0.0,38.27407822881099
30670,0,calendar_2014_test,358.0477901877009,436.0,0.5,0.0,0.0,77.95220981229909
30671,0,calendar_2014_test,378.9971078300965,579.0,0.5,0.0,0.0,200.00289216990348
30672,0,calendar_2014_test,506.17502378473665,649.0,0.5,0.0,0.0,142.82497621526335
30673,0,calendar_2014_test,498.84222396505004,457.0,0.5,0.0,0.0,41.84222396505004
30674,0,calendar_2014_test,320.58815823957605,466.0,0.5,0.0,0.0,145.41184176042395
30675,0,calendar_2014_test,384.03356970736917,408.0,0.5,0.0,0.0,23.966430292630832
30676,0,calendar_2014_test,334.68428163005785,344.0,0.5,0.0,0.0,9.315718369942147
30677,0,calendar_2014_test,237.66619587795503,322.0,0.5,0.0,0.0,84.33380412204497
30678,0,calendar_2014_test,234.21502991684176,287.0,0.5,0.0,0.0,52.78497008315824
30679,0,calendar_2014_test,238.15158290823436,319.0,0.5,0.0,0.0,80.84841709176564
30680,0,calendar_2014_test,286.06188699715204,282.0,0.5,0.0,0.0,4.061886997152044
30681,0,calendar_2014_test,222.69389372189428,277.0,0.5,0.0,0.0,54.306106278105716
30682,0,calendar_2014_test,247.5162654973827,277.0,0.5,0.0,0.0,29.483734502617295
30683,0,calendar_2014_test,253.311488960687,279.0,0.5,0.0,0.0,25.688511039313
30684,0,calendar_2014_test,254.05426209422154,327.0,0.5,0.0,0.0,72.94573790577846
30685,0,calendar_2014_test,302.7159480609481,348.0,0.5,0.0,0.0,45.28405193905189
30686,0,calendar_2014_test,301.58905758983377,418.0,0.5,0.0,0.0,116.41094241016623
30687,0,calendar_2014_test,391.247755618318,423.0,0.5,0.0,0.0,31.752244381681976
30688,0,calendar_2014_test,371.67211611593723,366.0,0.5,0.0,0.0,5.672116115937229
30689,0,calendar_2014_test,317.25758181080346,338.0,0.5,0.0,0.0,20.742418189196542
30690,0,calendar_2014_test,288.87963856364865,347.0,0.5,0.0,0.0,58.120361436351345
30691,0,calendar_2014_test,326.3719402305325,336.0,0.5,0.0,0.0,9.628059769467484
30692,0,calendar_2014_test,305.78035452631934,351.0,0.5,0.0,0.0,45.21964547368066
30693,0,calendar_2014_test,348.583205572117,353.0,0.5,0.0,0.0,4.416794427883019
30694,0,calendar_2014_test,349.0667054993448,375.0,0.5,0.0,0.0,25.933294500655222
30695,0,calendar_2014_test,363.4999818385996,382.0,0.5,0.0,0.0,18.50001816140042
30696,0,calendar_2014_test,346.1333142491686,393.0,0.5,0.0,0.0,46.86668575083138
30697,0,calendar_2014_test,349.4246827854367,388.0,0.5,0.0,0.0,38.57531721456331
30698,0,calendar_2014_test,325.7545474627292,376.0,0.5,0.0,0.0,50.24545253727081
30699,0,calendar_2014_test,295.2863495047032,382.0,0.5,0.0,0.0,86.7136504952968
30700,0,calendar_2014_test,298.80922284125046,362.0,0.5,0.0,0.0,63.19077715874954
30701,0,calendar_2014_test,269.37368180236007,345.0,0.5,0.0,0.0,75.62631819763993
30702,0,calendar_2014_test,265.85367469155847,328.0,0.5,0.0,0.0,62.14632530844153
30703,0,calendar_2014_test,260.2945238412051,323.0,0.5,0.0,0.0,62.70547615879491
30704,0,calendar_2014_test,268.72023825504664,297.0,0.5,0.0,0.0,28.279761744953362
30705,0,calendar_2014_test,192.73080082127524,280.0,0.5,0.0,0.0,87.26919917872476
30706,0,calendar_2014_test,220.79490607444706,267.0,0.5,0.0,0.0,46.205093925552944
30707,0,calendar_2014_test,212.66413873927252,259.0,0.5,0.0,0.0,46.335861260727484
30708,0,calendar_2014_test,219.8886489273125,177.0,0.5,0.0,0.0,42.88864892731249
30709,0,calendar_2014_test,116.59923039999131,161.0,0.5,0.0,0.0,44.40076960000869
30710,0,calendar_2014_test,121.94403702862361,120.0,0.5,0.0,0.0,1.9440370286236117
30711,0,calendar_2014_test,90.78245220925567,185.0,0.5,0.0,0.0,94.21754779074433
30712,0,calendar_2014_test,186.52236447637978,211.0,0.5,0.0,0.0,24.477635523620222
30713,0,calendar_2014_test,215.81143775903135,169.0,0.5,0.0,0.0,46.81143775903135
30714,0,calendar_2014_test,153.30481115577257,242.0,0.5,0.0,0.0,88.69518884422743
30715,0,calendar_2014_test,235.14436502480635,247.0,0.5,0.0,0.0,11.855634975193652
30716,0,calendar_2014_test,224.10010782993845,238.0,0.5,0.0,0.0,13.899892170061548
30717,0,calendar_2014_test,214.953793581464,225.0,0.5,0.0,0.0,10.046206418536002
30718,0,calendar_2014_test,201.93288443466616,216.0,0.5,0.0,0.0,14.067115565333836
30719,0,calendar_2014_test,204.10833739927114,165.0,0.5,0.0,0.0,39.108337399271136
30720,0,calendar_2014_test,138.23265678529316,142.0,0.5,0.0,0.0,3.767343214706841
30721,0,calendar_2014_test,122.21600516359385,136.0,0.5,0.0,0.0,13.783994836406151
30722,0,calendar_2014_test,125.01668556535873,117.0,0.5,0.0,0.0,8.016685565358728
30723,0,calendar_2014_test,101.48848472607119,119.0,0.5,0.0,0.0,17.511515273928808
30724,0,calendar_2014_test,111.9976075727309,52.0,0.5,0.0,0.0,59.9976075727309
30725,0,calendar_2014_test,44.37982284718412,46.0,0.5,0.0,0.0,1.6201771528158773
30726,0,calendar_2014_test,45.598084778833105,53.0,0.5,0.0,0.0,7.401915221166895
30727,0,calendar_2014_test,54.05804170293464,67.0,0.5,0.0,0.0,12.941958297065362
30728,0,calendar_2014_test,71.78020346372192,70.0,0.5,0.0,0.0,1.780203463721918
30729,0,calendar_2014_test,65.92472612755569,61.0,0.5,0.0,0.0,4.924726127555687
30730,0,calendar_2014_test,56.73187503543819,78.0,0.5,0.0,0.0,21.268124964561807
30731,0,calendar_2014_test,79.2161042936324,88.0,0.5,0.0,0.0,8.783895706367602
30732,0,calendar_2014_test,82.29782730228312,75.0,0.5,0.0,0.0,7.297827302283125
30733,0,calendar_2014_test,65.96572572705914,73.0,0.5,0.0,0.0,7.034274272940863
30734,0,calendar_2014_test,66.3571229784424,79.0,0.5,0.0,0.0,12.642877021557595
30735,0,calendar_2014_test,73.58868452345943,67.0,0.5,0.0,0.0,6.588684523459435
30736,0,calendar_2014_test,61.19038221115301,73.0,0.5,0.0,0.0,11.809617788846992
30737,0,calendar_2014_test,69.6560650278017,71.0,0.5,0.0,0.0,1.3439349721982978
30738,0,calendar_2014_test,64.23177625518522,66.0,0.5,0.0,0.0,1.768223744814776
30739,0,calendar_2014_test,61.50602489955035,66.0,0.5,0.0,0.0,4.493975100449653
30740,0,calendar_2014_test,63.43989757199569,75.0,0.5,0.0,0.0,11.560102428004313
30741,0,calendar_2014_test,78.24920976691715,59.0,0.5,0.0,0.0,19.249209766917147
30742,0,calendar_2014_test,54.905294019758486,41.0,0.5,0.0,0.0,13.905294019758486
30743,0,calendar_2014_test,39.22673557537014,45.0,0.5,0.0,0.0,5.773264424629858
30744,0,calendar_2014_test,46.676029618730574,28.0,0.5,0.0,0.0,18.676029618730574
30745,0,calendar_2014_test,28.999002913571356,27.0,0.5,0.0,0.0,1.9990029135713563
30746,0,calendar_2014_test,27.24782081726893,27.0,0.5,0.0,0.0,0.24782081726893068
30747,0,calendar_2014_test,29.202904060903567,46.0,0.5,0.0,0.0,16.797095939096433
30748,0,calendar_2014_test,46.139252220306815,65.0,0.5,0.0,0.0,18.860747779693185
30749,0,calendar_2014_test,68.26835226215246,60.0,0.5,0.0,0.0,8.268352262152462
30750,0,calendar_2014_test,59.42058104900579,54.0,0.5,0.0,0.0,5.42058104900579
30751,0,calendar_2014_test,52.54262312502502,63.0,0.5,0.0,0.0,10.457376874974983
30752,0,calendar_2014_test,63.26549176499151,71.0,0.5,0.0,0.0,7.734508235008491
30753,0,calendar_2014_test,68.93803684142823,69.0,0.5,0.0,0.0,0.06196315857177126
30754,0,calendar_2014_test,64.59031672781968,76.0,0.5,0.0,0.0,11.409683272180317
30755,0,calendar_2014_test,73.55141799225976,82.0,0.5,0.0,0.0,8.448582007740242
30756,0,calendar_2014_test,77.52198369636457,63.0,0.5,0.0,0.0,14.521983696364572
30757,0,calendar_2014_test,57.99354473832919,63.0,0.5,0.0,0.0,5.0064552616708085
30758,0,calendar_2014_test,60.965284154289535,63.0,0.5,0.0,0.0,2.0347158457104655
30759,0,calendar_2014_test,60.831434249261655,64.0,0.5,0.0,0.0,3.1685657507383453
30760,0,calendar_2014_test,21.32138687760457,15.0,0.5,0.0,0.0,6.321386877604571
30761,0,calendar_2014_test,20.396289355358466,34.0,0.5,0.0,0.0,13.603710644641534
30762,0,calendar_2014_test,37.28398209094603,39.0,0.5,0.0,0.0,1.7160179090539671
30763,0,calendar_2014_test,40.41331575697591,89.0,0.5,0.0,0.0,48.58668424302409
30764,0,calendar_2014_test,85.94763359716741,124.0,0.5,0.0,0.0,38.05236640283259
30765,0,calendar_2014_test,123.72589274590423,142.0,0.5,0.0,0.0,18.274107254095767
30766,0,calendar_2014_test,134.04336270856928,152.0,0.5,0.0,0.0,17.956637291430724
30767,0,calendar_2014_test,127.51109800710766,156.0,0.5,0.0,0.0,28.488901992892337
30768,0,calendar_2014_test,148.1900401660202,152.0,0.5,0.0,0.0,3.8099598339798035
30769,0,calendar_2014_test,126.81458320040929,160.0,0.5,0.0,0.0,33.18541679959071
30770,0,calendar_2014_test,141.27108469664554,173.0,0.5,0.0,0.0,31.728915303354455
30771,0,calendar_2014_test,171.52490675538067,174.0,0.5,0.0,0.0,2.4750932446193303
30772,0,calendar_2014_test,164.31127704869175,180.0,0.5,0.0,0.0,15.68872295130825
30773,0,calendar_2014_test,171.63650725626593,185.0,0.5,0.0,0.0,13.36349274373407
30774,0,calendar_2014_test,160.91398746827025,184.0,0.5,0.0,0.0,23.08601253172975
30775,0,calendar_2014_test,169.96420390785934,190.0,0.5,0.0,0.0,20.035796092140657
30776,0,calendar_2014_test,168.89368487957097,196.0,0.5,0.0,0.0,27.10631512042903
30777,0,calendar_2014_test,243.27137603881755,267.0,0.5,0.0,0.0,23.72862396118245
30778,0,calendar_2014_test,253.6449856357382,334.0,0.5,0.0,0.0,80.35501436426179
30779,0,calendar_2014_test,308.8166849050536,328.0,0.5,0.0,0.0,19.18331509494641
30780,0,calendar_2014_test,299.4542812175585,327.0,0.5,0.0,0.0,27.545718782441497
30781,0,calendar_2014_test,294.3894957089891,326.0,0.5,0.0,0.0,31.610504291010898
30782,0,calendar_2014_test,295.3097480083482,309.0,0.5,0.0,0.0,13.690251991651792
30783,0,calendar_2014_test,289.3308366289391,321.0,0.5,0.0,0.0,31.669163371060904
30784,0,calendar_2014_test,311.7646425629353,340.0,0.5,0.0,0.0,28.235357437064692
30785,0,calendar_2014_test,322.33641883019976,346.0,0.5,0.0,0.0,23.66358116980024
30786,0,calendar_2014_test,336.30631974700043,330.0,0.5,0.0,0.0,6.30631974700043
30787,0,calendar_2014_test,311.6839017082484,340.0,0.5,0.0,0.0,28.316098291751587
30788,0,calendar_2014_test,317.6441423014819,353.0,0.5,0.0,0.0,35.35585769851809
30789,0,calendar_2014_test,346.1770210941546,384.0,0.5,0.0,0.0,37.82297890584539
30790,0,calendar_2014_test,360.8255667409595,383.0,0.5,0.0,0.0,22.174433259040484
30791,0,calendar_2014_test,344.5356781807935,399.0,0.5,0.0,0.0,54.464321819206475
30792,0,calendar_2014_test,362.6393510319077,340.0,0.5,0.0,0.0,22.639351031907722
30793,0,calendar_2014_test,270.78908187446274,327.0,0.5,0.0,0.0,56.21091812553726
30794,0,calendar_2014_test,268.4691465420994,295.0,0.5,0.0,0.0,26.530853457900605
30795,0,calendar_2014_test,224.7229019478565,296.0,0.5,0.0,0.0,71.27709805214349
30796,0,calendar_2014_test,244.6358581552904,333.0,0.5,0.0,0.0,88.3641418447096
30797,0,calendar_2014_test,295.64999103495586,336.0,0.5,0.0,0.0,40.35000896504414
30798,0,calendar_2014_test,297.3321804422327,350.0,0.5,0.0,0.0,52.6678195577673
30799,0,calendar_2014_test,300.6925653320574,305.0,0.5,0.0,0.0,4.307434667942573
30800,0,calendar_2014_test,276.6959706971586,283.0,0.5,0.0,0.0,6.3040293028414
30801,0,calendar_2014_test,245.3181194587802,323.0,0.5,0.0,0.0,77.68188054121981
30802,0,calendar_2014_test,301.43535855908544,377.0,0.5,0.0,0.0,75.56464144091456
30803,0,calendar_2014_test,350.3376974995623,357.0,0.5,0.0,0.0,6.662302500437704
30804,0,calendar_2014_test,327.47931785184323,360.0,0.5,0.0,0.0,32.520682148156766
30805,0,calendar_2014_test,337.6765124966809,350.0,0.5,0.0,0.0,12.323487503319086
30806,0,calendar_2014_test,323.7831522016007,339.0,0.5,0.0,0.0,15.216847798399272
30807,0,calendar_2014_test,316.4464032391334,335.0,0.5,0.0,0.0,18.553596760866583
30808,0,calendar_2014_test,321.5855034111658,341.0,0.5,0.0,0.0,19.414496588834197
30809,0,calendar_2014_test,322.9261785467339,352.0,0.5,0.0,0.0,29.073821453266078
30810,0,calendar_2014_test,349.6767463190775,355.0,0.5,0.0,0.0,5.323253680922505
30811,0,calendar_2014_test,341.0706805265221,327.0,0.5,0.0,0.0,14.070680526522096
30812,0,calendar_2014_test,292.9062789954431,303.0,0.5,0.0,0.0,10.093721004556926
30813,0,calendar_2014_test,259.2379326295946,287.0,0.5,0.0,0.0,27.76206737040542
30814,0,calendar_2014_test,222.44391572813956,279.0,0.5,0.0,0.0,56.55608427186044
30815,0,calendar_2014_test,294.07559125815925,339.0,0.5,0.0,0.0,44.92440874184075
30816,0,calendar_2014_test,294.90728144165035,339.0,0.5,0.0,0.0,44.092718558349645
30817,0,calendar_2014_test,294.93683988764747,341.0,0.5,0.0,0.0,46.063160112352534
30818,0,calendar_2014_test,295.03463239376777,344.0,0.5,0.0,0.0,48.965367606232235
30819,0,calendar_2014_test,302.6234312340437,335.0,0.5,0.0,0.0,32.37656876595628
30820,0,calendar_2014_test,298.6968928938538,329.0,0.5,0.0,0.0,30.30310710614617
30821,0,calendar_2014_test,303.64859378030866,323.0,0.5,0.0,0.0,19.35140621969134
30822,0,calendar_2014_test,293.23117389711,350.0,0.5,0.0,0.0,56.76882610288999
30823,0,calendar_2014_test,314.93224313903,341.0,0.5,0.0,0.0,26.067756860970007
30824,0,calendar_2014_test,303.2983767542587,347.0,0.5,0.0,0.0,43.7016232457413
30825,0,calendar_2014_test,322.27543477418027,356.0,0.5,0.0,0.0,33.72456522581973
30826,0,calendar_2014_test,343.7882550183793,342.0,0.5,0.0,0.0,1.7882550183792887
30827,0,calendar_2014_test,305.1336974903399,366.0,0.5,0.0,0.0,60.8663025096601
30828,0,calendar_2014_test,359.78008943865495,358.0,0.5,0.0,0.0,1.7800894386549544
30829,0,calendar_2014_test,341.33801002325396,391.0,0.5,0.0,0.0,49.66198997674604
30830,0,calendar_2014_test,379.73639871458005,425.0,0.5,0.0,0.0,45.26360128541995
30831,0,calendar_2014_test,392.167238467315,387.0,0.5,0.0,0.0,5.167238467314974
30832,0,calendar_2014_test,339.34506959193766,363.0,0.5,0.0,0.0,23.65493040806234
30833,0,calendar_2014_test,341.55765972789044,343.0,0.5,0.0,0.0,1.4423402721095613
30834,0,calendar_2014_test,306.82570826695905,353.0,0.5,0.0,0.0,46.174291733040945
30835,0,calendar_2014_test,348.0838945763779,357.0,0.5,0.0,0.0,8.916105423622128
30836,0,calendar_2014_test,346.7388146298861,371.0,0.5,0.0,0.0,24.26118537011388
30837,0,calendar_2014_test,343.7685993349559,394.0,0.5,0.0,0.0,50.23140066504408
30838,0,calendar_2014_test,366.23482163057093,453.0,0.5,0.0,0.0,86.76517836942907
30839,0,calendar_2014_test,401.7272464175252,453.0,0.5,0.0,0.0,51.27275358247482
30840,0,calendar_2014_test,397.378953369432,485.0,0.5,0.0,0.0,87.621046630568
30841,0,calendar_2014_test,432.741196921391,463.0,0.5,0.0,0.0,30.25880307860899
30842,0,calendar_2014_test,387.0513402663943,463.0,0.5,0.0,0.0,75.94865973360572
30843,0,calendar_2014_test,403.33373232406484,418.0,0.5,0.0,0.0,14.66626767593516
30844,0,calendar_2014_test,360.8523670394067,384.0,0.5,0.0,0.0,23.147632960593285
30845,0,calendar_2014_test,315.6497923482415,371.0,0.5,0.0,0.0,55.350207651758524
30846,0,calendar_2014_test,336.4879161736854,369.0,0.5,0.0,0.0,32.51208382631461
30847,0,calendar_2014_test,344.22889413483193,374.0,0.5,0.0,0.0,29.771105865168067
30848,0,calendar_2014_test,347.93884276193927,397.0,0.5,0.0,0.0,49.06115723806073
30849,0,calendar_2014_test,373.42803918971,397.0,0.5,0.0,0.0,23.571960810290022
30850,0,calendar_2014_test,360.0615449054991,389.0,0.5,0.0,0.0,28.93845509450091
30851,0,calendar_2014_test,358.56945588985633,410.0,0.5,0.0,0.0,51.43054411014367
30852,0,calendar_2014_test,384.4085502288431,436.0,0.5,0.0,0.0,51.591449771156874
30853,0,calendar_2014_test,395.63470911859804,462.0,0.5,0.0,0.0,66.36529088140196
30854,0,calendar_2014_test,408.3005685613906,482.0,0.5,0.0,0.0,73.6994314386094
30855,0,calendar_2014_test,427.143743611348,501.0,0.5,0.0,0.0,73.85625638865201
30856,0,calendar_2014_test,416.221054397202,507.0,0.5,0.0,0.0,90.77894560279799
30857,0,calendar_2014_test,445.29277423249846,523.0,0.5,0.0,0.0,77.70722576750154
30858,0,calendar_2014_test,451.6802769347512,545.0,0.5,0.0,0.0,93.31972306524881
30859,0,calendar_2014_test,485.96038285542767,577.0,0.5,0.0,0.0,91.03961714457233
30860,0,calendar_2014_test,489.29782641378324,541.0,0.5,0.0,0.0,51.70217358621676
30861,0,calendar_2014_test,472.84278688234514,532.0,0.5,0.0,0.0,59.15721311765486
30862,0,calendar_2014_test,435.25989916157306,534.0,0.5,0.0,0.0,98.74010083842694
30863,0,calendar_2014_test,436.70441294362195,495.0,0.5,0.0,0.0,58.295587056378054
30864,0,calendar_2014_test,419.1578187587366,483.0,0.5,0.0,0.0,63.842181241263404
30865,0,calendar_2014_test,413.26156684142364,474.0,0.5,0.0,0.0,60.738433158576356
30866,0,calendar_2014_test,441.7574235317984,478.0,0.5,0.0,0.0,36.242576468201605
30867,0,calendar_2014_test,431.8879959999535,496.0,0.5,0.0,0.0,64.11200400004651
30868,0,calendar_2014_test,439.54972848168035,519.0,0.5,0.0,0.0,79.45027151831965
30869,0,calendar_2014_test,447.1818976892975,526.0,0.5,0.0,0.0,78.8181023107025
30870,0,calendar_2014_test,449.42185764115396,512.0,0.5,0.0,0.0,62.57814235884604
30871,0,calendar_2014_test,439.8968560386,557.0,0.5,0.0,0.0,117.10314396140001
30872,0,calendar_2014_test,487.2466047234072,551.0,0.5,0.0,0.0,63.75339527659281
30873,0,calendar_2014_test,472.2580876245929,562.0,0.5,0.0,0.0,89.74191237540708
30874,0,calendar_2014_test,453.50206481421475,542.0,0.5,0.0,0.0,88.49793518578525
30875,0,calendar_2014_test,457.3739520471981,502.0,0.5,0.0,0.0,44.62604795280191
30876,0,calendar_2014_test,414.1892650252719,525.0,0.5,0.0,0.0,110.81073497472812
30877,0,calendar_2014_test,421.9308768293409,446.0,0.5,0.0,0.0,24.06912317065911
30878,0,calendar_2014_test,377.34902135497646,188.0,0.5,0.0,0.0,189.34902135497646
30879,0,calendar_2014_test,129.85385473750628,111.0,0.5,0.0,0.0,18.853854737506282
30880,0,calendar_2014_test,71.20165519478576,82.0,0.5,0.0,0.0,10.798344805214242
30881,0,calendar_2014_test,68.75858457786124,58.0,0.5,0.0,0.0,10.758584577861242
30882,0,calendar_2014_test,51.265995512154305,43.0,0.5,0.0,0.0,8.265995512154305
30883,0,calendar_2014_test,40.32677201962311,27.0,0.5,0.0,0.0,13.326772019623107
30884,0,calendar_2014_test,24.41371305152234,31.0,0.5,0.0,0.0,6.58628694847766
30885,0,calendar_2014_test,27.201673920135434,15.0,0.5,0.0,0.0,12.201673920135434
30886,0,calendar_2014_test,16.72615546350073,17.0,0.5,0.0,0.0,0.27384453649926854
30887,0,calendar_2014_test,15.241900610157947,17.0,0.5,0.0,0.0,1.7580993898420534
30888,0,calendar_2014_test,15.151166530910487,21.0,0.5,0.0,0.0,5.848833469089513
30889,0,calendar_2014_test,18.938135392703042,17.0,0.5,0.0,0.0,1.9381353927030425
30890,0,calendar_2014_test,15.573283140347204,13.0,0.5,0.0,0.0,2.573283140347204
30891,0,calendar_2014_test,14.032934767345573,11.0,0.5,0.0,0.0,3.032934767345573
30892,0,calendar_2014_test,12.002012484323197,12.0,0.5,0.0,0.0,0.002012484323197228
30893,0,calendar_2014_test,12.328873737608912,10.0,0.5,0.0,0.0,2.3288737376089124
30894,0,calendar_2014_test,10.90072196562389,13.0,0.5,0.0,0.0,2.099278034376111
30895,0,calendar_2014_test,13.227176347022187,13.0,0.5,0.0,0.0,0.22717634702218703
30896,0,calendar_2014_test,13.518714731154054,8.0,0.5,0.0,0.0,5.518714731154054
30897,0,calendar_2014_test,10.280459029597028,12.0,0.5,0.0,0.0,1.7195409704029725
30898,0,calendar_2014_test,12.637169626579146,12.0,0.5,0.0,0.0,0.637169626579146
30899,0,calendar_2014_test,12.580943617438178,14.0,0.5,0.0,0.0,1.4190563825618216
30900,0,calendar_2014_test,13.775761091266332,17.0,0.5,0.0,0.0,3.2242389087336676
30901,0,calendar_2014_test,14.771516144128418,18.0,0.5,0.0,0.0,3.2284838558715823
30902,0,calendar_2014_test,20.174005480183745,17.0,0.5,0.0,0.0,3.1740054801837445
30903,0,calendar_2014_test,18.26302393238658,19.0,0.5,0.0,0.0,0.7369760676134192
30904,0,calendar_2014_test,20.932856005498437,31.0,0.5,0.0,0.0,10.067143994501563
30905,0,calendar_2014_test,36.9244162376764,45.0,0.5,0.0,0.0,8.075583762323603
30906,0,calendar_2014_test,45.98983397316999,42.0,0.5,0.0,0.0,3.9898339731699934
30907,0,calendar_2014_test,41.37313146854977,53.0,0.5,0.0,0.0,11.626868531450228
30908,0,calendar_2014_test,53.23694873390243,42.0,0.5,0.0,0.0,11.23694873390243
30909,0,calendar_2014_test,41.85123740594682,34.0,0.5,0.0,0.0,7.851237405946819
30910,0,calendar_2014_test,36.721032487171925,130.0,0.5,0.0,0.0,93.27896751282807
30911,0,calendar_2014_test,113.32665130985579,114.0,0.5,0.0,0.0,0.6733486901442092
30912,0,calendar_2014_test,90.75729869890921,61.0,0.5,0.0,0.0,29.75729869890921
30913,0,calendar_2014_test,57.56866680923853,48.0,0.5,0.0,0.0,9.568666809238529
30914,0,calendar_2014_test,47.34282184646036,48.0,0.5,0.0,0.0,0.6571781535396397
30915,0,calendar_2014_test,46.15546385576066,54.0,0.5,0.0,0.0,7.844536144239342
30916,0,calendar_2014_test,52.52381138024354,57.0,0.5,0.0,0.0,4.4761886197564635
30917,0,calendar_2014_test,56.14669757541277,63.0,0.5,0.0,0.0,6.853302424587227
30918,0,calendar_2014_test,65.05762160290233,81.0,0.5,0.0,0.0,15.94237839709767
30919,0,calendar_2014_test,81.2772022689749,98.0,0.5,0.0,0.0,16.722797731025096
30920,0,calendar_2014_test,93.63301641268639,106.0,0.5,0.0,0.0,12.366983587313612
30921,0,calendar_2014_test,96.32169725710649,97.0,0.5,0.0,0.0,0.6783027428935071
30922,0,calendar_2014_test,88.6733587276233,108.0,0.5,0.0,0.0,19.326641272376705
30923,0,calendar_2014_test,103.39271887042071,103.0,0.5,0.0,0.0,0.3927188704207083
30924,0,calendar_2014_test,96.50646291233494,96.0,0.5,0.0,0.0,0.5064629123349391
30925,0,calendar_2014_test,89.47635701010925,84.0,0.5,0.0,0.0,5.476357010109254
30926,0,calendar_2014_test,73.35161655332531,118.0,0.5,0.0,0.0,44.648383446674686
30927,0,calendar_2014_test,114.86509754163387,116.0,0.5,0.0,0.0,1.1349024583661276
30928,0,calendar_2014_test,108.52418819330624,158.0,0.5,0.0,0.0,49.475811806693756
30929,0,calendar_2014_test,162.966957643946,171.0,0.5,0.0,0.0,8.033042356054011
30930,0,calendar_2014_test,158.83958584286867,179.0,0.5,0.0,0.0,20.160414157131328
30931,0,calendar_2014_test,160.82360473776336,172.0,0.5,0.0,0.0,11.176395262236639
30932,0,calendar_2014_test,151.37178340078873,168.0,0.5,0.0,0.0,16.62821659921127
30933,0,calendar_2014_test,152.99908746274232,188.0,0.5,0.0,0.0,35.000912537257676
30934,0,calendar_2014_test,162.80682194277048,206.0,0.5,0.0,0.0,43.19317805722952
30935,0,calendar_2014_test,196.99398369701422,210.0,0.5,0.0,0.0,13.006016302985785
30936,0,calendar_2014_test,197.09711458493229,180.0,0.5,0.0,0.0,17.097114584932285
30937,0,calendar_2014_test,156.66126440133178,181.0,0.5,0.0,0.0,24.338735598668222
30938,0,calendar_2014_test,153.38812810470031,149.0,0.5,0.0,0.0,4.388128104700314
30939,0,calendar_2014_test,121.65319960255216,100.0,0.5,0.0,0.0,21.653199602552164
30940,0,calendar_2014_test,76.72774752368503,83.0,0.5,0.0,0.0,6.272252476314975
30941,0,calendar_2014_test,70.17173214172983,45.0,0.5,0.0,0.0,25.171732141729834
30942,0,calendar_2014_test,37.572003700356056,29.0,0.5,0.0,0.0,8.572003700356056
30943,0,calendar_2014_test,25.086371527315254,15.0,0.5,0.0,0.0,10.086371527315254
30944,0,calendar_2014_test,16.309989328419245,14.0,0.5,0.0,0.0,2.3099893284192454
30945,0,calendar_2014_test,14.088568967437961,17.0,0.5,0.0,0.0,2.9114310325620387
30946,0,calendar_2014_test,14.576884924154244,12.0,0.5,0.0,0.0,2.5768849241542444
30947,0,calendar_2014_test,13.685518974125088,10.0,0.5,0.0,0.0,3.685518974125088
30948,0,calendar_2014_test,10.90072196562389,10.0,0.5,0.0,0.0,0.9007219656238892
30949,0,calendar_2014_test,10.90072196562389,14.0,0.5,0.0,0.0,3.099278034376111
30950,0,calendar_2014_test,17.8252696284017,29.0,0.5,0.0,0.0,11.1747303715983
30951,0,calendar_2014_test,33.754206138417366,51.0,0.5,0.0,0.0,17.245793861582634
30952,0,calendar_2014_test,48.11774266659397,48.0,0.5,0.0,0.0,0.11774266659396915
30953,0,calendar_2014_test,45.21147206508584,74.0,0.5,0.0,0.0,28.788527934914157
30954,0,calendar_2014_test,74.20201171391128,93.0,0.5,0.0,0.0,18.797988286088724
30955,0,calendar_2014_test,97.77973745325187,112.0,0.5,0.0,0.0,14.220262546748131
30956,0,calendar_2014_test,119.51644322162234,125.0,0.5,0.0,0.0,5.483556778377661
30957,0,calendar_2014_test,120.340385267162,133.0,0.5,0.0,0.0,12.659614732837994
30958,0,calendar_2014_test,118.85256208561493,150.0,0.5,0.0,0.0,31.147437914385065
30959,0,calendar_2014_test,135.01257006105124,124.0,0.5,0.0,0.0,11.012570061051235
30960,0,calendar_2014_test,102.75407708058646,135.0,0.5,0.0,0.0,32.245922919413545
30961,0,calendar_2014_test,126.07766964554116,143.0,0.5,0.0,0.0,16.922330354458836
30962,0,calendar_2014_test,137.05729651344336,139.0,0.5,0.0,0.0,1.9427034865566384
30963,0,calendar_2014_test,121.32896147717105,128.0,0.5,0.0,0.0,6.671038522828951
30964,0,calendar_2014_test,108.60625286109651,134.0,0.5,0.0,0.0,25.393747138903493
30965,0,calendar_2014_test,120.88448728668568,146.0,0.5,0.0,0.0,25.115512713314317
30966,0,calendar_2014_test,139.03048347095654,154.0,0.5,0.0,0.0,14.96951652904346
30967,0,calendar_2014_test,151.36652298913148,157.0,0.5,0.0,0.0,5.633477010868518
30968,0,calendar_2014_test,150.47643638980963,174.0,0.5,0.0,0.0,23.523563610190365
30969,0,calendar_2014_test,147.2036089463448,158.0,0.5,0.0,0.0,10.796391053655213
30970,0,calendar_2014_test,134.98276908052077,151.0,0.5,0.0,0.0,16.017230919479232
30971,0,calendar_2014_test,123.53497809802111,141.0,0.5,0.0,0.0,17.465021901978886
30972,0,calendar_2014_test,119.62690836068624,137.0,0.5,0.0,0.0,17.373091639313756
30973,0,calendar_2014_test,120.43480770330022,144.0,0.5,0.0,0.0,23.565192296699777
30974,0,calendar_2014_test,130.5555830534283,144.0,0.5,0.0,0.0,13.444416946571693
30975,0,calendar_2014_test,136.1578197839939,159.0,0.5,0.0,0.0,22.842180216006113
30976,0,calendar_2014_test,151.6853706788531,166.0,0.5,0.0,0.0,14.314629321146896
30977,0,calendar_2014_test,152.3907073974726,183.0,0.5,0.0,0.0,30.609292602527404
30978,0,calendar_2014_test,166.77578862425614,228.0,0.5,0.0,0.0,61.22421137574386
30979,0,calendar_2014_test,208.03823973158768,257.0,0.5,0.0,0.0,48.96176026841232
30980,0,calendar_2014_test,232.88698365022023,306.0,0.5,0.0,0.0,73.11301634977977
30981,0,calendar_2014_test,287.4671457564754,222.0,0.5,0.0,0.0,65.46714575647542
30982,0,calendar_2014_test,162.6023600058006,193.0,0.5,0.0,0.0,30.39763999419941
30983,0,calendar_2014_test,177.71227465675827,188.0,0.5,0.0,0.0,10.287725343241732
30984,0,calendar_2014_test,170.05555211647876,182.0,0.5,0.0,0.0,11.944447883521235
30985,0,calendar_2014_test,165.84033045368994,184.0,0.5,0.0,0.0,18.159669546310056
30986,0,calendar_2014_test,172.5642642923484,209.0,0.5,0.0,0.0,36.43573570765159
30987,0,calendar_2014_test,196.83517983634593,225.0,0.5,0.0,0.0,28.16482016365407
30988,0,calendar_2014_test,216.2653432720698,238.0,0.5,0.0,0.0,21.7346567279302
30989,0,calendar_2014_test,224.28612292286516,246.0,0.5,0.0,0.0,21.71387707713484
30990,0,calendar_2014_test,231.90044200536687,269.0,0.5,0.0,0.0,37.09955799463313
30991,0,calendar_2014_test,248.04975306019287,284.0,0.5,0.0,0.0,35.95024693980713
30992,0,calendar_2014_test,256.02066634286683,260.0,0.5,0.0,0.0,3.979333657133168
30993,0,calendar_2014_test,233.96967248290542,295.0,0.5,0.0,0.0,61.03032751709458
30994,0,calendar_2014_test,273.4712199241266,322.0,0.5,0.0,0.0,48.528780075873385
30995,0,calendar_2014_test,300.0432933124294,308.0,0.5,0.0,0.0,7.956706687570602
30996,0,calendar_2014_test,271.55354275749005,271.0,0.5,0.0,0.0,0.5535427574900496
30997,0,calendar_2014_test,232.38919565731794,240.0,0.5,0.0,0.0,7.610804342682059
30998,0,calendar_2014_test,197.822940035984,230.0,0.5,0.0,0.0,32.177059964015996
30999,0,calendar_2014_test,208.31770939340672,237.0,0.5,0.0,0.0,28.682290606593284
31000,0,calendar_2014_test,205.10334978656456,242.0,0.5,0.0,0.0,36.896650213435436
31001,0,calendar_2014_test,209.32799023867477,241.0,0.5,0.0,0.0,31.672009761325228
31002,0,calendar_2014_test,208.81599889576975,238.0,0.5,0.0,0.0,29.184001104230248
31003,0,calendar_2014_test,198.3703780611871,255.0,0.5,0.0,0.0,56.6296219388129
31004,0,calendar_2014_test,211.9395052077016,266.0,0.5,0.0,0.0,54.060494792298414
31005,0,calendar_2014_test,208.50950198557052,255.0,0.5,0.0,0.0,46.49049801442948
31006,0,calendar_2014_test,200.2132753623161,232.0,0.5,0.0,0.0,31.786724637683903
31007,0,calendar_2014_test,186.30577027975949,226.0,0.5,0.0,0.0,39.694229720240514
31008,0,calendar_2014_test,197.10465513907045,215.0,0.5,0.0,0.0,17.895344860929555
31009,0,calendar_2014_test,195.29766732305004,75.0,0.5,0.0,0.0,120.29766732305004
31010,0,calendar_2014_test,47.10892072845521,3.0,0.5,0.0,0.0,44.10892072845521
31011,0,calendar_2014_test,13.71460735139143,4.0,0.5,0.0,0.0,9.71460735139143
31012,0,calendar_2014_test,11.043004417482464,7.0,0.5,0.0,0.0,4.043004417482464
31013,0,calendar_2014_test,9.483292157110622,6.0,0.5,0.0,0.0,3.483292157110622
31014,0,calendar_2014_test,9.394616804608152,14.0,0.5,0.0,0.0,4.605383195391848
31015,0,calendar_2014_test,13.27878187206503,13.0,0.5,0.0,0.0,0.27878187206503036
31016,0,calendar_2014_test,13.366939627135567,8.0,0.5,0.0,0.0,5.366939627135567
31017,0,calendar_2014_test,10.260344707366297,11.0,0.5,0.0,0.0,0.739655292633703
31018,0,calendar_2014_test,11.862249204209817,13.0,0.5,0.0,0.0,1.1377507957901827
31019,0,calendar_2014_test,13.227176347022187,11.0,0.5,0.0,0.0,2.227176347022187
31020,0,calendar_2014_test,12.002012484323197,7.0,0.5,0.0,0.0,5.002012484323197
31021,0,calendar_2014_test,9.394616804608152,8.0,0.5,0.0,0.0,1.3946168046081517
31022,0,calendar_2014_test,10.120581427252915,11.0,0.5,0.0,0.0,0.8794185727470847
31023,0,calendar_2014_test,11.862249204209817,12.0,0.5,0.0,0.0,0.13775079579018268
31024,0,calendar_2014_test,12.328873737608912,13.0,0.5,0.0,0.0,0.6711262623910876
31025,0,calendar_2014_test,13.227176347022187,9.0,0.5,0.0,0.0,4.227176347022187
31026,0,calendar_2014_test,10.77194079724441,9.0,0.5,0.0,0.0,1.77194079724441
31027,0,calendar_2014_test,10.632177517131026,7.0,0.5,0.0,0.0,3.6321775171310264
31028,0,calendar_2014_test,9.394616804608152,14.0,0.5,0.0,0.0,4.605383195391848
31029,0,calendar_2014_test,13.231658132322773,10.0,0.5,0.0,0.0,3.2316581323227727
31030,0,calendar_2014_test,11.040485245737274,9.0,0.5,0.0,0.0,2.0404852457372744
31031,0,calendar_2014_test,10.632177517131026,18.0,0.5,0.0,0.0,7.367822482868974
31032,0,calendar_2014_test,17.55553453309518,14.0,0.5,0.0,0.0,3.55553453309518
31033,0,calendar_2014_test,16.893435115585127,12.0,0.5,0.0,0.0,4.8934351155851274
31034,0,calendar_2014_test,13.701719667414642,26.0,0.5,0.0,0.0,12.298280332585358
31035,0,calendar_2014_test,25.436131841926667,30.0,0.5,0.0,0.0,4.563868158073333
31036,0,calendar_2014_test,29.010861759818933,35.0,0.5,0.0,0.0,5.989138240181067
31037,0,calendar_2014_test,33.78584674542108,27.0,0.5,0.0,0.0,6.7858467454210825
31038,0,calendar_2014_test,25.675057533080924,13.0,0.5,0.0,0.0,12.675057533080924
31039,0,calendar_2014_test,18.26154879420889,18.0,0.5,0.0,0.0,0.2615487942088883
31040,0,calendar_2014_test,19.959635239879653,27.0,0.5,0.0,0.0,7.040364760120347
31041,0,calendar_2014_test,27.548836295023317,23.0,0.5,0.0,0.0,4.548836295023317
31042,0,calendar_2014_test,24.26913284178987,25.0,0.5,0.0,0.0,0.7308671582101312
31043,0,calendar_2014_test,25.635938907585707,27.0,0.5,0.0,0.0,1.3640610924142926
31044,0,calendar_2014_test,29.69545607636844,26.0,0.5,0.0,0.0,3.6954560763684405
31045,0,calendar_2014_test,26.794374157260545,32.0,0.5,0.0,0.0,5.205625842739455
31046,0,calendar_2014_test,33.59487977258569,39.0,0.5,0.0,0.0,5.405120227414308
31047,0,calendar_2014_test,40.31384214459069,49.0,0.5,0.0,0.0,8.686157855409313
31048,0,calendar_2014_test,48.50686585343433,48.0,0.5,0.0,0.0,0.5068658534343271
31049,0,calendar_2014_test,44.2187097839494,49.0,0.5,0.0,0.0,4.7812902160506
31050,0,calendar_2014_test,40.9098310133166,16.0,0.5,0.0,0.0,24.909831013316598
31051,0,calendar_2014_test,17.304595347393466,12.0,0.5,0.0,0.0,5.304595347393466
31052,0,calendar_2014_test,13.207031057819956,12.0,0.5,0.0,0.0,1.2070310578199557
31053,0,calendar_2014_test,12.385487391907601,11.0,0.5,0.0,0.0,1.385487391907601
31054,0,calendar_2014_test,11.862249204209817,8.0,0.5,0.0,0.0,3.8622492042098173
31055,0,calendar_2014_test,10.120581427252915,11.0,0.5,0.0,0.0,0.8794185727470847
31056,0,calendar_2014_test,11.862249204209817,9.0,0.5,0.0,0.0,2.8622492042098173
31057,0,calendar_2014_test,11.11960355539557,9.0,0.5,0.0,0.0,2.119603555395569
31058,0,calendar_2014_test,10.987942773607823,12.0,0.5,0.0,0.0,1.0120572263921765
31059,0,calendar_2014_test,12.348988059839643,16.0,0.5,0.0,0.0,3.651011940160357
31060,0,calendar_2014_test,14.178549794321082,14.0,0.5,0.0,0.0,0.1785497943210821
31061,0,calendar_2014_test,13.743326507051416,23.0,0.5,0.0,0.0,9.256673492948584
31062,0,calendar_2014_test,19.873675641402283,16.0,0.5,0.0,0.0,3.873675641402283
31063,0,calendar_2014_test,16.449797513693515,10.0,0.5,0.0,0.0,6.449797513693515
31064,0,calendar_2014_test,11.540485789622915,13.0,0.5,0.0,0.0,1.459514210377085
31065,0,calendar_2014_test,13.486234828788719,15.0,0.5,0.0,0.0,1.513765171211281
31066,0,calendar_2014_test,14.319263299148924,12.0,0.5,0.0,0.0,2.3192632991489237
31067,0,calendar_2014_test,12.693248793619656,11.0,0.5,0.0,0.0,1.6932487936196559
31068,0,calendar_2014_test,11.862249204209817,12.0,0.5,0.0,0.0,0.13775079579018268
31069,0,calendar_2014_test,12.328873737608912,12.0,0.5,0.0,0.0,0.32887373760891236
31070,0,calendar_2014_test,12.328873737608912,17.0,0.5,0.0,0.0,4.671126262391088
31071,0,calendar_2014_test,17.608834329531568,27.0,0.5,0.0,0.0,9.391165670468432
31072,0,calendar_2014_test,30.597860785208166,29.0,0.5,0.0,0.0,1.5978607852081659
31073,0,calendar_2014_test,30.10616504986332,41.0,0.5,0.0,0.0,10.893834950136679
31074,0,calendar_2014_test,42.24910301455601,41.0,0.5,0.0,0.0,1.2491030145560131
31075,0,calendar_2014_test,40.836135613013816,53.0,0.5,0.0,0.0,12.163864386986184
31076,0,calendar_2014_test,51.942908653677314,67.0,0.5,0.0,0.0,15.057091346322686
31077,0,calendar_2014_test,68.4537605604487,70.0,0.5,0.0,0.0,1.5462394395513002
31078,0,calendar_2014_test,66.64408795209604,84.0,0.5,0.0,0.0,17.355912047903956
31079,0,calendar_2014_test,82.538007369151,91.0,0.5,0.0,0.0,8.461992630848997
31080,0,calendar_2014_test,85.78717068513622,99.0,0.5,0.0,0.0,13.212829314863782
31081,0,calendar_2014_test,89.53265318886811,97.0,0.5,0.0,0.0,7.46734681113189
31082,0,calendar_2014_test,85.96387662396587,100.0,0.5,0.0,0.0,14.036123376034126
31083,0,calendar_2014_test,89.51481039924302,97.0,0.5,0.0,0.0,7.485189600756982
31084,0,calendar_2014_test,84.39800567953203,86.0,0.5,0.0,0.0,1.6019943204679663
31085,0,calendar_2014_test,73.04600465217642,92.0,0.5,0.0,0.0,18.95399534782358
31086,0,calendar_2014_test,74.10575577618063,64.0,0.5,0.0,0.0,10.10575577618063
31087,0,calendar_2014_test,55.60439681443155,40.0,0.5,0.0,0.0,15.604396814431553
31088,0,calendar_2014_test,35.03098063644993,26.0,0.5,0.0,0.0,9.030980636449932
31089,0,calendar_2014_test,24.757017646937605,21.0,0.5,0.0,0.0,3.757017646937605
31090,0,calendar_2014_test,21.184298982846425,14.0,0.5,0.0,0.0,7.184298982846425
31091,0,calendar_2014_test,18.72009137151897,17.0,0.5,0.0,0.0,1.7200913715189685
31092,0,calendar_2014_test,18.650766398539627,20.0,0.5,0.0,0.0,1.349233601460373
31093,0,calendar_2014_test,22.91343646395842,31.0,0.5,0.0,0.0,8.08656353604158
31094,0,calendar_2014_test,36.86115138767194,40.0,0.5,0.0,0.0,3.1388486123280614
31095,0,calendar_2014_test,42.21341836694287,38.0,0.5,0.0,0.0,4.213418366942868
31096,0,calendar_2014_test,38.91773121711888,41.0,0.5,0.0,0.0,2.0822687828811226
31097,0,calendar_2014_test,43.54369947057665,51.0,0.5,0.0,0.0,7.456300529423352
31098,0,calendar_2014_test,49.5655670838497,69.0,0.5,0.0,0.0,19.4344329161503
31099,0,calendar_2014_test,66.69172754881916,77.0,0.5,0.0,0.0,10.30827245118084
31100,0,calendar_2014_test,71.723121834022,111.0,0.5,0.0,0.0,39.276878165978005
31101,0,calendar_2014_test,110.21792232608908,144.0,0.5,0.0,0.0,33.78207767391092
31102,0,calendar_2014_test,130.08219607372484,133.0,0.5,0.0,0.0,2.9178039262751554
31103,0,calendar_2014_test,115.06744460641438,110.0,0.5,0.0,0.0,5.067444606414384
31104,0,calendar_2014_test,98.32230834319266,143.0,0.5,0.0,0.0,44.67769165680734
31105,0,calendar_2014_test,135.03799031696116,136.0,0.5,0.0,0.0,0.9620096830388434
31106,0,calendar_2014_test,120.07646837067219,141.0,0.5,0.0,0.0,20.92353162932781
31107,0,calendar_2014_test,131.5170930660538,160.0,0.5,0.0,0.0,28.482906933946197
31108,0,calendar_2014_test,157.41004992350173,159.0,0.5,0.0,0.0,1.589950076498269
31109,0,calendar_2014_test,157.17484937237558,167.0,0.5,0.0,0.0,9.825150627624424
31110,0,calendar_2014_test,158.38423238549612,188.0,0.5,0.0,0.0,29.61576761450388
31111,0,calendar_2014_test,160.9121574956839,196.0,0.5,0.0,0.0,35.087842504316086
31112,0,calendar_2014_test,179.36906005532208,205.0,0.5,0.0,0.0,25.63093994467792
31113,0,calendar_2014_test,188.84270039194516,201.0,0.5,0.0,0.0,12.157299608054842
31114,0,calendar_2014_test,177.49444272018727,201.0,0.5,0.0,0.0,23.505557279812734
31115,0,calendar_2014_test,173.1562479391034,202.0,0.5,0.0,0.0,28.843752060896605
31116,0,calendar_2014_test,174.8106657153657,201.0,0.5,0.0,0.0,26.1893342846343
31117,0,calendar_2014_test,167.306506731992,187.0,0.5,0.0,0.0,19.693493268008012
31118,0,calendar_2014_test,150.63730281422488,187.0,0.5,0.0,0.0,36.36269718577512
31119,0,calendar_2014_test,167.30921438462755,199.0,0.5,0.0,0.0,31.690785615372448
31120,0,calendar_2014_test,185.04615193234144,206.0,0.5,0.0,0.0,20.953848067658555
31121,0,calendar_2014_test,195.93220177848036,213.0,0.5,0.0,0.0,17.067798221519638
31122,0,calendar_2014_test,201.7447772523363,187.0,0.5,0.0,0.0,14.744777252336291
31123,0,calendar_2014_test,174.76852246601277,218.0,0.5,0.0,0.0,43.23147753398723
31124,0,calendar_2014_test,200.1297065084842,134.0,0.5,0.0,0.0,66.12970650848419
31125,0,calendar_2014_test,90.8169941986611,131.0,0.5,0.0,0.0,40.18300580133889
31126,0,calendar_2014_test,120.67920542368998,154.0,0.5,0.0,0.0,33.32079457631002
31127,0,calendar_2014_test,149.1414668130143,112.0,0.5,0.0,0.0,37.14146681301429
31128,0,calendar_2014_test,95.69795382387896,55.0,0.5,0.0,0.0,40.69795382387896
31129,0,calendar_2014_test,51.13403790287037,172.0,0.5,0.0,0.0,120.86596209712962
31130,0,calendar_2014_test,167.19885264834934,143.0,0.5,0.0,0.0,24.198852648349344
31131,0,calendar_2014_test,133.6186502745679,122.0,0.5,0.0,0.0,11.618650274567898
31132,0,calendar_2014_test,110.99149306328731,114.0,0.5,0.0,0.0,3.008506936712692
31133,0,calendar_2014_test,105.17165809436466,100.0,0.5,0.0,0.0,5.171658094364659
31134,0,calendar_2014_test,91.2443440443043,119.0,0.5,0.0,0.0,27.7556559556957
31135,0,calendar_2014_test,115.66299131530997,130.0,0.5,0.0,0.0,14.337008684690034
31136,0,calendar_2014_test,127.19509897250109,145.0,0.5,0.0,0.0,17.804901027498914
31137,0,calendar_2014_test,132.3405236846917,149.0,0.5,0.0,0.0,16.659476315308297
31138,0,calendar_2014_test,120.11171273721922,163.0,0.5,0.0,0.0,42.88828726278078
31139,0,calendar_2014_test,123.20998098438973,147.0,0.5,0.0,0.0,23.79001901561027
31140,0,calendar_2014_test,118.226490166523,133.0,0.5,0.0,0.0,14.773509833476993
31141,0,calendar_2014_test,114.7822992715467,126.0,0.5,0.0,0.0,11.217700728453295
31142,0,calendar_2014_test,115.64446501852535,124.0,0.5,0.0,0.0,8.355534981474648
31143,0,calendar_2014_test,112.23166396000762,122.0,0.5,0.0,0.0,9.768336039992377
31144,0,calendar_2014_test,114.1774395884128,91.0,0.5,0.0,0.0,23.177439588412796
31145,0,calendar_2014_test,76.86487661638408,98.0,0.5,0.0,0.0,21.13512338361592
31146,0,calendar_2014_test,91.64686044749364,91.0,0.5,0.0,0.0,0.646860447493637
31147,0,calendar_2014_test,84.06966081125245,78.0,0.5,0.0,0.0,6.069660811252447
31148,0,calendar_2014_test,69.0007588971434,55.0,0.5,0.0,0.0,14.000758897143399
31149,0,calendar_2014_test,48.295876838617126,40.0,0.5,0.0,0.0,8.295876838617126
31150,0,calendar_2014_test,40.75765154736128,36.0,0.5,0.0,0.0,4.757651547361277
31151,0,calendar_2014_test,36.20616637523731,48.0,0.5,0.0,0.0,11.79383362476269
31152,0,calendar_2014_test,49.094780297631516,54.0,0.5,0.0,0.0,4.905219702368484
31153,0,calendar_2014_test,53.14354504039097,63.0,0.5,0.0,0.0,9.856454959609032
31154,0,calendar_2014_test,65.54986165282092,78.0,0.5,0.0,0.0,12.450138347179077
31155,0,calendar_2014_test,81.0979290163749,74.0,0.5,0.0,0.0,7.097929016374906
31156,0,calendar_2014_test,72.45389815245206,76.0,0.5,0.0,0.0,3.546101847547945
31157,0,calendar_2014_test,73.3858138857585,81.0,0.5,0.0,0.0,7.614186114241505
31158,0,calendar_2014_test,75.68298166578762,86.0,0.5,0.0,0.0,10.317018334212378
31159,0,calendar_2014_test,83.12902329220462,89.0,0.5,0.0,0.0,5.8709767077953785
31160,0,calendar_2014_test,83.45682651451021,96.0,0.5,0.0,0.0,12.543173485489788
31161,0,calendar_2014_test,89.85531064924751,99.0,0.5,0.0,0.0,9.144689350752486
31162,0,calendar_2014_test,94.14564816089947,102.0,0.5,0.0,0.0,7.854351839100531
31163,0,calendar_2014_test,96.57363104509227,111.0,0.5,0.0,0.0,14.42636895490773
31164,0,calendar_2014_test,110.36051798774463,121.0,0.5,0.0,0.0,10.639482012255371
31165,0,calendar_2014_test,120.0810491946704,122.0,0.5,0.0,0.0,1.918950805329601
31166,0,calendar_2014_test,115.19784020160427,135.0,0.5,0.0,0.0,19.802159798395735
31167,0,calendar_2014_test,128.65815193255312,145.0,0.5,0.0,0.0,16.341848067446875
31168,0,calendar_2014_test,140.77656738624177,159.0,0.5,0.0,0.0,18.223432613758234
31169,0,calendar_2014_test,151.3962711063006,183.0,0.5,0.0,0.0,31.60372889369941
31170,0,calendar_2014_test,171.4878310292704,187.0,0.5,0.0,0.0,15.51216897072959
31171,0,calendar_2014_test,172.68201909309025,195.0,0.5,0.0,0.0,22.317980906909753
31172,0,calendar_2014_test,181.34927472831458,224.0,0.5,0.0,0.0,42.65072527168542
31173,0,calendar_2014_test,207.45104604493855,259.0,0.5,0.0,0.0,51.54895395506145
31174,0,calendar_2014_test,235.05106820900738,260.0,0.5,0.0,0.0,24.948931790992617
31175,0,calendar_2014_test,232.5817505573227,257.0,0.5,0.0,0.0,24.418249442677308
31176,0,calendar_2014_test,229.802881025875,267.0,0.5,0.0,0.0,37.197118974125004
31177,0,calendar_2014_test,236.42424350019476,260.0,0.5,0.0,0.0,23.575756499805237
31178,0,calendar_2014_test,231.84382562744415,259.0,0.5,0.0,0.0,27.156174372555853
31179,0,calendar_2014_test,228.21896037859577,270.0,0.5,0.0,0.0,41.78103962140423
31180,0,calendar_2014_test,228.63039200232416,234.0,0.5,0.0,0.0,5.369607997675843
31181,0,calendar_2014_test,168.02737529353718,245.0,0.5,0.0,0.0,76.97262470646282
31182,0,calendar_2014_test,185.52840701167398,269.0,0.5,0.0,0.0,83.47159298832602
31183,0,calendar_2014_test,193.28378157102523,303.0,0.5,0.0,0.0,109.71621842897477
31184,0,calendar_2014_test,252.44780719609588,272.0,0.5,0.0,0.0,19.55219280390412
31185,0,calendar_2014_test,218.97914951123195,234.0,0.5,0.0,0.0,15.020850488768048
31186,0,calendar_2014_test,196.88963888713593,214.0,0.5,0.0,0.0,17.11036111286407
31187,0,calendar_2014_test,183.4685565999525,225.0,0.5,0.0,0.0,41.53144340004749
31188,0,calendar_2014_test,188.0160246248404,220.0,0.5,0.0,0.0,31.983975375159588
31189,0,calendar_2014_test,191.62983459938852,209.0,0.5,0.0,0.0,17.370165400611484
31190,0,calendar_2014_test,173.3500975862908,202.0,0.5,0.0,0.0,28.649902413709214
31191,0,calendar_2014_test,157.64394288960415,168.0,0.5,0.0,0.0,10.356057110395852
31192,0,calendar_2014_test,89.3911018874256,13.0,0.5,0.0,0.0,76.3911018874256
31193,0,calendar_2014_test,16.481767924720625,18.0,0.5,0.0,0.0,1.518232075279375
31194,0,calendar_2014_test,19.566075288322665,18.0,0.5,0.0,0.0,1.566075288322665
31195,0,calendar_2014_test,17.4130271195671,13.0,0.5,0.0,0.0,4.413027119567101
31196,0,calendar_2014_test,13.96796575273362,10.0,0.5,0.0,0.0,3.9679657527336207
31197,0,calendar_2014_test,11.192260349755752,11.0,0.5,0.0,0.0,0.19226034975575246
31198,0,calendar_2014_test,11.993909985997567,14.0,0.5,0.0,0.0,2.0060900140024334
31199,0,calendar_2014_test,13.247290669252918,13.0,0.5,0.0,0.0,0.24729066925291754
31200,0,calendar_2014_test,13.366939627135567,10.0,0.5,0.0,0.0,3.366939627135567
31201,0,calendar_2014_test,11.040485245737274,10.0,0.5,0.0,0.0,1.0404852457372744
31202,0,calendar_2014_test,10.90072196562389,10.0,0.5,0.0,0.0,0.9007219656238892
31203,0,calendar_2014_test,10.90072196562389,11.0,0.5,0.0,0.0,0.09927803437611082
31204,0,calendar_2014_test,11.862249204209817,11.0,0.5,0.0,0.0,0.8622492042098173
31205,0,calendar_2014_test,11.862249204209817,11.0,0.5,0.0,0.0,0.8622492042098173
31206,0,calendar_2014_test,12.014024308228297,12.0,0.5,0.0,0.0,0.014024308228297144
31207,0,calendar_2014_test,12.460534519396665,13.0,0.5,0.0,0.0,0.5394654806033348
31208,0,calendar_2014_test,13.247290669252918,11.0,0.5,0.0,0.0,2.2472906692529175
31209,0,calendar_2014_test,12.002012484323197,10.0,0.5,0.0,0.0,2.0020124843231972
31210,0,calendar_2014_test,11.468739568257737,9.0,0.5,0.0,0.0,2.468739568257737
31211,0,calendar_2014_test,10.884247396960296,13.0,0.5,0.0,0.0,2.115752603039704
31212,0,calendar_2014_test,13.500703997542558,13.0,0.5,0.0,0.0,0.5007039975425585
31213,0,calendar_2014_test,14.993459337807652,13.0,0.5,0.0,0.0,1.9934593378076517
31214,0,calendar_2014_test,16.251658027370638,15.0,0.5,0.0,0.0,1.2516580273706381
31215,0,calendar_2014_test,17.297944295846165,20.0,0.5,0.0,0.0,2.7020557041538353
31216,0,calendar_2014_test,21.90386389658114,41.0,0.5,0.0,0.0,19.09613610341886
31217,0,calendar_2014_test,43.596926566830255,35.0,0.5,0.0,0.0,8.596926566830255
31218,0,calendar_2014_test,33.767611284520825,52.0,0.5,0.0,0.0,18.232388715479175
31219,0,calendar_2014_test,45.714398813036226,66.0,0.5,0.0,0.0,20.285601186963774
31220,0,calendar_2014_test,56.797638726619084,36.0,0.5,0.0,0.0,20.797638726619084
31221,0,calendar_2014_test,30.99218517725336,18.0,0.5,0.0,0.0,12.992185177253361
31222,0,calendar_2014_test,19.65554724918704,20.0,0.5,0.0,0.0,0.3444527508129589
31223,0,calendar_2014_test,19.05809734976146,20.0,0.5,0.0,0.0,0.9419026502385393
31224,0,calendar_2014_test,20.60866302807383,14.0,0.5,0.0,0.0,6.608663028073831
31225,0,calendar_2014_test,15.890394096216383,15.0,0.5,0.0,0.0,0.890394096216383
31226,0,calendar_2014_test,15.299567763700049,18.0,0.5,0.0,0.0,2.7004322362999513
31227,0,calendar_2014_test,17.828056971376178,21.0,0.5,0.0,0.0,3.171943028623822
31228,0,calendar_2014_test,19.947442949795686,32.0,0.5,0.0,0.0,12.052557050204314
31229,0,calendar_2014_test,29.299528855340125,21.0,0.5,0.0,0.0,8.299528855340125
31230,0,calendar_2014_test,22.241857018180482,19.0,0.5,0.0,0.0,3.2418570181804824
31231,0,calendar_2014_test,18.502326734491703,12.0,0.5,0.0,0.0,6.502326734491703
31232,0,calendar_2014_test,14.325620395996351,15.0,0.5,0.0,0.0,0.6743796040036489
31233,0,calendar_2014_test,14.418444178571342,16.0,0.5,0.0,0.0,1.5815558214286582
31234,0,calendar_2014_test,17.473698269868486,14.0,0.5,0.0,0.0,3.4736982698684855
31235,0,calendar_2014_test,16.44711521283442,18.0,0.5,0.0,0.0,1.5528847871655813
31236,0,calendar_2014_test,19.14662122781607,20.0,0.5,0.0,0.0,0.8533787721839303
31237,0,calendar_2014_test,21.622235439580326,19.0,0.5,0.0,0.0,2.622235439580326
31238,0,calendar_2014_test,20.893926372166014,28.0,0.5,0.0,0.0,7.106073627833986
31239,0,calendar_2014_test,29.72965229539165,32.0,0.5,0.0,0.0,2.2703477046083513
31240,0,calendar_2014_test,33.277337304123776,40.0,0.5,0.0,0.0,6.722662695876224
31241,0,calendar_2014_test,42.78416235157853,39.0,0.5,0.0,0.0,3.78416235157853
31242,0,calendar_2014_test,35.20904400177925,22.0,0.5,0.0,0.0,13.209044001779247
31243,0,calendar_2014_test,22.094757356431277,37.0,0.5,0.0,0.0,14.905242643568723
31244,0,calendar_2014_test,33.07251718678649,24.0,0.5,0.0,0.0,9.072517186786492
31245,0,calendar_2014_test,22.55166479360488,19.0,0.5,0.0,0.0,3.5516647936048784
31246,0,calendar_2014_test,18.18093449845725,11.0,0.5,0.0,0.0,7.180934498457251
31247,0,calendar_2014_test,13.42214598664108,13.0,0.5,0.0,0.0,0.4221459866410804
31248,0,calendar_2014_test,13.23424077296644,11.0,0.5,0.0,0.0,2.234240772966441
31249,0,calendar_2014_test,12.002012484323197,10.0,0.5,0.0,0.0,2.0020124843231972
31250,0,calendar_2014_test,10.90072196562389,7.0,0.5,0.0,0.0,3.900721965623889
31251,0,calendar_2014_test,9.394616804608152,12.0,0.5,0.0,0.0,2.6053831953918483
31252,0,calendar_2014_test,12.32792351289445,15.0,0.5,0.0,0.0,2.6720764871055493
31253,0,calendar_2014_test,14.129694553518831,12.0,0.5,0.0,0.0,2.1296945535188314
31254,0,calendar_2014_test,12.693248793619656,16.0,0.5,0.0,0.0,3.306751206380344
31255,0,calendar_2014_test,14.12874432880437,7.0,0.5,0.0,0.0,7.12874432880437
31256,0,calendar_2014_test,9.991358529006694,12.0,0.5,0.0,0.0,2.0086414709933056
31257,0,calendar_2014_test,12.617055304348415,19.0,0.5,0.0,0.0,6.3829446956515845
31258,0,calendar_2014_test,20.01812987264768,22.0,0.5,0.0,0.0,1.9818701273523196
31259,0,calendar_2014_test,24.434404511189143,22.0,0.5,0.0,0.0,2.4344045111891432
31260,0,calendar_2014_test,23.867534390145114,16.0,0.5,0.0,0.0,7.867534390145114
31261,0,calendar_2014_test,18.72483719816302,20.0,0.5,0.0,0.0,1.2751628018369807
31262,0,calendar_2014_test,21.349667589308588,30.0,0.5,0.0,0.0,8.650332410691412
31263,0,calendar_2014_test,33.00856807952601,32.0,0.5,0.0,0.0,1.0085680795260075
31264,0,calendar_2014_test,32.827681645028576,38.0,0.5,0.0,0.0,5.172318354971424
31265,0,calendar_2014_test,40.062919727730474,52.0,0.5,0.0,0.0,11.937080272269526
31266,0,calendar_2014_test,49.12264315386668,63.0,0.5,0.0,0.0,13.877356846133317
31267,0,calendar_2014_test,60.17182094046129,66.0,0.5,0.0,0.0,5.828179059538712
31268,0,calendar_2014_test,61.99000418420041,72.0,0.5,0.0,0.0,10.009995815799591
31269,0,calendar_2014_test,67.70371390389204,63.0,0.5,0.0,0.0,4.703713903892037
31270,0,calendar_2014_test,62.5598264665337,69.0,0.5,0.0,0.0,6.4401735334663
31271,0,calendar_2014_test,67.5400381047195,78.0,0.5,0.0,0.0,10.4599618952805
31272,0,calendar_2014_test,72.93889497113713,85.0,0.5,0.0,0.0,12.061105028862869
31273,0,calendar_2014_test,83.04027963700509,82.0,0.5,0.0,0.0,1.040279637005085
31274,0,calendar_2014_test,76.5943352386507,87.0,0.5,0.0,0.0,10.4056647613493
31275,0,calendar_2014_test,83.48042444676766,93.0,0.5,0.0,0.0,9.519575553232343
31276,0,calendar_2014_test,87.17025952504476,116.0,0.5,0.0,0.0,28.829740474955244
31277,0,calendar_2014_test,108.48648549199359,99.0,0.5,0.0,0.0,9.48648549199359
31278,0,calendar_2014_test,89.112214311589,88.0,0.5,0.0,0.0,1.1122143115889997
31279,0,calendar_2014_test,76.33243422830418,91.0,0.5,0.0,0.0,14.66756577169582
31280,0,calendar_2014_test,82.81909367764287,109.0,0.5,0.0,0.0,26.18090632235713
31281,0,calendar_2014_test,93.87386615383886,110.0,0.5,0.0,0.0,16.12613384616114
31282,0,calendar_2014_test,97.76785697453204,109.0,0.5,0.0,0.0,11.232143025467963
31283,0,calendar_2014_test,90.71329021138412,123.0,0.5,0.0,0.0,32.28670978861588
31284,0,calendar_2014_test,113.5821616170459,136.0,0.5,0.0,0.0,22.417838382954102
31285,0,calendar_2014_test,122.60128345543546,119.0,0.5,0.0,0.0,3.601283455435464
31286,0,calendar_2014_test,100.47983605519464,116.0,0.5,0.0,0.0,15.520163944805361
31287,0,calendar_2014_test,98.16889741109186,101.0,0.5,0.0,0.0,2.831102588908138
31288,0,calendar_2014_test,89.18424443562378,131.0,0.5,0.0,0.0,41.81575556437622
31289,0,calendar_2014_test,126.9080215404447,168.0,0.5,0.0,0.0,41.09197845955531
31290,0,calendar_2014_test,144.50728273301812,189.0,0.5,0.0,0.0,44.492717266981884
31291,0,calendar_2014_test,167.31965159878,183.0,0.5,0.0,0.0,15.680348401219987
31292,0,calendar_2014_test,145.4816611689239,205.0,0.5,0.0,0.0,59.51833883107611
31293,0,calendar_2014_test,179.11125268310562,188.0,0.5,0.0,0.0,8.888747316894381
31294,0,calendar_2014_test,159.05397114164325,148.0,0.5,0.0,0.0,11.053971141643245
31295,0,calendar_2014_test,117.05396513906446,137.0,0.5,0.0,0.0,19.94603486093554
31296,0,calendar_2014_test,119.48262221026376,140.0,0.5,0.0,0.0,20.517377789736244
31297,0,calendar_2014_test,131.7766183796751,141.0,0.5,0.0,0.0,9.223381620324886
31298,0,calendar_2014_test,127.10423795276841,121.0,0.5,0.0,0.0,6.104237952768415
31299,0,calendar_2014_test,107.2279975400319,109.0,0.5,0.0,0.0,1.7720024599681068
31300,0,calendar_2014_test,93.64359749704337,83.0,0.5,0.0,0.0,10.643597497043373
31301,0,calendar_2014_test,68.15732098100253,78.0,0.5,0.0,0.0,9.842679018997472
31302,0,calendar_2014_test,71.16791042178134,77.0,0.5,0.0,0.0,5.832089578218657
31303,0,calendar_2014_test,70.06177251166588,79.0,0.5,0.0,0.0,8.938227488334121
31304,0,calendar_2014_test,67.43972188699922,73.0,0.5,0.0,0.0,5.560278113000777
31305,0,calendar_2014_test,63.52952166238539,75.0,0.5,0.0,0.0,11.470478337614608
31306,0,calendar_2014_test,66.05828928974825,91.0,0.5,0.0,0.0,24.941710710251755
31307,0,calendar_2014_test,84.17476486287403,104.0,0.5,0.0,0.0,19.825235137125972
31308,0,calendar_2014_test,94.02963412045762,116.0,0.5,0.0,0.0,21.970365879542385
31309,0,calendar_2014_test,106.62315011619341,121.0,0.5,0.0,0.0,14.376849883806585
31310,0,calendar_2014_test,117.9073750929373,137.0,0.5,0.0,0.0,19.0926249070627
31311,0,calendar_2014_test,127.08799958711106,151.0,0.5,0.0,0.0,23.912000412888943
31312,0,calendar_2014_test,131.5658007128745,159.0,0.5,0.0,0.0,27.434199287125494
31313,0,calendar_2014_test,145.26187168063046,157.0,0.5,0.0,0.0,11.738128319369537
31314,0,calendar_2014_test,143.89893189879373,151.0,0.5,0.0,0.0,7.101068101206266
31315,0,calendar_2014_test,135.8184715418771,150.0,0.5,0.0,0.0,14.181528458122898
31316,0,calendar_2014_test,136.31933424747749,149.0,0.5,0.0,0.0,12.680665752522515
31317,0,calendar_2014_test,137.66965698374932,141.0,0.5,0.0,0.0,3.33034301625068
31318,0,calendar_2014_test,130.1133292956862,144.0,0.5,0.0,0.0,13.886670704313786
31319,0,calendar_2014_test,137.92816516856652,148.0,0.5,0.0,0.0,10.071834831433478
31320,0,calendar_2014_test,137.43681478097554,144.0,0.5,0.0,0.0,6.5631852190244615
31321,0,calendar_2014_test,134.13684361997502,150.0,0.5,0.0,0.0,15.863156380024975
31322,0,calendar_2014_test,137.03519801033653,152.0,0.5,0.0,0.0,14.96480198966347
31323,0,calendar_2014_test,136.08643210753272,155.0,0.5,0.0,0.0,18.913567892467285
31324,0,calendar_2014_test,136.91260323652278,165.0,0.5,0.0,0.0,28.087396763477216
31325,0,calendar_2014_test,139.67310531661272,181.0,0.5,0.0,0.0,41.32689468338728
31326,0,calendar_2014_test,145.35304481872137,191.0,0.5,0.0,0.0,45.64695518127863
31327,0,calendar_2014_test,147.53613836251276,124.0,0.5,0.0,0.0,23.53613836251276
31328,0,calendar_2014_test,89.34969910983922,36.0,0.5,0.0,0.0,53.34969910983922
31329,0,calendar_2014_test,28.812361700967664,40.0,0.5,0.0,0.0,11.187638299032336
31330,0,calendar_2014_test,38.08779019129159,49.0,0.5,0.0,0.0,10.912209808708411
31331,0,calendar_2014_test,42.40030436604108,30.0,0.5,0.0,0.0,12.400304366041077
31332,0,calendar_2014_test,27.954191542485077,27.0,0.5,0.0,0.0,0.9541915424850771
31333,0,calendar_2014_test,25.579808833617854,27.0,0.5,0.0,0.0,1.4201911663821463
31334,0,calendar_2014_test,25.946585998148386,22.0,0.5,0.0,0.0,3.946585998148386
31335,0,calendar_2014_test,20.782639522281247,24.0,0.5,0.0,0.0,3.2173604777187528
31336,0,calendar_2014_test,22.766209253785473,21.0,0.5,0.0,0.0,1.7662092537854726
31337,0,calendar_2014_test,20.327351219827985,26.0,0.5,0.0,0.0,5.672648780172015
31338,0,calendar_2014_test,22.04914088029552,17.0,0.5,0.0,0.0,5.049140880295521
31339,0,calendar_2014_test,16.015090238002564,23.0,0.5,0.0,0.0,6.984909761997436
31340,0,calendar_2014_test,20.010176150658033,23.0,0.5,0.0,0.0,2.989823849341967
31341,0,calendar_2014_test,20.516639299740504,21.0,0.5,0.0,0.0,0.48336070025949596
31342,0,calendar_2014_test,20.96285601157234,21.0,0.5,0.0,0.0,0.037143988427658314
31343,0,calendar_2014_test,20.44595167375974,17.0,0.5,0.0,0.0,3.4459516737597404
31344,0,calendar_2014_test,15.99833211297602,15.0,0.5,0.0,0.0,0.9983321129760192
31345,0,calendar_2014_test,16.173839265455644,13.0,0.5,0.0,0.0,3.173839265455644
31346,0,calendar_2014_test,13.743326507051416,17.0,0.5,0.0,0.0,3.2566734929485843
31347,0,calendar_2014_test,14.801050339890654,14.0,0.5,0.0,0.0,0.8010503398906543
31348,0,calendar_2014_test,14.100319811544653,20.0,0.5,0.0,0.0,5.899680188455347
31349,0,calendar_2014_test,17.58644016158805,18.0,0.5,0.0,0.0,0.413559838411949
31350,0,calendar_2014_test,20.661209804063652,16.0,0.5,0.0,0.0,4.6612098040636525
31351,0,calendar_2014_test,17.915091293395744,27.0,0.5,0.0,0.0,9.084908706604256
31352,0,calendar_2014_test,27.38498427602085,52.0,0.5,0.0,0.0,24.61501572397915
31353,0,calendar_2014_test,46.7559976795416,67.0,0.5,0.0,0.0,20.2440023204584
31354,0,calendar_2014_test,63.70701955271477,76.0,0.5,0.0,0.0,12.292980447285231
31355,0,calendar_2014_test,69.94952007340686,79.0,0.5,0.0,0.0,9.050479926593141
31356,0,calendar_2014_test,69.00413381879838,76.0,0.5,0.0,0.0,6.99586618120162
31357,0,calendar_2014_test,69.36763749718696,66.0,0.5,0.0,0.0,3.367637497186962
31358,0,calendar_2014_test,60.3112225281665,60.0,0.5,0.0,0.0,0.3112225281665033
31359,0,calendar_2014_test,55.513256554894625,66.0,0.5,0.0,0.0,10.486743445105375
31360,0,calendar_2014_test,63.07956213183499,61.0,0.5,0.0,0.0,2.07956213183499
31361,0,calendar_2014_test,55.60757926547992,57.0,0.5,0.0,0.0,1.3924207345200799
31362,0,calendar_2014_test,52.78238707928133,47.0,0.5,0.0,0.0,5.782387079281328
31363,0,calendar_2014_test,44.13346383252687,30.0,0.5,0.0,0.0,14.133463832526871
31364,0,calendar_2014_test,30.425102909710976,34.0,0.5,0.0,0.0,3.5748970902890242
31365,0,calendar_2014_test,34.868452141963324,29.0,0.5,0.0,0.0,5.868452141963324
31366,0,calendar_2014_test,28.972479446838957,47.0,0.5,0.0,0.0,18.027520553161043
31367,0,calendar_2014_test,46.145278859853455,72.0,0.5,0.0,0.0,25.854721140146545
31368,0,calendar_2014_test,72.99403688338147,73.0,0.5,0.0,0.0,0.005963116618531217
31369,0,calendar_2014_test,69.00091993074103,70.0,0.5,0.0,0.0,0.9990800692589659
31370,0,calendar_2014_test,65.5091485763532,78.0,0.5,0.0,0.0,12.490851423646802
31371,0,calendar_2014_test,74.49370270147833,90.0,0.5,0.0,0.0,15.506297298521673
31372,0,calendar_2014_test,87.51563117784018,92.0,0.5,0.0,0.0,4.484368822159823
31373,0,calendar_2014_test,86.33749779263715,94.0,0.5,0.0,0.0,7.662502207362849
31374,0,calendar_2014_test,88.36332481677375,96.0,0.5,0.0,0.0,7.636675183226245
31375,0,calendar_2014_test,86.28520217039012,77.0,0.5,0.0,0.0,9.285202170390122
31376,0,calendar_2014_test,62.207547618068844,79.0,0.5,0.0,0.0,16.792452381931156
31377,0,calendar_2014_test,69.97070129098283,79.0,0.5,0.0,0.0,9.02929870901717
31378,0,calendar_2014_test,69.78417002902708,74.0,0.5,0.0,0.0,4.215829970972919
31379,0,calendar_2014_test,65.26218028229806,76.0,0.5,0.0,0.0,10.737819717701939
31380,0,calendar_2014_test,67.91223239648335,66.0,0.5,0.0,0.0,1.912232396483347
31381,0,calendar_2014_test,62.538329947068284,44.0,0.5,0.0,0.0,18.538329947068284
31382,0,calendar_2014_test,41.83389927175373,48.0,0.5,0.0,0.0,6.1661007282462705
31383,0,calendar_2014_test,46.541261631675226,52.0,0.5,0.0,0.0,5.458738368324774
31384,0,calendar_2014_test,45.89973568807914,20.0,0.5,0.0,0.0,25.89973568807914
31385,0,calendar_2014_test,20.604260966142082,15.0,0.5,0.0,0.0,5.604260966142082
31386,0,calendar_2014_test,15.836251968324158,13.0,0.5,0.0,0.0,2.8362519683241576
31387,0,calendar_2014_test,13.683445258795059,14.0,0.5,0.0,0.0,0.316554741204941
31388,0,calendar_2014_test,13.366939627135567,10.0,0.5,0.0,0.0,3.366939627135567
31389,0,calendar_2014_test,11.040485245737274,7.0,0.5,0.0,0.0,4.040485245737274
31390,0,calendar_2014_test,9.394616804608152,5.0,0.5,0.0,0.0,4.394616804608152
31391,0,calendar_2014_test,9.394616804608152,6.0,0.5,0.0,0.0,3.3946168046081517
31392,0,calendar_2014_test,9.394616804608152,7.0,0.5,0.0,0.0,2.3946168046081517
31393,0,calendar_2014_test,9.394616804608152,10.0,0.5,0.0,0.0,0.6053831953918483
31394,0,calendar_2014_test,10.90072196562389,9.0,0.5,0.0,0.0,1.9007219656238892
31395,0,calendar_2014_test,10.632177517131026,11.0,0.5,0.0,0.0,0.36782248286897357
31396,0,calendar_2014_test,11.862249204209817,9.0,0.5,0.0,0.0,2.8622492042098173
31397,0,calendar_2014_test,10.632177517131026,11.0,0.5,0.0,0.0,0.36782248286897357
31398,0,calendar_2014_test,11.862249204209817,13.0,0.5,0.0,0.0,1.1377507957901827
31399,0,calendar_2014_test,13.227176347022187,11.0,0.5,0.0,0.0,2.227176347022187
31400,0,calendar_2014_test,12.002012484323197,17.0,0.5,0.0,0.0,4.997987515676803
31401,0,calendar_2014_test,14.661287059777274,14.0,0.5,0.0,0.0,0.6612870597772744
31402,0,calendar_2014_test,15.200028828721813,13.0,0.5,0.0,0.0,2.2000288287218126
31403,0,calendar_2014_test,13.954660441210898,9.0,0.5,0.0,0.0,4.954660441210898
31404,0,calendar_2014_test,13.569041310404671,7.0,0.5,0.0,0.0,6.569041310404671
31405,0,calendar_2014_test,11.021136515280231,9.0,0.5,0.0,0.0,2.021136515280231
31406,0,calendar_2014_test,13.458432620724874,11.0,0.5,0.0,0.0,2.4584326207248743
31407,0,calendar_2014_test,13.517923505315476,12.0,0.5,0.0,0.0,1.5179235053154763
31408,0,calendar_2014_test,13.984548038714575,18.0,0.5,0.0,0.0,4.015451961285425
31409,0,calendar_2014_test,16.696470991177836,11.0,0.5,0.0,0.0,5.696470991177836
31410,0,calendar_2014_test,13.13830287635667,11.0,0.5,0.0,0.0,2.1383028763566703
31411,0,calendar_2014_test,13.095331853902163,7.0,0.5,0.0,0.0,6.095331853902163
31412,0,calendar_2014_test,9.414731126838882,6.0,0.5,0.0,0.0,3.4147311268388822
31413,0,calendar_2014_test,9.394616804608152,5.0,0.5,0.0,0.0,4.394616804608152
31414,0,calendar_2014_test,9.394616804608152,7.0,0.5,0.0,0.0,2.3946168046081517
31415,0,calendar_2014_test,9.394616804608152,12.0,0.5,0.0,0.0,2.6053831953918483
31416,0,calendar_2014_test,12.32792351289445,13.0,0.5,0.0,0.0,0.6720764871055493
31417,0,calendar_2014_test,13.227176347022187,17.0,0.5,0.0,0.0,3.772823652977813
31418,0,calendar_2014_test,17.676082470346767,16.0,0.5,0.0,0.0,1.676082470346767
31419,0,calendar_2014_test,16.132238178504426,26.0,0.5,0.0,0.0,9.867761821495574
31420,0,calendar_2014_test,24.175757909970425,18.0,0.5,0.0,0.0,6.175757909970425
31421,0,calendar_2014_test,18.529353527462497,19.0,0.5,0.0,0.0,0.4706464725375028
31422,0,calendar_2014_test,18.02058300409432,21.0,0.5,0.0,0.0,2.97941699590568
31423,0,calendar_2014_test,23.862677480387585,24.0,0.5,0.0,0.0,0.1373225196124146
31424,0,calendar_2014_test,25.388469992932517,20.0,0.5,0.0,0.0,5.388469992932517
31425,0,calendar_2014_test,19.586481552644095,22.0,0.5,0.0,0.0,2.413518447355905
31426,0,calendar_2014_test,21.6224286391033,18.0,0.5,0.0,0.0,3.622428639103301
31427,0,calendar_2014_test,21.052237643707084,19.0,0.5,0.0,0.0,2.052237643707084
31428,0,calendar_2014_test,12.728351361331937,16.0,0.5,0.0,0.0,3.271648638668063
31429,0,calendar_2014_test,14.393504940180899,11.0,0.5,0.0,0.0,3.3935049401808985
31430,0,calendar_2014_test,15.070994225161286,17.0,0.5,0.0,0.0,1.9290057748387142
31431,0,calendar_2014_test,17.608834329531568,31.0,0.5,0.0,0.0,13.391165670468432
31432,0,calendar_2014_test,35.69752188792422,61.0,0.5,0.0,0.0,25.302478112075782
31433,0,calendar_2014_test,57.07738925903858,151.0,0.5,0.0,0.0,93.92261074096142
31434,0,calendar_2014_test,126.67885768102911,163.0,0.5,0.0,0.0,36.321142318970885
31435,0,calendar_2014_test,128.76138077507431,98.0,0.5,0.0,0.0,30.761380775074315
31436,0,calendar_2014_test,68.14741980250996,96.0,0.5,0.0,0.0,27.85258019749004
31437,0,calendar_2014_test,88.77504635305385,119.0,0.5,0.0,0.0,30.224953646946148
31438,0,calendar_2014_test,113.40628406068274,125.0,0.5,0.0,0.0,11.593715939317264
31439,0,calendar_2014_test,113.16246825453281,136.0,0.5,0.0,0.0,22.83753174546719
31440,0,calendar_2014_test,126.53531002538615,147.0,0.5,0.0,0.0,20.464689974613847
31441,0,calendar_2014_test,138.56094500094696,150.0,0.5,0.0,0.0,11.439054999053042
31442,0,calendar_2014_test,127.59896624874983,150.0,0.5,0.0,0.0,22.401033751250168
31443,0,calendar_2014_test,134.33506756147807,173.0,0.5,0.0,0.0,38.66493243852193
31444,0,calendar_2014_test,143.97764556744366,184.0,0.5,0.0,0.0,40.02235443255634
31445,0,calendar_2014_test,161.02893814847835,191.0,0.5,0.0,0.0,29.971061851521654
31446,0,calendar_2014_test,163.16758560323208,166.0,0.5,0.0,0.0,2.8324143967679163
31447,0,calendar_2014_test,137.61246029558455,128.0,0.5,0.0,0.0,9.612460295584555
31448,0,calendar_2014_test,105.09077193753208,141.0,0.5,0.0,0.0,35.90922806246792
31449,0,calendar_2014_test,127.06084256680981,141.0,0.5,0.0,0.0,13.93915743319019
31450,0,calendar_2014_test,122.25055830102353,145.0,0.5,0.0,0.0,22.74944169897647
31451,0,calendar_2014_test,125.56266349191299,156.0,0.5,0.0,0.0,30.437336508087014
31452,0,calendar_2014_test,122.90033366641133,160.0,0.5,0.0,0.0,37.09966633358867
31453,0,calendar_2014_test,125.12204897599739,165.0,0.5,0.0,0.0,39.87795102400261
31454,0,calendar_2014_test,137.29505268215303,155.0,0.5,0.0,0.0,17.704947317846973
31455,0,calendar_2014_test,143.2467446327663,118.0,0.5,0.0,0.0,25.24674463276631
31456,0,calendar_2014_test,97.27719513485059,152.0,0.5,0.0,0.0,54.72280486514941
31457,0,calendar_2014_test,146.28691119391104,214.0,0.5,0.0,0.0,67.71308880608896
31458,0,calendar_2014_test,199.68729341067055,249.0,0.5,0.0,0.0,49.31270658932945
31459,0,calendar_2014_test,238.8758863360703,247.0,0.5,0.0,0.0,8.124113663929705
31460,0,calendar_2014_test,232.2204576566626,248.0,0.5,0.0,0.0,15.779542343337397
31461,0,calendar_2014_test,229.45255807767228,253.0,0.5,0.0,0.0,23.54744192232772
31462,0,calendar_2014_test,230.80039511865797,261.0,0.5,0.0,0.0,30.199604881342026
31463,0,calendar_2014_test,234.77847617761148,257.0,0.5,0.0,0.0,22.22152382238852
31464,0,calendar_2014_test,231.14602146985754,262.0,0.5,0.0,0.0,30.853978530142456
31465,0,calendar_2014_test,233.63799406709722,270.0,0.5,0.0,0.0,36.362005932902775
31466,0,calendar_2014_test,242.53251217981884,262.0,0.5,0.0,0.0,19.467487820181162
31467,0,calendar_2014_test,230.28565387760116,260.0,0.5,0.0,0.0,29.714346122398837
31468,0,calendar_2014_test,231.12655875103576,271.0,0.5,0.0,0.0,39.87344124896424
31469,0,calendar_2014_test,242.50714132771674,281.0,0.5,0.0,0.0,38.49285867228326
31470,0,calendar_2014_test,229.92299911473688,280.0,0.5,0.0,0.0,50.07700088526312
31471,0,calendar_2014_test,230.20539188675625,270.0,0.5,0.0,0.0,39.794608113243754
31472,0,calendar_2014_test,213.2301473848986,277.0,0.5,0.0,0.0,63.7698526151014
31473,0,calendar_2014_test,216.35821941757203,249.0,0.5,0.0,0.0,32.64178058242797
31474,0,calendar_2014_test,184.4354631872771,242.0,0.5,0.0,0.0,57.564536812722906
31475,0,calendar_2014_test,207.47698397486585,192.0,0.5,0.0,0.0,15.476983974865846
31476,0,calendar_2014_test,143.72791484546147,167.0,0.5,0.0,0.0,23.27208515453853
31477,0,calendar_2014_test,129.92013867947873,168.0,0.5,0.0,0.0,38.079861320521275
31478,0,calendar_2014_test,131.78799983503555,184.0,0.5,0.0,0.0,52.21200016496445
31479,0,calendar_2014_test,161.21966440142387,199.0,0.5,0.0,0.0,37.78033559857613
31480,0,calendar_2014_test,180.62792355980358,225.0,0.5,0.0,0.0,44.37207644019642
31481,0,calendar_2014_test,220.64651680199887,252.0,0.5,0.0,0.0,31.35348319800113
31482,0,calendar_2014_test,249.92130231007926,277.0,0.5,0.0,0.0,27.078697689920745
31483,0,calendar_2014_test,267.0218121799423,290.0,0.5,0.0,0.0,22.978187820057713
31484,0,calendar_2014_test,270.80443801167314,299.0,0.5,0.0,0.0,28.19556198832686
31485,0,calendar_2014_test,280.1205783550816,326.0,0.5,0.0,0.0,45.87942164491841
31486,0,calendar_2014_test,298.36929837779223,324.0,0.5,0.0,0.0,25.630701622207766
31487,0,calendar_2014_test,298.92653471701067,320.0,0.5,0.0,0.0,21.073465282989332
31488,0,calendar_2014_test,291.5881014455327,279.0,0.5,0.0,0.0,12.588101445532686
31489,0,calendar_2014_test,212.56424661221394,250.0,0.5,0.0,0.0,37.435753387786065
31490,0,calendar_2014_test,210.21648201790265,228.0,0.5,0.0,0.0,17.78351798209735
31491,0,calendar_2014_test,183.78293623540628,232.0,0.5,0.0,0.0,48.21706376459372
31492,0,calendar_2014_test,178.98420498994577,233.0,0.5,0.0,0.0,54.015795010054234
31493,0,calendar_2014_test,200.97692068103726,239.0,0.5,0.0,0.0,38.02307931896274
31494,0,calendar_2014_test,206.32980006539256,235.0,0.5,0.0,0.0,28.67019993460744
31495,0,calendar_2014_test,197.373085661858,226.0,0.5,0.0,0.0,28.626914338142
31496,0,calendar_2014_test,190.66965015557554,223.0,0.5,0.0,0.0,32.33034984442446
31497,0,calendar_2014_test,187.89805973510698,229.0,0.5,0.0,0.0,41.10194026489302
31498,0,calendar_2014_test,190.62485246841464,206.0,0.5,0.0,0.0,15.375147531585355
31499,0,calendar_2014_test,163.33108758321825,189.0,0.5,0.0,0.0,25.66891241678175
31500,0,calendar_2014_test,150.72056582105853,188.0,0.5,0.0,0.0,37.27943417894147
31501,0,calendar_2014_test,159.39134994547544,163.0,0.5,0.0,0.0,3.60865005452456
31502,0,calendar_2014_test,145.46679428199815,165.0,0.5,0.0,0.0,19.533205718001852
31503,0,calendar_2014_test,152.61115039826566,152.0,0.5,0.0,0.0,0.6111503982656643
31504,0,calendar_2014_test,128.98606740576042,147.0,0.5,0.0,0.0,18.013932594239577
31505,0,calendar_2014_test,137.77305066675152,157.0,0.5,0.0,0.0,19.226949333248484
31506,0,calendar_2014_test,152.9082773003908,181.0,0.5,0.0,0.0,28.091722699609193
31507,0,calendar_2014_test,181.88869283130504,190.0,0.5,0.0,0.0,8.111307168694964
31508,0,calendar_2014_test,178.18303975604806,201.0,0.5,0.0,0.0,22.81696024395194
31509,0,calendar_2014_test,188.21332621595315,226.0,0.5,0.0,0.0,37.786673784046855
31510,0,calendar_2014_test,228.53142344225594,248.0,0.5,0.0,0.0,19.468576557744058
31511,0,calendar_2014_test,239.92956371510746,269.0,0.5,0.0,0.0,29.070436284892537
31512,0,calendar_2014_test,240.15043508302466,275.0,0.5,0.0,0.0,34.84956491697534
31513,0,calendar_2014_test,250.6853801262613,311.0,0.5,0.0,0.0,60.31461987373871
31514,0,calendar_2014_test,274.7669917005096,300.0,0.5,0.0,0.0,25.233008299490393
31515,0,calendar_2014_test,261.7014093166769,317.0,0.5,0.0,0.0,55.298590683323084
31516,0,calendar_2014_test,292.4248759636177,330.0,0.5,0.0,0.0,37.575124036382306
31517,0,calendar_2014_test,302.0364930845331,346.0,0.5,0.0,0.0,43.963506915466894
31518,0,calendar_2014_test,309.4527893565221,350.0,0.5,0.0,0.0,40.54721064347791
31519,0,calendar_2014_test,319.45923638810643,331.0,0.5,0.0,0.0,11.540763611893567
31520,0,calendar_2014_test,290.1165208798296,327.0,0.5,0.0,0.0,36.88347912017042
31521,0,calendar_2014_test,288.243738543344,327.0,0.5,0.0,0.0,38.75626145665598
31522,0,calendar_2014_test,286.83044835446714,286.0,0.5,0.0,0.0,0.830448354467137
31523,0,calendar_2014_test,208.68759993328604,246.0,0.5,0.0,0.0,37.31240006671396
31524,0,calendar_2014_test,184.40768695749128,269.0,0.5,0.0,0.0,84.59231304250872
31525,0,calendar_2014_test,210.5656349761427,309.0,0.5,0.0,0.0,98.43436502385731
31526,0,calendar_2014_test,268.78015770888214,336.0,0.5,0.0,0.0,67.21984229111786
31527,0,calendar_2014_test,298.01778013908853,360.0,0.5,0.0,0.0,61.98221986091147
31528,0,calendar_2014_test,346.8100357161918,387.0,0.5,0.0,0.0,40.189964283808195
31529,0,calendar_2014_test,355.96106918193874,399.0,0.5,0.0,0.0,43.03893081806126
31530,0,calendar_2014_test,359.22222308460425,414.0,0.5,0.0,0.0,54.77777691539575
31531,0,calendar_2014_test,377.27623405028214,465.0,0.5,0.0,0.0,87.72376594971786
31532,0,calendar_2014_test,433.7995147897353,436.0,0.5,0.0,0.0,2.2004852102646737
31533,0,calendar_2014_test,374.2668904458513,435.0,0.5,0.0,0.0,60.73310955414871
31534,0,calendar_2014_test,395.8861867450022,426.0,0.5,0.0,0.0,30.113813254997808
31535,0,calendar_2014_test,383.5204465207403,413.0,0.5,0.0,0.0,29.47955347925972
31536,0,calendar_2014_test,373.91800253043107,358.0,0.5,0.0,0.0,15.918002530431067
31537,0,calendar_2014_test,314.14086943222736,389.0,0.5,0.0,0.0,74.85913056777264
31538,0,calendar_2014_test,362.48796690047834,349.0,0.5,0.0,0.0,13.487966900478341
31539,0,calendar_2014_test,305.61641622673136,340.0,0.5,0.0,0.0,34.38358377326864
31540,0,calendar_2014_test,314.97535668601057,336.0,0.5,0.0,0.0,21.02464331398943
31541,0,calendar_2014_test,302.00477256675657,369.0,0.5,0.0,0.0,66.99522743324343
31542,0,calendar_2014_test,327.317546360297,403.0,0.5,0.0,0.0,75.682453639703
31543,0,calendar_2014_test,361.8203096457329,444.0,0.5,0.0,0.0,82.17969035426711
31544,0,calendar_2014_test,340.02900043302344,306.0,0.5,0.0,0.0,34.02900043302344
31545,0,calendar_2014_test,180.72771203885736,115.0,0.5,0.0,0.0,65.72771203885736
31546,0,calendar_2014_test,85.97943195299796,90.0,0.5,0.0,0.0,4.020568047002044
31547,0,calendar_2014_test,77.6542950406962,82.0,0.5,0.0,0.0,4.345704959303802
31548,0,calendar_2014_test,76.01509835918436,85.0,0.5,0.0,0.0,8.984901640815636
31549,0,calendar_2014_test,80.5539591104996,95.0,0.5,0.0,0.0,14.446040889500395
31550,0,calendar_2014_test,85.19367497570248,96.0,0.5,0.0,0.0,10.806325024297522
31551,0,calendar_2014_test,84.50439562721922,107.0,0.5,0.0,0.0,22.495604372780775
31552,0,calendar_2014_test,98.38872718009314,111.0,0.5,0.0,0.0,12.611272819906858
31553,0,calendar_2014_test,111.20167592180705,125.0,0.5,0.0,0.0,13.798324078192948
31554,0,calendar_2014_test,116.9443774194838,123.0,0.5,0.0,0.0,6.0556225805162
31555,0,calendar_2014_test,106.70111623541418,145.0,0.5,0.0,0.0,38.298883764585824
31556,0,calendar_2014_test,148.4991128994536,153.0,0.5,0.0,0.0,4.500887100546407
31557,0,calendar_2014_test,138.9319961282948,159.0,0.5,0.0,0.0,20.0680038717052
31558,0,calendar_2014_test,150.8397627517166,154.0,0.5,0.0,0.0,3.1602372482834085
31559,0,calendar_2014_test,138.13106426765697,191.0,0.5,0.0,0.0,52.86893573234303
31560,0,calendar_2014_test,177.63276719654505,195.0,0.5,0.0,0.0,17.367232803454954
31561,0,calendar_2014_test,169.6119448345792,194.0,0.5,0.0,0.0,24.38805516542081
31562,0,calendar_2014_test,158.76098513004976,193.0,0.5,0.0,0.0,34.23901486995024
31563,0,calendar_2014_test,167.7837449376199,175.0,0.5,0.0,0.0,7.2162550623801
31564,0,calendar_2014_test,150.52633166489426,194.0,0.5,0.0,0.0,43.47366833510574
31565,0,calendar_2014_test,166.29874645118866,165.0,0.5,0.0,0.0,1.2987464511886628
31566,0,calendar_2014_test,137.34891597645213,138.0,0.5,0.0,0.0,0.6510840235478668
31567,0,calendar_2014_test,115.6585391062187,100.0,0.5,0.0,0.0,15.658539106218697
31568,0,calendar_2014_test,66.99648993987773,83.0,0.5,0.0,0.0,16.003510060122267
31569,0,calendar_2014_test,72.40007502287581,53.0,0.5,0.0,0.0,19.40007502287581
31570,0,calendar_2014_test,48.31662875685712,52.0,0.5,0.0,0.0,3.6833712431428793
31571,0,calendar_2014_test,48.8679749329245,60.0,0.5,0.0,0.0,11.132025067075503
31572,0,calendar_2014_test,58.354640353158985,100.0,0.5,0.0,0.0,41.645359646841015
31573,0,calendar_2014_test,99.50169900064203,142.0,0.5,0.0,0.0,42.498300999357966
31574,0,calendar_2014_test,145.84739728123165,140.0,0.5,0.0,0.0,5.84739728123165
31575,0,calendar_2014_test,134.20380692424936,148.0,0.5,0.0,0.0,13.796193075750637
31576,0,calendar_2014_test,139.35096501927907,183.0,0.5,0.0,0.0,43.64903498072093
31577,0,calendar_2014_test,173.07196593612318,217.0,0.5,0.0,0.0,43.92803406387682
31578,0,calendar_2014_test,204.26129704660812,224.0,0.5,0.0,0.0,19.73870295339188
31579,0,calendar_2014_test,204.4242624332536,222.0,0.5,0.0,0.0,17.575737566746398
31580,0,calendar_2014_test,205.86463767688986,219.0,0.5,0.0,0.0,13.135362323110144
31581,0,calendar_2014_test,202.5878829918648,65.0,0.5,0.0,0.0,137.5878829918648
31582,0,calendar_2014_test,50.942138053726524,22.0,0.5,0.0,0.0,28.942138053726524
31583,0,calendar_2014_test,25.99128100780451,16.0,0.5,0.0,0.0,9.99128100780451
31584,0,calendar_2014_test,17.19480310829315,16.0,0.5,0.0,0.0,1.1948031082931507
31585,0,calendar_2014_test,14.775883867294514,28.0,0.5,0.0,0.0,13.224116132705486
31586,0,calendar_2014_test,25.07724562208793,32.0,0.5,0.0,0.0,6.922754377912071
31587,0,calendar_2014_test,27.295496479191037,25.0,0.5,0.0,0.0,2.295496479191037
31588,0,calendar_2014_test,22.512289801726,25.0,0.5,0.0,0.0,2.4877101982740015
31589,0,calendar_2014_test,22.73772499484213,22.0,0.5,0.0,0.0,0.7377249948421287
31590,0,calendar_2014_test,21.308540886122323,18.0,0.5,0.0,0.0,3.308540886122323
31591,0,calendar_2014_test,18.201003598252466,23.0,0.5,0.0,0.0,4.798996401747534
31592,0,calendar_2014_test,21.296358271959008,23.0,0.5,0.0,0.0,1.7036417280409921
31593,0,calendar_2014_test,21.504144336993047,25.0,0.5,0.0,0.0,3.495855663006953
31594,0,calendar_2014_test,23.028600051180895,18.0,0.5,0.0,0.0,5.028600051180895
31595,0,calendar_2014_test,18.77871723514259,23.0,0.5,0.0,0.0,4.22128276485741
31596,0,calendar_2014_test,22.964183169531044,25.0,0.5,0.0,0.0,2.0358168304689563
31597,0,calendar_2014_test,26.995825201137713,26.0,0.5,0.0,0.0,0.9958252011377127
31598,0,calendar_2014_test,27.700277495049622,27.0,0.5,0.0,0.0,0.7002774950496224
31599,0,calendar_2014_test,30.572806648580816,36.0,0.5,0.0,0.0,5.427193351419184
31600,0,calendar_2014_test,37.09682680283586,47.0,0.5,0.0,0.0,9.903173197164143
31601,0,calendar_2014_test,47.088373707336686,59.0,0.5,0.0,0.0,11.911626292663314
31602,0,calendar_2014_test,59.23873945275342,50.0,0.5,0.0,0.0,9.238739452753421
31603,0,calendar_2014_test,46.72361905164822,61.0,0.5,0.0,0.0,14.276380948351779
31604,0,calendar_2014_test,60.50671596069233,58.0,0.5,0.0,0.0,2.5067159606923326
31605,0,calendar_2014_test,53.244124148189,66.0,0.5,0.0,0.0,12.755875851810998
31606,0,calendar_2014_test,65.50424517196359,63.0,0.5,0.0,0.0,2.504245171963589
31607,0,calendar_2014_test,58.499506329701575,51.0,0.5,0.0,0.0,7.499506329701575
31608,0,calendar_2014_test,45.122952212186284,39.0,0.5,0.0,0.0,6.122952212186284
31609,0,calendar_2014_test,33.61770999594495,42.0,0.5,0.0,0.0,8.38229000405505
31610,0,calendar_2014_test,42.08027836303447,44.0,0.5,0.0,0.0,1.9197216369655266
31611,0,calendar_2014_test,40.39139282758839,44.0,0.5,0.0,0.0,3.6086071724116096
31612,0,calendar_2014_test,40.249352116583744,35.0,0.5,0.0,0.0,5.249352116583744
31613,0,calendar_2014_test,31.150238610220594,30.0,0.5,0.0,0.0,1.150238610220594
31614,0,calendar_2014_test,26.957528407919558,34.0,0.5,0.0,0.0,7.042471592080442
31615,0,calendar_2014_test,33.82264450155632,21.0,0.5,0.0,0.0,12.822644501556319
31616,0,calendar_2014_test,21.916728426044045,14.0,0.5,0.0,0.0,7.916728426044045
31617,0,calendar_2014_test,15.331380434322643,11.0,0.5,0.0,0.0,4.331380434322643
31618,0,calendar_2014_test,12.336639053299042,9.0,0.5,0.0,0.0,3.3366390532990415
31619,0,calendar_2014_test,13.429278030291291,12.0,0.5,0.0,0.0,1.4292780302912913
31620,0,calendar_2014_test,15.152468097019645,13.0,0.5,0.0,0.0,2.1524680970196446
31621,0,calendar_2014_test,16.111894747257256,18.0,0.5,0.0,0.0,1.8881052527427435
31622,0,calendar_2014_test,19.659579157442103,21.0,0.5,0.0,0.0,1.3404208425578972
31623,0,calendar_2014_test,22.859231036538525,24.0,0.5,0.0,0.0,1.1407689634614755
31624,0,calendar_2014_test,25.774099418519153,27.0,0.5,0.0,0.0,1.2259005814808468
31625,0,calendar_2014_test,28.675135526360886,39.0,0.5,0.0,0.0,10.324864473639114
31626,0,calendar_2014_test,38.407994789928395,44.0,0.5,0.0,0.0,5.592005210071605
31627,0,calendar_2014_test,45.0785998789115,64.0,0.5,0.0,0.0,18.921400121088503
31628,0,calendar_2014_test,61.92750469261977,106.0,0.5,0.0,0.0,44.07249530738023
31629,0,calendar_2014_test,98.60650776852344,137.0,0.5,0.0,0.0,38.39349223147656
31630,0,calendar_2014_test,114.74180936067594,165.0,0.5,0.0,0.0,50.258190639324056
31631,0,calendar_2014_test,148.92788193572832,153.0,0.5,0.0,0.0,4.072118064271677
31632,0,calendar_2014_test,124.5104650464681,116.0,0.5,0.0,0.0,8.510465046468099
31633,0,calendar_2014_test,84.59450048723393,127.0,0.5,0.0,0.0,42.40549951276607
31634,0,calendar_2014_test,115.86497596697585,147.0,0.5,0.0,0.0,31.135024033024152
31635,0,calendar_2014_test,138.38022475030706,180.0,0.5,0.0,0.0,41.619775249692935
31636,0,calendar_2014_test,164.2365831792687,199.0,0.5,0.0,0.0,34.763416820731294
31637,0,calendar_2014_test,185.94202171367718,209.0,0.5,0.0,0.0,23.05797828632282
31638,0,calendar_2014_test,216.87132229676274,235.0,0.5,0.0,0.0,18.12867770323726
31639,0,calendar_2014_test,247.9993474885928,254.0,0.5,0.0,0.0,6.000652511407196
31640,0,calendar_2014_test,222.50549459499626,250.0,0.5,0.0,0.0,27.494505405003736
31641,0,calendar_2014_test,220.0634011751011,235.0,0.5,0.0,0.0,14.936598824898908
31642,0,calendar_2014_test,194.81100065737235,210.0,0.5,0.0,0.0,15.188999342627653
31643,0,calendar_2014_test,167.0628334827006,127.0,0.5,0.0,0.0,40.0628334827006
31644,0,calendar_2014_test,85.04265508757943,72.0,0.5,0.0,0.0,13.042655087579433
31645,0,calendar_2014_test,53.096836827297246,27.0,0.5,0.0,0.0,26.096836827297246
31646,0,calendar_2014_test,34.832908537929065,70.0,0.5,0.0,0.0,35.167091462070935
31647,0,calendar_2014_test,70.42408727754386,113.0,0.5,0.0,0.0,42.57591272245614
31648,0,calendar_2014_test,119.00612832020802,118.0,0.5,0.0,0.0,1.0061283202080205
31649,0,calendar_2014_test,110.42680233492206,143.0,0.5,0.0,0.0,32.57319766507794
31650,0,calendar_2014_test,142.73014408640086,175.0,0.5,0.0,0.0,32.269855913599145
31651,0,calendar_2014_test,164.7652128270842,159.0,0.5,0.0,0.0,5.765212827084213
31652,0,calendar_2014_test,152.1801924416037,161.0,0.5,0.0,0.0,8.819807558396292
31653,0,calendar_2014_test,153.52878158643648,174.0,0.5,0.0,0.0,20.47121841356352
31654,0,calendar_2014_test,164.66437748431838,177.0,0.5,0.0,0.0,12.33562251568162
31655,0,calendar_2014_test,164.26439990886234,174.0,0.5,0.0,0.0,9.735600091137655
31656,0,calendar_2014_test,160.87565604943904,180.0,0.5,0.0,0.0,19.124343950560956
31657,0,calendar_2014_test,160.85018969807078,196.0,0.5,0.0,0.0,35.14981030192922
31658,0,calendar_2014_test,176.12827389229744,214.0,0.5,0.0,0.0,37.87172610770256
31659,0,calendar_2014_test,212.96886779255044,220.0,0.5,0.0,0.0,7.031132207449559
31660,0,calendar_2014_test,200.33310351124612,216.0,0.5,0.0,0.0,15.666896488753878
31661,0,calendar_2014_test,197.4753402559689,199.0,0.5,0.0,0.0,1.524659744031112
31662,0,calendar_2014_test,170.13954767376077,168.0,0.5,0.0,0.0,2.1395476737607737
31663,0,calendar_2014_test,121.6760299870964,121.0,0.5,0.0,0.0,0.676029987096399
31664,0,calendar_2014_test,105.80094935893055,124.0,0.5,0.0,0.0,18.199050641069448
31665,0,calendar_2014_test,111.47203898074359,94.0,0.5,0.0,0.0,17.47203898074359
31666,0,calendar_2014_test,79.35779405866055,63.0,0.5,0.0,0.0,16.357794058660545
31667,0,calendar_2014_test,55.92124984105478,52.0,0.5,0.0,0.0,3.921249841054781
31668,0,calendar_2014_test,48.25979568890338,64.0,0.5,0.0,0.0,15.740204311096619
31669,0,calendar_2014_test,62.05297668930592,48.0,0.5,0.0,0.0,14.052976689305922
31670,0,calendar_2014_test,44.615368763127115,69.0,0.5,0.0,0.0,24.384631236872885
31671,0,calendar_2014_test,66.81989521200525,65.0,0.5,0.0,0.0,1.8198952120052496
31672,0,calendar_2014_test,61.36120913693006,83.0,0.5,0.0,0.0,21.638790863069943
31673,0,calendar_2014_test,87.60559267546373,90.0,0.5,0.0,0.0,2.3944073245362745
31674,0,calendar_2014_test,87.8965863865999,80.0,0.5,0.0,0.0,7.896586386599907
31675,0,calendar_2014_test,73.92281792969112,95.0,0.5,0.0,0.0,21.07718207030888
31676,0,calendar_2014_test,96.87149243680264,99.0,0.5,0.0,0.0,2.12850756319736
31677,0,calendar_2014_test,96.96082509904679,103.0,0.5,0.0,0.0,6.039174900953213
31678,0,calendar_2014_test,100.78903965339191,119.0,0.5,0.0,0.0,18.21096034660809
31679,0,calendar_2014_test,116.01946654627523,121.0,0.5,0.0,0.0,4.9805334537247745
31680,0,calendar_2014_test,116.55560490792988,113.0,0.5,0.0,0.0,3.555604907929876
31681,0,calendar_2014_test,106.69117162095715,124.0,0.5,0.0,0.0,17.30882837904285
31682,0,calendar_2014_test,122.30804683626944,138.0,0.5,0.0,0.0,15.69195316373056
31683,0,calendar_2014_test,126.09862529385249,160.0,0.5,0.0,0.0,33.90137470614751
31684,0,calendar_2014_test,136.14742864077002,163.0,0.5,0.0,0.0,26.852571359229984
31685,0,calendar_2014_test,123.7953872861032,119.0,0.5,0.0,0.0,4.795387286103207
31686,0,calendar_2014_test,87.61142350847875,80.0,0.5,0.0,0.0,7.611423508478751
31687,0,calendar_2014_test,58.47978577818084,84.0,0.5,0.0,0.0,25.52021422181916
31688,0,calendar_2014_test,67.97199123875365,76.0,0.5,0.0,0.0,8.028008761246355
31689,0,calendar_2014_test,69.7119293853143,98.0,0.5,0.0,0.0,28.288070614685694
31690,0,calendar_2014_test,88.95369514961752,105.0,0.5,0.0,0.0,16.046304850382484
31691,0,calendar_2014_test,97.03748924941927,86.0,0.5,0.0,0.0,11.037489249419266
31692,0,calendar_2014_test,74.37394435199737,132.0,0.5,0.0,0.0,57.626055648002634
31693,0,calendar_2014_test,126.86672113107396,116.0,0.5,0.0,0.0,10.866721131073959
31694,0,calendar_2014_test,104.4786614959979,105.0,0.5,0.0,0.0,0.5213385040021024
31695,0,calendar_2014_test,92.92424975768425,97.0,0.5,0.0,0.0,4.075750242315749
31696,0,calendar_2014_test,89.68642845583922,87.0,0.5,0.0,0.0,2.68642845583922
31697,0,calendar_2014_test,77.37225070996531,72.0,0.5,0.0,0.0,5.372250709965314
31698,0,calendar_2014_test,65.9366881526296,70.0,0.5,0.0,0.0,4.0633118473704
31699,0,calendar_2014_test,64.79795528783566,64.0,0.5,0.0,0.0,0.7979552878356628
31700,0,calendar_2014_test,60.95713208330899,55.0,0.5,0.0,0.0,5.957132083308991
31701,0,calendar_2014_test,50.626404819659285,58.0,0.5,0.0,0.0,7.373595180340715
31702,0,calendar_2014_test,55.453630210380034,52.0,0.5,0.0,0.0,3.453630210380034
31703,0,calendar_2014_test,48.291157070084466,52.0,0.5,0.0,0.0,3.7088429299155337
31704,0,calendar_2014_test,46.28964057270211,53.0,0.5,0.0,0.0,6.710359427297888
31705,0,calendar_2014_test,46.63169604244183,12.0,0.5,0.0,0.0,34.63169604244183
31706,0,calendar_2014_test,15.582352376716791,15.0,0.5,0.0,0.0,0.5823523767167913
31707,0,calendar_2014_test,15.396151071959439,9.0,0.5,0.0,0.0,6.396151071959439
31708,0,calendar_2014_test,11.084960480183202,6.0,0.5,0.0,0.0,5.084960480183202
31709,0,calendar_2014_test,9.394616804608152,9.0,0.5,0.0,0.0,0.39461680460815174
31710,0,calendar_2014_test,10.632177517131026,14.0,0.5,0.0,0.0,3.3678224828689736
31711,0,calendar_2014_test,13.226226122307725,14.0,0.5,0.0,0.0,0.7737738776922747
31712,0,calendar_2014_test,13.366939627135567,11.0,0.5,0.0,0.0,2.366939627135567
31713,0,calendar_2014_test,12.153787588341677,12.0,0.5,0.0,0.0,0.15378758834167705
31714,0,calendar_2014_test,12.480237730838134,14.0,0.5,0.0,0.0,1.5197622691618662
31715,0,calendar_2014_test,13.378540340251412,9.0,0.5,0.0,0.0,4.378540340251412
31716,0,calendar_2014_test,10.923304790473635,7.0,0.5,0.0,0.0,3.923304790473635
31717,0,calendar_2014_test,9.545980797837373,7.0,0.5,0.0,0.0,2.545980797837373
31718,0,calendar_2014_test,12.246822117661225,19.0,0.5,0.0,0.0,6.753177882338775
31719,0,calendar_2014_test,22.424096589685348,18.0,0.5,0.0,0.0,4.424096589685348
31720,0,calendar_2014_test,20.825470005441005,22.0,0.5,0.0,0.0,1.1745299945589949
31721,0,calendar_2014_test,21.493258664151455,20.0,0.5,0.0,0.0,1.4932586641514547
31722,0,calendar_2014_test,23.00935361797325,33.0,0.5,0.0,0.0,9.99064638202675
31723,0,calendar_2014_test,35.461124957516425,40.0,0.5,0.0,0.0,4.538875042483575
31724,0,calendar_2014_test,40.47581588460532,35.0,0.5,0.0,0.0,5.475815884605318
31725,0,calendar_2014_test,35.38627579298911,28.0,0.5,0.0,0.0,7.38627579298911
31726,0,calendar_2014_test,28.821364163585,29.0,0.5,0.0,0.0,0.17863583641500114
31727,0,calendar_2014_test,28.554794583887634,32.0,0.5,0.0,0.0,3.4452054161123655
31728,0,calendar_2014_test,32.52511684614714,36.0,0.5,0.0,0.0,3.4748831538528577
31729,0,calendar_2014_test,35.72879564950523,37.0,0.5,0.0,0.0,1.27120435049477
31730,0,calendar_2014_test,35.48815059956777,42.0,0.5,0.0,0.0,6.511849400432233
31731,0,calendar_2014_test,42.530299846390115,59.0,0.5,0.0,0.0,16.469700153609885
31732,0,calendar_2014_test,58.713286506157196,60.0,0.5,0.0,0.0,1.2867134938428038
31733,0,calendar_2014_test,53.15459083708566,53.0,0.5,0.0,0.0,0.15459083708565657
31734,0,calendar_2014_test,50.65598985075642,55.0,0.5,0.0,0.0,4.34401014924358
31735,0,calendar_2014_test,49.578310425372294,41.0,0.5,0.0,0.0,8.578310425372294
31736,0,calendar_2014_test,38.91536154195316,31.0,0.5,0.0,0.0,7.91536154195316
31737,0,calendar_2014_test,29.759883480511533,29.0,0.5,0.0,0.0,0.7598834805115331
31738,0,calendar_2014_test,26.070904688973616,24.0,0.5,0.0,0.0,2.0709046889736165
31739,0,calendar_2014_test,23.20090363981491,13.0,0.5,0.0,0.0,10.20090363981491
31740,0,calendar_2014_test,15.548352321532976,11.0,0.5,0.0,0.0,4.548352321532976
31741,0,calendar_2014_test,12.499113209711288,16.0,0.5,0.0,0.0,3.500886790288712
31742,0,calendar_2014_test,14.405716122620358,14.0,0.5,0.0,0.0,0.4057161226203583
31743,0,calendar_2014_test,13.742915396262154,20.0,0.5,0.0,0.0,6.257084603737846
31744,0,calendar_2014_test,17.85487747437623,14.0,0.5,0.0,0.0,3.854877474376231
31745,0,calendar_2014_test,17.53662658997151,31.0,0.5,0.0,0.0,13.463373410028488
31746,0,calendar_2014_test,31.27000520608185,31.0,0.5,0.0,0.0,0.2700052060818514
31747,0,calendar_2014_test,30.74750301601744,34.0,0.5,0.0,0.0,3.25249698398256
31748,0,calendar_2014_test,36.28852331056967,33.0,0.5,0.0,0.0,3.2885233105696727
31749,0,calendar_2014_test,35.1700562812059,34.0,0.5,0.0,0.0,1.1700562812059019
31750,0,calendar_2014_test,34.63509221114296,28.0,0.5,0.0,0.0,6.635092211142961
31751,0,calendar_2014_test,28.163337758934162,32.0,0.5,0.0,0.0,3.836662241065838
31752,0,calendar_2014_test,31.654688501084863,37.0,0.5,0.0,0.0,5.345311498915137
31753,0,calendar_2014_test,37.28152851157229,36.0,0.5,0.0,0.0,1.28152851157229
31754,0,calendar_2014_test,33.31256319968459,49.0,0.5,0.0,0.0,15.68743680031541
31755,0,calendar_2014_test,45.34777672514909,16.0,0.5,0.0,0.0,29.34777672514909
31756,0,calendar_2014_test,17.332402680133587,8.0,0.5,0.0,0.0,9.332402680133587
31757,0,calendar_2014_test,10.998738747463959,6.0,0.5,0.0,0.0,4.998738747463959
31758,0,calendar_2014_test,9.451230458906842,11.0,0.5,0.0,0.0,1.548769541093158
31759,0,calendar_2014_test,11.861298979495356,8.0,0.5,0.0,0.0,3.8612989794953556
31760,0,calendar_2014_test,10.688599029886772,4.0,0.5,0.0,0.0,6.688599029886772
31761,0,calendar_2014_test,9.546391908626633,6.0,0.5,0.0,0.0,3.5463919086266333
31762,0,calendar_2014_test,9.646686684437418,14.0,0.5,0.0,0.0,4.353313315562582
31763,0,calendar_2014_test,16.21691331527787,10.0,0.5,0.0,0.0,6.216913315277871
31764,0,calendar_2014_test,13.810813011817478,10.0,0.5,0.0,0.0,3.810813011817478
31765,0,calendar_2014_test,13.700204322137681,25.0,0.5,0.0,0.0,11.299795677862319
31766,0,calendar_2014_test,26.333080831635527,30.0,0.5,0.0,0.0,3.6669191683644726
31767,0,calendar_2014_test,32.21918182258262,37.0,0.5,0.0,0.0,4.78081817741738
31768,0,calendar_2014_test,38.61905466373825,48.0,0.5,0.0,0.0,9.380945336261753
31769,0,calendar_2014_test,46.83627498990499,48.0,0.5,0.0,0.0,1.163725010095007
31770,0,calendar_2014_test,44.92391917972888,49.0,0.5,0.0,0.0,4.076080820271123
31771,0,calendar_2014_test,45.12413370155688,57.0,0.5,0.0,0.0,11.875866298443121
31772,0,calendar_2014_test,55.67674318034605,58.0,0.5,0.0,0.0,2.323256819653949
31773,0,calendar_2014_test,51.93719115517315,64.0,0.5,0.0,0.0,12.062808844826847
31774,0,calendar_2014_test,64.4805276354297,65.0,0.5,0.0,0.0,0.519472364570305
31775,0,calendar_2014_test,59.87443992442652,61.0,0.5,0.0,0.0,1.1255600755734818
31776,0,calendar_2014_test,59.01956086881818,61.0,0.5,0.0,0.0,1.980439131181818
31777,0,calendar_2014_test,59.165428356875196,71.0,0.5,0.0,0.0,11.834571643124804
31778,0,calendar_2014_test,70.7183047674702,102.0,0.5,0.0,0.0,31.2816952325298
31779,0,calendar_2014_test,90.10743907031838,91.0,0.5,0.0,0.0,0.8925609296816219
31780,0,calendar_2014_test,76.54772138730873,84.0,0.5,0.0,0.0,7.4522786126912735
31781,0,calendar_2014_test,70.42654105475899,51.0,0.5,0.0,0.0,19.426541054758985
31782,0,calendar_2014_test,43.037070757052135,27.0,0.5,0.0,0.0,16.037070757052135
31783,0,calendar_2014_test,28.83464355941758,39.0,0.5,0.0,0.0,10.165356440582421
31784,0,calendar_2014_test,38.95816645263705,33.0,0.5,0.0,0.0,5.958166452637052
31785,0,calendar_2014_test,34.680182979315276,32.0,0.5,0.0,0.0,2.6801829793152763
31786,0,calendar_2014_test,31.567397606308806,41.0,0.5,0.0,0.0,9.432602393691194
31787,0,calendar_2014_test,42.342893532876694,40.0,0.5,0.0,0.0,2.342893532876694
31788,0,calendar_2014_test,40.549890898452105,45.0,0.5,0.0,0.0,4.450109101547895
31789,0,calendar_2014_test,46.779453091525475,45.0,0.5,0.0,0.0,1.7794530915254754
31790,0,calendar_2014_test,44.137390588941244,59.0,0.5,0.0,0.0,14.862609411058756
31791,0,calendar_2014_test,56.1106389522144,59.0,0.5,0.0,0.0,2.8893610477855987
31792,0,calendar_2014_test,55.270872771887596,82.0,0.5,0.0,0.0,26.729127228112404
31793,0,calendar_2014_test,75.58655394163961,58.0,0.5,0.0,0.0,17.586553941639608
31794,0,calendar_2014_test,50.163798786070764,65.0,0.5,0.0,0.0,14.836201213929236
31795,0,calendar_2014_test,63.04534309227237,54.0,0.5,0.0,0.0,9.045343092272368
31796,0,calendar_2014_test,50.21158343984682,55.0,0.5,0.0,0.0,4.7884165601531805
31797,0,calendar_2014_test,50.689830278120304,63.0,0.5,0.0,0.0,12.310169721879696
31798,0,calendar_2014_test,64.30846719051912,70.0,0.5,0.0,0.0,5.691532809480876
31799,0,calendar_2014_test,68.08613525837949,74.0,0.5,0.0,0.0,5.913864741620515
31800,0,calendar_2014_test,70.87186469871665,80.0,0.5,0.0,0.0,9.12813530128335
31801,0,calendar_2014_test,76.51520374766113,87.0,0.5,0.0,0.0,10.484796252338867
31802,0,calendar_2014_test,83.1131078498394,93.0,0.5,0.0,0.0,9.886892150160605
31803,0,calendar_2014_test,88.88566874771601,105.0,0.5,0.0,0.0,16.11433125228399
31804,0,calendar_2014_test,96.28409227211256,92.0,0.5,0.0,0.0,4.284092272112559
31805,0,calendar_2014_test,80.50388381660979,103.0,0.5,0.0,0.0,22.496116183390214
31806,0,calendar_2014_test,97.32208489677481,97.0,0.5,0.0,0.0,0.3220848967748111
31807,0,calendar_2014_test,89.08636179495366,110.0,0.5,0.0,0.0,20.91363820504634
31808,0,calendar_2014_test,102.15169518843504,92.0,0.5,0.0,0.0,10.151695188435042
31809,0,calendar_2014_test,76.86001663430002,93.0,0.5,0.0,0.0,16.139983365699976
31810,0,calendar_2014_test,85.7047915488109,97.0,0.5,0.0,0.0,11.295208451189097
31811,0,calendar_2014_test,84.89124931155486,95.0,0.5,0.0,0.0,10.108750688445141
31812,0,calendar_2014_test,81.99350630020994,88.0,0.5,0.0,0.0,6.006493699790056
31813,0,calendar_2014_test,76.23916497905168,98.0,0.5,0.0,0.0,21.76083502094832
31814,0,calendar_2014_test,91.30417414327205,105.0,0.5,0.0,0.0,13.69582585672795
31815,0,calendar_2014_test,98.5809171230489,111.0,0.5,0.0,0.0,12.419082876951094
31816,0,calendar_2014_test,108.47015403399382,123.0,0.5,0.0,0.0,14.529845966006178
31817,0,calendar_2014_test,120.96679262379713,147.0,0.5,0.0,0.0,26.033207376202867
31818,0,calendar_2014_test,139.88813246056196,155.0,0.5,0.0,0.0,15.111867539438038
31819,0,calendar_2014_test,143.06504765920334,166.0,0.5,0.0,0.0,22.934952340796656
31820,0,calendar_2014_test,155.12909103447504,194.0,0.5,0.0,0.0,38.87090896552496
31821,0,calendar_2014_test,179.46855514803758,191.0,0.5,0.0,0.0,11.53144485196242
31822,0,calendar_2014_test,174.62869587726962,180.0,0.5,0.0,0.0,5.371304122730379
31823,0,calendar_2014_test,160.27156400602223,187.0,0.5,0.0,0.0,26.72843599397777
31824,0,calendar_2014_test,172.6169853262005,195.0,0.5,0.0,0.0,22.383014673799494
31825,0,calendar_2014_test,180.69256726440756,174.0,0.5,0.0,0.0,6.692567264407558
31826,0,calendar_2014_test,158.34492084100145,171.0,0.5,0.0,0.0,12.655079158998547
31827,0,calendar_2014_test,159.20694712182467,181.0,0.5,0.0,0.0,21.79305287817533
31828,0,calendar_2014_test,163.92355533205514,193.0,0.5,0.0,0.0,29.076444667944855
31829,0,calendar_2014_test,174.33420392814446,196.0,0.5,0.0,0.0,21.66579607185554
31830,0,calendar_2014_test,172.94778569803518,199.0,0.5,0.0,0.0,26.052214301964824
31831,0,calendar_2014_test,166.67924783929504,206.0,0.5,0.0,0.0,39.320752160704956
31832,0,calendar_2014_test,180.3198248838366,175.0,0.5,0.0,0.0,5.3198248838365885
31833,0,calendar_2014_test,135.4620430686984,158.0,0.5,0.0,0.0,22.537956931301608
31834,0,calendar_2014_test,129.23653041503593,152.0,0.5,0.0,0.0,22.76346958496407
31835,0,calendar_2014_test,119.86925860153856,158.0,0.5,0.0,0.0,38.13074139846144
31836,0,calendar_2014_test,122.06663045279046,139.0,0.5,0.0,0.0,16.933369547209537
31837,0,calendar_2014_test,118.81271706195474,138.0,0.5,0.0,0.0,19.187282938045257
31838,0,calendar_2014_test,120.73492336040516,151.0,0.5,0.0,0.0,30.265076639594838
31839,0,calendar_2014_test,126.10248010689212,146.0,0.5,0.0,0.0,19.897519893107884
31840,0,calendar_2014_test,127.72232900364392,139.0,0.5,0.0,0.0,11.277670996356079
31841,0,calendar_2014_test,123.20965336472452,136.0,0.5,0.0,0.0,12.790346635275483
31842,0,calendar_2014_test,123.03860566654895,138.0,0.5,0.0,0.0,14.961394333451054
31843,0,calendar_2014_test,125.184989793551,136.0,0.5,0.0,0.0,10.815010206449003
31844,0,calendar_2014_test,123.26302006213749,136.0,0.5,0.0,0.0,12.736979937862515
31845,0,calendar_2014_test,125.5376037787073,140.0,0.5,0.0,0.0,14.462396221292707
31846,0,calendar_2014_test,130.28077241861138,145.0,0.5,0.0,0.0,14.719227581388623
31847,0,calendar_2014_test,136.17916410685802,147.0,0.5,0.0,0.0,10.820835893141975
31848,0,calendar_2014_test,137.35900530523904,151.0,0.5,0.0,0.0,13.640994694760963
31849,0,calendar_2014_test,139.92855607271574,153.0,0.5,0.0,0.0,13.071443927284264
31850,0,calendar_2014_test,139.54673477058134,196.0,0.5,0.0,0.0,56.45326522941866
31851,0,calendar_2014_test,181.2732872708169,182.0,0.5,0.0,0.0,0.7267127291831059
31852,0,calendar_2014_test,157.226436738433,162.0,0.5,0.0,0.0,4.773563261567006
31853,0,calendar_2014_test,146.5449831703703,164.0,0.5,0.0,0.0,17.4550168296297
31854,0,calendar_2014_test,130.27848777343837,133.0,0.5,0.0,0.0,2.7215122265616287
31855,0,calendar_2014_test,98.74888923617623,62.0,0.5,0.0,0.0,36.748889236176225
31856,0,calendar_2014_test,36.22338188519669,60.0,0.5,0.0,0.0,23.776618114803313
31857,0,calendar_2014_test,54.10157581646397,49.0,0.5,0.0,0.0,5.101575816463971
31858,0,calendar_2014_test,42.06298933634586,62.0,0.5,0.0,0.0,19.937010663654142
31859,0,calendar_2014_test,51.67927824772404,56.0,0.5,0.0,0.0,4.320721752275958
31860,0,calendar_2014_test,46.958944465276595,65.0,0.5,0.0,0.0,18.041055534723405
31861,0,calendar_2014_test,55.32172346656839,73.0,0.5,0.0,0.0,17.678276533431607
31862,0,calendar_2014_test,68.98051602809143,80.0,0.5,0.0,0.0,11.01948397190857
31863,0,calendar_2014_test,73.62876079763703,580.0,0.5,0.0,0.0,506.371239202363
31864,0,calendar_2014_test,448.2028506564567,217.0,0.5,0.0,0.0,231.2028506564567
31865,0,calendar_2014_test,150.980389434188,159.0,0.5,0.0,0.0,8.019610565812002
31866,0,calendar_2014_test,121.1634384152366,181.0,0.5,0.0,0.0,59.8365615847634
31867,0,calendar_2014_test,158.13978557824086,165.0,0.5,0.0,0.0,6.860214421759139
31868,0,calendar_2014_test,141.6574825948483,175.0,0.5,0.0,0.0,33.34251740515171
31869,0,calendar_2014_test,153.25622873684821,112.0,0.5,0.0,0.0,41.256228736848215
31870,0,calendar_2014_test,85.4607956576502,101.0,0.5,0.0,0.0,15.539204342349805
31871,0,calendar_2014_test,91.27258889009336,111.0,0.5,0.0,0.0,19.72741110990664
31872,0,calendar_2014_test,110.8561067819927,102.0,0.5,0.0,0.0,8.856106781992693
31873,0,calendar_2014_test,91.14369257388863,106.0,0.5,0.0,0.0,14.856307426111371
31874,0,calendar_2014_test,98.63120772741888,95.0,0.5,0.0,0.0,3.6312077274188823
31875,0,calendar_2014_test,84.55549974330837,101.0,0.5,0.0,0.0,16.444500256691626
31876,0,calendar_2014_test,93.63818809082218,88.0,0.5,0.0,0.0,5.638188090822183
31877,0,calendar_2014_test,75.04853463007886,125.0,0.5,0.0,0.0,49.95146536992114
31878,0,calendar_2014_test,118.04939667173774,93.0,0.5,0.0,0.0,25.04939667173774
31879,0,calendar_2014_test,80.02149955497559,71.0,0.5,0.0,0.0,9.021499554975591
31880,0,calendar_2014_test,61.52117188358896,74.0,0.5,0.0,0.0,12.478828116411037
31881,0,calendar_2014_test,68.22763033547474,68.0,0.5,0.0,0.0,0.22763033547474265
31882,0,calendar_2014_test,44.536122628511364,39.0,0.5,0.0,0.0,5.5361226285113645
31883,0,calendar_2014_test,39.536245314178025,52.0,0.5,0.0,0.0,12.463754685821975
31884,0,calendar_2014_test,51.3427170114357,59.0,0.5,0.0,0.0,7.6572829885642975
31885,0,calendar_2014_test,57.414546088880186,60.0,0.5,0.0,0.0,2.5854539111198136
31886,0,calendar_2014_test,55.71797902320646,68.0,0.5,0.0,0.0,12.28202097679354
31887,0,calendar_2014_test,66.05747765704155,83.0,0.5,0.0,0.0,16.942522342958455
31888,0,calendar_2014_test,79.52016246760589,103.0,0.5,0.0,0.0,23.479837532394114
31889,0,calendar_2014_test,97.58023454783694,98.0,0.5,0.0,0.0,0.4197654521630625
31890,0,calendar_2014_test,88.86340631895443,78.0,0.5,0.0,0.0,10.863406318954432
31891,0,calendar_2014_test,68.70232171881764,82.0,0.5,0.0,0.0,13.297678281182357
31892,0,calendar_2014_test,80.29259284877277,88.0,0.5,0.0,0.0,7.70740715122723
31893,0,calendar_2014_test,83.84016254052331,96.0,0.5,0.0,0.0,12.159837459476691
31894,0,calendar_2014_test,90.06133908626329,118.0,0.5,0.0,0.0,27.93866091373671
31895,0,calendar_2014_test,109.49441299706653,128.0,0.5,0.0,0.0,18.505587002933467
31896,0,calendar_2014_test,118.82741895386266,143.0,0.5,0.0,0.0,24.17258104613734
31897,0,calendar_2014_test,136.25588443550112,158.0,0.5,0.0,0.0,21.744115564498884
31898,0,calendar_2014_test,146.45375746834424,143.0,0.5,0.0,0.0,3.453757468344236
31899,0,calendar_2014_test,121.54411805046034,190.0,0.5,0.0,0.0,68.45588194953966
31900,0,calendar_2014_test,175.03888557563477,151.0,0.5,0.0,0.0,24.038885575634765
31901,0,calendar_2014_test,123.55529332635385,187.0,0.5,0.0,0.0,63.44470667364615
31902,0,calendar_2014_test,163.27203620061636,114.0,0.5,0.0,0.0,49.272036200616355
31903,0,calendar_2014_test,87.89630702459772,88.0,0.5,0.0,0.0,0.10369297540228217
31904,0,calendar_2014_test,71.05929039978287,78.0,0.5,0.0,0.0,6.940709600217133
31905,0,calendar_2014_test,66.57949492455879,75.0,0.5,0.0,0.0,8.420505075441213
31906,0,calendar_2014_test,69.4515265849814,89.0,0.5,0.0,0.0,19.548473415018606
31907,0,calendar_2014_test,79.031334902037,91.0,0.5,0.0,0.0,11.968665097962997
31908,0,calendar_2014_test,82.82396567815287,109.0,0.5,0.0,0.0,26.176034321847126
31909,0,calendar_2014_test,103.40806806300152,119.0,0.5,0.0,0.0,15.591931936998478
31910,0,calendar_2014_test,115.24592519368417,119.0,0.5,0.0,0.0,3.7540748063158276
31911,0,calendar_2014_test,111.50737705003444,110.0,0.5,0.0,0.0,1.5073770500344352
31912,0,calendar_2014_test,101.631435873297,120.0,0.5,0.0,0.0,18.368564126703006
31913,0,calendar_2014_test,116.27137123094292,155.0,0.5,0.0,0.0,38.72862876905708
31914,0,calendar_2014_test,155.29390610297594,120.0,0.5,0.0,0.0,35.29390610297594
31915,0,calendar_2014_test,98.10924092514554,128.0,0.5,0.0,0.0,29.890759074854458
31916,0,calendar_2014_test,122.49858615191647,131.0,0.5,0.0,0.0,8.50141384808353
31917,0,calendar_2014_test,122.36004880189714,142.0,0.5,0.0,0.0,19.639951198102864
31918,0,calendar_2014_test,135.51688781646905,144.0,0.5,0.0,0.0,8.483112183530949
31919,0,calendar_2014_test,136.64536838574907,150.0,0.5,0.0,0.0,13.354631614250934
31920,0,calendar_2014_test,138.26226204161887,151.0,0.5,0.0,0.0,12.737737958381132
31921,0,calendar_2014_test,139.29033119556925,149.0,0.5,0.0,0.0,9.709668804430748
31922,0,calendar_2014_test,136.20231096041087,157.0,0.5,0.0,0.0,20.79768903958913
31923,0,calendar_2014_test,147.68874479174477,173.0,0.5,0.0,0.0,25.311255208255233
31924,0,calendar_2014_test,161.86677895805803,182.0,0.5,0.0,0.0,20.133221041941965
31925,0,calendar_2014_test,161.7891991766362,188.0,0.5,0.0,0.0,26.210800823363797
31926,0,calendar_2014_test,160.1507763538996,175.0,0.5,0.0,0.0,14.849223646100398
31927,0,calendar_2014_test,138.91151934908552,167.0,0.5,0.0,0.0,28.088480650914477
31928,0,calendar_2014_test,137.77194547463736,162.0,0.5,0.0,0.0,24.228054525362637
31929,0,calendar_2014_test,137.9222573932531,157.0,0.5,0.0,0.0,19.07774260674691
31930,0,calendar_2014_test,126.83430818239209,147.0,0.5,0.0,0.0,20.165691817607907
31931,0,calendar_2014_test,123.08622507568819,157.0,0.5,0.0,0.0,33.91377492431181
31932,0,calendar_2014_test,121.95521350550922,159.0,0.5,0.0,0.0,37.04478649449078
31933,0,calendar_2014_test,143.06050804000662,134.0,0.5,0.0,0.0,9.060508040006624
31934,0,calendar_2014_test,119.08972535150161,136.0,0.5,0.0,0.0,16.910274648498387
31935,0,calendar_2014_test,127.60467240603911,158.0,0.5,0.0,0.0,30.395327593960886
31936,0,calendar_2014_test,153.13434448224208,186.0,0.5,0.0,0.0,32.865655517757915
31937,0,calendar_2014_test,173.9472615860754,231.0,0.5,0.0,0.0,57.0527384139246
31938,0,calendar_2014_test,209.3705430188871,254.0,0.5,0.0,0.0,44.629456981112895
31939,0,calendar_2014_test,231.72961634097535,249.0,0.5,0.0,0.0,17.270383659024645
31940,0,calendar_2014_test,228.50561075893063,262.0,0.5,0.0,0.0,33.49438924106937
31941,0,calendar_2014_test,238.48280226023658,282.0,0.5,0.0,0.0,43.51719773976342
31942,0,calendar_2014_test,253.5138591911861,280.0,0.5,0.0,0.0,26.4861408088139
31943,0,calendar_2014_test,250.71008844317956,268.0,0.5,0.0,0.0,17.289911556820442
31944,0,calendar_2014_test,237.08969396118198,255.0,0.5,0.0,0.0,17.91030603881802
31945,0,calendar_2014_test,229.07019284813563,247.0,0.5,0.0,0.0,17.929807151864367
31946,0,calendar_2014_test,222.39147143586922,244.0,0.5,0.0,0.0,21.60852856413078
31947,0,calendar_2014_test,223.86311289868422,270.0,0.5,0.0,0.0,46.13688710131578
31948,0,calendar_2014_test,243.23100818122967,280.0,0.5,0.0,0.0,36.76899181877033
31949,0,calendar_2014_test,248.93029929794315,274.0,0.5,0.0,0.0,25.06970070205685
31950,0,calendar_2014_test,228.63526110562245,280.0,0.5,0.0,0.0,51.36473889437755
31951,0,calendar_2014_test,209.1011759988224,266.0,0.5,0.0,0.0,56.89882400117759
31952,0,calendar_2014_test,215.69731977569654,239.0,0.5,0.0,0.0,23.302680224303458
31953,0,calendar_2014_test,201.65271143882018,225.0,0.5,0.0,0.0,23.347288561179823
31954,0,calendar_2014_test,37.87859320802941,40.0,0.5,0.0,0.0,2.1214067919705926
31955,0,calendar_2014_test,40.43650583050915,34.0,0.5,0.0,0.0,6.436505830509148
31956,0,calendar_2014_test,36.99224399288641,47.0,0.5,0.0,0.0,10.007756007113592
31957,0,calendar_2014_test,48.29979942705824,54.0,0.5,0.0,0.0,5.70020057294176
31958,0,calendar_2014_test,50.83238441118498,65.0,0.5,0.0,0.0,14.167615588815018
31959,0,calendar_2014_test,64.05975559912608,41.0,0.5,0.0,0.0,23.059755599126078
31960,0,calendar_2014_test,40.26959943792324,39.0,0.5,0.0,0.0,1.2695994379232403
31961,0,calendar_2014_test,38.37973551982588,35.0,0.5,0.0,0.0,3.3797355198258785
31962,0,calendar_2014_test,35.46674488045582,51.0,0.5,0.0,0.0,15.53325511954418
31963,0,calendar_2014_test,48.21414823701393,54.0,0.5,0.0,0.0,5.78585176298607
31964,0,calendar_2014_test,51.10942180700231,69.0,0.5,0.0,0.0,17.890578192997687
31965,0,calendar_2014_test,69.37169512219785,59.0,0.5,0.0,0.0,10.371695122197849
31966,0,calendar_2014_test,58.91376572987895,51.0,0.5,0.0,0.0,7.913765729878953
31967,0,calendar_2014_test,48.051891740976465,45.0,0.5,0.0,0.0,3.0518917409764654
31968,0,calendar_2014_test,44.143427464299805,44.0,0.5,0.0,0.0,0.1434274642998048
31969,0,calendar_2014_test,43.09007734829694,52.0,0.5,0.0,0.0,8.909922651703063
31970,0,calendar_2014_test,49.35995650267705,52.0,0.5,0.0,0.0,2.6400434973229494
31971,0,calendar_2014_test,46.75383507995088,47.0,0.5,0.0,0.0,0.24616492004911805
31972,0,calendar_2014_test,44.0849337271876,51.0,0.5,0.0,0.0,6.915066272812403
31973,0,calendar_2014_test,47.90063642070284,85.0,0.5,0.0,0.0,37.09936357929716
31974,0,calendar_2014_test,70.54614817051558,80.0,0.5,0.0,0.0,9.453851829484421
31975,0,calendar_2014_test,66.64208576040664,62.0,0.5,0.0,0.0,4.642085760406644
31976,0,calendar_2014_test,53.65184865517924,57.0,0.5,0.0,0.0,3.3481513448207565
31977,0,calendar_2014_test,53.74099657257967,56.0,0.5,0.0,0.0,2.259003427420332
31978,0,calendar_2014_test,51.965834119419924,67.0,0.5,0.0,0.0,15.034165880580076
31979,0,calendar_2014_test,65.97362107301613,96.0,0.5,0.0,0.0,30.026378926983867
31980,0,calendar_2014_test,91.31707333851112,91.0,0.5,0.0,0.0,0.31707333851112196
31981,0,calendar_2014_test,79.31062504669818,84.0,0.5,0.0,0.0,4.689374953301822
31982,0,calendar_2014_test,76.25485431471314,101.0,0.5,0.0,0.0,24.745145685286857
31983,0,calendar_2014_test,96.48220670912048,134.0,0.5,0.0,0.0,37.517793290879524
31984,0,calendar_2014_test,118.25865309398748,127.0,0.5,0.0,0.0,8.741346906012524
31985,0,calendar_2014_test,112.62985265137011,123.0,0.5,0.0,0.0,10.370147348629885
31986,0,calendar_2014_test,107.83722292876259,112.0,0.5,0.0,0.0,4.162777071237414
31987,0,calendar_2014_test,99.06798114648163,109.0,0.5,0.0,0.0,9.932018853518372
31988,0,calendar_2014_test,95.73603219726012,145.0,0.5,0.0,0.0,49.263967802739884
31989,0,calendar_2014_test,137.59827122863467,124.0,0.5,0.0,0.0,13.598271228634673
31990,0,calendar_2014_test,104.27632552884863,107.0,0.5,0.0,0.0,2.7236744711513694
31991,0,calendar_2014_test,89.47442393813884,109.0,0.5,0.0,0.0,19.52557606186116
31992,0,calendar_2014_test,95.66883289673864,110.0,0.5,0.0,0.0,14.331167103261365
31993,0,calendar_2014_test,98.57917913488855,116.0,0.5,0.0,0.0,17.420820865111452
31994,0,calendar_2014_test,101.84218520122754,105.0,0.5,0.0,0.0,3.1578147987724634
31995,0,calendar_2014_test,88.9156082074388,93.0,0.5,0.0,0.0,4.084391792561206
31996,0,calendar_2014_test,79.61422493936817,106.0,0.5,0.0,0.0,26.38577506063183
31997,0,calendar_2014_test,97.79936855593066,103.0,0.5,0.0,0.0,5.200631444069344
31998,0,calendar_2014_test,95.8719112978578,102.0,0.5,0.0,0.0,6.128088702142193
31999,0,calendar_2014_test,93.56105151747927,101.0,0.5,0.0,0.0,7.438948482520729
32000,0,calendar_2014_test,94.32101143870109,101.0,0.5,0.0,0.0,6.678988561298908
32001,0,calendar_2014_test,96.24378096616536,117.0,0.5,0.0,0.0,20.75621903383464
32002,0,calendar_2014_test,116.53961950336952,131.0,0.5,0.0,0.0,14.460380496630478
32003,0,calendar_2014_test,129.10931007741266,128.0,0.5,0.0,0.0,1.1093100774126583
32004,0,calendar_2014_test,117.58272959021578,127.0,0.5,0.0,0.0,9.417270409784223
32005,0,calendar_2014_test,114.33217700896441,141.0,0.5,0.0,0.0,26.667822991035592
32006,0,calendar_2014_test,134.4568208102046,137.0,0.5,0.0,0.0,2.54317918979541
32007,0,calendar_2014_test,125.2739119015935,151.0,0.5,0.0,0.0,25.726088098406507
32008,0,calendar_2014_test,139.11257499660158,152.0,0.5,0.0,0.0,12.88742500339842
32009,0,calendar_2014_test,136.01705737130686,148.0,0.5,0.0,0.0,11.982942628693138
32010,0,calendar_2014_test,133.82615299859773,151.0,0.5,0.0,0.0,17.173847001402265
32011,0,calendar_2014_test,137.40086323531457,156.0,0.5,0.0,0.0,18.599136764685426
32012,0,calendar_2014_test,147.93016778485713,143.0,0.5,0.0,0.0,4.930167784857133
32013,0,calendar_2014_test,129.89562565206379,141.0,0.5,0.0,0.0,11.104374347936215
32014,0,calendar_2014_test,133.90848708551547,140.0,0.5,0.0,0.0,6.091512914484525
32015,0,calendar_2014_test,131.2407531543366,150.0,0.5,0.0,0.0,18.759246845663398
32016,0,calendar_2014_test,140.46183767606271,162.0,0.5,0.0,0.0,21.538162323937286
32017,0,calendar_2014_test,150.47831874439396,171.0,0.5,0.0,0.0,20.52168125560604
32018,0,calendar_2014_test,159.2779329416238,179.0,0.5,0.0,0.0,19.72206705837621
32019,0,calendar_2014_test,159.5532018494237,193.0,0.5,0.0,0.0,33.44679815057631
32020,0,calendar_2014_test,175.5571304910435,170.0,0.5,0.0,0.0,5.557130491043495
32021,0,calendar_2014_test,152.56611216117867,167.0,0.5,0.0,0.0,14.433887838821335
32022,0,calendar_2014_test,152.25093205728345,158.0,0.5,0.0,0.0,5.74906794271655
32023,0,calendar_2014_test,146.97341431375065,158.0,0.5,0.0,0.0,11.026585686249348
32024,0,calendar_2014_test,145.87780830451422,176.0,0.5,0.0,0.0,30.122191695485782
32025,0,calendar_2014_test,163.3872295367067,162.0,0.5,0.0,0.0,1.3872295367067125
32026,0,calendar_2014_test,147.71697734739806,153.0,0.5,0.0,0.0,5.283022652601943
32027,0,calendar_2014_test,133.27886664735627,129.0,0.5,0.0,0.0,4.278866647356267
32028,0,calendar_2014_test,115.68808699717238,92.0,0.5,0.0,0.0,23.688086997172377
32029,0,calendar_2014_test,76.45515915601055,83.0,0.5,0.0,0.0,6.544840843989448
32030,0,calendar_2014_test,76.69777057198806,74.0,0.5,0.0,0.0,2.697770571988059
32031,0,calendar_2014_test,69.94934869325165,86.0,0.5,0.0,0.0,16.05065130674835
32032,0,calendar_2014_test,82.47213461329056,83.0,0.5,0.0,0.0,0.5278653867094363
32033,0,calendar_2014_test,78.53449516791538,84.0,0.5,0.0,0.0,5.465504832084619
32034,0,calendar_2014_test,80.63888213776804,84.0,0.5,0.0,0.0,3.361117862231964
32035,0,calendar_2014_test,79.61195918284103,77.0,0.5,0.0,0.0,2.6119591828410336
32036,0,calendar_2014_test,74.21695337845622,75.0,0.5,0.0,0.0,0.7830466215437752
32037,0,calendar_2014_test,74.01972585771489,64.0,0.5,0.0,0.0,10.019725857714889
32038,0,calendar_2014_test,61.43069839275268,59.0,0.5,0.0,0.0,2.4306983927526815
32039,0,calendar_2014_test,58.14208120624741,59.0,0.5,0.0,0.0,0.8579187937525887
32040,0,calendar_2014_test,57.08982848380875,72.0,0.5,0.0,0.0,14.910171516191248
32041,0,calendar_2014_test,71.80403310125075,69.0,0.5,0.0,0.0,2.8040331012507522
32042,0,calendar_2014_test,64.60623187520045,69.0,0.5,0.0,0.0,4.39376812479955
32043,0,calendar_2014_test,63.07498506996181,56.0,0.5,0.0,0.0,7.074985069961812
32044,0,calendar_2014_test,50.03741502585059,44.0,0.5,0.0,0.0,6.037415025850592
32045,0,calendar_2014_test,41.96708649360212,48.0,0.5,0.0,0.0,6.0329135063978825
32046,0,calendar_2014_test,47.46984811895387,40.0,0.5,0.0,0.0,7.46984811895387
32047,0,calendar_2014_test,39.18879044065108,46.0,0.5,0.0,0.0,6.811209559348917
32048,0,calendar_2014_test,46.216208689918204,55.0,0.5,0.0,0.0,8.783791310081796
32049,0,calendar_2014_test,52.16892202914998,57.0,0.5,0.0,0.0,4.831077970850018
32050,0,calendar_2014_test,53.543008576792694,52.0,0.5,0.0,0.0,1.543008576792694
32051,0,calendar_2014_test,49.564951734932485,55.0,0.5,0.0,0.0,5.435048265067515
32052,0,calendar_2014_test,52.2048094509862,59.0,0.5,0.0,0.0,6.795190549013803
32053,0,calendar_2014_test,58.77257805853492,67.0,0.5,0.0,0.0,8.227421941465082
32054,0,calendar_2014_test,67.50439253324633,72.0,0.5,0.0,0.0,4.495607466753668
32055,0,calendar_2014_test,70.43471874610616,78.0,0.5,0.0,0.0,7.565281253893843
32056,0,calendar_2014_test,75.07299600818189,95.0,0.5,0.0,0.0,19.92700399181811
32057,0,calendar_2014_test,93.05058228301075,105.0,0.5,0.0,0.0,11.949417716989245
32058,0,calendar_2014_test,97.92954347457969,112.0,0.5,0.0,0.0,14.070456525420312
32059,0,calendar_2014_test,106.87605498766378,128.0,0.5,0.0,0.0,21.123945012336222
32060,0,calendar_2014_test,122.50540163044234,127.0,0.5,0.0,0.0,4.494598369557664
32061,0,calendar_2014_test,109.58090396388084,128.0,0.5,0.0,0.0,18.419096036119157
32062,0,calendar_2014_test,113.19537282128712,121.0,0.5,0.0,0.0,7.804627178712877
32063,0,calendar_2014_test,104.53257496330752,84.0,0.5,0.0,0.0,20.532574963307525
32064,0,calendar_2014_test,68.49329873983918,87.0,0.5,0.0,0.0,18.506701260160824
32065,0,calendar_2014_test,75.07940875552941,64.0,0.5,0.0,0.0,11.079408755529414
32066,0,calendar_2014_test,53.881248699385615,52.0,0.5,0.0,0.0,1.8812486993856155
32067,0,calendar_2014_test,42.91550595364153,30.0,0.5,0.0,0.0,12.915505953641528
32068,0,calendar_2014_test,26.26493054148227,23.0,0.5,0.0,0.0,3.2649305414822685
32069,0,calendar_2014_test,26.76401264509285,22.0,0.5,0.0,0.0,4.764012645092851
32070,0,calendar_2014_test,21.470742806168094,17.0,0.5,0.0,0.0,4.470742806168094
32071,0,calendar_2014_test,16.418238671956203,22.0,0.5,0.0,0.0,5.581761328043797
32072,0,calendar_2014_test,26.80724745721552,33.0,0.5,0.0,0.0,6.192752542784479
32073,0,calendar_2014_test,41.5741912557216,43.0,0.5,0.0,0.0,1.4258087442783989
32074,0,calendar_2014_test,44.26329937505829,49.0,0.5,0.0,0.0,4.736700624941712
32075,0,calendar_2014_test,48.233587772425146,56.0,0.5,0.0,0.0,7.766412227574854
32076,0,calendar_2014_test,54.02583543261321,59.0,0.5,0.0,0.0,4.9741645673867865
32077,0,calendar_2014_test,58.060902435933826,69.0,0.5,0.0,0.0,10.939097564066174
32078,0,calendar_2014_test,68.07583721992489,59.0,0.5,0.0,0.0,9.075837219924892
32079,0,calendar_2014_test,58.43870081146262,72.0,0.5,0.0,0.0,13.561299188537383
32080,0,calendar_2014_test,67.49218348049217,76.0,0.5,0.0,0.0,8.507816519507827
32081,0,calendar_2014_test,74.27899632173664,90.0,0.5,0.0,0.0,15.721003678263358
32082,0,calendar_2014_test,83.1598603154844,91.0,0.5,0.0,0.0,7.840139684515606
32083,0,calendar_2014_test,82.88333169343439,90.0,0.5,0.0,0.0,7.116668306565614
32084,0,calendar_2014_test,80.77302037199077,91.0,0.5,0.0,0.0,10.226979628009232
32085,0,calendar_2014_test,80.48729601638277,66.0,0.5,0.0,0.0,14.487296016382771
32086,0,calendar_2014_test,57.582383421356376,46.0,0.5,0.0,0.0,11.582383421356376
32087,0,calendar_2014_test,43.34369745760584,49.0,0.5,0.0,0.0,5.656302542394158
32088,0,calendar_2014_test,47.38563066116813,48.0,0.5,0.0,0.0,0.614369338831871
32089,0,calendar_2014_test,44.111620155795904,45.0,0.5,0.0,0.0,0.8883798442040955
32090,0,calendar_2014_test,43.12762075093818,44.0,0.5,0.0,0.0,0.8723792490618223
32091,0,calendar_2014_test,41.992162603928726,39.0,0.5,0.0,0.0,2.992162603928726
32092,0,calendar_2014_test,37.6318494518235,23.0,0.5,0.0,0.0,14.631849451823498
32093,0,calendar_2014_test,23.663264924788795,26.0,0.5,0.0,0.0,2.3367350752112053
32094,0,calendar_2014_test,27.591125854718214,24.0,0.5,0.0,0.0,3.5911258547182143
32095,0,calendar_2014_test,25.889759347863514,25.0,0.5,0.0,0.0,0.8897593478635137
32096,0,calendar_2014_test,25.853686836142007,30.0,0.5,0.0,0.0,4.146313163857993
32097,0,calendar_2014_test,32.252169022718704,44.0,0.5,0.0,0.0,11.747830977281296
32098,0,calendar_2014_test,44.63583539416272,30.0,0.5,0.0,0.0,14.635835394162719
32099,0,calendar_2014_test,32.86017377779819,32.0,0.5,0.0,0.0,0.8601737777981882
32100,0,calendar_2014_test,33.38995992563343,36.0,0.5,0.0,0.0,2.610040074366573
32101,0,calendar_2014_test,38.96119143441027,43.0,0.5,0.0,0.0,4.038808565589733
32102,0,calendar_2014_test,40.81522606003135,66.0,0.5,0.0,0.0,25.18477393996865
32103,0,calendar_2014_test,67.71835747954168,68.0,0.5,0.0,0.0,0.2816425204583197
32104,0,calendar_2014_test,65.8722665723613,73.0,0.5,0.0,0.0,7.127733427638702
32105,0,calendar_2014_test,70.05282890893588,90.0,0.5,0.0,0.0,19.94717109106412
32106,0,calendar_2014_test,83.09653367986526,106.0,0.5,0.0,0.0,22.90346632013474
32107,0,calendar_2014_test,96.81993968409488,102.0,0.5,0.0,0.0,5.1800603159051235
32108,0,calendar_2014_test,92.83855911520028,66.0,0.5,0.0,0.0,26.838559115200283
32109,0,calendar_2014_test,59.20904218983483,65.0,0.5,0.0,0.0,5.7909578101651675
32110,0,calendar_2014_test,58.54005742960042,52.0,0.5,0.0,0.0,6.540057429600417
32111,0,calendar_2014_test,44.72031672287208,68.0,0.5,0.0,0.0,23.279683277127923
32112,0,calendar_2014_test,58.97087785521896,104.0,0.5,0.0,0.0,45.02912214478104
32113,0,calendar_2014_test,86.70593865416684,84.0,0.5,0.0,0.0,2.705938654166843
32114,0,calendar_2014_test,68.25104075835749,42.0,0.5,0.0,0.0,26.25104075835749
32115,0,calendar_2014_test,40.48706819928155,36.0,0.5,0.0,0.0,4.487068199281552
32116,0,calendar_2014_test,33.59492690833726,56.0,0.5,0.0,0.0,22.405073091662743
32117,0,calendar_2014_test,52.217814008037585,51.0,0.5,0.0,0.0,1.2178140080375854
32118,0,calendar_2014_test,46.34122781736114,170.0,0.5,0.0,0.0,123.65877218263887
32119,0,calendar_2014_test,136.09256275797486,87.0,0.5,0.0,0.0,49.09256275797486
32120,0,calendar_2014_test,67.4816486185368,55.0,0.5,0.0,0.0,12.481648618536795
32121,0,calendar_2014_test,47.24821823179868,107.0,0.5,0.0,0.0,59.75178176820132
32122,0,calendar_2014_test,99.618743580498,105.0,0.5,0.0,0.0,5.3812564195019945
32123,0,calendar_2014_test,96.46006013633456,66.0,0.5,0.0,0.0,30.46006013633456
32124,0,calendar_2014_test,60.364698557444996,73.0,0.5,0.0,0.0,12.635301442555004
32125,0,calendar_2014_test,70.25402419036787,76.0,0.5,0.0,0.0,5.745975809632128
32126,0,calendar_2014_test,71.73190388111995,60.0,0.5,0.0,0.0,11.731903881119948
32127,0,calendar_2014_test,54.78639151148673,64.0,0.5,0.0,0.0,9.213608488513273
32128,0,calendar_2014_test,63.39616554876699,73.0,0.5,0.0,0.0,9.603834451233013
32129,0,calendar_2014_test,70.73426226007977,81.0,0.5,0.0,0.0,10.265737739920226
32130,0,calendar_2014_test,76.37273409706965,88.0,0.5,0.0,0.0,11.627265902930347
32131,0,calendar_2014_test,81.73967402892892,98.0,0.5,0.0,0.0,16.260325971071083
32132,0,calendar_2014_test,92.06753527015867,99.0,0.5,0.0,0.0,6.932464729841328
32133,0,calendar_2014_test,93.75073442040743,99.0,0.5,0.0,0.0,5.249265579592574
32134,0,calendar_2014_test,93.4939774534139,108.0,0.5,0.0,0.0,14.506022546586095
32135,0,calendar_2014_test,102.32244336385088,129.0,0.5,0.0,0.0,26.67755663614912
32136,0,calendar_2014_test,119.96826671729102,136.0,0.5,0.0,0.0,16.031733282708984
32137,0,calendar_2014_test,125.80123601322943,151.0,0.5,0.0,0.0,25.198763986770572
32138,0,calendar_2014_test,138.60553595479104,162.0,0.5,0.0,0.0,23.394464045208963
32139,0,calendar_2014_test,148.4499403019916,164.0,0.5,0.0,0.0,15.550059698008397
32140,0,calendar_2014_test,148.3236458175291,174.0,0.5,0.0,0.0,25.676354182470902
32141,0,calendar_2014_test,158.68975729000016,185.0,0.5,0.0,0.0,26.31024270999984
32142,0,calendar_2014_test,165.58001619864334,168.0,0.5,0.0,0.0,2.419983801356665
32143,0,calendar_2014_test,147.65551387571955,154.0,0.5,0.0,0.0,6.344486124280451
32144,0,calendar_2014_test,136.69124678240726,143.0,0.5,0.0,0.0,6.308753217592738
32145,0,calendar_2014_test,128.29175194317307,139.0,0.5,0.0,0.0,10.708248056826932
32146,0,calendar_2014_test,126.32261251850672,126.0,0.5,0.0,0.0,0.32261251850671613
32147,0,calendar_2014_test,106.66396714665885,98.0,0.5,0.0,0.0,8.663967146658848
32148,0,calendar_2014_test,75.83796948243418,101.0,0.5,0.0,0.0,25.162030517565825
32149,0,calendar_2014_test,96.61708045313416,71.0,0.5,0.0,0.0,25.617080453134164
32150,0,calendar_2014_test,65.44686707446184,73.0,0.5,0.0,0.0,7.553132925538165
32151,0,calendar_2014_test,68.9123934868196,80.0,0.5,0.0,0.0,11.087606513180404
32152,0,calendar_2014_test,76.3913542556874,82.0,0.5,0.0,0.0,5.6086457443125965
32153,0,calendar_2014_test,78.53717174501573,76.0,0.5,0.0,0.0,2.5371717450157263
32154,0,calendar_2014_test,73.16165389577587,84.0,0.5,0.0,0.0,10.83834610422413
32155,0,calendar_2014_test,79.70132803975208,89.0,0.5,0.0,0.0,9.298671960247916
32156,0,calendar_2014_test,81.84402675545839,91.0,0.5,0.0,0.0,9.155973244541613
32157,0,calendar_2014_test,83.74966895336215,96.0,0.5,0.0,0.0,12.250331046637854
32158,0,calendar_2014_test,90.41465908385129,107.0,0.5,0.0,0.0,16.58534091614871
32159,0,calendar_2014_test,98.77942049786613,109.0,0.5,0.0,0.0,10.220579502133873
32160,0,calendar_2014_test,100.69139372717777,112.0,0.5,0.0,0.0,11.308606272822232
32161,0,calendar_2014_test,105.57758361205495,119.0,0.5,0.0,0.0,13.422416387945049
32162,0,calendar_2014_test,112.24169012158886,122.0,0.5,0.0,0.0,9.75830987841114
32163,0,calendar_2014_test,115.54338894233129,125.0,0.5,0.0,0.0,9.45661105766871
32164,0,calendar_2014_test,116.76222836191612,121.0,0.5,0.0,0.0,4.237771638083885
32165,0,calendar_2014_test,111.98154889497113,128.0,0.5,0.0,0.0,16.018451105028873
32166,0,calendar_2014_test,118.95899006014338,135.0,0.5,0.0,0.0,16.04100993985662
32167,0,calendar_2014_test,125.29952667140081,136.0,0.5,0.0,0.0,10.700473328599188
32168,0,calendar_2014_test,126.81302352567577,121.0,0.5,0.0,0.0,5.813023525675774
32169,0,calendar_2014_test,111.0964357296496,117.0,0.5,0.0,0.0,5.903564270350401
32170,0,calendar_2014_test,103.31496000417545,105.0,0.5,0.0,0.0,1.6850399958245532
32171,0,calendar_2014_test,91.48669992097797,100.0,0.5,0.0,0.0,8.51330007902203
32172,0,calendar_2014_test,93.20160888348808,117.0,0.5,0.0,0.0,23.798391116511922
32173,0,calendar_2014_test,115.6932504539441,118.0,0.5,0.0,0.0,2.3067495460558973
32174,0,calendar_2014_test,109.36668403027258,121.0,0.5,0.0,0.0,11.63331596972742
32175,0,calendar_2014_test,114.42085363232783,140.0,0.5,0.0,0.0,25.579146367672166
32176,0,calendar_2014_test,131.93249502165943,139.0,0.5,0.0,0.0,7.0675049783405655
32177,0,calendar_2014_test,127.6006228139156,136.0,0.5,0.0,0.0,8.399377186084394
32178,0,calendar_2014_test,125.56410985479587,143.0,0.5,0.0,0.0,17.435890145204127
32179,0,calendar_2014_test,135.7848131894133,155.0,0.5,0.0,0.0,19.215186810586687
32180,0,calendar_2014_test,148.82108012271524,141.0,0.5,0.0,0.0,7.821080122715244
32181,0,calendar_2014_test,129.69713055375973,110.0,0.5,0.0,0.0,19.697130553759735
32182,0,calendar_2014_test,97.94984111742473,118.0,0.5,0.0,0.0,20.050158882575275
32183,0,calendar_2014_test,111.47565750437734,124.0,0.5,0.0,0.0,12.524342495622662
32184,0,calendar_2014_test,117.43888614425963,135.0,0.5,0.0,0.0,17.561113855740373
32185,0,calendar_2014_test,125.64094405025018,156.0,0.5,0.0,0.0,30.359055949749816
32186,0,calendar_2014_test,148.55478370182917,163.0,0.5,0.0,0.0,14.445216298170834
32187,0,calendar_2014_test,148.09302585588398,167.0,0.5,0.0,0.0,18.90697414411602
32188,0,calendar_2014_test,151.47102736112748,169.0,0.5,0.0,0.0,17.528972638872517
32189,0,calendar_2014_test,146.09399093005453,177.0,0.5,0.0,0.0,30.90600906994547
32190,0,calendar_2014_test,153.37679104306324,131.0,0.5,0.0,0.0,22.376791043063236
32191,0,calendar_2014_test,109.95076404363365,102.0,0.5,0.0,0.0,7.950764043633654
32192,0,calendar_2014_test,84.01854448153873,90.0,0.5,0.0,0.0,5.981455518461274
32193,0,calendar_2014_test,72.71252762829172,96.0,0.5,0.0,0.0,23.287472371708276
32194,0,calendar_2014_test,83.08254731221312,112.0,0.5,0.0,0.0,28.917452687786877
32195,0,calendar_2014_test,104.58008507857255,101.0,0.5,0.0,0.0,3.5800850785725515
32196,0,calendar_2014_test,89.1256632736371,101.0,0.5,0.0,0.0,11.874336726362898
32197,0,calendar_2014_test,90.62474456562208,104.0,0.5,0.0,0.0,13.37525543437792
32198,0,calendar_2014_test,92.24769084374799,92.0,0.5,0.0,0.0,0.24769084374798922
32199,0,calendar_2014_test,75.02856762747935,55.0,0.5,0.0,0.0,20.028567627479347
32200,0,calendar_2014_test,42.50247347421627,27.0,0.5,0.0,0.0,15.502473474216274
32201,0,calendar_2014_test,28.379910538168886,30.0,0.5,0.0,0.0,1.620089461831114
32202,0,calendar_2014_test,28.725490681806548,27.0,0.5,0.0,0.0,1.7254906818065479
32203,0,calendar_2014_test,24.538615592810597,21.0,0.5,0.0,0.0,3.538615592810597
32204,0,calendar_2014_test,20.830055588234714,25.0,0.5,0.0,0.0,4.169944411765286
32205,0,calendar_2014_test,21.62716100541371,23.0,0.5,0.0,0.0,1.3728389945862887
32206,0,calendar_2014_test,21.788094953978216,28.0,0.5,0.0,0.0,6.2119050460217835
32207,0,calendar_2014_test,25.684525157835562,29.0,0.5,0.0,0.0,3.3154748421644378
32208,0,calendar_2014_test,25.13346687808715,31.0,0.5,0.0,0.0,5.866533121912848
32209,0,calendar_2014_test,29.433405920663823,38.0,0.5,0.0,0.0,8.566594079336177
32210,0,calendar_2014_test,36.07879443972503,39.0,0.5,0.0,0.0,2.92120556027497
32211,0,calendar_2014_test,34.00690730450889,61.0,0.5,0.0,0.0,26.993092695491107
32212,0,calendar_2014_test,53.61987514389347,42.0,0.5,0.0,0.0,11.619875143893474
32213,0,calendar_2014_test,38.68946786099779,47.0,0.5,0.0,0.0,8.310532139002213
32214,0,calendar_2014_test,47.77853497648833,52.0,0.5,0.0,0.0,4.221465023511669
32215,0,calendar_2014_test,49.820511046459515,47.0,0.5,0.0,0.0,2.820511046459515
32216,0,calendar_2014_test,46.43793263197698,42.0,0.5,0.0,0.0,4.437932631976977
32217,0,calendar_2014_test,42.38979101833004,48.0,0.5,0.0,0.0,5.610208981669963
32218,0,calendar_2014_test,48.74311753620465,52.0,0.5,0.0,0.0,3.2568824637953497
32219,0,calendar_2014_test,50.43695886728922,48.0,0.5,0.0,0.0,2.4369588672892206
32220,0,calendar_2014_test,45.797789669185455,59.0,0.5,0.0,0.0,13.202210330814545
32221,0,calendar_2014_test,58.838622536322276,48.0,0.5,0.0,0.0,10.838622536322276
32222,0,calendar_2014_test,45.242725390394,35.0,0.5,0.0,0.0,10.242725390394
32223,0,calendar_2014_test,35.06895254449374,41.0,0.5,0.0,0.0,5.93104745550626
32224,0,calendar_2014_test,42.96547267491596,36.0,0.5,0.0,0.0,6.965472674915958
32225,0,calendar_2014_test,35.88074679884824,41.0,0.5,0.0,0.0,5.119253201151757
32226,0,calendar_2014_test,43.80877738703544,49.0,0.5,0.0,0.0,5.191222612964559
32227,0,calendar_2014_test,48.20356666809646,59.0,0.5,0.0,0.0,10.796433331903543
32228,0,calendar_2014_test,55.754368171695546,72.0,0.5,0.0,0.0,16.245631828304454
32229,0,calendar_2014_test,65.65900362209322,80.0,0.5,0.0,0.0,14.340996377906777
32230,0,calendar_2014_test,72.36593564894866,58.0,0.5,0.0,0.0,14.365935648948664
32231,0,calendar_2014_test,48.68029876322806,46.0,0.5,0.0,0.0,2.680298763228059
32232,0,calendar_2014_test,39.98558522748484,54.0,0.5,0.0,0.0,14.01441477251516
32233,0,calendar_2014_test,46.4777700205424,43.0,0.5,0.0,0.0,3.477770020542401
32234,0,calendar_2014_test,38.687508754581515,35.0,0.5,0.0,0.0,3.687508754581515
32235,0,calendar_2014_test,32.8121839843912,39.0,0.5,0.0,0.0,6.187816015608803
32236,0,calendar_2014_test,34.31522327546352,20.0,0.5,0.0,0.0,14.315223275463516
32237,0,calendar_2014_test,20.821283272542342,78.0,0.5,0.0,0.0,57.178716727457655
32238,0,calendar_2014_test,61.58457636813922,72.0,0.5,0.0,0.0,10.415423631860783
32239,0,calendar_2014_test,66.29062126462709,84.0,0.5,0.0,0.0,17.70937873537291
32240,0,calendar_2014_test,77.05603328672842,55.0,0.5,0.0,0.0,22.05603328672842
32241,0,calendar_2014_test,49.42239950461219,77.0,0.5,0.0,0.0,27.577600495387813
32242,0,calendar_2014_test,73.06251344621806,135.0,0.5,0.0,0.0,61.93748655378194
32243,0,calendar_2014_test,133.3054587187756,76.0,0.5,0.0,0.0,57.30545871877561
32244,0,calendar_2014_test,67.17908182416856,75.0,0.5,0.0,0.0,7.820918175831437
32245,0,calendar_2014_test,71.18462680802351,98.0,0.5,0.0,0.0,26.81537319197649
32246,0,calendar_2014_test,93.97415967271287,116.0,0.5,0.0,0.0,22.025840327287128
32247,0,calendar_2014_test,109.16770845911746,106.0,0.5,0.0,0.0,3.1677084591174633
32248,0,calendar_2014_test,92.47635505931456,48.0,0.5,0.0,0.0,44.47635505931456
32249,0,calendar_2014_test,47.58372064984362,37.0,0.5,0.0,0.0,10.58372064984362
32250,0,calendar_2014_test,37.97996611670451,39.0,0.5,0.0,0.0,1.0200338832954898
32251,0,calendar_2014_test,37.805285106135855,38.0,0.5,0.0,0.0,0.19471489386414476
32252,0,calendar_2014_test,37.7742970469673,64.0,0.5,0.0,0.0,26.2257029530327
32253,0,calendar_2014_test,66.58164139494072,73.0,0.5,0.0,0.0,6.418358605059282
32254,0,calendar_2014_test,66.21622687688182,73.0,0.5,0.0,0.0,6.783773123118181
32255,0,calendar_2014_test,63.74411328870106,80.0,0.5,0.0,0.0,16.255886711298942
32256,0,calendar_2014_test,72.47526830684562,86.0,0.5,0.0,0.0,13.52473169315438
32257,0,calendar_2014_test,76.61627554988728,106.0,0.5,0.0,0.0,29.383724450112723
32258,0,calendar_2014_test,97.12353139958343,132.0,0.5,0.0,0.0,34.87646860041657
32259,0,calendar_2014_test,118.98166036049967,101.0,0.5,0.0,0.0,17.981660360499674
32260,0,calendar_2014_test,77.27030506505562,68.0,0.5,0.0,0.0,9.270305065055624
32261,0,calendar_2014_test,61.86219873834036,51.0,0.5,0.0,0.0,10.86219873834036
32262,0,calendar_2014_test,44.26190050313406,47.0,0.5,0.0,0.0,2.7380994968659422
32263,0,calendar_2014_test,44.921658994139506,41.0,0.5,0.0,0.0,3.9216589941395057
32264,0,calendar_2014_test,39.706284718126255,42.0,0.5,0.0,0.0,2.2937152818737445
32265,0,calendar_2014_test,41.951479862081705,49.0,0.5,0.0,0.0,7.048520137918295
32266,0,calendar_2014_test,48.584815213103475,58.0,0.5,0.0,0.0,9.415184786896525
32267,0,calendar_2014_test,53.964032839711656,63.0,0.5,0.0,0.0,9.035967160288344
32268,0,calendar_2014_test,60.92056597116823,67.0,0.5,0.0,0.0,6.07943402883177
32269,0,calendar_2014_test,66.95805984793775,72.0,0.5,0.0,0.0,5.041940152062253
32270,0,calendar_2014_test,70.43471874610616,105.0,0.5,0.0,0.0,34.56528125389384
32271,0,calendar_2014_test,102.1187379501927,86.0,0.5,0.0,0.0,16.118737950192696
32272,0,calendar_2014_test,78.14237726060195,81.0,0.5,0.0,0.0,2.857622739398053
32273,0,calendar_2014_test,75.88650867148081,92.0,0.5,0.0,0.0,16.11349132851919
32274,0,calendar_2014_test,86.77246042121172,93.0,0.5,0.0,0.0,6.2275395787882815
32275,0,calendar_2014_test,89.40988516749741,105.0,0.5,0.0,0.0,15.590114832502593
32276,0,calendar_2014_test,98.25066988784552,94.0,0.5,0.0,0.0,4.250669887845518
32277,0,calendar_2014_test,86.10296766321372,91.0,0.5,0.0,0.0,4.897032336786282
32278,0,calendar_2014_test,84.95388000022706,83.0,0.5,0.0,0.0,1.953880000227059
32279,0,calendar_2014_test,78.6026193475445,96.0,0.5,0.0,0.0,17.397380652455496
32280,0,calendar_2014_test,89.6212597833546,113.0,0.5,0.0,0.0,23.378740216645397
32281,0,calendar_2014_test,109.56895614594887,121.0,0.5,0.0,0.0,11.431043854051126
32282,0,calendar_2014_test,116.30690884497048,136.0,0.5,0.0,0.0,19.69309115502952
32283,0,calendar_2014_test,126.95276953933251,132.0,0.5,0.0,0.0,5.0472304606674925
32284,0,calendar_2014_test,116.39184015601982,133.0,0.5,0.0,0.0,16.608159843980175
32285,0,calendar_2014_test,117.19201159977337,136.0,0.5,0.0,0.0,18.807988400226634
32286,0,calendar_2014_test,120.81293631848783,111.0,0.5,0.0,0.0,9.812936318487829
32287,0,calendar_2014_test,91.380162008185,106.0,0.5,0.0,0.0,14.619837991815004
32288,0,calendar_2014_test,88.82805916032567,104.0,0.5,0.0,0.0,15.171940839674335
32289,0,calendar_2014_test,89.46241025595475,98.0,0.5,0.0,0.0,8.537589744045249
32290,0,calendar_2014_test,88.509577305091,99.0,0.5,0.0,0.0,10.490422694909
32291,0,calendar_2014_test,94.29117860884735,90.0,0.5,0.0,0.0,4.291178608847346
32292,0,calendar_2014_test,81.98164833787763,95.0,0.5,0.0,0.0,13.01835166212237
32293,0,calendar_2014_test,89.56196663358634,105.0,0.5,0.0,0.0,15.438033366413663
32294,0,calendar_2014_test,97.3357792139924,99.0,0.5,0.0,0.0,1.6642207860076041
32295,0,calendar_2014_test,92.71105581285711,102.0,0.5,0.0,0.0,9.288944187142889
32296,0,calendar_2014_test,95.9018985852683,103.0,0.5,0.0,0.0,7.098101414731701
32297,0,calendar_2014_test,97.67061798215438,89.0,0.5,0.0,0.0,8.670617982154383
32298,0,calendar_2014_test,78.257085546807,89.0,0.5,0.0,0.0,10.742914453192995
32299,0,calendar_2014_test,82.95900959992707,94.0,0.5,0.0,0.0,11.040990400072928
32300,0,calendar_2014_test,90.39774518860293,97.0,0.5,0.0,0.0,6.602254811397074
32301,0,calendar_2014_test,92.35034359503497,100.0,0.5,0.0,0.0,7.649656404965029
32302,0,calendar_2014_test,95.15838342578152,111.0,0.5,0.0,0.0,15.841616574218477
32303,0,calendar_2014_test,112.29839647304232,115.0,0.5,0.0,0.0,2.7016035269576832
32304,0,calendar_2014_test,109.27067503977712,146.0,0.5,0.0,0.0,36.72932496022288
32305,0,calendar_2014_test,141.44126254915932,156.0,0.5,0.0,0.0,14.558737450840681
32306,0,calendar_2014_test,146.50764760206607,221.0,0.5,0.0,0.0,74.49235239793393
32307,0,calendar_2014_test,209.94538931941895,170.0,0.5,0.0,0.0,39.94538931941895
32308,0,calendar_2014_test,127.83373439591466,135.0,0.5,0.0,0.0,7.166265604085339
32309,0,calendar_2014_test,112.55364408563395,98.0,0.5,0.0,0.0,14.553644085633948
32310,0,calendar_2014_test,80.90517369140453,86.0,0.5,0.0,0.0,5.094826308595472
32311,0,calendar_2014_test,74.41381286412557,81.0,0.5,0.0,0.0,6.586187135874425
32312,0,calendar_2014_test,72.55178079776931,79.0,0.5,0.0,0.0,6.448219202230689
32313,0,calendar_2014_test,70.41044832338567,153.0,0.5,0.0,0.0,82.58955167661433
32314,0,calendar_2014_test,132.27979874753632,119.0,0.5,0.0,0.0,13.279798747536319
32315,0,calendar_2014_test,97.58454154466817,94.0,0.5,0.0,0.0,3.58454154466817
32316,0,calendar_2014_test,80.45387132709325,91.0,0.5,0.0,0.0,10.546128672906747
32317,0,calendar_2014_test,83.18993105149808,90.0,0.5,0.0,0.0,6.810068948501922
32318,0,calendar_2014_test,83.25938960279247,90.0,0.5,0.0,0.0,6.740610397207533
32319,0,calendar_2014_test,83.5566479517798,87.0,0.5,0.0,0.0,3.4433520482202056
32320,0,calendar_2014_test,81.05087535473828,94.0,0.5,0.0,0.0,12.949124645261719
32321,0,calendar_2014_test,89.48045872918347,97.0,0.5,0.0,0.0,7.519541270816532
32322,0,calendar_2014_test,90.38365491534644,107.0,0.5,0.0,0.0,16.61634508465356
32323,0,calendar_2014_test,99.89375921179548,112.0,0.5,0.0,0.0,12.106240788204516
32324,0,calendar_2014_test,106.47759774705372,152.0,0.5,0.0,0.0,45.52240225294628
32325,0,calendar_2014_test,150.31500671761663,129.0,0.5,0.0,0.0,21.315006717616626
32326,0,calendar_2014_test,114.6892744177077,135.0,0.5,0.0,0.0,20.310725582292307
32327,0,calendar_2014_test,125.0650708673835,135.0,0.5,0.0,0.0,9.934929132616503
32328,0,calendar_2014_test,123.64967503574539,150.0,0.5,0.0,0.0,26.35032496425461
32329,0,calendar_2014_test,139.0494631910448,162.0,0.5,0.0,0.0,22.950536808955206
32330,0,calendar_2014_test,150.21373636750212,155.0,0.5,0.0,0.0,4.786263632497878
32331,0,calendar_2014_test,145.48158124484178,143.0,0.5,0.0,0.0,2.4815812448417773
32332,0,calendar_2014_test,128.31457857365666,144.0,0.5,0.0,0.0,15.68542142634334
32333,0,calendar_2014_test,134.438629374593,158.0,0.5,0.0,0.0,23.561370625406994
32334,0,calendar_2014_test,146.34370865779442,202.0,0.5,0.0,0.0,55.65629134220558
32335,0,calendar_2014_test,175.8902821216681,143.0,0.5,0.0,0.0,32.89028212166809
32336,0,calendar_2014_test,118.75413601795147,147.0,0.5,0.0,0.0,28.245863982048533
32337,0,calendar_2014_test,123.65759424036658,136.0,0.5,0.0,0.0,12.342405759633422
32338,0,calendar_2014_test,112.7657263276763,130.0,0.5,0.0,0.0,17.234273672323695
32339,0,calendar_2014_test,113.70908489326784,68.0,0.5,0.0,0.0,45.70908489326784
32340,0,calendar_2014_test,51.94965984428224,113.0,0.5,0.0,0.0,61.05034015571776
32341,0,calendar_2014_test,112.52993176719059,54.0,0.5,0.0,0.0,58.52993176719059
32342,0,calendar_2014_test,44.89469975233546,51.0,0.5,0.0,0.0,6.1053002476645375
32343,0,calendar_2014_test,43.35731516547216,48.0,0.5,0.0,0.0,4.6426848345278415
32344,0,calendar_2014_test,40.73203563366739,47.0,0.5,0.0,0.0,6.267964366332613
32345,0,calendar_2014_test,40.22494586881716,44.0,0.5,0.0,0.0,3.7750541311828414
32346,0,calendar_2014_test,38.32186810890569,34.0,0.5,0.0,0.0,4.32186810890569
32347,0,calendar_2014_test,30.368563037417182,28.0,0.5,0.0,0.0,2.368563037417182
32348,0,calendar_2014_test,24.908311111052534,34.0,0.5,0.0,0.0,9.091688888947466
32349,0,calendar_2014_test,29.954877981840937,34.0,0.5,0.0,0.0,4.045122018159063
32350,0,calendar_2014_test,30.290528462470007,25.0,0.5,0.0,0.0,5.290528462470007
32351,0,calendar_2014_test,22.538400469428712,26.0,0.5,0.0,0.0,3.461599530571288
32352,0,calendar_2014_test,22.23999250080293,39.0,0.5,0.0,0.0,16.76000749919707
32353,0,calendar_2014_test,33.15941364498218,52.0,0.5,0.0,0.0,18.84058635501782
32354,0,calendar_2014_test,46.574669851356404,54.0,0.5,0.0,0.0,7.425330148643596
32355,0,calendar_2014_test,44.763784723688694,50.0,0.5,0.0,0.0,5.236215276311306
32356,0,calendar_2014_test,43.10393986157272,50.0,0.5,0.0,0.0,6.896060138427281
32357,0,calendar_2014_test,42.853554620513215,60.0,0.5,0.0,0.0,17.146445379486785
32358,0,calendar_2014_test,51.91637093890688,59.0,0.5,0.0,0.0,7.08362906109312
32359,0,calendar_2014_test,51.867984952046086,49.0,0.5,0.0,0.0,2.8679849520460863
32360,0,calendar_2014_test,41.864808586363075,37.0,0.5,0.0,0.0,4.8648085863630754
32361,0,calendar_2014_test,33.86420945424788,32.0,0.5,0.0,0.0,1.8642094542478773
32362,0,calendar_2014_test,30.238357291527777,24.0,0.5,0.0,0.0,6.238357291527777
32363,0,calendar_2014_test,23.53504815716086,17.0,0.5,0.0,0.0,6.535048157160858
32364,0,calendar_2014_test,18.611500860524917,21.0,0.5,0.0,0.0,2.3884991394750834
32365,0,calendar_2014_test,20.90054595920419,27.0,0.5,0.0,0.0,6.099454040795809
32366,0,calendar_2014_test,28.65323560507139,27.0,0.5,0.0,0.0,1.6532356050713908
32367,0,calendar_2014_test,26.795436727572543,42.0,0.5,0.0,0.0,15.204563272427457
32368,0,calendar_2014_test,45.57813180844649,42.0,0.5,0.0,0.0,3.578131808446493
32369,0,calendar_2014_test,41.908745135714206,55.0,0.5,0.0,0.0,13.091254864285794
32370,0,calendar_2014_test,52.57213416700503,48.0,0.5,0.0,0.0,4.572134167005032
32371,0,calendar_2014_test,45.98538749407814,40.0,0.5,0.0,0.0,5.9853874940781395
32372,0,calendar_2014_test,40.760175757627096,42.0,0.5,0.0,0.0,1.2398242423729045
32373,0,calendar_2014_test,41.94362987521215,39.0,0.5,0.0,0.0,2.943629875212153
32374,0,calendar_2014_test,37.993375463317,64.0,0.5,0.0,0.0,26.006624536683
32375,0,calendar_2014_test,67.183178930036,88.0,0.5,0.0,0.0,20.816821069964007
32376,0,calendar_2014_test,85.373823090953,104.0,0.5,0.0,0.0,18.626176909047004
32377,0,calendar_2014_test,95.44111122255461,122.0,0.5,0.0,0.0,26.55888877744539
32378,0,calendar_2014_test,110.39789205070231,167.0,0.5,0.0,0.0,56.60210794929769
32379,0,calendar_2014_test,149.1284784640897,116.0,0.5,0.0,0.0,33.12847846408971
32380,0,calendar_2014_test,90.53322429689374,121.0,0.5,0.0,0.0,30.466775703106265
32381,0,calendar_2014_test,110.5002648967246,113.0,0.5,0.0,0.0,2.4997351032753983
32382,0,calendar_2014_test,93.0334822031101,90.0,0.5,0.0,0.0,3.033482203110097
32383,0,calendar_2014_test,69.6776947730564,59.0,0.5,0.0,0.0,10.677694773056402
32384,0,calendar_2014_test,47.69920376906163,66.0,0.5,0.0,0.0,18.300796230938367
32385,0,calendar_2014_test,54.1194383635662,95.0,0.5,0.0,0.0,40.8805616364338
32386,0,calendar_2014_test,78.7044505191389,104.0,0.5,0.0,0.0,25.295549480861098
32387,0,calendar_2014_test,83.79331124817719,117.0,0.5,0.0,0.0,33.20668875182281
32388,0,calendar_2014_test,101.73169350125265,96.0,0.5,0.0,0.0,5.73169350125265
32389,0,calendar_2014_test,78.3946761312182,50.0,0.5,0.0,0.0,28.394676131218205
32390,0,calendar_2014_test,40.39087049578577,50.0,0.5,0.0,0.0,9.60912950421423
32391,0,calendar_2014_test,42.34741504601755,48.0,0.5,0.0,0.0,5.652584953982448
32392,0,calendar_2014_test,39.72981292135601,52.0,0.5,0.0,0.0,12.270187078643993
32393,0,calendar_2014_test,45.252549041954246,39.0,0.5,0.0,0.0,6.252549041954246
32394,0,calendar_2014_test,31.818046806765757,35.0,0.5,0.0,0.0,3.181953193234243
32395,0,calendar_2014_test,31.244736717786967,50.0,0.5,0.0,0.0,18.755263282213033
32396,0,calendar_2014_test,43.244637525823904,38.0,0.5,0.0,0.0,5.244637525823904
32397,0,calendar_2014_test,31.7917646514493,41.0,0.5,0.0,0.0,9.208235348550701
32398,0,calendar_2014_test,36.87275928573534,46.0,0.5,0.0,0.0,9.127240714264659
32399,0,calendar_2014_test,42.26180288912439,51.0,0.5,0.0,0.0,8.73819711087561
32400,0,calendar_2014_test,45.260376752125985,51.0,0.5,0.0,0.0,5.739623247874015
32401,0,calendar_2014_test,42.20551689918854,59.0,0.5,0.0,0.0,16.794483100811462
32402,0,calendar_2014_test,50.604089368483905,57.0,0.5,0.0,0.0,6.395910631516095
32403,0,calendar_2014_test,46.296327343569295,56.0,0.5,0.0,0.0,9.703672656430705
32404,0,calendar_2014_test,46.94917479539112,46.0,0.5,0.0,0.0,0.9491747953911229
32405,0,calendar_2014_test,38.98979100063775,50.0,0.5,0.0,0.0,11.010208999362249
32406,0,calendar_2014_test,44.938600005683455,52.0,0.5,0.0,0.0,7.061399994316545
32407,0,calendar_2014_test,43.48195699921436,49.0,0.5,0.0,0.0,5.518043000785639
32408,0,calendar_2014_test,41.47869643711982,43.0,0.5,0.0,0.0,1.5213035628801777
32409,0,calendar_2014_test,38.54745533890758,43.0,0.5,0.0,0.0,4.452544661092418
32410,0,calendar_2014_test,38.721418037290604,32.0,0.5,0.0,0.0,6.721418037290604
32411,0,calendar_2014_test,30.47131958375413,26.0,0.5,0.0,0.0,4.471319583754131
32412,0,calendar_2014_test,24.334891009157886,31.0,0.5,0.0,0.0,6.665108990842114
32413,0,calendar_2014_test,33.586627582142306,32.0,0.5,0.0,0.0,1.586627582142306
32414,0,calendar_2014_test,31.387996243501775,46.0,0.5,0.0,0.0,14.612003756498225
32415,0,calendar_2014_test,45.54439312171516,98.0,0.5,0.0,0.0,52.45560687828484
32416,0,calendar_2014_test,94.39592383210886,67.0,0.5,0.0,0.0,27.395923832108863
32417,0,calendar_2014_test,63.591397606368105,82.0,0.5,0.0,0.0,18.408602393631895
32418,0,calendar_2014_test,83.29825047427435,65.0,0.5,0.0,0.0,18.298250474274354
32419,0,calendar_2014_test,59.363864046395435,85.0,0.5,0.0,0.0,25.636135953604565
32420,0,calendar_2014_test,85.23114818630516,63.0,0.5,0.0,0.0,22.231148186305163
32421,0,calendar_2014_test,59.017900553343914,48.0,0.5,0.0,0.0,11.017900553343914
32422,0,calendar_2014_test,44.25233529982047,36.0,0.5,0.0,0.0,8.252335299820473
32423,0,calendar_2014_test,31.839996558992954,44.0,0.5,0.0,0.0,12.160003441007046
32424,0,calendar_2014_test,39.696036461481,49.0,0.5,0.0,0.0,9.303963538519
32425,0,calendar_2014_test,42.32900962859635,35.0,0.5,0.0,0.0,7.329009628596353
32426,0,calendar_2014_test,32.50061925257999,39.0,0.5,0.0,0.0,6.4993807474200125
32427,0,calendar_2014_test,37.25858167390246,52.0,0.5,0.0,0.0,14.741418326097538
32428,0,calendar_2014_test,48.694367446769135,31.0,0.5,0.0,0.0,17.694367446769135
32429,0,calendar_2014_test,29.31082707375906,39.0,0.5,0.0,0.0,9.68917292624094
32430,0,calendar_2014_test,35.49948651070683,36.0,0.5,0.0,0.0,0.5005134892931693
32431,0,calendar_2014_test,32.273524103071246,33.0,0.5,0.0,0.0,0.7264758969287541
32432,0,calendar_2014_test,36.67461163016787,33.0,0.5,0.0,0.0,3.674611630167867
32433,0,calendar_2014_test,36.21548325361095,38.0,0.5,0.0,0.0,1.7845167463890519
32434,0,calendar_2014_test,39.9643755338277,32.0,0.5,0.0,0.0,7.964375533827699
32435,0,calendar_2014_test,33.544146257573345,39.0,0.5,0.0,0.0,5.455853742426655
32436,0,calendar_2014_test,40.399952979153824,38.0,0.5,0.0,0.0,2.3999529791538237
32437,0,calendar_2014_test,39.18642848612812,34.0,0.5,0.0,0.0,5.186428486128122
32438,0,calendar_2014_test,35.017710851579146,50.0,0.5,0.0,0.0,14.982289148420854
32439,0,calendar_2014_test,48.977881148365185,59.0,0.5,0.0,0.0,10.022118851634815
32440,0,calendar_2014_test,59.52296875123455,59.0,0.5,0.0,0.0,0.5229687512345507
32441,0,calendar_2014_test,57.61926128181723,56.0,0.5,0.0,0.0,1.6192612818172307
32442,0,calendar_2014_test,53.804505175258434,63.0,0.5,0.0,0.0,9.195494824741566
32443,0,calendar_2014_test,62.6373830275526,72.0,0.5,0.0,0.0,9.362616972447398
32444,0,calendar_2014_test,71.93348119567807,71.0,0.5,0.0,0.0,0.9334811956780698
32445,0,calendar_2014_test,66.49801908043071,75.0,0.5,0.0,0.0,8.501980919569291
32446,0,calendar_2014_test,73.60200431955863,71.0,0.5,0.0,0.0,2.602004319558631
32447,0,calendar_2014_test,63.07704670594037,61.0,0.5,0.0,0.0,2.0770467059403686
32448,0,calendar_2014_test,54.07268300404685,93.0,0.5,0.0,0.0,38.92731699595315
32449,0,calendar_2014_test,92.82859023301322,97.0,0.5,0.0,0.0,4.171409766986784
32450,0,calendar_2014_test,90.01010383213777,110.0,0.5,0.0,0.0,19.989896167862227
32451,0,calendar_2014_test,106.74342449679772,95.0,0.5,0.0,0.0,11.743424496797715
32452,0,calendar_2014_test,85.81796525592108,103.0,0.5,0.0,0.0,17.18203474407892
32453,0,calendar_2014_test,96.615386598908,123.0,0.5,0.0,0.0,26.384613401091997
32454,0,calendar_2014_test,115.89782741137833,138.0,0.5,0.0,0.0,22.10217258862167
32455,0,calendar_2014_test,126.95430530903863,111.0,0.5,0.0,0.0,15.95430530903863
32456,0,calendar_2014_test,96.47741897706582,110.0,0.5,0.0,0.0,13.522581022934176
32457,0,calendar_2014_test,102.39641752805738,108.0,0.5,0.0,0.0,5.603582471942616
32458,0,calendar_2014_test,100.50138805456704,106.0,0.5,0.0,0.0,5.498611945432955
32459,0,calendar_2014_test,98.21947182868183,108.0,0.5,0.0,0.0,9.780528171318167
32460,0,calendar_2014_test,103.275358461822,120.0,0.5,0.0,0.0,16.724641538178005
32461,0,calendar_2014_test,115.80669252229929,154.0,0.5,0.0,0.0,38.19330747770071
32462,0,calendar_2014_test,146.30279467669357,134.0,0.5,0.0,0.0,12.302794676693566
32463,0,calendar_2014_test,113.20542448082112,133.0,0.5,0.0,0.0,19.794575519178878
32464,0,calendar_2014_test,119.61845851669067,124.0,0.5,0.0,0.0,4.381541483309334
32465,0,calendar_2014_test,114.37370995311542,126.0,0.5,0.0,0.0,11.626290046884577
32466,0,calendar_2014_test,116.79414688600778,127.0,0.5,0.0,0.0,10.20585311399222
32467,0,calendar_2014_test,117.97232598627551,132.0,0.5,0.0,0.0,14.027674013724493
32468,0,calendar_2014_test,122.46918877150414,132.0,0.5,0.0,0.0,9.530811228495864
32469,0,calendar_2014_test,117.98392139232213,135.0,0.5,0.0,0.0,17.01607860767787
32470,0,calendar_2014_test,124.16351900100739,159.0,0.5,0.0,0.0,34.83648099899261
32471,0,calendar_2014_test,147.3069935937919,151.0,0.5,0.0,0.0,3.6930064062080987
32472,0,calendar_2014_test,131.79500274311457,148.0,0.5,0.0,0.0,16.204997256885434
32473,0,calendar_2014_test,124.893189948386,140.0,0.5,0.0,0.0,15.106810051614005
32474,0,calendar_2014_test,113.4072455713231,105.0,0.5,0.0,0.0,8.407245571323102
32475,0,calendar_2014_test,70.10475477934425,85.0,0.5,0.0,0.0,14.895245220655752
32476,0,calendar_2014_test,65.49278804405601,84.0,0.5,0.0,0.0,18.507211955943987
32477,0,calendar_2014_test,65.89647339463544,114.0,0.5,0.0,0.0,48.103526605364564
32478,0,calendar_2014_test,99.50870639327638,112.0,0.5,0.0,0.0,12.491293606723616
32479,0,calendar_2014_test,91.54718885735048,111.0,0.5,0.0,0.0,19.452811142649523
32480,0,calendar_2014_test,93.21534721337304,36.0,0.5,0.0,0.0,57.215347213373036
32481,0,calendar_2014_test,32.92976236741759,12.0,0.5,0.0,0.0,20.929762367417588
32482,0,calendar_2014_test,16.44209530152303,12.0,0.5,0.0,0.0,4.442095301523029
32483,0,calendar_2014_test,13.145531659150574,15.0,0.5,0.0,0.0,1.8544683408494258
32484,0,calendar_2014_test,14.404675042830185,23.0,0.5,0.0,0.0,8.595324957169815
32485,0,calendar_2014_test,27.925510684218025,24.0,0.5,0.0,0.0,3.9255106842180254
32486,0,calendar_2014_test,27.560377151884712,16.0,0.5,0.0,0.0,11.560377151884712
32487,0,calendar_2014_test,20.637781837421784,63.0,0.5,0.0,0.0,42.362218162578216
32488,0,calendar_2014_test,64.95507329092487,84.0,0.5,0.0,0.0,19.044926709075128
32489,0,calendar_2014_test,86.7620375838228,93.0,0.5,0.0,0.0,6.237962416177197
32490,0,calendar_2014_test,94.44612927365363,109.0,0.5,0.0,0.0,14.553870726346375
32491,0,calendar_2014_test,108.50327951196664,128.0,0.5,0.0,0.0,19.49672048803336
32492,0,calendar_2014_test,127.13118219012948,125.0,0.5,0.0,0.0,2.131182190129479
32493,0,calendar_2014_test,118.52156604820442,125.0,0.5,0.0,0.0,6.47843395179558
32494,0,calendar_2014_test,117.13701357091391,126.0,0.5,0.0,0.0,8.862986429086092
32495,0,calendar_2014_test,116.2793842067388,136.0,0.5,0.0,0.0,19.720615793261203
32496,0,calendar_2014_test,126.00591026776137,147.0,0.5,0.0,0.0,20.994089732238635
32497,0,calendar_2014_test,141.41653041450795,95.0,0.5,0.0,0.0,46.416530414507946
32498,0,calendar_2014_test,71.64258394881081,72.0,0.5,0.0,0.0,0.3574160511891904
32499,0,calendar_2014_test,65.44648794506935,64.0,0.5,0.0,0.0,1.4464879450693502
32500,0,calendar_2014_test,62.766133920418326,61.0,0.5,0.0,0.0,1.7661339204183264
32501,0,calendar_2014_test,56.06093086808573,58.0,0.5,0.0,0.0,1.9390691319142732
32502,0,calendar_2014_test,53.01232119343834,65.0,0.5,0.0,0.0,11.98767880656166
32503,0,calendar_2014_test,62.42343046001287,62.0,0.5,0.0,0.0,0.42343046001286666
32504,0,calendar_2014_test,56.59668035292815,79.0,0.5,0.0,0.0,22.403319647071847
32505,0,calendar_2014_test,74.44095492085076,74.0,0.5,0.0,0.0,0.44095492085075705
32506,0,calendar_2014_test,67.84221170376809,67.0,0.5,0.0,0.0,0.8422117037680863
32507,0,calendar_2014_test,64.15061640282613,80.0,0.5,0.0,0.0,15.849383597173869
32508,0,calendar_2014_test,78.38479504293272,68.0,0.5,0.0,0.0,10.384795042932723
32509,0,calendar_2014_test,63.53386608020055,63.0,0.5,0.0,0.0,0.5338660802005535
32510,0,calendar_2014_test,60.71101424627588,55.0,0.5,0.0,0.0,5.71101424627588
32511,0,calendar_2014_test,51.00177085591463,70.0,0.5,0.0,0.0,18.99822914408537
32512,0,calendar_2014_test,68.6712692750306,84.0,0.5,0.0,0.0,15.328730724969404
32513,0,calendar_2014_test,80.90927451870243,65.0,0.5,0.0,0.0,15.909274518702432
32514,0,calendar_2014_test,61.08089207516658,65.0,0.5,0.0,0.0,3.919107924833419
32515,0,calendar_2014_test,64.38903367277783,70.0,0.5,0.0,0.0,5.610966327222172
32516,0,calendar_2014_test,67.29833017879399,70.0,0.5,0.0,0.0,2.7016698212060106
32517,0,calendar_2014_test,65.58511513615693,75.0,0.5,0.0,0.0,9.41488486384307
32518,0,calendar_2014_test,73.62550684960824,90.0,0.5,0.0,0.0,16.374493150391757
32519,0,calendar_2014_test,87.26594975994439,91.0,0.5,0.0,0.0,3.734050240055609
32520,0,calendar_2014_test,84.94097095259687,87.0,0.5,0.0,0.0,2.059029047403129
32521,0,calendar_2014_test,80.68963941045276,80.0,0.5,0.0,0.0,0.6896394104527559
32522,0,calendar_2014_test,75.60837652890325,83.0,0.5,0.0,0.0,7.39162347109675
32523,0,calendar_2014_test,78.34756253577302,79.0,0.5,0.0,0.0,0.6524374642269777
32524,0,calendar_2014_test,73.35549015392493,69.0,0.5,0.0,0.0,4.355490153924933
32525,0,calendar_2014_test,64.89687777943837,70.0,0.5,0.0,0.0,5.10312222056163
32526,0,calendar_2014_test,65.45843404830595,72.0,0.5,0.0,0.0,6.541565951694054
32527,0,calendar_2014_test,68.13465434980436,74.0,0.5,0.0,0.0,5.865345650195636
32528,0,calendar_2014_test,66.18790622747429,71.0,0.5,0.0,0.0,4.812093772525714
32529,0,calendar_2014_test,63.87918499580746,48.0,0.5,0.0,0.0,15.879184995807456
32530,0,calendar_2014_test,43.23127979816591,43.0,0.5,0.0,0.0,0.23127979816590738
32531,0,calendar_2014_test,42.84421925833626,45.0,0.5,0.0,0.0,2.1557807416637402
32532,0,calendar_2014_test,44.35740493445289,47.0,0.5,0.0,0.0,2.6425950655471127
32533,0,calendar_2014_test,46.10163254027799,56.0,0.5,0.0,0.0,9.89836745972201
32534,0,calendar_2014_test,54.2502815736047,59.0,0.5,0.0,0.0,4.749718426395297
32535,0,calendar_2014_test,58.203876467440764,59.0,0.5,0.0,0.0,0.7961235325592355
32536,0,calendar_2014_test,57.51597844374412,55.0,0.5,0.0,0.0,2.5159784437441175
32537,0,calendar_2014_test,51.43078088537204,50.0,0.5,0.0,0.0,1.4307808853720374
32538,0,calendar_2014_test,48.124466406498726,46.0,0.5,0.0,0.0,2.124466406498726
32539,0,calendar_2014_test,44.93064369235527,40.0,0.5,0.0,0.0,4.930643692355268
32540,0,calendar_2014_test,40.82466868440235,46.0,0.5,0.0,0.0,5.175331315597653
32541,0,calendar_2014_test,46.80931941032654,47.0,0.5,0.0,0.0,0.19068058967346246
32542,0,calendar_2014_test,45.52642743850643,50.0,0.5,0.0,0.0,4.473572561493569
32543,0,calendar_2014_test,48.65463906817756,46.0,0.5,0.0,0.0,2.654639068177559
32544,0,calendar_2014_test,44.24637811787412,47.0,0.5,0.0,0.0,2.753621882125877
32545,0,calendar_2014_test,45.28625558604781,55.0,0.5,0.0,0.0,9.713744413952192
32546,0,calendar_2014_test,51.650757834606814,51.0,0.5,0.0,0.0,0.6507578346068144
32547,0,calendar_2014_test,47.61698430611673,63.0,0.5,0.0,0.0,15.383015693883273
32548,0,calendar_2014_test,63.65291066373595,62.0,0.5,0.0,0.0,1.6529106637359519
32549,0,calendar_2014_test,59.65158881736261,64.0,0.5,0.0,0.0,4.348411182637392
32550,0,calendar_2014_test,62.78786846452955,63.0,0.5,0.0,0.0,0.21213153547044783
32551,0,calendar_2014_test,61.962034991593384,63.0,0.5,0.0,0.0,1.0379650084066157
32552,0,calendar_2014_test,61.59612041414024,59.0,0.5,0.0,0.0,2.5961204141402376
32553,0,calendar_2014_test,57.60807458849571,70.0,0.5,0.0,0.0,12.391925411504289
32554,0,calendar_2014_test,68.47850256916324,71.0,0.5,0.0,0.0,2.52149743083676
32555,0,calendar_2014_test,66.567841423591,69.0,0.5,0.0,0.0,2.4321585764089946
32556,0,calendar_2014_test,63.78055604121532,65.0,0.5,0.0,0.0,1.2194439587846801
32557,0,calendar_2014_test,60.777795296164655,54.0,0.5,0.0,0.0,6.777795296164655
32558,0,calendar_2014_test,48.24140091865419,40.0,0.5,0.0,0.0,8.241400918654193
32559,0,calendar_2014_test,39.787244105163815,42.0,0.5,0.0,0.0,2.212755894836185
32560,0,calendar_2014_test,41.528695193281976,42.0,0.5,0.0,0.0,0.4713048067180239
32561,0,calendar_2014_test,39.47754445812532,48.0,0.5,0.0,0.0,8.522455541874677
32562,0,calendar_2014_test,44.1905023465998,51.0,0.5,0.0,0.0,6.8094976534002
32563,0,calendar_2014_test,42.9878720287781,57.0,0.5,0.0,0.0,14.0121279712219
32564,0,calendar_2014_test,53.303259543531645,49.0,0.5,0.0,0.0,4.303259543531645
32565,0,calendar_2014_test,42.390072116982516,46.0,0.5,0.0,0.0,3.609927883017484
32566,0,calendar_2014_test,40.90235276937619,40.0,0.5,0.0,0.0,0.9023527693761935
32567,0,calendar_2014_test,36.59421682519036,39.0,0.5,0.0,0.0,2.405783174809642
32568,0,calendar_2014_test,34.28389858555709,33.0,0.5,0.0,0.0,1.2838985855570897
32569,0,calendar_2014_test,32.423916180240994,26.0,0.5,0.0,0.0,6.423916180240994
32570,0,calendar_2014_test,23.630545131162336,34.0,0.5,0.0,0.0,10.369454868837664
32571,0,calendar_2014_test,31.720719348883495,22.0,0.5,0.0,0.0,9.720719348883495
32572,0,calendar_2014_test,21.70768716309566,22.0,0.5,0.0,0.0,0.2923128369043404
32573,0,calendar_2014_test,20.498729473762243,21.0,0.5,0.0,0.0,0.5012705262377573
32574,0,calendar_2014_test,19.894915644930506,16.0,0.5,0.0,0.0,3.8949156449305065
32575,0,calendar_2014_test,15.41418323757761,17.0,0.5,0.0,0.0,1.5858167624223896
32576,0,calendar_2014_test,14.836596579206677,8.0,0.5,0.0,0.0,6.836596579206677
32577,0,calendar_2014_test,10.83462631412254,17.0,0.5,0.0,0.0,6.16537368587746
32578,0,calendar_2014_test,14.437801702899472,15.0,0.5,0.0,0.0,0.5621982971005277
32579,0,calendar_2014_test,17.94111176702696,20.0,0.5,0.0,0.0,2.0588882329730396
32580,0,calendar_2014_test,21.90386389658114,22.0,0.5,0.0,0.0,0.09613610341886059
32581,0,calendar_2014_test,24.715383156912,30.0,0.5,0.0,0.0,5.284616843087999
32582,0,calendar_2014_test,31.932677411034472,28.0,0.5,0.0,0.0,3.932677411034472
32583,0,calendar_2014_test,28.805520227818185,35.0,0.5,0.0,0.0,6.194479772181815
32584,0,calendar_2014_test,35.182113566001426,40.0,0.5,0.0,0.0,4.817886433998574
32585,0,calendar_2014_test,42.20753608976598,46.0,0.5,0.0,0.0,3.7924639102340194
32586,0,calendar_2014_test,47.2980172596882,45.0,0.5,0.0,0.0,2.2980172596882014
32587,0,calendar_2014_test,44.13231038963205,47.0,0.5,0.0,0.0,2.867689610367947
32588,0,calendar_2014_test,45.842497307803214,47.0,0.5,0.0,0.0,1.1575026921967861
32589,0,calendar_2014_test,43.98699426933829,57.0,0.5,0.0,0.0,13.01300573066171
32590,0,calendar_2014_test,53.10194949964788,65.0,0.5,0.0,0.0,11.89805050035212
32591,0,calendar_2014_test,60.27827344231968,72.0,0.5,0.0,0.0,11.72172655768032
32592,0,calendar_2014_test,71.05522756580243,75.0,0.5,0.0,0.0,3.9447724341975743
32593,0,calendar_2014_test,73.17677273316693,82.0,0.5,0.0,0.0,8.823227266833072
32594,0,calendar_2014_test,76.3581845223453,53.0,0.5,0.0,0.0,23.358184522345297
32595,0,calendar_2014_test,43.918622866717044,21.0,0.5,0.0,0.0,22.918622866717044
32596,0,calendar_2014_test,22.258729405172698,23.0,0.5,0.0,0.0,0.7412705948273022
32597,0,calendar_2014_test,26.054886706385187,23.0,0.5,0.0,0.0,3.0548867063851866
32598,0,calendar_2014_test,24.748652032572,23.0,0.5,0.0,0.0,1.748652032572
32599,0,calendar_2014_test,25.157783256924105,23.0,0.5,0.0,0.0,2.1577832569241053
32600,0,calendar_2014_test,25.110255729117085,30.0,0.5,0.0,0.0,4.889744270882915
32601,0,calendar_2014_test,32.32106326885719,29.0,0.5,0.0,0.0,3.3210632688571877
32602,0,calendar_2014_test,30.03562303985613,40.0,0.5,0.0,0.0,9.96437696014387
32603,0,calendar_2014_test,42.57488489629912,52.0,0.5,0.0,0.0,9.425115103700882
32604,0,calendar_2014_test,51.03185846395554,64.0,0.5,0.0,0.0,12.968141536044463
32605,0,calendar_2014_test,63.23826206968096,65.0,0.5,0.0,0.0,1.7617379303190432
32606,0,calendar_2014_test,62.811436417646114,58.0,0.5,0.0,0.0,4.811436417646114
32607,0,calendar_2014_test,55.16899625246139,54.0,0.5,0.0,0.0,1.1689962524613904
32608,0,calendar_2014_test,49.63764522897155,42.0,0.5,0.0,0.0,7.63764522897155
32609,0,calendar_2014_test,41.2595188855396,43.0,0.5,0.0,0.0,1.740481114460401
32610,0,calendar_2014_test,42.977983679555635,40.0,0.5,0.0,0.0,2.977983679555635
32611,0,calendar_2014_test,39.154400457261694,50.0,0.5,0.0,0.0,10.845599542738306
32612,0,calendar_2014_test,49.50312987917299,47.0,0.5,0.0,0.0,2.503129879172988
32613,0,calendar_2014_test,45.38419170338801,57.0,0.5,0.0,0.0,11.615808296611988
32614,0,calendar_2014_test,53.16132139552075,80.0,0.5,0.0,0.0,26.83867860447925
32615,0,calendar_2014_test,73.58922852098213,108.0,0.5,0.0,0.0,34.41077147901787
32616,0,calendar_2014_test,100.45962037783136,106.0,0.5,0.0,0.0,5.540379622168643
32617,0,calendar_2014_test,93.58098815095656,98.0,0.5,0.0,0.0,4.419011849043443
32618,0,calendar_2014_test,89.42321329267934,112.0,0.5,0.0,0.0,22.576786707320665
32619,0,calendar_2014_test,108.75081104914346,104.0,0.5,0.0,0.0,4.750811049143465
32620,0,calendar_2014_test,95.77265735850612,86.0,0.5,0.0,0.0,9.772657358506123
32621,0,calendar_2014_test,70.81548142215523,82.0,0.5,0.0,0.0,11.18451857784477
32622,0,calendar_2014_test,71.11489597826245,52.0,0.5,0.0,0.0,19.114895978262453
32623,0,calendar_2014_test,42.15903250891309,42.0,0.5,0.0,0.0,0.15903250891309284
32624,0,calendar_2014_test,36.40529244666003,45.0,0.5,0.0,0.0,8.594707553339973
32625,0,calendar_2014_test,41.61337760366123,34.0,0.5,0.0,0.0,7.6133776036612275
32626,0,calendar_2014_test,32.49199707407352,30.0,0.5,0.0,0.0,2.4919970740735167
32627,0,calendar_2014_test,28.388720334980505,30.0,0.5,0.0,0.0,1.6112796650194952
32628,0,calendar_2014_test,27.665055335357255,40.0,0.5,0.0,0.0,12.334944664642745
32629,0,calendar_2014_test,38.14954420551874,36.0,0.5,0.0,0.0,2.149544205518737
32630,0,calendar_2014_test,31.596302469090833,29.0,0.5,0.0,0.0,2.5963024690908334
32631,0,calendar_2014_test,25.41854703466192,25.0,0.5,0.0,0.0,0.4185470346619198
32632,0,calendar_2014_test,21.858893554394832,32.0,0.5,0.0,0.0,10.141106445605168
32633,0,calendar_2014_test,27.551576368796013,38.0,0.5,0.0,0.0,10.448423631203987
32634,0,calendar_2014_test,33.32074255479423,34.0,0.5,0.0,0.0,0.6792574452057707
32635,0,calendar_2014_test,30.672406399560877,32.0,0.5,0.0,0.0,1.3275936004391227
32636,0,calendar_2014_test,27.7159792924984,34.0,0.5,0.0,0.0,6.2840207075016
32637,0,calendar_2014_test,30.522753126106206,29.0,0.5,0.0,0.0,1.5227531261062062
32638,0,calendar_2014_test,25.118573577408668,26.0,0.5,0.0,0.0,0.881426422591332
32639,0,calendar_2014_test,22.311343299468245,23.0,0.5,0.0,0.0,0.6886567005317552
32640,0,calendar_2014_test,20.95695539858158,22.0,0.5,0.0,0.0,1.0430446014184191
32641,0,calendar_2014_test,20.32002000225769,17.0,0.5,0.0,0.0,3.3200200022576887
32642,0,calendar_2014_test,16.20535928849181,11.0,0.5,0.0,0.0,5.20535928849181
32643,0,calendar_2014_test,12.66800762453319,20.0,0.5,0.0,0.0,7.331992375466809
32644,0,calendar_2014_test,17.270260477783797,14.0,0.5,0.0,0.0,3.270260477783797
32645,0,calendar_2014_test,14.419951497627219,16.0,0.5,0.0,0.0,1.5800485023727813
32646,0,calendar_2014_test,14.278200907312364,14.0,0.5,0.0,0.0,0.2782009073123639
32647,0,calendar_2014_test,13.591551403032934,14.0,0.5,0.0,0.0,0.4084485969670659
32648,0,calendar_2014_test,13.663214426511612,18.0,0.5,0.0,0.0,4.336785573488388
32649,0,calendar_2014_test,16.812167764949237,12.0,0.5,0.0,0.0,4.812167764949237
32650,0,calendar_2014_test,15.937861625368662,19.0,0.5,0.0,0.0,3.0621383746313384
32651,0,calendar_2014_test,18.700329382324295,19.0,0.5,0.0,0.0,0.29967061767570513
32652,0,calendar_2014_test,19.997211683529024,25.0,0.5,0.0,0.0,5.002788316470976
32653,0,calendar_2014_test,26.5050531712226,30.0,0.5,0.0,0.0,3.494946828777401
32654,0,calendar_2014_test,31.453460057930638,25.0,0.5,0.0,0.0,6.453460057930638
32655,0,calendar_2014_test,24.307788992623227,27.0,0.5,0.0,0.0,2.6922110073767733
32656,0,calendar_2014_test,27.606569875937133,30.0,0.5,0.0,0.0,2.393430124062867
32657,0,calendar_2014_test,29.984082232156247,76.0,0.5,0.0,0.0,46.01591776784375
32658,0,calendar_2014_test,72.78509435103871,68.0,0.5,0.0,0.0,4.785094351038708
32659,0,calendar_2014_test,64.40291793268622,77.0,0.5,0.0,0.0,12.597082067313778
32660,0,calendar_2014_test,75.21672859100478,68.0,0.5,0.0,0.0,7.216728591004781
32661,0,calendar_2014_test,61.21677424547119,59.0,0.5,0.0,0.0,2.2167742454711927
32662,0,calendar_2014_test,54.26017271197378,45.0,0.5,0.0,0.0,9.26017271197378
32663,0,calendar_2014_test,40.218982839095446,37.0,0.5,0.0,0.0,3.218982839095446
32664,0,calendar_2014_test,33.31025054779238,89.0,0.5,0.0,0.0,55.68974945220762
32665,0,calendar_2014_test,79.24678123626215,52.0,0.5,0.0,0.0,27.24678123626215
32666,0,calendar_2014_test,45.0076794769477,40.0,0.5,0.0,0.0,5.0076794769477
32667,0,calendar_2014_test,38.20855432094487,45.0,0.5,0.0,0.0,6.79144567905513
32668,0,calendar_2014_test,45.99165204723604,69.0,0.5,0.0,0.0,23.008347952763962
32669,0,calendar_2014_test,64.07670823620307,80.0,0.5,0.0,0.0,15.923291763796925
32670,0,calendar_2014_test,72.42004977654624,96.0,0.5,0.0,0.0,23.579950223453764
32671,0,calendar_2014_test,84.8374208673689,107.0,0.5,0.0,0.0,22.162579132631095
32672,0,calendar_2014_test,88.48320475315272,111.0,0.5,0.0,0.0,22.51679524684728
32673,0,calendar_2014_test,96.7190442629218,121.0,0.5,0.0,0.0,24.2809557370782
32674,0,calendar_2014_test,118.0113579376017,109.0,0.5,0.0,0.0,9.011357937601701
32675,0,calendar_2014_test,88.8321437798298,94.0,0.5,0.0,0.0,5.167856220170194
32676,0,calendar_2014_test,82.43319959953003,95.0,0.5,0.0,0.0,12.566800400469972
32677,0,calendar_2014_test,88.71372388392143,105.0,0.5,0.0,0.0,16.286276116078568
32678,0,calendar_2014_test,95.60718571610923,94.0,0.5,0.0,0.0,1.6071857161092282
32679,0,calendar_2014_test,83.25832499615258,121.0,0.5,0.0,0.0,37.74167500384742
32680,0,calendar_2014_test,116.6576695476706,203.0,0.5,0.0,0.0,86.3423304523294
32681,0,calendar_2014_test,192.06689065399473,84.0,0.5,0.0,0.0,108.06689065399473
32682,0,calendar_2014_test,53.766281665965046,96.0,0.5,0.0,0.0,42.233718334034954
32683,0,calendar_2014_test,91.41568427057732,83.0,0.5,0.0,0.0,8.415684270577316
32684,0,calendar_2014_test,70.5766351293233,85.0,0.5,0.0,0.0,14.423364870676707
32685,0,calendar_2014_test,82.43681568321186,93.0,0.5,0.0,0.0,10.563184316788139
32686,0,calendar_2014_test,88.33044255373781,89.0,0.5,0.0,0.0,0.6695574462621892
32687,0,calendar_2014_test,74.3523162298275,75.0,0.5,0.0,0.0,0.647683770172506
32688,0,calendar_2014_test,61.713668128795746,57.0,0.5,0.0,0.0,4.713668128795746
32689,0,calendar_2014_test,44.87632199028281,271.0,0.5,0.0,0.0,226.1236780097172
32690,0,calendar_2014_test,177.7391153201608,50.0,0.5,0.0,0.0,127.7391153201608
32691,0,calendar_2014_test,34.23547284200129,74.0,0.5,0.0,0.0,39.76452715799871
32692,0,calendar_2014_test,69.17831464359823,56.0,0.5,0.0,0.0,13.178314643598227
32693,0,calendar_2014_test,45.43182796450013,48.0,0.5,0.0,0.0,2.5681720354998703
32694,0,calendar_2014_test,44.09349693884707,60.0,0.5,0.0,0.0,15.906503061152932
32695,0,calendar_2014_test,56.16918954986533,49.0,0.5,0.0,0.0,7.1691895498653295
32696,0,calendar_2014_test,46.84791424296358,45.0,0.5,0.0,0.0,1.8479142429635829
32697,0,calendar_2014_test,44.531106169769785,42.0,0.5,0.0,0.0,2.531106169769785
32698,0,calendar_2014_test,42.7209676099007,38.0,0.5,0.0,0.0,4.720967609900697
32699,0,calendar_2014_test,39.39851058507476,43.0,0.5,0.0,0.0,3.60148941492524
32700,0,calendar_2014_test,44.26539450436101,47.0,0.5,0.0,0.0,2.734605495638988
32701,0,calendar_2014_test,47.83987210497795,63.0,0.5,0.0,0.0,15.16012789502205
32702,0,calendar_2014_test,61.646339341817914,71.0,0.5,0.0,0.0,9.353660658182086
32703,0,calendar_2014_test,68.10654839574785,105.0,0.5,0.0,0.0,36.89345160425215
32704,0,calendar_2014_test,100.8604666051679,74.0,0.5,0.0,0.0,26.8604666051679
32705,0,calendar_2014_test,69.37948523032462,71.0,0.5,0.0,0.0,1.6205147696753812
32706,0,calendar_2014_test,66.9365905128246,80.0,0.5,0.0,0.0,13.063409487175406
32707,0,calendar_2014_test,78.56971603724773,79.0,0.5,0.0,0.0,0.4302839627522701
32708,0,calendar_2014_test,74.50260825044754,76.0,0.5,0.0,0.0,1.4973917495524631
32709,0,calendar_2014_test,73.55715731319586,69.0,0.5,0.0,0.0,4.557157313195859
32710,0,calendar_2014_test,65.16290703737086,68.0,0.5,0.0,0.0,2.837092962629143
32711,0,calendar_2014_test,61.83043953708952,94.0,0.5,0.0,0.0,32.16956046291048
32712,0,calendar_2014_test,82.37848304524984,96.0,0.5,0.0,0.0,13.621516954750163
32713,0,calendar_2014_test,87.28489302184127,98.0,0.5,0.0,0.0,10.71510697815873
32714,0,calendar_2014_test,89.77517764778808,98.0,0.5,0.0,0.0,8.224822352211916
32715,0,calendar_2014_test,88.9285324243975,109.0,0.5,0.0,0.0,20.071467575602497
32716,0,calendar_2014_test,100.28216609037791,95.0,0.5,0.0,0.0,5.282166090377913
32717,0,calendar_2014_test,83.24602053038558,87.0,0.5,0.0,0.0,3.7539794696144213
32718,0,calendar_2014_test,77.60354570670023,90.0,0.5,0.0,0.0,12.396454293299769
32719,0,calendar_2014_test,81.07720408346349,69.0,0.5,0.0,0.0,12.077204083463485
32720,0,calendar_2014_test,60.47247282350413,54.0,0.5,0.0,0.0,6.472472823504127
32721,0,calendar_2014_test,49.08738508830924,52.0,0.5,0.0,0.0,2.91261491169076
32722,0,calendar_2014_test,48.51898625669801,48.0,0.5,0.0,0.0,0.5189862566980068
32723,0,calendar_2014_test,45.53214030563129,40.0,0.5,0.0,0.0,5.5321403056312874
32724,0,calendar_2014_test,40.47524459437533,41.0,0.5,0.0,0.0,0.524755405624667
32725,0,calendar_2014_test,41.10214733963572,21.0,0.5,0.0,0.0,20.10214733963572
32726,0,calendar_2014_test,25.238561667474077,28.0,0.5,0.0,0.0,2.7614383325259233
32727,0,calendar_2014_test,28.600911681017195,28.0,0.5,0.0,0.0,0.6009116810171946
32728,0,calendar_2014_test,29.241802463104968,34.0,0.5,0.0,0.0,4.758197536895032
32729,0,calendar_2014_test,35.14736332152771,58.0,0.5,0.0,0.0,22.852636678472287
32730,0,calendar_2014_test,54.84576881978366,64.0,0.5,0.0,0.0,9.154231180216343
32731,0,calendar_2014_test,63.94679809424986,68.0,0.5,0.0,0.0,4.053201905750143
32732,0,calendar_2014_test,67.02327510224264,70.0,0.5,0.0,0.0,2.9767248977573644
32733,0,calendar_2014_test,66.13950884904537,68.0,0.5,0.0,0.0,1.8604911509546298
32734,0,calendar_2014_test,65.22944246453059,77.0,0.5,0.0,0.0,11.770557535469408
32735,0,calendar_2014_test,75.12078613925488,84.0,0.5,0.0,0.0,8.879213860745125
32736,0,calendar_2014_test,79.86320809946675,89.0,0.5,0.0,0.0,9.136791900533254
32737,0,calendar_2014_test,82.60395467146941,103.0,0.5,0.0,0.0,20.39604532853059
32738,0,calendar_2014_test,95.41415188476189,99.0,0.5,0.0,0.0,3.5858481152381074
32739,0,calendar_2014_test,91.49371369169852,100.0,0.5,0.0,0.0,8.506286308301483
32740,0,calendar_2014_test,94.50177399687665,132.0,0.5,0.0,0.0,37.49822600312335
32741,0,calendar_2014_test,118.20789110192267,198.0,0.5,0.0,0.0,79.79210889807733
32742,0,calendar_2014_test,164.26526288124128,119.0,0.5,0.0,0.0,45.265262881241284
32743,0,calendar_2014_test,90.44583773117743,137.0,0.5,0.0,0.0,46.554162268822566
32744,0,calendar_2014_test,122.31498025761717,77.0,0.5,0.0,0.0,45.314980257617165
32745,0,calendar_2014_test,64.99782678990105,93.0,0.5,0.0,0.0,28.002173210098945
32746,0,calendar_2014_test,88.54831851395976,124.0,0.5,0.0,0.0,35.45168148604024
32747,0,calendar_2014_test,115.74525189253285,146.0,0.5,0.0,0.0,30.25474810746715
32748,0,calendar_2014_test,138.10699915075364,143.0,0.5,0.0,0.0,4.893000849246363
32749,0,calendar_2014_test,129.11362196575493,115.0,0.5,0.0,0.0,14.11362196575493
32750,0,calendar_2014_test,96.0537040749794,107.0,0.5,0.0,0.0,10.946295925020607
32751,0,calendar_2014_test,93.0043117627287,99.0,0.5,0.0,0.0,5.995688237271295
32752,0,calendar_2014_test,91.77791770274014,100.0,0.5,0.0,0.0,8.22208229725986
32753,0,calendar_2014_test,93.94372665373231,103.0,0.5,0.0,0.0,9.056273346267687
32754,0,calendar_2014_test,95.6806314382842,75.0,0.5,0.0,0.0,20.680631438284195
32755,0,calendar_2014_test,64.04183102182084,61.0,0.5,0.0,0.0,3.0418310218208404
32756,0,calendar_2014_test,55.08939895611707,83.0,0.5,0.0,0.0,27.910601043882927
32757,0,calendar_2014_test,84.4792364261905,90.0,0.5,0.0,0.0,5.5207635738095036
32758,0,calendar_2014_test,85.7230026601504,70.0,0.5,0.0,0.0,15.7230026601504
32759,0,calendar_2014_test,63.20570610279437,75.0,0.5,0.0,0.0,11.794293897205627
32760,0,calendar_2014_test,71.69104365358372,83.0,0.5,0.0,0.0,11.30895634641628
32761,0,calendar_2014_test,79.53766089289081,79.0,0.5,0.0,0.0,0.5376608928908126
32762,0,calendar_2014_test,74.66986385625948,95.0,0.5,0.0,0.0,20.330136143740518
32763,0,calendar_2014_test,92.25199017189743,134.0,0.5,0.0,0.0,41.74800982810257
32764,0,calendar_2014_test,123.23587573828837,161.0,0.5,0.0,0.0,37.76412426171163
32765,0,calendar_2014_test,148.0347816427458,151.0,0.5,0.0,0.0,2.9652183572542015
32766,0,calendar_2014_test,134.3105487269077,147.0,0.5,0.0,0.0,12.689451273092288
32767,0,calendar_2014_test,132.89586146860844,143.0,0.5,0.0,0.0,10.104138531391555
32768,0,calendar_2014_test,131.1984634710307,132.0,0.5,0.0,0.0,0.8015365289693079
32769,0,calendar_2014_test,119.39904560559538,119.0,0.5,0.0,0.0,0.3990456055953757
32770,0,calendar_2014_test,104.57497089111962,102.0,0.5,0.0,0.0,2.5749708911196194
32771,0,calendar_2014_test,88.12579288915407,97.0,0.5,0.0,0.0,8.87420711084593
32772,0,calendar_2014_test,90.16522903331919,104.0,0.5,0.0,0.0,13.834770966680807
32773,0,calendar_2014_test,98.71244457326628,123.0,0.5,0.0,0.0,24.287555426733718
32774,0,calendar_2014_test,117.62770677213963,141.0,0.5,0.0,0.0,23.372293227860368
32775,0,calendar_2014_test,135.73535898688064,167.0,0.5,0.0,0.0,31.26464101311936
32776,0,calendar_2014_test,161.18133282243193,174.0,0.5,0.0,0.0,12.818667177568074
32777,0,calendar_2014_test,160.62650206195482,196.0,0.5,0.0,0.0,35.373497938045176
32778,0,calendar_2014_test,180.31030225375233,215.0,0.5,0.0,0.0,34.689697746247674
32779,0,calendar_2014_test,204.0750060093897,214.0,0.5,0.0,0.0,9.92499399061029
32780,0,calendar_2014_test,202.3966537556284,197.0,0.5,0.0,0.0,5.3966537556283924
32781,0,calendar_2014_test,170.48723295824342,168.0,0.5,0.0,0.0,2.4872329582434247
32782,0,calendar_2014_test,147.12396681847306,122.0,0.5,0.0,0.0,25.123966818473065
32783,0,calendar_2014_test,95.35965266531377,66.0,0.5,0.0,0.0,29.359652665313774
32784,0,calendar_2014_test,50.57645183687393,36.0,0.5,0.0,0.0,14.576451836873929
32785,0,calendar_2014_test,31.822849380439045,20.0,0.5,0.0,0.0,11.822849380439045
32786,0,calendar_2014_test,20.932086469799867,17.0,0.5,0.0,0.0,3.9320864697998665
32787,0,calendar_2014_test,75.08642028913819,90.0,0.5,0.0,0.0,14.91357971086181
32788,0,calendar_2014_test,82.77690173455836,97.0,0.5,0.0,0.0,14.223098265441635
32789,0,calendar_2014_test,89.27580025061813,103.0,0.5,0.0,0.0,13.724199749381867
32790,0,calendar_2014_test,94.94384298909972,115.0,0.5,0.0,0.0,20.05615701090028
32791,0,calendar_2014_test,106.77543818838693,117.0,0.5,0.0,0.0,10.224561811613071
32792,0,calendar_2014_test,108.10036315379739,130.0,0.5,0.0,0.0,21.89963684620261
32793,0,calendar_2014_test,124.52653604200665,132.0,0.5,0.0,0.0,7.473463957993346
32794,0,calendar_2014_test,120.739491885853,136.0,0.5,0.0,0.0,15.260508114147001
32795,0,calendar_2014_test,125.1682978731616,150.0,0.5,0.0,0.0,24.831702126838394
32796,0,calendar_2014_test,138.39204795042565,128.0,0.5,0.0,0.0,10.392047950425649
32797,0,calendar_2014_test,111.33046240621506,144.0,0.5,0.0,0.0,32.66953759378494
32798,0,calendar_2014_test,136.31233564765822,146.0,0.5,0.0,0.0,9.687664352341784
32799,0,calendar_2014_test,135.80070791400505,152.0,0.5,0.0,0.0,16.199292085994955
32800,0,calendar_2014_test,136.94953443203065,165.0,0.5,0.0,0.0,28.050465567969354
32801,0,calendar_2014_test,154.00017217412216,178.0,0.5,0.0,0.0,23.999827825877844
32802,0,calendar_2014_test,162.63581612947374,196.0,0.5,0.0,0.0,33.36418387052626
32803,0,calendar_2014_test,180.98529609592023,215.0,0.5,0.0,0.0,34.01470390407977
32804,0,calendar_2014_test,203.0864216094075,242.0,0.5,0.0,0.0,38.913578390592505
32805,0,calendar_2014_test,224.14209626619967,249.0,0.5,0.0,0.0,24.857903733800327
32806,0,calendar_2014_test,220.31340198119585,258.0,0.5,0.0,0.0,37.68659801880415
32807,0,calendar_2014_test,232.1938163724697,259.0,0.5,0.0,0.0,26.806183627530288
32808,0,calendar_2014_test,231.18306654015228,239.0,0.5,0.0,0.0,7.816933459847718
32809,0,calendar_2014_test,207.3483004575897,224.0,0.5,0.0,0.0,16.651699542410313
32810,0,calendar_2014_test,177.28222494692778,182.0,0.5,0.0,0.0,4.7177750530722165
32811,0,calendar_2014_test,122.73723251968433,111.0,0.5,0.0,0.0,11.737232519684326
32812,0,calendar_2014_test,88.54855979609688,59.0,0.5,0.0,0.0,29.54855979609688
32813,0,calendar_2014_test,52.68942103026869,43.0,0.5,0.0,0.0,9.68942103026869
32814,0,calendar_2014_test,41.32353241511055,50.0,0.5,0.0,0.0,8.676467584889451
32815,0,calendar_2014_test,48.87412454266009,54.0,0.5,0.0,0.0,5.125875457339909
32816,0,calendar_2014_test,50.74080152052605,38.0,0.5,0.0,0.0,12.740801520526048
32817,0,calendar_2014_test,38.133489077873655,40.0,0.5,0.0,0.0,1.866510922126345
32818,0,calendar_2014_test,41.987786291933695,56.0,0.5,0.0,0.0,14.012213708066305
32819,0,calendar_2014_test,55.69892615814395,64.0,0.5,0.0,0.0,8.301073841856052
32820,0,calendar_2014_test,64.07034780259275,65.0,0.5,0.0,0.0,0.9296521974072505
32821,0,calendar_2014_test,62.43215838091806,63.0,0.5,0.0,0.0,0.5678416190819391
32822,0,calendar_2014_test,62.35941394392345,73.0,0.5,0.0,0.0,10.64058605607655
32823,0,calendar_2014_test,75.327110763438,74.0,0.5,0.0,0.0,1.3271107634380002
32824,0,calendar_2014_test,73.44922487905343,84.0,0.5,0.0,0.0,10.550775120946568
32825,0,calendar_2014_test,84.18390844105136,80.0,0.5,0.0,0.0,4.183908441051358
32826,0,calendar_2014_test,76.53326034530845,96.0,0.5,0.0,0.0,19.46673965469155
32827,0,calendar_2014_test,86.33224488877487,109.0,0.5,0.0,0.0,22.667755111225134
32828,0,calendar_2014_test,100.81852121397336,110.0,0.5,0.0,0.0,9.181478786026645
32829,0,calendar_2014_test,105.36508284858475,102.0,0.5,0.0,0.0,3.3650828485847484
32830,0,calendar_2014_test,93.84462329061563,105.0,0.5,0.0,0.0,11.15537670938437
32831,0,calendar_2014_test,96.24105408792988,105.0,0.5,0.0,0.0,8.758945912070118
32832,0,calendar_2014_test,93.89456739012262,94.0,0.5,0.0,0.0,0.10543260987738279
32833,0,calendar_2014_test,83.94665481386383,92.0,0.5,0.0,0.0,8.05334518613617
32834,0,calendar_2014_test,80.45254275052001,85.0,0.5,0.0,0.0,4.54745724947999
32835,0,calendar_2014_test,76.41825155035966,61.0,0.5,0.0,0.0,15.418251550359656
32836,0,calendar_2014_test,52.817915754535996,54.0,0.5,0.0,0.0,1.1820842454640044
32837,0,calendar_2014_test,49.657670780266784,46.0,0.5,0.0,0.0,3.657670780266784
32838,0,calendar_2014_test,44.67547948009367,46.0,0.5,0.0,0.0,1.3245205199063292
32839,0,calendar_2014_test,44.470628837167126,56.0,0.5,0.0,0.0,11.529371162832874
32840,0,calendar_2014_test,53.10386509608391,57.0,0.5,0.0,0.0,3.896134903916092
32841,0,calendar_2014_test,52.01944439067251,59.0,0.5,0.0,0.0,6.980555609327489
32842,0,calendar_2014_test,58.73044255432495,61.0,0.5,0.0,0.0,2.269557445675048
32843,0,calendar_2014_test,58.60926194584093,76.0,0.5,0.0,0.0,17.390738054159073
32844,0,calendar_2014_test,77.8769667057647,87.0,0.5,0.0,0.0,9.123033294235299
32845,0,calendar_2014_test,82.43697248774842,99.0,0.5,0.0,0.0,16.56302751225158
32846,0,calendar_2014_test,93.80969645951343,104.0,0.5,0.0,0.0,10.190303540486568
32847,0,calendar_2014_test,96.40634909645024,92.0,0.5,0.0,0.0,4.406349096450242
32848,0,calendar_2014_test,83.00412899086213,89.0,0.5,0.0,0.0,5.995871009137872
32849,0,calendar_2014_test,83.38077396947367,85.0,0.5,0.0,0.0,1.6192260305263346
32850,0,calendar_2014_test,80.79922126769517,99.0,0.5,0.0,0.0,18.200778732304826
32851,0,calendar_2014_test,94.0262205200333,98.0,0.5,0.0,0.0,3.9737794799666943
32852,0,calendar_2014_test,86.12075728917063,84.0,0.5,0.0,0.0,2.1207572891706263
32853,0,calendar_2014_test,72.07782895906624,83.0,0.5,0.0,0.0,10.922171040933762
32854,0,calendar_2014_test,75.78386784076511,102.0,0.5,0.0,0.0,26.21613215923489
32855,0,calendar_2014_test,94.94103055931585,84.0,0.5,0.0,0.0,10.941030559315848
32856,0,calendar_2014_test,73.4208218415731,91.0,0.5,0.0,0.0,17.5791781584269
32857,0,calendar_2014_test,84.00294848341153,104.0,0.5,0.0,0.0,19.99705151658847
32858,0,calendar_2014_test,96.4116388454649,95.0,0.5,0.0,0.0,1.411638845464907
32859,0,calendar_2014_test,86.18841348513132,88.0,0.5,0.0,0.0,1.8115865148686794
32860,0,calendar_2014_test,80.85382985824688,78.0,0.5,0.0,0.0,2.8538298582468826
32861,0,calendar_2014_test,72.18436028841285,84.0,0.5,0.0,0.0,11.815639711587153
32862,0,calendar_2014_test,80.14663182654614,99.0,0.5,0.0,0.0,18.85336817345386
32863,0,calendar_2014_test,96.15355075337773,93.0,0.5,0.0,0.0,3.153550753377729
32864,0,calendar_2014_test,86.33373800310179,79.0,0.5,0.0,0.0,7.333738003101786
32865,0,calendar_2014_test,68.64763616490222,79.0,0.5,0.0,0.0,10.352363835097776
32866,0,calendar_2014_test,74.05498728909365,79.0,0.5,0.0,0.0,4.945012710906354
32867,0,calendar_2014_test,73.59247055001653,91.0,0.5,0.0,0.0,17.40752944998347
32868,0,calendar_2014_test,85.47420081812332,88.0,0.5,0.0,0.0,2.5257991818766783
32869,0,calendar_2014_test,80.62080830747509,92.0,0.5,0.0,0.0,11.379191692524913
32870,0,calendar_2014_test,83.84960417463626,95.0,0.5,0.0,0.0,11.150395825363745
32871,0,calendar_2014_test,90.2320304518919,107.0,0.5,0.0,0.0,16.7679695481081
32872,0,calendar_2014_test,98.93732008779693,123.0,0.5,0.0,0.0,24.062679912203066
32873,0,calendar_2014_test,116.88170192668892,117.0,0.5,0.0,0.0,0.118298073311081
32874,0,calendar_2014_test,106.50137084277684,140.0,0.5,0.0,0.0,33.498629157223164
32875,0,calendar_2014_test,133.63041637221312,150.0,0.5,0.0,0.0,16.36958362778688
32876,0,calendar_2014_test,140.1189412344298,150.0,0.5,0.0,0.0,9.881058765570202
32877,0,calendar_2014_test,133.40926939733376,132.0,0.5,0.0,0.0,1.4092693973337589
32878,0,calendar_2014_test,115.23728910801252,160.0,0.5,0.0,0.0,44.76271089198748
32879,0,calendar_2014_test,130.62387968917363,158.0,0.5,0.0,0.0,27.376120310826366
32880,0,calendar_2014_test,128.39311441880923,157.0,0.5,0.0,0.0,28.606885581190767
32881,0,calendar_2014_test,128.94367351439868,113.0,0.5,0.0,0.0,15.943673514398682
32882,0,calendar_2014_test,73.5489795826297,51.0,0.5,0.0,0.0,22.5489795826297
32883,0,calendar_2014_test,38.17735399981787,13.0,0.5,0.0,0.0,25.177353999817868
32884,0,calendar_2014_test,17.244313218351692,12.0,0.5,0.0,0.0,5.244313218351692
32885,0,calendar_2014_test,13.021777917362463,7.0,0.5,0.0,0.0,6.0217779173624635
32886,0,calendar_2014_test,9.476760907416013,10.0,0.5,0.0,0.0,0.5232390925839869
32887,0,calendar_2014_test,10.90072196562389,8.0,0.5,0.0,0.0,2.900721965623889
32888,0,calendar_2014_test,10.120581427252915,8.0,0.5,0.0,0.0,2.1205814272529153
32889,0,calendar_2014_test,10.120581427252915,10.0,0.5,0.0,0.0,0.12058142725291532
32890,0,calendar_2014_test,12.556396266729536,13.0,0.5,0.0,0.0,0.4436037332704643
32891,0,calendar_2014_test,17.71946194847726,18.0,0.5,0.0,0.0,0.2805380515227398
32892,0,calendar_2014_test,17.808041086878468,21.0,0.5,0.0,0.0,3.191958913121532
32893,0,calendar_2014_test,20.88172855490924,21.0,0.5,0.0,0.0,0.11827144509075893
32894,0,calendar_2014_test,25.30986479462149,15.0,0.5,0.0,0.0,10.30986479462149
32895,0,calendar_2014_test,16.826306868836507,10.0,0.5,0.0,0.0,6.826306868836507
32896,0,calendar_2014_test,14.067713494950798,8.0,0.5,0.0,0.0,6.067713494950798
32897,0,calendar_2014_test,11.353664076945265,9.0,0.5,0.0,0.0,2.3536640769452646
32898,0,calendar_2014_test,11.865260166823367,8.0,0.5,0.0,0.0,3.865260166823367
32899,0,calendar_2014_test,10.717753620320355,15.0,0.5,0.0,0.0,4.282246379679645
32900,0,calendar_2014_test,14.502268186223677,20.0,0.5,0.0,0.0,5.497731813776323
32901,0,calendar_2014_test,18.515483272980596,20.0,0.5,0.0,0.0,1.484516727019404
32902,0,calendar_2014_test,19.404145263701217,18.0,0.5,0.0,0.0,1.404145263701217
32903,0,calendar_2014_test,20.68404713230749,15.0,0.5,0.0,0.0,5.684047132307491
32904,0,calendar_2014_test,17.915091293395744,15.0,0.5,0.0,0.0,2.9150912933957436
32905,0,calendar_2014_test,17.473292216365937,16.0,0.5,0.0,0.0,1.4732922163659374
32906,0,calendar_2014_test,17.444007126582502,19.0,0.5,0.0,0.0,1.5559928734174981
32907,0,calendar_2014_test,19.750801875923266,23.0,0.5,0.0,0.0,3.2491981240767345
32908,0,calendar_2014_test,24.39509318518081,24.0,0.5,0.0,0.0,0.3950931851808086
32909,0,calendar_2014_test,24.959157883862638,26.0,0.5,0.0,0.0,1.0408421161373624
32910,0,calendar_2014_test,27.0833379149537,27.0,0.5,0.0,0.0,0.0833379149536988
32911,0,calendar_2014_test,29.36150159367029,27.0,0.5,0.0,0.0,2.3615015936702903
32912,0,calendar_2014_test,26.493267333365498,26.0,0.5,0.0,0.0,0.4932673333654982
32913,0,calendar_2014_test,27.795617696103847,23.0,0.5,0.0,0.0,4.795617696103847
32914,0,calendar_2014_test,21.935632637257786,28.0,0.5,0.0,0.0,6.064367362742214
32915,0,calendar_2014_test,31.64788024876384,27.0,0.5,0.0,0.0,4.64788024876384
32916,0,calendar_2014_test,28.88287122014749,29.0,0.5,0.0,0.0,0.11712877985251069
32917,0,calendar_2014_test,25.193137796660977,31.0,0.5,0.0,0.0,5.806862203339023
32918,0,calendar_2014_test,31.211599222800558,26.0,0.5,0.0,0.0,5.211599222800558
32919,0,calendar_2014_test,23.83355726580313,26.0,0.5,0.0,0.0,2.1664427341968704
32920,0,calendar_2014_test,25.26909538815112,23.0,0.5,0.0,0.0,2.2690953881511184
32921,0,calendar_2014_test,23.415799678563683,39.0,0.5,0.0,0.0,15.584200321436317
32922,0,calendar_2014_test,34.94123812624033,39.0,0.5,0.0,0.0,4.058761873759671
32923,0,calendar_2014_test,33.70946402173626,40.0,0.5,0.0,0.0,6.2905359782637404
32924,0,calendar_2014_test,40.727475572238326,40.0,0.5,0.0,0.0,0.7274755722383262
32925,0,calendar_2014_test,37.52210552332956,94.0,0.5,0.0,0.0,56.47789447667044
32926,0,calendar_2014_test,75.34701272268248,102.0,0.5,0.0,0.0,26.65298727731752
32927,0,calendar_2014_test,78.69899210545623,100.0,0.5,0.0,0.0,21.301007894543773
32928,0,calendar_2014_test,77.53251250373789,26.0,0.5,0.0,0.0,51.53251250373789
32929,0,calendar_2014_test,25.688865675585447,19.0,0.5,0.0,0.0,6.688865675585447
32930,0,calendar_2014_test,19.628762112937363,13.0,0.5,0.0,0.0,6.628762112937363
32931,0,calendar_2014_test,14.823369284698275,17.0,0.5,0.0,0.0,2.176630715301725
32932,0,calendar_2014_test,14.558973277116626,12.0,0.5,0.0,0.0,2.5589732771166265
32933,0,calendar_2014_test,13.042918624478535,16.0,0.5,0.0,0.0,2.957081375521465
32934,0,calendar_2014_test,14.422665938049397,12.0,0.5,0.0,0.0,2.4226659380493967
32935,0,calendar_2014_test,12.693248793619656,13.0,0.5,0.0,0.0,0.30675120638034414
32936,0,calendar_2014_test,13.227176347022187,12.0,0.5,0.0,0.0,1.227176347022187
32937,0,calendar_2014_test,12.468637017722292,14.0,0.5,0.0,0.0,1.5313629822777077
32938,0,calendar_2014_test,13.227176347022187,11.0,0.5,0.0,0.0,2.227176347022187
32939,0,calendar_2014_test,13.657686785428858,8.0,0.5,0.0,0.0,5.657686785428858
32940,0,calendar_2014_test,11.373367288386733,17.0,0.5,0.0,0.0,5.626632711613267
32941,0,calendar_2014_test,14.4848706560864,13.0,0.5,0.0,0.0,1.4848706560864002
32942,0,calendar_2014_test,15.229183419155396,12.0,0.5,0.0,0.0,3.2291834191553956
32943,0,calendar_2014_test,12.488751339953023,13.0,0.5,0.0,0.0,0.5112486600469772
32944,0,calendar_2014_test,13.378951451040674,19.0,0.5,0.0,0.0,5.621048548959326
32945,0,calendar_2014_test,20.181615733179598,27.0,0.5,0.0,0.0,6.818384266820402
32946,0,calendar_2014_test,26.95536694862923,27.0,0.5,0.0,0.0,0.044633051370770005
32947,0,calendar_2014_test,26.843612234341126,38.0,0.5,0.0,0.0,11.156387765658874
32948,0,calendar_2014_test,38.546675061291204,44.0,0.5,0.0,0.0,5.453324938708796
32949,0,calendar_2014_test,43.91204334082554,44.0,0.5,0.0,0.0,0.08795665917445916
32950,0,calendar_2014_test,42.64657577788254,43.0,0.5,0.0,0.0,0.35342422211746083
32951,0,calendar_2014_test,40.78827340841577,49.0,0.5,0.0,0.0,8.211726591584231
32952,0,calendar_2014_test,47.81655146861648,35.0,0.5,0.0,0.0,12.816551468616481
32953,0,calendar_2014_test,33.686272047415336,18.0,0.5,0.0,0.0,15.686272047415336
32954,0,calendar_2014_test,21.860383774775986,15.0,0.5,0.0,0.0,6.860383774775986
32955,0,calendar_2014_test,18.44001420993738,21.0,0.5,0.0,0.0,2.559985790062619
32956,0,calendar_2014_test,22.654459120725868,29.0,0.5,0.0,0.0,6.345540879274132
32957,0,calendar_2014_test,28.35547508663233,21.0,0.5,0.0,0.0,7.355475086632332
32958,0,calendar_2014_test,23.619410930478963,34.0,0.5,0.0,0.0,10.380589069521037
32959,0,calendar_2014_test,37.288762815103105,32.0,0.5,0.0,0.0,5.288762815103105
32960,0,calendar_2014_test,33.011785402604254,24.0,0.5,0.0,0.0,9.011785402604254
32961,0,calendar_2014_test,26.66282646574877,32.0,0.5,0.0,0.0,5.337173534251232
32962,0,calendar_2014_test,34.005814374813816,32.0,0.5,0.0,0.0,2.0058143748138164
32963,0,calendar_2014_test,33.41889174983384,34.0,0.5,0.0,0.0,0.5811082501661602
32964,0,calendar_2014_test,35.18961212751768,39.0,0.5,0.0,0.0,3.8103878724823232
32965,0,calendar_2014_test,38.64298361903528,40.0,0.5,0.0,0.0,1.3570163809647227
32966,0,calendar_2014_test,40.51247041385949,44.0,0.5,0.0,0.0,3.4875295861405107
32967,0,calendar_2014_test,45.609457180672315,38.0,0.5,0.0,0.0,7.609457180672315
32968,0,calendar_2014_test,38.13326386601734,38.0,0.5,0.0,0.0,0.1332638660173373
32969,0,calendar_2014_test,37.060716449399145,42.0,0.5,0.0,0.0,4.939283550600855
32970,0,calendar_2014_test,42.72868613313779,44.0,0.5,0.0,0.0,1.271313866862208
32971,0,calendar_2014_test,42.49642552381753,54.0,0.5,0.0,0.0,11.503574476182472
32972,0,calendar_2014_test,51.353152069439766,62.0,0.5,0.0,0.0,10.646847930560234
32973,0,calendar_2014_test,60.47260257622312,78.0,0.5,0.0,0.0,17.527397423776883
32974,0,calendar_2014_test,76.93823846894874,77.0,0.5,0.0,0.0,0.061761531051260476
32975,0,calendar_2014_test,67.03516098500536,75.0,0.5,0.0,0.0,7.964839014994638
32976,0,calendar_2014_test,65.7540726823518,67.0,0.5,0.0,0.0,1.2459273176481958
32977,0,calendar_2014_test,61.07182200313349,52.0,0.5,0.0,0.0,9.07182200313349
32978,0,calendar_2014_test,46.39200626548994,41.0,0.5,0.0,0.0,5.39200626548994
32979,0,calendar_2014_test,37.883298846027614,29.0,0.5,0.0,0.0,8.883298846027614
32980,0,calendar_2014_test,27.09119054696535,21.0,0.5,0.0,0.0,6.0911905469653504
32981,0,calendar_2014_test,21.256486426712517,19.0,0.5,0.0,0.0,2.2564864267125166
32982,0,calendar_2014_test,19.30760685079223,8.0,0.5,0.0,0.0,11.30760685079223
32983,0,calendar_2014_test,13.185493627515768,14.0,0.5,0.0,0.0,0.8145063724842316
32984,0,calendar_2014_test,16.240635895696407,30.0,0.5,0.0,0.0,13.759364104303593
32985,0,calendar_2014_test,33.786630172285356,29.0,0.5,0.0,0.0,4.786630172285356
32986,0,calendar_2014_test,29.751307723864734,38.0,0.5,0.0,0.0,8.248692276135266
32987,0,calendar_2014_test,39.07643369884888,63.0,0.5,0.0,0.0,23.92356630115112
32988,0,calendar_2014_test,61.699055265643075,63.0,0.5,0.0,0.0,1.300944734356925
32989,0,calendar_2014_test,58.15610724909123,63.0,0.5,0.0,0.0,4.843892750908772
32990,0,calendar_2014_test,62.160844700490316,79.0,0.5,0.0,0.0,16.839155299509684
32991,0,calendar_2014_test,78.50466113491812,71.0,0.5,0.0,0.0,7.504661134918123
32992,0,calendar_2014_test,66.65160217988635,96.0,0.5,0.0,0.0,29.348397820113647
32993,0,calendar_2014_test,86.35215202528087,102.0,0.5,0.0,0.0,15.647847974719127
32994,0,calendar_2014_test,91.8224417334909,113.0,0.5,0.0,0.0,21.177558266509095
32995,0,calendar_2014_test,101.2775673493618,73.0,0.5,0.0,0.0,28.277567349361803
32996,0,calendar_2014_test,61.564402802888836,67.0,0.5,0.0,0.0,5.435597197111164
32997,0,calendar_2014_test,59.247762191025515,67.0,0.5,0.0,0.0,7.752237808974485
32998,0,calendar_2014_test,62.40471091875102,88.0,0.5,0.0,0.0,25.59528908124898
32999,0,calendar_2014_test,79.840198142467,85.0,0.5,0.0,0.0,5.159801857532997
33000,0,calendar_2014_test,75.73526759559843,88.0,0.5,0.0,0.0,12.26473240440157
33001,0,calendar_2014_test,77.38482246810278,104.0,0.5,0.0,0.0,26.615177531897217
33002,0,calendar_2014_test,94.82003948618768,100.0,0.5,0.0,0.0,5.179960513812318
33003,0,calendar_2014_test,90.10565625152036,99.0,0.5,0.0,0.0,8.894343748479642
33004,0,calendar_2014_test,89.9683307978624,100.0,0.5,0.0,0.0,10.031669202137607
33005,0,calendar_2014_test,92.84625702577749,107.0,0.5,0.0,0.0,14.15374297422251
33006,0,calendar_2014_test,96.78146728059255,104.0,0.5,0.0,0.0,7.218532719407449
33007,0,calendar_2014_test,94.22076232576708,90.0,0.5,0.0,0.0,4.220762325767083
33008,0,calendar_2014_test,78.10376377807766,100.0,0.5,0.0,0.0,21.896236221922337
33009,0,calendar_2014_test,95.59479207739476,99.0,0.5,0.0,0.0,3.4052079226052427
33010,0,calendar_2014_test,91.51159861118526,95.0,0.5,0.0,0.0,3.4884013888147365
33011,0,calendar_2014_test,87.46492355076295,97.0,0.5,0.0,0.0,9.535076449237053
33012,0,calendar_2014_test,90.6927264498449,90.0,0.5,0.0,0.0,0.6927264498448977
33013,0,calendar_2014_test,83.16582639723873,76.0,0.5,0.0,0.0,7.165826397238732
33014,0,calendar_2014_test,68.64083499541788,72.0,0.5,0.0,0.0,3.359165004582124
33015,0,calendar_2014_test,68.5751842705789,81.0,0.5,0.0,0.0,12.424815729421098
33016,0,calendar_2014_test,78.17847778085479,84.0,0.5,0.0,0.0,5.8215222191452085
33017,0,calendar_2014_test,79.89740405259523,90.0,0.5,0.0,0.0,10.102595947404765
33018,0,calendar_2014_test,86.24828759692659,96.0,0.5,0.0,0.0,9.751712403073412
33019,0,calendar_2014_test,90.39950749899984,115.0,0.5,0.0,0.0,24.60049250100016
33020,0,calendar_2014_test,110.41444379008334,115.0,0.5,0.0,0.0,4.5855562099166605
33021,0,calendar_2014_test,105.83846378894596,108.0,0.5,0.0,0.0,2.1615362110540417
33022,0,calendar_2014_test,98.30183276944913,125.0,0.5,0.0,0.0,26.698167230550865
33023,0,calendar_2014_test,116.63948711691587,123.0,0.5,0.0,0.0,6.360512883084127
33024,0,calendar_2014_test,109.56937878615189,127.0,0.5,0.0,0.0,17.430621213848113
33025,0,calendar_2014_test,114.85452157222726,132.0,0.5,0.0,0.0,17.145478427772744
33026,0,calendar_2014_test,118.62440835534326,125.0,0.5,0.0,0.0,6.375591644656737
33027,0,calendar_2014_test,110.82350595735964,119.0,0.5,0.0,0.0,8.176494042640357
33028,0,calendar_2014_test,104.28645684918781,127.0,0.5,0.0,0.0,22.713543150812185
33029,0,calendar_2014_test,114.84942738217532,139.0,0.5,0.0,0.0,24.15057261782468
33030,0,calendar_2014_test,122.71031569829057,134.0,0.5,0.0,0.0,11.289684301709428
33031,0,calendar_2014_test,118.29209011882159,131.0,0.5,0.0,0.0,12.70790988117841
33032,0,calendar_2014_test,117.25948506865495,135.0,0.5,0.0,0.0,17.740514931345047
33033,0,calendar_2014_test,121.89633680987696,137.0,0.5,0.0,0.0,15.103663190123044
33034,0,calendar_2014_test,125.65184121741893,143.0,0.5,0.0,0.0,17.348158782581066
33035,0,calendar_2014_test,131.28278026201644,140.0,0.5,0.0,0.0,8.717219737983555
33036,0,calendar_2014_test,129.17737196381185,86.0,0.5,0.0,0.0,43.17737196381185
33037,0,calendar_2014_test,59.48127085109383,83.0,0.5,0.0,0.0,23.518729148906168
33038,0,calendar_2014_test,72.94941433010437,83.0,0.5,0.0,0.0,10.050585669895625
33039,0,calendar_2014_test,79.10167973318954,68.0,0.5,0.0,0.0,11.101679733189542
33040,0,calendar_2014_test,60.73582058404786,53.0,0.5,0.0,0.0,7.7358205840478576
33041,0,calendar_2014_test,46.333701926245105,52.0,0.5,0.0,0.0,5.666298073754895
33042,0,calendar_2014_test,49.04360897102986,46.0,0.5,0.0,0.0,3.0436089710298617
33043,0,calendar_2014_test,42.055822464122976,49.0,0.5,0.0,0.0,6.944177535877024
33044,0,calendar_2014_test,42.834054697897265,59.0,0.5,0.0,0.0,16.165945302102735
33045,0,calendar_2014_test,53.3957069586464,52.0,0.5,0.0,0.0,1.3957069586464002
33046,0,calendar_2014_test,44.51056666961313,43.0,0.5,0.0,0.0,1.5105666696131266
33047,0,calendar_2014_test,37.01809400693571,46.0,0.5,0.0,0.0,8.981905993064288
33048,0,calendar_2014_test,40.60656166915893,40.0,0.5,0.0,0.0,0.6065616691589284
33049,0,calendar_2014_test,35.59646030608905,32.0,0.5,0.0,0.0,3.5964603060890497
33050,0,calendar_2014_test,30.294015865244045,29.0,0.5,0.0,0.0,1.2940158652440452
33051,0,calendar_2014_test,26.436306492149917,33.0,0.5,0.0,0.0,6.563693507850083
33052,0,calendar_2014_test,31.815522486280695,37.0,0.5,0.0,0.0,5.184477513719305
33053,0,calendar_2014_test,38.87989305529794,37.0,0.5,0.0,0.0,1.8798930552979414
33054,0,calendar_2014_test,38.5451056069497,62.0,0.5,0.0,0.0,23.454894393050303
33055,0,calendar_2014_test,60.260471684472556,80.0,0.5,0.0,0.0,19.739528315527444
33056,0,calendar_2014_test,78.61352079268893,62.0,0.5,0.0,0.0,16.61352079268893
33057,0,calendar_2014_test,53.88652978736664,53.0,0.5,0.0,0.0,0.8865297873666407
33058,0,calendar_2014_test,48.64834873803182,59.0,0.5,0.0,0.0,10.351651261968179
33059,0,calendar_2014_test,54.627230043714825,51.0,0.5,0.0,0.0,3.6272300437148246
33060,0,calendar_2014_test,46.353260145559815,60.0,0.5,0.0,0.0,13.646739854440185
33061,0,calendar_2014_test,59.218390475482636,59.0,0.5,0.0,0.0,0.2183904754826358
33062,0,calendar_2014_test,58.945971453977414,55.0,0.5,0.0,0.0,3.945971453977414
33063,0,calendar_2014_test,51.3586123467665,49.0,0.5,0.0,0.0,2.358612346766499
33064,0,calendar_2014_test,47.00155384275907,52.0,0.5,0.0,0.0,4.998446157240927
33065,0,calendar_2014_test,50.39170238471239,55.0,0.5,0.0,0.0,4.608297615287611
33066,0,calendar_2014_test,51.861884145758864,24.0,0.5,0.0,0.0,27.861884145758864
33067,0,calendar_2014_test,25.35975077286476,21.0,0.5,0.0,0.0,4.359750772864761
33068,0,calendar_2014_test,21.83724762298532,18.0,0.5,0.0,0.0,3.83724762298532
33069,0,calendar_2014_test,18.489216789500823,25.0,0.5,0.0,0.0,6.510783210499177
33070,0,calendar_2014_test,21.587869497257326,25.0,0.5,0.0,0.0,3.4121305027426736
33071,0,calendar_2014_test,22.121880349871418,18.0,0.5,0.0,0.0,4.121880349871418
33072,0,calendar_2014_test,18.768557439082095,18.0,0.5,0.0,0.0,0.7685574390820946
33073,0,calendar_2014_test,18.530005412753198,24.0,0.5,0.0,0.0,5.469994587246802
33074,0,calendar_2014_test,22.084297912925607,20.0,0.5,0.0,0.0,2.0842979129256065
33075,0,calendar_2014_test,20.079884430201915,31.0,0.5,0.0,0.0,10.920115569798085
33076,0,calendar_2014_test,33.11211199686899,31.0,0.5,0.0,0.0,2.1121119968689896
33077,0,calendar_2014_test,32.1810785664095,28.0,0.5,0.0,0.0,4.1810785664094965
33078,0,calendar_2014_test,30.076119148562587,31.0,0.5,0.0,0.0,0.9238808514374135
33079,0,calendar_2014_test,34.81638106401198,28.0,0.5,0.0,0.0,6.816381064011978
33080,0,calendar_2014_test,30.634809055494205,34.0,0.5,0.0,0.0,3.3651909445057946
33081,0,calendar_2014_test,37.90477714312862,32.0,0.5,0.0,0.0,5.904777143128619
33082,0,calendar_2014_test,31.91312657852657,44.0,0.5,0.0,0.0,12.086873421473431
33083,0,calendar_2014_test,43.87987997587118,46.0,0.5,0.0,0.0,2.1201200241288234
33084,0,calendar_2014_test,39.389779157510254,43.0,0.5,0.0,0.0,3.6102208424897455
33085,0,calendar_2014_test,37.87780348646351,48.0,0.5,0.0,0.0,10.122196513536487
33086,0,calendar_2014_test,43.01007485889594,57.0,0.5,0.0,0.0,13.98992514110406
33087,0,calendar_2014_test,50.36554121098151,53.0,0.5,0.0,0.0,2.6344587890184883
33088,0,calendar_2014_test,46.263778878580354,64.0,0.5,0.0,0.0,17.736221121419646
33089,0,calendar_2014_test,58.87026233009148,52.0,0.5,0.0,0.0,6.870262330091478
33090,0,calendar_2014_test,44.402160759570286,37.0,0.5,0.0,0.0,7.402160759570286
33091,0,calendar_2014_test,36.83730449042972,35.0,0.5,0.0,0.0,1.837304490429723
33092,0,calendar_2014_test,32.508868573935445,39.0,0.5,0.0,0.0,6.491131426064555
33093,0,calendar_2014_test,34.2233686422606,31.0,0.5,0.0,0.0,3.2233686422606027
33094,0,calendar_2014_test,29.465060964702218,29.0,0.5,0.0,0.0,0.4650609647022179
33095,0,calendar_2014_test,25.63673022467449,28.0,0.5,0.0,0.0,2.3632697753255094
33096,0,calendar_2014_test,24.00534035759882,32.0,0.5,0.0,0.0,7.9946596424011815
33097,0,calendar_2014_test,31.286334199984086,33.0,0.5,0.0,0.0,1.7136658000159137
33098,0,calendar_2014_test,34.67219814859147,25.0,0.5,0.0,0.0,9.67219814859147
33099,0,calendar_2014_test,26.358747001493448,30.0,0.5,0.0,0.0,3.641252998506552
33100,0,calendar_2014_test,31.54616021393358,28.0,0.5,0.0,0.0,3.546160213933579
33101,0,calendar_2014_test,28.871835960290017,36.0,0.5,0.0,0.0,7.128164039709983
33102,0,calendar_2014_test,36.370135789897475,43.0,0.5,0.0,0.0,6.629864210102525
33103,0,calendar_2014_test,43.86033339085541,43.0,0.5,0.0,0.0,0.8603333908554092
33104,0,calendar_2014_test,42.531740156202794,54.0,0.5,0.0,0.0,11.468259843797206
33105,0,calendar_2014_test,52.23204729344359,56.0,0.5,0.0,0.0,3.7679527065564073
33106,0,calendar_2014_test,52.66808279040676,45.0,0.5,0.0,0.0,7.668082790406757
33107,0,calendar_2014_test,44.16002384972294,48.0,0.5,0.0,0.0,3.83997615027706
33108,0,calendar_2014_test,47.643789335391375,57.0,0.5,0.0,0.0,9.356210664608625
33109,0,calendar_2014_test,54.69424141657245,50.0,0.5,0.0,0.0,4.694241416572453
33110,0,calendar_2014_test,47.24902057345655,47.0,0.5,0.0,0.0,0.24902057345654782
33111,0,calendar_2014_test,45.959267040706976,48.0,0.5,0.0,0.0,2.040732959293024
33112,0,calendar_2014_test,45.08857046387652,62.0,0.5,0.0,0.0,16.911429536123478
33113,0,calendar_2014_test,60.08012581421168,77.0,0.5,0.0,0.0,16.919874185788323
33114,0,calendar_2014_test,75.83573911718909,83.0,0.5,0.0,0.0,7.164260882810908
33115,0,calendar_2014_test,80.07398684464734,87.0,0.5,0.0,0.0,6.926013155352663
33116,0,calendar_2014_test,82.62722945722419,88.0,0.5,0.0,0.0,5.372770542775811
33117,0,calendar_2014_test,82.68833347729193,107.0,0.5,0.0,0.0,24.311666522708066
33118,0,calendar_2014_test,95.90641327749192,88.0,0.5,0.0,0.0,7.906413277491922
33119,0,calendar_2014_test,77.56574037194312,88.0,0.5,0.0,0.0,10.434259628056878
33120,0,calendar_2014_test,81.81244268670665,79.0,0.5,0.0,0.0,2.812442686706646
33121,0,calendar_2014_test,71.756648097833,60.0,0.5,0.0,0.0,11.756648097832993
33122,0,calendar_2014_test,54.16780602013297,48.0,0.5,0.0,0.0,6.167806020132971
33123,0,calendar_2014_test,45.674053417772605,38.0,0.5,0.0,0.0,7.674053417772605
33124,0,calendar_2014_test,36.540398625959845,42.0,0.5,0.0,0.0,5.4596013740401546
33125,0,calendar_2014_test,41.82402464889907,47.0,0.5,0.0,0.0,5.175975351100931
33126,0,calendar_2014_test,48.07762437974014,53.0,0.5,0.0,0.0,4.9223756202598565
33127,0,calendar_2014_test,51.69303460854547,52.0,0.5,0.0,0.0,0.3069653914545327
33128,0,calendar_2014_test,49.01311148399061,51.0,0.5,0.0,0.0,1.9868885160093868
33129,0,calendar_2014_test,47.5144560036412,53.0,0.5,0.0,0.0,5.4855439963588
33130,0,calendar_2014_test,49.86403103692069,51.0,0.5,0.0,0.0,1.135968963079307
33131,0,calendar_2014_test,48.30476547696106,54.0,0.5,0.0,0.0,5.695234523038941
33132,0,calendar_2014_test,50.11785457842285,54.0,0.5,0.0,0.0,3.8821454215771496
33133,0,calendar_2014_test,50.75356211743219,54.0,0.5,0.0,0.0,3.246437882567811
33134,0,calendar_2014_test,93.67398230008841,78.0,0.5,0.0,0.0,15.673982300088412
33135,0,calendar_2014_test,68.68440658836745,80.0,0.5,0.0,0.0,11.315593411632548
33136,0,calendar_2014_test,75.90824613489853,77.0,0.5,0.0,0.0,1.0917538651014667
33137,0,calendar_2014_test,73.41686829661279,79.0,0.5,0.0,0.0,5.58313170338721
33138,0,calendar_2014_test,74.58683893848784,79.0,0.5,0.0,0.0,4.413161061512156
33139,0,calendar_2014_test,73.35449589719575,59.0,0.5,0.0,0.0,14.354495897195747
33140,0,calendar_2014_test,54.19060485901228,75.0,0.5,0.0,0.0,20.809395140987718
33141,0,calendar_2014_test,75.54001050567791,94.0,0.5,0.0,0.0,18.459989494322087
33142,0,calendar_2014_test,90.85471896950514,88.0,0.5,0.0,0.0,2.854718969505143
33143,0,calendar_2014_test,81.80131840234552,88.0,0.5,0.0,0.0,6.198681597654485
33144,0,calendar_2014_test,83.62946148107388,85.0,0.5,0.0,0.0,1.370538518926125
33145,0,calendar_2014_test,81.14046112092343,87.0,0.5,0.0,0.0,5.859538879076567
33146,0,calendar_2014_test,83.34447230375108,94.0,0.5,0.0,0.0,10.655527696248924
33147,0,calendar_2014_test,89.85415465651303,103.0,0.5,0.0,0.0,13.145845343486968
33148,0,calendar_2014_test,97.37410795428049,101.0,0.5,0.0,0.0,3.6258920457195103
33149,0,calendar_2014_test,93.7479739064195,114.0,0.5,0.0,0.0,20.252026093580497
33150,0,calendar_2014_test,109.43319145379594,123.0,0.5,0.0,0.0,13.566808546204058
33151,0,calendar_2014_test,117.1274074889144,122.0,0.5,0.0,0.0,4.8725925110856
33152,0,calendar_2014_test,106.33388167748944,96.0,0.5,0.0,0.0,10.333881677489444
33153,0,calendar_2014_test,74.9230664787536,51.0,0.5,0.0,0.0,23.923066478753597
33154,0,calendar_2014_test,45.308659533212,23.0,0.5,0.0,0.0,22.308659533212
33155,0,calendar_2014_test,24.37915328225459,59.0,0.5,0.0,0.0,34.62084671774541
33156,0,calendar_2014_test,52.973241527044934,43.0,0.5,0.0,0.0,9.973241527044934
33157,0,calendar_2014_test,37.8069249216668,13.0,0.5,0.0,0.0,24.8069249216668
33158,0,calendar_2014_test,17.36283591210428,13.0,0.5,0.0,0.0,4.362835912104281
33159,0,calendar_2014_test,14.105771628918543,16.0,0.5,0.0,0.0,1.8942283710814571
33160,0,calendar_2014_test,14.521034273565629,13.0,0.5,0.0,0.0,1.521034273565629
33161,0,calendar_2014_test,13.611665725263665,12.0,0.5,0.0,0.0,1.6116657252636646
33162,0,calendar_2014_test,13.05635783179762,18.0,0.5,0.0,0.0,4.943642168202381
33163,0,calendar_2014_test,16.676162829699884,16.0,0.5,0.0,0.0,0.6761628296998836
33164,0,calendar_2014_test,15.223571631486175,15.0,0.5,0.0,0.0,0.2235716314861751
33165,0,calendar_2014_test,14.82907582039445,20.0,0.5,0.0,0.0,5.170924179605549
33166,0,calendar_2014_test,21.90386389658114,17.0,0.5,0.0,0.0,4.903863896581139
33167,0,calendar_2014_test,18.914488457643873,19.0,0.5,0.0,0.0,0.08551154235612657
33168,0,calendar_2014_test,20.95569333374228,40.0,0.5,0.0,0.0,19.04430666625772
33169,0,calendar_2014_test,40.5426061702597,44.0,0.5,0.0,0.0,3.4573938297402975
33170,0,calendar_2014_test,46.151337761757425,33.0,0.5,0.0,0.0,13.151337761757425
33171,0,calendar_2014_test,35.51209745917365,33.0,0.5,0.0,0.0,2.5120974591736527
33172,0,calendar_2014_test,34.870296721421106,37.0,0.5,0.0,0.0,2.1297032785788943
33173,0,calendar_2014_test,37.71935552586126,37.0,0.5,0.0,0.0,0.7193555258612605
33174,0,calendar_2014_test,35.65848381214668,50.0,0.5,0.0,0.0,14.341516187853323
33175,0,calendar_2014_test,46.307241164847234,51.0,0.5,0.0,0.0,4.692758835152766
33176,0,calendar_2014_test,42.87218474820386,39.0,0.5,0.0,0.0,3.872184748203857
33177,0,calendar_2014_test,33.07017661549966,28.0,0.5,0.0,0.0,5.070176615499662
33178,0,calendar_2014_test,26.10873627666197,35.0,0.5,0.0,0.0,8.891263723338032
33179,0,calendar_2014_test,32.87986762242779,31.0,0.5,0.0,0.0,1.8798676224277884
33180,0,calendar_2014_test,28.959047150470717,31.0,0.5,0.0,0.0,2.0409528495292832
33181,0,calendar_2014_test,31.535655851363025,27.0,0.5,0.0,0.0,4.535655851363025
33182,0,calendar_2014_test,27.0237586828893,23.0,0.5,0.0,0.0,4.0237586828893015
33183,0,calendar_2014_test,22.311136495214047,18.0,0.5,0.0,0.0,4.311136495214047
33184,0,calendar_2014_test,18.929572340392212,16.0,0.5,0.0,0.0,2.9295723403922125
33185,0,calendar_2014_test,15.65719388876243,12.0,0.5,0.0,0.0,3.6571938887624302
33186,0,calendar_2014_test,12.945318673448924,14.0,0.5,0.0,0.0,1.0546813265510764
33187,0,calendar_2014_test,13.523451146398232,14.0,0.5,0.0,0.0,0.47654885360176813
33188,0,calendar_2014_test,16.222503436937057,10.0,0.5,0.0,0.0,6.222503436937057
33189,0,calendar_2014_test,13.839967602251061,20.0,0.5,0.0,0.0,6.160032397748939
33190,0,calendar_2014_test,23.274596111880516,30.0,0.5,0.0,0.0,6.725403888119484
33191,0,calendar_2014_test,33.63747249716902,40.0,0.5,0.0,0.0,6.362527502830979
33192,0,calendar_2014_test,39.699096150809915,44.0,0.5,0.0,0.0,4.300903849190085
33193,0,calendar_2014_test,45.52885474292741,38.0,0.5,0.0,0.0,7.5288547429274075
33194,0,calendar_2014_test,38.65491883306006,50.0,0.5,0.0,0.0,11.345081166939941
33195,0,calendar_2014_test,49.039057430295095,64.0,0.5,0.0,0.0,14.960942569704905
33196,0,calendar_2014_test,64.45940148828348,99.0,0.5,0.0,0.0,34.540598511716524
33197,0,calendar_2014_test,95.97936549703681,110.0,0.5,0.0,0.0,14.02063450296319
33198,0,calendar_2014_test,105.9469861149863,105.0,0.5,0.0,0.0,0.9469861149863021
33199,0,calendar_2014_test,94.31981644775989,108.0,0.5,0.0,0.0,13.68018355224011
33200,0,calendar_2014_test,97.23989044755739,121.0,0.5,0.0,0.0,23.760109552442614
33201,0,calendar_2014_test,109.97634804115333,126.0,0.5,0.0,0.0,16.02365195884667
33202,0,calendar_2014_test,109.06045415894117,103.0,0.5,0.0,0.0,6.06045415894117
33203,0,calendar_2014_test,82.32435412430127,78.0,0.5,0.0,0.0,4.324354124301266
33204,0,calendar_2014_test,68.48936958252786,93.0,0.5,0.0,0.0,24.510630417472143
33205,0,calendar_2014_test,89.18582717542392,49.0,0.5,0.0,0.0,40.185827175423924
33206,0,calendar_2014_test,43.35482334970417,29.0,0.5,0.0,0.0,14.35482334970417
33207,0,calendar_2014_test,30.1831910127538,25.0,0.5,0.0,0.0,5.183191012753799
33208,0,calendar_2014_test,23.86525209451096,34.0,0.5,0.0,0.0,10.13474790548904
33209,0,calendar_2014_test,36.04556629191946,39.0,0.5,0.0,0.0,2.9544337080805434
33210,0,calendar_2014_test,39.54127546140475,41.0,0.5,0.0,0.0,1.4587245385952485
33211,0,calendar_2014_test,41.7954910877304,48.0,0.5,0.0,0.0,6.204508912269603
33212,0,calendar_2014_test,43.197752589870504,49.0,0.5,0.0,0.0,5.802247410129496
33213,0,calendar_2014_test,46.14031048986393,19.0,0.5,0.0,0.0,27.14031048986393
33214,0,calendar_2014_test,20.0553786740459,14.0,0.5,0.0,0.0,6.055378674045901
33215,0,calendar_2014_test,15.852501019649578,24.0,0.5,0.0,0.0,8.147498980350422
33216,0,calendar_2014_test,23.002957911511754,22.0,0.5,0.0,0.0,1.0029579115117535
33217,0,calendar_2014_test,20.858423442774004,30.0,0.5,0.0,0.0,9.141576557225996
33218,0,calendar_2014_test,29.861399618717847,30.0,0.5,0.0,0.0,0.1386003812821528
33219,0,calendar_2014_test,28.707374216994413,37.0,0.5,0.0,0.0,8.292625783005587
33220,0,calendar_2014_test,35.223165326641166,35.0,0.5,0.0,0.0,0.2231653266411655
33221,0,calendar_2014_test,35.213277165009636,39.0,0.5,0.0,0.0,3.786722834990364
33222,0,calendar_2014_test,38.61902815084598,38.0,0.5,0.0,0.0,0.6190281508459776
33223,0,calendar_2014_test,36.53899410245858,35.0,0.5,0.0,0.0,1.538994102458581
33224,0,calendar_2014_test,33.71859241076939,29.0,0.5,0.0,0.0,4.718592410769389
33225,0,calendar_2014_test,26.47852516051627,28.0,0.5,0.0,0.0,1.52147483948373
33226,0,calendar_2014_test,25.37640112747847,18.0,0.5,0.0,0.0,7.37640112747847
33227,0,calendar_2014_test,18.30869206791486,25.0,0.5,0.0,0.0,6.691307932085142
33228,0,calendar_2014_test,21.989518338764093,34.0,0.5,0.0,0.0,12.010481661235907
33229,0,calendar_2014_test,30.573554324710425,24.0,0.5,0.0,0.0,6.573554324710425
33230,0,calendar_2014_test,24.26956564621262,23.0,0.5,0.0,0.0,1.2695656462126195
33231,0,calendar_2014_test,22.622281499366295,30.0,0.5,0.0,0.0,7.377718500633705
33232,0,calendar_2014_test,28.075315278807988,35.0,0.5,0.0,0.0,6.924684721192012
33233,0,calendar_2014_test,32.415623088164935,46.0,0.5,0.0,0.0,13.584376911835065
33234,0,calendar_2014_test,41.947093983940476,47.0,0.5,0.0,0.0,5.052906016059524
33235,0,calendar_2014_test,46.67180275123542,39.0,0.5,0.0,0.0,7.671802751235418
33236,0,calendar_2014_test,39.97981773152842,50.0,0.5,0.0,0.0,10.02018226847158
33237,0,calendar_2014_test,50.417652373379696,54.0,0.5,0.0,0.0,3.5823476266203045
33238,0,calendar_2014_test,51.93609743390994,59.0,0.5,0.0,0.0,7.063902566090057
33239,0,calendar_2014_test,59.60440506616372,58.0,0.5,0.0,0.0,1.6044050661637215
33240,0,calendar_2014_test,54.1507766799412,70.0,0.5,0.0,0.0,15.849223320058798
33241,0,calendar_2014_test,67.47638642441552,90.0,0.5,0.0,0.0,22.523613575584477
33242,0,calendar_2014_test,84.84980757320211,106.0,0.5,0.0,0.0,21.150192426797886
33243,0,calendar_2014_test,96.8380283239031,128.0,0.5,0.0,0.0,31.161971676096897
33244,0,calendar_2014_test,116.19421864467918,118.0,0.5,0.0,0.0,1.8057813553208177
33245,0,calendar_2014_test,102.55970281335081,111.0,0.5,0.0,0.0,8.44029718664919
33246,0,calendar_2014_test,104.23151631482101,131.0,0.5,0.0,0.0,26.768483685178992
33247,0,calendar_2014_test,122.28728443973823,153.0,0.5,0.0,0.0,30.71271556026177
33248,0,calendar_2014_test,141.92505531259812,169.0,0.5,0.0,0.0,27.07494468740188
33249,0,calendar_2014_test,158.30282810988143,161.0,0.5,0.0,0.0,2.697171890118568
33250,0,calendar_2014_test,146.75717248638824,141.0,0.5,0.0,0.0,5.757172486388242
33251,0,calendar_2014_test,127.03945000051687,117.0,0.5,0.0,0.0,10.039450000516865
33252,0,calendar_2014_test,101.0069507728112,117.0,0.5,0.0,0.0,15.993049227188806
33253,0,calendar_2014_test,104.04674622549364,101.0,0.5,0.0,0.0,3.046746225493635
33254,0,calendar_2014_test,89.10036875029387,94.0,0.5,0.0,0.0,4.8996312497061325
33255,0,calendar_2014_test,86.34812593916965,89.0,0.5,0.0,0.0,2.6518740608303517
33256,0,calendar_2014_test,80.31734515905973,82.0,0.5,0.0,0.0,1.6826548409402733
33257,0,calendar_2014_test,76.6317352016746,105.0,0.5,0.0,0.0,28.3682647983254
33258,0,calendar_2014_test,97.1326574139038,130.0,0.5,0.0,0.0,32.8673425860962
33259,0,calendar_2014_test,116.10230479399256,161.0,0.5,0.0,0.0,44.89769520600744
33260,0,calendar_2014_test,152.9774267659736,156.0,0.5,0.0,0.0,3.022573234026396
33261,0,calendar_2014_test,141.36702719042077,100.0,0.5,0.0,0.0,41.36702719042077
33262,0,calendar_2014_test,76.98878934923945,62.0,0.5,0.0,0.0,14.988789349239454
33263,0,calendar_2014_test,52.93931015041681,84.0,0.5,0.0,0.0,31.06068984958319
33264,0,calendar_2014_test,82.6037607639382,61.0,0.5,0.0,0.0,21.603760763938197
33265,0,calendar_2014_test,55.867423468660235,80.0,0.5,0.0,0.0,24.132576531339765
33266,0,calendar_2014_test,77.08400881001948,113.0,0.5,0.0,0.0,35.91599118998052
33267,0,calendar_2014_test,115.89122457868504,140.0,0.5,0.0,0.0,24.10877542131496
33268,0,calendar_2014_test,134.32691082250508,134.0,0.5,0.0,0.0,0.3269108225050843
33269,0,calendar_2014_test,119.64314340910158,117.0,0.5,0.0,0.0,2.643143409101583
33270,0,calendar_2014_test,104.96834613902205,112.0,0.5,0.0,0.0,7.031653860977954
33271,0,calendar_2014_test,103.9048803921848,130.0,0.5,0.0,0.0,26.095119607815207
33272,0,calendar_2014_test,124.02473017422489,148.0,0.5,0.0,0.0,23.975269825775115
33273,0,calendar_2014_test,137.65796321209896,162.0,0.5,0.0,0.0,24.342036787901037
33274,0,calendar_2014_test,149.20283738818893,169.0,0.5,0.0,0.0,19.797162611811075
33275,0,calendar_2014_test,157.47319120625266,164.0,0.5,0.0,0.0,6.526808793747335
33276,0,calendar_2014_test,150.27980933562358,169.0,0.5,0.0,0.0,18.720190664376418
33277,0,calendar_2014_test,155.5322080241911,155.0,0.5,0.0,0.0,0.5322080241911067
33278,0,calendar_2014_test,146.3208633543256,178.0,0.5,0.0,0.0,31.67913664567439
33279,0,calendar_2014_test,159.25645553312017,191.0,0.5,0.0,0.0,31.743544466879825
33280,0,calendar_2014_test,165.47392034566116,196.0,0.5,0.0,0.0,30.526079654338844
33281,0,calendar_2014_test,175.72032367154497,138.0,0.5,0.0,0.0,37.720323671544975
33282,0,calendar_2014_test,118.11819179363651,132.0,0.5,0.0,0.0,13.881808206363488
33283,0,calendar_2014_test,119.49685381281941,105.0,0.5,0.0,0.0,14.49685381281941
33284,0,calendar_2014_test,86.06592530986084,111.0,0.5,0.0,0.0,24.934074690139155
33285,0,calendar_2014_test,104.92333125906029,96.0,0.5,0.0,0.0,8.92333125906029
33286,0,calendar_2014_test,85.45947311066708,105.0,0.5,0.0,0.0,19.540526889332924
33287,0,calendar_2014_test,99.95101622046043,108.0,0.5,0.0,0.0,8.048983779539569
33288,0,calendar_2014_test,102.5995105349762,111.0,0.5,0.0,0.0,8.400489465023796
33289,0,calendar_2014_test,106.0127843851831,103.0,0.5,0.0,0.0,3.012784385183096
33290,0,calendar_2014_test,95.82250848455132,114.0,0.5,0.0,0.0,18.17749151544868
33291,0,calendar_2014_test,111.30525258694486,176.0,0.5,0.0,0.0,64.69474741305514
33292,0,calendar_2014_test,177.64631670701107,221.0,0.5,0.0,0.0,43.35368329298893
33293,0,calendar_2014_test,205.04613283371836,225.0,0.5,0.0,0.0,19.95386716628164
33294,0,calendar_2014_test,190.78873090108937,84.0,0.5,0.0,0.0,106.78873090108937
33295,0,calendar_2014_test,53.801505416829244,13.0,0.5,0.0,0.0,40.801505416829244
33296,0,calendar_2014_test,19.797093151254114,20.0,0.5,0.0,0.0,0.2029068487458865
33297,0,calendar_2014_test,20.64797730911715,28.0,0.5,0.0,0.0,7.352022690882851
33298,0,calendar_2014_test,28.703245944841143,29.0,0.5,0.0,0.0,0.296754055158857
33299,0,calendar_2014_test,24.82556520986499,24.0,0.5,0.0,0.0,0.8255652098649904
33300,0,calendar_2014_test,23.614380224603675,32.0,0.5,0.0,0.0,8.385619775396325
33301,0,calendar_2014_test,33.356710311610975,40.0,0.5,0.0,0.0,6.643289688389025
33302,0,calendar_2014_test,42.52999928953878,47.0,0.5,0.0,0.0,4.470000710461221
33303,0,calendar_2014_test,48.14681632926399,49.0,0.5,0.0,0.0,0.8531836707360085
33304,0,calendar_2014_test,45.54168838103157,77.0,0.5,0.0,0.0,31.45831161896843
33305,0,calendar_2014_test,76.84504294700852,103.0,0.5,0.0,0.0,26.154957052991477
33306,0,calendar_2014_test,101.91891004393273,119.0,0.5,0.0,0.0,17.081089956067274
33307,0,calendar_2014_test,118.20291860519202,132.0,0.5,0.0,0.0,13.797081394807975
33308,0,calendar_2014_test,121.44990771695643,148.0,0.5,0.0,0.0,26.55009228304357
33309,0,calendar_2014_test,133.6822418245576,38.0,0.5,0.0,0.0,95.6822418245576
33310,0,calendar_2014_test,41.194453491841216,60.0,0.5,0.0,0.0,18.805546508158784
33311,0,calendar_2014_test,60.482070708639554,76.0,0.5,0.0,0.0,15.517929291360446
33312,0,calendar_2014_test,78.80079566240424,56.0,0.5,0.0,0.0,22.80079566240424
33313,0,calendar_2014_test,50.27840058788178,62.0,0.5,0.0,0.0,11.721599412118223
33314,0,calendar_2014_test,60.69721246045746,63.0,0.5,0.0,0.0,2.3027875395425426
33315,0,calendar_2014_test,62.884593229259835,75.0,0.5,0.0,0.0,12.115406770740165
33316,0,calendar_2014_test,72.70881211529556,67.0,0.5,0.0,0.0,5.708812115295558
33317,0,calendar_2014_test,64.50531193045656,74.0,0.5,0.0,0.0,9.494688069543443
33318,0,calendar_2014_test,71.84582834955606,71.0,0.5,0.0,0.0,0.8458283495560579
33319,0,calendar_2014_test,66.91436899141671,76.0,0.5,0.0,0.0,9.085631008583292
33320,0,calendar_2014_test,70.65076750961897,79.0,0.5,0.0,0.0,8.349232490381027
33321,0,calendar_2014_test,73.64759824228071,82.0,0.5,0.0,0.0,8.352401757719292
33322,0,calendar_2014_test,76.23378883019633,53.0,0.5,0.0,0.0,23.233788830196332
33323,0,calendar_2014_test,45.394190859730955,46.0,0.5,0.0,0.0,0.6058091402690451
33324,0,calendar_2014_test,41.50634187164726,46.0,0.5,0.0,0.0,4.493658128352742
33325,0,calendar_2014_test,44.66944726594111,45.0,0.5,0.0,0.0,0.33055273405889096
33326,0,calendar_2014_test,42.978861603464175,24.0,0.5,0.0,0.0,18.978861603464175
33327,0,calendar_2014_test,24.892959650874847,11.0,0.5,0.0,0.0,13.892959650874847
33328,0,calendar_2014_test,14.401900731117209,22.0,0.5,0.0,0.0,7.598099268882791
33329,0,calendar_2014_test,77.16116310874132,65.0,0.5,0.0,0.0,12.16116310874132
33330,0,calendar_2014_test,60.49695892195855,71.0,0.5,0.0,0.0,10.503041078041448
33331,0,calendar_2014_test,69.12803074503508,79.0,0.5,0.0,0.0,9.871969254964924
33332,0,calendar_2014_test,74.6592530151545,73.0,0.5,0.0,0.0,1.6592530151545049
33333,0,calendar_2014_test,69.49432351422867,72.0,0.5,0.0,0.0,2.505676485771332
33334,0,calendar_2014_test,69.53130504385743,74.0,0.5,0.0,0.0,4.468694956142571
33335,0,calendar_2014_test,70.78114602651317,78.0,0.5,0.0,0.0,7.21885397348683
33336,0,calendar_2014_test,74.22116052107637,89.0,0.5,0.0,0.0,14.77883947892363
33337,0,calendar_2014_test,81.37799210803236,86.0,0.5,0.0,0.0,4.622007891967641
33338,0,calendar_2014_test,79.89092909255103,59.0,0.5,0.0,0.0,20.890929092551033
33339,0,calendar_2014_test,54.16067140850911,39.0,0.5,0.0,0.0,15.16067140850911
33340,0,calendar_2014_test,36.68576104857053,48.0,0.5,0.0,0.0,11.314238951429473
33341,0,calendar_2014_test,47.33024790627086,41.0,0.5,0.0,0.0,6.330247906270863
33342,0,calendar_2014_test,37.726527000592995,63.0,0.5,0.0,0.0,25.273472999407005
33343,0,calendar_2014_test,54.751114116832625,59.0,0.5,0.0,0.0,4.248885883167375
33344,0,calendar_2014_test,53.596045667914424,35.0,0.5,0.0,0.0,18.596045667914424
33345,0,calendar_2014_test,31.063035636876627,22.0,0.5,0.0,0.0,9.063035636876627
33346,0,calendar_2014_test,21.70109858006928,13.0,0.5,0.0,0.0,8.701098580069281
33347,0,calendar_2014_test,15.322698854836734,19.0,0.5,0.0,0.0,3.6773011451632662
33348,0,calendar_2014_test,20.404572081621883,12.0,0.5,0.0,0.0,8.404572081621883
33349,0,calendar_2014_test,13.890206673310491,10.0,0.5,0.0,0.0,3.890206673310491
33350,0,calendar_2014_test,13.671049731704098,11.0,0.5,0.0,0.0,2.671049731704098
33351,0,calendar_2014_test,12.535630432370043,17.0,0.5,0.0,0.0,4.464369567629957
33352,0,calendar_2014_test,17.57967973909799,20.0,0.5,0.0,0.0,2.4203202609020096
33353,0,calendar_2014_test,22.281859997750846,20.0,0.5,0.0,0.0,2.2818599977508462
33354,0,calendar_2014_test,22.845142968682694,38.0,0.5,0.0,0.0,15.154857031317306
33355,0,calendar_2014_test,39.6129057389878,61.0,0.5,0.0,0.0,21.3870942610122
33356,0,calendar_2014_test,59.48048777918759,94.0,0.5,0.0,0.0,34.51951222081241
33357,0,calendar_2014_test,91.47434870823007,89.0,0.5,0.0,0.0,2.4743487082300675
33358,0,calendar_2014_test,78.32977663365044,82.0,0.5,0.0,0.0,3.6702233663495605
33359,0,calendar_2014_test,77.5775389608645,74.0,0.5,0.0,0.0,3.5775389608645014
33360,0,calendar_2014_test,70.26387772990981,70.0,0.5,0.0,0.0,0.26387772990980807
33361,0,calendar_2014_test,64.71607673355912,70.0,0.5,0.0,0.0,5.28392326644088
33362,0,calendar_2014_test,64.5477256031435,71.0,0.5,0.0,0.0,6.452274396856495
33363,0,calendar_2014_test,66.49424960609664,76.0,0.5,0.0,0.0,9.505750393903355
33364,0,calendar_2014_test,73.74842036455257,72.0,0.5,0.0,0.0,1.7484203645525724
33365,0,calendar_2014_test,68.45148644809312,60.0,0.5,0.0,0.0,8.45148644809312
33366,0,calendar_2014_test,56.89254814637778,64.0,0.5,0.0,0.0,7.107451853622223
33367,0,calendar_2014_test,64.21450576668512,73.0,0.5,0.0,0.0,8.785494233314878
33368,0,calendar_2014_test,71.15059240175214,70.0,0.5,0.0,0.0,1.1505924017521352
33369,0,calendar_2014_test,65.51912840836472,74.0,0.5,0.0,0.0,8.480871591635278
33370,0,calendar_2014_test,70.60924391017222,57.0,0.5,0.0,0.0,13.609243910172225
33371,0,calendar_2014_test,52.09296633033742,62.0,0.5,0.0,0.0,9.907033669662582
33372,0,calendar_2014_test,60.4491713885575,61.0,0.5,0.0,0.0,0.5508286114424976
33373,0,calendar_2014_test,59.02249413154273,54.0,0.5,0.0,0.0,5.022494131542729
33374,0,calendar_2014_test,51.16904055444625,51.0,0.5,0.0,0.0,0.16904055444624788
33375,0,calendar_2014_test,48.641294686277845,53.0,0.5,0.0,0.0,4.3587053137221545
33376,0,calendar_2014_test,49.5177038118322,57.0,0.5,0.0,0.0,7.482296188167801
33377,0,calendar_2014_test,55.45294921603391,66.0,0.5,0.0,0.0,10.547050783966093
33378,0,calendar_2014_test,60.38169697793164,66.0,0.5,0.0,0.0,5.6183030220683605
33379,0,calendar_2014_test,64.01670795579889,15.0,0.5,0.0,0.0,49.01670795579889
33380,0,calendar_2014_test,18.69508296273895,18.0,0.5,0.0,0.0,0.695082962738951
33381,0,calendar_2014_test,18.081892661825187,18.0,0.5,0.0,0.0,0.08189266182518651
33382,0,calendar_2014_test,17.134261029464593,15.0,0.5,0.0,0.0,2.134261029464593
33383,0,calendar_2014_test,14.90017510251624,16.0,0.5,0.0,0.0,1.0998248974837601
33384,0,calendar_2014_test,14.523760752815557,18.0,0.5,0.0,0.0,3.476239247184443
33385,0,calendar_2014_test,17.83051974843103,23.0,0.5,0.0,0.0,5.16948025156897
33386,0,calendar_2014_test,22.031627949108906,23.0,0.5,0.0,0.0,0.9683720508910945
33387,0,calendar_2014_test,22.507480859011096,23.0,0.5,0.0,0.0,0.4925191409889038
33388,0,calendar_2014_test,22.164775096339373,15.0,0.5,0.0,0.0,7.164775096339373
33389,0,calendar_2014_test,16.06073616590724,18.0,0.5,0.0,0.0,1.9392638340927597
33390,0,calendar_2014_test,16.872825866726984,20.0,0.5,0.0,0.0,3.127174133273016
33391,0,calendar_2014_test,18.64509147465774,38.0,0.5,0.0,0.0,19.35490852534226
33392,0,calendar_2014_test,38.31618666424032,51.0,0.5,0.0,0.0,12.68381333575968
33393,0,calendar_2014_test,49.76130848631344,49.0,0.5,0.0,0.0,0.761308486313439
33394,0,calendar_2014_test,43.875748321388286,51.0,0.5,0.0,0.0,7.124251678611714
33395,0,calendar_2014_test,45.56903589686786,40.0,0.5,0.0,0.0,5.5690358968678595
33396,0,calendar_2014_test,39.60031095467006,50.0,0.5,0.0,0.0,10.399689045329943
33397,0,calendar_2014_test,49.624630376091226,50.0,0.5,0.0,0.0,0.3753696239087745
33398,0,calendar_2014_test,45.62677313484735,38.0,0.5,0.0,0.0,7.6267731348473475
33399,0,calendar_2014_test,38.70463556231854,36.0,0.5,0.0,0.0,2.7046355623185434
33400,0,calendar_2014_test,35.67900941987819,41.0,0.5,0.0,0.0,5.3209905801218085
33401,0,calendar_2014_test,41.29711714361753,34.0,0.5,0.0,0.0,7.297117143617527
33402,0,calendar_2014_test,38.21265361714563,13.0,0.5,0.0,0.0,25.212653617145627
33403,0,calendar_2014_test,17.95329696784453,29.0,0.5,0.0,0.0,11.04670303215547
33404,0,calendar_2014_test,34.07827439382922,34.0,0.5,0.0,0.0,0.07827439382921852
33405,0,calendar_2014_test,34.50728594794361,39.0,0.5,0.0,0.0,4.492714052056392
33406,0,calendar_2014_test,37.41261875648544,42.0,0.5,0.0,0.0,4.587381243514557
33407,0,calendar_2014_test,40.629421959758076,36.0,0.5,0.0,0.0,4.629421959758076
33408,0,calendar_2014_test,32.54135001717852,31.0,0.5,0.0,0.0,1.541350017178523
33409,0,calendar_2014_test,29.311719642759307,25.0,0.5,0.0,0.0,4.311719642759307
33410,0,calendar_2014_test,23.475917440252804,27.0,0.5,0.0,0.0,3.524082559747196
33411,0,calendar_2014_test,24.154735559834943,23.0,0.5,0.0,0.0,1.1547355598349434
33412,0,calendar_2014_test,20.932919657053812,21.0,0.5,0.0,0.0,0.0670803429461877
33413,0,calendar_2014_test,20.04063113558553,25.0,0.5,0.0,0.0,4.9593688644144684
33414,0,calendar_2014_test,21.571927473643722,18.0,0.5,0.0,0.0,3.571927473643722
33415,0,calendar_2014_test,17.376776525851632,18.0,0.5,0.0,0.0,0.623223474148368
33416,0,calendar_2014_test,16.77381156793269,15.0,0.5,0.0,0.0,1.7738115679326896
33417,0,calendar_2014_test,14.850803866332708,19.0,0.5,0.0,0.0,4.149196133667292
33418,0,calendar_2014_test,17.773317114436693,8.0,0.5,0.0,0.0,9.773317114436693
33419,0,calendar_2014_test,11.738770922330282,16.0,0.5,0.0,0.0,4.261229077669718
33420,0,calendar_2014_test,14.808764530036155,17.0,0.5,0.0,0.0,2.1912354699638446
33421,0,calendar_2014_test,17.795610435228113,18.0,0.5,0.0,0.0,0.20438956477188697
33422,0,calendar_2014_test,20.144850889750163,17.0,0.5,0.0,0.0,3.1448508897501632
33423,0,calendar_2014_test,18.233869341953,16.0,0.5,0.0,0.0,2.2338693419529996
33424,0,calendar_2014_test,15.601691347405895,26.0,0.5,0.0,0.0,10.398308652594105
33425,0,calendar_2014_test,27.40803328601894,24.0,0.5,0.0,0.0,3.4080332860189415
33426,0,calendar_2014_test,26.404227803180664,28.0,0.5,0.0,0.0,1.5957721968193361
33427,0,calendar_2014_test,31.534530258368584,27.0,0.5,0.0,0.0,4.534530258368584
33428,0,calendar_2014_test,30.684943350844392,34.0,0.5,0.0,0.0,3.3150566491556077
33429,0,calendar_2014_test,36.09487672033248,28.0,0.5,0.0,0.0,8.09487672033248
33430,0,calendar_2014_test,29.804590327816488,29.0,0.5,0.0,0.0,0.8045903278164879
33431,0,calendar_2014_test,28.92573697951473,43.0,0.5,0.0,0.0,14.074263020485269
33432,0,calendar_2014_test,43.24057730608042,44.0,0.5,0.0,0.0,0.7594226939195821
33433,0,calendar_2014_test,42.89713064019402,50.0,0.5,0.0,0.0,7.102869359805979
33434,0,calendar_2014_test,49.08139629096708,59.0,0.5,0.0,0.0,9.918603709032922
33435,0,calendar_2014_test,59.200350518806566,66.0,0.5,0.0,0.0,6.799649481193434
33436,0,calendar_2014_test,65.0808786117539,66.0,0.5,0.0,0.0,0.9191213882460971
33437,0,calendar_2014_test,60.51345499222291,66.0,0.5,0.0,0.0,5.486545007777089
33438,0,calendar_2014_test,64.12398725727397,63.0,0.5,0.0,0.0,1.123987257273967
33439,0,calendar_2014_test,62.195818924620134,64.0,0.5,0.0,0.0,1.8041810753798657
33440,0,calendar_2014_test,62.66114080483255,68.0,0.5,0.0,0.0,5.338859195167451
33441,0,calendar_2014_test,66.76250594792013,64.0,0.5,0.0,0.0,2.7625059479201326
33442,0,calendar_2014_test,61.78738141731906,50.0,0.5,0.0,0.0,11.787381417319061
33443,0,calendar_2014_test,46.523954333543045,47.0,0.5,0.0,0.0,0.47604566645695456
33444,0,calendar_2014_test,44.945967314557365,37.0,0.5,0.0,0.0,7.945967314557365
33445,0,calendar_2014_test,36.22943447662703,40.0,0.5,0.0,0.0,3.770565523372973
33446,0,calendar_2014_test,40.44099807981096,47.0,0.5,0.0,0.0,6.55900192018904
33447,0,calendar_2014_test,48.06554899294195,54.0,0.5,0.0,0.0,5.934451007058051
33448,0,calendar_2014_test,51.737489104933424,48.0,0.5,0.0,0.0,3.737489104933424
33449,0,calendar_2014_test,46.72013955031315,47.0,0.5,0.0,0.0,0.27986044968685064
33450,0,calendar_2014_test,46.3068410438748,41.0,0.5,0.0,0.0,5.3068410438747975
33451,0,calendar_2014_test,42.13164495611838,50.0,0.5,0.0,0.0,7.868355043881621
33452,0,calendar_2014_test,49.68961557340342,57.0,0.5,0.0,0.0,7.310384426596578
33453,0,calendar_2014_test,55.06089329241093,64.0,0.5,0.0,0.0,8.939106707589069
33454,0,calendar_2014_test,62.984488146762935,54.0,0.5,0.0,0.0,8.984488146762935
33455,0,calendar_2014_test,51.02576272735187,52.0,0.5,0.0,0.0,0.9742372726481321
33456,0,calendar_2014_test,48.97497646785796,54.0,0.5,0.0,0.0,5.025023532142043
33457,0,calendar_2014_test,49.60334434443988,62.0,0.5,0.0,0.0,12.396655655560117
33458,0,calendar_2014_test,59.81441623509847,58.0,0.5,0.0,0.0,1.81441623509847
33459,0,calendar_2014_test,55.451035652935495,69.0,0.5,0.0,0.0,13.548964347064505
33460,0,calendar_2014_test,68.24952786748887,77.0,0.5,0.0,0.0,8.750472132511135
33461,0,calendar_2014_test,74.56792418775815,89.0,0.5,0.0,0.0,14.432075812241848
33462,0,calendar_2014_test,84.47052799739899,90.0,0.5,0.0,0.0,5.529472002601011
33463,0,calendar_2014_test,84.49960099318291,86.0,0.5,0.0,0.0,1.5003990068170907
33464,0,calendar_2014_test,81.54643009251441,74.0,0.5,0.0,0.0,7.546430092514413
33465,0,calendar_2014_test,66.91145994239403,74.0,0.5,0.0,0.0,7.088540057605968
33466,0,calendar_2014_test,68.7883342851432,75.0,0.5,0.0,0.0,6.211665714856807
33467,0,calendar_2014_test,71.77056876873283,85.0,0.5,0.0,0.0,13.22943123126717
33468,0,calendar_2014_test,80.67363821319688,93.0,0.5,0.0,0.0,12.326361786803119
33469,0,calendar_2014_test,88.46218604055146,96.0,0.5,0.0,0.0,7.537813959448542
33470,0,calendar_2014_test,88.37478393236846,109.0,0.5,0.0,0.0,20.62521606763154
33471,0,calendar_2014_test,99.86012236220735,98.0,0.5,0.0,0.0,1.860122362207349
33472,0,calendar_2014_test,86.61990010064042,113.0,0.5,0.0,0.0,26.38009989935958
33473,0,calendar_2014_test,111.37149164255803,128.0,0.5,0.0,0.0,16.628508357441973
33474,0,calendar_2014_test,123.77509509553154,117.0,0.5,0.0,0.0,6.77509509553154
33475,0,calendar_2014_test,103.34375604931422,116.0,0.5,0.0,0.0,12.656243950685777
33476,0,calendar_2014_test,105.09634726137413,127.0,0.5,0.0,0.0,21.903652738625865
33477,0,calendar_2014_test,120.31007785627384,133.0,0.5,0.0,0.0,12.689922143726164
33478,0,calendar_2014_test,121.34827652853758,150.0,0.5,0.0,0.0,28.651723471462418
33479,0,calendar_2014_test,138.1157742996231,159.0,0.5,0.0,0.0,20.884225700376902
33480,0,calendar_2014_test,148.42642900855458,185.0,0.5,0.0,0.0,36.57357099144542
33481,0,calendar_2014_test,170.22330105414545,178.0,0.5,0.0,0.0,7.776698945854548
33482,0,calendar_2014_test,159.22101051184742,193.0,0.5,0.0,0.0,33.778989488152575
33483,0,calendar_2014_test,178.63910290966086,191.0,0.5,0.0,0.0,12.360897090339137
33484,0,calendar_2014_test,175.30165421792236,199.0,0.5,0.0,0.0,23.698345782077638
33485,0,calendar_2014_test,183.41131379443243,196.0,0.5,0.0,0.0,12.58868620556757
33486,0,calendar_2014_test,181.22816994711076,190.0,0.5,0.0,0.0,8.771830052889243
33487,0,calendar_2014_test,173.91413113004245,168.0,0.5,0.0,0.0,5.914131130042449
33488,0,calendar_2014_test,152.93534647724815,128.0,0.5,0.0,0.0,24.935346477248146
33489,0,calendar_2014_test,104.77761199340897,100.0,0.5,0.0,0.0,4.777611993408968
33490,0,calendar_2014_test,81.37941555821534,91.0,0.5,0.0,0.0,9.620584441784658
33491,0,calendar_2014_test,82.27066086192708,87.0,0.5,0.0,0.0,4.729339138072916
33492,0,calendar_2014_test,79.62208900779895,73.0,0.5,0.0,0.0,6.622089007798948
33493,0,calendar_2014_test,65.79768022224444,62.0,0.5,0.0,0.0,3.7976802222444377
33494,0,calendar_2014_test,56.93616408913245,66.0,0.5,0.0,0.0,9.063835910867553
33495,0,calendar_2014_test,65.24663846777557,106.0,0.5,0.0,0.0,40.75336153222443
33496,0,calendar_2014_test,100.33358233672912,95.0,0.5,0.0,0.0,5.333582336729123
33497,0,calendar_2014_test,85.28667554165938,93.0,0.5,0.0,0.0,7.713324458340622
33498,0,calendar_2014_test,87.67175574995015,75.0,0.5,0.0,0.0,12.671755749950151
33499,0,calendar_2014_test,69.58591173409935,62.0,0.5,0.0,0.0,7.585911734099355
33500,0,calendar_2014_test,58.399306501810486,61.0,0.5,0.0,0.0,2.6006934981895142
33501,0,calendar_2014_test,59.2838958921158,68.0,0.5,0.0,0.0,8.716104107884199
33502,0,calendar_2014_test,67.06169449536155,75.0,0.5,0.0,0.0,7.93830550463845
33503,0,calendar_2014_test,71.48478859220059,62.0,0.5,0.0,0.0,9.484788592200587
33504,0,calendar_2014_test,51.924346237528354,31.0,0.5,0.0,0.0,20.924346237528354
33505,0,calendar_2014_test,29.573167922268734,39.0,0.5,0.0,0.0,9.426832077731266
33506,0,calendar_2014_test,34.83774172739833,46.0,0.5,0.0,0.0,11.162258272601669
33507,0,calendar_2014_test,46.62785543506144,17.0,0.5,0.0,0.0,29.62785543506144
33508,0,calendar_2014_test,18.62621327634666,6.0,0.5,0.0,0.0,12.626213276346661
33509,0,calendar_2014_test,11.09785342376505,4.0,0.5,0.0,0.0,7.09785342376505
33510,0,calendar_2014_test,9.47194560476765,4.0,0.5,0.0,0.0,5.471945604767649
33511,0,calendar_2014_test,9.414731126838882,15.0,0.5,0.0,0.0,5.585268873161118
33512,0,calendar_2014_test,16.013208560361885,10.0,0.5,0.0,0.0,6.0132085603618854
33513,0,calendar_2014_test,11.26509702163463,16.0,0.5,0.0,0.0,4.734902978365371
33514,0,calendar_2014_test,14.12874432880437,7.0,0.5,0.0,0.0,7.12874432880437
33515,0,calendar_2014_test,9.991358529006694,11.0,0.5,0.0,0.0,1.0086414709933056
33516,0,calendar_2014_test,12.063261715432002,12.0,0.5,0.0,0.0,0.06326171543200232
33517,0,calendar_2014_test,12.460534519396665,7.0,0.5,0.0,0.0,5.460534519396665
33518,0,calendar_2014_test,9.545980797837373,10.0,0.5,0.0,0.0,0.4540192021626268
33519,0,calendar_2014_test,13.69774154508283,11.0,0.5,0.0,0.0,2.6977415450828293
33520,0,calendar_2014_test,14.65915175024181,13.0,0.5,0.0,0.0,1.6591517502418096
33521,0,calendar_2014_test,16.111894747257256,13.0,0.5,0.0,0.0,3.1118947472572565
33522,0,calendar_2014_test,16.251658027370638,11.0,0.5,0.0,0.0,5.251658027370638
33523,0,calendar_2014_test,14.82806962078877,18.0,0.5,0.0,0.0,3.1719303792112292
33524,0,calendar_2014_test,19.041444548151322,27.0,0.5,0.0,0.0,7.958555451848678
33525,0,calendar_2014_test,27.183416573626506,32.0,0.5,0.0,0.0,4.816583426373494
33526,0,calendar_2014_test,30.748538165394685,25.0,0.5,0.0,0.0,5.7485381653946845
33527,0,calendar_2014_test,23.979264696377186,28.0,0.5,0.0,0.0,4.020735303622814
33528,0,calendar_2014_test,25.491103464210365,22.0,0.5,0.0,0.0,3.491103464210365
33529,0,calendar_2014_test,20.971222013928728,35.0,0.5,0.0,0.0,14.028777986071272
33530,0,calendar_2014_test,32.53286030490947,32.0,0.5,0.0,0.0,0.5328603049094696
33531,0,calendar_2014_test,27.76387426898884,28.0,0.5,0.0,0.0,0.2361257310111604
33532,0,calendar_2014_test,25.231015268271953,22.0,0.5,0.0,0.0,3.2310152682719533
33533,0,calendar_2014_test,20.492986149473765,17.0,0.5,0.0,0.0,3.492986149473765
33534,0,calendar_2014_test,16.404954954106188,26.0,0.5,0.0,0.0,9.595045045893812
33535,0,calendar_2014_test,21.260502752198832,24.0,0.5,0.0,0.0,2.739497247801168
33536,0,calendar_2014_test,21.22672162126563,17.0,0.5,0.0,0.0,4.226721621265629
33537,0,calendar_2014_test,16.2268202561321,16.0,0.5,0.0,0.0,0.22682025613210044
33538,0,calendar_2014_test,15.193899649891538,13.0,0.5,0.0,0.0,2.193899649891538
33539,0,calendar_2014_test,13.598615828977186,14.0,0.5,0.0,0.0,0.4013841710228139
33540,0,calendar_2014_test,13.366939627135567,9.0,0.5,0.0,0.0,4.366939627135567
33541,0,calendar_2014_test,10.77194079724441,15.0,0.5,0.0,0.0,4.22805920275559
33542,0,calendar_2014_test,14.540196725073226,15.0,0.5,0.0,0.0,0.45980327492677375
33543,0,calendar_2014_test,14.695239068275509,15.0,0.5,0.0,0.0,0.30476093172449126
33544,0,calendar_2014_test,17.493401481309956,6.0,0.5,0.0,0.0,11.493401481309956
33545,0,calendar_2014_test,12.611197173671966,15.0,0.5,0.0,0.0,2.3888028263280336
33546,0,calendar_2014_test,17.292354174186976,15.0,0.5,0.0,0.0,2.2923541741869755
33547,0,calendar_2014_test,15.226296571409375,26.0,0.5,0.0,0.0,10.773703428590625
33548,0,calendar_2014_test,25.67617640248306,21.0,0.5,0.0,0.0,4.676176402483058
33549,0,calendar_2014_test,21.124218461987645,25.0,0.5,0.0,0.0,3.8757815380123546
33550,0,calendar_2014_test,26.085065406775737,28.0,0.5,0.0,0.0,1.9149345932242632
33551,0,calendar_2014_test,27.208530178840434,30.0,0.5,0.0,0.0,2.7914698211595663
33552,0,calendar_2014_test,30.030570705987394,54.0,0.5,0.0,0.0,23.969429294012606
33553,0,calendar_2014_test,51.965195836717335,43.0,0.5,0.0,0.0,8.965195836717335
33554,0,calendar_2014_test,42.24859176620161,32.0,0.5,0.0,0.0,10.248591766201613
33555,0,calendar_2014_test,32.92336277852138,37.0,0.5,0.0,0.0,4.07663722147862
33556,0,calendar_2014_test,38.80654523636756,30.0,0.5,0.0,0.0,8.806545236367562
33557,0,calendar_2014_test,29.431954741437735,26.0,0.5,0.0,0.0,3.4319547414377354
33558,0,calendar_2014_test,24.56700316729526,50.0,0.5,0.0,0.0,25.43299683270474
33559,0,calendar_2014_test,47.866146987270895,77.0,0.5,0.0,0.0,29.133853012729105
33560,0,calendar_2014_test,74.19864401512525,45.0,0.5,0.0,0.0,29.198644015125254
33561,0,calendar_2014_test,41.72994189200031,36.0,0.5,0.0,0.0,5.729941892000312
33562,0,calendar_2014_test,32.976286603995376,48.0,0.5,0.0,0.0,15.023713396004624
33563,0,calendar_2014_test,46.8381738969112,60.0,0.5,0.0,0.0,13.1618261030888
33564,0,calendar_2014_test,57.43365395475318,48.0,0.5,0.0,0.0,9.433653954753183
33565,0,calendar_2014_test,45.55543166830372,59.0,0.5,0.0,0.0,13.444568331696281
33566,0,calendar_2014_test,57.54242222312877,61.0,0.5,0.0,0.0,3.457577776871233
33567,0,calendar_2014_test,55.03402140706847,59.0,0.5,0.0,0.0,3.9659785929315277
33568,0,calendar_2014_test,56.34392220805475,31.0,0.5,0.0,0.0,25.34392220805475
33569,0,calendar_2014_test,33.06099105118446,39.0,0.5,0.0,0.0,5.939008948815541
33570,0,calendar_2014_test,40.56924131361074,33.0,0.5,0.0,0.0,7.569241313610739
33571,0,calendar_2014_test,36.64928684257748,62.0,0.5,0.0,0.0,25.35071315742252
33572,0,calendar_2014_test,59.07922220462085,59.0,0.5,0.0,0.0,0.07922220462084795
33573,0,calendar_2014_test,58.2236983950437,66.0,0.5,0.0,0.0,7.776301604956302
33574,0,calendar_2014_test,64.27726130015596,69.0,0.5,0.0,0.0,4.722738699844044
33575,0,calendar_2014_test,66.78144835347754,70.0,0.5,0.0,0.0,3.2185516465224566
33576,0,calendar_2014_test,66.0077639577534,67.0,0.5,0.0,0.0,0.9922360422466028
33577,0,calendar_2014_test,65.25237816264215,59.0,0.5,0.0,0.0,6.252378162642145
33578,0,calendar_2014_test,58.47718941120123,68.0,0.5,0.0,0.0,9.52281058879877
33579,0,calendar_2014_test,67.10742413610977,84.0,0.5,0.0,0.0,16.89257586389023
33580,0,calendar_2014_test,79.03234432352298,104.0,0.5,0.0,0.0,24.967655676477023
33581,0,calendar_2014_test,94.6101231198944,94.0,0.5,0.0,0.0,0.6101231198943964
33582,0,calendar_2014_test,84.61130782597039,80.0,0.5,0.0,0.0,4.6113078259703855
33583,0,calendar_2014_test,71.51425168771598,65.0,0.5,0.0,0.0,6.5142516877159835
33584,0,calendar_2014_test,64.0333368621362,61.0,0.5,0.0,0.0,3.0333368621361956
33585,0,calendar_2014_test,58.75786581406413,64.0,0.5,0.0,0.0,5.242134185935868
33586,0,calendar_2014_test,62.830730465456426,71.0,0.5,0.0,0.0,8.169269534543574
33587,0,calendar_2014_test,66.6294311436872,93.0,0.5,0.0,0.0,26.3705688563128
33588,0,calendar_2014_test,87.69545700559642,104.0,0.5,0.0,0.0,16.304542994403576
33589,0,calendar_2014_test,94.19187966659713,95.0,0.5,0.0,0.0,0.8081203334028686
33590,0,calendar_2014_test,85.4652799461162,74.0,0.5,0.0,0.0,11.465279946116198
33591,0,calendar_2014_test,61.80000061006125,72.0,0.5,0.0,0.0,10.199999389938753
33592,0,calendar_2014_test,65.02236660998527,51.0,0.5,0.0,0.0,14.02236660998527
33593,0,calendar_2014_test,43.65973542024807,54.0,0.5,0.0,0.0,10.340264579751931
33594,0,calendar_2014_test,50.58771391087691,40.0,0.5,0.0,0.0,10.587713910876907
33595,0,calendar_2014_test,40.49455753124724,45.0,0.5,0.0,0.0,4.505442468752761
33596,0,calendar_2014_test,47.27518964515949,51.0,0.5,0.0,0.0,3.724810354840507
33597,0,calendar_2014_test,48.807606427743174,59.0,0.5,0.0,0.0,10.192393572256826
33598,0,calendar_2014_test,58.45342014030878,57.0,0.5,0.0,0.0,1.4534201403087792
33599,0,calendar_2014_test,53.27569062881385,59.0,0.5,0.0,0.0,5.724309371186152
33600,0,calendar_2014_test,57.15193045375038,58.0,0.5,0.0,0.0,0.8480695462496186
33601,0,calendar_2014_test,53.83733442832292,59.0,0.5,0.0,0.0,5.162665571677081
33602,0,calendar_2014_test,56.894639006056785,63.0,0.5,0.0,0.0,6.105360993943215
33603,0,calendar_2014_test,61.947903996699935,76.0,0.5,0.0,0.0,14.052096003300065
33604,0,calendar_2014_test,75.79707862706803,86.0,0.5,0.0,0.0,10.202921372931968
33605,0,calendar_2014_test,83.66428280344425,100.0,0.5,0.0,0.0,16.33571719655575
33606,0,calendar_2014_test,95.61875625041677,108.0,0.5,0.0,0.0,12.381243749583234
33607,0,calendar_2014_test,99.57170498566187,108.0,0.5,0.0,0.0,8.428295014338133
33608,0,calendar_2014_test,97.42500481164743,101.0,0.5,0.0,0.0,3.574995188352574
33609,0,calendar_2014_test,91.75706293495834,105.0,0.5,0.0,0.0,13.242937065041659
33610,0,calendar_2014_test,95.07643877535699,105.0,0.5,0.0,0.0,9.92356122464301
33611,0,calendar_2014_test,94.01111899623942,102.0,0.5,0.0,0.0,7.988881003760582
33612,0,calendar_2014_test,91.82563051407843,116.0,0.5,0.0,0.0,24.174369485921574
33613,0,calendar_2014_test,106.48082422063544,124.0,0.5,0.0,0.0,17.51917577936456
33614,0,calendar_2014_test,114.6762610416742,122.0,0.5,0.0,0.0,7.323738958325805
33615,0,calendar_2014_test,111.20530921296238,122.0,0.5,0.0,0.0,10.794690787037624
33616,0,calendar_2014_test,112.89507264212313,121.0,0.5,0.0,0.0,8.104927357876875
33617,0,calendar_2014_test,111.48702771828248,141.0,0.5,0.0,0.0,29.512972281717524
33618,0,calendar_2014_test,134.60514031826926,163.0,0.5,0.0,0.0,28.394859681730736
33619,0,calendar_2014_test,150.19080258099953,168.0,0.5,0.0,0.0,17.80919741900047
33620,0,calendar_2014_test,155.2683416757994,149.0,0.5,0.0,0.0,6.268341675799405
33621,0,calendar_2014_test,127.44816690548109,66.0,0.5,0.0,0.0,61.44816690548109
33622,0,calendar_2014_test,53.141132523012146,48.0,0.5,0.0,0.0,5.141132523012146
33623,0,calendar_2014_test,43.23662007084576,27.0,0.5,0.0,0.0,16.23662007084576
33624,0,calendar_2014_test,28.107704256893797,30.0,0.5,0.0,0.0,1.892295743106203
33625,0,calendar_2014_test,29.88693441541667,34.0,0.5,0.0,0.0,4.113065584583332
33626,0,calendar_2014_test,33.97205792973807,43.0,0.5,0.0,0.0,9.027942070261929
33627,0,calendar_2014_test,42.83929608002586,45.0,0.5,0.0,0.0,2.1607039199741394
33628,0,calendar_2014_test,42.02294436498696,65.0,0.5,0.0,0.0,22.977055635013038
33629,0,calendar_2014_test,68.37179697993005,59.0,0.5,0.0,0.0,9.371796979930053
33630,0,calendar_2014_test,59.636719947823416,58.0,0.5,0.0,0.0,1.6367199478234156
33631,0,calendar_2014_test,54.004648038813734,57.0,0.5,0.0,0.0,2.995351961186266
33632,0,calendar_2014_test,52.62996037853424,52.0,0.5,0.0,0.0,0.6299603785342427
33633,0,calendar_2014_test,48.62494903325725,33.0,0.5,0.0,0.0,15.624949033257252
33634,0,calendar_2014_test,34.292263419221385,50.0,0.5,0.0,0.0,15.707736580778615
33635,0,calendar_2014_test,48.12734522309157,56.0,0.5,0.0,0.0,7.872654776908433
33636,0,calendar_2014_test,54.91935028990313,64.0,0.5,0.0,0.0,9.080649710096871
33637,0,calendar_2014_test,64.28105072099656,66.0,0.5,0.0,0.0,1.7189492790034393
33638,0,calendar_2014_test,64.49032051890059,72.0,0.5,0.0,0.0,7.509679481099411
33639,0,calendar_2014_test,70.43202319359322,78.0,0.5,0.0,0.0,7.567976806406776
33640,0,calendar_2014_test,75.14520808873122,78.0,0.5,0.0,0.0,2.8547919112687765
33641,0,calendar_2014_test,73.03815609408245,84.0,0.5,0.0,0.0,10.961843905917547
33642,0,calendar_2014_test,79.7666214240998,98.0,0.5,0.0,0.0,18.233378575900204
33643,0,calendar_2014_test,91.684387192611,110.0,0.5,0.0,0.0,18.315612807389
33644,0,calendar_2014_test,108.78111470623743,114.0,0.5,0.0,0.0,5.218885293762568
33645,0,calendar_2014_test,107.89584395185852,101.0,0.5,0.0,0.0,6.895843951858524
33646,0,calendar_2014_test,91.19511950243724,111.0,0.5,0.0,0.0,19.804880497562763
33647,0,calendar_2014_test,109.40836016168828,110.0,0.5,0.0,0.0,0.5916398383117212
33648,0,calendar_2014_test,101.66885232234556,134.0,0.5,0.0,0.0,32.33114767765444
33649,0,calendar_2014_test,122.07860373611904,169.0,0.5,0.0,0.0,46.921396263880965
33650,0,calendar_2014_test,158.42576766908795,190.0,0.5,0.0,0.0,31.574232330912054
33651,0,calendar_2014_test,176.16326432722462,214.0,0.5,0.0,0.0,37.836735672775376
33652,0,calendar_2014_test,195.10745848523226,239.0,0.5,0.0,0.0,43.89254151476774
33653,0,calendar_2014_test,215.27151738731754,250.0,0.5,0.0,0.0,34.728482612682456
33654,0,calendar_2014_test,217.5476018727471,259.0,0.5,0.0,0.0,41.452398127252906
33655,0,calendar_2014_test,218.77261241409767,263.0,0.5,0.0,0.0,44.227387585902335
33656,0,calendar_2014_test,216.06493287627742,280.0,0.5,0.0,0.0,63.935067123722575
33657,0,calendar_2014_test,217.3345577332978,277.0,0.5,0.0,0.0,59.6654422667022
33658,0,calendar_2014_test,212.4214145558134,274.0,0.5,0.0,0.0,61.57858544418659
33659,0,calendar_2014_test,244.16867424750401,256.0,0.5,0.0,0.0,11.831325752495985
33660,0,calendar_2014_test,225.09171171069576,232.0,0.5,0.0,0.0,6.908288289304238
33661,0,calendar_2014_test,206.71458656394935,212.0,0.5,0.0,0.0,5.285413436050646
33662,0,calendar_2014_test,184.46834802913824,177.0,0.5,0.0,0.0,7.468348029138241
33663,0,calendar_2014_test,156.26014245075584,175.0,0.5,0.0,0.0,18.739857549244164
33664,0,calendar_2014_test,158.6496481658273,167.0,0.5,0.0,0.0,8.350351834172699
33665,0,calendar_2014_test,150.4376470269165,161.0,0.5,0.0,0.0,10.562352973083506
33666,0,calendar_2014_test,147.98039029714835,150.0,0.5,0.0,0.0,2.0196097028516533
33667,0,calendar_2014_test,133.70651474396354,153.0,0.5,0.0,0.0,19.293485256036462
33668,0,calendar_2014_test,144.86888821398657,206.0,0.5,0.0,0.0,61.131111786013435
33669,0,calendar_2014_test,204.47521631156846,237.0,0.5,0.0,0.0,32.52478368843154
33670,0,calendar_2014_test,226.36839638412684,250.0,0.5,0.0,0.0,23.63160361587316
33671,0,calendar_2014_test,226.98569204146784,295.0,0.5,0.0,0.0,68.01430795853216
33672,0,calendar_2014_test,287.9015611398132,291.0,0.5,0.0,0.0,3.098438860186775
33673,0,calendar_2014_test,261.6720342118049,299.0,0.5,0.0,0.0,37.327965788195115
33674,0,calendar_2014_test,274.29433459007424,303.0,0.5,0.0,0.0,28.705665409925757
33675,0,calendar_2014_test,267.32382041932476,293.0,0.5,0.0,0.0,25.67617958067524
33676,0,calendar_2014_test,248.82141997496163,281.0,0.5,0.0,0.0,32.17858002503837
33677,0,calendar_2014_test,228.44812719227332,259.0,0.5,0.0,0.0,30.55187280772668
33678,0,calendar_2014_test,206.5630386149337,226.0,0.5,0.0,0.0,19.436961385066297
33679,0,calendar_2014_test,200.2309245777315,201.0,0.5,0.0,0.0,0.7690754222684859
33680,0,calendar_2014_test,165.65051236178056,185.0,0.5,0.0,0.0,19.349487638219443
33681,0,calendar_2014_test,165.3724347789574,153.0,0.5,0.0,0.0,12.372434778957398
33682,0,calendar_2014_test,126.82942862275846,145.0,0.5,0.0,0.0,18.170571377241544
33683,0,calendar_2014_test,131.22160703781017,152.0,0.5,0.0,0.0,20.778392962189827
33684,0,calendar_2014_test,137.19485023209592,137.0,0.5,0.0,0.0,0.19485023209591645
33685,0,calendar_2014_test,118.403507056378,137.0,0.5,0.0,0.0,18.596492943621996
33686,0,calendar_2014_test,128.30197065450017,139.0,0.5,0.0,0.0,10.698029345499833
33687,0,calendar_2014_test,129.08105008098875,178.0,0.5,0.0,0.0,48.918949919011254
33688,0,calendar_2014_test,171.24796139123637,200.0,0.5,0.0,0.0,28.752038608763627
33689,0,calendar_2014_test,187.5957849494366,213.0,0.5,0.0,0.0,25.40421505056341
33690,0,calendar_2014_test,203.5626305059986,148.0,0.5,0.0,0.0,55.56263050599861
33691,0,calendar_2014_test,115.98339831356242,194.0,0.5,0.0,0.0,78.01660168643758
33692,0,calendar_2014_test,188.96665983436344,172.0,0.5,0.0,0.0,16.96665983436344
33693,0,calendar_2014_test,160.78659854425393,151.0,0.5,0.0,0.0,9.786598544253934
33694,0,calendar_2014_test,126.86827035862864,156.0,0.5,0.0,0.0,29.131729641371365
33695,0,calendar_2014_test,147.74987015476043,168.0,0.5,0.0,0.0,20.25012984523957
33696,0,calendar_2014_test,158.2499799416304,172.0,0.5,0.0,0.0,13.750020058369614
33697,0,calendar_2014_test,162.63907838405711,174.0,0.5,0.0,0.0,11.360921615942885
33698,0,calendar_2014_test,162.28498287079015,169.0,0.5,0.0,0.0,6.715017129209855
33699,0,calendar_2014_test,157.64174480480523,158.0,0.5,0.0,0.0,0.3582551951947721
33700,0,calendar_2014_test,149.33913285834905,152.0,0.5,0.0,0.0,2.6608671416509537
33701,0,calendar_2014_test,133.3606245196876,149.0,0.5,0.0,0.0,15.639375480312395
33702,0,calendar_2014_test,136.99414044509217,148.0,0.5,0.0,0.0,11.005859554907829
33703,0,calendar_2014_test,137.16971959680527,125.0,0.5,0.0,0.0,12.169719596805265
33704,0,calendar_2014_test,111.54006182069708,112.0,0.5,0.0,0.0,0.4599381793029238
33705,0,calendar_2014_test,100.28697009303154,105.0,0.5,0.0,0.0,4.713029906968458
33706,0,calendar_2014_test,95.03625153200426,114.0,0.5,0.0,0.0,18.963748467995742
33707,0,calendar_2014_test,108.17536904958021,96.0,0.5,0.0,0.0,12.175369049580212
33708,0,calendar_2014_test,84.2415880481522,80.0,0.5,0.0,0.0,4.241588048152195
33709,0,calendar_2014_test,71.17153363220577,71.0,0.5,0.0,0.0,0.17153363220576523
33710,0,calendar_2014_test,67.21940941612611,67.0,0.5,0.0,0.0,0.21940941612611198
33711,0,calendar_2014_test,64.6006572645481,74.0,0.5,0.0,0.0,9.399342735451896
33712,0,calendar_2014_test,71.79695607034033,70.0,0.5,0.0,0.0,1.796956070340329
33713,0,calendar_2014_test,64.3036650065068,77.0,0.5,0.0,0.0,12.696334993493195
33714,0,calendar_2014_test,74.47778412364218,77.0,0.5,0.0,0.0,2.5222158763578193
33715,0,calendar_2014_test,73.9541633608748,91.0,0.5,0.0,0.0,17.0458366391252
33716,0,calendar_2014_test,88.40122325931637,107.0,0.5,0.0,0.0,18.598776740683633
33717,0,calendar_2014_test,100.57448163861963,157.0,0.5,0.0,0.0,56.42551836138037
33718,0,calendar_2014_test,143.93749180918655,184.0,0.5,0.0,0.0,40.062508190813446
33719,0,calendar_2014_test,165.76948435884935,182.0,0.5,0.0,0.0,16.230515641150646
33720,0,calendar_2014_test,164.0194124567116,207.0,0.5,0.0,0.0,42.98058754328841
33721,0,calendar_2014_test,193.28167212446687,233.0,0.5,0.0,0.0,39.718327875533134
33722,0,calendar_2014_test,205.2705054736409,212.0,0.5,0.0,0.0,6.729494526359105
33723,0,calendar_2014_test,189.24259789102743,209.0,0.5,0.0,0.0,19.75740210897257
33724,0,calendar_2014_test,187.92084416140074,237.0,0.5,0.0,0.0,49.07915583859926
33725,0,calendar_2014_test,202.86471225067447,252.0,0.5,0.0,0.0,49.13528774932553
33726,0,calendar_2014_test,215.19202421876324,233.0,0.5,0.0,0.0,17.807975781236763
33727,0,calendar_2014_test,185.0745152610421,240.0,0.5,0.0,0.0,54.92548473895789
33728,0,calendar_2014_test,197.73192315835695,218.0,0.5,0.0,0.0,20.26807684164305
33729,0,calendar_2014_test,175.82953371181037,217.0,0.5,0.0,0.0,41.17046628818963
33730,0,calendar_2014_test,186.06347868268475,196.0,0.5,0.0,0.0,9.936521317315254
33731,0,calendar_2014_test,162.35529896075394,180.0,0.5,0.0,0.0,17.64470103924606
33732,0,calendar_2014_test,153.72091384607342,157.0,0.5,0.0,0.0,3.2790861539265848
33733,0,calendar_2014_test,142.0807566584252,153.0,0.5,0.0,0.0,10.919243341574798
33734,0,calendar_2014_test,130.48490410583787,153.0,0.5,0.0,0.0,22.51509589416213
33735,0,calendar_2014_test,130.56515721568175,150.0,0.5,0.0,0.0,19.43484278431825
33736,0,calendar_2014_test,133.05982683300002,158.0,0.5,0.0,0.0,24.940173166999983
33737,0,calendar_2014_test,150.11691895250874,168.0,0.5,0.0,0.0,17.88308104749126
33738,0,calendar_2014_test,161.01082153639345,167.0,0.5,0.0,0.0,5.9891784636065495
33739,0,calendar_2014_test,155.85911864644322,184.0,0.5,0.0,0.0,28.14088135355678
33740,0,calendar_2014_test,175.05408600965345,194.0,0.5,0.0,0.0,18.945913990346554
33741,0,calendar_2014_test,178.4648146405247,181.0,0.5,0.0,0.0,2.5351853594752924
33742,0,calendar_2014_test,162.3225984870283,153.0,0.5,0.0,0.0,9.322598487028301
33743,0,calendar_2014_test,128.3512217882145,139.0,0.5,0.0,0.0,10.648778211785498
33744,0,calendar_2014_test,121.36856887208532,133.0,0.5,0.0,0.0,11.63143112791468
33745,0,calendar_2014_test,118.98904880313877,130.0,0.5,0.0,0.0,11.010951196861228
33746,0,calendar_2014_test,116.01730839884084,116.0,0.5,0.0,0.0,0.017308398840839345
33747,0,calendar_2014_test,102.46078765488897,114.0,0.5,0.0,0.0,11.539212345111025
33748,0,calendar_2014_test,105.25033410223335,99.0,0.5,0.0,0.0,6.250334102233353
33749,0,calendar_2014_test,91.16409877144636,94.0,0.5,0.0,0.0,2.835901228553638
33750,0,calendar_2014_test,88.6564740737343,84.0,0.5,0.0,0.0,4.6564740737343016
33751,0,calendar_2014_test,75.93330613684259,80.0,0.5,0.0,0.0,4.066693863157411
33752,0,calendar_2014_test,76.61459145719306,80.0,0.5,0.0,0.0,3.3854085428069425
33753,0,calendar_2014_test,75.67552388186553,88.0,0.5,0.0,0.0,12.32447611813447
33754,0,calendar_2014_test,83.0314460317349,103.0,0.5,0.0,0.0,19.9685539682651
33755,0,calendar_2014_test,97.86762563345954,132.0,0.5,0.0,0.0,34.13237436654046
33756,0,calendar_2014_test,119.1020264565093,151.0,0.5,0.0,0.0,31.897973543490707
33757,0,calendar_2014_test,136.46906077334535,165.0,0.5,0.0,0.0,28.530939226654652
33758,0,calendar_2014_test,151.89465147265483,182.0,0.5,0.0,0.0,30.10534852734517
33759,0,calendar_2014_test,163.95277668839822,191.0,0.5,0.0,0.0,27.047223311601783
33760,0,calendar_2014_test,174.2280580954364,193.0,0.5,0.0,0.0,18.77194190456359
33761,0,calendar_2014_test,176.90676568445585,192.0,0.5,0.0,0.0,15.093234315544152
33762,0,calendar_2014_test,180.488260480975,189.0,0.5,0.0,0.0,8.511739519025014
33763,0,calendar_2014_test,174.51258951258882,188.0,0.5,0.0,0.0,13.487410487411182
33764,0,calendar_2014_test,172.74518777987603,223.0,0.5,0.0,0.0,50.254812220123966
33765,0,calendar_2014_test,208.03518526270182,239.0,0.5,0.0,0.0,30.964814737298184
33766,0,calendar_2014_test,210.25819997517948,235.0,0.5,0.0,0.0,24.74180002482052
33767,0,calendar_2014_test,209.21260512515738,196.0,0.5,0.0,0.0,13.212605125157381
33768,0,calendar_2014_test,168.81348046801736,180.0,0.5,0.0,0.0,11.18651953198264
33769,0,calendar_2014_test,162.95276248920575,192.0,0.5,0.0,0.0,29.047237510794247
33770,0,calendar_2014_test,175.50314283000287,187.0,0.5,0.0,0.0,11.496857169997128
33771,0,calendar_2014_test,168.52271566628573,164.0,0.5,0.0,0.0,4.522715666285734
33772,0,calendar_2014_test,148.75044054150987,156.0,0.5,0.0,0.0,7.2495594584901255
33773,0,calendar_2014_test,147.63272700903804,163.0,0.5,0.0,0.0,15.367272990961965
33774,0,calendar_2014_test,148.4337261684576,144.0,0.5,0.0,0.0,4.433726168457611
33775,0,calendar_2014_test,125.31164861335232,137.0,0.5,0.0,0.0,11.688351386647682
33776,0,calendar_2014_test,122.77360943056415,131.0,0.5,0.0,0.0,8.22639056943585
33777,0,calendar_2014_test,118.44507744245898,115.0,0.5,0.0,0.0,3.445077442458981
33778,0,calendar_2014_test,98.0808182399007,68.0,0.5,0.0,0.0,30.080818239900694
33779,0,calendar_2014_test,56.19160276144559,26.0,0.5,0.0,0.0,30.191602761445587
33780,0,calendar_2014_test,24.830446983726905,16.0,0.5,0.0,0.0,8.830446983726905
33781,0,calendar_2014_test,16.824425245209888,15.0,0.5,0.0,0.0,1.8244252452098877
33782,0,calendar_2014_test,14.956200775812448,10.0,0.5,0.0,0.0,4.956200775812448
33783,0,calendar_2014_test,11.491771383937744,13.0,0.5,0.0,0.0,1.5082286160622562
33784,0,calendar_2014_test,13.62439709803711,11.0,0.5,0.0,0.0,2.624397098037109
33785,0,calendar_2014_test,18.449661909576978,8.0,0.5,0.0,0.0,10.449661909576978
33786,0,calendar_2014_test,14.520382586035844,10.0,0.5,0.0,0.0,4.5203825860358435
33787,0,calendar_2014_test,15.197509881431442,16.0,0.5,0.0,0.0,0.8024901185685582
33788,0,calendar_2014_test,15.983163406521099,49.0,0.5,0.0,0.0,33.0168365934789
33789,0,calendar_2014_test,47.31018246994501,45.0,0.5,0.0,0.0,2.310182469945012
33790,0,calendar_2014_test,43.320518036389096,42.0,0.5,0.0,0.0,1.320518036389096
33791,0,calendar_2014_test,41.6779457033013,55.0,0.5,0.0,0.0,13.322054296698703
33792,0,calendar_2014_test,52.770162471020484,53.0,0.5,0.0,0.0,0.22983752897951604
33793,0,calendar_2014_test,48.938023644930496,85.0,0.5,0.0,0.0,36.061976355069504
33794,0,calendar_2014_test,78.33655770584618,37.0,0.5,0.0,0.0,41.336557705846175
33795,0,calendar_2014_test,33.70826105292765,19.0,0.5,0.0,0.0,14.708261052927647
33796,0,calendar_2014_test,20.47314633190656,21.0,0.5,0.0,0.0,0.526853668093441
33797,0,calendar_2014_test,20.822299929542815,16.0,0.5,0.0,0.0,4.822299929542815
33798,0,calendar_2014_test,15.37968418205262,17.0,0.5,0.0,0.0,1.6203158179473807
33799,0,calendar_2014_test,14.836596579206677,17.0,0.5,0.0,0.0,2.1634034207933226
33800,0,calendar_2014_test,15.0945528766118,16.0,0.5,0.0,0.0,0.9054471233881998
33801,0,calendar_2014_test,15.079071936128617,11.0,0.5,0.0,0.0,4.079071936128617
33802,0,calendar_2014_test,12.358285042008307,11.0,0.5,0.0,0.0,1.3582850420083066
33803,0,calendar_2014_test,11.882363526440548,14.0,0.5,0.0,0.0,2.117636473559452
33804,0,calendar_2014_test,13.714602385286733,9.0,0.5,0.0,0.0,4.714602385286733
33805,0,calendar_2014_test,10.923715901262897,8.0,0.5,0.0,0.0,2.923715901262897
33806,0,calendar_2014_test,11.34421269795315,10.0,0.5,0.0,0.0,1.3442126979531501
33807,0,calendar_2014_test,13.671049731704098,14.0,0.5,0.0,0.0,0.3289502682959018
33808,0,calendar_2014_test,14.982437206133419,14.0,0.5,0.0,0.0,0.9824372061334188
33809,0,calendar_2014_test,16.251658027370638,22.0,0.5,0.0,0.0,5.748341972629362
33810,0,calendar_2014_test,23.202216536001618,32.0,0.5,0.0,0.0,8.797783463998382
33811,0,calendar_2014_test,35.80026387714684,36.0,0.5,0.0,0.0,0.19973612285316023
33812,0,calendar_2014_test,37.74595383616047,29.0,0.5,0.0,0.0,8.745953836160467
33813,0,calendar_2014_test,29.303338840359537,31.0,0.5,0.0,0.0,1.6966611596404633
33814,0,calendar_2014_test,29.735383813473383,35.0,0.5,0.0,0.0,5.264616186526617
33815,0,calendar_2014_test,34.52235895155559,34.0,0.5,0.0,0.0,0.5223589515555886
33816,0,calendar_2014_test,34.98690038199748,28.0,0.5,0.0,0.0,6.986900381997479
33817,0,calendar_2014_test,28.582343324895675,52.0,0.5,0.0,0.0,23.417656675104325
33818,0,calendar_2014_test,50.33470921960412,70.0,0.5,0.0,0.0,19.66529078039588
33819,0,calendar_2014_test,61.39331738272629,52.0,0.5,0.0,0.0,9.393317382726288
33820,0,calendar_2014_test,44.222973448190714,39.0,0.5,0.0,0.0,5.222973448190714
33821,0,calendar_2014_test,34.631896933965116,31.0,0.5,0.0,0.0,3.631896933965116
33822,0,calendar_2014_test,29.727276428908297,25.0,0.5,0.0,0.0,4.727276428908297
33823,0,calendar_2014_test,23.525925338457395,25.0,0.5,0.0,0.0,1.4740746615426055
33824,0,calendar_2014_test,22.36590907091071,28.0,0.5,0.0,0.0,5.6340909290892895
33825,0,calendar_2014_test,24.368291163259286,28.0,0.5,0.0,0.0,3.6317088367407138
33826,0,calendar_2014_test,26.220925517601295,25.0,0.5,0.0,0.0,1.2209255176012945
33827,0,calendar_2014_test,25.76548259903742,15.0,0.5,0.0,0.0,10.76548259903742
33828,0,calendar_2014_test,19.260302813213524,17.0,0.5,0.0,0.0,2.2603028132135243
33829,0,calendar_2014_test,18.21238424088128,18.0,0.5,0.0,0.0,0.21238424088128127
33830,0,calendar_2014_test,20.16745913056205,35.0,0.5,0.0,0.0,14.832540869437949
33831,0,calendar_2014_test,35.96891354295264,17.0,0.5,0.0,0.0,18.96891354295264
33832,0,calendar_2014_test,19.261134586136027,17.0,0.5,0.0,0.0,2.261134586136027
33833,0,calendar_2014_test,18.635966948562054,18.0,0.5,0.0,0.0,0.6359669485620536
33834,0,calendar_2014_test,19.73625915392028,24.0,0.5,0.0,0.0,4.26374084607972
33835,0,calendar_2014_test,24.943836877045918,28.0,0.5,0.0,0.0,3.056163122954082
33836,0,calendar_2014_test,30.345434050165117,31.0,0.5,0.0,0.0,0.6545659498348826
33837,0,calendar_2014_test,32.061296478945664,40.0,0.5,0.0,0.0,7.938703521054336
33838,0,calendar_2014_test,40.932938596242,42.0,0.5,0.0,0.0,1.0670614037579966
33839,0,calendar_2014_test,41.584986730258095,48.0,0.5,0.0,0.0,6.415013269741905
33840,0,calendar_2014_test,48.1195965233815,52.0,0.5,0.0,0.0,3.880403476618497
33841,0,calendar_2014_test,50.145346502516276,53.0,0.5,0.0,0.0,2.8546534974837243
33842,0,calendar_2014_test,49.55383258793489,58.0,0.5,0.0,0.0,8.446167412065108
33843,0,calendar_2014_test,56.87716490137776,58.0,0.5,0.0,0.0,1.1228350986222395
33844,0,calendar_2014_test,52.92182692909209,64.0,0.5,0.0,0.0,11.078173070907908
33845,0,calendar_2014_test,59.305539131442316,61.0,0.5,0.0,0.0,1.6944608685576839
33846,0,calendar_2014_test,53.87671155231004,41.0,0.5,0.0,0.0,12.876711552310041
33847,0,calendar_2014_test,38.12396154270497,35.0,0.5,0.0,0.0,3.1239615427049685
33848,0,calendar_2014_test,33.092258755050615,18.0,0.5,0.0,0.0,15.092258755050615
33849,0,calendar_2014_test,19.409120285224315,11.0,0.5,0.0,0.0,8.409120285224315
33850,0,calendar_2014_test,14.424517138465317,13.0,0.5,0.0,0.0,1.4245171384653172
33851,0,calendar_2014_test,13.469175965900353,12.0,0.5,0.0,0.0,1.4691759659003534
33852,0,calendar_2014_test,15.29961635468754,9.0,0.5,0.0,0.0,6.29961635468754
33853,0,calendar_2014_test,10.783952621149512,9.0,0.5,0.0,0.0,1.7839526211495116
33854,0,calendar_2014_test,10.652291839361757,16.0,0.5,0.0,0.0,5.347708160638243
33855,0,calendar_2014_test,14.438345357340229,13.0,0.5,0.0,0.0,1.4383453573402285
33856,0,calendar_2014_test,15.218071113705017,16.0,0.5,0.0,0.0,0.7819288862949829
33857,0,calendar_2014_test,17.3246361092249,9.0,0.5,0.0,0.0,8.324636109224901
33858,0,calendar_2014_test,13.822807676735618,18.0,0.5,0.0,0.0,4.177192323264382
33859,0,calendar_2014_test,18.0791682473065,28.0,0.5,0.0,0.0,9.920831752693498
33860,0,calendar_2014_test,30.071123542286326,32.0,0.5,0.0,0.0,1.9288764577136739
33861,0,calendar_2014_test,31.270971406075326,33.0,0.5,0.0,0.0,1.7290285939246743
33862,0,calendar_2014_test,33.08077384301425,35.0,0.5,0.0,0.0,1.9192261569857507
33863,0,calendar_2014_test,33.103194607019766,46.0,0.5,0.0,0.0,12.896805392980234
33864,0,calendar_2014_test,45.18795842124502,19.0,0.5,0.0,0.0,26.18795842124502
33865,0,calendar_2014_test,20.909130295742255,21.0,0.5,0.0,0.0,0.0908697042577451
33866,0,calendar_2014_test,21.22207289538854,9.0,0.5,0.0,0.0,12.22207289538854
33867,0,calendar_2014_test,12.251713937830466,12.0,0.5,0.0,0.0,0.25171393783046625
33868,0,calendar_2014_test,12.472981015914296,9.0,0.5,0.0,0.0,3.4729810159142964
33869,0,calendar_2014_test,10.763838298918781,10.0,0.5,0.0,0.0,0.7638382989187811
33870,0,calendar_2014_test,11.032382747411646,12.0,0.5,0.0,0.0,0.9676172525883544
33871,0,calendar_2014_test,12.460534519396665,10.0,0.5,0.0,0.0,2.4605345193966652
33872,0,calendar_2014_test,11.032382747411646,10.0,0.5,0.0,0.0,1.0323827474116456
33873,0,calendar_2014_test,11.032382747411646,9.0,0.5,0.0,0.0,2.0323827474116456
33874,0,calendar_2014_test,10.763838298918781,7.0,0.5,0.0,0.0,3.763838298918781
33875,0,calendar_2014_test,9.526277586395903,6.0,0.5,0.0,0.0,3.526277586395903
33876,0,calendar_2014_test,23.504397458451056,21.0,0.5,0.0,0.0,2.5043974584510558
33877,0,calendar_2014_test,24.02629216182859,20.0,0.5,0.0,0.0,4.026292161828589
33878,0,calendar_2014_test,21.104162770954776,26.0,0.5,0.0,0.0,4.895837229045224
33879,0,calendar_2014_test,26.220493164406214,35.0,0.5,0.0,0.0,8.779506835593786
33880,0,calendar_2014_test,34.99806553453047,58.0,0.5,0.0,0.0,23.00193446546953
33881,0,calendar_2014_test,55.86219629618157,45.0,0.5,0.0,0.0,10.862196296181573
33882,0,calendar_2014_test,42.40543844015502,50.0,0.5,0.0,0.0,7.594561559844983
33883,0,calendar_2014_test,50.12387889796891,58.0,0.5,0.0,0.0,7.876121102031092
33884,0,calendar_2014_test,53.0229577530331,44.0,0.5,0.0,0.0,9.022957753033097
33885,0,calendar_2014_test,41.76680587528528,46.0,0.5,0.0,0.0,4.233194124714721
33886,0,calendar_2014_test,42.77268516125758,31.0,0.5,0.0,0.0,11.772685161257577
33887,0,calendar_2014_test,29.828376820238997,23.0,0.5,0.0,0.0,6.828376820238997
33888,0,calendar_2014_test,22.48951534006801,21.0,0.5,0.0,0.0,1.4895153400680101
33889,0,calendar_2014_test,20.839918103954638,24.0,0.5,0.0,0.0,3.1600818960453623
33890,0,calendar_2014_test,22.591287919657276,19.0,0.5,0.0,0.0,3.591287919657276
33891,0,calendar_2014_test,18.65647743071094,22.0,0.5,0.0,0.0,3.3435225692890604
33892,0,calendar_2014_test,21.056057931240627,18.0,0.5,0.0,0.0,3.056057931240627
33893,0,calendar_2014_test,18.546082100428542,19.0,0.5,0.0,0.0,0.4539178995714579
33894,0,calendar_2014_test,17.777719535420413,21.0,0.5,0.0,0.0,3.222280464579587
33895,0,calendar_2014_test,23.807481433544417,22.0,0.5,0.0,0.0,1.8074814335444174
33896,0,calendar_2014_test,23.81475673379712,29.0,0.5,0.0,0.0,5.185243266202878
33897,0,calendar_2014_test,29.746569994515635,36.0,0.5,0.0,0.0,6.253430005484365
33898,0,calendar_2014_test,36.68309181958741,39.0,0.5,0.0,0.0,2.3169081804125895
33899,0,calendar_2014_test,39.71668275746478,36.0,0.5,0.0,0.0,3.716682757464781
33900,0,calendar_2014_test,37.13298137966262,42.0,0.5,0.0,0.0,4.867018620337383
33901,0,calendar_2014_test,43.4776689095048,38.0,0.5,0.0,0.0,5.4776689095048
33902,0,calendar_2014_test,40.565895840608334,36.0,0.5,0.0,0.0,4.565895840608334
33903,0,calendar_2014_test,34.886159502981926,30.0,0.5,0.0,0.0,4.886159502981926
33904,0,calendar_2014_test,29.2502636643912,15.0,0.5,0.0,0.0,14.250263664391198
33905,0,calendar_2014_test,16.81586726716076,19.0,0.5,0.0,0.0,2.1841327328392417
33906,0,calendar_2014_test,20.93213234055667,30.0,0.5,0.0,0.0,9.06786765944333
33907,0,calendar_2014_test,32.217531879710755,60.0,0.5,0.0,0.0,27.782468120289245
33908,0,calendar_2014_test,56.63649316909366,40.0,0.5,0.0,0.0,16.63649316909366
33909,0,calendar_2014_test,39.01312596204229,29.0,0.5,0.0,0.0,10.013125962042288
33910,0,calendar_2014_test,30.25004153365945,35.0,0.5,0.0,0.0,4.749958466340551
33911,0,calendar_2014_test,35.503668277128035,40.0,0.5,0.0,0.0,4.496331722871965
33912,0,calendar_2014_test,41.37655392923823,42.0,0.5,0.0,0.0,0.6234460707617728
33913,0,calendar_2014_test,41.66484471811545,37.0,0.5,0.0,0.0,4.664844718115447
33914,0,calendar_2014_test,35.14992451813354,44.0,0.5,0.0,0.0,8.850075481866462
33915,0,calendar_2014_test,44.37170387180359,49.0,0.5,0.0,0.0,4.628296128196411
33916,0,calendar_2014_test,48.30894634891364,50.0,0.5,0.0,0.0,1.6910536510863565
33917,0,calendar_2014_test,46.05443248602956,52.0,0.5,0.0,0.0,5.945567513970438
33918,0,calendar_2014_test,47.119572893306255,50.0,0.5,0.0,0.0,2.8804271066937446
33919,0,calendar_2014_test,45.57516727134158,52.0,0.5,0.0,0.0,6.424832728658423
33920,0,calendar_2014_test,47.09844090472418,50.0,0.5,0.0,0.0,2.9015590952758217
33921,0,calendar_2014_test,45.574543763665346,55.0,0.5,0.0,0.0,9.425456236334654
33922,0,calendar_2014_test,52.000653074710534,57.0,0.5,0.0,0.0,4.999346925289466
33923,0,calendar_2014_test,52.932861784949765,45.0,0.5,0.0,0.0,7.932861784949765
33924,0,calendar_2014_test,44.057187229736364,51.0,0.5,0.0,0.0,6.942812770263636
33925,0,calendar_2014_test,50.45578273034187,49.0,0.5,0.0,0.0,1.4557827303418733
33926,0,calendar_2014_test,45.48959272610005,54.0,0.5,0.0,0.0,8.51040727389995
33927,0,calendar_2014_test,51.27048916389897,62.0,0.5,0.0,0.0,10.729510836101028
33928,0,calendar_2014_test,57.774428192874986,73.0,0.5,0.0,0.0,15.225571807125014
33929,0,calendar_2014_test,72.43599986262421,81.0,0.5,0.0,0.0,8.564000137375785
33930,0,calendar_2014_test,77.19485514512546,93.0,0.5,0.0,0.0,15.805144854874541
33931,0,calendar_2014_test,90.64339920486748,108.0,0.5,0.0,0.0,17.356600795132522
33932,0,calendar_2014_test,100.14773357382036,112.0,0.5,0.0,0.0,11.85226642617964
33933,0,calendar_2014_test,105.33584106252728,113.0,0.5,0.0,0.0,7.66415893747272
33934,0,calendar_2014_test,107.3895681755965,85.0,0.5,0.0,0.0,22.389568175596494
33935,0,calendar_2014_test,77.5612116058382,90.0,0.5,0.0,0.0,12.438788394161804
33936,0,calendar_2014_test,85.92760308369837,85.0,0.5,0.0,0.0,0.9276030836983722
33937,0,calendar_2014_test,80.60351765877645,121.0,0.5,0.0,0.0,40.396482341223546
33938,0,calendar_2014_test,117.68582359944462,130.0,0.5,0.0,0.0,12.314176400555382
33939,0,calendar_2014_test,119.86394008173988,133.0,0.5,0.0,0.0,13.136059918260116
33940,0,calendar_2014_test,120.3235696551751,148.0,0.5,0.0,0.0,27.676430344824894
33941,0,calendar_2014_test,139.1454247960668,160.0,0.5,0.0,0.0,20.854575203933194
33942,0,calendar_2014_test,148.84862051350615,159.0,0.5,0.0,0.0,10.151379486493852
33943,0,calendar_2014_test,148.69897738544557,172.0,0.5,0.0,0.0,23.301022614554427
33944,0,calendar_2014_test,157.16694215945324,142.0,0.5,0.0,0.0,15.166942159453242
33945,0,calendar_2014_test,129.96402732909155,146.0,0.5,0.0,0.0,16.03597267090845
33946,0,calendar_2014_test,136.65296732080853,134.0,0.5,0.0,0.0,2.6529673208085285
33947,0,calendar_2014_test,118.27778901059214,111.0,0.5,0.0,0.0,7.277789010592144
33948,0,calendar_2014_test,100.29382273442766,90.0,0.5,0.0,0.0,10.293822734427664
33949,0,calendar_2014_test,78.2768148440452,60.0,0.5,0.0,0.0,18.276814844045205
33950,0,calendar_2014_test,53.667305887163195,60.0,0.5,0.0,0.0,6.332694112836805
33951,0,calendar_2014_test,58.24256997213044,70.0,0.5,0.0,0.0,11.75743002786956
33952,0,calendar_2014_test,70.26064291140274,80.0,0.5,0.0,0.0,9.73935708859726
33953,0,calendar_2014_test,75.71626305945402,74.0,0.5,0.0,0.0,1.7162630594540218
33954,0,calendar_2014_test,70.34148758868035,64.0,0.5,0.0,0.0,6.3414875886803515
33955,0,calendar_2014_test,62.63890142306246,82.0,0.5,0.0,0.0,19.361098576937543
33956,0,calendar_2014_test,84.17625906430746,111.0,0.5,0.0,0.0,26.82374093569254
33957,0,calendar_2014_test,111.9242253453546,112.0,0.5,0.0,0.0,0.07577465464540012
33958,0,calendar_2014_test,105.42979180633834,128.0,0.5,0.0,0.0,22.570208193661657
33959,0,calendar_2014_test,123.98916961435152,126.0,0.5,0.0,0.0,2.0108303856484753
33960,0,calendar_2014_test,113.12246904943494,147.0,0.5,0.0,0.0,33.87753095056506
33961,0,calendar_2014_test,138.71651944477756,135.0,0.5,0.0,0.0,3.7165194447775605
33962,0,calendar_2014_test,120.8622592923682,142.0,0.5,0.0,0.0,21.137740707631806
33963,0,calendar_2014_test,135.56798899120136,144.0,0.5,0.0,0.0,8.43201100879864
33964,0,calendar_2014_test,136.40198267894925,142.0,0.5,0.0,0.0,5.598017321050747
33965,0,calendar_2014_test,132.8360852561044,139.0,0.5,0.0,0.0,6.163914743895589
33966,0,calendar_2014_test,127.4282136626056,129.0,0.5,0.0,0.0,1.5717863373943999
33967,0,calendar_2014_test,115.15316364077641,132.0,0.5,0.0,0.0,16.846836359223587
33968,0,calendar_2014_test,119.02493716346753,130.0,0.5,0.0,0.0,10.975062836532473
33969,0,calendar_2014_test,114.54137104408383,162.0,0.5,0.0,0.0,47.45862895591617
33970,0,calendar_2014_test,146.89280429907743,162.0,0.5,0.0,0.0,15.107195700922574
33971,0,calendar_2014_test,150.4504350798225,163.0,0.5,0.0,0.0,12.549564920177488
33972,0,calendar_2014_test,151.87005363919897,152.0,0.5,0.0,0.0,0.1299463608010285
33973,0,calendar_2014_test,134.61356797839017,150.0,0.5,0.0,0.0,15.386432021609835
33974,0,calendar_2014_test,136.61945413796406,160.0,0.5,0.0,0.0,23.380545862035945
33975,0,calendar_2014_test,151.1440113959923,172.0,0.5,0.0,0.0,20.855988604007706
33976,0,calendar_2014_test,162.30160085980546,188.0,0.5,0.0,0.0,25.69839914019454
33977,0,calendar_2014_test,173.87160771515585,195.0,0.5,0.0,0.0,21.128392284844153
33978,0,calendar_2014_test,181.3486165525052,220.0,0.5,0.0,0.0,38.651383447494794
33979,0,calendar_2014_test,205.57879963831402,191.0,0.5,0.0,0.0,14.578799638314024
33980,0,calendar_2014_test,175.35025388999287,154.0,0.5,0.0,0.0,21.35025388999287
33981,0,calendar_2014_test,133.8285855701155,158.0,0.5,0.0,0.0,24.171414429884493
33982,0,calendar_2014_test,146.38927455573247,131.0,0.5,0.0,0.0,15.38927455573247
33983,0,calendar_2014_test,115.81069501615492,128.0,0.5,0.0,0.0,12.189304983845076
33984,0,calendar_2014_test,115.31860114388124,123.0,0.5,0.0,0.0,7.681398856118761
33985,0,calendar_2014_test,110.61468665088911,112.0,0.5,0.0,0.0,1.3853133491108878
33986,0,calendar_2014_test,101.9887997905588,122.0,0.5,0.0,0.0,20.0112002094412
33987,0,calendar_2014_test,118.13911712396278,113.0,0.5,0.0,0.0,5.139117123962777
33988,0,calendar_2014_test,104.50988261675158,109.0,0.5,0.0,0.0,4.490117383248418
33989,0,calendar_2014_test,97.5453829237786,120.0,0.5,0.0,0.0,22.454617076221396
33990,0,calendar_2014_test,110.39147188861291,125.0,0.5,0.0,0.0,14.608528111387088
33991,0,calendar_2014_test,115.20932264962768,127.0,0.5,0.0,0.0,11.79067735037232
33992,0,calendar_2014_test,114.86968049451414,143.0,0.5,0.0,0.0,28.130319505485858
33993,0,calendar_2014_test,130.42083953439942,109.0,0.5,0.0,0.0,21.42083953439942
33994,0,calendar_2014_test,86.53992770878179,96.0,0.5,0.0,0.0,9.46007229121821
33995,0,calendar_2014_test,83.85560940188498,80.0,0.5,0.0,0.0,3.8556094018849763
33996,0,calendar_2014_test,70.61760104757253,96.0,0.5,0.0,0.0,25.382398952427465
33997,0,calendar_2014_test,93.65688924142032,106.0,0.5,0.0,0.0,12.343110758579684
33998,0,calendar_2014_test,99.6526151484403,103.0,0.5,0.0,0.0,3.3473848515596956
33999,0,calendar_2014_test,97.78396026498119,84.0,0.5,0.0,0.0,13.78396026498119
34000,0,calendar_2014_test,75.50772517232534,80.0,0.5,0.0,0.0,4.492274827674663
34001,0,calendar_2014_test,76.39701730836121,81.0,0.5,0.0,0.0,4.602982691638786
34002,0,calendar_2014_test,77.66182142504513,87.0,0.5,0.0,0.0,9.338178574954867
34003,0,calendar_2014_test,83.01065990947001,69.0,0.5,0.0,0.0,14.010659909470007
34004,0,calendar_2014_test,61.95480259843775,73.0,0.5,0.0,0.0,11.045197401562248
34005,0,calendar_2014_test,69.72941799389488,72.0,0.5,0.0,0.0,2.2705820061051156
34006,0,calendar_2014_test,68.11313378622704,77.0,0.5,0.0,0.0,8.886866213772961
34007,0,calendar_2014_test,73.32061781769323,77.0,0.5,0.0,0.0,3.6793821823067674
34008,0,calendar_2014_test,73.49851800313726,75.0,0.5,0.0,0.0,1.5014819968627364
34009,0,calendar_2014_test,73.2805161507151,72.0,0.5,0.0,0.0,1.2805161507151013
34010,0,calendar_2014_test,67.94637370419724,68.0,0.5,0.0,0.0,0.053626295802757795
34011,0,calendar_2014_test,64.81978534407814,60.0,0.5,0.0,0.0,4.8197853440781415
34012,0,calendar_2014_test,58.294304748619574,48.0,0.5,0.0,0.0,10.294304748619574
34013,0,calendar_2014_test,46.454226254774596,52.0,0.5,0.0,0.0,5.545773745225404
34014,0,calendar_2014_test,49.20477888116391,66.0,0.5,0.0,0.0,16.79522111883609
34015,0,calendar_2014_test,64.50502759402909,57.0,0.5,0.0,0.0,7.505027594029087
34016,0,calendar_2014_test,55.02431309021632,51.0,0.5,0.0,0.0,4.024313090216317
34017,0,calendar_2014_test,47.696017755464126,45.0,0.5,0.0,0.0,2.6960177554641263
34018,0,calendar_2014_test,44.144120511015565,38.0,0.5,0.0,0.0,6.144120511015565
34019,0,calendar_2014_test,38.4136263930918,45.0,0.5,0.0,0.0,6.586373606908197
34020,0,calendar_2014_test,45.90924097910457,48.0,0.5,0.0,0.0,2.090759020895433
34021,0,calendar_2014_test,47.981623764701894,53.0,0.5,0.0,0.0,5.018376235298106
34022,0,calendar_2014_test,52.310739076748,64.0,0.5,0.0,0.0,11.689260923252
34023,0,calendar_2014_test,63.74615381220309,72.0,0.5,0.0,0.0,8.25384618779691
34024,0,calendar_2014_test,70.00652353444598,81.0,0.5,0.0,0.0,10.993476465554025
34025,0,calendar_2014_test,76.2147783568358,66.0,0.5,0.0,0.0,10.214778356835794
34026,0,calendar_2014_test,61.0331398807454,41.0,0.5,0.0,0.0,20.033139880745402
34027,0,calendar_2014_test,39.42607497608446,46.0,0.5,0.0,0.0,6.5739250239155425
34028,0,calendar_2014_test,47.77245986298603,60.0,0.5,0.0,0.0,12.227540137013968
34029,0,calendar_2014_test,59.2053108269023,57.0,0.5,0.0,0.0,2.2053108269022985
34030,0,calendar_2014_test,54.76404942641081,65.0,0.5,0.0,0.0,10.235950573589193
34031,0,calendar_2014_test,65.38724550812248,64.0,0.5,0.0,0.0,1.3872455081224757
34032,0,calendar_2014_test,63.20980312972616,62.0,0.5,0.0,0.0,1.2098031297261613
34033,0,calendar_2014_test,59.21039213753164,55.0,0.5,0.0,0.0,4.210392137531642
34034,0,calendar_2014_test,51.60003240032283,52.0,0.5,0.0,0.0,0.39996759967716855
34035,0,calendar_2014_test,48.42536059953687,55.0,0.5,0.0,0.0,6.574639400463127
34036,0,calendar_2014_test,50.710131649473745,60.0,0.5,0.0,0.0,9.289868350526255
34037,0,calendar_2014_test,58.94134481872075,52.0,0.5,0.0,0.0,6.941344818720751
34038,0,calendar_2014_test,50.34207643804821,55.0,0.5,0.0,0.0,4.65792356195179
34039,0,calendar_2014_test,51.622735787555186,67.0,0.5,0.0,0.0,15.377264212444814
34040,0,calendar_2014_test,66.33680422121093,85.0,0.5,0.0,0.0,18.663195778789074
34041,0,calendar_2014_test,80.79270311733963,87.0,0.5,0.0,0.0,6.207296882660373
34042,0,calendar_2014_test,79.49280703346612,79.0,0.5,0.0,0.0,0.4928070334661214
34043,0,calendar_2014_test,71.38149083050102,60.0,0.5,0.0,0.0,11.381490830501022
34044,0,calendar_2014_test,53.34966753386278,69.0,0.5,0.0,0.0,15.650332466137222
34045,0,calendar_2014_test,67.15094646592536,59.0,0.5,0.0,0.0,8.150946465925358
34046,0,calendar_2014_test,56.37722493482814,53.0,0.5,0.0,0.0,3.377224934828142
34047,0,calendar_2014_test,49.98910024249443,55.0,0.5,0.0,0.0,5.01089975750557
34048,0,calendar_2014_test,50.61780776813705,52.0,0.5,0.0,0.0,1.3821922318629518
34049,0,calendar_2014_test,48.28677863404387,48.0,0.5,0.0,0.0,0.28677863404386983
34050,0,calendar_2014_test,45.637308372755776,56.0,0.5,0.0,0.0,10.362691627244224
34051,0,calendar_2014_test,54.2010233180136,59.0,0.5,0.0,0.0,4.798976681986403
34052,0,calendar_2014_test,57.951261548554584,60.0,0.5,0.0,0.0,2.0487384514454163
34053,0,calendar_2014_test,57.46480325991061,55.0,0.5,0.0,0.0,2.4648032599106102
34054,0,calendar_2014_test,51.85943604519826,59.0,0.5,0.0,0.0,7.140563954801742
34055,0,calendar_2014_test,58.64034618539198,59.0,0.5,0.0,0.0,0.3596538146080235
34056,0,calendar_2014_test,52.927055988807844,53.0,0.5,0.0,0.0,0.07294401119215621
34057,0,calendar_2014_test,45.925809352239135,20.0,0.5,0.0,0.0,25.925809352239135
34058,0,calendar_2014_test,20.966717561870507,20.0,0.5,0.0,0.0,0.9667175618705066
34059,0,calendar_2014_test,19.855863984826225,20.0,0.5,0.0,0.0,0.14413601517377472
34060,0,calendar_2014_test,18.58132286288327,11.0,0.5,0.0,0.0,7.581322862883269
34061,0,calendar_2014_test,13.063767428494991,15.0,0.5,0.0,0.0,1.936232571505009
34062,0,calendar_2014_test,14.369141281707156,12.0,0.5,0.0,0.0,2.369141281707156
34063,0,calendar_2014_test,12.713363115850386,15.0,0.5,0.0,0.0,2.2866368841496136
34064,0,calendar_2014_test,14.159385696804813,14.0,0.5,0.0,0.0,0.1593856968048133
34065,0,calendar_2014_test,13.591551403032934,15.0,0.5,0.0,0.0,1.408448596967066
34066,0,calendar_2014_test,14.847733721162339,13.0,0.5,0.0,0.0,1.8477337211623386
34067,0,calendar_2014_test,14.264932631193167,11.0,0.5,0.0,0.0,3.264932631193167
34068,0,calendar_2014_test,12.550597228567336,14.0,0.5,0.0,0.0,1.4494027714326645
34069,0,calendar_2014_test,14.909542461506586,15.0,0.5,0.0,0.0,0.09045753849341409
34070,0,calendar_2014_test,14.470627292378145,17.0,0.5,0.0,0.0,2.529372707621855
34071,0,calendar_2014_test,14.996127920025781,14.0,0.5,0.0,0.0,0.9961279200257813
34072,0,calendar_2014_test,14.014508527534968,11.0,0.5,0.0,0.0,3.014508527534968
34073,0,calendar_2014_test,12.002012484323197,9.0,0.5,0.0,0.0,3.0020124843231972
34074,0,calendar_2014_test,10.632177517131026,6.0,0.5,0.0,0.0,4.632177517131026
34075,0,calendar_2014_test,9.394616804608152,6.0,0.5,0.0,0.0,3.3946168046081517
34076,0,calendar_2014_test,9.394616804608152,13.0,0.5,0.0,0.0,3.6053831953918483
34077,0,calendar_2014_test,13.769271802505486,10.0,0.5,0.0,0.0,3.769271802505486
34078,0,calendar_2014_test,11.060599567968005,16.0,0.5,0.0,0.0,4.939400432031995
34079,0,calendar_2014_test,14.178549794321082,16.0,0.5,0.0,0.0,1.821450205678918
34080,0,calendar_2014_test,14.523760752815557,14.0,0.5,0.0,0.0,0.5237607528155568
34081,0,calendar_2014_test,13.591551403032934,18.0,0.5,0.0,0.0,4.408448596967066
34082,0,calendar_2014_test,15.888071758934414,19.0,0.5,0.0,0.0,3.111928241065586
34083,0,calendar_2014_test,16.902006486562904,15.0,0.5,0.0,0.0,1.9020064865629038
34084,0,calendar_2014_test,16.6932933105129,12.0,0.5,0.0,0.0,4.6932933105128996
34085,0,calendar_2014_test,17.396356316724077,22.0,0.5,0.0,0.0,4.603643683275923
34086,0,calendar_2014_test,22.702561873166133,20.0,0.5,0.0,0.0,2.7025618731661325
34087,0,calendar_2014_test,19.66986818160717,16.0,0.5,0.0,0.0,3.669868181607171
34088,0,calendar_2014_test,15.542287937791567,20.0,0.5,0.0,0.0,4.457712062208433
34089,0,calendar_2014_test,18.463714334322763,21.0,0.5,0.0,0.0,2.5362856656772372
34090,0,calendar_2014_test,20.46489931146121,21.0,0.5,0.0,0.0,0.5351006885387903
34091,0,calendar_2014_test,24.04912949007243,42.0,0.5,0.0,0.0,17.95087050992757
34092,0,calendar_2014_test,42.50426906653814,46.0,0.5,0.0,0.0,3.495730933461857
34093,0,calendar_2014_test,47.43983425835986,43.0,0.5,0.0,0.0,4.439834258359859
34094,0,calendar_2014_test,42.38031865226162,42.0,0.5,0.0,0.0,0.38031865226162154
34095,0,calendar_2014_test,42.072591558094224,41.0,0.5,0.0,0.0,1.0725915580942242
34096,0,calendar_2014_test,41.64162821127397,46.0,0.5,0.0,0.0,4.358371788726032
34097,0,calendar_2014_test,46.81615748739577,55.0,0.5,0.0,0.0,8.18384251260423
34098,0,calendar_2014_test,52.15435088817146,52.0,0.5,0.0,0.0,0.15435088817145726
34099,0,calendar_2014_test,48.96532240804677,50.0,0.5,0.0,0.0,1.0346775919532334
34100,0,calendar_2014_test,47.3354466046185,74.0,0.5,0.0,0.0,26.664553395381503
34101,0,calendar_2014_test,66.51276294916728,73.0,0.5,0.0,0.0,6.487237050832718
34102,0,calendar_2014_test,68.24466282680021,82.0,0.5,0.0,0.0,13.755337173199791
34103,0,calendar_2014_test,79.23262739324267,74.0,0.5,0.0,0.0,5.232627393242666
34104,0,calendar_2014_test,70.10127902845629,76.0,0.5,0.0,0.0,5.89872097154371
34105,0,calendar_2014_test,72.71407867212356,82.0,0.5,0.0,0.0,9.285921327876437
34106,0,calendar_2014_test,78.74016476040752,90.0,0.5,0.0,0.0,11.259835239592476
34107,0,calendar_2014_test,82.99027808538526,103.0,0.5,0.0,0.0,20.009721914614744
34108,0,calendar_2014_test,89.76108572930603,89.0,0.5,0.0,0.0,0.761085729306032
34109,0,calendar_2014_test,75.07602412298543,67.0,0.5,0.0,0.0,8.07602412298543
34110,0,calendar_2014_test,62.39274037177138,85.0,0.5,0.0,0.0,22.60725962822862
34111,0,calendar_2014_test,83.71235366537857,62.0,0.5,0.0,0.0,21.712353665378572
34112,0,calendar_2014_test,56.07699791840349,50.0,0.5,0.0,0.0,6.076997918403492
34113,0,calendar_2014_test,48.600889162327626,69.0,0.5,0.0,0.0,20.399110837672374
34114,0,calendar_2014_test,67.24849787590341,51.0,0.5,0.0,0.0,16.24849787590341
34115,0,calendar_2014_test,44.85093351548884,24.0,0.5,0.0,0.0,20.85093351548884
34116,0,calendar_2014_test,27.5471642856519,33.0,0.5,0.0,0.0,5.452835714348101
34117,0,calendar_2014_test,37.20034288811931,35.0,0.5,0.0,0.0,2.200342888119309
34118,0,calendar_2014_test,35.19098706256321,63.0,0.5,0.0,0.0,27.80901293743679
34119,0,calendar_2014_test,67.59988993384124,104.0,0.5,0.0,0.0,36.40011006615876
34120,0,calendar_2014_test,101.23363825467192,136.0,0.5,0.0,0.0,34.76636174532808
34121,0,calendar_2014_test,120.31680250263922,146.0,0.5,0.0,0.0,25.68319749736078
34122,0,calendar_2014_test,142.7351494997823,118.0,0.5,0.0,0.0,24.735149499782295
34123,0,calendar_2014_test,99.65234228553581,127.0,0.5,0.0,0.0,27.34765771446419
34124,0,calendar_2014_test,119.8918239269118,149.0,0.5,0.0,0.0,29.108176073088202
34125,0,calendar_2014_test,134.8540391400224,160.0,0.5,0.0,0.0,25.145960859977606
34126,0,calendar_2014_test,146.22678515333033,116.0,0.5,0.0,0.0,30.226785153330326
34127,0,calendar_2014_test,86.07109847117187,91.0,0.5,0.0,0.0,4.928901528828135
34128,0,calendar_2014_test,71.01223082051631,97.0,0.5,0.0,0.0,25.987769179483692
34129,0,calendar_2014_test,84.55868238883113,61.0,0.5,0.0,0.0,23.55868238883113
34130,0,calendar_2014_test,49.857616442116225,49.0,0.5,0.0,0.0,0.8576164421162247
34131,0,calendar_2014_test,45.57581505817523,40.0,0.5,0.0,0.0,5.57581505817523
34132,0,calendar_2014_test,38.72159329832082,31.0,0.5,0.0,0.0,7.721593298320819
34133,0,calendar_2014_test,32.54067398490762,27.0,0.5,0.0,0.0,5.54067398490762
34134,0,calendar_2014_test,32.04666017181245,32.0,0.5,0.0,0.0,0.04666017181244797
34135,0,calendar_2014_test,33.35289100923929,28.0,0.5,0.0,0.0,5.352891009239293
34136,0,calendar_2014_test,32.76663840144216,31.0,0.5,0.0,0.0,1.7666384014421581
34137,0,calendar_2014_test,33.616456170643744,38.0,0.5,0.0,0.0,4.383543829356256
34138,0,calendar_2014_test,40.30445825233799,45.0,0.5,0.0,0.0,4.695541747662013
34139,0,calendar_2014_test,45.63968157768481,44.0,0.5,0.0,0.0,1.6396815776848115
34140,0,calendar_2014_test,43.6821838450725,55.0,0.5,0.0,0.0,11.317816154927499
34141,0,calendar_2014_test,52.58110181116532,61.0,0.5,0.0,0.0,8.418898188834682
34142,0,calendar_2014_test,59.78333102329482,69.0,0.5,0.0,0.0,9.21666897670518
34143,0,calendar_2014_test,68.01880404901404,69.0,0.5,0.0,0.0,0.9811959509859633
34144,0,calendar_2014_test,64.78073843992071,72.0,0.5,0.0,0.0,7.219261560079289
34145,0,calendar_2014_test,69.0995645734346,87.0,0.5,0.0,0.0,17.900435426565394
34146,0,calendar_2014_test,85.55282845286978,91.0,0.5,0.0,0.0,5.447171547130225
34147,0,calendar_2014_test,85.17486010438161,116.0,0.5,0.0,0.0,30.825139895618392
34148,0,calendar_2014_test,108.84838173974862,136.0,0.5,0.0,0.0,27.151618260251382
34149,0,calendar_2014_test,126.81194592825943,146.0,0.5,0.0,0.0,19.188054071740567
34150,0,calendar_2014_test,139.63264760272253,149.0,0.5,0.0,0.0,9.367352397277472
34151,0,calendar_2014_test,137.14035777902487,142.0,0.5,0.0,0.0,4.859642220975132
34152,0,calendar_2014_test,133.17305174662542,137.0,0.5,0.0,0.0,3.8269482533745816
34153,0,calendar_2014_test,125.0982685116237,113.0,0.5,0.0,0.0,12.0982685116237
34154,0,calendar_2014_test,97.6297098940997,119.0,0.5,0.0,0.0,21.370290105900295
34155,0,calendar_2014_test,107.12790604064689,107.0,0.5,0.0,0.0,0.12790604064689148
34156,0,calendar_2014_test,92.36593639542549,112.0,0.5,0.0,0.0,19.634063604574507
34157,0,calendar_2014_test,102.89490017612745,80.0,0.5,0.0,0.0,22.89490017612745
34158,0,calendar_2014_test,70.67670841104658,62.0,0.5,0.0,0.0,8.676708411046576
34159,0,calendar_2014_test,53.661736597396285,67.0,0.5,0.0,0.0,13.338263402603715
34160,0,calendar_2014_test,63.59181169657036,62.0,0.5,0.0,0.0,1.5918116965703604
34161,0,calendar_2014_test,55.85158913053499,76.0,0.5,0.0,0.0,20.14841086946501
34162,0,calendar_2014_test,73.15608408440212,72.0,0.5,0.0,0.0,1.1560840844021243
34163,0,calendar_2014_test,65.97443011461438,63.0,0.5,0.0,0.0,2.9744301146143783
34164,0,calendar_2014_test,60.02228537933352,57.0,0.5,0.0,0.0,3.0222853793335176
34165,0,calendar_2014_test,54.15558434998535,62.0,0.5,0.0,0.0,7.844415650014653
34166,0,calendar_2014_test,59.36208982997571,59.0,0.5,0.0,0.0,0.3620898299757087
34167,0,calendar_2014_test,57.80201541217192,57.0,0.5,0.0,0.0,0.8020154121719187
34168,0,calendar_2014_test,53.327821148960595,60.0,0.5,0.0,0.0,6.672178851039405
34169,0,calendar_2014_test,58.02421238878651,68.0,0.5,0.0,0.0,9.975787611213491
34170,0,calendar_2014_test,67.70191444789265,76.0,0.5,0.0,0.0,8.298085552107352
34171,0,calendar_2014_test,74.30692045661176,86.0,0.5,0.0,0.0,11.693079543388237
34172,0,calendar_2014_test,82.25279487858657,97.0,0.5,0.0,0.0,14.74720512141343
34173,0,calendar_2014_test,91.52191603621073,102.0,0.5,0.0,0.0,10.478083963789274
34174,0,calendar_2014_test,93.96759098080328,111.0,0.5,0.0,0.0,17.03240901919672
34175,0,calendar_2014_test,108.24564669903785,107.0,0.5,0.0,0.0,1.2456466990378487
34176,0,calendar_2014_test,95.81420607564418,106.0,0.5,0.0,0.0,10.18579392435582
34177,0,calendar_2014_test,95.09850571947409,113.0,0.5,0.0,0.0,17.90149428052591
34178,0,calendar_2014_test,104.08265534319686,105.0,0.5,0.0,0.0,0.917344656803138
34179,0,calendar_2014_test,93.52052193825445,114.0,0.5,0.0,0.0,20.479478061745553
34180,0,calendar_2014_test,103.9135359745458,133.0,0.5,0.0,0.0,29.086464025454205
34181,0,calendar_2014_test,118.25348682914736,120.0,0.5,0.0,0.0,1.7465131708526371
34182,0,calendar_2014_test,103.2900168059761,99.0,0.5,0.0,0.0,4.290016805976094
34183,0,calendar_2014_test,85.47736159379266,87.0,0.5,0.0,0.0,1.522638406207335
34184,0,calendar_2014_test,74.19505911107112,93.0,0.5,0.0,0.0,18.804940888928883
34185,0,calendar_2014_test,87.12555501777885,85.0,0.5,0.0,0.0,2.1255550177788507
34186,0,calendar_2014_test,77.64320715681144,95.0,0.5,0.0,0.0,17.356792843188558
34187,0,calendar_2014_test,90.77347070287152,98.0,0.5,0.0,0.0,7.226529297128479
34188,0,calendar_2014_test,90.2268445641871,99.0,0.5,0.0,0.0,8.773155435812896
34189,0,calendar_2014_test,94.92762144306876,88.0,0.5,0.0,0.0,6.927621443068759
34190,0,calendar_2014_test,77.7840885458888,83.0,0.5,0.0,0.0,5.215911454111193
34191,0,calendar_2014_test,77.7182780277724,84.0,0.5,0.0,0.0,6.281721972227601
34192,0,calendar_2014_test,78.92109863322861,93.0,0.5,0.0,0.0,14.07890136677139
34193,0,calendar_2014_test,89.82447660966713,95.0,0.5,0.0,0.0,5.17552339033287
34194,0,calendar_2014_test,88.91436333042307,113.0,0.5,0.0,0.0,24.085636669576928
34195,0,calendar_2014_test,109.86564504257221,121.0,0.5,0.0,0.0,11.134354957427789
34196,0,calendar_2014_test,115.56175757944747,127.0,0.5,0.0,0.0,11.438242420552527
34197,0,calendar_2014_test,116.8349626006631,134.0,0.5,0.0,0.0,17.165037399336896
34198,0,calendar_2014_test,122.42035691683053,138.0,0.5,0.0,0.0,15.579643083169472
34199,0,calendar_2014_test,126.1711332752723,141.0,0.5,0.0,0.0,14.828866724727703
34200,0,calendar_2014_test,131.78280250654552,143.0,0.5,0.0,0.0,11.217197493454478
34201,0,calendar_2014_test,134.23569395260773,125.0,0.5,0.0,0.0,9.235693952607733
34202,0,calendar_2014_test,108.58538487448975,111.0,0.5,0.0,0.0,2.4146151255102524
34203,0,calendar_2014_test,94.57434600675292,118.0,0.5,0.0,0.0,23.42565399324708
34204,0,calendar_2014_test,105.6805420633221,110.0,0.5,0.0,0.0,4.319457936677907
34205,0,calendar_2014_test,101.71221693583715,101.0,0.5,0.0,0.0,0.712216935837148
34206,0,calendar_2014_test,90.73192018540347,73.0,0.5,0.0,0.0,17.731920185403467
34207,0,calendar_2014_test,63.060971112908675,61.0,0.5,0.0,0.0,2.0609711129086747
34208,0,calendar_2014_test,54.75180669706422,67.0,0.5,0.0,0.0,12.248193302935782
34209,0,calendar_2014_test,64.45234193550016,80.0,0.5,0.0,0.0,15.547658064499842
34210,0,calendar_2014_test,74.01541091012346,81.0,0.5,0.0,0.0,6.984589089876536
34211,0,calendar_2014_test,75.8833751524458,77.0,0.5,0.0,0.0,1.1166248475542062
34212,0,calendar_2014_test,73.19760714436353,89.0,0.5,0.0,0.0,15.80239285563647
34213,0,calendar_2014_test,83.44049012771538,88.0,0.5,0.0,0.0,4.559509872284622
34214,0,calendar_2014_test,80.02128482747942,83.0,0.5,0.0,0.0,2.9787151725205803
34215,0,calendar_2014_test,77.58557033238533,89.0,0.5,0.0,0.0,11.41442966761467
34216,0,calendar_2014_test,82.08730739974675,96.0,0.5,0.0,0.0,13.912692600253251
34217,0,calendar_2014_test,89.12094294702347,90.0,0.5,0.0,0.0,0.8790570529765347
34218,0,calendar_2014_test,83.26773947132689,99.0,0.5,0.0,0.0,15.732260528673109
34219,0,calendar_2014_test,94.59108456750467,101.0,0.5,0.0,0.0,6.408915432495334
34220,0,calendar_2014_test,95.11519245966645,114.0,0.5,0.0,0.0,18.884807540333554
34221,0,calendar_2014_test,110.09808626620529,135.0,0.5,0.0,0.0,24.901913733794714
34222,0,calendar_2014_test,127.02543084043722,155.0,0.5,0.0,0.0,27.974569159562776
34223,0,calendar_2014_test,147.2765022081209,189.0,0.5,0.0,0.0,41.72349779187911
34224,0,calendar_2014_test,170.51926943365578,179.0,0.5,0.0,0.0,8.48073056634422
34225,0,calendar_2014_test,157.17951270737328,151.0,0.5,0.0,0.0,6.179512707373277
34226,0,calendar_2014_test,129.88688472165398,125.0,0.5,0.0,0.0,4.886884721653985
34227,0,calendar_2014_test,109.0473945793048,101.0,0.5,0.0,0.0,8.047394579304793
34228,0,calendar_2014_test,84.35769353405777,92.0,0.5,0.0,0.0,7.642306465942227
34229,0,calendar_2014_test,82.41353404344113,97.0,0.5,0.0,0.0,14.586465956558868
34230,0,calendar_2014_test,88.46622263879173,86.0,0.5,0.0,0.0,2.4662226387917343
34231,0,calendar_2014_test,74.36608668075917,84.0,0.5,0.0,0.0,9.633913319240833
34232,0,calendar_2014_test,75.66462131125363,89.0,0.5,0.0,0.0,13.335378688746374
34233,0,calendar_2014_test,80.70137874692037,89.0,0.5,0.0,0.0,8.29862125307963
34234,0,calendar_2014_test,79.6133479345922,86.0,0.5,0.0,0.0,6.386652065407802
34235,0,calendar_2014_test,79.68660895944431,92.0,0.5,0.0,0.0,12.313391040555686
34236,0,calendar_2014_test,84.68165169650692,86.0,0.5,0.0,0.0,1.3183483034930816
34237,0,calendar_2014_test,80.16802975240626,85.0,0.5,0.0,0.0,4.831970247593745
34238,0,calendar_2014_test,79.37508876267717,83.0,0.5,0.0,0.0,3.6249112373228343
34239,0,calendar_2014_test,75.60893542396839,82.0,0.5,0.0,0.0,6.39106457603161
34240,0,calendar_2014_test,76.1306466040903,78.0,0.5,0.0,0.0,1.8693533959096982
34241,0,calendar_2014_test,72.98586236261919,69.0,0.5,0.0,0.0,3.985862362619187
34242,0,calendar_2014_test,64.25311368303879,52.0,0.5,0.0,0.0,12.25311368303879
34243,0,calendar_2014_test,45.94523179369868,53.0,0.5,0.0,0.0,7.054768206301318
34244,0,calendar_2014_test,49.54528861648851,88.0,0.5,0.0,0.0,38.45471138351149
34245,0,calendar_2014_test,77.82525179074601,117.0,0.5,0.0,0.0,39.17474820925399
34246,0,calendar_2014_test,104.39910236326413,113.0,0.5,0.0,0.0,8.600897636735866
34247,0,calendar_2014_test,98.30723944818841,142.0,0.5,0.0,0.0,43.69276055181159
34248,0,calendar_2014_test,138.43979658492603,134.0,0.5,0.0,0.0,4.439796584926029
34249,0,calendar_2014_test,119.56730321315351,159.0,0.5,0.0,0.0,39.43269678684649
34250,0,calendar_2014_test,149.2989444404117,151.0,0.5,0.0,0.0,1.7010555595882977
34251,0,calendar_2014_test,134.5154827919691,149.0,0.5,0.0,0.0,14.484517208030894
34252,0,calendar_2014_test,134.81606825733698,148.0,0.5,0.0,0.0,13.18393174266302
34253,0,calendar_2014_test,135.47497107353828,132.0,0.5,0.0,0.0,3.474971073538285
34254,0,calendar_2014_test,116.15837669565879,130.0,0.5,0.0,0.0,13.841623304341212
34255,0,calendar_2014_test,115.77828639701954,122.0,0.5,0.0,0.0,6.221713602980458
34256,0,calendar_2014_test,110.93883324881017,112.0,0.5,0.0,0.0,1.0611667511898304
34257,0,calendar_2014_test,100.82538965510287,130.0,0.5,0.0,0.0,29.174610344897133
34258,0,calendar_2014_test,122.5107908262302,144.0,0.5,0.0,0.0,21.489209173769794
34259,0,calendar_2014_test,139.37704834112185,157.0,0.5,0.0,0.0,17.62295165887815
34260,0,calendar_2014_test,146.71647835096644,185.0,0.5,0.0,0.0,38.28352164903356
34261,0,calendar_2014_test,171.90833918938762,199.0,0.5,0.0,0.0,27.09166081061238
34262,0,calendar_2014_test,179.67359728723574,212.0,0.5,0.0,0.0,32.32640271276426
34263,0,calendar_2014_test,197.21366897184402,211.0,0.5,0.0,0.0,13.786331028155985
34264,0,calendar_2014_test,198.81804840914648,201.0,0.5,0.0,0.0,2.181951590853515
34265,0,calendar_2014_test,185.56863548841142,193.0,0.5,0.0,0.0,7.431364511588583
34266,0,calendar_2014_test,176.73780585535152,198.0,0.5,0.0,0.0,21.262194144648475
34267,0,calendar_2014_test,179.75413058117442,187.0,0.5,0.0,0.0,7.245869418825578
34268,0,calendar_2014_test,166.58865036089873,184.0,0.5,0.0,0.0,17.411349639101275
34269,0,calendar_2014_test,171.99250937194938,192.0,0.5,0.0,0.0,20.00749062805062
34270,0,calendar_2014_test,180.6982426402269,208.0,0.5,0.0,0.0,27.30175735977309
34271,0,calendar_2014_test,193.02603638100106,219.0,0.5,0.0,0.0,25.973963618998937
34272,0,calendar_2014_test,201.15757451590207,250.0,0.5,0.0,0.0,48.84242548409793
34273,0,calendar_2014_test,228.92435253514225,227.0,0.5,0.0,0.0,1.9243525351422477
34274,0,calendar_2014_test,198.10251794665612,210.0,0.5,0.0,0.0,11.897482053343879
34275,0,calendar_2014_test,187.4174232401295,176.0,0.5,0.0,0.0,11.417423240129494
34276,0,calendar_2014_test,149.71397007602485,180.0,0.5,0.0,0.0,30.28602992397515
34277,0,calendar_2014_test,159.81802793009447,164.0,0.5,0.0,0.0,4.181972069905527
34278,0,calendar_2014_test,144.79936707050075,163.0,0.5,0.0,0.0,18.20063292949925
34279,0,calendar_2014_test,146.78947731905217,155.0,0.5,0.0,0.0,8.210522680947832
34280,0,calendar_2014_test,145.64740128475248,134.0,0.5,0.0,0.0,11.647401284752476
34281,0,calendar_2014_test,117.55927884899107,134.0,0.5,0.0,0.0,16.44072115100893
34282,0,calendar_2014_test,122.08248024274964,122.0,0.5,0.0,0.0,0.08248024274963939
34283,0,calendar_2014_test,111.45875263859631,125.0,0.5,0.0,0.0,13.541247361403691
34284,0,calendar_2014_test,115.77275647714406,135.0,0.5,0.0,0.0,19.227243522855943
34285,0,calendar_2014_test,128.4097927546417,167.0,0.5,0.0,0.0,38.5902072453583
34286,0,calendar_2014_test,163.24135427606384,187.0,0.5,0.0,0.0,23.758645723936155
34287,0,calendar_2014_test,176.43675674919083,206.0,0.5,0.0,0.0,29.563243250809165
34288,0,calendar_2014_test,190.3902300640161,196.0,0.5,0.0,0.0,5.6097699359839055
34289,0,calendar_2014_test,177.62731897764323,154.0,0.5,0.0,0.0,23.627318977643228
34290,0,calendar_2014_test,137.94266480630955,120.0,0.5,0.0,0.0,17.94266480630955
34291,0,calendar_2014_test,100.48387652554496,135.0,0.5,0.0,0.0,34.51612347445504
34292,0,calendar_2014_test,126.57047424268444,132.0,0.5,0.0,0.0,5.4295257573155595
34293,0,calendar_2014_test,119.67599141997819,136.0,0.5,0.0,0.0,16.32400858002181
34294,0,calendar_2014_test,121.11093255883681,146.0,0.5,0.0,0.0,24.889067441163192
34295,0,calendar_2014_test,139.41294342495826,159.0,0.5,0.0,0.0,19.587056575041743
34296,0,calendar_2014_test,151.73442034726054,179.0,0.5,0.0,0.0,27.26557965273946
34297,0,calendar_2014_test,166.69087649105023,185.0,0.5,0.0,0.0,18.309123508949767
34298,0,calendar_2014_test,167.85719223491057,152.0,0.5,0.0,0.0,15.85719223491057
34299,0,calendar_2014_test,128.80569794420148,112.0,0.5,0.0,0.0,16.805697944201484
34300,0,calendar_2014_test,92.78605802740547,123.0,0.5,0.0,0.0,30.213941972594526
34301,0,calendar_2014_test,114.12833959171942,109.0,0.5,0.0,0.0,5.128339591719424
34302,0,calendar_2014_test,94.907584141403,103.0,0.5,0.0,0.0,8.092415858596993
34303,0,calendar_2014_test,93.9246954413187,98.0,0.5,0.0,0.0,4.075304558681296
34304,0,calendar_2014_test,90.08997074364139,94.0,0.5,0.0,0.0,3.9100292563586123
34305,0,calendar_2014_test,87.87329431440797,106.0,0.5,0.0,0.0,18.12670568559203
34306,0,calendar_2014_test,98.98902027695404,115.0,0.5,0.0,0.0,16.010979723045963
34307,0,calendar_2014_test,110.88218278936398,124.0,0.5,0.0,0.0,13.11781721063602
34308,0,calendar_2014_test,121.85146026235839,134.0,0.5,0.0,0.0,12.148539737641613
34309,0,calendar_2014_test,129.15683481284063,134.0,0.5,0.0,0.0,4.8431651871593715
34310,0,calendar_2014_test,121.51706894655574,137.0,0.5,0.0,0.0,15.482931053444261
34311,0,calendar_2014_test,125.54033742214907,101.0,0.5,0.0,0.0,24.540337422149065
34312,0,calendar_2014_test,86.03611663362436,78.0,0.5,0.0,0.0,8.03611663362436
34313,0,calendar_2014_test,69.70034386808904,79.0,0.5,0.0,0.0,9.299656131910965
34314,0,calendar_2014_test,75.62185550327145,85.0,0.5,0.0,0.0,9.378144496728552
34315,0,calendar_2014_test,81.78836904109819,93.0,0.5,0.0,0.0,11.211630958901807
34316,0,calendar_2014_test,90.1130808664332,88.0,0.5,0.0,0.0,2.1130808664331937
34317,0,calendar_2014_test,82.06162234309174,78.0,0.5,0.0,0.0,4.0616223430917415
34318,0,calendar_2014_test,72.2703194989688,69.0,0.5,0.0,0.0,3.270319498968803
34319,0,calendar_2014_test,65.81675242441943,62.0,0.5,0.0,0.0,3.816752424419434
34320,0,calendar_2014_test,58.96004425907722,57.0,0.5,0.0,0.0,1.9600442590772218
34321,0,calendar_2014_test,55.15158429511916,77.0,0.5,0.0,0.0,21.848415704880843
34322,0,calendar_2014_test,78.5413491878029,87.0,0.5,0.0,0.0,8.458650812197106
34323,0,calendar_2014_test,84.34897885535088,97.0,0.5,0.0,0.0,12.651021144649121
34324,0,calendar_2014_test,91.29045672086662,101.0,0.5,0.0,0.0,9.709543279133385
34325,0,calendar_2014_test,91.21295477216755,112.0,0.5,0.0,0.0,20.78704522783245
34326,0,calendar_2014_test,103.79393489432489,109.0,0.5,0.0,0.0,5.206065105675108
34327,0,calendar_2014_test,97.86784087955449,110.0,0.5,0.0,0.0,12.132159120445507
34328,0,calendar_2014_test,104.13485640790157,104.0,0.5,0.0,0.0,0.13485640790156594
34329,0,calendar_2014_test,95.10292380950668,104.0,0.5,0.0,0.0,8.897076190493323
34330,0,calendar_2014_test,96.10856879900466,101.0,0.5,0.0,0.0,4.891431200995342
34331,0,calendar_2014_test,92.13214531705341,100.0,0.5,0.0,0.0,7.867854682946586
34332,0,calendar_2014_test,93.36000500299538,113.0,0.5,0.0,0.0,19.63999499700462
34333,0,calendar_2014_test,107.17571875284172,115.0,0.5,0.0,0.0,7.824281247158282
34334,0,calendar_2014_test,107.30593541695822,121.0,0.5,0.0,0.0,13.69406458304178
34335,0,calendar_2014_test,115.8749060845872,119.0,0.5,0.0,0.0,3.125093915412805
34336,0,calendar_2014_test,107.3687121656925,138.0,0.5,0.0,0.0,30.6312878343075
34337,0,calendar_2014_test,129.22318112369763,146.0,0.5,0.0,0.0,16.77681887630237
34338,0,calendar_2014_test,137.7358339422931,158.0,0.5,0.0,0.0,20.264166057706888
34339,0,calendar_2014_test,149.06396896336395,184.0,0.5,0.0,0.0,34.93603103663605
34340,0,calendar_2014_test,174.4232122758643,190.0,0.5,0.0,0.0,15.576787724135698
34341,0,calendar_2014_test,176.33673237178164,201.0,0.5,0.0,0.0,24.663267628218364
34342,0,calendar_2014_test,185.02349752621805,175.0,0.5,0.0,0.0,10.023497526218051
34343,0,calendar_2014_test,161.26934218826898,132.0,0.5,0.0,0.0,29.26934218826898
34344,0,calendar_2014_test,104.93172305155394,102.0,0.5,0.0,0.0,2.931723051553945
34345,0,calendar_2014_test,83.73833343822041,88.0,0.5,0.0,0.0,4.261666561779592
34346,0,calendar_2014_test,79.21040637565709,74.0,0.5,0.0,0.0,5.210406375657087
34347,0,calendar_2014_test,65.9268860269837,74.0,0.5,0.0,0.0,8.073113973016305
34348,0,calendar_2014_test,68.92862610871093,82.0,0.5,0.0,0.0,13.07137389128907
34349,0,calendar_2014_test,77.98933087530793,73.0,0.5,0.0,0.0,4.989330875307928
34350,0,calendar_2014_test,64.78924321376651,95.0,0.5,0.0,0.0,30.21075678623349
34351,0,calendar_2014_test,84.08631133446622,76.0,0.5,0.0,0.0,8.086311334466217
34352,0,calendar_2014_test,63.921030408829964,102.0,0.5,0.0,0.0,38.078969591170036
34353,0,calendar_2014_test,98.31905722471308,72.0,0.5,0.0,0.0,26.319057224713077
34354,0,calendar_2014_test,67.30172883882526,69.0,0.5,0.0,0.0,1.6982711611747447
34355,0,calendar_2014_test,65.54429594385932,52.0,0.5,0.0,0.0,13.544295943859325
34356,0,calendar_2014_test,48.27817924172057,54.0,0.5,0.0,0.0,5.721820758279428
34357,0,calendar_2014_test,51.38958930240629,67.0,0.5,0.0,0.0,15.610410697593707
34358,0,calendar_2014_test,68.65123592166252,63.0,0.5,0.0,0.0,5.6512359216625185
34359,0,calendar_2014_test,62.57597423902154,67.0,0.5,0.0,0.0,4.424025760978459
34360,0,calendar_2014_test,67.19136358033954,74.0,0.5,0.0,0.0,6.808636419660459
34361,0,calendar_2014_test,72.08562036975258,80.0,0.5,0.0,0.0,7.914379630247424
34362,0,calendar_2014_test,77.2497360416081,92.0,0.5,0.0,0.0,14.750263958391898
34363,0,calendar_2014_test,86.22391931194893,89.0,0.5,0.0,0.0,2.776080688051067
34364,0,calendar_2014_test,77.3428103284608,82.0,0.5,0.0,0.0,4.6571896715392
34365,0,calendar_2014_test,76.44138116530529,92.0,0.5,0.0,0.0,15.558618834694713
34366,0,calendar_2014_test,87.08359360423987,90.0,0.5,0.0,0.0,2.9164063957601343
34367,0,calendar_2014_test,83.83124301988506,90.0,0.5,0.0,0.0,6.168756980114935
34368,0,calendar_2014_test,76.8775775396845,59.0,0.5,0.0,0.0,17.877577539684495
34369,0,calendar_2014_test,51.23296902469559,12.0,0.5,0.0,0.0,39.23296902469559
34370,0,calendar_2014_test,17.316035238684602,10.0,0.5,0.0,0.0,7.316035238684602
34371,0,calendar_2014_test,12.541196729635194,7.0,0.5,0.0,0.0,5.541196729635194
34372,0,calendar_2014_test,9.640303532510755,5.0,0.5,0.0,0.0,4.640303532510755
34373,0,calendar_2014_test,9.526277586395903,7.0,0.5,0.0,0.0,2.526277586395903
34374,0,calendar_2014_test,9.414731126838882,7.0,0.5,0.0,0.0,2.4147311268388822
34375,0,calendar_2014_test,9.566095120068104,6.0,0.5,0.0,0.0,3.5660951200681037
34376,0,calendar_2014_test,9.566095120068104,4.0,0.5,0.0,0.0,5.566095120068104
34377,0,calendar_2014_test,9.414731126838882,7.0,0.5,0.0,0.0,2.4147311268388822
34378,0,calendar_2014_test,9.394616804608152,7.0,0.5,0.0,0.0,2.3946168046081517
34379,0,calendar_2014_test,9.9432015488523,4.0,0.5,0.0,0.0,5.943201548852301
34380,0,calendar_2014_test,9.791837555623074,2.0,0.5,0.0,0.0,7.791837555623074
34381,0,calendar_2014_test,9.414731126838882,2.0,0.5,0.0,0.0,7.414731126838882
34382,0,calendar_2014_test,9.414731126838882,4.0,0.5,0.0,0.0,5.414731126838882
34383,0,calendar_2014_test,9.394616804608152,4.0,0.5,0.0,0.0,5.394616804608152
34384,0,calendar_2014_test,9.394616804608152,6.0,0.5,0.0,0.0,3.3946168046081517
34385,0,calendar_2014_test,9.8820428428727,14.0,0.5,0.0,0.0,4.1179571571273
34386,0,calendar_2014_test,14.541620227312023,13.0,0.5,0.0,0.0,1.5416202273120234
34387,0,calendar_2014_test,13.722704883612359,10.0,0.5,0.0,0.0,3.7227048836123586
34388,0,calendar_2014_test,11.060599567968005,8.0,0.5,0.0,0.0,3.060599567968005
34389,0,calendar_2014_test,10.140695749483646,9.0,0.5,0.0,0.0,1.1406957494836458
34390,0,calendar_2014_test,10.632177517131026,11.0,0.5,0.0,0.0,0.36782248286897357
34391,0,calendar_2014_test,11.862249204209817,14.0,0.5,0.0,0.0,2.1377507957901827
34392,0,calendar_2014_test,13.227176347022187,16.0,0.5,0.0,0.0,2.772823652977813
34393,0,calendar_2014_test,14.269457833632211,14.0,0.5,0.0,0.0,0.2694578336322113
34394,0,calendar_2014_test,14.795479462291704,25.0,0.5,0.0,0.0,10.204520537708296
34395,0,calendar_2014_test,23.883699896448686,25.0,0.5,0.0,0.0,1.116300103551314
34396,0,calendar_2014_test,22.906549071678675,31.0,0.5,0.0,0.0,8.093450928321325
34397,0,calendar_2014_test,32.22025997417494,27.0,0.5,0.0,0.0,5.220259974174937
34398,0,calendar_2014_test,29.111412710900197,26.0,0.5,0.0,0.0,3.111412710900197
34399,0,calendar_2014_test,26.85331135105643,28.0,0.5,0.0,0.0,1.1466886489435701
34400,0,calendar_2014_test,30.78249955213432,32.0,0.5,0.0,0.0,1.2175004478656817
34401,0,calendar_2014_test,33.928701054372894,51.0,0.5,0.0,0.0,17.071298945627106
34402,0,calendar_2014_test,48.807425038970926,32.0,0.5,0.0,0.0,16.807425038970926
34403,0,calendar_2014_test,33.29059797795701,25.0,0.5,0.0,0.0,8.290597977957013
34404,0,calendar_2014_test,26.9266816201805,23.0,0.5,0.0,0.0,3.9266816201804993
34405,0,calendar_2014_test,25.534965790042108,27.0,0.5,0.0,0.0,1.4650342099578921
34406,0,calendar_2014_test,29.299795399543076,28.0,0.5,0.0,0.0,1.2997953995430755
34407,0,calendar_2014_test,27.438226456065777,26.0,0.5,0.0,0.0,1.4382264560657774
34408,0,calendar_2014_test,26.89364255105909,32.0,0.5,0.0,0.0,5.1063574489409085
34409,0,calendar_2014_test,31.337308246960013,34.0,0.5,0.0,0.0,2.6626917530399865
34410,0,calendar_2014_test,33.32057037272579,48.0,0.5,0.0,0.0,14.67942962727421
34411,0,calendar_2014_test,46.27813118351598,49.0,0.5,0.0,0.0,2.721868816484019
34412,0,calendar_2014_test,43.98318928628317,60.0,0.5,0.0,0.0,16.01681071371683
34413,0,calendar_2014_test,55.400369238253276,63.0,0.5,0.0,0.0,7.599630761746724
34414,0,calendar_2014_test,57.138264091277996,62.0,0.5,0.0,0.0,4.861735908722004
34415,0,calendar_2014_test,54.37828447869746,68.0,0.5,0.0,0.0,13.62171552130254
34416,0,calendar_2014_test,62.231906545549904,63.0,0.5,0.0,0.0,0.7680934544500957
34417,0,calendar_2014_test,60.864039227669,50.0,0.5,0.0,0.0,10.864039227668997
34418,0,calendar_2014_test,44.180612318439984,23.0,0.5,0.0,0.0,21.180612318439984
34419,0,calendar_2014_test,23.319111210313817,16.0,0.5,0.0,0.0,7.319111210313817
34420,0,calendar_2014_test,16.521190277901535,8.0,0.5,0.0,0.0,8.521190277901535
34421,0,calendar_2014_test,10.880134058636475,6.0,0.5,0.0,0.0,4.880134058636475
34422,0,calendar_2014_test,9.526277586395903,3.0,0.5,0.0,0.0,6.526277586395903
34423,0,calendar_2014_test,9.545980797837373,2.0,0.5,0.0,0.0,7.545980797837373
34424,0,calendar_2014_test,12.217667527227642,5.0,0.5,0.0,0.0,7.217667527227642
34425,0,calendar_2014_test,12.244359340606373,4.0,0.5,0.0,0.0,8.244359340606373
34426,0,calendar_2014_test,12.246822117661225,8.0,0.5,0.0,0.0,4.246822117661225
34427,0,calendar_2014_test,13.133505346706082,15.0,0.5,0.0,0.0,1.866494653293918
34428,0,calendar_2014_test,17.262663030900992,25.0,0.5,0.0,0.0,7.737336969099008
34429,0,calendar_2014_test,25.946652161174338,28.0,0.5,0.0,0.0,2.053347838825662
34430,0,calendar_2014_test,29.126457575484856,46.0,0.5,0.0,0.0,16.873542424515144
34431,0,calendar_2014_test,44.47982147029472,71.0,0.5,0.0,0.0,26.520178529705277
34432,0,calendar_2014_test,70.58686222901134,125.0,0.5,0.0,0.0,54.413137770988655
34433,0,calendar_2014_test,119.68517814291656,142.0,0.5,0.0,0.0,22.314821857083444
34434,0,calendar_2014_test,124.86843051899184,105.0,0.5,0.0,0.0,19.868430518991843
34435,0,calendar_2014_test,80.00128660481464,101.0,0.5,0.0,0.0,20.998713395185362
34436,0,calendar_2014_test,87.23460151515697,89.0,0.5,0.0,0.0,1.7653984848430326
34437,0,calendar_2014_test,76.14355367030969,93.0,0.5,0.0,0.0,16.856446329690314
34438,0,calendar_2014_test,82.0416341429202,85.0,0.5,0.0,0.0,2.958365857079798
34439,0,calendar_2014_test,74.1901983302297,62.0,0.5,0.0,0.0,12.190198330229705
34440,0,calendar_2014_test,51.223337312311216,40.0,0.5,0.0,0.0,11.223337312311216
34441,0,calendar_2014_test,34.937987830355986,52.0,0.5,0.0,0.0,17.062012169644014
34442,0,calendar_2014_test,49.69456420182751,62.0,0.5,0.0,0.0,12.30543579817249
34443,0,calendar_2014_test,58.55099046512998,55.0,0.5,0.0,0.0,3.5509904651299777
34444,0,calendar_2014_test,50.13324489373938,48.0,0.5,0.0,0.0,2.1332448937393806
34445,0,calendar_2014_test,45.089541944003955,41.0,0.5,0.0,0.0,4.089541944003955
34446,0,calendar_2014_test,40.82909619136754,39.0,0.5,0.0,0.0,1.8290961913675403
34447,0,calendar_2014_test,38.007002047423406,43.0,0.5,0.0,0.0,4.992997952576594
34448,0,calendar_2014_test,44.709218435028525,43.0,0.5,0.0,0.0,1.709218435028525
34449,0,calendar_2014_test,42.2769748324121,44.0,0.5,0.0,0.0,1.723025167587899
34450,0,calendar_2014_test,43.43307104785084,37.0,0.5,0.0,0.0,6.433071047850838
34451,0,calendar_2014_test,39.09195181478941,40.0,0.5,0.0,0.0,0.908048185210589
34452,0,calendar_2014_test,42.06351562162895,64.0,0.5,0.0,0.0,21.93648437837105
34453,0,calendar_2014_test,66.12777308636319,48.0,0.5,0.0,0.0,18.12777308636319
34454,0,calendar_2014_test,45.17593326447525,56.0,0.5,0.0,0.0,10.824066735524752
34455,0,calendar_2014_test,54.71708440475408,41.0,0.5,0.0,0.0,13.717084404754083
34456,0,calendar_2014_test,41.41070523947874,48.0,0.5,0.0,0.0,6.589294760521263
34457,0,calendar_2014_test,48.61521048301206,29.0,0.5,0.0,0.0,19.615210483012063
34458,0,calendar_2014_test,28.31363476796359,40.0,0.5,0.0,0.0,11.686365232036412
34459,0,calendar_2014_test,41.48816364734401,42.0,0.5,0.0,0.0,0.5118363526559904
34460,0,calendar_2014_test,41.81170059663113,47.0,0.5,0.0,0.0,5.188299403368873
34461,0,calendar_2014_test,48.10654564689486,51.0,0.5,0.0,0.0,2.8934543531051418
34462,0,calendar_2014_test,49.18878054455473,69.0,0.5,0.0,0.0,19.81121945544527
34463,0,calendar_2014_test,68.45834684726758,79.0,0.5,0.0,0.0,10.541653152732422
34464,0,calendar_2014_test,75.23961562531709,90.0,0.5,0.0,0.0,14.760384374682914
34465,0,calendar_2014_test,86.38410674170615,83.0,0.5,0.0,0.0,3.384106741706148
34466,0,calendar_2014_test,77.7713763671582,76.0,0.5,0.0,0.0,1.7713763671581972
34467,0,calendar_2014_test,73.6337404113737,85.0,0.5,0.0,0.0,11.366259588626306
34468,0,calendar_2014_test,80.38728298657232,72.0,0.5,0.0,0.0,8.387282986572316
34469,0,calendar_2014_test,63.24706662149012,56.0,0.5,0.0,0.0,7.24706662149012
34470,0,calendar_2014_test,49.01082350774151,45.0,0.5,0.0,0.0,4.010823507741513
34471,0,calendar_2014_test,42.7224038675927,46.0,0.5,0.0,0.0,3.2775961324072966
34472,0,calendar_2014_test,44.55131742817904,39.0,0.5,0.0,0.0,5.55131742817904
34473,0,calendar_2014_test,38.58869401637513,49.0,0.5,0.0,0.0,10.411305983624871
34474,0,calendar_2014_test,48.523708518987696,49.0,0.5,0.0,0.0,0.47629148101230356
34475,0,calendar_2014_test,45.86411964250325,62.0,0.5,0.0,0.0,16.135880357496752
34476,0,calendar_2014_test,59.71235801303442,59.0,0.5,0.0,0.0,0.712358013034418
34477,0,calendar_2014_test,58.26221389131465,58.0,0.5,0.0,0.0,0.26221389131465145
34478,0,calendar_2014_test,54.195122397937055,59.0,0.5,0.0,0.0,4.804877602062945
34479,0,calendar_2014_test,56.842694966793715,60.0,0.5,0.0,0.0,3.157305033206285
34480,0,calendar_2014_test,56.49219047894411,72.0,0.5,0.0,0.0,15.50780952105589
34481,0,calendar_2014_test,72.17771805959703,71.0,0.5,0.0,0.0,1.1777180595970265
34482,0,calendar_2014_test,65.94485563153872,90.0,0.5,0.0,0.0,24.055144368461285
34483,0,calendar_2014_test,86.15072463424075,120.0,0.5,0.0,0.0,33.849275365759254
34484,0,calendar_2014_test,115.47785092132477,123.0,0.5,0.0,0.0,7.522149078675227
34485,0,calendar_2014_test,115.12555082223048,132.0,0.5,0.0,0.0,16.87444917776952
34486,0,calendar_2014_test,122.39590505506278,144.0,0.5,0.0,0.0,21.604094944937216
34487,0,calendar_2014_test,137.69499254199516,154.0,0.5,0.0,0.0,16.305007458004837
34488,0,calendar_2014_test,143.62077020529918,160.0,0.5,0.0,0.0,16.37922979470082
34489,0,calendar_2014_test,148.99927069218293,124.0,0.5,0.0,0.0,24.999270692182932
34490,0,calendar_2014_test,99.57018672805096,95.0,0.5,0.0,0.0,4.570186728050956
34491,0,calendar_2014_test,78.18208596875354,80.0,0.5,0.0,0.0,1.8179140312464597
34492,0,calendar_2014_test,70.82830498323982,72.0,0.5,0.0,0.0,1.1716950167601823
34493,0,calendar_2014_test,68.90310470992569,70.0,0.5,0.0,0.0,1.0968952900743147
34494,0,calendar_2014_test,63.93041475485049,58.0,0.5,0.0,0.0,5.930414754850489
34495,0,calendar_2014_test,52.202673653535186,53.0,0.5,0.0,0.0,0.7973263464648142
34496,0,calendar_2014_test,49.67580050927099,54.0,0.5,0.0,0.0,4.324199490729008
34497,0,calendar_2014_test,49.97495584283866,44.0,0.5,0.0,0.0,5.974955842838661
34498,0,calendar_2014_test,43.511778951802434,33.0,0.5,0.0,0.0,10.511778951802434
34499,0,calendar_2014_test,36.126267453771824,46.0,0.5,0.0,0.0,9.873732546228176
34500,0,calendar_2014_test,48.05550550470902,42.0,0.5,0.0,0.0,6.055505504709018
34501,0,calendar_2014_test,41.98414841925224,55.0,0.5,0.0,0.0,13.015851580747757
34502,0,calendar_2014_test,47.01956334490018,15.0,0.5,0.0,0.0,32.01956334490018
34503,0,calendar_2014_test,18.717140422439044,18.0,0.5,0.0,0.0,0.7171404224390443
34504,0,calendar_2014_test,18.475399763253968,17.0,0.5,0.0,0.0,1.475399763253968
34505,0,calendar_2014_test,15.703224628519546,22.0,0.5,0.0,0.0,6.296775371480454
34506,0,calendar_2014_test,20.491015140806372,22.0,0.5,0.0,0.0,1.5089848591936281
34507,0,calendar_2014_test,22.27170267191012,24.0,0.5,0.0,0.0,1.7282973280898801
34508,0,calendar_2014_test,23.68239876230689,21.0,0.5,0.0,0.0,2.682398762306889
34509,0,calendar_2014_test,20.871873374476696,28.0,0.5,0.0,0.0,7.128126625523304
34510,0,calendar_2014_test,27.638152302856746,31.0,0.5,0.0,0.0,3.3618476971432543
34511,0,calendar_2014_test,29.938937973434832,31.0,0.5,0.0,0.0,1.0610620265651676
34512,0,calendar_2014_test,31.797582869872162,24.0,0.5,0.0,0.0,7.797582869872162
34513,0,calendar_2014_test,26.486596746118998,25.0,0.5,0.0,0.0,1.4865967461189982
34514,0,calendar_2014_test,24.2794770953342,39.0,0.5,0.0,0.0,14.720522904665799
34515,0,calendar_2014_test,39.48066812886118,38.0,0.5,0.0,0.0,1.4806681288611827
34516,0,calendar_2014_test,34.33809157913361,37.0,0.5,0.0,0.0,2.6619084208663892
34517,0,calendar_2014_test,36.76152388345379,36.0,0.5,0.0,0.0,0.7615238834537905
34518,0,calendar_2014_test,34.49323881257713,32.0,0.5,0.0,0.0,2.4932388125771325
34519,0,calendar_2014_test,30.659108851973897,30.0,0.5,0.0,0.0,0.6591088519738975
34520,0,calendar_2014_test,33.5832618381532,23.0,0.5,0.0,0.0,10.583261838153199
34521,0,calendar_2014_test,25.860150822896536,20.0,0.5,0.0,0.0,5.860150822896536
34522,0,calendar_2014_test,23.11593443195207,28.0,0.5,0.0,0.0,4.88406556804793
34523,0,calendar_2014_test,30.010296603528243,43.0,0.5,0.0,0.0,12.989703396471757
34524,0,calendar_2014_test,43.74641083991896,53.0,0.5,0.0,0.0,9.253589160081042
34525,0,calendar_2014_test,52.02063818203683,49.0,0.5,0.0,0.0,3.0206381820368335
34526,0,calendar_2014_test,46.52437358080505,53.0,0.5,0.0,0.0,6.475626419194953
34527,0,calendar_2014_test,51.77802519252302,78.0,0.5,0.0,0.0,26.221974807476983
34528,0,calendar_2014_test,72.42036195584924,86.0,0.5,0.0,0.0,13.579638044150755
34529,0,calendar_2014_test,78.19381762536274,65.0,0.5,0.0,0.0,13.19381762536274
34530,0,calendar_2014_test,55.280818665994865,58.0,0.5,0.0,0.0,2.7191813340051354
34531,0,calendar_2014_test,51.51446119766693,53.0,0.5,0.0,0.0,1.4855388023330676
34532,0,calendar_2014_test,45.94219014705189,26.0,0.5,0.0,0.0,19.94219014705189
34533,0,calendar_2014_test,23.876060447340254,20.0,0.5,0.0,0.0,3.8760604473402545
34534,0,calendar_2014_test,19.787362807080907,12.0,0.5,0.0,0.0,7.787362807080907
34535,0,calendar_2014_test,13.946182811856337,13.0,0.5,0.0,0.0,0.9461828118563371
34536,0,calendar_2014_test,13.27617247630795,12.0,0.5,0.0,0.0,1.2761724763079503
34537,0,calendar_2014_test,12.620412121740777,12.0,0.5,0.0,0.0,0.6204121217407774
34538,0,calendar_2014_test,12.348988059839643,6.0,0.5,0.0,0.0,6.348988059839643
34539,0,calendar_2014_test,9.394616804608152,11.0,0.5,0.0,0.0,1.6053831953918483
34540,0,calendar_2014_test,12.063261715432002,6.0,0.5,0.0,0.0,6.063261715432002
34541,0,calendar_2014_test,9.962634407242012,6.0,0.5,0.0,0.0,3.962634407242012
34542,0,calendar_2014_test,9.546391908626633,11.0,0.5,0.0,0.0,1.4536080913733667
34543,0,calendar_2014_test,14.787892898680957,10.0,0.5,0.0,0.0,4.787892898680957
34544,0,calendar_2014_test,13.671049731704098,9.0,0.5,0.0,0.0,4.671049731704098
34545,0,calendar_2014_test,13.429278030291291,9.0,0.5,0.0,0.0,4.429278030291291
34546,0,calendar_2014_test,12.28785181823668,14.0,0.5,0.0,0.0,1.71214818176332
34547,0,calendar_2014_test,15.011591796567002,21.0,0.5,0.0,0.0,5.988408203432998
34548,0,calendar_2014_test,20.265548990645183,22.0,0.5,0.0,0.0,1.7344510093548173
34549,0,calendar_2014_test,21.19820461197061,23.0,0.5,0.0,0.0,1.8017953880293902
34550,0,calendar_2014_test,25.37637692977439,27.0,0.5,0.0,0.0,1.6236230702256087
34551,0,calendar_2014_test,26.249038110727234,42.0,0.5,0.0,0.0,15.750961889272766
34552,0,calendar_2014_test,42.814474381507296,50.0,0.5,0.0,0.0,7.185525618492704
34553,0,calendar_2014_test,48.93650096709803,57.0,0.5,0.0,0.0,8.063499032901973
34554,0,calendar_2014_test,53.01874965840545,29.0,0.5,0.0,0.0,24.018749658405447
34555,0,calendar_2014_test,26.449240056090634,26.0,0.5,0.0,0.0,0.449240056090634
34556,0,calendar_2014_test,24.13713235928681,23.0,0.5,0.0,0.0,1.1371323592868094
34557,0,calendar_2014_test,22.098050001590263,18.0,0.5,0.0,0.0,4.098050001590263
34558,0,calendar_2014_test,18.25115365023698,15.0,0.5,0.0,0.0,3.2511536502369793
34559,0,calendar_2014_test,15.241644555050684,12.0,0.5,0.0,0.0,3.2416445550506836
34560,0,calendar_2014_test,12.845023897638141,17.0,0.5,0.0,0.0,4.154976102361859
34561,0,calendar_2014_test,14.661287059777274,8.0,0.5,0.0,0.0,6.661287059777274
34562,0,calendar_2014_test,12.093433908952514,10.0,0.5,0.0,0.0,2.0934339089525142
34563,0,calendar_2014_test,13.65134652026263,12.0,0.5,0.0,0.0,1.6513465202626296
34564,0,calendar_2014_test,15.106073072199445,19.0,0.5,0.0,0.0,3.893926927800555
34565,0,calendar_2014_test,20.01812987264768,21.0,0.5,0.0,0.0,0.9818701273523196
34566,0,calendar_2014_test,21.6249723325669,30.0,0.5,0.0,0.0,8.375027667433098
34567,0,calendar_2014_test,30.836344759887524,33.0,0.5,0.0,0.0,2.163655240112476
34568,0,calendar_2014_test,36.9707575251178,28.0,0.5,0.0,0.0,8.970757525117797
34569,0,calendar_2014_test,31.05720419525094,24.0,0.5,0.0,0.0,7.0572041952509394
34570,0,calendar_2014_test,26.950827915758428,31.0,0.5,0.0,0.0,4.049172084241572
34571,0,calendar_2014_test,35.10673593668303,40.0,0.5,0.0,0.0,4.89326406331697
34572,0,calendar_2014_test,43.37307073081163,29.0,0.5,0.0,0.0,14.373070730811627
34573,0,calendar_2014_test,32.355161910556696,64.0,0.5,0.0,0.0,31.644838089443304
34574,0,calendar_2014_test,55.74149062979128,38.0,0.5,0.0,0.0,17.74149062979128
34575,0,calendar_2014_test,32.49309865382766,19.0,0.5,0.0,0.0,13.493098653827658
34576,0,calendar_2014_test,22.92579416748681,23.0,0.5,0.0,0.0,0.07420583251319002
34577,0,calendar_2014_test,22.29476619062112,13.0,0.5,0.0,0.0,9.294766190621122
34578,0,calendar_2014_test,16.442617251900664,15.0,0.5,0.0,0.0,1.4426172519006641
34579,0,calendar_2014_test,14.630680061675543,21.0,0.5,0.0,0.0,6.369319938324457
34580,0,calendar_2014_test,19.335555313846516,18.0,0.5,0.0,0.0,1.3355553138465162
34581,0,calendar_2014_test,20.800089694344766,19.0,0.5,0.0,0.0,1.8000896943447664
34582,0,calendar_2014_test,18.779448803860486,38.0,0.5,0.0,0.0,19.220551196139514
34583,0,calendar_2014_test,35.08357923082115,36.0,0.5,0.0,0.0,0.9164207691788491
34584,0,calendar_2014_test,35.14968305264484,36.0,0.5,0.0,0.0,0.8503169473551608
34585,0,calendar_2014_test,35.70893385057949,53.0,0.5,0.0,0.0,17.29106614942051
34586,0,calendar_2014_test,48.44287839799061,55.0,0.5,0.0,0.0,6.5571216020093885
34587,0,calendar_2014_test,47.08695691066494,43.0,0.5,0.0,0.0,4.086956910664938
34588,0,calendar_2014_test,39.021500270117166,38.0,0.5,0.0,0.0,1.0215002701171656
34589,0,calendar_2014_test,34.20867296506435,26.0,0.5,0.0,0.0,8.208672965064352
34590,0,calendar_2014_test,25.529799146690372,17.0,0.5,0.0,0.0,8.529799146690372
34591,0,calendar_2014_test,16.63090645628401,17.0,0.5,0.0,0.0,0.3690935437159908
34592,0,calendar_2014_test,15.619622313232018,15.0,0.5,0.0,0.0,0.6196223132320178
34593,0,calendar_2014_test,15.65748821787914,19.0,0.5,0.0,0.0,3.3425117821208605
34594,0,calendar_2014_test,17.68126181470991,21.0,0.5,0.0,0.0,3.3187381852900906
34595,0,calendar_2014_test,24.37848645690267,24.0,0.5,0.0,0.0,0.3784864569026709
34596,0,calendar_2014_test,26.501766465256992,24.0,0.5,0.0,0.0,2.501766465256992
34597,0,calendar_2014_test,25.255086450578798,26.0,0.5,0.0,0.0,0.7449135494212022
34598,0,calendar_2014_test,25.586915311291598,24.0,0.5,0.0,0.0,1.5869153112915981
34599,0,calendar_2014_test,24.21476298514263,21.0,0.5,0.0,0.0,3.214762985142631
34600,0,calendar_2014_test,21.166510883999948,29.0,0.5,0.0,0.0,7.833489116000052
34601,0,calendar_2014_test,27.941931221143943,19.0,0.5,0.0,0.0,8.941931221143943
34602,0,calendar_2014_test,19.357952919067365,22.0,0.5,0.0,0.0,2.6420470809326346
34603,0,calendar_2014_test,21.437539289228354,22.0,0.5,0.0,0.0,0.5624607107716457
34604,0,calendar_2014_test,20.751707324028512,16.0,0.5,0.0,0.0,4.751707324028512
34605,0,calendar_2014_test,17.296668431847753,28.0,0.5,0.0,0.0,10.703331568152247
34606,0,calendar_2014_test,28.13209333156245,35.0,0.5,0.0,0.0,6.8679066684375485
34607,0,calendar_2014_test,31.45941049208613,17.0,0.5,0.0,0.0,14.459410492086128
34608,0,calendar_2014_test,17.286003254331426,25.0,0.5,0.0,0.0,7.713996745668574
34609,0,calendar_2014_test,22.01865906734426,27.0,0.5,0.0,0.0,4.9813409326557405
34610,0,calendar_2014_test,27.024597975193483,26.0,0.5,0.0,0.0,1.0245979751934833
34611,0,calendar_2014_test,24.83370588096321,26.0,0.5,0.0,0.0,1.1662941190367917
34612,0,calendar_2014_test,26.739871185414522,28.0,0.5,0.0,0.0,1.260128814585478
34613,0,calendar_2014_test,29.010214996561814,42.0,0.5,0.0,0.0,12.989785003438186
34614,0,calendar_2014_test,41.926906430175656,48.0,0.5,0.0,0.0,6.073093569824344
34615,0,calendar_2014_test,47.29406462729815,31.0,0.5,0.0,0.0,16.294064627298148
34616,0,calendar_2014_test,32.99490280515224,27.0,0.5,0.0,0.0,5.994902805152243
34617,0,calendar_2014_test,30.163042563748547,26.0,0.5,0.0,0.0,4.163042563748547
34618,0,calendar_2014_test,27.273245989772935,35.0,0.5,0.0,0.0,7.726754010227065
34619,0,calendar_2014_test,36.688409251786425,32.0,0.5,0.0,0.0,4.688409251786425
34620,0,calendar_2014_test,33.4956093684715,38.0,0.5,0.0,0.0,4.504390631528501
34621,0,calendar_2014_test,38.24472206639853,37.0,0.5,0.0,0.0,1.2447220663985306
34622,0,calendar_2014_test,37.339031503335015,26.0,0.5,0.0,0.0,11.339031503335015
34623,0,calendar_2014_test,26.1452205504898,17.0,0.5,0.0,0.0,9.1452205504898
34624,0,calendar_2014_test,19.855161064760303,32.0,0.5,0.0,0.0,12.144838935239697
34625,0,calendar_2014_test,33.544683569855536,26.0,0.5,0.0,0.0,7.544683569855536
34626,0,calendar_2014_test,25.57879468691811,34.0,0.5,0.0,0.0,8.421205313081892
34627,0,calendar_2014_test,33.222882852852884,32.0,0.5,0.0,0.0,1.2228828528528837
34628,0,calendar_2014_test,31.986920747796074,23.0,0.5,0.0,0.0,8.986920747796074
34629,0,calendar_2014_test,24.187804644181657,35.0,0.5,0.0,0.0,10.812195355818343
34630,0,calendar_2014_test,39.66557311608426,71.0,0.5,0.0,0.0,31.33442688391574
34631,0,calendar_2014_test,69.86867898833711,102.0,0.5,0.0,0.0,32.13132101166289
34632,0,calendar_2014_test,95.18589873259893,121.0,0.5,0.0,0.0,25.81410126740107
34633,0,calendar_2014_test,107.38303957235246,114.0,0.5,0.0,0.0,6.616960427647541
34634,0,calendar_2014_test,101.99466490902525,64.0,0.5,0.0,0.0,37.994664909025246
34635,0,calendar_2014_test,60.65824350529978,47.0,0.5,0.0,0.0,13.65824350529978
34636,0,calendar_2014_test,43.843414721425354,26.0,0.5,0.0,0.0,17.843414721425354
34637,0,calendar_2014_test,25.661021974384038,17.0,0.5,0.0,0.0,8.661021974384038
34638,0,calendar_2014_test,19.844068619467276,12.0,0.5,0.0,0.0,7.844068619467276
34639,0,calendar_2014_test,17.694934834325565,17.0,0.5,0.0,0.0,0.694934834325565
34640,0,calendar_2014_test,19.808137282465335,34.0,0.5,0.0,0.0,14.191862717534665
34641,0,calendar_2014_test,38.82939808370985,48.0,0.5,0.0,0.0,9.170601916290153
34642,0,calendar_2014_test,48.16524237390526,22.0,0.5,0.0,0.0,26.165242373905258
34643,0,calendar_2014_test,24.43920369492403,30.0,0.5,0.0,0.0,5.5607963050759714
34644,0,calendar_2014_test,34.083489581587294,27.0,0.5,0.0,0.0,7.083489581587294
34645,0,calendar_2014_test,28.36257774080894,24.0,0.5,0.0,0.0,4.362577740808941
34646,0,calendar_2014_test,26.94530810242533,28.0,0.5,0.0,0.0,1.0546918975746706
34647,0,calendar_2014_test,30.151711576329575,33.0,0.5,0.0,0.0,2.848288423670425
34648,0,calendar_2014_test,35.532184136386945,55.0,0.5,0.0,0.0,19.467815863613055
34649,0,calendar_2014_test,52.93275039096501,70.0,0.5,0.0,0.0,17.067249609034988
34650,0,calendar_2014_test,69.33493443378326,71.0,0.5,0.0,0.0,1.6650655662167395
34651,0,calendar_2014_test,63.643247991652494,88.0,0.5,0.0,0.0,24.356752008347506
34652,0,calendar_2014_test,80.5782433982862,82.0,0.5,0.0,0.0,1.4217566017137955
34653,0,calendar_2014_test,74.81798122496804,52.0,0.5,0.0,0.0,22.817981224968037
34654,0,calendar_2014_test,43.86010022599274,46.0,0.5,0.0,0.0,2.1398997740072616
34655,0,calendar_2014_test,44.331355359900776,33.0,0.5,0.0,0.0,11.331355359900776
34656,0,calendar_2014_test,34.03817441128748,37.0,0.5,0.0,0.0,2.9618255887125216
34657,0,calendar_2014_test,36.13853749476559,49.0,0.5,0.0,0.0,12.861462505234407
34658,0,calendar_2014_test,47.209030008938214,71.0,0.5,0.0,0.0,23.790969991061786
34659,0,calendar_2014_test,68.76757101768835,68.0,0.5,0.0,0.0,0.7675710176883541
34660,0,calendar_2014_test,63.97358695215623,48.0,0.5,0.0,0.0,15.973586952156232
34661,0,calendar_2014_test,42.09569381346171,44.0,0.5,0.0,0.0,1.9043061865382924
34662,0,calendar_2014_test,41.51395728173186,38.0,0.5,0.0,0.0,3.5139572817318623
34663,0,calendar_2014_test,38.02876898281827,28.0,0.5,0.0,0.0,10.02876898281827
34664,0,calendar_2014_test,30.99380660867025,52.0,0.5,0.0,0.0,21.00619339132975
34665,0,calendar_2014_test,49.37994754230209,63.0,0.5,0.0,0.0,13.62005245769791
34666,0,calendar_2014_test,62.55094754996594,56.0,0.5,0.0,0.0,6.55094754996594
34667,0,calendar_2014_test,54.36055134521522,61.0,0.5,0.0,0.0,6.639448654784779
34668,0,calendar_2014_test,60.72575024186142,74.0,0.5,0.0,0.0,13.27424975813858
34669,0,calendar_2014_test,75.21039920892733,80.0,0.5,0.0,0.0,4.789600791072672
34670,0,calendar_2014_test,76.70200552151776,89.0,0.5,0.0,0.0,12.297994478482238
34671,0,calendar_2014_test,84.27745719345077,97.0,0.5,0.0,0.0,12.722542806549228
34672,0,calendar_2014_test,90.42105818278571,172.0,0.5,0.0,0.0,81.57894181721429
34673,0,calendar_2014_test,152.64055018420777,209.0,0.5,0.0,0.0,56.35944981579223
34674,0,calendar_2014_test,181.41952156116275,72.0,0.5,0.0,0.0,109.41952156116275
34675,0,calendar_2014_test,63.17467007860073,19.0,0.5,0.0,0.0,44.17467007860073
34676,0,calendar_2014_test,25.251728110656373,23.0,0.5,0.0,0.0,2.251728110656373
34677,0,calendar_2014_test,26.560787015714034,31.0,0.5,0.0,0.0,4.439212984285966
34678,0,calendar_2014_test,31.038162239729257,27.0,0.5,0.0,0.0,4.038162239729257
34679,0,calendar_2014_test,27.412576595928833,33.0,0.5,0.0,0.0,5.587423404071167
34680,0,calendar_2014_test,33.664511395989365,38.0,0.5,0.0,0.0,4.335488604010635
34681,0,calendar_2014_test,36.539577063831445,36.0,0.5,0.0,0.0,0.5395770638314445
34682,0,calendar_2014_test,34.00237164189092,39.0,0.5,0.0,0.0,4.997628358109083
34683,0,calendar_2014_test,35.771203513981234,44.0,0.5,0.0,0.0,8.228796486018766
34684,0,calendar_2014_test,45.13827128799986,37.0,0.5,0.0,0.0,8.138271287999864
34685,0,calendar_2014_test,37.354980236541515,36.0,0.5,0.0,0.0,1.3549802365415147
34686,0,calendar_2014_test,35.28625043317989,28.0,0.5,0.0,0.0,7.286250433179887
34687,0,calendar_2014_test,29.57240268071931,38.0,0.5,0.0,0.0,8.42759731928069
34688,0,calendar_2014_test,39.7071282284751,23.0,0.5,0.0,0.0,16.7071282284751
34689,0,calendar_2014_test,25.610218990329724,20.0,0.5,0.0,0.0,5.610218990329724
34690,0,calendar_2014_test,23.18039813558893,20.0,0.5,0.0,0.0,3.1803981355889306
34691,0,calendar_2014_test,22.573854438098046,35.0,0.5,0.0,0.0,12.426145561901954
34692,0,calendar_2014_test,37.452979452823485,44.0,0.5,0.0,0.0,6.5470205471765155
34693,0,calendar_2014_test,45.34785000920414,55.0,0.5,0.0,0.0,9.652149990795863
34694,0,calendar_2014_test,52.543386898929135,73.0,0.5,0.0,0.0,20.456613101070865
34695,0,calendar_2014_test,73.51634819759548,81.0,0.5,0.0,0.0,7.483651802404523
34696,0,calendar_2014_test,77.18763095218799,93.0,0.5,0.0,0.0,15.812369047812012
34697,0,calendar_2014_test,89.86125682380477,91.0,0.5,0.0,0.0,1.1387431761952342
34698,0,calendar_2014_test,84.74299666409513,51.0,0.5,0.0,0.0,33.74299666409513
34699,0,calendar_2014_test,46.97061402795425,56.0,0.5,0.0,0.0,9.029385972045752
34700,0,calendar_2014_test,55.7942118947753,56.0,0.5,0.0,0.0,0.20578810522469837
34701,0,calendar_2014_test,50.906944780894236,34.0,0.5,0.0,0.0,16.906944780894236
34702,0,calendar_2014_test,31.612354129311342,35.0,0.5,0.0,0.0,3.387645870688658
34703,0,calendar_2014_test,32.14832053648057,27.0,0.5,0.0,0.0,5.148320536480568
34704,0,calendar_2014_test,27.208476577291858,26.0,0.5,0.0,0.0,1.208476577291858
34705,0,calendar_2014_test,23.38399189257985,39.0,0.5,0.0,0.0,15.61600810742015
34706,0,calendar_2014_test,42.11013277440427,35.0,0.5,0.0,0.0,7.110132774404271
34707,0,calendar_2014_test,35.93025769440137,38.0,0.5,0.0,0.0,2.0697423055986306
34708,0,calendar_2014_test,38.127624521471084,59.0,0.5,0.0,0.0,20.872375478528916
34709,0,calendar_2014_test,59.30899160145049,69.0,0.5,0.0,0.0,9.691008398549513
34710,0,calendar_2014_test,66.94971118799774,80.0,0.5,0.0,0.0,13.050288812002265
34711,0,calendar_2014_test,76.771922518598,74.0,0.5,0.0,0.0,2.7719225185980036
34712,0,calendar_2014_test,19.691561317349734,59.0,0.5,0.0,0.0,39.30843868265026
34713,0,calendar_2014_test,55.61518399444114,74.0,0.5,0.0,0.0,18.38481600555886
34714,0,calendar_2014_test,74.22315791627479,80.0,0.5,0.0,0.0,5.776842083725214
34715,0,calendar_2014_test,76.02230478674856,84.0,0.5,0.0,0.0,7.977695213251437
34716,0,calendar_2014_test,78.38638046147216,78.0,0.5,0.0,0.0,0.3863804614721573
34717,0,calendar_2014_test,73.0883132024395,70.0,0.5,0.0,0.0,3.088313202439494
34718,0,calendar_2014_test,65.26334532219136,73.0,0.5,0.0,0.0,7.7366546778086445
34719,0,calendar_2014_test,69.34466859660704,71.0,0.5,0.0,0.0,1.6553314033929638
34720,0,calendar_2014_test,66.17490971996094,68.0,0.5,0.0,0.0,1.8250902800390634
34721,0,calendar_2014_test,64.63742326963211,88.0,0.5,0.0,0.0,23.36257673036789
34722,0,calendar_2014_test,84.3932238046519,99.0,0.5,0.0,0.0,14.606776195348104
34723,0,calendar_2014_test,93.63756164867583,104.0,0.5,0.0,0.0,10.362438351324172
34724,0,calendar_2014_test,96.3380554109809,106.0,0.5,0.0,0.0,9.6619445890191
34725,0,calendar_2014_test,98.059809940658,115.0,0.5,0.0,0.0,16.940190059342
34726,0,calendar_2014_test,106.07411784262068,112.0,0.5,0.0,0.0,5.92588215737932
34727,0,calendar_2014_test,99.10796806380579,114.0,0.5,0.0,0.0,14.892031936194215
34728,0,calendar_2014_test,106.9042883910452,107.0,0.5,0.0,0.0,0.09571160895480091
34729,0,calendar_2014_test,94.11635885317551,99.0,0.5,0.0,0.0,4.883641146824488
34730,0,calendar_2014_test,91.48390077600516,81.0,0.5,0.0,0.0,10.483900776005157
34731,0,calendar_2014_test,70.77257535812291,69.0,0.5,0.0,0.0,1.7725753581229071
34732,0,calendar_2014_test,62.5916219527946,69.0,0.5,0.0,0.0,6.408378047205403
34733,0,calendar_2014_test,62.206241838936876,77.0,0.5,0.0,0.0,14.793758161063124
34734,0,calendar_2014_test,21.685923508365942,23.0,0.5,0.0,0.0,1.314076491634058
34735,0,calendar_2014_test,21.978385991522664,21.0,0.5,0.0,0.0,0.9783859915226643
34736,0,calendar_2014_test,21.98461953396679,23.0,0.5,0.0,0.0,1.0153804660332106
34737,0,calendar_2014_test,23.103072855208598,18.0,0.5,0.0,0.0,5.103072855208598
34738,0,calendar_2014_test,18.30751582090817,24.0,0.5,0.0,0.0,5.6924841790918315
34739,0,calendar_2014_test,21.551092124463466,30.0,0.5,0.0,0.0,8.448907875536534
34740,0,calendar_2014_test,27.31358596165822,19.0,0.5,0.0,0.0,8.31358596165822
34741,0,calendar_2014_test,19.473334283148635,23.0,0.5,0.0,0.0,3.5266657168513653
34742,0,calendar_2014_test,23.354176921511094,19.0,0.5,0.0,0.0,4.354176921511094
34743,0,calendar_2014_test,19.778221337139975,22.0,0.5,0.0,0.0,2.221778662860025
34744,0,calendar_2014_test,21.660896495860236,31.0,0.5,0.0,0.0,9.339103504139764
34745,0,calendar_2014_test,29.530783334647914,42.0,0.5,0.0,0.0,12.469216665352086
34746,0,calendar_2014_test,42.89979979671394,41.0,0.5,0.0,0.0,1.8997997967139426
34747,0,calendar_2014_test,41.705472938942656,56.0,0.5,0.0,0.0,14.294527061057344
34748,0,calendar_2014_test,55.504697865032256,72.0,0.5,0.0,0.0,16.495302134967744
34749,0,calendar_2014_test,72.14934853827339,76.0,0.5,0.0,0.0,3.8506514617266134
34750,0,calendar_2014_test,74.18173888776175,87.0,0.5,0.0,0.0,12.818261112238247
34751,0,calendar_2014_test,84.13818904677136,91.0,0.5,0.0,0.0,6.861810953228641
34752,0,calendar_2014_test,84.34785077253923,97.0,0.5,0.0,0.0,12.652149227460768
34753,0,calendar_2014_test,91.67764923913093,110.0,0.5,0.0,0.0,18.32235076086907
34754,0,calendar_2014_test,108.81865512530588,124.0,0.5,0.0,0.0,15.181344874694119
34755,0,calendar_2014_test,116.73202825754588,123.0,0.5,0.0,0.0,6.267971742454122
34756,0,calendar_2014_test,109.95533657888289,110.0,0.5,0.0,0.0,0.044663421117107305
34757,0,calendar_2014_test,99.6406703077228,115.0,0.5,0.0,0.0,15.3593296922772
34758,0,calendar_2014_test,106.54975128837737,120.0,0.5,0.0,0.0,13.450248711622635
34759,0,calendar_2014_test,109.16131507452681,149.0,0.5,0.0,0.0,39.83868492547319
34760,0,calendar_2014_test,143.59899860975094,142.0,0.5,0.0,0.0,1.5989986097509359
34761,0,calendar_2014_test,131.2204938840585,142.0,0.5,0.0,0.0,10.779506115941501
34762,0,calendar_2014_test,133.32818230073278,128.0,0.5,0.0,0.0,5.328182300732777
34763,0,calendar_2014_test,112.74306617401312,120.0,0.5,0.0,0.0,7.256933825986877
34764,0,calendar_2014_test,108.10289551878941,138.0,0.5,0.0,0.0,29.89710448121059
34765,0,calendar_2014_test,128.1850916912462,134.0,0.5,0.0,0.0,5.814908308753786
34766,0,calendar_2014_test,118.68937211933395,153.0,0.5,0.0,0.0,34.31062788066605
34767,0,calendar_2014_test,139.42695231092907,133.0,0.5,0.0,0.0,6.426952310929067
34768,0,calendar_2014_test,112.95276536762287,134.0,0.5,0.0,0.0,21.047234632377126
34769,0,calendar_2014_test,121.849175720859,116.0,0.5,0.0,0.0,5.8491757208589945
34770,0,calendar_2014_test,100.66047218936544,106.0,0.5,0.0,0.0,5.339527810634564
34771,0,calendar_2014_test,91.91048431812494,87.0,0.5,0.0,0.0,4.910484318124944
34772,0,calendar_2014_test,77.83134358462794,83.0,0.5,0.0,0.0,5.168656415372055
34773,0,calendar_2014_test,77.36290097139694,108.0,0.5,0.0,0.0,30.63709902860306
34774,0,calendar_2014_test,101.08703125716988,95.0,0.5,0.0,0.0,6.087031257169883
34775,0,calendar_2014_test,84.35584109860481,104.0,0.5,0.0,0.0,19.644158901395187
34776,0,calendar_2014_test,97.23965621689092,118.0,0.5,0.0,0.0,20.76034378310908
34777,0,calendar_2014_test,112.4969552726825,133.0,0.5,0.0,0.0,20.5030447273175
34778,0,calendar_2014_test,127.33187227280419,151.0,0.5,0.0,0.0,23.66812772719581
34779,0,calendar_2014_test,140.01724873093232,171.0,0.5,0.0,0.0,30.982751269067677
34780,0,calendar_2014_test,153.36559517028508,35.0,0.5,0.0,0.0,118.36559517028508
34781,0,calendar_2014_test,32.24631511760408,26.0,0.5,0.0,0.0,6.246315117604077
34782,0,calendar_2014_test,27.855196003366522,20.0,0.5,0.0,0.0,7.8551960033665225
34783,0,calendar_2014_test,20.337063247743362,25.0,0.5,0.0,0.0,4.662936752256638
34784,0,calendar_2014_test,22.246401989219525,31.0,0.5,0.0,0.0,8.753598010780475
34785,0,calendar_2014_test,32.49446986378213,35.0,0.5,0.0,0.0,2.505530136217871
34786,0,calendar_2014_test,38.60758935494403,39.0,0.5,0.0,0.0,0.3924106450559677
34787,0,calendar_2014_test,39.585152030862744,45.0,0.5,0.0,0.0,5.414847969137256
34788,0,calendar_2014_test,46.58503688570886,29.0,0.5,0.0,0.0,17.58503688570886
34789,0,calendar_2014_test,26.472445829398243,3.0,0.5,0.0,0.0,23.472445829398243
34790,0,calendar_2014_test,11.602243267304187,6.0,0.5,0.0,0.0,5.602243267304187
34791,0,calendar_2014_test,9.907463463200813,7.0,0.5,0.0,0.0,2.9074634632008127
34792,0,calendar_2014_test,9.451230458906842,5.0,0.5,0.0,0.0,4.451230458906842
34793,0,calendar_2014_test,10.59854486386692,4.0,0.5,0.0,0.0,6.59854486386692
34794,0,calendar_2014_test,9.626983472995946,8.0,0.5,0.0,0.0,1.6269834729959456
34795,0,calendar_2014_test,10.428877316223145,6.0,0.5,0.0,0.0,4.428877316223145
34796,0,calendar_2014_test,9.646686684437418,10.0,0.5,0.0,0.0,0.3533133155625823
34797,0,calendar_2014_test,11.30562359120834,7.0,0.5,0.0,0.0,4.30562359120834
34798,0,calendar_2014_test,12.217667527227642,6.0,0.5,0.0,0.0,6.217667527227642
34799,0,calendar_2014_test,12.246822117661225,7.0,0.5,0.0,0.0,5.246822117661225
34800,0,calendar_2014_test,12.246822117661225,12.0,0.5,0.0,0.0,0.24682211766122464
34801,0,calendar_2014_test,15.283672022513644,17.0,0.5,0.0,0.0,1.7163279774863565
34802,0,calendar_2014_test,17.60799776849687,46.0,0.5,0.0,0.0,28.39200223150313
34803,0,calendar_2014_test,42.346975781516704,44.0,0.5,0.0,0.0,1.6530242184832957
34804,0,calendar_2014_test,42.72606727998435,38.0,0.5,0.0,0.0,4.726067279984349
34805,0,calendar_2014_test,38.61206135351241,25.0,0.5,0.0,0.0,13.61206135351241
34806,0,calendar_2014_test,25.325249947016427,16.0,0.5,0.0,0.0,9.325249947016427
34807,0,calendar_2014_test,17.899205100166537,27.0,0.5,0.0,0.0,9.100794899833463
34808,0,calendar_2014_test,25.876456715600913,24.0,0.5,0.0,0.0,1.8764567156009129
34809,0,calendar_2014_test,22.106015874381416,27.0,0.5,0.0,0.0,4.893984125618584
34810,0,calendar_2014_test,25.3144107772524,19.0,0.5,0.0,0.0,6.314410777252402
34811,0,calendar_2014_test,18.71072932781778,15.0,0.5,0.0,0.0,3.7107293278177806
34812,0,calendar_2014_test,15.711940599171061,16.0,0.5,0.0,0.0,0.28805940082893855
34813,0,calendar_2014_test,14.7663611953238,17.0,0.5,0.0,0.0,2.2336388046762004
34814,0,calendar_2014_test,14.84476392679656,17.0,0.5,0.0,0.0,2.15523607320344
34815,0,calendar_2014_test,15.20106395426651,10.0,0.5,0.0,0.0,5.201063954266511
34816,0,calendar_2014_test,11.82040820494768,7.0,0.5,0.0,0.0,4.820408204947681
34817,0,calendar_2014_test,9.414731126838882,7.0,0.5,0.0,0.0,2.4147311268388822
34818,0,calendar_2014_test,9.394616804608152,9.0,0.5,0.0,0.0,0.39461680460815174
34819,0,calendar_2014_test,11.20019511976488,7.0,0.5,0.0,0.0,4.20019511976488
34820,0,calendar_2014_test,12.217667527227642,9.0,0.5,0.0,0.0,3.2176675272276416
34821,0,calendar_2014_test,13.429278030291291,6.0,0.5,0.0,0.0,7.429278030291291
34822,0,calendar_2014_test,12.217667527227642,6.0,0.5,0.0,0.0,6.217667527227642
34823,0,calendar_2014_test,12.246822117661225,8.0,0.5,0.0,0.0,4.246822117661225
34824,0,calendar_2014_test,13.004764198266935,11.0,0.5,0.0,0.0,2.004764198266935
34825,0,calendar_2014_test,14.714998154054124,18.0,0.5,0.0,0.0,3.2850018459458763
34826,0,calendar_2014_test,19.041444548151322,21.0,0.5,0.0,0.0,1.958555451848678
34827,0,calendar_2014_test,22.667035500498756,30.0,0.5,0.0,0.0,7.332964499501244
34828,0,calendar_2014_test,28.608673434783206,26.0,0.5,0.0,0.0,2.6086734347832063
34829,0,calendar_2014_test,24.828677214567136,26.0,0.5,0.0,0.0,1.1713227854328636
34830,0,calendar_2014_test,25.178490721797928,41.0,0.5,0.0,0.0,15.821509278202072
34831,0,calendar_2014_test,43.02230668659679,35.0,0.5,0.0,0.0,8.022306686596792
34832,0,calendar_2014_test,34.282712401355596,39.0,0.5,0.0,0.0,4.717287598644404
34833,0,calendar_2014_test,35.54584204359407,40.0,0.5,0.0,0.0,4.454157956405929
34834,0,calendar_2014_test,36.91015370934657,23.0,0.5,0.0,0.0,13.910153709346567
34835,0,calendar_2014_test,22.740448428381576,27.0,0.5,0.0,0.0,4.259551571618424
34836,0,calendar_2014_test,24.592933266785494,15.0,0.5,0.0,0.0,9.592933266785494
34837,0,calendar_2014_test,15.97738694243745,19.0,0.5,0.0,0.0,3.02261305756255
34838,0,calendar_2014_test,16.86284463323155,19.0,0.5,0.0,0.0,2.13715536676845
34839,0,calendar_2014_test,17.437350404596984,17.0,0.5,0.0,0.0,0.4373504045969838
34840,0,calendar_2014_test,16.994182162263172,17.0,0.5,0.0,0.0,0.005817837736827869
34841,0,calendar_2014_test,16.4331270302547,13.0,0.5,0.0,0.0,3.433127030254699
34842,0,calendar_2014_test,14.48352680772759,10.0,0.5,0.0,0.0,4.483526807727589
34843,0,calendar_2014_test,11.608502848371122,6.0,0.5,0.0,0.0,5.608502848371122
34844,0,calendar_2014_test,9.646686684437418,8.0,0.5,0.0,0.0,1.6466866844374177
34845,0,calendar_2014_test,10.416856226628953,10.0,0.5,0.0,0.0,0.41685622662895305
34846,0,calendar_2014_test,11.176882442769198,6.0,0.5,0.0,0.0,5.176882442769198
34847,0,calendar_2014_test,12.246822117661225,13.0,0.5,0.0,0.0,0.7531778823387754
34848,0,calendar_2014_test,16.246067905711453,19.0,0.5,0.0,0.0,2.7539320942885475
34849,0,calendar_2014_test,20.356939941810115,27.0,0.5,0.0,0.0,6.643060058189885
34850,0,calendar_2014_test,30.20709201261876,31.0,0.5,0.0,0.0,0.7929079873812412
34851,0,calendar_2014_test,31.81487815930819,29.0,0.5,0.0,0.0,2.81487815930819
34852,0,calendar_2014_test,27.938565196398297,39.0,0.5,0.0,0.0,11.061434803601703
34853,0,calendar_2014_test,39.36269198534151,57.0,0.5,0.0,0.0,17.637308014658487
34854,0,calendar_2014_test,56.45226153790656,71.0,0.5,0.0,0.0,14.547738462093442
34855,0,calendar_2014_test,69.63345844977599,68.0,0.5,0.0,0.0,1.6334584497759863
34856,0,calendar_2014_test,65.1130253714654,79.0,0.5,0.0,0.0,13.886974628534603
34857,0,calendar_2014_test,76.48307742153939,89.0,0.5,0.0,0.0,12.516922578460608
34858,0,calendar_2014_test,83.82076941076912,45.0,0.5,0.0,0.0,38.82076941076912
34859,0,calendar_2014_test,42.544367275059884,31.0,0.5,0.0,0.0,11.544367275059884
34860,0,calendar_2014_test,30.95164986669332,21.0,0.5,0.0,0.0,9.95164986669332
34861,0,calendar_2014_test,21.643596562556684,27.0,0.5,0.0,0.0,5.356403437443316
34862,0,calendar_2014_test,25.794894085028588,24.0,0.5,0.0,0.0,1.794894085028588
34863,0,calendar_2014_test,23.618280128173577,30.0,0.5,0.0,0.0,6.381719871826423
34864,0,calendar_2014_test,29.643374285690154,25.0,0.5,0.0,0.0,4.643374285690154
34865,0,calendar_2014_test,25.81354962781876,38.0,0.5,0.0,0.0,12.186450372181241
34866,0,calendar_2014_test,36.583295559235474,43.0,0.5,0.0,0.0,6.416704440764526
34867,0,calendar_2014_test,43.47968153057956,48.0,0.5,0.0,0.0,4.520318469420438
34868,0,calendar_2014_test,47.33298347593778,48.0,0.5,0.0,0.0,0.6670165240622197
34869,0,calendar_2014_test,45.458684993717235,47.0,0.5,0.0,0.0,1.5413150062827654
34870,0,calendar_2014_test,45.43355873043241,63.0,0.5,0.0,0.0,17.56644126956759
34871,0,calendar_2014_test,61.285755150941156,62.0,0.5,0.0,0.0,0.7142448490588436
34872,0,calendar_2014_test,58.41455112880624,67.0,0.5,0.0,0.0,8.585448871193762
34873,0,calendar_2014_test,67.03376240329652,73.0,0.5,0.0,0.0,5.966237596703479
34874,0,calendar_2014_test,71.7870613367251,82.0,0.5,0.0,0.0,10.212938663274898
34875,0,calendar_2014_test,79.37394923034608,94.0,0.5,0.0,0.0,14.626050769653915
34876,0,calendar_2014_test,89.98126259663074,93.0,0.5,0.0,0.0,3.0187374033692578
34877,0,calendar_2014_test,85.94240513570064,89.0,0.5,0.0,0.0,3.057594864299361
34878,0,calendar_2014_test,81.05457142118374,90.0,0.5,0.0,0.0,8.945428578816262
34879,0,calendar_2014_test,83.87735660325859,100.0,0.5,0.0,0.0,16.12264339674141
34880,0,calendar_2014_test,94.81473547302105,103.0,0.5,0.0,0.0,8.185264526978955
34881,0,calendar_2014_test,97.1116697156989,108.0,0.5,0.0,0.0,10.888330284301105
34882,0,calendar_2014_test,99.67926944914758,91.0,0.5,0.0,0.0,8.679269449147583
34883,0,calendar_2014_test,82.36804845943884,83.0,0.5,0.0,0.0,0.6319515405611611
34884,0,calendar_2014_test,78.57230023328793,69.0,0.5,0.0,0.0,9.572300233287933
34885,0,calendar_2014_test,64.86639152017399,64.0,0.5,0.0,0.0,0.8663915201739911
34886,0,calendar_2014_test,58.53717837485716,67.0,0.5,0.0,0.0,8.462821625142837
34887,0,calendar_2014_test,66.48815352732942,62.0,0.5,0.0,0.0,4.488153527329416
34888,0,calendar_2014_test,55.55723117568601,68.0,0.5,0.0,0.0,12.442768824313987
34889,0,calendar_2014_test,62.34578233585601,66.0,0.5,0.0,0.0,3.6542176641439923
34890,0,calendar_2014_test,63.925807261540314,60.0,0.5,0.0,0.0,3.9258072615403137
34891,0,calendar_2014_test,58.50043995065241,73.0,0.5,0.0,0.0,14.499560049347593
34892,0,calendar_2014_test,72.62838745828158,80.0,0.5,0.0,0.0,7.37161254171842
34893,0,calendar_2014_test,74.18671418650287,80.0,0.5,0.0,0.0,5.8132858134971315
34894,0,calendar_2014_test,74.4885733818762,84.0,0.5,0.0,0.0,9.511426618123807
34895,0,calendar_2014_test,77.3219487420638,98.0,0.5,0.0,0.0,20.678051257936204
34896,0,calendar_2014_test,89.54022774303283,99.0,0.5,0.0,0.0,9.45977225696717
34897,0,calendar_2014_test,86.66475366853338,129.0,0.5,0.0,0.0,42.33524633146662
34898,0,calendar_2014_test,124.70742484507818,125.0,0.5,0.0,0.0,0.2925751549218205
34899,0,calendar_2014_test,110.70684739424937,74.0,0.5,0.0,0.0,36.706847394249365
34900,0,calendar_2014_test,64.74727132778646,58.0,0.5,0.0,0.0,6.747271327786464
34901,0,calendar_2014_test,52.97443261298317,79.0,0.5,0.0,0.0,26.025567387016828
34902,0,calendar_2014_test,72.76609719180261,77.0,0.5,0.0,0.0,4.233902808197385
34903,0,calendar_2014_test,73.08253391789924,80.0,0.5,0.0,0.0,6.917466082100759
34904,0,calendar_2014_test,75.36272379208921,85.0,0.5,0.0,0.0,9.637276207910787
34905,0,calendar_2014_test,82.05523848475198,74.0,0.5,0.0,0.0,8.055238484751982
34906,0,calendar_2014_test,63.95944096422558,78.0,0.5,0.0,0.0,14.040559035774422
34907,0,calendar_2014_test,74.35758405871019,90.0,0.5,0.0,0.0,15.642415941289812
34908,0,calendar_2014_test,87.12095509969255,89.0,0.5,0.0,0.0,1.8790449003074485
34909,0,calendar_2014_test,82.18161346619807,68.0,0.5,0.0,0.0,14.181613466198073
34910,0,calendar_2014_test,63.206843963099615,71.0,0.5,0.0,0.0,7.793156036900385
34911,0,calendar_2014_test,64.88569973475545,66.0,0.5,0.0,0.0,1.1143002652445517
34912,0,calendar_2014_test,63.30758199040558,59.0,0.5,0.0,0.0,4.3075819904055805
34913,0,calendar_2014_test,58.47031292087055,49.0,0.5,0.0,0.0,9.470312920870548
34914,0,calendar_2014_test,44.21693623503543,62.0,0.5,0.0,0.0,17.783063764964567
34915,0,calendar_2014_test,60.01684659553124,74.0,0.5,0.0,0.0,13.983153404468759
34916,0,calendar_2014_test,73.06054008394469,81.0,0.5,0.0,0.0,7.939459916055313
34917,0,calendar_2014_test,76.95402853784492,85.0,0.5,0.0,0.0,8.04597146215508
34918,0,calendar_2014_test,82.03789193763926,88.0,0.5,0.0,0.0,5.962108062360741
34919,0,calendar_2014_test,83.3892216060496,87.0,0.5,0.0,0.0,3.6107783939503975
34920,0,calendar_2014_test,81.47172524988895,95.0,0.5,0.0,0.0,13.528274750111052
34921,0,calendar_2014_test,91.18670730540227,121.0,0.5,0.0,0.0,29.813292694597735
34922,0,calendar_2014_test,117.42684462586611,139.0,0.5,0.0,0.0,21.57315537413389
34923,0,calendar_2014_test,129.93824765367356,132.0,0.5,0.0,0.0,2.0617523463264433
34924,0,calendar_2014_test,118.57335466952983,111.0,0.5,0.0,0.0,7.573354669529834
34925,0,calendar_2014_test,98.8535643339142,107.0,0.5,0.0,0.0,8.146435666085793
34926,0,calendar_2014_test,95.92388440849203,102.0,0.5,0.0,0.0,6.076115591507971
34927,0,calendar_2014_test,94.32387046829098,125.0,0.5,0.0,0.0,30.676129531709023
34928,0,calendar_2014_test,117.40114034922559,174.0,0.5,0.0,0.0,56.598859650774415
34929,0,calendar_2014_test,161.659708560474,151.0,0.5,0.0,0.0,10.659708560474002
34930,0,calendar_2014_test,129.19639732298123,154.0,0.5,0.0,0.0,24.803602677018773
34931,0,calendar_2014_test,141.12404892089532,163.0,0.5,0.0,0.0,21.87595107910468
34932,0,calendar_2014_test,150.40761722657703,148.0,0.5,0.0,0.0,2.407617226577031
34933,0,calendar_2014_test,130.0945537759485,152.0,0.5,0.0,0.0,21.905446224051502
34934,0,calendar_2014_test,138.43329033147035,151.0,0.5,0.0,0.0,12.566709668529654
34935,0,calendar_2014_test,136.19795408398556,160.0,0.5,0.0,0.0,23.802045916014436
34936,0,calendar_2014_test,150.0331096201436,173.0,0.5,0.0,0.0,22.96689037985641
34937,0,calendar_2014_test,162.17538956212653,196.0,0.5,0.0,0.0,33.824610437873474
34938,0,calendar_2014_test,176.90360766944283,181.0,0.5,0.0,0.0,4.0963923305571655
34939,0,calendar_2014_test,159.9402715389859,183.0,0.5,0.0,0.0,23.05972846101409
34940,0,calendar_2014_test,164.7690924553293,130.0,0.5,0.0,0.0,34.769092455329286
34941,0,calendar_2014_test,108.14499525960149,158.0,0.5,0.0,0.0,49.85500474039851
34942,0,calendar_2014_test,152.71963387917108,164.0,0.5,0.0,0.0,11.280366120828916
34943,0,calendar_2014_test,151.4119041524029,149.0,0.5,0.0,0.0,2.4119041524029114
34944,0,calendar_2014_test,136.0124648562597,141.0,0.5,0.0,0.0,4.987535143740303
34945,0,calendar_2014_test,133.10138157055422,143.0,0.5,0.0,0.0,9.898618429445776
34946,0,calendar_2014_test,135.95107815513487,143.0,0.5,0.0,0.0,7.048921844865134
34947,0,calendar_2014_test,134.04913761278968,138.0,0.5,0.0,0.0,3.9508623872103215
34948,0,calendar_2014_test,124.67500680338779,102.0,0.5,0.0,0.0,22.675006803387788
34949,0,calendar_2014_test,85.18009739734718,100.0,0.5,0.0,0.0,14.819902602652817
34950,0,calendar_2014_test,92.93396607234888,107.0,0.5,0.0,0.0,14.06603392765112
34951,0,calendar_2014_test,100.37868494910741,131.0,0.5,0.0,0.0,30.62131505089259
34952,0,calendar_2014_test,123.38722933566908,139.0,0.5,0.0,0.0,15.612770664330924
34953,0,calendar_2014_test,126.56213689385942,121.0,0.5,0.0,0.0,5.562136893859417
34954,0,calendar_2014_test,109.17874105538688,97.0,0.5,0.0,0.0,12.17874105538688
34955,0,calendar_2014_test,81.76045536499657,86.0,0.5,0.0,0.0,4.239544635003426
34956,0,calendar_2014_test,78.07580808426694,85.0,0.5,0.0,0.0,6.924191915733061
34957,0,calendar_2014_test,81.77404279729323,79.0,0.5,0.0,0.0,2.7740427972932338
34958,0,calendar_2014_test,74.04656726701592,80.0,0.5,0.0,0.0,5.9534327329840835
34959,0,calendar_2014_test,74.6765291732606,105.0,0.5,0.0,0.0,30.323470826739396
34960,0,calendar_2014_test,95.60054954120663,61.0,0.5,0.0,0.0,34.60054954120663
34961,0,calendar_2014_test,56.43885360906565,58.0,0.5,0.0,0.0,1.561146390934347
34962,0,calendar_2014_test,55.73868623820752,55.0,0.5,0.0,0.0,0.7386862382075208
34963,0,calendar_2014_test,50.98908181548963,65.0,0.5,0.0,0.0,14.010918184510373
34964,0,calendar_2014_test,65.88814642356864,78.0,0.5,0.0,0.0,12.111853576431358
34965,0,calendar_2014_test,76.34020331808526,79.0,0.5,0.0,0.0,2.6597966819147416
34966,0,calendar_2014_test,72.66134556956668,71.0,0.5,0.0,0.0,1.6613455695666772
34967,0,calendar_2014_test,65.97971960277536,72.0,0.5,0.0,0.0,6.020280397224639
34968,0,calendar_2014_test,69.89019782723337,75.0,0.5,0.0,0.0,5.109802172766635
34969,0,calendar_2014_test,71.80538645845205,93.0,0.5,0.0,0.0,21.19461354154795
34970,0,calendar_2014_test,89.02215625498411,99.0,0.5,0.0,0.0,9.977843745015889
34971,0,calendar_2014_test,92.35278880166068,104.0,0.5,0.0,0.0,11.64721119833932
34972,0,calendar_2014_test,98.9221535112763,104.0,0.5,0.0,0.0,5.077846488723694
34973,0,calendar_2014_test,97.20120382939233,103.0,0.5,0.0,0.0,5.798796170607673
34974,0,calendar_2014_test,95.52163195573371,96.0,0.5,0.0,0.0,0.47836804426628987
34975,0,calendar_2014_test,89.16947347434007,95.0,0.5,0.0,0.0,5.830526525659934
34976,0,calendar_2014_test,87.82787489584246,87.0,0.5,0.0,0.0,0.8278748958424558
34977,0,calendar_2014_test,82.60823733964176,96.0,0.5,0.0,0.0,13.39176266035824
34978,0,calendar_2014_test,91.0759052077218,102.0,0.5,0.0,0.0,10.924094792278197
34979,0,calendar_2014_test,94.82268179604206,101.0,0.5,0.0,0.0,6.177318203957938
34980,0,calendar_2014_test,93.09873334666221,106.0,0.5,0.0,0.0,12.901266653337785
34981,0,calendar_2014_test,99.18679063676038,109.0,0.5,0.0,0.0,9.813209363239622
34982,0,calendar_2014_test,100.13261169166215,123.0,0.5,0.0,0.0,22.86738830833785
34983,0,calendar_2014_test,115.6378376858645,132.0,0.5,0.0,0.0,16.362162314135503
34984,0,calendar_2014_test,122.6188190865863,139.0,0.5,0.0,0.0,16.3811809134137
34985,0,calendar_2014_test,126.02528582128834,144.0,0.5,0.0,0.0,17.974714178711665
34986,0,calendar_2014_test,133.96758259043332,153.0,0.5,0.0,0.0,19.032417409566676
34987,0,calendar_2014_test,138.55248531778028,146.0,0.5,0.0,0.0,7.447514682219719
34988,0,calendar_2014_test,132.0670867176066,163.0,0.5,0.0,0.0,30.9329132823934
34989,0,calendar_2014_test,146.14063273530053,95.0,0.5,0.0,0.0,51.14063273530053
34990,0,calendar_2014_test,77.58909872218477,149.0,0.5,0.0,0.0,71.41090127781523
34991,0,calendar_2014_test,141.26678550176533,157.0,0.5,0.0,0.0,15.733214498234673
34992,0,calendar_2014_test,144.42509625874783,163.0,0.5,0.0,0.0,18.57490374125217
34993,0,calendar_2014_test,150.68603664707084,175.0,0.5,0.0,0.0,24.313963352929164
34994,0,calendar_2014_test,153.42297194598225,84.0,0.5,0.0,0.0,69.42297194598225
34995,0,calendar_2014_test,65.02067618417404,25.0,0.5,0.0,0.0,40.020676184174036
34996,0,calendar_2014_test,31.876835699407785,21.0,0.5,0.0,0.0,10.876835699407785
34997,0,calendar_2014_test,23.657535747398406,36.0,0.5,0.0,0.0,12.342464252601594
34998,0,calendar_2014_test,40.945507114852646,50.0,0.5,0.0,0.0,9.054492885147354
34999,0,calendar_2014_test,49.76167953756225,59.0,0.5,0.0,0.0,9.238320462437748
35000,0,calendar_2014_test,57.17348257692554,49.0,0.5,0.0,0.0,8.173482576925537
35001,0,calendar_2014_test,43.13760453165226,30.0,0.5,0.0,0.0,13.137604531652258
35002,0,calendar_2014_test,30.634433330104248,28.0,0.5,0.0,0.0,2.6344333301042475
35003,0,calendar_2014_test,26.519880314930635,27.0,0.5,0.0,0.0,0.480119685069365
35004,0,calendar_2014_test,24.702711656290102,21.0,0.5,0.0,0.0,3.702711656290102
35005,0,calendar_2014_test,26.007558784459526,21.0,0.5,0.0,0.0,5.007558784459526
35006,0,calendar_2014_test,21.015644825570128,25.0,0.5,0.0,0.0,3.984355174429872
35007,0,calendar_2014_test,22.47401038551878,34.0,0.5,0.0,0.0,11.525989614481219
35008,0,calendar_2014_test,32.109102573452695,37.0,0.5,0.0,0.0,4.890897426547305
35009,0,calendar_2014_test,37.14185653748117,39.0,0.5,0.0,0.0,1.8581434625188322
35010,0,calendar_2014_test,36.88161602622854,36.0,0.5,0.0,0.0,0.8816160262285422
35011,0,calendar_2014_test,34.152395233878295,19.0,0.5,0.0,0.0,15.152395233878295
35012,0,calendar_2014_test,22.679637928301158,23.0,0.5,0.0,0.0,0.3203620716988418
35013,0,calendar_2014_test,23.1059762879607,24.0,0.5,0.0,0.0,0.8940237120392993
35014,0,calendar_2014_test,24.932846529368764,25.0,0.5,0.0,0.0,0.06715347063123644
35015,0,calendar_2014_test,23.625541954256526,12.0,0.5,0.0,0.0,11.625541954256526
35016,0,calendar_2014_test,14.305293968872217,9.0,0.5,0.0,0.0,5.305293968872217
35017,0,calendar_2014_test,11.082368581473428,8.0,0.5,0.0,0.0,3.0823685814734283
35018,0,calendar_2014_test,10.314667983524757,10.0,0.5,0.0,0.0,0.3146679835247568
35019,0,calendar_2014_test,11.256487222100679,6.0,0.5,0.0,0.0,5.256487222100679
35020,0,calendar_2014_test,9.414731126838882,11.0,0.5,0.0,0.0,1.5852688731611178
35021,0,calendar_2014_test,13.1712610744846,10.0,0.5,0.0,0.0,3.1712610744845993
35022,0,calendar_2014_test,10.92083628785462,9.0,0.5,0.0,0.0,1.9208362878546197
35023,0,calendar_2014_test,10.652291839361757,9.0,0.5,0.0,0.0,1.652291839361757
35024,0,calendar_2014_test,11.858048339553507,12.0,0.5,0.0,0.0,0.14195166044649277
35025,0,calendar_2014_test,12.684638994085706,9.0,0.5,0.0,0.0,3.684638994085706
35026,0,calendar_2014_test,10.652291839361757,7.0,0.5,0.0,0.0,3.652291839361757
35027,0,calendar_2014_test,9.394616804608152,6.0,0.5,0.0,0.0,3.3946168046081517
35028,0,calendar_2014_test,9.394616804608152,14.0,0.5,0.0,0.0,4.605383195391848
35029,0,calendar_2014_test,13.231658132322773,11.0,0.5,0.0,0.0,2.2316581323227727
35030,0,calendar_2014_test,12.002012484323197,17.0,0.5,0.0,0.0,4.997987515676803
35031,0,calendar_2014_test,14.379557765027714,16.0,0.5,0.0,0.0,1.6204422349722858
35032,0,calendar_2014_test,16.132238178504426,13.0,0.5,0.0,0.0,3.1322381785044264
35033,0,calendar_2014_test,14.159569005666793,8.0,0.5,0.0,0.0,6.159569005666793
35034,0,calendar_2014_test,10.61610996384309,12.0,0.5,0.0,0.0,1.3838900361569095
35035,0,calendar_2014_test,15.182002292781881,10.0,0.5,0.0,0.0,5.182002292781881
35036,0,calendar_2014_test,12.124353236324113,12.0,0.5,0.0,0.0,0.12435323632411333
35037,0,calendar_2014_test,15.125776283640914,11.0,0.5,0.0,0.0,4.1257762836409135
35038,0,calendar_2014_test,14.65915175024181,16.0,0.5,0.0,0.0,1.3408482497581904
35039,0,calendar_2014_test,17.257231020885946,12.0,0.5,0.0,0.0,5.257231020885946
35040,0,calendar_2014_test,15.519305930085242,11.0,0.5,0.0,0.0,4.519305930085242
35041,0,calendar_2014_test,14.688306340675393,15.0,0.5,0.0,0.0,0.31169365932460735
35042,0,calendar_2014_test,17.257231020885946,21.0,0.5,0.0,0.0,3.7427689791140537
35043,0,calendar_2014_test,20.718421824297007,19.0,0.5,0.0,0.0,1.7184218242970069
35044,0,calendar_2014_test,19.419469910723713,23.0,0.5,0.0,0.0,3.5805300892762872
35045,0,calendar_2014_test,22.230167238762043,23.0,0.5,0.0,0.0,0.7698327612379572
35046,0,calendar_2014_test,22.294310443978347,51.0,0.5,0.0,0.0,28.705689556021653
35047,0,calendar_2014_test,45.848982175848825,38.0,0.5,0.0,0.0,7.848982175848825
35048,0,calendar_2014_test,36.40931996914624,47.0,0.5,0.0,0.0,10.590680030853761
35049,0,calendar_2014_test,46.74870635592491,50.0,0.5,0.0,0.0,3.2512936440750906
35050,0,calendar_2014_test,46.88472784708472,54.0,0.5,0.0,0.0,7.115272152915281
35051,0,calendar_2014_test,49.872090243829746,53.0,0.5,0.0,0.0,3.1279097561702542
35052,0,calendar_2014_test,48.081682520919124,56.0,0.5,0.0,0.0,7.918317479080876
35053,0,calendar_2014_test,53.42128101127689,81.0,0.5,0.0,0.0,27.57871898872311
35054,0,calendar_2014_test,79.6227513153179,48.0,0.5,0.0,0.0,31.6227513153179
35055,0,calendar_2014_test,45.175838541018344,44.0,0.5,0.0,0.0,1.1758385410183436
35056,0,calendar_2014_test,43.67171218400095,27.0,0.5,0.0,0.0,16.671712184000953
35057,0,calendar_2014_test,26.933699133869926,31.0,0.5,0.0,0.0,4.066300866130074
35058,0,calendar_2014_test,32.30046678070275,45.0,0.5,0.0,0.0,12.699533219297251
35059,0,calendar_2014_test,44.81236780843287,33.0,0.5,0.0,0.0,11.812367808432867
35060,0,calendar_2014_test,34.90248130147345,17.0,0.5,0.0,0.0,17.90248130147345
35061,0,calendar_2014_test,19.929215504624068,15.0,0.5,0.0,0.0,4.929215504624068
35062,0,calendar_2014_test,18.39762624622785,27.0,0.5,0.0,0.0,8.602373753772149
35063,0,calendar_2014_test,30.959287462870833,35.0,0.5,0.0,0.0,4.040712537129167
35064,0,calendar_2014_test,36.320072668735534,31.0,0.5,0.0,0.0,5.320072668735534
35065,0,calendar_2014_test,33.42220701307062,38.0,0.5,0.0,0.0,4.577792986929381
35066,0,calendar_2014_test,41.45698249578096,60.0,0.5,0.0,0.0,18.543017504219037
35067,0,calendar_2014_test,60.049758444254095,49.0,0.5,0.0,0.0,11.049758444254095
35068,0,calendar_2014_test,47.196974074923645,52.0,0.5,0.0,0.0,4.803025925076355
35069,0,calendar_2014_test,50.29323321681621,60.0,0.5,0.0,0.0,9.706766783183788
35070,0,calendar_2014_test,58.226232857708496,61.0,0.5,0.0,0.0,2.7737671422915042
35071,0,calendar_2014_test,59.6837215939348,64.0,0.5,0.0,0.0,4.3162784060652015
35072,0,calendar_2014_test,63.92793475691117,74.0,0.5,0.0,0.0,10.07206524308883
35073,0,calendar_2014_test,73.6348800267253,80.0,0.5,0.0,0.0,6.365119973274702
35074,0,calendar_2014_test,76.59864857397454,76.0,0.5,0.0,0.0,0.5986485739745433
35075,0,calendar_2014_test,73.48110440855945,70.0,0.5,0.0,0.0,3.481104408559446
35076,0,calendar_2014_test,63.730260065631995,73.0,0.5,0.0,0.0,9.269739934368005
35077,0,calendar_2014_test,67.88472874299272,86.0,0.5,0.0,0.0,18.11527125700728
35078,0,calendar_2014_test,83.4124633113515,93.0,0.5,0.0,0.0,9.587536688648498
35079,0,calendar_2014_test,87.62409172403324,96.0,0.5,0.0,0.0,8.375908275966765
35080,0,calendar_2014_test,87.48101836467052,109.0,0.5,0.0,0.0,21.51898163532948
35081,0,calendar_2014_test,97.80559283145537,109.0,0.5,0.0,0.0,11.194407168544629
35082,0,calendar_2014_test,97.19504986965369,114.0,0.5,0.0,0.0,16.804950130346313
35083,0,calendar_2014_test,105.15812390138699,90.0,0.5,0.0,0.0,15.158123901386986
35084,0,calendar_2014_test,78.81706671703854,74.0,0.5,0.0,0.0,4.817066717038543
35085,0,calendar_2014_test,66.01831541361803,75.0,0.5,0.0,0.0,8.981684586381974
35086,0,calendar_2014_test,72.33260517222418,68.0,0.5,0.0,0.0,4.332605172224177
35087,0,calendar_2014_test,64.33826716515041,70.0,0.5,0.0,0.0,5.6617328348495874
35088,0,calendar_2014_test,65.4786704886374,88.0,0.5,0.0,0.0,22.521329511362595
35089,0,calendar_2014_test,83.87166031201816,143.0,0.5,0.0,0.0,59.128339687981835
35090,0,calendar_2014_test,137.9400683232903,155.0,0.5,0.0,0.0,17.05993167670971
35091,0,calendar_2014_test,144.83401079682199,147.0,0.5,0.0,0.0,2.1659892031780146
35092,0,calendar_2014_test,132.6195982639404,143.0,0.5,0.0,0.0,10.38040173605961
35093,0,calendar_2014_test,132.64209510538225,148.0,0.5,0.0,0.0,15.357904894617747
35094,0,calendar_2014_test,137.96406263992915,157.0,0.5,0.0,0.0,19.035937360070847
35095,0,calendar_2014_test,146.82877131117073,152.0,0.5,0.0,0.0,5.171228688829274
35096,0,calendar_2014_test,136.53644403934837,152.0,0.5,0.0,0.0,15.463555960651632
35097,0,calendar_2014_test,136.12704843578564,147.0,0.5,0.0,0.0,10.872951564214361
35098,0,calendar_2014_test,134.34313299265665,143.0,0.5,0.0,0.0,8.656867007343351
35099,0,calendar_2014_test,131.57558156659994,139.0,0.5,0.0,0.0,7.424418433400064
35100,0,calendar_2014_test,127.27252067246991,142.0,0.5,0.0,0.0,14.72747932753009
35101,0,calendar_2014_test,133.45077187991475,139.0,0.5,0.0,0.0,5.549228120085246
35102,0,calendar_2014_test,127.52407228491403,133.0,0.5,0.0,0.0,5.475927715085973
35103,0,calendar_2014_test,118.26045902631483,137.0,0.5,0.0,0.0,18.739540973685166
35104,0,calendar_2014_test,126.14770910148889,138.0,0.5,0.0,0.0,11.852290898511114
35105,0,calendar_2014_test,127.99547841032916,138.0,0.5,0.0,0.0,10.004521589670844
35106,0,calendar_2014_test,126.88751651117929,132.0,0.5,0.0,0.0,5.112483488820715
35107,0,calendar_2014_test,118.54312250621972,135.0,0.5,0.0,0.0,16.456877493780283
35108,0,calendar_2014_test,124.70816487008717,127.0,0.5,0.0,0.0,2.291835129912826
35109,0,calendar_2014_test,115.11406820231056,109.0,0.5,0.0,0.0,6.114068202310563
35110,0,calendar_2014_test,93.45281520978152,94.0,0.5,0.0,0.0,0.5471847902184805
35111,0,calendar_2014_test,83.83624267089141,100.0,0.5,0.0,0.0,16.16375732910859
35112,0,calendar_2014_test,95.32200644170003,110.0,0.5,0.0,0.0,14.677993558299974
35113,0,calendar_2014_test,110.69881046328442,123.0,0.5,0.0,0.0,12.301189536715583
35114,0,calendar_2014_test,120.36392016672625,132.0,0.5,0.0,0.0,11.636079833273755
35115,0,calendar_2014_test,123.78429635144005,138.0,0.5,0.0,0.0,14.215703648559952
35116,0,calendar_2014_test,126.36622628048967,151.0,0.5,0.0,0.0,24.63377371951033
35117,0,calendar_2014_test,138.97452947565822,162.0,0.5,0.0,0.0,23.025470524341785
35118,0,calendar_2014_test,148.6807727796268,155.0,0.5,0.0,0.0,6.319227220373193
35119,0,calendar_2014_test,145.71354417369528,143.0,0.5,0.0,0.0,2.713544173695283
35120,0,calendar_2014_test,128.81248256468984,145.0,0.5,0.0,0.0,16.187517435310156
35121,0,calendar_2014_test,137.64682613787463,147.0,0.5,0.0,0.0,9.353173862125374
35122,0,calendar_2014_test,137.10476388150562,154.0,0.5,0.0,0.0,16.89523611849438
35123,0,calendar_2014_test,144.55912404747457,163.0,0.5,0.0,0.0,18.44087595252543
35124,0,calendar_2014_test,150.8809667004678,170.0,0.5,0.0,0.0,19.11903329953219
35125,0,calendar_2014_test,158.14904344846903,174.0,0.5,0.0,0.0,15.85095655153097
35126,0,calendar_2014_test,161.2567968888367,196.0,0.5,0.0,0.0,34.7432031111633
35127,0,calendar_2014_test,170.07047656582841,207.0,0.5,0.0,0.0,36.929523434171585
35128,0,calendar_2014_test,190.22867370554954,198.0,0.5,0.0,0.0,7.771326294450461
35129,0,calendar_2014_test,170.3522182076497,176.0,0.5,0.0,0.0,5.647781792350287
35130,0,calendar_2014_test,156.4917669278724,111.0,0.5,0.0,0.0,45.49176692787239
35131,0,calendar_2014_test,94.02202775424027,85.0,0.5,0.0,0.0,9.02202775424027
35132,0,calendar_2014_test,72.8358446600388,79.0,0.5,0.0,0.0,6.164155339961198
35133,0,calendar_2014_test,72.98081405131435,100.0,0.5,0.0,0.0,27.019185948685646
35134,0,calendar_2014_test,96.59280022840801,105.0,0.5,0.0,0.0,8.40719977159199
35135,0,calendar_2014_test,97.68337328521454,110.0,0.5,0.0,0.0,12.316626714785457
35136,0,calendar_2014_test,105.87015562008283,123.0,0.5,0.0,0.0,17.129844379917174
35137,0,calendar_2014_test,123.34066014116723,124.0,0.5,0.0,0.0,0.6593398588327659
35138,0,calendar_2014_test,114.83279207673506,129.0,0.5,0.0,0.0,14.16720792326494
35139,0,calendar_2014_test,117.87963463616674,140.0,0.5,0.0,0.0,22.12036536383326
35140,0,calendar_2014_test,128.62937190207924,156.0,0.5,0.0,0.0,27.370628097920758
35141,0,calendar_2014_test,142.4482811771698,104.0,0.5,0.0,0.0,38.448281177169804
35142,0,calendar_2014_test,85.46112974933136,2.0,0.5,0.0,0.0,83.46112974933136
35143,0,calendar_2014_test,13.995835781054788,2.0,0.5,0.0,0.0,11.995835781054788
35144,0,calendar_2014_test,11.79363882978475,6.0,0.5,0.0,0.0,5.793638829784751
35145,0,calendar_2014_test,11.754024110102185,5.0,0.5,0.0,0.0,6.7540241101021845
35146,0,calendar_2014_test,9.414731126838882,5.0,0.5,0.0,0.0,4.414731126838882
35147,0,calendar_2014_test,9.414731126838882,6.0,0.5,0.0,0.0,3.4147311268388822
35148,0,calendar_2014_test,9.394616804608152,3.0,0.5,0.0,0.0,6.394616804608152
35149,0,calendar_2014_test,9.394616804608152,3.0,0.5,0.0,0.0,6.394616804608152
35150,0,calendar_2014_test,9.394616804608152,7.0,0.5,0.0,0.0,2.3946168046081517
35151,0,calendar_2014_test,9.931280250076405,7.0,0.5,0.0,0.0,2.931280250076405
35152,0,calendar_2014_test,9.414731126838882,3.0,0.5,0.0,0.0,6.414731126838882
35153,0,calendar_2014_test,9.394616804608152,3.0,0.5,0.0,0.0,6.394616804608152
35154,0,calendar_2014_test,9.962634407242012,4.0,0.5,0.0,0.0,5.962634407242012
35155,0,calendar_2014_test,9.750382061084943,6.0,0.5,0.0,0.0,3.7503820610849434
35156,0,calendar_2014_test,9.982337618683482,6.0,0.5,0.0,0.0,3.9823376186834825
35157,0,calendar_2014_test,12.217667527227642,4.0,0.5,0.0,0.0,8.217667527227642
35158,0,calendar_2014_test,12.217667527227642,10.0,0.5,0.0,0.0,2.2176675272276416
35159,0,calendar_2014_test,13.828945470576828,15.0,0.5,0.0,0.0,1.1710545294231718
35160,0,calendar_2014_test,17.28692216417193,12.0,0.5,0.0,0.0,5.28692216417193
35161,0,calendar_2014_test,15.519305930085242,14.0,0.5,0.0,0.0,1.5193059300852418
35162,0,calendar_2014_test,14.882850648127855,20.0,0.5,0.0,0.0,5.117149351872145
35163,0,calendar_2014_test,19.566454629785678,19.0,0.5,0.0,0.0,0.5664546297856781
35164,0,calendar_2014_test,18.783559454098818,22.0,0.5,0.0,0.0,3.2164405459011824
35165,0,calendar_2014_test,21.136586820616024,30.0,0.5,0.0,0.0,8.863413179383976
35166,0,calendar_2014_test,29.541531099041073,37.0,0.5,0.0,0.0,7.458468900958927
35167,0,calendar_2014_test,36.00110702339662,39.0,0.5,0.0,0.0,2.998892976603379
35168,0,calendar_2014_test,36.23427760555616,45.0,0.5,0.0,0.0,8.765722394443841
35169,0,calendar_2014_test,44.90061728653349,42.0,0.5,0.0,0.0,2.900617286533489
35170,0,calendar_2014_test,41.74292723736085,39.0,0.5,0.0,0.0,2.7429272373608526
35171,0,calendar_2014_test,36.55980721992099,25.0,0.5,0.0,0.0,11.559807219920991
35172,0,calendar_2014_test,24.360078448365126,23.0,0.5,0.0,0.0,1.360078448365126
35173,0,calendar_2014_test,21.777058455980438,17.0,0.5,0.0,0.0,4.777058455980438
35174,0,calendar_2014_test,16.400128973317354,27.0,0.5,0.0,0.0,10.599871026682646
35175,0,calendar_2014_test,28.763932685121308,19.0,0.5,0.0,0.0,9.763932685121308
35176,0,calendar_2014_test,19.697197176569095,22.0,0.5,0.0,0.0,2.3028028234309055
35177,0,calendar_2014_test,24.556585014502588,31.0,0.5,0.0,0.0,6.443414985497412
35178,0,calendar_2014_test,32.13075347140358,43.0,0.5,0.0,0.0,10.86924652859642
35179,0,calendar_2014_test,43.00375030239819,54.0,0.5,0.0,0.0,10.996249697601812
35180,0,calendar_2014_test,51.8425481525305,45.0,0.5,0.0,0.0,6.842548152530497
35181,0,calendar_2014_test,45.05385172970937,44.0,0.5,0.0,0.0,1.053851729709372
35182,0,calendar_2014_test,44.48403901591229,35.0,0.5,0.0,0.0,9.484039015912288
35183,0,calendar_2014_test,36.886221500307606,41.0,0.5,0.0,0.0,4.113778499692394
35184,0,calendar_2014_test,42.823555804786366,46.0,0.5,0.0,0.0,3.1764441952136337
35185,0,calendar_2014_test,47.22291428538698,47.0,0.5,0.0,0.0,0.22291428538697744
35186,0,calendar_2014_test,45.980336551571064,61.0,0.5,0.0,0.0,15.019663448428936
35187,0,calendar_2014_test,58.978584876814814,80.0,0.5,0.0,0.0,21.021415123185186
35188,0,calendar_2014_test,79.32426643157649,52.0,0.5,0.0,0.0,27.32426643157649
35189,0,calendar_2014_test,47.89471845287379,41.0,0.5,0.0,0.0,6.894718452873789
35190,0,calendar_2014_test,40.48064325399221,46.0,0.5,0.0,0.0,5.519356746007787
35191,0,calendar_2014_test,45.5332610583405,44.0,0.5,0.0,0.0,1.5332610583405
35192,0,calendar_2014_test,43.31417146522508,54.0,0.5,0.0,0.0,10.68582853477492
35193,0,calendar_2014_test,52.409038197743186,59.0,0.5,0.0,0.0,6.590961802256814
35194,0,calendar_2014_test,60.468611337609154,79.0,0.5,0.0,0.0,18.531388662390846
35195,0,calendar_2014_test,77.69876777394963,115.0,0.5,0.0,0.0,37.301232226050374
35196,0,calendar_2014_test,111.61057889390712,96.0,0.5,0.0,0.0,15.610578893907118
35197,0,calendar_2014_test,83.39056751619184,108.0,0.5,0.0,0.0,24.609432483808163
35198,0,calendar_2014_test,99.16970274053381,112.0,0.5,0.0,0.0,12.830297259466192
35199,0,calendar_2014_test,104.46045535171771,118.0,0.5,0.0,0.0,13.539544648282288
35200,0,calendar_2014_test,108.34919120965091,92.0,0.5,0.0,0.0,16.34919120965091
35201,0,calendar_2014_test,79.87089720319781,74.0,0.5,0.0,0.0,5.8708972031978135
35202,0,calendar_2014_test,65.28834787616019,50.0,0.5,0.0,0.0,15.288347876160188
35203,0,calendar_2014_test,44.420460849671535,36.0,0.5,0.0,0.0,8.420460849671535
35204,0,calendar_2014_test,34.71163212626348,30.0,0.5,0.0,0.0,4.711632126263481
35205,0,calendar_2014_test,32.25246370980761,38.0,0.5,0.0,0.0,5.747536290192393
35206,0,calendar_2014_test,39.45575763850572,36.0,0.5,0.0,0.0,3.455757638505723
35207,0,calendar_2014_test,36.25376606235277,43.0,0.5,0.0,0.0,6.746233937647233
35208,0,calendar_2014_test,44.4616171439919,48.0,0.5,0.0,0.0,3.5383828560080985
35209,0,calendar_2014_test,48.55336230150565,57.0,0.5,0.0,0.0,8.44663769849435
35210,0,calendar_2014_test,54.851981867554464,65.0,0.5,0.0,0.0,10.148018132445536
35211,0,calendar_2014_test,65.39411044393992,83.0,0.5,0.0,0.0,17.605889556060077
35212,0,calendar_2014_test,83.85008661475865,95.0,0.5,0.0,0.0,11.149913385241348
35213,0,calendar_2014_test,91.18058718485743,82.0,0.5,0.0,0.0,9.18058718485743
35214,0,calendar_2014_test,73.00359859322225,61.0,0.5,0.0,0.0,12.00359859322225
35215,0,calendar_2014_test,56.28287907109841,73.0,0.5,0.0,0.0,16.717120928901593
35216,0,calendar_2014_test,73.44609032956356,77.0,0.5,0.0,0.0,3.5539096704364397
35217,0,calendar_2014_test,74.41978611326267,86.0,0.5,0.0,0.0,11.580213886737326
35218,0,calendar_2014_test,83.34507335788089,81.0,0.5,0.0,0.0,2.345073357880892
35219,0,calendar_2014_test,74.94665264563348,81.0,0.5,0.0,0.0,6.053347354366522
35220,0,calendar_2014_test,75.68296962474531,89.0,0.5,0.0,0.0,13.317030375254689
35221,0,calendar_2014_test,82.17269966739599,91.0,0.5,0.0,0.0,8.827300332604011
35222,0,calendar_2014_test,84.8292969180729,94.0,0.5,0.0,0.0,9.170703081927101
35223,0,calendar_2014_test,88.61785222811312,108.0,0.5,0.0,0.0,19.382147771886878
35224,0,calendar_2014_test,99.16290355123938,101.0,0.5,0.0,0.0,1.8370964487606187
35225,0,calendar_2014_test,93.70351748545204,93.0,0.5,0.0,0.0,0.7035174854520392
35226,0,calendar_2014_test,88.23532052499932,88.0,0.5,0.0,0.0,0.23532052499932377
35227,0,calendar_2014_test,82.11447013899877,84.0,0.5,0.0,0.0,1.8855298610012312
35228,0,calendar_2014_test,77.07064423319939,91.0,0.5,0.0,0.0,13.929355766800612
35229,0,calendar_2014_test,86.4809033049422,92.0,0.5,0.0,0.0,5.519096695057797
35230,0,calendar_2014_test,86.59239690456643,88.0,0.5,0.0,0.0,1.407603095433572
35231,0,calendar_2014_test,83.35177866245151,116.0,0.5,0.0,0.0,32.64822133754849
35232,0,calendar_2014_test,103.09929566063329,120.0,0.5,0.0,0.0,16.900704339366712
35233,0,calendar_2014_test,108.0596137504244,124.0,0.5,0.0,0.0,15.940386249575596
35234,0,calendar_2014_test,115.20290919469898,113.0,0.5,0.0,0.0,2.202909194698975
35235,0,calendar_2014_test,100.85441549263282,104.0,0.5,0.0,0.0,3.1455845073671753
35236,0,calendar_2014_test,90.6457480686992,106.0,0.5,0.0,0.0,15.354251931300794
35237,0,calendar_2014_test,93.39559933142206,121.0,0.5,0.0,0.0,27.604400668577938
35238,0,calendar_2014_test,117.24506617420566,124.0,0.5,0.0,0.0,6.754933825794339
35239,0,calendar_2014_test,115.719985411986,135.0,0.5,0.0,0.0,19.280014588013998
35240,0,calendar_2014_test,127.3365891291315,147.0,0.5,0.0,0.0,19.663410870868503
35241,0,calendar_2014_test,136.47905008425786,82.0,0.5,0.0,0.0,54.479050084257864
35242,0,calendar_2014_test,64.49587587328416,60.0,0.5,0.0,0.0,4.495875873284163
35243,0,calendar_2014_test,54.09728353414146,60.0,0.5,0.0,0.0,5.902716465858539
35244,0,calendar_2014_test,59.31596070411067,52.0,0.5,0.0,0.0,7.3159607041106725
35245,0,calendar_2014_test,50.39852327832022,54.0,0.5,0.0,0.0,3.6014767216797807
35246,0,calendar_2014_test,49.826717508462046,59.0,0.5,0.0,0.0,9.173282491537954
35247,0,calendar_2014_test,60.16743276294993,59.0,0.5,0.0,0.0,1.1674327629499288
35248,0,calendar_2014_test,58.57257675754546,74.0,0.5,0.0,0.0,15.427423242454537
35249,0,calendar_2014_test,73.7916827566938,68.0,0.5,0.0,0.0,5.7916827566938025
35250,0,calendar_2014_test,64.99053442298609,65.0,0.5,0.0,0.0,0.009465577013912707
35251,0,calendar_2014_test,63.60731740283016,68.0,0.5,0.0,0.0,4.392682597169838
35252,0,calendar_2014_test,66.87173839085871,45.0,0.5,0.0,0.0,21.87173839085871
35253,0,calendar_2014_test,44.005690783115895,36.0,0.5,0.0,0.0,8.005690783115895
35254,0,calendar_2014_test,36.7632735290351,63.0,0.5,0.0,0.0,26.236726470964904
35255,0,calendar_2014_test,63.93102470045977,54.0,0.5,0.0,0.0,9.931024700459773
35256,0,calendar_2014_test,51.15146699192697,48.0,0.5,0.0,0.0,3.1514669919269735
35257,0,calendar_2014_test,47.31123552274267,57.0,0.5,0.0,0.0,9.68876447725733
35258,0,calendar_2014_test,55.0388017545065,58.0,0.5,0.0,0.0,2.961198245493499
35259,0,calendar_2014_test,53.269870114081115,63.0,0.5,0.0,0.0,9.730129885918885
35260,0,calendar_2014_test,63.74368285448144,51.0,0.5,0.0,0.0,12.743682854481442
35261,0,calendar_2014_test,48.10320138854228,52.0,0.5,0.0,0.0,3.8967986114577187
35262,0,calendar_2014_test,48.4210374956708,50.0,0.5,0.0,0.0,1.5789625043291977
35263,0,calendar_2014_test,46.47340028431465,54.0,0.5,0.0,0.0,7.52659971568535
35264,0,calendar_2014_test,51.69469237561372,62.0,0.5,0.0,0.0,10.30530762438628
35265,0,calendar_2014_test,61.02978464475147,64.0,0.5,0.0,0.0,2.970215355248527
35266,0,calendar_2014_test,62.36169791807652,108.0,0.5,0.0,0.0,45.63830208192348
35267,0,calendar_2014_test,104.28820718529242,95.0,0.5,0.0,0.0,9.288207185292421
35268,0,calendar_2014_test,85.54025117231058,93.0,0.5,0.0,0.0,7.459748827689424
35269,0,calendar_2014_test,87.68567108397825,94.0,0.5,0.0,0.0,6.314328916021751
35270,0,calendar_2014_test,89.94816367441258,96.0,0.5,0.0,0.0,6.051836325587416
35271,0,calendar_2014_test,89.88465087998541,51.0,0.5,0.0,0.0,38.884650879985415
35272,0,calendar_2014_test,46.366426191935915,60.0,0.5,0.0,0.0,13.633573808064085
35273,0,calendar_2014_test,58.211632528899436,50.0,0.5,0.0,0.0,8.211632528899436
35274,0,calendar_2014_test,47.366708517208025,46.0,0.5,0.0,0.0,1.3667085172080249
35275,0,calendar_2014_test,43.562253611384364,39.0,0.5,0.0,0.0,4.562253611384364
35276,0,calendar_2014_test,37.32801702548413,38.0,0.5,0.0,0.0,0.6719829745158705
35277,0,calendar_2014_test,38.735889856935856,47.0,0.5,0.0,0.0,8.264110143064144
35278,0,calendar_2014_test,46.96524602868432,46.0,0.5,0.0,0.0,0.9652460286843194
35279,0,calendar_2014_test,44.53367162638453,48.0,0.5,0.0,0.0,3.466328373615468
35280,0,calendar_2014_test,46.285350104879086,53.0,0.5,0.0,0.0,6.714649895120914
35281,0,calendar_2014_test,52.310739076748,67.0,0.5,0.0,0.0,14.689260923252
35282,0,calendar_2014_test,68.07126421054546,61.0,0.5,0.0,0.0,7.071264210545465
35283,0,calendar_2014_test,59.83952178609292,73.0,0.5,0.0,0.0,13.160478213907084
35284,0,calendar_2014_test,72.97766588433313,79.0,0.5,0.0,0.0,6.022334115666865
35285,0,calendar_2014_test,75.24106844676062,74.0,0.5,0.0,0.0,1.2410684467606217
35286,0,calendar_2014_test,70.03260798233067,71.0,0.5,0.0,0.0,0.9673920176693258
35287,0,calendar_2014_test,67.00591543455005,76.0,0.5,0.0,0.0,8.994084565449953
35288,0,calendar_2014_test,74.02417181635347,75.0,0.5,0.0,0.0,0.9758281836465272
35289,0,calendar_2014_test,72.4114685841212,78.0,0.5,0.0,0.0,5.588531415878805
35290,0,calendar_2014_test,73.61086320863957,86.0,0.5,0.0,0.0,12.389136791360428
35291,0,calendar_2014_test,83.42296573319744,95.0,0.5,0.0,0.0,11.577034266802556
35292,0,calendar_2014_test,85.10342151309541,106.0,0.5,0.0,0.0,20.896578486904588
35293,0,calendar_2014_test,90.93703774545111,79.0,0.5,0.0,0.0,11.937037745451107
35294,0,calendar_2014_test,68.47703716010116,63.0,0.5,0.0,0.0,5.477037160101162
35295,0,calendar_2014_test,56.01295470713721,49.0,0.5,0.0,0.0,7.012954707137212
35296,0,calendar_2014_test,42.20084788723982,27.0,0.5,0.0,0.0,15.200847887239817
35297,0,calendar_2014_test,24.877742720820617,11.0,0.5,0.0,0.0,13.877742720820617
35298,0,calendar_2014_test,14.182129435644505,10.0,0.5,0.0,0.0,4.182129435644505
35299,0,calendar_2014_test,11.373624098755018,6.0,0.5,0.0,0.0,5.373624098755018
35300,0,calendar_2014_test,9.471344781137573,11.0,0.5,0.0,0.0,1.5286552188624274
35301,0,calendar_2014_test,12.175334910971113,12.0,0.5,0.0,0.0,0.1753349109711131
35302,0,calendar_2014_test,13.955393448280992,13.0,0.5,0.0,0.0,0.9553934482809918
35303,0,calendar_2014_test,14.882850648127855,10.0,0.5,0.0,0.0,4.882850648127855
35304,0,calendar_2014_test,13.858280430726213,15.0,0.5,0.0,0.0,1.1417195692737874
35305,0,calendar_2014_test,15.865692586154266,23.0,0.5,0.0,0.0,7.134307413845734
35306,0,calendar_2014_test,24.275978832047283,34.0,0.5,0.0,0.0,9.724021167952717
35307,0,calendar_2014_test,37.15055207362343,36.0,0.5,0.0,0.0,1.1505520736234303
35308,0,calendar_2014_test,35.06581095187627,42.0,0.5,0.0,0.0,6.934189048123727
35309,0,calendar_2014_test,41.492712299898486,42.0,0.5,0.0,0.0,0.5072877001015144
35310,0,calendar_2014_test,41.608768228026236,47.0,0.5,0.0,0.0,5.391231771973764
35311,0,calendar_2014_test,46.14788435212675,47.0,0.5,0.0,0.0,0.8521156478732479
35312,0,calendar_2014_test,42.97002977215925,28.0,0.5,0.0,0.0,14.97002977215925
35313,0,calendar_2014_test,25.893942865233296,20.0,0.5,0.0,0.0,5.893942865233296
35314,0,calendar_2014_test,19.9352070529818,23.0,0.5,0.0,0.0,3.0647929470182014
35315,0,calendar_2014_test,20.92922077849757,16.0,0.5,0.0,0.0,4.9292207784975695
35316,0,calendar_2014_test,15.725576726144276,16.0,0.5,0.0,0.0,0.2744232738557244
35317,0,calendar_2014_test,14.749344055287136,15.0,0.5,0.0,0.0,0.25065594471286445
35318,0,calendar_2014_test,15.011186791080103,11.0,0.5,0.0,0.0,4.011186791080103
35319,0,calendar_2014_test,12.246738582451286,11.0,0.5,0.0,0.0,1.246738582451286
35320,0,calendar_2014_test,11.862249204209817,7.0,0.5,0.0,0.0,4.862249204209817
35321,0,calendar_2014_test,9.394616804608152,4.0,0.5,0.0,0.0,5.394616804608152
35322,0,calendar_2014_test,9.962634407242012,3.0,0.5,0.0,0.0,6.962634407242012
35323,0,calendar_2014_test,9.414731126838882,6.0,0.5,0.0,0.0,3.4147311268388822
35324,0,calendar_2014_test,9.394616804608152,8.0,0.5,0.0,0.0,1.3946168046081517
35325,0,calendar_2014_test,10.120581427252915,6.0,0.5,0.0,0.0,4.120581427252915
35326,0,calendar_2014_test,12.217667527227642,11.0,0.5,0.0,0.0,1.2176675272276416
35327,0,calendar_2014_test,14.81704748911454,16.0,0.5,0.0,0.0,1.1829525108854604
35328,0,calendar_2014_test,17.28692216417193,18.0,0.5,0.0,0.0,0.71307783582807
35329,0,calendar_2014_test,19.271646445707873,20.0,0.5,0.0,0.0,0.7283535542921271
35330,0,calendar_2014_test,21.651390030013914,25.0,0.5,0.0,0.0,3.348609969986086
35331,0,calendar_2014_test,25.21733801449851,20.0,0.5,0.0,0.0,5.217338014498509
35332,0,calendar_2014_test,21.003643489887967,26.0,0.5,0.0,0.0,4.996356510112033
35333,0,calendar_2014_test,26.94093449205316,30.0,0.5,0.0,0.0,3.0590655079468405
35334,0,calendar_2014_test,30.289386725255778,34.0,0.5,0.0,0.0,3.7106132747442224
35335,0,calendar_2014_test,34.99227244459714,30.0,0.5,0.0,0.0,4.992272444597141
35336,0,calendar_2014_test,30.702237802484497,53.0,0.5,0.0,0.0,22.297762197515503
35337,0,calendar_2014_test,48.8743817040538,49.0,0.5,0.0,0.0,0.12561829594619667
35338,0,calendar_2014_test,43.95387785493912,33.0,0.5,0.0,0.0,10.953877854939122
35339,0,calendar_2014_test,30.86504107917394,18.0,0.5,0.0,0.0,12.865041079173938
35340,0,calendar_2014_test,43.755192845866134,49.0,0.5,0.0,0.0,5.244807154133866
35341,0,calendar_2014_test,48.507755966712445,49.0,0.5,0.0,0.0,0.4922440332875553
35342,0,calendar_2014_test,45.51337378566586,55.0,0.5,0.0,0.0,9.486626214334137
35343,0,calendar_2014_test,52.50709040773517,56.0,0.5,0.0,0.0,3.49290959226483
35344,0,calendar_2014_test,53.78555954667008,62.0,0.5,0.0,0.0,8.214440453329921
35345,0,calendar_2014_test,61.44910108501521,80.0,0.5,0.0,0.0,18.550898914984792
35346,0,calendar_2014_test,81.28724241746018,99.0,0.5,0.0,0.0,17.712757582539822
35347,0,calendar_2014_test,93.13667816667775,104.0,0.5,0.0,0.0,10.863321833322246
35348,0,calendar_2014_test,92.44733677826584,99.0,0.5,0.0,0.0,6.552663221734164
35349,0,calendar_2014_test,87.64639305360704,97.0,0.5,0.0,0.0,9.353606946392958
35350,0,calendar_2014_test,85.05875117551207,108.0,0.5,0.0,0.0,22.94124882448793
35351,0,calendar_2014_test,94.41557745967383,99.0,0.5,0.0,0.0,4.584422540326173
35352,0,calendar_2014_test,85.80610729370173,119.0,0.5,0.0,0.0,33.19389270629827
35353,0,calendar_2014_test,103.27559508578352,93.0,0.5,0.0,0.0,10.275595085783522
35354,0,calendar_2014_test,81.13932118733325,78.0,0.5,0.0,0.0,3.139321187333252
35355,0,calendar_2014_test,65.2734533493345,67.0,0.5,0.0,0.0,1.7265466506654974
35356,0,calendar_2014_test,64.84209717138077,69.0,0.5,0.0,0.0,4.157902828619228
35357,0,calendar_2014_test,64.02189740579347,51.0,0.5,0.0,0.0,13.021897405793467
35358,0,calendar_2014_test,43.615543549232726,41.0,0.5,0.0,0.0,2.6155435492327257
35359,0,calendar_2014_test,40.37612792753541,34.0,0.5,0.0,0.0,6.376127927535407
35360,0,calendar_2014_test,37.01486427548709,21.0,0.5,0.0,0.0,16.014864275487092
35361,0,calendar_2014_test,26.03312099222141,27.0,0.5,0.0,0.0,0.9668790077785907
35362,0,calendar_2014_test,30.908659160404003,34.0,0.5,0.0,0.0,3.091340839595997
35363,0,calendar_2014_test,37.17468570744332,37.0,0.5,0.0,0.0,0.17468570744331657
35364,0,calendar_2014_test,39.19342390590894,51.0,0.5,0.0,0.0,11.806576094091056
35365,0,calendar_2014_test,49.20824443969663,61.0,0.5,0.0,0.0,11.791755560303372
35366,0,calendar_2014_test,58.82131914805565,63.0,0.5,0.0,0.0,4.17868085194435
35367,0,calendar_2014_test,61.547025241307495,59.0,0.5,0.0,0.0,2.5470252413074945
35368,0,calendar_2014_test,58.410298573030836,70.0,0.5,0.0,0.0,11.589701426969164
35369,0,calendar_2014_test,68.43591893545337,78.0,0.5,0.0,0.0,9.564081064546627
35370,0,calendar_2014_test,75.08737473765656,84.0,0.5,0.0,0.0,8.91262526234344
35371,0,calendar_2014_test,80.34442782003346,97.0,0.5,0.0,0.0,16.65557217996654
35372,0,calendar_2014_test,92.39251467772705,110.0,0.5,0.0,0.0,17.60748532227295
35373,0,calendar_2014_test,108.00031710287458,106.0,0.5,0.0,0.0,2.0003171028745754
35374,0,calendar_2014_test,94.5242692894209,92.0,0.5,0.0,0.0,2.5242692894209
35375,0,calendar_2014_test,82.75763385304627,110.0,0.5,0.0,0.0,27.242366146953728
35376,0,calendar_2014_test,108.71316322434406,121.0,0.5,0.0,0.0,12.286836775655942
35377,0,calendar_2014_test,116.15971038885209,136.0,0.5,0.0,0.0,19.84028961114791
35378,0,calendar_2014_test,128.1386270597051,150.0,0.5,0.0,0.0,21.8613729402949
35379,0,calendar_2014_test,137.8623791138038,118.0,0.5,0.0,0.0,19.862379113803797
35380,0,calendar_2014_test,91.43668766750967,91.0,0.5,0.0,0.0,0.43668766750967336
35381,0,calendar_2014_test,78.36797561037842,86.0,0.5,0.0,0.0,7.632024389621577
35382,0,calendar_2014_test,80.18199323906774,67.0,0.5,0.0,0.0,13.181993239067737
35383,0,calendar_2014_test,61.95754099128604,60.0,0.5,0.0,0.0,1.957540991286038
35384,0,calendar_2014_test,57.74360774887442,53.0,0.5,0.0,0.0,4.7436077488744175
35385,0,calendar_2014_test,52.40294832846653,53.0,0.5,0.0,0.0,0.597051671533471
35386,0,calendar_2014_test,141.91053482118744,159.0,0.5,0.0,0.0,17.08946517881256
35387,0,calendar_2014_test,149.44700348787921,180.0,0.5,0.0,0.0,30.552996512120785
35388,0,calendar_2014_test,169.49880535235278,200.0,0.5,0.0,0.0,30.501194647647225
35389,0,calendar_2014_test,186.95972494415517,228.0,0.5,0.0,0.0,41.04027505584483
35390,0,calendar_2014_test,204.80145539695522,229.0,0.5,0.0,0.0,24.19854460304478
35391,0,calendar_2014_test,204.85411441775918,200.0,0.5,0.0,0.0,4.8541144177591775
35392,0,calendar_2014_test,175.1653298080755,146.0,0.5,0.0,0.0,29.165329808075512
35393,0,calendar_2014_test,123.63005905710172,133.0,0.5,0.0,0.0,9.369940942898282
35394,0,calendar_2014_test,117.11707599593987,125.0,0.5,0.0,0.0,7.882924004060129
35395,0,calendar_2014_test,115.51824368073352,79.0,0.5,0.0,0.0,36.51824368073352
35396,0,calendar_2014_test,67.09513813633187,80.0,0.5,0.0,0.0,12.904861863668131
35397,0,calendar_2014_test,77.07383416786006,72.0,0.5,0.0,0.0,5.073834167860056
35398,0,calendar_2014_test,69.71098519496367,59.0,0.5,0.0,0.0,10.71098519496367
35399,0,calendar_2014_test,57.072611699934555,63.0,0.5,0.0,0.0,5.927388300065445
35400,0,calendar_2014_test,62.696589600063014,64.0,0.5,0.0,0.0,1.3034103999369862
35401,0,calendar_2014_test,62.78282960850091,52.0,0.5,0.0,0.0,10.782829608500911
35402,0,calendar_2014_test,48.158171027205576,67.0,0.5,0.0,0.0,18.841828972794424
35403,0,calendar_2014_test,68.08631010410835,78.0,0.5,0.0,0.0,9.91368989589165
35404,0,calendar_2014_test,76.4723666256389,89.0,0.5,0.0,0.0,12.527633374361102
35405,0,calendar_2014_test,86.16753605781432,88.0,0.5,0.0,0.0,1.832463942185683
35406,0,calendar_2014_test,81.66309410808374,96.0,0.5,0.0,0.0,14.33690589191626
35407,0,calendar_2014_test,91.12809870662824,100.0,0.5,0.0,0.0,8.871901293371764
35408,0,calendar_2014_test,94.27070576181534,93.0,0.5,0.0,0.0,1.2707057618153357
35409,0,calendar_2014_test,88.26765373014231,85.0,0.5,0.0,0.0,3.267653730142314
35410,0,calendar_2014_test,80.17921900496604,88.0,0.5,0.0,0.0,7.820780995033957
35411,0,calendar_2014_test,82.9827012277981,82.0,0.5,0.0,0.0,0.9827012277981027
35412,0,calendar_2014_test,77.34669530688188,80.0,0.5,0.0,0.0,2.653304693118116
35413,0,calendar_2014_test,75.78206754885338,59.0,0.5,0.0,0.0,16.782067548853377
35414,0,calendar_2014_test,54.801843235778854,75.0,0.5,0.0,0.0,20.198156764221146
35415,0,calendar_2014_test,76.87342079163137,77.0,0.5,0.0,0.0,0.12657920836862502
35416,0,calendar_2014_test,73.08387327113812,70.0,0.5,0.0,0.0,3.083873271138117
35417,0,calendar_2014_test,66.11848189111801,80.0,0.5,0.0,0.0,13.881518108881991
35418,0,calendar_2014_test,78.49775434609685,81.0,0.5,0.0,0.0,2.5022456539031452
35419,0,calendar_2014_test,76.95780311862107,79.0,0.5,0.0,0.0,2.0421968813789277
35420,0,calendar_2014_test,74.43668784312807,89.0,0.5,0.0,0.0,14.56331215687193
35421,0,calendar_2014_test,84.84810997086433,106.0,0.5,0.0,0.0,21.15189002913567
35422,0,calendar_2014_test,98.77680714759168,112.0,0.5,0.0,0.0,13.223192852408317
35423,0,calendar_2014_test,106.51027219006478,118.0,0.5,0.0,0.0,11.489727809935218
35424,0,calendar_2014_test,111.48014977180618,120.0,0.5,0.0,0.0,8.519850228193818
35425,0,calendar_2014_test,111.88938290072659,119.0,0.5,0.0,0.0,7.110617099273412
35426,0,calendar_2014_test,105.82391123645955,127.0,0.5,0.0,0.0,21.17608876354045
35427,0,calendar_2014_test,113.79232156353119,128.0,0.5,0.0,0.0,14.207678436468811
35428,0,calendar_2014_test,116.09081050722253,135.0,0.5,0.0,0.0,18.90918949277747
35429,0,calendar_2014_test,123.37357371944928,133.0,0.5,0.0,0.0,9.626426280550717
35430,0,calendar_2014_test,119.07649930513881,124.0,0.5,0.0,0.0,4.92350069486119
35431,0,calendar_2014_test,108.99650090081094,112.0,0.5,0.0,0.0,3.0034990991890567
35432,0,calendar_2014_test,98.34147770333072,107.0,0.5,0.0,0.0,8.658522296669275
35433,0,calendar_2014_test,96.00380323043504,109.0,0.5,0.0,0.0,12.99619676956496
35434,0,calendar_2014_test,94.42555784110796,108.0,0.5,0.0,0.0,13.57444215889204
35435,0,calendar_2014_test,89.62985459027196,119.0,0.5,0.0,0.0,29.37014540972804
35436,0,calendar_2014_test,108.06267724267077,117.0,0.5,0.0,0.0,8.937322757329227
35437,0,calendar_2014_test,106.6171310981936,120.0,0.5,0.0,0.0,13.382868901806404
35438,0,calendar_2014_test,104.43328260374815,123.0,0.5,0.0,0.0,18.566717396251846
35439,0,calendar_2014_test,104.20171289488454,114.0,0.5,0.0,0.0,9.798287105115463
35440,0,calendar_2014_test,98.43928823094814,109.0,0.5,0.0,0.0,10.560711769051863
35441,0,calendar_2014_test,92.24121889185957,96.0,0.5,0.0,0.0,3.7587811081404254
35442,0,calendar_2014_test,77.604030678963,102.0,0.5,0.0,0.0,24.395969321037
35443,0,calendar_2014_test,88.86790689313048,95.0,0.5,0.0,0.0,6.132093106869519
35444,0,calendar_2014_test,82.23648456154365,81.0,0.5,0.0,0.0,1.236484561543648
35445,0,calendar_2014_test,66.4362707660797,73.0,0.5,0.0,0.0,6.563729233920299
35446,0,calendar_2014_test,64.3158606942856,63.0,0.5,0.0,0.0,1.315860694285604
35447,0,calendar_2014_test,53.25670236805467,45.0,0.5,0.0,0.0,8.256702368054668
35448,0,calendar_2014_test,37.57724727245366,51.0,0.5,0.0,0.0,13.422752727546339
35449,0,calendar_2014_test,46.639385879674094,40.0,0.5,0.0,0.0,6.639385879674094
35450,0,calendar_2014_test,35.9890237834308,36.0,0.5,0.0,0.0,0.010976216569197561
35451,0,calendar_2014_test,33.63433683781241,34.0,0.5,0.0,0.0,0.36566316218758743
35452,0,calendar_2014_test,35.110504916810335,24.0,0.5,0.0,0.0,11.110504916810335
35453,0,calendar_2014_test,25.086484157833606,27.0,0.5,0.0,0.0,1.9135158421663938
35454,0,calendar_2014_test,40.1068382782,56.0,0.5,0.0,0.0,15.893161721799999
35455,0,calendar_2014_test,54.65997470387989,61.0,0.5,0.0,0.0,6.3400252961201105
35456,0,calendar_2014_test,59.46386896551792,64.0,0.5,0.0,0.0,4.536131034482082
35457,0,calendar_2014_test,64.38877771761034,101.0,0.5,0.0,0.0,36.61122228238966
35458,0,calendar_2014_test,98.73005373961688,111.0,0.5,0.0,0.0,12.269946260383122
35459,0,calendar_2014_test,105.15548583664045,82.0,0.5,0.0,0.0,23.15548583664045
35460,0,calendar_2014_test,73.56780797930205,84.0,0.5,0.0,0.0,10.432192020697954
35461,0,calendar_2014_test,80.63508306908108,89.0,0.5,0.0,0.0,8.364916930918923
35462,0,calendar_2014_test,82.90335701513845,91.0,0.5,0.0,0.0,8.096642984861546
35463,0,calendar_2014_test,84.90895722091895,81.0,0.5,0.0,0.0,3.90895722091895
35464,0,calendar_2014_test,73.71626069202925,103.0,0.5,0.0,0.0,29.283739307970748
35465,0,calendar_2014_test,90.45310339262467,99.0,0.5,0.0,0.0,8.54689660737533
35466,0,calendar_2014_test,85.91603155371747,105.0,0.5,0.0,0.0,19.083968446282526
35467,0,calendar_2014_test,92.43438009257144,121.0,0.5,0.0,0.0,28.565619907428555
35468,0,calendar_2014_test,114.62925995595853,139.0,0.5,0.0,0.0,24.37074004404147
35469,0,calendar_2014_test,128.3730486949859,141.0,0.5,0.0,0.0,12.626951305014103
35470,0,calendar_2014_test,136.41262248994937,148.0,0.5,0.0,0.0,11.58737751005063
35471,0,calendar_2014_test,136.51950925517954,168.0,0.5,0.0,0.0,31.480490744820457
35472,0,calendar_2014_test,161.52102647254904,157.0,0.5,0.0,0.0,4.521026472549039
35473,0,calendar_2014_test,147.322863114522,159.0,0.5,0.0,0.0,11.677136885478006
35474,0,calendar_2014_test,150.9489410857868,151.0,0.5,0.0,0.0,0.051058914213200524
35475,0,calendar_2014_test,136.51594206986596,137.0,0.5,0.0,0.0,0.48405793013404264
35476,0,calendar_2014_test,123.41739827083263,128.0,0.5,0.0,0.0,4.582601729167365
35477,0,calendar_2014_test,117.56738797843663,144.0,0.5,0.0,0.0,26.432612021563372
35478,0,calendar_2014_test,137.0508754109848,147.0,0.5,0.0,0.0,9.949124589015213
35479,0,calendar_2014_test,137.5064384327943,157.0,0.5,0.0,0.0,19.49356156720569
35480,0,calendar_2014_test,147.65570870802364,145.0,0.5,0.0,0.0,2.6557087080236386
35481,0,calendar_2014_test,131.56750079413968,74.0,0.5,0.0,0.0,57.567500794139676
35482,0,calendar_2014_test,60.79534270875454,60.0,0.5,0.0,0.0,0.7953427087545393
35483,0,calendar_2014_test,56.67885800921879,75.0,0.5,0.0,0.0,18.321141990781207
35484,0,calendar_2014_test,77.92089943043146,86.0,0.5,0.0,0.0,8.079100569568539
35485,0,calendar_2014_test,84.47374810368932,87.0,0.5,0.0,0.0,2.526251896310683
35486,0,calendar_2014_test,82.45771541699068,99.0,0.5,0.0,0.0,16.54228458300932
35487,0,calendar_2014_test,95.73079861293873,96.0,0.5,0.0,0.0,0.2692013870612726
35488,0,calendar_2014_test,87.3499442412759,107.0,0.5,0.0,0.0,19.650055758724093
35489,0,calendar_2014_test,99.55391610785091,111.0,0.5,0.0,0.0,11.44608389214909
35490,0,calendar_2014_test,105.64323647921289,120.0,0.5,0.0,0.0,14.356763520787112
35491,0,calendar_2014_test,113.6919493819906,121.0,0.5,0.0,0.0,7.308050618009403
35492,0,calendar_2014_test,114.12939252008316,126.0,0.5,0.0,0.0,11.870607479916842
35493,0,calendar_2014_test,116.19345083089198,130.0,0.5,0.0,0.0,13.806549169108024
35494,0,calendar_2014_test,119.80224991526264,123.0,0.5,0.0,0.0,3.1977500847373648
35495,0,calendar_2014_test,111.70397714300204,129.0,0.5,0.0,0.0,17.296022856997965
35496,0,calendar_2014_test,119.82107891150599,146.0,0.5,0.0,0.0,26.178921088494008
35497,0,calendar_2014_test,137.91993895523734,155.0,0.5,0.0,0.0,17.080061044762658
35498,0,calendar_2014_test,145.18334171156403,193.0,0.5,0.0,0.0,47.816658288435974
35499,0,calendar_2014_test,185.46368567713196,194.0,0.5,0.0,0.0,8.536314322868037
35500,0,calendar_2014_test,171.0778760269677,203.0,0.5,0.0,0.0,31.922123973032313
35501,0,calendar_2014_test,185.0925323912652,217.0,0.5,0.0,0.0,31.907467608734805
35502,0,calendar_2014_test,202.15948399162266,219.0,0.5,0.0,0.0,16.840516008377335
35503,0,calendar_2014_test,204.64776896472256,196.0,0.5,0.0,0.0,8.647768964722559
35504,0,calendar_2014_test,167.66935126184575,166.0,0.5,0.0,0.0,1.6693512618457476
35505,0,calendar_2014_test,149.18785851652925,149.0,0.5,0.0,0.0,0.18785851652924634
35506,0,calendar_2014_test,125.37685345816725,119.0,0.5,0.0,0.0,6.376853458167247
35507,0,calendar_2014_test,104.80683850282117,132.0,0.5,0.0,0.0,27.193161497178835
35508,0,calendar_2014_test,122.47799157870038,61.0,0.5,0.0,0.0,61.47799157870038
35509,0,calendar_2014_test,46.845379443505756,9.0,0.5,0.0,0.0,37.845379443505756
35510,0,calendar_2014_test,16.806365483171167,9.0,0.5,0.0,0.0,7.806365483171167
35511,0,calendar_2014_test,12.613274446773156,42.0,0.5,0.0,0.0,29.386725553226846
35512,0,calendar_2014_test,37.30040603971577,43.0,0.5,0.0,0.0,5.699593960284233
35513,0,calendar_2014_test,37.87142417735848,51.0,0.5,0.0,0.0,13.128575822641523
35514,0,calendar_2014_test,44.7859839127731,28.0,0.5,0.0,0.0,16.785983912773098
35515,0,calendar_2014_test,26.647518838500254,26.0,0.5,0.0,0.0,0.6475188385002539
35516,0,calendar_2014_test,23.129854180243072,14.0,0.5,0.0,0.0,9.129854180243072
35517,0,calendar_2014_test,15.523630353828821,15.0,0.5,0.0,0.0,0.5236303538288212
35518,0,calendar_2014_test,15.273265060327603,10.0,0.5,0.0,0.0,5.273265060327603
35519,0,calendar_2014_test,11.55265973686559,6.0,0.5,0.0,0.0,5.552659736865589
35520,0,calendar_2014_test,13.69526987507993,10.0,0.5,0.0,0.0,3.69526987507993
35521,0,calendar_2014_test,12.253094384763255,10.0,0.5,0.0,0.0,2.253094384763255
35522,0,calendar_2014_test,13.671049731704098,17.0,0.5,0.0,0.0,3.328950268295902
35523,0,calendar_2014_test,17.585111749113032,16.0,0.5,0.0,0.0,1.5851117491130324
35524,0,calendar_2014_test,16.58398442035133,22.0,0.5,0.0,0.0,5.416015579648668
35525,0,calendar_2014_test,21.77026484253927,32.0,0.5,0.0,0.0,10.22973515746073
35526,0,calendar_2014_test,35.076410471006646,54.0,0.5,0.0,0.0,18.923589528993354
35527,0,calendar_2014_test,53.89617165331982,52.0,0.5,0.0,0.0,1.8961716533198185
35528,0,calendar_2014_test,48.68045188097572,59.0,0.5,0.0,0.0,10.319548119024283
35529,0,calendar_2014_test,59.92782270881444,59.0,0.5,0.0,0.0,0.9278227088144391
35530,0,calendar_2014_test,57.54079331628591,77.0,0.5,0.0,0.0,19.459206683714093
35531,0,calendar_2014_test,77.59716701028151,83.0,0.5,0.0,0.0,5.40283298971849
35532,0,calendar_2014_test,79.94867768685867,83.0,0.5,0.0,0.0,3.051322313141327
35533,0,calendar_2014_test,77.86721377097328,66.0,0.5,0.0,0.0,11.86721377097328
35534,0,calendar_2014_test,63.13417586972851,59.0,0.5,0.0,0.0,4.134175869728509
35535,0,calendar_2014_test,58.61472188810506,49.0,0.5,0.0,0.0,9.61472188810506
35536,0,calendar_2014_test,45.41013622515608,58.0,0.5,0.0,0.0,12.58986377484392
35537,0,calendar_2014_test,55.584901246802175,61.0,0.5,0.0,0.0,5.4150987531978245
35538,0,calendar_2014_test,54.65810236783174,63.0,0.5,0.0,0.0,8.341897632168262
35539,0,calendar_2014_test,62.439907456630806,71.0,0.5,0.0,0.0,8.560092543369194
35540,0,calendar_2014_test,68.87201877095093,82.0,0.5,0.0,0.0,13.12798122904907
35541,0,calendar_2014_test,80.04160005291246,87.0,0.5,0.0,0.0,6.958399947087543
35542,0,calendar_2014_test,82.41242210009723,98.0,0.5,0.0,0.0,15.587577899902769
35543,0,calendar_2014_test,91.95017175868227,101.0,0.5,0.0,0.0,9.049828241317726
35544,0,calendar_2014_test,93.96432269693219,69.0,0.5,0.0,0.0,24.964322696932186
35545,0,calendar_2014_test,64.24745986058406,62.0,0.5,0.0,0.0,2.2474598605840583
35546,0,calendar_2014_test,58.77942173933929,45.0,0.5,0.0,0.0,13.779421739339291
35547,0,calendar_2014_test,44.30125857418892,53.0,0.5,0.0,0.0,8.698741425811079
35548,0,calendar_2014_test,52.055904574547576,46.0,0.5,0.0,0.0,6.055904574547576
35549,0,calendar_2014_test,45.24563572676788,57.0,0.5,0.0,0.0,11.75436427323212
35550,0,calendar_2014_test,55.68996978307101,53.0,0.5,0.0,0.0,2.6899697830710068
35551,0,calendar_2014_test,51.623851407933046,51.0,0.5,0.0,0.0,0.6238514079330457
35552,0,calendar_2014_test,48.67123745134973,58.0,0.5,0.0,0.0,9.328762548650268
35553,0,calendar_2014_test,56.2756956853322,75.0,0.5,0.0,0.0,18.724304314667798
35554,0,calendar_2014_test,76.13277460535441,75.0,0.5,0.0,0.0,1.1327746053544132
35555,0,calendar_2014_test,72.5748305049443,79.0,0.5,0.0,0.0,6.425169495055698
35556,0,calendar_2014_test,74.57126538006058,97.0,0.5,0.0,0.0,22.42873461993942
35557,0,calendar_2014_test,94.67627411006897,105.0,0.5,0.0,0.0,10.323725889931026
35558,0,calendar_2014_test,97.2023497629055,105.0,0.5,0.0,0.0,7.797650237094501
35559,0,calendar_2014_test,96.40651345704435,107.0,0.5,0.0,0.0,10.593486542955645
35560,0,calendar_2014_test,99.56910696183473,103.0,0.5,0.0,0.0,3.430893038165266
35561,0,calendar_2014_test,94.02581109284316,102.0,0.5,0.0,0.0,7.974188907156844
35562,0,calendar_2014_test,93.07992380987525,97.0,0.5,0.0,0.0,3.920076190124746
35563,0,calendar_2014_test,88.90169956260291,99.0,0.5,0.0,0.0,10.098300437397086
35564,0,calendar_2014_test,85.88020962737731,85.0,0.5,0.0,0.0,0.8802096273773117
35565,0,calendar_2014_test,69.55267781095023,77.0,0.5,0.0,0.0,7.447322189049771
35566,0,calendar_2014_test,66.24821658712635,17.0,0.5,0.0,0.0,49.24821658712635
35567,0,calendar_2014_test,19.500481828074108,13.0,0.5,0.0,0.0,6.500481828074108
35568,0,calendar_2014_test,15.337904903649717,10.0,0.5,0.0,0.0,5.337904903649717
35569,0,calendar_2014_test,15.385582112731635,10.0,0.5,0.0,0.0,5.385582112731635
35570,0,calendar_2014_test,11.072200281083845,12.0,0.5,0.0,0.0,0.9277997189161553
35571,0,calendar_2014_test,12.480237730838134,13.0,0.5,0.0,0.0,0.5197622691618662
35572,0,calendar_2014_test,13.378540340251412,12.0,0.5,0.0,0.0,1.378540340251412
35573,0,calendar_2014_test,15.435990268261472,12.0,0.5,0.0,0.0,3.435990268261472
35574,0,calendar_2014_test,15.296226988148092,14.0,0.5,0.0,0.0,1.2962269881480921
35575,0,calendar_2014_test,16.111894747257256,21.0,0.5,0.0,0.0,4.8881052527427435
35576,0,calendar_2014_test,22.662669158933895,17.0,0.5,0.0,0.0,5.662669158933895
35577,0,calendar_2014_test,18.763147905262873,23.0,0.5,0.0,0.0,4.236852094737127
35578,0,calendar_2014_test,23.711445066117918,26.0,0.5,0.0,0.0,2.2885549338820823
35579,0,calendar_2014_test,26.751673444576245,20.0,0.5,0.0,0.0,6.7516734445762445
35580,0,calendar_2014_test,22.68020583367078,24.0,0.5,0.0,0.0,1.3197941663292205
35581,0,calendar_2014_test,25.465824422969913,22.0,0.5,0.0,0.0,3.465824422969913
35582,0,calendar_2014_test,23.838505584243013,17.0,0.5,0.0,0.0,6.838505584243013
35583,0,calendar_2014_test,19.501115028019992,17.0,0.5,0.0,0.0,2.501115028019992
35584,0,calendar_2014_test,18.18225521234614,20.0,0.5,0.0,0.0,1.8177447876538615
35585,0,calendar_2014_test,21.433301868027584,13.0,0.5,0.0,0.0,8.433301868027584
35586,0,calendar_2014_test,15.76108396073026,18.0,0.5,0.0,0.0,2.238916039269739
35587,0,calendar_2014_test,17.66142567636268,15.0,0.5,0.0,0.0,2.661425676362679
35588,0,calendar_2014_test,15.49632772187952,17.0,0.5,0.0,0.0,1.5036722781204794
35589,0,calendar_2014_test,17.795610435228113,23.0,0.5,0.0,0.0,5.204389564771887
35590,0,calendar_2014_test,24.15797193437776,22.0,0.5,0.0,0.0,2.157971934377759
35591,0,calendar_2014_test,21.388868812449967,16.0,0.5,0.0,0.0,5.388868812449967
35592,0,calendar_2014_test,19.037614138831596,22.0,0.5,0.0,0.0,2.9623858611684035
35593,0,calendar_2014_test,20.374601006233814,21.0,0.5,0.0,0.0,0.6253989937661864
35594,0,calendar_2014_test,24.16005559563123,23.0,0.5,0.0,0.0,1.1600555956312313
35595,0,calendar_2014_test,25.27008744074762,20.0,0.5,0.0,0.0,5.27008744074762
35596,0,calendar_2014_test,23.257479764985767,26.0,0.5,0.0,0.0,2.742520235014233
35597,0,calendar_2014_test,27.780980366399767,31.0,0.5,0.0,0.0,3.219019633600233
35598,0,calendar_2014_test,33.98509633610915,44.0,0.5,0.0,0.0,10.014903663890848
35599,0,calendar_2014_test,47.141109383746354,53.0,0.5,0.0,0.0,5.858890616253646
35600,0,calendar_2014_test,51.91551281287446,57.0,0.5,0.0,0.0,5.084487187125539
35601,0,calendar_2014_test,56.4342301075865,60.0,0.5,0.0,0.0,3.565769892413499
35602,0,calendar_2014_test,59.70861292251016,78.0,0.5,0.0,0.0,18.291387077489837
35603,0,calendar_2014_test,79.68739450415305,85.0,0.5,0.0,0.0,5.312605495846952
35604,0,calendar_2014_test,82.57203419303109,83.0,0.5,0.0,0.0,0.4279658069689134
35605,0,calendar_2014_test,77.86455657134358,89.0,0.5,0.0,0.0,11.135443428656416
35606,0,calendar_2014_test,83.68238881074434,80.0,0.5,0.0,0.0,3.6823888107443423
35607,0,calendar_2014_test,74.14695908617993,80.0,0.5,0.0,0.0,5.853040913820067
35608,0,calendar_2014_test,76.75104368256949,69.0,0.5,0.0,0.0,7.751043682569488
35609,0,calendar_2014_test,64.3182676076583,58.0,0.5,0.0,0.0,6.318267607658299
35610,0,calendar_2014_test,53.54884706999822,62.0,0.5,0.0,0.0,8.451152930001783
35611,0,calendar_2014_test,59.53313242696381,73.0,0.5,0.0,0.0,13.46686757303619
35612,0,calendar_2014_test,72.50595741248755,77.0,0.5,0.0,0.0,4.494042587512453
35613,0,calendar_2014_test,70.66916949699451,90.0,0.5,0.0,0.0,19.330830503005487
35614,0,calendar_2014_test,87.05017754211642,91.0,0.5,0.0,0.0,3.9498224578835845
35615,0,calendar_2014_test,81.60222232012866,96.0,0.5,0.0,0.0,14.39777767987134
35616,0,calendar_2014_test,81.1217610406286,71.0,0.5,0.0,0.0,10.121761040628598
35617,0,calendar_2014_test,58.62536343560204,77.0,0.5,0.0,0.0,18.37463656439796
35618,0,calendar_2014_test,69.32643891834732,76.0,0.5,0.0,0.0,6.673561081652679
35619,0,calendar_2014_test,67.98938001295728,100.0,0.5,0.0,0.0,32.010619987042716
35620,0,calendar_2014_test,87.86623357502056,100.0,0.5,0.0,0.0,12.133766424979441
35621,0,calendar_2014_test,90.83289342053723,97.0,0.5,0.0,0.0,6.167106579462768
35622,0,calendar_2014_test,84.2342874705623,93.0,0.5,0.0,0.0,8.765712529437707
35623,0,calendar_2014_test,80.49629441711657,88.0,0.5,0.0,0.0,7.503705582883427
35624,0,calendar_2014_test,80.51557310277124,82.0,0.5,0.0,0.0,1.484426897228758
35625,0,calendar_2014_test,75.25616042518135,86.0,0.5,0.0,0.0,10.74383957481865
35626,0,calendar_2014_test,79.37788445537818,82.0,0.5,0.0,0.0,2.6221155446218205
35627,0,calendar_2014_test,75.45969682039254,69.0,0.5,0.0,0.0,6.459696820392537
35628,0,calendar_2014_test,59.52414699460416,66.0,0.5,0.0,0.0,6.475853005395841
35629,0,calendar_2014_test,58.357017840586735,59.0,0.5,0.0,0.0,0.6429821594132648
35630,0,calendar_2014_test,53.13729676275599,62.0,0.5,0.0,0.0,8.862703237244013
35631,0,calendar_2014_test,53.46788384292911,73.0,0.5,0.0,0.0,19.532116157070888
35632,0,calendar_2014_test,67.35246983944425,80.0,0.5,0.0,0.0,12.647530160555746
35633,0,calendar_2014_test,72.68955477081602,74.0,0.5,0.0,0.0,1.3104452291839834
35634,0,calendar_2014_test,66.0443412995316,79.0,0.5,0.0,0.0,12.955658700468405
35635,0,calendar_2014_test,74.32202469934298,64.0,0.5,0.0,0.0,10.322024699342975
35636,0,calendar_2014_test,58.349990289145495,61.0,0.5,0.0,0.0,2.650009710854505
35637,0,calendar_2014_test,58.74334675683308,75.0,0.5,0.0,0.0,16.256653243166923
35638,0,calendar_2014_test,74.30633832139914,64.0,0.5,0.0,0.0,10.306338321399139
35639,0,calendar_2014_test,61.286063209594765,39.0,0.5,0.0,0.0,22.286063209594765
35640,0,calendar_2014_test,37.49902085040268,31.0,0.5,0.0,0.0,6.49902085040268
35641,0,calendar_2014_test,33.118789684816925,27.0,0.5,0.0,0.0,6.1187896848169245
35642,0,calendar_2014_test,30.833016321435437,21.0,0.5,0.0,0.0,9.833016321435437
35643,0,calendar_2014_test,24.6540817724053,27.0,0.5,0.0,0.0,2.3459182275947015
35644,0,calendar_2014_test,30.730189009218115,33.0,0.5,0.0,0.0,2.2698109907818846
35645,0,calendar_2014_test,36.7349654315556,60.0,0.5,0.0,0.0,23.2650345684444
35646,0,calendar_2014_test,62.51084872993298,79.0,0.5,0.0,0.0,16.48915127006702
35647,0,calendar_2014_test,80.14590375236594,93.0,0.5,0.0,0.0,12.854096247634061
35648,0,calendar_2014_test,93.121486861845,129.0,0.5,0.0,0.0,35.878513138155
35649,0,calendar_2014_test,124.52141331696691,132.0,0.5,0.0,0.0,7.478586683033086
35650,0,calendar_2014_test,124.3185222234081,121.0,0.5,0.0,0.0,3.3185222234080953
35651,0,calendar_2014_test,111.56439816423904,115.0,0.5,0.0,0.0,3.435601835760963
35652,0,calendar_2014_test,104.6816695271742,113.0,0.5,0.0,0.0,8.318330472825807
35653,0,calendar_2014_test,104.60038488149125,135.0,0.5,0.0,0.0,30.39961511850875
35654,0,calendar_2014_test,127.45270065208567,115.0,0.5,0.0,0.0,12.452700652085667
35655,0,calendar_2014_test,103.9450792900194,149.0,0.5,0.0,0.0,45.05492070998061
35656,0,calendar_2014_test,138.82741941807186,109.0,0.5,0.0,0.0,29.827419418071855
35657,0,calendar_2014_test,86.7306564781956,73.0,0.5,0.0,0.0,13.730656478195598
35658,0,calendar_2014_test,62.229827388031985,57.0,0.5,0.0,0.0,5.229827388031985
35659,0,calendar_2014_test,52.944305031574046,53.0,0.5,0.0,0.0,0.05569496842595356
35660,0,calendar_2014_test,48.21534614809545,59.0,0.5,0.0,0.0,10.784653851904551
35661,0,calendar_2014_test,60.31732368116801,57.0,0.5,0.0,0.0,3.3173236811680127
35662,0,calendar_2014_test,53.88371794321327,84.0,0.5,0.0,0.0,30.11628205678673
35663,0,calendar_2014_test,83.8955249568055,91.0,0.5,0.0,0.0,7.104475043194498
35664,0,calendar_2014_test,85.73438262531157,133.0,0.5,0.0,0.0,47.26561737468843
35665,0,calendar_2014_test,128.87789315490002,172.0,0.5,0.0,0.0,43.12210684509998
35666,0,calendar_2014_test,162.6970329950198,182.0,0.5,0.0,0.0,19.30296700498019
35667,0,calendar_2014_test,169.3982222379433,201.0,0.5,0.0,0.0,31.601777762056713
35668,0,calendar_2014_test,189.11088516380508,207.0,0.5,0.0,0.0,17.88911483619492
35669,0,calendar_2014_test,199.58862528928367,199.0,0.5,0.0,0.0,0.5886252892836694
35670,0,calendar_2014_test,186.46794342574216,177.0,0.5,0.0,0.0,9.467943425742163
35671,0,calendar_2014_test,164.44334555768035,161.0,0.5,0.0,0.0,3.4433455576803453
35672,0,calendar_2014_test,148.10977174371067,156.0,0.5,0.0,0.0,7.890228256289333
35673,0,calendar_2014_test,143.80743549465114,152.0,0.5,0.0,0.0,8.192564505348855
35674,0,calendar_2014_test,129.82463608604348,130.0,0.5,0.0,0.0,0.17536391395651663
35675,0,calendar_2014_test,108.60699084512736,94.0,0.5,0.0,0.0,14.606990845127356
35676,0,calendar_2014_test,78.27377145664418,81.0,0.5,0.0,0.0,2.726228543355816
35677,0,calendar_2014_test,69.3350314628872,81.0,0.5,0.0,0.0,11.664968537112799
35678,0,calendar_2014_test,75.0683071945393,78.0,0.5,0.0,0.0,2.931692805460699
35679,0,calendar_2014_test,72.25258493670886,69.0,0.5,0.0,0.0,3.252584936708857
35680,0,calendar_2014_test,63.275136130418865,59.0,0.5,0.0,0.0,4.275136130418865
35681,0,calendar_2014_test,56.82402012792055,55.0,0.5,0.0,0.0,1.824020127920548
35682,0,calendar_2014_test,49.23787660509542,54.0,0.5,0.0,0.0,4.762123394904577
35683,0,calendar_2014_test,50.28121778322052,58.0,0.5,0.0,0.0,7.718782216779481
35684,0,calendar_2014_test,56.874919996597434,61.0,0.5,0.0,0.0,4.125080003402566
35685,0,calendar_2014_test,59.21684404730115,75.0,0.5,0.0,0.0,15.783155952698849
35686,0,calendar_2014_test,81.91072383117161,78.0,0.5,0.0,0.0,3.910723831171609
35687,0,calendar_2014_test,75.24708526277122,97.0,0.5,0.0,0.0,21.752914737228778
35688,0,calendar_2014_test,99.37164985715448,105.0,0.5,0.0,0.0,5.62835014284552
35689,0,calendar_2014_test,100.30017075856577,103.0,0.5,0.0,0.0,2.69982924143423
35690,0,calendar_2014_test,96.3714857123589,100.0,0.5,0.0,0.0,3.628514287641096
35691,0,calendar_2014_test,95.45977966313673,107.0,0.5,0.0,0.0,11.540220336863271
35692,0,calendar_2014_test,102.19628571731664,109.0,0.5,0.0,0.0,6.803714282683359
35693,0,calendar_2014_test,103.49727272740719,116.0,0.5,0.0,0.0,12.502727272592807
35694,0,calendar_2014_test,109.4620797632769,112.0,0.5,0.0,0.0,2.537920236723096
35695,0,calendar_2014_test,104.44355603655893,101.0,0.5,0.0,0.0,3.443556036558931
35696,0,calendar_2014_test,89.7131744715728,80.0,0.5,0.0,0.0,9.713174471572799
35697,0,calendar_2014_test,71.78502445703961,77.0,0.5,0.0,0.0,5.214975542960389
35698,0,calendar_2014_test,75.01037702225325,79.0,0.5,0.0,0.0,3.9896229777467482
35699,0,calendar_2014_test,75.12986972829448,86.0,0.5,0.0,0.0,10.87013027170552
35700,0,calendar_2014_test,83.48266188571756,72.0,0.5,0.0,0.0,11.482661885717562
35701,0,calendar_2014_test,66.38509105369228,70.0,0.5,0.0,0.0,3.6149089463077217
35702,0,calendar_2014_test,65.86186293937494,64.0,0.5,0.0,0.0,1.8618629393749444
35703,0,calendar_2014_test,62.193490458627956,67.0,0.5,0.0,0.0,4.806509541372044
35704,0,calendar_2014_test,63.04864647804257,63.0,0.5,0.0,0.0,0.04864647804257061
35705,0,calendar_2014_test,61.84364057642352,54.0,0.5,0.0,0.0,7.8436405764235175
35706,0,calendar_2014_test,48.933999851551086,50.0,0.5,0.0,0.0,1.0660001484489143
35707,0,calendar_2014_test,43.91589063114106,21.0,0.5,0.0,0.0,22.91589063114106
35708,0,calendar_2014_test,21.71117594570015,11.0,0.5,0.0,0.0,10.711175945700148
35709,0,calendar_2014_test,13.595004202539437,10.0,0.5,0.0,0.0,3.595004202539437
35710,0,calendar_2014_test,11.058923809109507,8.0,0.5,0.0,0.0,3.0589238091095066
35711,0,calendar_2014_test,10.120581427252915,7.0,0.5,0.0,0.0,3.1205814272529153
35712,0,calendar_2014_test,9.394616804608152,10.0,0.5,0.0,0.0,0.6053831953918483
35713,0,calendar_2014_test,11.072200281083845,12.0,0.5,0.0,0.0,0.9277997189161553
35714,0,calendar_2014_test,12.480237730838134,8.0,0.5,0.0,0.0,4.480237730838134
35715,0,calendar_2014_test,10.271945420482137,6.0,0.5,0.0,0.0,4.271945420482137
35716,0,calendar_2014_test,9.545980797837373,11.0,0.5,0.0,0.0,1.4540192021626268
35717,0,calendar_2014_test,12.115662532499451,17.0,0.5,0.0,0.0,4.884337467500549
35718,0,calendar_2014_test,14.909357002712255,22.0,0.5,0.0,0.0,7.090642997287745
35719,0,calendar_2014_test,21.059844961453372,27.0,0.5,0.0,0.0,5.940155038546628
35720,0,calendar_2014_test,26.39111633539285,43.0,0.5,0.0,0.0,16.60888366460715
35721,0,calendar_2014_test,43.78190542879534,34.0,0.5,0.0,0.0,9.78190542879534
35722,0,calendar_2014_test,34.76161827958014,39.0,0.5,0.0,0.0,4.238381720419859
35723,0,calendar_2014_test,37.39266377734607,32.0,0.5,0.0,0.0,5.392663777346073
35724,0,calendar_2014_test,32.93414329167069,28.0,0.5,0.0,0.0,4.9341432916706935
35725,0,calendar_2014_test,26.22917576334682,28.0,0.5,0.0,0.0,1.77082423665318
35726,0,calendar_2014_test,27.753076038059053,22.0,0.5,0.0,0.0,5.753076038059053
35727,0,calendar_2014_test,21.645636258081428,27.0,0.5,0.0,0.0,5.354363741918572
35728,0,calendar_2014_test,25.520680900032147,22.0,0.5,0.0,0.0,3.520680900032147
35729,0,calendar_2014_test,20.826371623893856,22.0,0.5,0.0,0.0,1.1736283761061443
35730,0,calendar_2014_test,20.931056769588384,25.0,0.5,0.0,0.0,4.068943230411616
35731,0,calendar_2014_test,22.802221046537344,21.0,0.5,0.0,0.0,1.802221046537344
35732,0,calendar_2014_test,20.632066820618842,22.0,0.5,0.0,0.0,1.3679331793811578
35733,0,calendar_2014_test,21.910918355348834,18.0,0.5,0.0,0.0,3.9109183553488336
35734,0,calendar_2014_test,19.19443905357108,18.0,0.5,0.0,0.0,1.194439053571081
35735,0,calendar_2014_test,20.133658512259824,22.0,0.5,0.0,0.0,1.8663414877401756
35736,0,calendar_2014_test,23.401787075278556,20.0,0.5,0.0,0.0,3.4017870752785555
35737,0,calendar_2014_test,23.0115226946657,25.0,0.5,0.0,0.0,1.9884773053342997
35738,0,calendar_2014_test,25.660584453551042,22.0,0.5,0.0,0.0,3.660584453551042
35739,0,calendar_2014_test,23.87332248480054,25.0,0.5,0.0,0.0,1.1266775151994608
35740,0,calendar_2014_test,26.949530572256407,33.0,0.5,0.0,0.0,6.050469427743593
35741,0,calendar_2014_test,36.1786226807127,50.0,0.5,0.0,0.0,13.8213773192873
35742,0,calendar_2014_test,48.787124157293285,61.0,0.5,0.0,0.0,12.212875842706715
35743,0,calendar_2014_test,60.36856084718814,74.0,0.5,0.0,0.0,13.631439152811858
35744,0,calendar_2014_test,73.63650227088387,79.0,0.5,0.0,0.0,5.363497729116133
35745,0,calendar_2014_test,74.14628881902668,77.0,0.5,0.0,0.0,2.8537111809733204
35746,0,calendar_2014_test,73.63831957446192,91.0,0.5,0.0,0.0,17.361680425538083
35747,0,calendar_2014_test,87.77060576764816,94.0,0.5,0.0,0.0,6.2293942323518365
35748,0,calendar_2014_test,89.55923355226409,107.0,0.5,0.0,0.0,17.44076644773591
35749,0,calendar_2014_test,98.08945342704264,114.0,0.5,0.0,0.0,15.910546572957358
35750,0,calendar_2014_test,104.4116612145563,104.0,0.5,0.0,0.0,0.4116612145563039
35751,0,calendar_2014_test,91.28006155985882,93.0,0.5,0.0,0.0,1.7199384401411777
35752,0,calendar_2014_test,81.95761004042157,85.0,0.5,0.0,0.0,3.042389959578429
35753,0,calendar_2014_test,81.15797699688936,75.0,0.5,0.0,0.0,6.15797699688936
35754,0,calendar_2014_test,69.2014614549381,75.0,0.5,0.0,0.0,5.798538545061902
35755,0,calendar_2014_test,72.39710413244543,66.0,0.5,0.0,0.0,6.397104132445435
35756,0,calendar_2014_test,63.48591280053783,66.0,0.5,0.0,0.0,2.5140871994621676
35757,0,calendar_2014_test,64.24743903160736,82.0,0.5,0.0,0.0,17.752560968392643
35758,0,calendar_2014_test,82.02831766767046,104.0,0.5,0.0,0.0,21.971682332329536
35759,0,calendar_2014_test,97.92792203130465,118.0,0.5,0.0,0.0,20.072077968695353
35760,0,calendar_2014_test,110.69862533850461,140.0,0.5,0.0,0.0,29.301374661495387
35761,0,calendar_2014_test,133.11824272857385,158.0,0.5,0.0,0.0,24.881757271426153
35762,0,calendar_2014_test,147.52189037195933,179.0,0.5,0.0,0.0,31.47810962804067
35763,0,calendar_2014_test,165.5751976320078,182.0,0.5,0.0,0.0,16.424802367992214
35764,0,calendar_2014_test,166.88151622778315,189.0,0.5,0.0,0.0,22.118483772216848
35765,0,calendar_2014_test,176.12089947998615,220.0,0.5,0.0,0.0,43.87910052001385
35766,0,calendar_2014_test,207.41963820598667,245.0,0.5,0.0,0.0,37.58036179401333
35767,0,calendar_2014_test,239.8632171872798,255.0,0.5,0.0,0.0,15.136782812720213
35768,0,calendar_2014_test,244.1616966062987,284.0,0.5,0.0,0.0,39.838303393701295
35769,0,calendar_2014_test,256.3176358184135,326.0,0.5,0.0,0.0,69.68236418158648
35770,0,calendar_2014_test,276.12661423910254,301.0,0.5,0.0,0.0,24.873385760897463
35771,0,calendar_2014_test,261.9484828948957,289.0,0.5,0.0,0.0,27.051517105104324
35772,0,calendar_2014_test,240.15230128173476,269.0,0.5,0.0,0.0,28.847698718265235
35773,0,calendar_2014_test,229.9389387504859,249.0,0.5,0.0,0.0,19.061061249514097
35774,0,calendar_2014_test,220.80051274602914,232.0,0.5,0.0,0.0,11.199487253970858
35775,0,calendar_2014_test,199.48442539805723,222.0,0.5,0.0,0.0,22.515574601942774
35776,0,calendar_2014_test,196.46586235214156,217.0,0.5,0.0,0.0,20.534137647858444
35777,0,calendar_2014_test,199.75099746356884,215.0,0.5,0.0,0.0,15.249002536431163
35778,0,calendar_2014_test,183.27067023326012,243.0,0.5,0.0,0.0,59.72932976673988
35779,0,calendar_2014_test,228.87225858352733,224.0,0.5,0.0,0.0,4.872258583527326
35780,0,calendar_2014_test,205.77799658914242,236.0,0.5,0.0,0.0,30.22200341085758
35781,0,calendar_2014_test,213.80240580396156,256.0,0.5,0.0,0.0,42.19759419603844
35782,0,calendar_2014_test,244.70859552398565,272.0,0.5,0.0,0.0,27.29140447601435
35783,0,calendar_2014_test,264.68297838546493,266.0,0.5,0.0,0.0,1.317021614535065
35784,0,calendar_2014_test,242.8485632243007,280.0,0.5,0.0,0.0,37.151436775699295
35785,0,calendar_2014_test,257.8098918484737,320.0,0.5,0.0,0.0,62.19010815152632
35786,0,calendar_2014_test,306.1301111317107,364.0,0.5,0.0,0.0,57.86988886828931
35787,0,calendar_2014_test,355.5035142902796,383.0,0.5,0.0,0.0,27.49648570972039
35788,0,calendar_2014_test,361.8377800232038,402.0,0.5,0.0,0.0,40.16221997679622
35789,0,calendar_2014_test,380.660311107121,396.0,0.5,0.0,0.0,15.339688892878996
35790,0,calendar_2014_test,361.8374454272518,419.0,0.5,0.0,0.0,57.162554572748206
35791,0,calendar_2014_test,375.2732248057901,432.0,0.5,0.0,0.0,56.72677519420989
35792,0,calendar_2014_test,373.39037500439014,432.0,0.5,0.0,0.0,58.60962499560986
35793,0,calendar_2014_test,382.3706223548589,406.0,0.5,0.0,0.0,23.62937764514112
35794,0,calendar_2014_test,359.7909506513973,388.0,0.5,0.0,0.0,28.20904934860272
35795,0,calendar_2014_test,327.5571108460792,368.0,0.5,0.0,0.0,40.44288915392082
35796,0,calendar_2014_test,315.2033896458313,355.0,0.5,0.0,0.0,39.796610354168706
35797,0,calendar_2014_test,325.0873760672361,349.0,0.5,0.0,0.0,23.912623932763893
35798,0,calendar_2014_test,304.66718976939865,353.0,0.5,0.0,0.0,48.33281023060135
35799,0,calendar_2014_test,330.06386904106586,345.0,0.5,0.0,0.0,14.936130958934143
35800,0,calendar_2014_test,304.77416797230916,341.0,0.5,0.0,0.0,36.22583202769084
35801,0,calendar_2014_test,305.1044972389571,337.0,0.5,0.0,0.0,31.895502761042906
35802,0,calendar_2014_test,303.4429811969859,342.0,0.5,0.0,0.0,38.5570188030141
35803,0,calendar_2014_test,315.7233419944327,342.0,0.5,0.0,0.0,26.2766580055673
35804,0,calendar_2014_test,311.7489195540803,334.0,0.5,0.0,0.0,22.251080445919683
35805,0,calendar_2014_test,304.0651511414761,337.0,0.5,0.0,0.0,32.93484885852388
35806,0,calendar_2014_test,311.6193015211399,343.0,0.5,0.0,0.0,31.380698478860097
35807,0,calendar_2014_test,315.0516024084758,350.0,0.5,0.0,0.0,34.94839759152421
35808,0,calendar_2014_test,323.89274835693163,364.0,0.5,0.0,0.0,40.107251643068366
35809,0,calendar_2014_test,339.86143842470136,373.0,0.5,0.0,0.0,33.13856157529864
35810,0,calendar_2014_test,354.61838158636635,385.0,0.5,0.0,0.0,30.381618413633646
35811,0,calendar_2014_test,361.17226788638715,398.0,0.5,0.0,0.0,36.82773211361285
35812,0,calendar_2014_test,377.75048428013355,430.0,0.5,0.0,0.0,52.24951571986645
35813,0,calendar_2014_test,398.58796936954843,442.0,0.5,0.0,0.0,43.41203063045157
35814,0,calendar_2014_test,402.89298858319654,443.0,0.5,0.0,0.0,40.10701141680346
35815,0,calendar_2014_test,402.64005197887707,438.0,0.5,0.0,0.0,35.35994802112293
35816,0,calendar_2014_test,398.75401042784824,420.0,0.5,0.0,0.0,21.245989572151757
35817,0,calendar_2014_test,382.42510706402754,454.0,0.5,0.0,0.0,71.57489293597246
35818,0,calendar_2014_test,396.42282056559867,430.0,0.5,0.0,0.0,33.57717943440133
35819,0,calendar_2014_test,380.16372912544256,396.0,0.5,0.0,0.0,15.836270874557442
35820,0,calendar_2014_test,345.31517960289966,386.0,0.5,0.0,0.0,40.68482039710034
35821,0,calendar_2014_test,340.9261681415968,375.0,0.5,0.0,0.0,34.073831858403196
35822,0,calendar_2014_test,341.33243204910895,344.0,0.5,0.0,0.0,2.667567950891055
35823,0,calendar_2014_test,312.9658489338427,348.0,0.5,0.0,0.0,35.03415106615728
35824,0,calendar_2014_test,322.2653101229219,338.0,0.5,0.0,0.0,15.734689877078097
35825,0,calendar_2014_test,312.4402909543695,319.0,0.5,0.0,0.0,6.559709045630484
35826,0,calendar_2014_test,297.8902186964546,324.0,0.5,0.0,0.0,26.10978130354539
35827,0,calendar_2014_test,302.33299684684573,323.0,0.5,0.0,0.0,20.66700315315427
35828,0,calendar_2014_test,303.873603797445,331.0,0.5,0.0,0.0,27.126396202554986
35829,0,calendar_2014_test,307.62827908043135,332.0,0.5,0.0,0.0,24.371720919568645
35830,0,calendar_2014_test,305.73831068417775,328.0,0.5,0.0,0.0,22.261689315822252
35831,0,calendar_2014_test,302.20576456148524,310.0,0.5,0.0,0.0,7.794235438514761
35832,0,calendar_2014_test,280.6220579471921,298.0,0.5,0.0,0.0,17.377942052807896
35833,0,calendar_2014_test,252.09586071558527,267.0,0.5,0.0,0.0,14.904139284414725
35834,0,calendar_2014_test,210.22717199961497,261.0,0.5,0.0,0.0,50.77282800038503
35835,0,calendar_2014_test,220.3545060385541,243.0,0.5,0.0,0.0,22.645493961445908
35836,0,calendar_2014_test,245.63381920331943,263.0,0.5,0.0,0.0,17.366180796680567
35837,0,calendar_2014_test,256.06239441385196,302.0,0.5,0.0,0.0,45.93760558614804
35838,0,calendar_2014_test,292.8254700456603,331.0,0.5,0.0,0.0,38.174529954339675
35839,0,calendar_2014_test,313.0829355595685,330.0,0.5,0.0,0.0,16.91706444043149
35840,0,calendar_2014_test,309.56375766866927,308.0,0.5,0.0,0.0,1.5637576686692682
35841,0,calendar_2014_test,285.7371944159041,322.0,0.5,0.0,0.0,36.26280558409587
35842,0,calendar_2014_test,310.9916235633392,328.0,0.5,0.0,0.0,17.008376436660797
35843,0,calendar_2014_test,311.6469521457901,303.0,0.5,0.0,0.0,8.646952145790124
35844,0,calendar_2014_test,284.0666989651607,290.0,0.5,0.0,0.0,5.933301034839303
35845,0,calendar_2014_test,267.9899671972428,317.0,0.5,0.0,0.0,49.01003280275722
35846,0,calendar_2014_test,298.21044932301834,314.0,0.5,0.0,0.0,15.789550676981662
35847,0,calendar_2014_test,275.12478016027376,269.0,0.5,0.0,0.0,6.124780160273758
35848,0,calendar_2014_test,226.97627257548618,204.0,0.5,0.0,0.0,22.976272575486178
35849,0,calendar_2014_test,170.9934356992428,217.0,0.5,0.0,0.0,46.00656430075719
35850,0,calendar_2014_test,205.6698615837004,202.0,0.5,0.0,0.0,3.6698615837003956
35851,0,calendar_2014_test,182.02397920186525,196.0,0.5,0.0,0.0,13.976020798134755
35852,0,calendar_2014_test,173.96732236707487,230.0,0.5,0.0,0.0,56.03267763292513
35853,0,calendar_2014_test,216.54326713324005,256.0,0.5,0.0,0.0,39.45673286675995
35854,0,calendar_2014_test,232.66267084014433,246.0,0.5,0.0,0.0,13.33732915985567
35855,0,calendar_2014_test,235.84407258247714,243.0,0.5,0.0,0.0,7.155927417522861
35856,0,calendar_2014_test,233.57418782480772,237.0,0.5,0.0,0.0,3.425812175192277
35857,0,calendar_2014_test,210.11148744366906,233.0,0.5,0.0,0.0,22.888512556330937
35858,0,calendar_2014_test,207.00946565562296,239.0,0.5,0.0,0.0,31.99053434437704
35859,0,calendar_2014_test,219.39202164780832,253.0,0.5,0.0,0.0,33.60797835219168
35860,0,calendar_2014_test,217.4131026007577,108.0,0.5,0.0,0.0,109.4131026007577
35861,0,calendar_2014_test,56.94873991286444,21.0,0.5,0.0,0.0,35.94873991286444
35862,0,calendar_2014_test,23.56098811800448,18.0,0.5,0.0,0.0,5.560988118004481
35863,0,calendar_2014_test,18.996921102680574,5.0,0.5,0.0,0.0,13.996921102680574
35864,0,calendar_2014_test,10.389147010777258,6.0,0.5,0.0,0.0,4.389147010777258
35865,0,calendar_2014_test,9.394616804608152,7.0,0.5,0.0,0.0,2.3946168046081517
35866,0,calendar_2014_test,9.394616804608152,8.0,0.5,0.0,0.0,1.3946168046081517
35867,0,calendar_2014_test,10.120581427252915,5.0,0.5,0.0,0.0,5.120581427252915
35868,0,calendar_2014_test,9.394616804608152,7.0,0.5,0.0,0.0,2.3946168046081517
35869,0,calendar_2014_test,9.546391908626633,9.0,0.5,0.0,0.0,0.5463919086266333
35870,0,calendar_2014_test,10.652291839361757,9.0,0.5,0.0,0.0,1.652291839361757
35871,0,calendar_2014_test,10.652291839361757,9.0,0.5,0.0,0.0,1.652291839361757
35872,0,calendar_2014_test,10.632177517131026,8.0,0.5,0.0,0.0,2.6321775171310264
35873,0,calendar_2014_test,10.120581427252915,7.0,0.5,0.0,0.0,3.1205814272529153
35874,0,calendar_2014_test,9.394616804608152,4.0,0.5,0.0,0.0,5.394616804608152
35875,0,calendar_2014_test,9.546391908626633,3.0,0.5,0.0,0.0,6.546391908626633
35876,0,calendar_2014_test,9.526277586395903,4.0,0.5,0.0,0.0,5.526277586395903
35877,0,calendar_2014_test,9.526277586395903,6.0,0.5,0.0,0.0,3.526277586395903
35878,0,calendar_2014_test,9.526277586395903,3.0,0.5,0.0,0.0,6.526277586395903
35879,0,calendar_2014_test,9.414731126838882,5.0,0.5,0.0,0.0,4.414731126838882
35880,0,calendar_2014_test,9.394616804608152,6.0,0.5,0.0,0.0,3.3946168046081517
35881,0,calendar_2014_test,9.394616804608152,6.0,0.5,0.0,0.0,3.3946168046081517
35882,0,calendar_2014_test,9.394616804608152,4.0,0.5,0.0,0.0,5.394616804608152
35883,0,calendar_2014_test,9.394616804608152,7.0,0.5,0.0,0.0,2.3946168046081517
35884,0,calendar_2014_test,9.394616804608152,6.0,0.5,0.0,0.0,3.3946168046081517
35885,0,calendar_2014_test,9.394616804608152,7.0,0.5,0.0,0.0,2.3946168046081517
35886,0,calendar_2014_test,9.394616804608152,13.0,0.5,0.0,0.0,3.6053831953918483
35887,0,calendar_2014_test,13.279038050164436,8.0,0.5,0.0,0.0,5.279038050164436
35888,0,calendar_2014_test,10.260344707366297,10.0,0.5,0.0,0.0,0.260344707366297
35889,0,calendar_2014_test,10.90072196562389,10.0,0.5,0.0,0.0,0.9007219656238892
35890,0,calendar_2014_test,10.90072196562389,7.0,0.5,0.0,0.0,3.900721965623889
35891,0,calendar_2014_test,9.394616804608152,5.0,0.5,0.0,0.0,4.394616804608152
35892,0,calendar_2014_test,9.394616804608152,3.0,0.5,0.0,0.0,6.394616804608152
35893,0,calendar_2014_test,9.394616804608152,3.0,0.5,0.0,0.0,6.394616804608152
35894,0,calendar_2014_test,9.394616804608152,7.0,0.5,0.0,0.0,2.3946168046081517
35895,0,calendar_2014_test,9.39366657989369,9.0,0.5,0.0,0.0,0.39366657989369
35896,0,calendar_2014_test,11.11960355539557,7.0,0.5,0.0,0.0,4.119603555395569
35897,0,calendar_2014_test,9.414731126838882,5.0,0.5,0.0,0.0,4.414731126838882
35898,0,calendar_2014_test,9.414731126838882,5.0,0.5,0.0,0.0,4.414731126838882
35899,0,calendar_2014_test,9.394616804608152,7.0,0.5,0.0,0.0,2.3946168046081517
35900,0,calendar_2014_test,9.394616804608152,9.0,0.5,0.0,0.0,0.39461680460815174
35901,0,calendar_2014_test,10.632177517131026,8.0,0.5,0.0,0.0,2.6321775171310264
35902,0,calendar_2014_test,10.120581427252915,9.0,0.5,0.0,0.0,1.1205814272529153
35903,0,calendar_2014_test,10.632177517131026,9.0,0.5,0.0,0.0,1.6321775171310264
35904,0,calendar_2014_test,11.20019511976488,8.0,0.5,0.0,0.0,3.2001951197648797
35905,0,calendar_2014_test,10.708302241328242,10.0,0.5,0.0,0.0,0.7083022413282425
35906,0,calendar_2014_test,13.671049731704098,10.0,0.5,0.0,0.0,3.671049731704098
35907,0,calendar_2014_test,13.671049731704098,8.0,0.5,0.0,0.0,5.671049731704098
35908,0,calendar_2014_test,13.004764198266935,13.0,0.5,0.0,0.0,0.004764198266935082
35909,0,calendar_2014_test,16.240635895696407,24.0,0.5,0.0,0.0,7.759364104303593
35910,0,calendar_2014_test,25.93609867524839,35.0,0.5,0.0,0.0,9.063901324751608
35911,0,calendar_2014_test,39.93409476176647,35.0,0.5,0.0,0.0,4.934094761766467
35912,0,calendar_2014_test,34.59910402400993,51.0,0.5,0.0,0.0,16.400895975990068
35913,0,calendar_2014_test,47.26602254514976,59.0,0.5,0.0,0.0,11.73397745485024
35914,0,calendar_2014_test,59.10711620819696,61.0,0.5,0.0,0.0,1.8928837918030368
35915,0,calendar_2014_test,57.72347435093574,47.0,0.5,0.0,0.0,10.723474350935739
35916,0,calendar_2014_test,46.938458185109454,42.0,0.5,0.0,0.0,4.938458185109454
35917,0,calendar_2014_test,39.48110415153226,45.0,0.5,0.0,0.0,5.518895848467743
35918,0,calendar_2014_test,43.19749942903721,47.0,0.5,0.0,0.0,3.802500570962792
35919,0,calendar_2014_test,41.68090543632445,33.0,0.5,0.0,0.0,8.680905436324451
35920,0,calendar_2014_test,34.88337747735429,20.0,0.5,0.0,0.0,14.883377477354287
35921,0,calendar_2014_test,21.187016978276738,25.0,0.5,0.0,0.0,3.8129830217232623
35922,0,calendar_2014_test,22.466378436885215,22.0,0.5,0.0,0.0,0.46637843688521485
35923,0,calendar_2014_test,20.74340116412025,17.0,0.5,0.0,0.0,3.7434011641202503
35924,0,calendar_2014_test,17.688079469582433,26.0,0.5,0.0,0.0,8.311920530417567
35925,0,calendar_2014_test,23.953818303239036,28.0,0.5,0.0,0.0,4.046181696760964
35926,0,calendar_2014_test,25.067194882717263,31.0,0.5,0.0,0.0,5.9328051172827365
35927,0,calendar_2014_test,32.17174406616238,46.0,0.5,0.0,0.0,13.828255933837617
35928,0,calendar_2014_test,44.75118699420132,49.0,0.5,0.0,0.0,4.248813005798681
35929,0,calendar_2014_test,46.63831444715047,37.0,0.5,0.0,0.0,9.63831444715047
35930,0,calendar_2014_test,37.7426892737362,31.0,0.5,0.0,0.0,6.742689273736197
35931,0,calendar_2014_test,33.40232091996568,31.0,0.5,0.0,0.0,2.402320919965682
35932,0,calendar_2014_test,33.55628968761835,54.0,0.5,0.0,0.0,20.443710312381647
35933,0,calendar_2014_test,50.71901317796032,67.0,0.5,0.0,0.0,16.28098682203968
35934,0,calendar_2014_test,67.00131038394115,75.0,0.5,0.0,0.0,7.998689616058854
35935,0,calendar_2014_test,74.38948920279776,88.0,0.5,0.0,0.0,13.610510797202238
35936,0,calendar_2014_test,83.73665016212436,114.0,0.5,0.0,0.0,30.263349837875637
35937,0,calendar_2014_test,109.60003746716221,128.0,0.5,0.0,0.0,18.39996253283779
35938,0,calendar_2014_test,120.19704047551919,141.0,0.5,0.0,0.0,20.802959524480812
35939,0,calendar_2014_test,134.436303871593,149.0,0.5,0.0,0.0,14.563696128407003
35940,0,calendar_2014_test,137.4549640647972,149.0,0.5,0.0,0.0,11.545035935202804
35941,0,calendar_2014_test,138.95013246023504,125.0,0.5,0.0,0.0,13.95013246023504
35942,0,calendar_2014_test,110.81953896819847,92.0,0.5,0.0,0.0,18.819538968198472
35943,0,calendar_2014_test,78.92121836260152,110.0,0.5,0.0,0.0,31.078781637398478
35944,0,calendar_2014_test,108.67685144087864,89.0,0.5,0.0,0.0,19.676851440878636
35945,0,calendar_2014_test,79.20923502266565,84.0,0.5,0.0,0.0,4.790764977334348
35946,0,calendar_2014_test,75.5491707781034,95.0,0.5,0.0,0.0,19.450829221896598
35947,0,calendar_2014_test,90.35010475566808,62.0,0.5,0.0,0.0,28.350104755668085
35948,0,calendar_2014_test,49.12944769200937,23.0,0.5,0.0,0.0,26.12944769200937
35949,0,calendar_2014_test,23.38744460251937,11.0,0.5,0.0,0.0,12.38744460251937
35950,0,calendar_2014_test,14.164325076997281,13.0,0.5,0.0,0.0,1.1643250769972813
35951,0,calendar_2014_test,13.570858699821178,9.0,0.5,0.0,0.0,4.570858699821178
35952,0,calendar_2014_test,10.77194079724441,12.0,0.5,0.0,0.0,1.22805920275559
35953,0,calendar_2014_test,12.328873737608912,9.0,0.5,0.0,0.0,3.3288737376089124
35954,0,calendar_2014_test,10.632177517131026,8.0,0.5,0.0,0.0,2.6321775171310264
35955,0,calendar_2014_test,10.120581427252915,9.0,0.5,0.0,0.0,1.1205814272529153
35956,0,calendar_2014_test,10.632177517131026,8.0,0.5,0.0,0.0,2.6321775171310264
35957,0,calendar_2014_test,10.120581427252915,7.0,0.5,0.0,0.0,3.1205814272529153
35958,0,calendar_2014_test,9.394616804608152,16.0,0.5,0.0,0.0,6.605383195391848
35959,0,calendar_2014_test,14.186988266676128,20.0,0.5,0.0,0.0,5.813011733323872
35960,0,calendar_2014_test,19.01871798087652,17.0,0.5,0.0,0.0,2.01871798087652
35961,0,calendar_2014_test,17.11474922406914,20.0,0.5,0.0,0.0,2.88525077593086
35962,0,calendar_2014_test,19.963116209975443,40.0,0.5,0.0,0.0,20.036883790024557
35963,0,calendar_2014_test,40.84947275192333,27.0,0.5,0.0,0.0,13.84947275192333
35964,0,calendar_2014_test,28.125649636132596,27.0,0.5,0.0,0.0,1.1256496361325965
35965,0,calendar_2014_test,27.308700888962168,29.0,0.5,0.0,0.0,1.6912991110378321
35966,0,calendar_2014_test,27.574634241131996,31.0,0.5,0.0,0.0,3.425365758868004
35967,0,calendar_2014_test,29.80322187804519,37.0,0.5,0.0,0.0,7.196778121954811
35968,0,calendar_2014_test,37.17402440836879,36.0,0.5,0.0,0.0,1.174024408368787
35969,0,calendar_2014_test,33.675415298334606,43.0,0.5,0.0,0.0,9.324584701665394
35970,0,calendar_2014_test,42.62731796366569,44.0,0.5,0.0,0.0,1.3726820363343109
35971,0,calendar_2014_test,40.86534191209448,44.0,0.5,0.0,0.0,3.134658087905521
35972,0,calendar_2014_test,40.07029080300161,25.0,0.5,0.0,0.0,15.070290803001612
35973,0,calendar_2014_test,26.134847987368538,17.0,0.5,0.0,0.0,9.134847987368538
35974,0,calendar_2014_test,19.662607211291796,17.0,0.5,0.0,0.0,2.662607211291796
35975,0,calendar_2014_test,18.52442885851001,27.0,0.5,0.0,0.0,8.47557114148999
35976,0,calendar_2014_test,27.851004062362318,29.0,0.5,0.0,0.0,1.1489959376376824
35977,0,calendar_2014_test,28.358625513684608,29.0,0.5,0.0,0.0,0.6413744863153923
35978,0,calendar_2014_test,29.7827340885394,36.0,0.5,0.0,0.0,6.217265911460601
35979,0,calendar_2014_test,36.55671153416576,59.0,0.5,0.0,0.0,22.443288465834243
35980,0,calendar_2014_test,57.0845705213715,59.0,0.5,0.0,0.0,1.9154294786285035
35981,0,calendar_2014_test,56.44819830063918,57.0,0.5,0.0,0.0,0.5518016993608228
35982,0,calendar_2014_test,53.70204163593557,55.0,0.5,0.0,0.0,1.2979583640644279
35983,0,calendar_2014_test,50.94879821925666,60.0,0.5,0.0,0.0,9.051201780743341
35984,0,calendar_2014_test,60.679719160111354,70.0,0.5,0.0,0.0,9.320280839888646
35985,0,calendar_2014_test,70.24651376517201,80.0,0.5,0.0,0.0,9.753486234827989
35986,0,calendar_2014_test,78.52993979725078,85.0,0.5,0.0,0.0,6.470060202749224
35987,0,calendar_2014_test,81.95567051496785,88.0,0.5,0.0,0.0,6.044329485032151
35988,0,calendar_2014_test,80.13586414593532,91.0,0.5,0.0,0.0,10.864135854064685
35989,0,calendar_2014_test,85.2708483279061,98.0,0.5,0.0,0.0,12.729151672093906
35990,0,calendar_2014_test,89.85360527856065,103.0,0.5,0.0,0.0,13.14639472143935
35991,0,calendar_2014_test,96.28889380788614,101.0,0.5,0.0,0.0,4.71110619211386
35992,0,calendar_2014_test,91.13428351162834,98.0,0.5,0.0,0.0,6.86571648837166
35993,0,calendar_2014_test,89.6572146052378,99.0,0.5,0.0,0.0,9.342785394762203
35994,0,calendar_2014_test,94.26760914523842,95.0,0.5,0.0,0.0,0.7323908547615758
35995,0,calendar_2014_test,86.0431736479686,76.0,0.5,0.0,0.0,10.043173647968601
35996,0,calendar_2014_test,65.14559419097539,80.0,0.5,0.0,0.0,14.854405809024612
35997,0,calendar_2014_test,76.42770923750207,87.0,0.5,0.0,0.0,10.572290762497929
35998,0,calendar_2014_test,81.40396299744859,87.0,0.5,0.0,0.0,5.596037002551412
35999,0,calendar_2014_test,77.59904756261658,82.0,0.5,0.0,0.0,4.400952437383424
36000,0,calendar_2014_test,74.1835441861817,105.0,0.5,0.0,0.0,30.816455813818294
36001,0,calendar_2014_test,96.34463950259997,116.0,0.5,0.0,0.0,19.655360497400025
36002,0,calendar_2014_test,108.56874422246776,103.0,0.5,0.0,0.0,5.568744222467757
36003,0,calendar_2014_test,92.19372816987575,109.0,0.5,0.0,0.0,16.806271830124246
36004,0,calendar_2014_test,104.16101649918916,118.0,0.5,0.0,0.0,13.83898350081084
36005,0,calendar_2014_test,113.67533210580572,127.0,0.5,0.0,0.0,13.324667894194278
36006,0,calendar_2014_test,123.38700608001992,144.0,0.5,0.0,0.0,20.612993919980084
36007,0,calendar_2014_test,137.26210818083996,189.0,0.5,0.0,0.0,51.73789181916004
36008,0,calendar_2014_test,179.07532962562698,190.0,0.5,0.0,0.0,10.924670374373022
36009,0,calendar_2014_test,181.19963014865496,225.0,0.5,0.0,0.0,43.80036985134504
36010,0,calendar_2014_test,206.80603845373807,211.0,0.5,0.0,0.0,4.1939615462619315
36011,0,calendar_2014_test,179.95726035456508,197.0,0.5,0.0,0.0,17.04273964543492
36012,0,calendar_2014_test,178.2062238321155,200.0,0.5,0.0,0.0,21.793776167884488
36013,0,calendar_2014_test,177.74855953908576,197.0,0.5,0.0,0.0,19.25144046091424
36014,0,calendar_2014_test,180.76543372077697,193.0,0.5,0.0,0.0,12.234566279223031
36015,0,calendar_2014_test,170.11965826280556,180.0,0.5,0.0,0.0,9.880341737194442
36016,0,calendar_2014_test,159.5459063309464,117.0,0.5,0.0,0.0,42.545906330946394
36017,0,calendar_2014_test,92.01169524907824,110.0,0.5,0.0,0.0,17.988304750921756
36018,0,calendar_2014_test,100.5881111982723,111.0,0.5,0.0,0.0,10.411888801727699
36019,0,calendar_2014_test,107.3557188390543,94.0,0.5,0.0,0.0,13.355718839054305
36020,0,calendar_2014_test,86.1537953799519,112.0,0.5,0.0,0.0,25.8462046200481
36021,0,calendar_2014_test,109.78097146133749,110.0,0.5,0.0,0.0,0.21902853866251348
36022,0,calendar_2014_test,104.28872427383828,155.0,0.5,0.0,0.0,50.711275726161716
36023,0,calendar_2014_test,161.61661697069735,186.0,0.5,0.0,0.0,24.38338302930265
36024,0,calendar_2014_test,170.22036173107944,194.0,0.5,0.0,0.0,23.779638268920564
36025,0,calendar_2014_test,173.88119181366116,210.0,0.5,0.0,0.0,36.11880818633884
36026,0,calendar_2014_test,194.02098169070123,215.0,0.5,0.0,0.0,20.979018309298766
36027,0,calendar_2014_test,205.88432112059675,230.0,0.5,0.0,0.0,24.115678879403248
36028,0,calendar_2014_test,216.2157619354718,239.0,0.5,0.0,0.0,22.78423806452821
36029,0,calendar_2014_test,223.1261252269072,272.0,0.5,0.0,0.0,48.87387477309281
36030,0,calendar_2014_test,264.60958818681644,296.0,0.5,0.0,0.0,31.39041181318356
36031,0,calendar_2014_test,282.05418315148785,315.0,0.5,0.0,0.0,32.94581684851215
36032,0,calendar_2014_test,290.3154006642156,357.0,0.5,0.0,0.0,66.68459933578441
36033,0,calendar_2014_test,336.72304618778605,382.0,0.5,0.0,0.0,45.27695381221395
36034,0,calendar_2014_test,346.1858232973756,406.0,0.5,0.0,0.0,59.81417670262442
36035,0,calendar_2014_test,359.1078239257051,405.0,0.5,0.0,0.0,45.89217607429492
36036,0,calendar_2014_test,356.90665218766617,389.0,0.5,0.0,0.0,32.09334781233383
36037,0,calendar_2014_test,333.9938521393589,397.0,0.5,0.0,0.0,63.00614786064108
36038,0,calendar_2014_test,342.3191658933144,413.0,0.5,0.0,0.0,70.68083410668561
36039,0,calendar_2014_test,367.3755016897905,373.0,0.5,0.0,0.0,5.624498310209503
36040,0,calendar_2014_test,304.6756284231718,362.0,0.5,0.0,0.0,57.324371576828185
36041,0,calendar_2014_test,299.7202465471885,356.0,0.5,0.0,0.0,56.27975345281152
36042,0,calendar_2014_test,311.4568609975507,344.0,0.5,0.0,0.0,32.54313900244932
36043,0,calendar_2014_test,296.7473168941756,352.0,0.5,0.0,0.0,55.25268310582442
36044,0,calendar_2014_test,323.84735726577276,357.0,0.5,0.0,0.0,33.15264273422724
36045,0,calendar_2014_test,329.34583407921224,353.0,0.5,0.0,0.0,23.65416592078776
36046,0,calendar_2014_test,325.8029069683147,292.0,0.5,0.0,0.0,33.80290696831469
36047,0,calendar_2014_test,199.2958326066025,213.0,0.5,0.0,0.0,13.704167393397512
36048,0,calendar_2014_test,150.40563799504474,210.0,0.5,0.0,0.0,59.59436200495526
36049,0,calendar_2014_test,194.96386218470397,183.0,0.5,0.0,0.0,11.96386218470397
36050,0,calendar_2014_test,166.98367803690545,161.0,0.5,0.0,0.0,5.983678036905445
36051,0,calendar_2014_test,147.04805463502228,153.0,0.5,0.0,0.0,5.951945364977718
36052,0,calendar_2014_test,131.29768113611627,169.0,0.5,0.0,0.0,37.70231886388373
36053,0,calendar_2014_test,171.75862726026227,196.0,0.5,0.0,0.0,24.241372739737727
36054,0,calendar_2014_test,204.87015494145996,200.0,0.5,0.0,0.0,4.870154941459958
36055,0,calendar_2014_test,198.05408902360577,197.0,0.5,0.0,0.0,1.0540890236057692
36056,0,calendar_2014_test,186.39309834973588,178.0,0.5,0.0,0.0,8.39309834973588
36057,0,calendar_2014_test,165.67911070916108,161.0,0.5,0.0,0.0,4.67911070916108
36058,0,calendar_2014_test,145.72283135138667,161.0,0.5,0.0,0.0,15.277168648613326
36059,0,calendar_2014_test,146.07814218314894,166.0,0.5,0.0,0.0,19.92185781685106
36060,0,calendar_2014_test,154.8108471710027,171.0,0.5,0.0,0.0,16.189152828997294
36061,0,calendar_2014_test,165.1738918939522,177.0,0.5,0.0,0.0,11.826108106047798
36062,0,calendar_2014_test,168.56087640336705,177.0,0.5,0.0,0.0,8.439123596632953
36063,0,calendar_2014_test,164.86009308914444,189.0,0.5,0.0,0.0,24.139906910855558
36064,0,calendar_2014_test,180.79594850176602,187.0,0.5,0.0,0.0,6.20405149823398
36065,0,calendar_2014_test,176.54939075978092,192.0,0.5,0.0,0.0,15.45060924021908
36066,0,calendar_2014_test,184.94195147937708,203.0,0.5,0.0,0.0,18.05804852062292
36067,0,calendar_2014_test,196.78394226654257,234.0,0.5,0.0,0.0,37.21605773345743
36068,0,calendar_2014_test,234.69367007207387,261.0,0.5,0.0,0.0,26.30632992792613
36069,0,calendar_2014_test,241.06564265305272,265.0,0.5,0.0,0.0,23.93435734694728
36070,0,calendar_2014_test,231.37019781434606,268.0,0.5,0.0,0.0,36.62980218565394
36071,0,calendar_2014_test,236.01428432599377,285.0,0.5,0.0,0.0,48.98571567400623
36072,0,calendar_2014_test,251.98073039489609,264.0,0.5,0.0,0.0,12.019269605103915
36073,0,calendar_2014_test,224.87835066684596,253.0,0.5,0.0,0.0,28.12164933315404
36074,0,calendar_2014_test,36.647633574282615,41.0,0.5,0.0,0.0,4.352366425717385
36075,0,calendar_2014_test,44.323517895052724,38.0,0.5,0.0,0.0,6.323517895052724
36076,0,calendar_2014_test,40.56024032758512,51.0,0.5,0.0,0.0,10.43975967241488
36077,0,calendar_2014_test,51.075579597638125,67.0,0.5,0.0,0.0,15.924420402361875
36078,0,calendar_2014_test,68.1164409823992,84.0,0.5,0.0,0.0,15.883559017600803
36079,0,calendar_2014_test,81.27985924833621,91.0,0.5,0.0,0.0,9.720140751663791
36080,0,calendar_2014_test,85.9219905117926,97.0,0.5,0.0,0.0,11.0780094882074
36081,0,calendar_2014_test,91.8703262018034,60.0,0.5,0.0,0.0,31.870326201803394
36082,0,calendar_2014_test,55.42732849418924,50.0,0.5,0.0,0.0,5.42732849418924
36083,0,calendar_2014_test,49.25693977265249,47.0,0.5,0.0,0.0,2.256939772652487
36084,0,calendar_2014_test,45.83026449812794,52.0,0.5,0.0,0.0,6.169735501872061
36085,0,calendar_2014_test,49.90014314145907,73.0,0.5,0.0,0.0,23.09985685854093
36086,0,calendar_2014_test,72.13994045513525,111.0,0.5,0.0,0.0,38.860059544864754
36087,0,calendar_2014_test,107.79844990147228,104.0,0.5,0.0,0.0,3.7984499014722815
36088,0,calendar_2014_test,92.16279209858257,90.0,0.5,0.0,0.0,2.162792098582571
36089,0,calendar_2014_test,82.00257841141317,84.0,0.5,0.0,0.0,1.9974215885868318
36090,0,calendar_2014_test,78.53273476702913,79.0,0.5,0.0,0.0,0.46726523297087397
36091,0,calendar_2014_test,73.6246919550436,83.0,0.5,0.0,0.0,9.375308044956398
36092,0,calendar_2014_test,78.29267717589437,92.0,0.5,0.0,0.0,13.707322824105631
36093,0,calendar_2014_test,86.82984422570891,104.0,0.5,0.0,0.0,17.17015577429109
36094,0,calendar_2014_test,97.39830308861063,100.0,0.5,0.0,0.0,2.601696911389368
36095,0,calendar_2014_test,91.64165537248222,101.0,0.5,0.0,0.0,9.35834462751778
36096,0,calendar_2014_test,95.65495111304134,86.0,0.5,0.0,0.0,9.654951113041335
36097,0,calendar_2014_test,77.59149895170393,85.0,0.5,0.0,0.0,7.408501048296074
36098,0,calendar_2014_test,79.02184459458687,83.0,0.5,0.0,0.0,3.9781554054131334
36099,0,calendar_2014_test,78.91354158709308,97.0,0.5,0.0,0.0,18.08645841290692
36100,0,calendar_2014_test,93.30002697873832,117.0,0.5,0.0,0.0,23.699973021261684
36101,0,calendar_2014_test,114.11906208498112,124.0,0.5,0.0,0.0,9.880937915018876
36102,0,calendar_2014_test,119.20728191337253,127.0,0.5,0.0,0.0,7.792718086627474
36103,0,calendar_2014_test,118.91984475301875,132.0,0.5,0.0,0.0,13.08015524698125
36104,0,calendar_2014_test,122.16142075543291,130.0,0.5,0.0,0.0,7.838579244567086
36105,0,calendar_2014_test,116.04573767469667,126.0,0.5,0.0,0.0,9.954262325303333
36106,0,calendar_2014_test,112.83842797015683,119.0,0.5,0.0,0.0,6.161572029843171
36107,0,calendar_2014_test,108.44341297030984,108.0,0.5,0.0,0.0,0.4434129703098364
36108,0,calendar_2014_test,97.08355168440127,108.0,0.5,0.0,0.0,10.916448315598728
36109,0,calendar_2014_test,98.89637187873814,102.0,0.5,0.0,0.0,3.1036281212618633
36110,0,calendar_2014_test,93.3626439801782,110.0,0.5,0.0,0.0,16.637356019821794
36111,0,calendar_2014_test,107.67992712338621,113.0,0.5,0.0,0.0,5.320072876613793
36112,0,calendar_2014_test,109.2974808703586,108.0,0.5,0.0,0.0,1.2974808703585978
36113,0,calendar_2014_test,99.57281529157387,116.0,0.5,0.0,0.0,16.427184708426125
36114,0,calendar_2014_test,108.59198572257128,130.0,0.5,0.0,0.0,21.40801427742872
36115,0,calendar_2014_test,125.06112849645785,134.0,0.5,0.0,0.0,8.938871503542146
36116,0,calendar_2014_test,122.92320945899583,136.0,0.5,0.0,0.0,13.076790541004172
36117,0,calendar_2014_test,126.45482941670348,145.0,0.5,0.0,0.0,18.545170583296525
36118,0,calendar_2014_test,140.34457526231677,149.0,0.5,0.0,0.0,8.655424737683234
36119,0,calendar_2014_test,137.39961598176788,133.0,0.5,0.0,0.0,4.39961598176788
36120,0,calendar_2014_test,119.70442442866474,143.0,0.5,0.0,0.0,23.295575571335263
36121,0,calendar_2014_test,137.55067610179773,149.0,0.5,0.0,0.0,11.449323898202266
36122,0,calendar_2014_test,137.16518219063403,164.0,0.5,0.0,0.0,26.834817809365973
36123,0,calendar_2014_test,151.68346622951853,170.0,0.5,0.0,0.0,18.31653377048147
36124,0,calendar_2014_test,160.90195992487213,174.0,0.5,0.0,0.0,13.09804007512787
36125,0,calendar_2014_test,164.1660808845182,191.0,0.5,0.0,0.0,26.83391911548179
36126,0,calendar_2014_test,180.23358068203066,196.0,0.5,0.0,0.0,15.766419317969337
36127,0,calendar_2014_test,181.971478766717,195.0,0.5,0.0,0.0,13.028521233282987
36128,0,calendar_2014_test,181.66349087015493,214.0,0.5,0.0,0.0,32.33650912984507
36129,0,calendar_2014_test,205.64203575453215,227.0,0.5,0.0,0.0,21.357964245467855
36130,0,calendar_2014_test,207.94257329636307,217.0,0.5,0.0,0.0,9.057426703636935
36131,0,calendar_2014_test,198.44890272510523,195.0,0.5,0.0,0.0,3.4489027251052278
36132,0,calendar_2014_test,164.92774653976093,183.0,0.5,0.0,0.0,18.072253460239068
36133,0,calendar_2014_test,151.54838114782234,179.0,0.5,0.0,0.0,27.45161885217766
36134,0,calendar_2014_test,157.09822684690528,191.0,0.5,0.0,0.0,33.90177315309472
36135,0,calendar_2014_test,168.51685391729305,178.0,0.5,0.0,0.0,9.483146082706952
36136,0,calendar_2014_test,155.61734565330795,183.0,0.5,0.0,0.0,27.38265434669205
36137,0,calendar_2014_test,159.93298165958703,185.0,0.5,0.0,0.0,25.06701834041297
36138,0,calendar_2014_test,162.94754824829252,192.0,0.5,0.0,0.0,29.05245175170748
36139,0,calendar_2014_test,171.37634398298292,199.0,0.5,0.0,0.0,27.623656017017083
36140,0,calendar_2014_test,182.6559711216499,231.0,0.5,0.0,0.0,48.34402887835009
36141,0,calendar_2014_test,214.79197152989073,253.0,0.5,0.0,0.0,38.20802847010927
36142,0,calendar_2014_test,243.55333895352214,281.0,0.5,0.0,0.0,37.44666104647786
36143,0,calendar_2014_test,263.63577270977106,294.0,0.5,0.0,0.0,30.36422729022894
36144,0,calendar_2014_test,278.3080829172209,317.0,0.5,0.0,0.0,38.69191708277913
36145,0,calendar_2014_test,297.91524826097293,318.0,0.5,0.0,0.0,20.08475173902707
36146,0,calendar_2014_test,282.5691893429363,323.0,0.5,0.0,0.0,40.43081065706372
36147,0,calendar_2014_test,304.05769438248194,339.0,0.5,0.0,0.0,34.94230561751806
36148,0,calendar_2014_test,311.601759520681,341.0,0.5,0.0,0.0,29.398240479318986
36149,0,calendar_2014_test,314.2065569335701,346.0,0.5,0.0,0.0,31.793443066429916
36150,0,calendar_2014_test,322.99378854500384,356.0,0.5,0.0,0.0,33.00621145499616
36151,0,calendar_2014_test,336.11015250510434,383.0,0.5,0.0,0.0,46.88984749489566
36152,0,calendar_2014_test,350.26646707815314,363.0,0.5,0.0,0.0,12.733532921846859
36153,0,calendar_2014_test,322.2639957462316,381.0,0.5,0.0,0.0,58.736004253768385
36154,0,calendar_2014_test,337.40964824329535,352.0,0.5,0.0,0.0,14.59035175670465
36155,0,calendar_2014_test,312.9767155258948,319.0,0.5,0.0,0.0,6.023284474105196
36156,0,calendar_2014_test,284.7949323593766,310.0,0.5,0.0,0.0,25.205067640623383
36157,0,calendar_2014_test,256.4144411288317,331.0,0.5,0.0,0.0,74.5855588711683
36158,0,calendar_2014_test,287.78614167312725,332.0,0.5,0.0,0.0,44.21385832687275
36159,0,calendar_2014_test,286.06261863160626,315.0,0.5,0.0,0.0,28.937381368393744
36160,0,calendar_2014_test,228.30317311291822,312.0,0.5,0.0,0.0,83.69682688708178
36161,0,calendar_2014_test,247.82209672736366,310.0,0.5,0.0,0.0,62.17790327263634
36162,0,calendar_2014_test,255.70607748238805,324.0,0.5,0.0,0.0,68.29392251761195
36163,0,calendar_2014_test,301.9756077991329,330.0,0.5,0.0,0.0,28.024392200867112
36164,0,calendar_2014_test,305.7812850711129,324.0,0.5,0.0,0.0,18.218714928887096
36165,0,calendar_2014_test,296.97184825622224,331.0,0.5,0.0,0.0,34.028151743777755
36166,0,calendar_2014_test,308.3794547860703,346.0,0.5,0.0,0.0,37.62054521392969
36167,0,calendar_2014_test,322.48405744148255,352.0,0.5,0.0,0.0,29.51594255851745
36168,0,calendar_2014_test,342.55112300756093,376.0,0.5,0.0,0.0,33.44887699243907
36169,0,calendar_2014_test,360.2592288461966,402.0,0.5,0.0,0.0,41.740771153803394
36170,0,calendar_2014_test,387.4898849484266,423.0,0.5,0.0,0.0,35.51011505157339
36171,0,calendar_2014_test,389.40749495274287,440.0,0.5,0.0,0.0,50.592505047257134
36172,0,calendar_2014_test,393.01568358176047,449.0,0.5,0.0,0.0,55.98431641823953
36173,0,calendar_2014_test,399.54080327132374,472.0,0.5,0.0,0.0,72.45919672867626
36174,0,calendar_2014_test,428.32519025938274,453.0,0.5,0.0,0.0,24.674809740617263
36175,0,calendar_2014_test,389.16313987205314,413.0,0.5,0.0,0.0,23.836860127946863
36176,0,calendar_2014_test,364.8511357595578,396.0,0.5,0.0,0.0,31.148864240442208
36177,0,calendar_2014_test,357.56728156321793,395.0,0.5,0.0,0.0,37.43271843678207
36178,0,calendar_2014_test,363.4032848930006,379.0,0.5,0.0,0.0,15.596715106999397
36179,0,calendar_2014_test,334.6404799313745,341.0,0.5,0.0,0.0,6.3595200686255
36180,0,calendar_2014_test,278.1331407652074,312.0,0.5,0.0,0.0,33.86685923479263
36181,0,calendar_2014_test,287.62886437270885,257.0,0.5,0.0,0.0,30.628864372708847
36182,0,calendar_2014_test,199.76917852959178,183.0,0.5,0.0,0.0,16.769178529591784
36183,0,calendar_2014_test,87.27951423347545,39.0,0.5,0.0,0.0,48.27951423347545
36184,0,calendar_2014_test,32.668839446903654,16.0,0.5,0.0,0.0,16.668839446903654
36185,0,calendar_2014_test,19.872270201587185,14.0,0.5,0.0,0.0,5.872270201587185
36186,0,calendar_2014_test,14.562972695622705,16.0,0.5,0.0,0.0,1.4370273043772954
36187,0,calendar_2014_test,14.491343130279647,10.0,0.5,0.0,0.0,4.491343130279647
36188,0,calendar_2014_test,11.396757803422377,10.0,0.5,0.0,0.0,1.3967578034223767
36189,0,calendar_2014_test,11.032382747411646,9.0,0.5,0.0,0.0,2.0323827474116456
36190,0,calendar_2014_test,10.763838298918781,7.0,0.5,0.0,0.0,3.763838298918781
36191,0,calendar_2014_test,9.526277586395903,9.0,0.5,0.0,0.0,0.5262775863959028
36192,0,calendar_2014_test,10.783541510360251,9.0,0.5,0.0,0.0,1.7835415103602514
36193,0,calendar_2014_test,10.783541510360251,10.0,0.5,0.0,0.0,0.7835415103602514
36194,0,calendar_2014_test,11.052085958853114,8.0,0.5,0.0,0.0,3.052085958853114
36195,0,calendar_2014_test,10.271945420482137,9.0,0.5,0.0,0.0,1.2719454204821368
36196,0,calendar_2014_test,10.783541510360251,17.0,0.5,0.0,0.0,6.216458489639749
36197,0,calendar_2014_test,14.537682583943111,15.0,0.5,0.0,0.0,0.46231741605688903
36198,0,calendar_2014_test,15.098775147570086,15.0,0.5,0.0,0.0,0.09877514757008576
36199,0,calendar_2014_test,14.675124746044778,12.0,0.5,0.0,0.0,2.6751247460447782
36200,0,calendar_2014_test,12.82490957540741,9.0,0.5,0.0,0.0,3.8249095754074105
36201,0,calendar_2014_test,10.763838298918781,10.0,0.5,0.0,0.0,0.7638382989187811
36202,0,calendar_2014_test,11.032382747411646,9.0,0.5,0.0,0.0,2.0323827474116456
36203,0,calendar_2014_test,10.763838298918781,12.0,0.5,0.0,0.0,1.236161701081219
36204,0,calendar_2014_test,12.460534519396665,9.0,0.5,0.0,0.0,3.4605345193966652
36205,0,calendar_2014_test,10.763838298918781,13.0,0.5,0.0,0.0,2.236161701081219
36206,0,calendar_2014_test,14.536188217296978,14.0,0.5,0.0,0.0,0.5361882172969779
36207,0,calendar_2014_test,14.600022276827922,12.0,0.5,0.0,0.0,2.6000222768279215
36208,0,calendar_2014_test,13.03665462035615,24.0,0.5,0.0,0.0,10.96334537964385
36209,0,calendar_2014_test,23.00167679633496,23.0,0.5,0.0,0.0,0.0016767963349586523
36210,0,calendar_2014_test,21.51002400483889,31.0,0.5,0.0,0.0,9.48997599516111
36211,0,calendar_2014_test,29.564253337873836,57.0,0.5,0.0,0.0,27.435746662126164
36212,0,calendar_2014_test,50.09217919135925,43.0,0.5,0.0,0.0,7.09217919135925
36213,0,calendar_2014_test,41.534808192921474,35.0,0.5,0.0,0.0,6.534808192921474
36214,0,calendar_2014_test,35.57086913505018,31.0,0.5,0.0,0.0,4.570869135050181
36215,0,calendar_2014_test,32.309798099033365,30.0,0.5,0.0,0.0,2.3097980990333653
36216,0,calendar_2014_test,30.648320994140285,25.0,0.5,0.0,0.0,5.648320994140285
36217,0,calendar_2014_test,26.049704651517523,33.0,0.5,0.0,0.0,6.950295348482477
36218,0,calendar_2014_test,36.22973268584134,39.0,0.5,0.0,0.0,2.7702673141586587
36219,0,calendar_2014_test,40.33795354094708,40.0,0.5,0.0,0.0,0.3379535409470833
36220,0,calendar_2014_test,40.92807735676812,60.0,0.5,0.0,0.0,19.07192264323188
36221,0,calendar_2014_test,60.19027098274574,68.0,0.5,0.0,0.0,7.809729017254263
36222,0,calendar_2014_test,67.04779595887703,57.0,0.5,0.0,0.0,10.047795958877032
36223,0,calendar_2014_test,53.418338614475005,51.0,0.5,0.0,0.0,2.4183386144750045
36224,0,calendar_2014_test,48.09781143582178,26.0,0.5,0.0,0.0,22.097811435821782
36225,0,calendar_2014_test,27.636146486815086,50.0,0.5,0.0,0.0,22.363853513184914
36226,0,calendar_2014_test,50.109135840259675,42.0,0.5,0.0,0.0,8.109135840259675
36227,0,calendar_2014_test,40.958294975183506,43.0,0.5,0.0,0.0,2.041705024816494
36228,0,calendar_2014_test,42.34787014948855,74.0,0.5,0.0,0.0,31.65212985051145
36229,0,calendar_2014_test,74.04860340101187,87.0,0.5,0.0,0.0,12.951396598988126
36230,0,calendar_2014_test,83.21633899937717,78.0,0.5,0.0,0.0,5.216338999377172
36231,0,calendar_2014_test,71.51855196436799,77.0,0.5,0.0,0.0,5.481448035632013
36232,0,calendar_2014_test,73.3565283709713,91.0,0.5,0.0,0.0,17.643471629028696
36233,0,calendar_2014_test,87.73558474932832,99.0,0.5,0.0,0.0,11.264415250671675
36234,0,calendar_2014_test,94.04351420886371,92.0,0.5,0.0,0.0,2.043514208863712
36235,0,calendar_2014_test,85.4515412948135,83.0,0.5,0.0,0.0,2.451541294813495
36236,0,calendar_2014_test,78.05700720788518,94.0,0.5,0.0,0.0,15.942992792114822
36237,0,calendar_2014_test,90.31262219132465,90.0,0.5,0.0,0.0,0.31262219132464963
36238,0,calendar_2014_test,82.21262006479466,68.0,0.5,0.0,0.0,14.212620064794663
36239,0,calendar_2014_test,63.84785256656392,60.0,0.5,0.0,0.0,3.8478525665639225
36240,0,calendar_2014_test,59.11779352502489,53.0,0.5,0.0,0.0,6.1177935250248865
36241,0,calendar_2014_test,52.80060695100675,51.0,0.5,0.0,0.0,1.800606951006749
36242,0,calendar_2014_test,49.177136473483124,52.0,0.5,0.0,0.0,2.822863526516876
36243,0,calendar_2014_test,48.26002445951485,51.0,0.5,0.0,0.0,2.7399755404851476
36244,0,calendar_2014_test,47.13540779235293,47.0,0.5,0.0,0.0,0.13540779235292888
36245,0,calendar_2014_test,46.79931943629604,47.0,0.5,0.0,0.0,0.20068056370396192
36246,0,calendar_2014_test,47.099913482780615,59.0,0.5,0.0,0.0,11.900086517219385
36247,0,calendar_2014_test,60.08102398879655,59.0,0.5,0.0,0.0,1.0810239887965523
36248,0,calendar_2014_test,57.894767433074755,74.0,0.5,0.0,0.0,16.105232566925245
36249,0,calendar_2014_test,74.17542195430637,93.0,0.5,0.0,0.0,18.824578045693627
36250,0,calendar_2014_test,94.71670033731762,101.0,0.5,0.0,0.0,6.283299662682381
36251,0,calendar_2014_test,95.25780840894346,111.0,0.5,0.0,0.0,15.742191591056539
36252,0,calendar_2014_test,111.37992690544502,139.0,0.5,0.0,0.0,27.620073094554982
36253,0,calendar_2014_test,126.1311603980629,129.0,0.5,0.0,0.0,2.868839601937097
36254,0,calendar_2014_test,113.06801477339326,127.0,0.5,0.0,0.0,13.931985226606741
36255,0,calendar_2014_test,108.49055598786842,114.0,0.5,0.0,0.0,5.509444012131581
36256,0,calendar_2014_test,96.67795729080841,98.0,0.5,0.0,0.0,1.3220427091915923
36257,0,calendar_2014_test,78.6785550725244,102.0,0.5,0.0,0.0,23.321444927475596
36258,0,calendar_2014_test,89.99603767747405,106.0,0.5,0.0,0.0,16.00396232252595
36259,0,calendar_2014_test,92.8072234611695,111.0,0.5,0.0,0.0,18.1927765388305
36260,0,calendar_2014_test,106.43162193905513,106.0,0.5,0.0,0.0,0.4316219390551339
36261,0,calendar_2014_test,96.70197725358237,105.0,0.5,0.0,0.0,8.29802274641763
36262,0,calendar_2014_test,95.73592174953032,108.0,0.5,0.0,0.0,12.26407825046968
36263,0,calendar_2014_test,100.41251713398728,107.0,0.5,0.0,0.0,6.587482866012721
36264,0,calendar_2014_test,95.4607302399824,113.0,0.5,0.0,0.0,17.539269760017604
36265,0,calendar_2014_test,109.19514227320411,126.0,0.5,0.0,0.0,16.804857726795888
36266,0,calendar_2014_test,124.60326631888174,141.0,0.5,0.0,0.0,16.396733681118263
36267,0,calendar_2014_test,137.4079332874964,158.0,0.5,0.0,0.0,20.592066712503595
36268,0,calendar_2014_test,151.62940176713624,170.0,0.5,0.0,0.0,18.370598232863756
36269,0,calendar_2014_test,160.82948954023584,176.0,0.5,0.0,0.0,15.17051045976416
36270,0,calendar_2014_test,162.17154433594857,183.0,0.5,0.0,0.0,20.828455664051432
36271,0,calendar_2014_test,165.9764338579538,193.0,0.5,0.0,0.0,27.023566142046207
36272,0,calendar_2014_test,181.58108327605407,215.0,0.5,0.0,0.0,33.41891672394593
36273,0,calendar_2014_test,191.32625886775335,215.0,0.5,0.0,0.0,23.673741132246647
36274,0,calendar_2014_test,204.862731513338,210.0,0.5,0.0,0.0,5.137268486662009
36275,0,calendar_2014_test,196.5541036418946,214.0,0.5,0.0,0.0,17.445896358105387
36276,0,calendar_2014_test,199.6705466977946,214.0,0.5,0.0,0.0,14.329453302205394
36277,0,calendar_2014_test,198.11196212065684,272.0,0.5,0.0,0.0,73.88803787934316
36278,0,calendar_2014_test,234.9508870252167,198.0,0.5,0.0,0.0,36.9508870252167
36279,0,calendar_2014_test,151.61721261726882,176.0,0.5,0.0,0.0,24.38278738273118
36280,0,calendar_2014_test,161.18594349785906,159.0,0.5,0.0,0.0,2.185943497859057
36281,0,calendar_2014_test,147.29605562054113,158.0,0.5,0.0,0.0,10.703944379458875
36282,0,calendar_2014_test,144.84029849325646,137.0,0.5,0.0,0.0,7.840298493256455
36283,0,calendar_2014_test,120.32491910707161,156.0,0.5,0.0,0.0,35.67508089292839
36284,0,calendar_2014_test,159.80299786827783,161.0,0.5,0.0,0.0,1.1970021317221722
36285,0,calendar_2014_test,151.83977160677188,163.0,0.5,0.0,0.0,11.160228393228124
36286,0,calendar_2014_test,151.49649885275062,178.0,0.5,0.0,0.0,26.50350114724938
36287,0,calendar_2014_test,165.80858734217284,180.0,0.5,0.0,0.0,14.191412657827158
36288,0,calendar_2014_test,161.68486955653566,179.0,0.5,0.0,0.0,17.31513044346434
36289,0,calendar_2014_test,164.080188794943,182.0,0.5,0.0,0.0,17.919811205056988
36290,0,calendar_2014_test,165.69701796170315,192.0,0.5,0.0,0.0,26.302982038296847
36291,0,calendar_2014_test,184.6229931092006,199.0,0.5,0.0,0.0,14.377006890799407
36292,0,calendar_2014_test,189.3498227350454,208.0,0.5,0.0,0.0,18.650177264954607
36293,0,calendar_2014_test,195.47090427390418,212.0,0.5,0.0,0.0,16.529095726095818
36294,0,calendar_2014_test,205.63251390076408,193.0,0.5,0.0,0.0,12.632513900764081
36295,0,calendar_2014_test,182.24744389540265,205.0,0.5,0.0,0.0,22.752556104597346
36296,0,calendar_2014_test,180.89183521790451,206.0,0.5,0.0,0.0,25.108164782095486
36297,0,calendar_2014_test,194.40573973435082,212.0,0.5,0.0,0.0,17.594260265649183
36298,0,calendar_2014_test,199.16878337343272,216.0,0.5,0.0,0.0,16.831216626567283
36299,0,calendar_2014_test,201.3750379615833,232.0,0.5,0.0,0.0,30.624962038416697
36300,0,calendar_2014_test,211.47588845381358,223.0,0.5,0.0,0.0,11.524111546186418
36301,0,calendar_2014_test,203.15043524828167,229.0,0.5,0.0,0.0,25.849564751718333
36302,0,calendar_2014_test,203.80207938898556,206.0,0.5,0.0,0.0,2.197920611014439
36303,0,calendar_2014_test,188.6493732915398,194.0,0.5,0.0,0.0,5.350626708460197
36304,0,calendar_2014_test,177.35120459594148,211.0,0.5,0.0,0.0,33.64879540405852
36305,0,calendar_2014_test,195.32242504754225,225.0,0.5,0.0,0.0,29.677574952457746
36306,0,calendar_2014_test,205.1613446880138,169.0,0.5,0.0,0.0,36.1613446880138
36307,0,calendar_2014_test,139.6622074271231,144.0,0.5,0.0,0.0,4.337792572876907
36308,0,calendar_2014_test,129.8278377937753,150.0,0.5,0.0,0.0,20.172162206224698
36309,0,calendar_2014_test,136.86771743816928,144.0,0.5,0.0,0.0,7.132282561830721
36310,0,calendar_2014_test,133.6169362216606,143.0,0.5,0.0,0.0,9.383063778339391
36311,0,calendar_2014_test,132.61774934814028,143.0,0.5,0.0,0.0,10.38225065185972
36312,0,calendar_2014_test,132.96660935257427,145.0,0.5,0.0,0.0,12.033390647425733
36313,0,calendar_2014_test,136.34648179798418,152.0,0.5,0.0,0.0,15.653518202015817
36314,0,calendar_2014_test,141.45049796770263,165.0,0.5,0.0,0.0,23.54950203229737
36315,0,calendar_2014_test,158.7977594656367,176.0,0.5,0.0,0.0,17.202240534363312
36316,0,calendar_2014_test,166.87929488834135,209.0,0.5,0.0,0.0,42.12070511165865
36317,0,calendar_2014_test,206.46293069668837,224.0,0.5,0.0,0.0,17.537069303311625
36318,0,calendar_2014_test,216.39228973564022,200.0,0.5,0.0,0.0,16.39228973564022
36319,0,calendar_2014_test,178.21585248342575,188.0,0.5,0.0,0.0,9.78414751657425
36320,0,calendar_2014_test,165.24326151878074,184.0,0.5,0.0,0.0,18.75673848121926
36321,0,calendar_2014_test,167.02193568905213,180.0,0.5,0.0,0.0,12.978064310947872
36322,0,calendar_2014_test,165.31292806918745,189.0,0.5,0.0,0.0,23.68707193081255
36323,0,calendar_2014_test,172.24255862294325,215.0,0.5,0.0,0.0,42.75744137705675
36324,0,calendar_2014_test,223.05335444362038,180.0,0.5,0.0,0.0,43.05335444362038
36325,0,calendar_2014_test,160.07440344559933,81.0,0.5,0.0,0.0,79.07440344559933
36326,0,calendar_2014_test,50.3170449466544,78.0,0.5,0.0,0.0,27.6829550533456
36327,0,calendar_2014_test,70.51897418673533,24.0,0.5,0.0,0.0,46.518974186735335
36328,0,calendar_2014_test,27.430502992809927,26.0,0.5,0.0,0.0,1.4305029928099273
36329,0,calendar_2014_test,26.42143332423528,29.0,0.5,0.0,0.0,2.578566675764719
36330,0,calendar_2014_test,27.939742489146067,22.0,0.5,0.0,0.0,5.939742489146067
36331,0,calendar_2014_test,21.06673226821136,14.0,0.5,0.0,0.0,7.066732268211361
36332,0,calendar_2014_test,15.279364458410008,11.0,0.5,0.0,0.0,4.279364458410008
36333,0,calendar_2014_test,12.150339672075637,12.0,0.5,0.0,0.0,0.1503396720756367
36334,0,calendar_2014_test,12.328873737608912,11.0,0.5,0.0,0.0,1.3288737376089124
36335,0,calendar_2014_test,11.862249204209817,13.0,0.5,0.0,0.0,1.1377507957901827
36336,0,calendar_2014_test,13.227176347022187,12.0,0.5,0.0,0.0,1.227176347022187
36337,0,calendar_2014_test,12.468637017722292,9.0,0.5,0.0,0.0,3.4686370177222923
36338,0,calendar_2014_test,10.632177517131026,10.0,0.5,0.0,0.0,0.6321775171310264
36339,0,calendar_2014_test,10.90072196562389,10.0,0.5,0.0,0.0,0.9007219656238892
36340,0,calendar_2014_test,10.90072196562389,15.0,0.5,0.0,0.0,4.099278034376111
36341,0,calendar_2014_test,14.18155625666108,18.0,0.5,0.0,0.0,3.8184437433389196
36342,0,calendar_2014_test,16.12796025383895,18.0,0.5,0.0,0.0,1.8720397461610503
36343,0,calendar_2014_test,16.477630084697847,14.0,0.5,0.0,0.0,2.4776300846978465
36344,0,calendar_2014_test,13.941221233891817,16.0,0.5,0.0,0.0,2.0587787661081833
36345,0,calendar_2014_test,14.269457833632211,10.0,0.5,0.0,0.0,4.269457833632211
36346,0,calendar_2014_test,11.26509702163463,9.0,0.5,0.0,0.0,2.265097021634629
36347,0,calendar_2014_test,10.632177517131026,6.0,0.5,0.0,0.0,4.632177517131026
36348,0,calendar_2014_test,9.394616804608152,8.0,0.5,0.0,0.0,1.3946168046081517
36349,0,calendar_2014_test,10.120581427252915,6.0,0.5,0.0,0.0,4.120581427252915
36350,0,calendar_2014_test,9.394616804608152,3.0,0.5,0.0,0.0,6.394616804608152
36351,0,calendar_2014_test,9.394616804608152,2.0,0.5,0.0,0.0,7.394616804608152
36352,0,calendar_2014_test,9.394616804608152,8.0,0.5,0.0,0.0,1.3946168046081517
36353,0,calendar_2014_test,10.119631202538454,8.0,0.5,0.0,0.0,2.1196312025384536
36354,0,calendar_2014_test,10.120581427252915,7.0,0.5,0.0,0.0,3.1205814272529153
36355,0,calendar_2014_test,9.394616804608152,6.0,0.5,0.0,0.0,3.3946168046081517
36356,0,calendar_2014_test,9.394616804608152,8.0,0.5,0.0,0.0,1.3946168046081517
36357,0,calendar_2014_test,10.120581427252915,6.0,0.5,0.0,0.0,4.120581427252915
36358,0,calendar_2014_test,9.394616804608152,9.0,0.5,0.0,0.0,0.39461680460815174
36359,0,calendar_2014_test,10.632177517131026,8.0,0.5,0.0,0.0,2.6321775171310264
36360,0,calendar_2014_test,10.120581427252915,7.0,0.5,0.0,0.0,3.1205814272529153
36361,0,calendar_2014_test,9.394616804608152,10.0,0.5,0.0,0.0,0.6053831953918483
36362,0,calendar_2014_test,10.90072196562389,10.0,0.5,0.0,0.0,0.9007219656238892
36363,0,calendar_2014_test,10.90072196562389,11.0,0.5,0.0,0.0,0.09927803437611082
36364,0,calendar_2014_test,11.862249204209817,10.0,0.5,0.0,0.0,1.8622492042098173
36365,0,calendar_2014_test,10.90072196562389,7.0,0.5,0.0,0.0,3.900721965623889
36366,0,calendar_2014_test,9.394616804608152,8.0,0.5,0.0,0.0,1.3946168046081517
36367,0,calendar_2014_test,11.373367288386733,7.0,0.5,0.0,0.0,4.373367288386733
36368,0,calendar_2014_test,10.627699454300503,10.0,0.5,0.0,0.0,0.6276994543005028
36369,0,calendar_2014_test,11.524585972070053,17.0,0.5,0.0,0.0,5.475414027929947
36370,0,calendar_2014_test,15.138807972220011,22.0,0.5,0.0,0.0,6.861192027779989
36371,0,calendar_2014_test,20.218639936197555,28.0,0.5,0.0,0.0,7.781360063802445
36372,0,calendar_2014_test,28.075230192045098,28.0,0.5,0.0,0.0,0.07523019204509751
36373,0,calendar_2014_test,27.17666639059843,26.0,0.5,0.0,0.0,1.176666390598431
36374,0,calendar_2014_test,23.05326413025988,25.0,0.5,0.0,0.0,1.9467358697401203
36375,0,calendar_2014_test,24.45001073363111,20.0,0.5,0.0,0.0,4.45001073363111
36376,0,calendar_2014_test,21.18477292712659,11.0,0.5,0.0,0.0,10.184772927126591
36377,0,calendar_2014_test,16.376237892434286,28.0,0.5,0.0,0.0,11.623762107565714
36378,0,calendar_2014_test,27.584450435585726,39.0,0.5,0.0,0.0,11.415549564414274
36379,0,calendar_2014_test,35.835221388332194,38.0,0.5,0.0,0.0,2.1647786116678063
36380,0,calendar_2014_test,36.69648380604478,14.0,0.5,0.0,0.0,22.69648380604478
36381,0,calendar_2014_test,16.932165529002894,11.0,0.5,0.0,0.0,5.932165529002894
36382,0,calendar_2014_test,15.348775730958172,18.0,0.5,0.0,0.0,2.651224269041828
36383,0,calendar_2014_test,19.47835235715363,8.0,0.5,0.0,0.0,11.478352357153629
36384,0,calendar_2014_test,13.758540359127508,10.0,0.5,0.0,0.0,3.758540359127508
36385,0,calendar_2014_test,13.671049731704098,10.0,0.5,0.0,0.0,3.671049731704098
36386,0,calendar_2014_test,13.671049731704098,11.0,0.5,0.0,0.0,2.671049731704098
36387,0,calendar_2014_test,14.688306340675393,23.0,0.5,0.0,0.0,8.311693659324607
36388,0,calendar_2014_test,27.562814210664254,34.0,0.5,0.0,0.0,6.4371857893357465
36389,0,calendar_2014_test,40.139402012819076,40.0,0.5,0.0,0.0,0.13940201281907605
36390,0,calendar_2014_test,43.21943144838008,43.0,0.5,0.0,0.0,0.2194314483800781
36391,0,calendar_2014_test,43.33816005222724,48.0,0.5,0.0,0.0,4.661839947772762
36392,0,calendar_2014_test,47.24158031299889,57.0,0.5,0.0,0.0,9.758419687001108
36393,0,calendar_2014_test,55.14624040415532,61.0,0.5,0.0,0.0,5.853759595844679
36394,0,calendar_2014_test,59.43759025207784,60.0,0.5,0.0,0.0,0.5624097479221604
36395,0,calendar_2014_test,60.821283389182895,68.0,0.5,0.0,0.0,7.178716610817105
36396,0,calendar_2014_test,68.66281172521724,76.0,0.5,0.0,0.0,7.337188274782761
36397,0,calendar_2014_test,75.50051228507338,72.0,0.5,0.0,0.0,3.500512285073384
36398,0,calendar_2014_test,68.99307857067873,80.0,0.5,0.0,0.0,11.006921429321267
36399,0,calendar_2014_test,77.62781546356332,80.0,0.5,0.0,0.0,2.372184536436677
36400,0,calendar_2014_test,76.67470708363685,66.0,0.5,0.0,0.0,10.674707083636847
36401,0,calendar_2014_test,63.486569391663885,64.0,0.5,0.0,0.0,0.5134306083361153
36402,0,calendar_2014_test,62.72806584264503,85.0,0.5,0.0,0.0,22.27193415735497
36403,0,calendar_2014_test,84.55473864051625,96.0,0.5,0.0,0.0,11.445261359483752
36404,0,calendar_2014_test,90.26676348709458,109.0,0.5,0.0,0.0,18.73323651290542
36405,0,calendar_2014_test,99.99577809713357,118.0,0.5,0.0,0.0,18.004221902866433
36406,0,calendar_2014_test,110.03828420049119,141.0,0.5,0.0,0.0,30.96171579950881
36407,0,calendar_2014_test,128.79252252148865,159.0,0.5,0.0,0.0,30.20747747851135
36408,0,calendar_2014_test,148.86709849516757,153.0,0.5,0.0,0.0,4.132901504832432
36409,0,calendar_2014_test,129.36285605236958,153.0,0.5,0.0,0.0,23.63714394763042
36410,0,calendar_2014_test,134.41653657343198,152.0,0.5,0.0,0.0,17.583463426568017
36411,0,calendar_2014_test,136.44050697742253,157.0,0.5,0.0,0.0,20.55949302257747
36412,0,calendar_2014_test,148.26693918758326,159.0,0.5,0.0,0.0,10.733060812416738
36413,0,calendar_2014_test,151.31394323993132,196.0,0.5,0.0,0.0,44.68605676006868
36414,0,calendar_2014_test,184.7273252579372,208.0,0.5,0.0,0.0,23.272674742062804
36415,0,calendar_2014_test,195.85346437002468,215.0,0.5,0.0,0.0,19.146535629975318
36416,0,calendar_2014_test,198.59723740721995,255.0,0.5,0.0,0.0,56.40276259278005
36417,0,calendar_2014_test,234.57165174834398,239.0,0.5,0.0,0.0,4.428348251656018
36418,0,calendar_2014_test,214.2708963358548,232.0,0.5,0.0,0.0,17.729103664145214
36419,0,calendar_2014_test,206.73152246426397,210.0,0.5,0.0,0.0,3.268477535736025
36420,0,calendar_2014_test,184.51519663464865,184.0,0.5,0.0,0.0,0.5151966346486461
36421,0,calendar_2014_test,168.7525138175981,174.0,0.5,0.0,0.0,5.2474861824019
36422,0,calendar_2014_test,152.74403208324378,164.0,0.5,0.0,0.0,11.25596791675622
36423,0,calendar_2014_test,144.30256205782288,147.0,0.5,0.0,0.0,2.6974379421771175
36424,0,calendar_2014_test,126.17980578616059,98.0,0.5,0.0,0.0,28.179805786160586
36425,0,calendar_2014_test,77.58176526113952,136.0,0.5,0.0,0.0,58.41823473886048
36426,0,calendar_2014_test,124.61618770170148,137.0,0.5,0.0,0.0,12.383812298298523
36427,0,calendar_2014_test,126.97944250784155,90.0,0.5,0.0,0.0,36.979442507841554
36428,0,calendar_2014_test,72.48734108980163,14.0,0.5,0.0,0.0,58.48734108980163
36429,0,calendar_2014_test,19.493962440606232,8.0,0.5,0.0,0.0,11.493962440606232
36430,0,calendar_2014_test,11.984459884397204,8.0,0.5,0.0,0.0,3.9844598843972037
36431,0,calendar_2014_test,10.224421868375167,11.0,0.5,0.0,0.0,0.7755781316248331
36432,0,calendar_2014_test,11.862249204209817,9.0,0.5,0.0,0.0,2.8622492042098173
36433,0,calendar_2014_test,10.632177517131026,6.0,0.5,0.0,0.0,4.632177517131026
36434,0,calendar_2014_test,9.394616804608152,6.0,0.5,0.0,0.0,3.3946168046081517
36435,0,calendar_2014_test,9.394616804608152,10.0,0.5,0.0,0.0,0.6053831953918483
36436,0,calendar_2014_test,10.988187584073582,10.0,0.5,0.0,0.0,0.9881875840735823
36437,0,calendar_2014_test,11.072200281083845,7.0,0.5,0.0,0.0,4.072200281083845
36438,0,calendar_2014_test,9.414731126838882,6.0,0.5,0.0,0.0,3.4147311268388822
36439,0,calendar_2014_test,9.394616804608152,5.0,0.5,0.0,0.0,4.394616804608152
36440,0,calendar_2014_test,9.8820428428727,6.0,0.5,0.0,0.0,3.8820428428727
36441,0,calendar_2014_test,9.414731126838882,4.0,0.5,0.0,0.0,5.414731126838882
36442,0,calendar_2014_test,9.394616804608152,5.0,0.5,0.0,0.0,4.394616804608152
36443,0,calendar_2014_test,9.394616804608152,4.0,0.5,0.0,0.0,5.394616804608152
36444,0,calendar_2014_test,9.394616804608152,3.0,0.5,0.0,0.0,6.394616804608152
36445,0,calendar_2014_test,9.546391908626633,8.0,0.5,0.0,0.0,1.5463919086266333
36446,0,calendar_2014_test,10.3215939384751,9.0,0.5,0.0,0.0,1.3215939384751003
36447,0,calendar_2014_test,10.763838298918781,7.0,0.5,0.0,0.0,3.763838298918781
36448,0,calendar_2014_test,9.526277586395903,7.0,0.5,0.0,0.0,2.526277586395903
36449,0,calendar_2014_test,9.526277586395903,9.0,0.5,0.0,0.0,0.5262775863959028
36450,0,calendar_2014_test,10.763838298918781,11.0,0.5,0.0,0.0,0.23616170108121892
36451,0,calendar_2014_test,58.109806970795326,62.0,0.5,0.0,0.0,3.8901930292046742
36452,0,calendar_2014_test,58.686531728381,60.0,0.5,0.0,0.0,1.3134682716190014
36453,0,calendar_2014_test,58.17334343026082,41.0,0.5,0.0,0.0,17.17334343026082
36454,0,calendar_2014_test,38.41532208940209,38.0,0.5,0.0,0.0,0.41532208940208903
36455,0,calendar_2014_test,37.634216284979225,33.0,0.5,0.0,0.0,4.6342162849792246
36456,0,calendar_2014_test,36.78398177880931,18.0,0.5,0.0,0.0,18.783981778809313
36457,0,calendar_2014_test,20.75432482572042,28.0,0.5,0.0,0.0,7.2456751742795795
36458,0,calendar_2014_test,30.401722367094692,46.0,0.5,0.0,0.0,15.598277632905308
36459,0,calendar_2014_test,46.92451251535024,51.0,0.5,0.0,0.0,4.075487484649763
36460,0,calendar_2014_test,51.153477197326026,57.0,0.5,0.0,0.0,5.846522802673974
36461,0,calendar_2014_test,56.83553032078763,37.0,0.5,0.0,0.0,19.835530320787633
36462,0,calendar_2014_test,36.15865994011036,35.0,0.5,0.0,0.0,1.1586599401103612
36463,0,calendar_2014_test,36.75829495097695,41.0,0.5,0.0,0.0,4.241705049023047
36464,0,calendar_2014_test,42.72672159775902,46.0,0.5,0.0,0.0,3.273278402240983
36465,0,calendar_2014_test,45.359593014099616,56.0,0.5,0.0,0.0,10.640406985900384
36466,0,calendar_2014_test,54.16635964094353,69.0,0.5,0.0,0.0,14.833640359056467
36467,0,calendar_2014_test,68.72392705409385,79.0,0.5,0.0,0.0,10.27607294590615
36468,0,calendar_2014_test,74.51948019822655,76.0,0.5,0.0,0.0,1.480519801773454
36469,0,calendar_2014_test,72.28890342378722,65.0,0.5,0.0,0.0,7.288903423787218
36470,0,calendar_2014_test,59.76246526605681,69.0,0.5,0.0,0.0,9.237534733943193
36471,0,calendar_2014_test,63.43068336998459,74.0,0.5,0.0,0.0,10.569316630015408
36472,0,calendar_2014_test,66.18194215076794,79.0,0.5,0.0,0.0,12.818057849232062
36473,0,calendar_2014_test,70.0520739912464,78.0,0.5,0.0,0.0,7.947926008753598
36474,0,calendar_2014_test,69.44476837171074,87.0,0.5,0.0,0.0,17.555231628289263
36475,0,calendar_2014_test,77.37781365007716,82.0,0.5,0.0,0.0,4.622186349922842
36476,0,calendar_2014_test,77.61230768029057,74.0,0.5,0.0,0.0,3.61230768029057
36477,0,calendar_2014_test,69.94307465983404,77.0,0.5,0.0,0.0,7.056925340165961
36478,0,calendar_2014_test,73.53874117679153,84.0,0.5,0.0,0.0,10.461258823208468
36479,0,calendar_2014_test,79.65703459221373,87.0,0.5,0.0,0.0,7.3429654077862665
36480,0,calendar_2014_test,80.7331580650967,91.0,0.5,0.0,0.0,10.266841934903297
36481,0,calendar_2014_test,82.8026003336715,77.0,0.5,0.0,0.0,5.802600333671506
36482,0,calendar_2014_test,69.5516840265954,74.0,0.5,0.0,0.0,4.448315973404604
36483,0,calendar_2014_test,71.56727902985362,84.0,0.5,0.0,0.0,12.432720970146377
36484,0,calendar_2014_test,81.08799827334424,89.0,0.5,0.0,0.0,7.91200172665576
36485,0,calendar_2014_test,84.33259698217998,94.0,0.5,0.0,0.0,9.667403017820021
36486,0,calendar_2014_test,89.44091826197952,92.0,0.5,0.0,0.0,2.559081738020481
36487,0,calendar_2014_test,85.54850886833928,97.0,0.5,0.0,0.0,11.451491131660717
36488,0,calendar_2014_test,90.6434144990435,92.0,0.5,0.0,0.0,1.3565855009564984
36489,0,calendar_2014_test,82.68109284649299,98.0,0.5,0.0,0.0,15.318907153507013
36490,0,calendar_2014_test,92.82822741049738,116.0,0.5,0.0,0.0,23.171772589502623
36491,0,calendar_2014_test,111.4914126399259,113.0,0.5,0.0,0.0,1.5085873600741024
36492,0,calendar_2014_test,104.29905394660149,101.0,0.5,0.0,0.0,3.2990539466014894
36493,0,calendar_2014_test,85.12190632887298,87.0,0.5,0.0,0.0,1.8780936711270186
36494,0,calendar_2014_test,73.24029256295462,54.0,0.5,0.0,0.0,19.24029256295462
36495,0,calendar_2014_test,44.299398723393416,50.0,0.5,0.0,0.0,5.700601276606584
36496,0,calendar_2014_test,43.90179540567276,42.0,0.5,0.0,0.0,1.9017954056727575
36497,0,calendar_2014_test,36.81925200905416,38.0,0.5,0.0,0.0,1.1807479909458394
36498,0,calendar_2014_test,32.8489858741457,38.0,0.5,0.0,0.0,5.151014125854303
36499,0,calendar_2014_test,32.19856411869917,39.0,0.5,0.0,0.0,6.801435881300833
36500,0,calendar_2014_test,36.1754866634556,33.0,0.5,0.0,0.0,3.175486663455601
36501,0,calendar_2014_test,33.52072371616785,34.0,0.5,0.0,0.0,0.4792762838321494
36502,0,calendar_2014_test,35.23258870147622,40.0,0.5,0.0,0.0,4.767411298523783
36503,0,calendar_2014_test,41.853677915383415,48.0,0.5,0.0,0.0,6.146322084616585
36504,0,calendar_2014_test,48.58133204939688,45.0,0.5,0.0,0.0,3.5813320493968774
36505,0,calendar_2014_test,43.911762596829135,39.0,0.5,0.0,0.0,4.911762596829135
36506,0,calendar_2014_test,39.794481874579276,44.0,0.5,0.0,0.0,4.205518125420724
36507,0,calendar_2014_test,48.072591597179056,57.0,0.5,0.0,0.0,8.927408402820944
36508,0,calendar_2014_test,57.00667697766019,77.0,0.5,0.0,0.0,19.99332302233981
36509,0,calendar_2014_test,79.36741937504328,76.0,0.5,0.0,0.0,3.3674193750432835
36510,0,calendar_2014_test,73.04268775924037,98.0,0.5,0.0,0.0,24.957312240759634
36511,0,calendar_2014_test,95.63199692119083,101.0,0.5,0.0,0.0,5.368003078809167
36512,0,calendar_2014_test,95.95996248817207,104.0,0.5,0.0,0.0,8.040037511827933
36513,0,calendar_2014_test,98.36643773188077,106.0,0.5,0.0,0.0,7.633562268119235
36514,0,calendar_2014_test,97.81415709817342,108.0,0.5,0.0,0.0,10.185842901826575
36515,0,calendar_2014_test,99.22762845602135,98.0,0.5,0.0,0.0,1.2276284560213497
36516,0,calendar_2014_test,85.87824463552816,79.0,0.5,0.0,0.0,6.878244635528162
36517,0,calendar_2014_test,64.54796463694383,44.0,0.5,0.0,0.0,20.54796463694383
36518,0,calendar_2014_test,39.175981694482765,33.0,0.5,0.0,0.0,6.175981694482765
36519,0,calendar_2014_test,31.67752989027771,45.0,0.5,0.0,0.0,13.322470109722289
36520,0,calendar_2014_test,41.285485779979126,53.0,0.5,0.0,0.0,11.714514220020874
36521,0,calendar_2014_test,46.48252956298054,47.0,0.5,0.0,0.0,0.5174704370194618
36522,0,calendar_2014_test,41.545405675893676,42.0,0.5,0.0,0.0,0.45459432410632417
36523,0,calendar_2014_test,40.80030426289883,34.0,0.5,0.0,0.0,6.800304262898827
36524,0,calendar_2014_test,34.940820622882384,38.0,0.5,0.0,0.0,3.0591793771176157
36525,0,calendar_2014_test,38.01571723571932,41.0,0.5,0.0,0.0,2.984282764280678
36526,0,calendar_2014_test,42.08400043782574,56.0,0.5,0.0,0.0,13.915999562174257
36527,0,calendar_2014_test,53.84531453944536,59.0,0.5,0.0,0.0,5.154685460554639
36528,0,calendar_2014_test,56.821316108477916,68.0,0.5,0.0,0.0,11.178683891522084
36529,0,calendar_2014_test,65.31257540397569,79.0,0.5,0.0,0.0,13.687424596024314
36530,0,calendar_2014_test,77.22561305304848,79.0,0.5,0.0,0.0,1.7743869469515232
36531,0,calendar_2014_test,73.07551526106157,111.0,0.5,0.0,0.0,37.92448473893843
36532,0,calendar_2014_test,117.10730837745884,147.0,0.5,0.0,0.0,29.892691622541165
36533,0,calendar_2014_test,146.36159196049266,153.0,0.5,0.0,0.0,6.63840803950734
36534,0,calendar_2014_test,138.91585605191875,145.0,0.5,0.0,0.0,6.084143948081248
36535,0,calendar_2014_test,133.69108724183442,143.0,0.5,0.0,0.0,9.308912758165576
36536,0,calendar_2014_test,134.3187290562058,144.0,0.5,0.0,0.0,9.681270943794203
36537,0,calendar_2014_test,137.06562485736305,200.0,0.5,0.0,0.0,62.93437514263695
36538,0,calendar_2014_test,179.56410725931102,239.0,0.5,0.0,0.0,59.435892740688985
36539,0,calendar_2014_test,206.83310145521975,185.0,0.5,0.0,0.0,21.833101455219747
36540,0,calendar_2014_test,151.39557862435703,163.0,0.5,0.0,0.0,11.604421375642971
36541,0,calendar_2014_test,144.48965951023163,28.0,0.5,0.0,0.0,116.48965951023163
36542,0,calendar_2014_test,28.675433216479455,12.0,0.5,0.0,0.0,16.675433216479455
36543,0,calendar_2014_test,16.145260824511393,9.0,0.5,0.0,0.0,7.145260824511393
36544,0,calendar_2014_test,11.111714879490359,9.0,0.5,0.0,0.0,2.111714879490359
36545,0,calendar_2014_test,10.688791171429715,11.0,0.5,0.0,0.0,0.311208828570285
36546,0,calendar_2014_test,11.862249204209817,15.0,0.5,0.0,0.0,3.1377507957901827
36547,0,calendar_2014_test,14.175868068546627,13.0,0.5,0.0,0.0,1.1758680685466274
36548,0,calendar_2014_test,13.591551403032934,14.0,0.5,0.0,0.0,0.4084485969670659
36549,0,calendar_2014_test,13.366939627135567,17.0,0.5,0.0,0.0,3.633060372864433
36550,0,calendar_2014_test,14.520271269855556,18.0,0.5,0.0,0.0,3.479728730144444
36551,0,calendar_2014_test,16.477630084697847,16.0,0.5,0.0,0.0,0.4776300846978465
36552,0,calendar_2014_test,14.843739440388452,11.0,0.5,0.0,0.0,3.843739440388452
36553,0,calendar_2014_test,12.226624260220555,7.0,0.5,0.0,0.0,5.2266242602205555
36554,0,calendar_2014_test,9.394616804608152,9.0,0.5,0.0,0.0,0.39461680460815174
36555,0,calendar_2014_test,10.632177517131026,13.0,0.5,0.0,0.0,2.3678224828689736
36556,0,calendar_2014_test,13.279038050164436,16.0,0.5,0.0,0.0,2.720961949835564
36557,0,calendar_2014_test,14.269457833632211,8.0,0.5,0.0,0.0,6.269457833632211
36558,0,calendar_2014_test,10.484956483263659,19.0,0.5,0.0,0.0,8.515043516736341
36559,0,calendar_2014_test,17.615038876373657,8.0,0.5,0.0,0.0,9.615038876373657
36560,0,calendar_2014_test,11.313356577857936,9.0,0.5,0.0,0.0,2.3133565778579364
36561,0,calendar_2014_test,10.632177517131026,5.0,0.5,0.0,0.0,5.632177517131026
36562,0,calendar_2014_test,9.394616804608152,2.0,0.5,0.0,0.0,7.394616804608152
36563,0,calendar_2014_test,9.394616804608152,2.0,0.5,0.0,0.0,7.394616804608152
36564,0,calendar_2014_test,9.394616804608152,3.0,0.5,0.0,0.0,6.394616804608152
36565,0,calendar_2014_test,9.394616804608152,3.0,0.5,0.0,0.0,6.394616804608152
36566,0,calendar_2014_test,9.394616804608152,6.0,0.5,0.0,0.0,3.3946168046081517
36567,0,calendar_2014_test,9.394616804608152,4.0,0.5,0.0,0.0,5.394616804608152
36568,0,calendar_2014_test,9.394616804608152,4.0,0.5,0.0,0.0,5.394616804608152
36569,0,calendar_2014_test,9.394616804608152,5.0,0.5,0.0,0.0,4.394616804608152
36570,0,calendar_2014_test,9.394616804608152,6.0,0.5,0.0,0.0,3.3946168046081517
36571,0,calendar_2014_test,9.394616804608152,6.0,0.5,0.0,0.0,3.3946168046081517
36572,0,calendar_2014_test,9.394616804608152,5.0,0.5,0.0,0.0,4.394616804608152
36573,0,calendar_2014_test,9.394616804608152,4.0,0.5,0.0,0.0,5.394616804608152
36574,0,calendar_2014_test,9.394616804608152,6.0,0.5,0.0,0.0,3.3946168046081517
36575,0,calendar_2014_test,9.394616804608152,5.0,0.5,0.0,0.0,4.394616804608152
36576,0,calendar_2014_test,9.394616804608152,3.0,0.5,0.0,0.0,6.394616804608152
36577,0,calendar_2014_test,9.394616804608152,5.0,0.5,0.0,0.0,4.394616804608152
36578,0,calendar_2014_test,9.394616804608152,7.0,0.5,0.0,0.0,2.3946168046081517
36579,0,calendar_2014_test,9.394616804608152,9.0,0.5,0.0,0.0,0.39461680460815174
36580,0,calendar_2014_test,10.632177517131026,11.0,0.5,0.0,0.0,0.36782248286897357
36581,0,calendar_2014_test,11.862249204209817,12.0,0.5,0.0,0.0,0.13775079579018268
36582,0,calendar_2014_test,12.836002987314926,15.0,0.5,0.0,0.0,2.1639970126850745
36583,0,calendar_2014_test,14.179500019035544,17.0,0.5,0.0,0.0,2.820499980964456
36584,0,calendar_2014_test,14.82464960456583,12.0,0.5,0.0,0.0,2.8246496045658294
36585,0,calendar_2014_test,13.069663143320339,11.0,0.5,0.0,0.0,2.069663143320339
36586,0,calendar_2014_test,12.459421397277252,12.0,0.5,0.0,0.0,0.45942139727725184
36587,0,calendar_2014_test,12.926045930676354,12.0,0.5,0.0,0.0,0.926045930676354
36588,0,calendar_2014_test,12.684638994085706,11.0,0.5,0.0,0.0,1.6846389940857058
36589,0,calendar_2014_test,13.095331853902163,13.0,0.5,0.0,0.0,0.09533185390216303
36590,0,calendar_2014_test,14.460258996714542,15.0,0.5,0.0,0.0,0.5397410032854584
36591,0,calendar_2014_test,15.525019799340692,21.0,0.5,0.0,0.0,5.474980200659308
36592,0,calendar_2014_test,20.43102321408757,21.0,0.5,0.0,0.0,0.5689767859124295
36593,0,calendar_2014_test,23.478373521640208,40.0,0.5,0.0,0.0,16.521626478359792
36594,0,calendar_2014_test,40.03519411828476,40.0,0.5,0.0,0.0,0.035194118284756826
36595,0,calendar_2014_test,37.01946345418392,20.0,0.5,0.0,0.0,17.01946345418392
36596,0,calendar_2014_test,20.919619730200914,16.0,0.5,0.0,0.0,4.919619730200914
36597,0,calendar_2014_test,15.836251968324158,26.0,0.5,0.0,0.0,10.163748031675842
36598,0,calendar_2014_test,21.560269031319795,25.0,0.5,0.0,0.0,3.4397309686802053
36599,0,calendar_2014_test,21.455439919763844,25.0,0.5,0.0,0.0,3.544560080236156
36600,0,calendar_2014_test,22.29002886779976,35.0,0.5,0.0,0.0,12.709971132200241
36601,0,calendar_2014_test,26.527890499466437,32.0,0.5,0.0,0.0,5.472109500533563
36602,0,calendar_2014_test,34.52108730734752,35.0,0.5,0.0,0.0,0.4789126926524787
36603,0,calendar_2014_test,38.572034063563294,50.0,0.5,0.0,0.0,11.427965936436706
36604,0,calendar_2014_test,51.09972141264645,74.0,0.5,0.0,0.0,22.900278587353547
36605,0,calendar_2014_test,73.38522920660454,64.0,0.5,0.0,0.0,9.385229206604535
36606,0,calendar_2014_test,62.727599531494704,90.0,0.5,0.0,0.0,27.272400468505296
36607,0,calendar_2014_test,89.54704784908323,138.0,0.5,0.0,0.0,48.45295215091677
36608,0,calendar_2014_test,126.0436510207706,182.0,0.5,0.0,0.0,55.9563489792294
36609,0,calendar_2014_test,169.90395698206626,210.0,0.5,0.0,0.0,40.09604301793374
36610,0,calendar_2014_test,246.7899562422449,208.0,0.5,0.0,0.0,38.7899562422449
36611,0,calendar_2014_test,246.7247559269251,152.0,0.5,0.0,0.0,94.7247559269251
36612,0,calendar_2014_test,125.19990846792625,122.0,0.5,0.0,0.0,3.1999084679262495
36613,0,calendar_2014_test,102.43370611000292,87.0,0.5,0.0,0.0,15.433706110002916
36614,0,calendar_2014_test,72.94459496246179,62.0,0.5,0.0,0.0,10.944594962461792
36615,0,calendar_2014_test,53.08340506358352,52.0,0.5,0.0,0.0,1.0834050635835197
36616,0,calendar_2014_test,49.085837973546035,52.0,0.5,0.0,0.0,2.9141620264539654
36617,0,calendar_2014_test,47.23192166726536,59.0,0.5,0.0,0.0,11.768078332734639
36618,0,calendar_2014_test,58.28219195700906,96.0,0.5,0.0,0.0,37.71780804299094
36619,0,calendar_2014_test,90.49168321055427,128.0,0.5,0.0,0.0,37.50831678944573
36620,0,calendar_2014_test,123.0387458108074,141.0,0.5,0.0,0.0,17.9612541891926
36621,0,calendar_2014_test,142.7229606802517,167.0,0.5,0.0,0.0,24.277039319748297
36622,0,calendar_2014_test,169.5194513775932,206.0,0.5,0.0,0.0,36.480548622406786
36623,0,calendar_2014_test,195.68642831031005,227.0,0.5,0.0,0.0,31.31357168968995
36624,0,calendar_2014_test,198.60641995717657,246.0,0.5,0.0,0.0,47.39358004282343
36625,0,calendar_2014_test,217.02827993051164,230.0,0.5,0.0,0.0,12.971720069488356
36626,0,calendar_2014_test,206.28439002594385,239.0,0.5,0.0,0.0,32.71560997405615
36627,0,calendar_2014_test,214.89612325151245,238.0,0.5,0.0,0.0,23.10387674848755
36628,0,calendar_2014_test,205.86417658165874,250.0,0.5,0.0,0.0,44.13582341834126
36629,0,calendar_2014_test,211.8056880050929,261.0,0.5,0.0,0.0,49.19431199490711
36630,0,calendar_2014_test,240.22530581998038,283.0,0.5,0.0,0.0,42.77469418001962
36631,0,calendar_2014_test,252.5443180328751,273.0,0.5,0.0,0.0,20.45568196712489
36632,0,calendar_2014_test,241.1711351332812,281.0,0.5,0.0,0.0,39.82886486671879
36633,0,calendar_2014_test,244.0411927235128,218.0,0.5,0.0,0.0,26.041192723512808
36634,0,calendar_2014_test,163.7359825239646,222.0,0.5,0.0,0.0,58.264017476035406
36635,0,calendar_2014_test,190.98892637817931,206.0,0.5,0.0,0.0,15.011073621820685
36636,0,calendar_2014_test,187.01655479322375,304.0,0.5,0.0,0.0,116.98344520677625
36637,0,calendar_2014_test,275.49048684566026,299.0,0.5,0.0,0.0,23.509513154339743
36638,0,calendar_2014_test,284.1811402986914,284.0,0.5,0.0,0.0,0.18114029869138903
36639,0,calendar_2014_test,239.38276087741,266.0,0.5,0.0,0.0,26.617239122590007
36640,0,calendar_2014_test,232.6670767879371,256.0,0.5,0.0,0.0,23.332923212062894
36641,0,calendar_2014_test,220.36018525772414,79.0,0.5,0.0,0.0,141.36018525772414
36642,0,calendar_2014_test,39.66934320744984,38.0,0.5,0.0,0.0,1.6693432074498418
36643,0,calendar_2014_test,31.50360296038493,22.0,0.5,0.0,0.0,9.503602960384931
36644,0,calendar_2014_test,21.88344595926105,15.0,0.5,0.0,0.0,6.883445959261049
36645,0,calendar_2014_test,16.205463136939446,21.0,0.5,0.0,0.0,4.794536863060554
36646,0,calendar_2014_test,18.975150360647763,18.0,0.5,0.0,0.0,0.9751503606477634
36647,0,calendar_2014_test,16.95636034843325,19.0,0.5,0.0,0.0,2.0436396515667496
36648,0,calendar_2014_test,17.09652908934899,16.0,0.5,0.0,0.0,1.0965290893489907
36649,0,calendar_2014_test,15.322469704123854,17.0,0.5,0.0,0.0,1.6775302958761458
36650,0,calendar_2014_test,14.74488304575292,15.0,0.5,0.0,0.0,0.2551169542470806
36651,0,calendar_2014_test,14.843739440388452,24.0,0.5,0.0,0.0,9.156260559611548
36652,0,calendar_2014_test,21.69086182350481,12.0,0.5,0.0,0.0,9.690861823504811
36653,0,calendar_2014_test,13.86467802647128,19.0,0.5,0.0,0.0,5.13532197352872
36654,0,calendar_2014_test,16.50390158723586,13.0,0.5,0.0,0.0,3.503901587235859
36655,0,calendar_2014_test,14.427015923571473,12.0,0.5,0.0,0.0,2.4270159235714726
36656,0,calendar_2014_test,12.468637017722292,13.0,0.5,0.0,0.0,0.5313629822777077
36657,0,calendar_2014_test,13.227176347022187,12.0,0.5,0.0,0.0,1.227176347022187
36658,0,calendar_2014_test,12.468637017722292,13.0,0.5,0.0,0.0,0.5313629822777077
36659,0,calendar_2014_test,13.227176347022187,11.0,0.5,0.0,0.0,2.227176347022187
36660,0,calendar_2014_test,13.235095134015545,11.0,0.5,0.0,0.0,2.2350951340155447
36661,0,calendar_2014_test,13.095331853902163,9.0,0.5,0.0,0.0,4.095331853902163
36662,0,calendar_2014_test,11.11960355539557,11.0,0.5,0.0,0.0,0.11960355539556922
36663,0,calendar_2014_test,12.014024308228297,17.0,0.5,0.0,0.0,4.985975691771703
36664,0,calendar_2014_test,14.479438646071353,19.0,0.5,0.0,0.0,4.520561353928647
36665,0,calendar_2014_test,17.567274381867776,19.0,0.5,0.0,0.0,1.432725618132224
36666,0,calendar_2014_test,17.999977734104114,16.0,0.5,0.0,0.0,1.9999777341041138
36667,0,calendar_2014_test,15.322469704123854,14.0,0.5,0.0,0.0,1.3224697041238542
36668,0,calendar_2014_test,13.591551403032934,15.0,0.5,0.0,0.0,1.408448596967066
36669,0,calendar_2014_test,14.269457833632211,15.0,0.5,0.0,0.0,0.7305421663677887
36670,0,calendar_2014_test,14.494069609529575,8.0,0.5,0.0,0.0,6.494069609529575
36671,0,calendar_2014_test,10.484956483263659,13.0,0.5,0.0,0.0,2.515043516736341
36672,0,calendar_2014_test,13.279038050164436,16.0,0.5,0.0,0.0,2.720961949835564
36673,0,calendar_2014_test,15.98151509140259,27.0,0.5,0.0,0.0,11.01848490859741
36674,0,calendar_2014_test,29.759768549633442,47.0,0.5,0.0,0.0,17.240231450366558
36675,0,calendar_2014_test,47.62428867295425,54.0,0.5,0.0,0.0,6.3757113270457495
36676,0,calendar_2014_test,54.01771210773394,62.0,0.5,0.0,0.0,7.982287892266058
36677,0,calendar_2014_test,62.11894827829617,66.0,0.5,0.0,0.0,3.8810517217038267
36678,0,calendar_2014_test,66.96785315902589,72.0,0.5,0.0,0.0,5.032146840974107
36679,0,calendar_2014_test,68.59960348878472,81.0,0.5,0.0,0.0,12.400396511215277
36680,0,calendar_2014_test,76.51772975975712,138.0,0.5,0.0,0.0,61.48227024024288
36681,0,calendar_2014_test,123.55574342645043,121.0,0.5,0.0,0.0,2.5557434264504337
36682,0,calendar_2014_test,104.87323874529896,78.0,0.5,0.0,0.0,26.873238745298963
36683,0,calendar_2014_test,60.61588780632822,78.0,0.5,0.0,0.0,17.384112193671783
36684,0,calendar_2014_test,68.47684200709654,63.0,0.5,0.0,0.0,5.476842007096536
36685,0,calendar_2014_test,56.5512196062284,45.0,0.5,0.0,0.0,11.5512196062284
36686,0,calendar_2014_test,38.43994567259713,39.0,0.5,0.0,0.0,0.5600543274028666
36687,0,calendar_2014_test,34.20242809735057,40.0,0.5,0.0,0.0,5.79757190264943
36688,0,calendar_2014_test,36.07930583168518,42.0,0.5,0.0,0.0,5.920694168314817
36689,0,calendar_2014_test,36.21422907781329,41.0,0.5,0.0,0.0,4.785770922186707
36690,0,calendar_2014_test,40.6052656358921,53.0,0.5,0.0,0.0,12.394734364107897
36691,0,calendar_2014_test,51.02345140199138,52.0,0.5,0.0,0.0,0.9765485980086197
36692,0,calendar_2014_test,47.15283138063585,61.0,0.5,0.0,0.0,13.847168619364147
36693,0,calendar_2014_test,58.026138264060165,59.0,0.5,0.0,0.0,0.9738617359398347
36694,0,calendar_2014_test,57.61164248019588,53.0,0.5,0.0,0.0,4.611642480195883
36695,0,calendar_2014_test,51.15287401595618,59.0,0.5,0.0,0.0,7.847125984043821
36696,0,calendar_2014_test,59.18696515226855,63.0,0.5,0.0,0.0,3.8130348477314513
36697,0,calendar_2014_test,63.331137003012024,86.0,0.5,0.0,0.0,22.668862996987976
36698,0,calendar_2014_test,87.67788869773035,106.0,0.5,0.0,0.0,18.322111302269647
36699,0,calendar_2014_test,105.71494675151777,136.0,0.5,0.0,0.0,30.285053248482228
36700,0,calendar_2014_test,134.37909054812363,158.0,0.5,0.0,0.0,23.620909451876372
36701,0,calendar_2014_test,152.31498899632066,189.0,0.5,0.0,0.0,36.685011003679335
36702,0,calendar_2014_test,174.1557149125845,203.0,0.5,0.0,0.0,28.8442850874155
36703,0,calendar_2014_test,195.22061719183716,221.0,0.5,0.0,0.0,25.779382808162836
36704,0,calendar_2014_test,191.4635819346087,257.0,0.5,0.0,0.0,65.5364180653913
36705,0,calendar_2014_test,224.66808062248518,333.0,0.5,0.0,0.0,108.33191937751482
36706,0,calendar_2014_test,282.28768969871334,371.0,0.5,0.0,0.0,88.71231030128666
36707,0,calendar_2014_test,327.6321552391217,354.0,0.5,0.0,0.0,26.367844760878313
36708,0,calendar_2014_test,312.8398070583885,273.0,0.5,0.0,0.0,39.83980705838849
36709,0,calendar_2014_test,221.29755582648912,255.0,0.5,0.0,0.0,33.702444173510884
36710,0,calendar_2014_test,222.02868774205547,165.0,0.5,0.0,0.0,57.02868774205547
36711,0,calendar_2014_test,124.32942493355021,198.0,0.5,0.0,0.0,73.67057506644979
36712,0,calendar_2014_test,177.62119928374378,275.0,0.5,0.0,0.0,97.37880071625622
36713,0,calendar_2014_test,238.73406891433737,320.0,0.5,0.0,0.0,81.26593108566263
36714,0,calendar_2014_test,280.3003181788765,284.0,0.5,0.0,0.0,3.6996818211234768
36715,0,calendar_2014_test,231.3127505861599,346.0,0.5,0.0,0.0,114.6872494138401
36716,0,calendar_2014_test,314.93842299486784,311.0,0.5,0.0,0.0,3.9384229948678353
36717,0,calendar_2014_test,301.1934601106347,372.0,0.5,0.0,0.0,70.8065398893653
36718,0,calendar_2014_test,337.51762390164714,399.0,0.5,0.0,0.0,61.48237609835286
36719,0,calendar_2014_test,361.4397329703653,370.0,0.5,0.0,0.0,8.560267029634701
36720,0,calendar_2014_test,309.73827789934694,327.0,0.5,0.0,0.0,17.26172210065306
36721,0,calendar_2014_test,291.21096927494114,346.0,0.5,0.0,0.0,54.789030725058865
36722,0,calendar_2014_test,314.80340867292114,351.0,0.5,0.0,0.0,36.19659132707886
36723,0,calendar_2014_test,349.84741126926366,362.0,0.5,0.0,0.0,12.15258873073634
36724,0,calendar_2014_test,342.7782726397855,394.0,0.5,0.0,0.0,51.221727360214516
36725,0,calendar_2014_test,373.02312292042234,409.0,0.5,0.0,0.0,35.97687707957766
36726,0,calendar_2014_test,363.4146218691599,384.0,0.5,0.0,0.0,20.585378130840127
36727,0,calendar_2014_test,333.01161521688067,393.0,0.5,0.0,0.0,59.98838478311933
36728,0,calendar_2014_test,356.35874613149986,380.0,0.5,0.0,0.0,23.641253868500144
36729,0,calendar_2014_test,323.4215489995191,330.0,0.5,0.0,0.0,6.578451000480925
36730,0,calendar_2014_test,275.699596150194,324.0,0.5,0.0,0.0,48.300403849806
36731,0,calendar_2014_test,277.3807728522045,334.0,0.5,0.0,0.0,56.61922714779553
36732,0,calendar_2014_test,293.7492112864884,334.0,0.5,0.0,0.0,40.25078871351161
36733,0,calendar_2014_test,299.4942795781375,368.0,0.5,0.0,0.0,68.50572042186252
36734,0,calendar_2014_test,338.494901029789,360.0,0.5,0.0,0.0,21.50509897021101
36735,0,calendar_2014_test,329.96900163627646,324.0,0.5,0.0,0.0,5.9690016362764595
36736,0,calendar_2014_test,308.0474709401797,299.0,0.5,0.0,0.0,9.047470940179721
36737,0,calendar_2014_test,271.11346768843845,305.0,0.5,0.0,0.0,33.88653231156155
36738,0,calendar_2014_test,272.61317910393973,290.0,0.5,0.0,0.0,17.38682089606027
36739,0,calendar_2014_test,268.9691262006676,314.0,0.5,0.0,0.0,45.030873799332426
36740,0,calendar_2014_test,288.36584961349195,315.0,0.5,0.0,0.0,26.634150386508054
36741,0,calendar_2014_test,297.1621484719005,306.0,0.5,0.0,0.0,8.83785152809952
36742,0,calendar_2014_test,267.7911472938382,292.0,0.5,0.0,0.0,24.208852706161792
36743,0,calendar_2014_test,237.71142185815162,315.0,0.5,0.0,0.0,77.28857814184838
36744,0,calendar_2014_test,289.81044945103616,332.0,0.5,0.0,0.0,42.18955054896384
36745,0,calendar_2014_test,311.7105216736061,342.0,0.5,0.0,0.0,30.28947832639392
36746,0,calendar_2014_test,314.3452807219573,338.0,0.5,0.0,0.0,23.654719278042705
36747,0,calendar_2014_test,322.1952419554025,375.0,0.5,0.0,0.0,52.80475804459752
36748,0,calendar_2014_test,23.481604993934653,31.0,0.5,0.0,0.0,7.518395006065347
36749,0,calendar_2014_test,26.52502378509161,37.0,0.5,0.0,0.0,10.474976214908391
36750,0,calendar_2014_test,33.42237493430138,36.0,0.5,0.0,0.0,2.5776250656986193
36751,0,calendar_2014_test,30.769634020867734,31.0,0.5,0.0,0.0,0.23036597913226586
36752,0,calendar_2014_test,31.284007890220145,26.0,0.5,0.0,0.0,5.2840078902201455
36753,0,calendar_2014_test,24.31321937800835,28.0,0.5,0.0,0.0,3.6867806219916517
36754,0,calendar_2014_test,29.36315927378724,26.0,0.5,0.0,0.0,3.3631592737872396
36755,0,calendar_2014_test,27.46945036730363,38.0,0.5,0.0,0.0,10.53054963269637
36756,0,calendar_2014_test,40.81442340712555,48.0,0.5,0.0,0.0,7.1855765928744475
36757,0,calendar_2014_test,47.90413522704585,65.0,0.5,0.0,0.0,17.09586477295415
36758,0,calendar_2014_test,64.905100950325,79.0,0.5,0.0,0.0,14.094899049675007
36759,0,calendar_2014_test,76.94887027079992,101.0,0.5,0.0,0.0,24.051129729200085
36760,0,calendar_2014_test,94.55124512843692,123.0,0.5,0.0,0.0,28.448754871563082
36761,0,calendar_2014_test,114.58799090718335,146.0,0.5,0.0,0.0,31.412009092816646
36762,0,calendar_2014_test,138.3010806056371,127.0,0.5,0.0,0.0,11.301080605637111
36763,0,calendar_2014_test,111.58242802853674,107.0,0.5,0.0,0.0,4.582428028536739
36764,0,calendar_2014_test,90.17545015954303,106.0,0.5,0.0,0.0,15.824549840456967
36765,0,calendar_2014_test,95.64979881412188,116.0,0.5,0.0,0.0,20.35020118587812
36766,0,calendar_2014_test,109.4690277908016,100.0,0.5,0.0,0.0,9.469027790801604
36767,0,calendar_2014_test,90.91356547699006,91.0,0.5,0.0,0.0,0.0864345230099417
36768,0,calendar_2014_test,84.0113557410945,91.0,0.5,0.0,0.0,6.988644258905495
36769,0,calendar_2014_test,85.11507727943597,99.0,0.5,0.0,0.0,13.884922720564035
36770,0,calendar_2014_test,92.95296409752427,110.0,0.5,0.0,0.0,17.047035902475727
36771,0,calendar_2014_test,106.87146445877008,111.0,0.5,0.0,0.0,4.1285355412299225
36772,0,calendar_2014_test,100.56660818766389,113.0,0.5,0.0,0.0,12.433391812336112
36773,0,calendar_2014_test,101.73598278948681,101.0,0.5,0.0,0.0,0.7359827894868118
36774,0,calendar_2014_test,92.8336283727243,101.0,0.5,0.0,0.0,8.166371627275694
36775,0,calendar_2014_test,96.3513141701959,111.0,0.5,0.0,0.0,14.648685829804094
36776,0,calendar_2014_test,112.92923839518787,114.0,0.5,0.0,0.0,1.0707616048121338
36777,0,calendar_2014_test,110.66846843631262,119.0,0.5,0.0,0.0,8.331531563687378
36778,0,calendar_2014_test,115.77683056782203,141.0,0.5,0.0,0.0,25.22316943217797
36779,0,calendar_2014_test,138.13630952159318,149.0,0.5,0.0,0.0,10.863690478406824
36780,0,calendar_2014_test,140.25243576329902,134.0,0.5,0.0,0.0,6.252435763299019
36781,0,calendar_2014_test,119.67440069497601,143.0,0.5,0.0,0.0,23.325599305023985
36782,0,calendar_2014_test,139.035220944773,174.0,0.5,0.0,0.0,34.96477905522701
36783,0,calendar_2014_test,165.7231059260583,182.0,0.5,0.0,0.0,16.27689407394169
36784,0,calendar_2014_test,168.45339633823028,181.0,0.5,0.0,0.0,12.546603661769723
36785,0,calendar_2014_test,166.02015925797878,186.0,0.5,0.0,0.0,19.979840742021224
36786,0,calendar_2014_test,173.68352122781715,193.0,0.5,0.0,0.0,19.316478772182847
36787,0,calendar_2014_test,176.0350965511405,240.0,0.5,0.0,0.0,63.9649034488595
36788,0,calendar_2014_test,227.07107244682675,289.0,0.5,0.0,0.0,61.92892755317325
36789,0,calendar_2014_test,231.12117542773575,282.0,0.5,0.0,0.0,50.87882457226425
36790,0,calendar_2014_test,226.7591237298581,188.0,0.5,0.0,0.0,38.75912372985809
36791,0,calendar_2014_test,123.4304375313795,175.0,0.5,0.0,0.0,51.569562468620504
36792,0,calendar_2014_test,139.46465845581037,150.0,0.5,0.0,0.0,10.535341544189635
36793,0,calendar_2014_test,126.12512115392018,116.0,0.5,0.0,0.0,10.125121153920176
36794,0,calendar_2014_test,94.58457345180442,100.0,0.5,0.0,0.0,5.415426548195583
36795,0,calendar_2014_test,87.17875480730515,42.0,0.5,0.0,0.0,45.178754807305154
36796,0,calendar_2014_test,41.00423622978449,41.0,0.5,0.0,0.0,0.0042362297844888985
36797,0,calendar_2014_test,40.85101979497405,30.0,0.5,0.0,0.0,10.85101979497405
36798,0,calendar_2014_test,28.341525695051335,28.0,0.5,0.0,0.0,0.34152569505133457
36799,0,calendar_2014_test,24.796673254574642,19.0,0.5,0.0,0.0,5.796673254574642
36800,0,calendar_2014_test,20.230459161813506,22.0,0.5,0.0,0.0,1.7695408381864937
36801,0,calendar_2014_test,22.54431621745277,22.0,0.5,0.0,0.0,0.5443162174527707
36802,0,calendar_2014_test,27.761500993817098,22.0,0.5,0.0,0.0,5.761500993817098
36803,0,calendar_2014_test,27.3930094196469,31.0,0.5,0.0,0.0,3.6069905803530986
36804,0,calendar_2014_test,36.29632358338889,31.0,0.5,0.0,0.0,5.29632358338889
36805,0,calendar_2014_test,36.640805340183405,44.0,0.5,0.0,0.0,7.359194659816595
36806,0,calendar_2014_test,46.83340457620674,46.0,0.5,0.0,0.0,0.833404576206739
36807,0,calendar_2014_test,45.054286060937976,62.0,0.5,0.0,0.0,16.945713939062024
36808,0,calendar_2014_test,63.56546497384373,80.0,0.5,0.0,0.0,16.43453502615627
36809,0,calendar_2014_test,87.70675999294909,129.0,0.5,0.0,0.0,41.29324000705091
36810,0,calendar_2014_test,126.61671789324147,118.0,0.5,0.0,0.0,8.616717893241471
36811,0,calendar_2014_test,101.83175582630001,90.0,0.5,0.0,0.0,11.83175582630001
36812,0,calendar_2014_test,79.10852403882639,78.0,0.5,0.0,0.0,1.1085240388263884
36813,0,calendar_2014_test,69.25109855692638,86.0,0.5,0.0,0.0,16.74890144307362
36814,0,calendar_2014_test,85.02498277523281,111.0,0.5,0.0,0.0,25.975017224767186
36815,0,calendar_2014_test,107.1788970885916,144.0,0.5,0.0,0.0,36.8211029114084
36816,0,calendar_2014_test,141.48626782413373,121.0,0.5,0.0,0.0,20.486267824133733
36817,0,calendar_2014_test,109.58463839096815,112.0,0.5,0.0,0.0,2.415361609031848
36818,0,calendar_2014_test,104.73583695354628,111.0,0.5,0.0,0.0,6.264163046453717
36819,0,calendar_2014_test,104.01003472021715,146.0,0.5,0.0,0.0,41.98996527978285
36820,0,calendar_2014_test,144.43148227183707,159.0,0.5,0.0,0.0,14.56851772816293
36821,0,calendar_2014_test,150.32627285287526,151.0,0.5,0.0,0.0,0.6737271471247368
36822,0,calendar_2014_test,132.5615796423118,143.0,0.5,0.0,0.0,10.438420357688187
36823,0,calendar_2014_test,130.2566483926255,157.0,0.5,0.0,0.0,26.743351607374507
36824,0,calendar_2014_test,144.72355060434546,174.0,0.5,0.0,0.0,29.276449395654538
36825,0,calendar_2014_test,156.39048759268823,199.0,0.5,0.0,0.0,42.60951240731177
36826,0,calendar_2014_test,180.4146143420518,192.0,0.5,0.0,0.0,11.585385657948194
36827,0,calendar_2014_test,172.00367317247,189.0,0.5,0.0,0.0,16.996326827529998
36828,0,calendar_2014_test,170.98235346028767,159.0,0.5,0.0,0.0,11.98235346028767
36829,0,calendar_2014_test,148.67369368391925,205.0,0.5,0.0,0.0,56.326306316080746
36830,0,calendar_2014_test,196.02991977537044,230.0,0.5,0.0,0.0,33.970080224629555
36831,0,calendar_2014_test,212.85860828224457,280.0,0.5,0.0,0.0,67.14139171775543
36832,0,calendar_2014_test,251.9982819847849,266.0,0.5,0.0,0.0,14.00171801521509
36833,0,calendar_2014_test,231.40781643995635,311.0,0.5,0.0,0.0,79.59218356004365
36834,0,calendar_2014_test,260.10724073357665,342.0,0.5,0.0,0.0,81.89275926642335
36835,0,calendar_2014_test,274.64306720938066,323.0,0.5,0.0,0.0,48.35693279061934
36836,0,calendar_2014_test,285.4971675636033,299.0,0.5,0.0,0.0,13.502832436396716
36837,0,calendar_2014_test,263.9512245545815,283.0,0.5,0.0,0.0,19.048775445418528
36838,0,calendar_2014_test,244.675767317278,258.0,0.5,0.0,0.0,13.324232682721998
36839,0,calendar_2014_test,230.08452052198868,239.0,0.5,0.0,0.0,8.91547947801132
36840,0,calendar_2014_test,218.31719581136198,236.0,0.5,0.0,0.0,17.682804188638016
36841,0,calendar_2014_test,212.34620833985124,241.0,0.5,0.0,0.0,28.653791660148755
36842,0,calendar_2014_test,221.5881825666662,226.0,0.5,0.0,0.0,4.411817433333795
36843,0,calendar_2014_test,208.60871006303609,215.0,0.5,0.0,0.0,6.391289936963915
36844,0,calendar_2014_test,196.61601559835387,201.0,0.5,0.0,0.0,4.383984401646131
36845,0,calendar_2014_test,182.44063806760042,201.0,0.5,0.0,0.0,18.559361932399582
36846,0,calendar_2014_test,185.52548918140306,234.0,0.5,0.0,0.0,48.47451081859694
36847,0,calendar_2014_test,221.92363697546787,241.0,0.5,0.0,0.0,19.076363024532128
36848,0,calendar_2014_test,226.09772969631538,250.0,0.5,0.0,0.0,23.902270303684617
36849,0,calendar_2014_test,233.72405708141721,259.0,0.5,0.0,0.0,25.275942918582786
36850,0,calendar_2014_test,241.1286710959873,289.0,0.5,0.0,0.0,47.8713289040127
36851,0,calendar_2014_test,273.38487435043015,330.0,0.5,0.0,0.0,56.61512564956985
36852,0,calendar_2014_test,311.26348024976005,350.0,0.5,0.0,0.0,38.73651975023995
36853,0,calendar_2014_test,332.70324387469265,350.0,0.5,0.0,0.0,17.296756125307354
36854,0,calendar_2014_test,335.1979715619834,388.0,0.5,0.0,0.0,52.80202843801658
36855,0,calendar_2014_test,363.5541874176219,379.0,0.5,0.0,0.0,15.445812582378096
36856,0,calendar_2014_test,338.5725406145608,436.0,0.5,0.0,0.0,97.42745938543919
36857,0,calendar_2014_test,395.04797235628496,502.0,0.5,0.0,0.0,106.95202764371504
36858,0,calendar_2014_test,447.544290235242,522.0,0.5,0.0,0.0,74.45570976475801
36859,0,calendar_2014_test,446.05427997958776,470.0,0.5,0.0,0.0,23.94572002041224
36860,0,calendar_2014_test,396.04001348295674,439.0,0.5,0.0,0.0,42.95998651704326
36861,0,calendar_2014_test,344.0472706068246,362.0,0.5,0.0,0.0,17.95272939317539
36862,0,calendar_2014_test,298.05197019360315,176.0,0.5,0.0,0.0,122.05197019360315
36863,0,calendar_2014_test,113.24066104086263,98.0,0.5,0.0,0.0,15.240661040862634
36864,0,calendar_2014_test,56.240991823129775,24.0,0.5,0.0,0.0,32.240991823129775
36865,0,calendar_2014_test,23.925821968545737,20.0,0.5,0.0,0.0,3.925821968545737
36866,0,calendar_2014_test,21.276105120352366,11.0,0.5,0.0,0.0,10.276105120352366
36867,0,calendar_2014_test,13.460779982269088,11.0,0.5,0.0,0.0,2.460779982269088
36868,0,calendar_2014_test,12.025261300489612,14.0,0.5,0.0,0.0,1.9747386995103877
36869,0,calendar_2014_test,13.358837128809943,14.0,0.5,0.0,0.0,0.6411628711900565
36870,0,calendar_2014_test,13.498600408923323,16.0,0.5,0.0,0.0,2.5013995910766766
36871,0,calendar_2014_test,14.319263299148924,13.0,0.5,0.0,0.0,1.3192632991489237
36872,0,calendar_2014_test,13.743326507051416,13.0,0.5,0.0,0.0,0.7433265070514157
36873,0,calendar_2014_test,13.498600408923323,14.0,0.5,0.0,0.0,0.5013995910766766
36874,0,calendar_2014_test,13.518303620364792,18.0,0.5,0.0,0.0,4.481696379635208
36875,0,calendar_2014_test,16.156761806231223,17.0,0.5,0.0,0.0,0.8432381937687765
36876,0,calendar_2014_test,15.246610146864299,16.0,0.5,0.0,0.0,0.7533898531357011
36877,0,calendar_2014_test,14.99579671064095,20.0,0.5,0.0,0.0,5.004203289359049
36878,0,calendar_2014_test,18.87356419349459,30.0,0.5,0.0,0.0,11.126435806505409
36879,0,calendar_2014_test,30.684983055223146,24.0,0.5,0.0,0.0,6.684983055223146
36880,0,calendar_2014_test,23.002986792209878,34.0,0.5,0.0,0.0,10.997013207790122
36881,0,calendar_2014_test,36.50163449239524,37.0,0.5,0.0,0.0,0.4983655076047597
36882,0,calendar_2014_test,34.26935309001776,39.0,0.5,0.0,0.0,4.730646909982241
36883,0,calendar_2014_test,34.57374102119699,34.0,0.5,0.0,0.0,0.5737410211969873
36884,0,calendar_2014_test,32.67379190180315,39.0,0.5,0.0,0.0,6.326208098196851
36885,0,calendar_2014_test,34.55987162848555,49.0,0.5,0.0,0.0,14.440128371514447
36886,0,calendar_2014_test,43.389754274176305,51.0,0.5,0.0,0.0,7.610245725823695
36887,0,calendar_2014_test,42.44016207434698,52.0,0.5,0.0,0.0,9.55983792565302
36888,0,calendar_2014_test,43.884680176346876,70.0,0.5,0.0,0.0,26.115319823653124
36889,0,calendar_2014_test,62.15099371270495,83.0,0.5,0.0,0.0,20.849006287295047
36890,0,calendar_2014_test,74.94002627012281,92.0,0.5,0.0,0.0,17.059973729877186
36891,0,calendar_2014_test,78.35454284627129,95.0,0.5,0.0,0.0,16.645457153728714
36892,0,calendar_2014_test,83.47535981853919,83.0,0.5,0.0,0.0,0.4753598185391894
36893,0,calendar_2014_test,70.1920086641258,66.0,0.5,0.0,0.0,4.192008664125794
36894,0,calendar_2014_test,63.374353790683756,66.0,0.5,0.0,0.0,2.625646209316244
36895,0,calendar_2014_test,64.28436727851188,77.0,0.5,0.0,0.0,12.71563272148812
36896,0,calendar_2014_test,76.04759889323265,74.0,0.5,0.0,0.0,2.047598893232646
36897,0,calendar_2014_test,69.94670435911343,70.0,0.5,0.0,0.0,0.05329564088657435
36898,0,calendar_2014_test,65.29940066514908,86.0,0.5,0.0,0.0,20.70059933485092
36899,0,calendar_2014_test,82.5534856755524,90.0,0.5,0.0,0.0,7.446514324447605
36900,0,calendar_2014_test,82.71632695547942,91.0,0.5,0.0,0.0,8.283673044520583
36901,0,calendar_2014_test,83.53963072443759,99.0,0.5,0.0,0.0,15.460369275562414
36902,0,calendar_2014_test,94.14888312426893,129.0,0.5,0.0,0.0,34.851116875731066
36903,0,calendar_2014_test,123.76376219927442,168.0,0.5,0.0,0.0,44.236237800725576
36904,0,calendar_2014_test,161.37007015466926,200.0,0.5,0.0,0.0,38.629929845330736
36905,0,calendar_2014_test,181.97388808171192,214.0,0.5,0.0,0.0,32.02611191828808
36906,0,calendar_2014_test,192.12133236885612,211.0,0.5,0.0,0.0,18.878667631143884
36907,0,calendar_2014_test,197.57089477406424,219.0,0.5,0.0,0.0,21.429105225935757
36908,0,calendar_2014_test,202.6976327082659,237.0,0.5,0.0,0.0,34.3023672917341
36909,0,calendar_2014_test,216.32101678569168,248.0,0.5,0.0,0.0,31.678983214308317
36910,0,calendar_2014_test,226.2908742832037,254.0,0.5,0.0,0.0,27.709125716796308
36911,0,calendar_2014_test,232.64299250921476,254.0,0.5,0.0,0.0,21.357007490785236
36912,0,calendar_2014_test,231.57449534969834,252.0,0.5,0.0,0.0,20.42550465030166
36913,0,calendar_2014_test,230.57501679370625,277.0,0.5,0.0,0.0,46.424983206293746
36914,0,calendar_2014_test,246.5476726435278,291.0,0.5,0.0,0.0,44.45232735647221
36915,0,calendar_2014_test,252.96885913075988,287.0,0.5,0.0,0.0,34.03114086924012
36916,0,calendar_2014_test,259.2439315426598,295.0,0.5,0.0,0.0,35.75606845734018
36917,0,calendar_2014_test,278.0995498894241,287.0,0.5,0.0,0.0,8.900450110575889
36918,0,calendar_2014_test,253.0814910049412,325.0,0.5,0.0,0.0,71.9185089950588
36919,0,calendar_2014_test,276.83700353185054,301.0,0.5,0.0,0.0,24.16299646814946
36920,0,calendar_2014_test,275.7772281186463,311.0,0.5,0.0,0.0,35.22277188135371
36921,0,calendar_2014_test,281.8557528055642,369.0,0.5,0.0,0.0,87.14424719443582
36922,0,calendar_2014_test,323.5114127834301,380.0,0.5,0.0,0.0,56.4885872165699
36923,0,calendar_2014_test,337.78551229143716,393.0,0.5,0.0,0.0,55.21448770856284
36924,0,calendar_2014_test,356.2871032741638,344.0,0.5,0.0,0.0,12.287103274163826
36925,0,calendar_2014_test,265.22171428194986,343.0,0.5,0.0,0.0,77.77828571805014
36926,0,calendar_2014_test,306.4425092848242,343.0,0.5,0.0,0.0,36.55749071517579
36927,0,calendar_2014_test,305.4292073526599,323.0,0.5,0.0,0.0,17.570792647340113
36928,0,calendar_2014_test,287.5102710050418,328.0,0.5,0.0,0.0,40.48972899495823
36929,0,calendar_2014_test,288.59060937788666,312.0,0.5,0.0,0.0,23.409390622113335
36930,0,calendar_2014_test,238.39820665592023,264.0,0.5,0.0,0.0,25.601793344079766
36931,0,calendar_2014_test,226.3259254129653,242.0,0.5,0.0,0.0,15.67407458703471
36932,0,calendar_2014_test,238.7128263419387,254.0,0.5,0.0,0.0,15.287173658061306
36933,0,calendar_2014_test,232.47944390790684,204.0,0.5,0.0,0.0,28.47944390790684
36934,0,calendar_2014_test,184.35322813488725,194.0,0.5,0.0,0.0,9.646771865112754
36935,0,calendar_2014_test,174.35110605791425,227.0,0.5,0.0,0.0,52.64889394208575
36936,0,calendar_2014_test,213.5550112452576,242.0,0.5,0.0,0.0,28.44498875474241
36937,0,calendar_2014_test,217.31923711051098,235.0,0.5,0.0,0.0,17.680762889489017
36938,0,calendar_2014_test,203.90958475183717,168.0,0.5,0.0,0.0,35.90958475183717
36939,0,calendar_2014_test,113.68754873034118,20.0,0.5,0.0,0.0,93.68754873034118
36940,0,calendar_2014_test,19.537964324392224,18.0,0.5,0.0,0.0,1.5379643243922239
36941,0,calendar_2014_test,20.48118633148844,16.0,0.5,0.0,0.0,4.481186331488441
36942,0,calendar_2014_test,14.894712011009236,24.0,0.5,0.0,0.0,9.105287988990764
36943,0,calendar_2014_test,20.101100945411126,23.0,0.5,0.0,0.0,2.898899054588874
36944,0,calendar_2014_test,20.482866735610813,36.0,0.5,0.0,0.0,15.517133264389187
36945,0,calendar_2014_test,36.22184803506927,43.0,0.5,0.0,0.0,6.7781519649307285
36946,0,calendar_2014_test,39.24423970042113,30.0,0.5,0.0,0.0,9.244239700421133
36947,0,calendar_2014_test,29.083116460826705,19.0,0.5,0.0,0.0,10.083116460826705
36948,0,calendar_2014_test,18.456189783432233,14.0,0.5,0.0,0.0,4.456189783432233
36949,0,calendar_2014_test,14.916969062032246,18.0,0.5,0.0,0.0,3.083030937967754
36950,0,calendar_2014_test,16.015582180246554,27.0,0.5,0.0,0.0,10.984417819753446
36951,0,calendar_2014_test,25.407129580805105,31.0,0.5,0.0,0.0,5.592870419194895
36952,0,calendar_2014_test,29.42247583688407,44.0,0.5,0.0,0.0,14.577524163115928
36953,0,calendar_2014_test,40.09884666632421,32.0,0.5,0.0,0.0,8.098846666324206
36954,0,calendar_2014_test,28.34269053829623,33.0,0.5,0.0,0.0,4.657309461703768
36955,0,calendar_2014_test,30.166925346415784,48.0,0.5,0.0,0.0,17.833074653584216
36956,0,calendar_2014_test,41.44414474385494,36.0,0.5,0.0,0.0,5.444144743854942
36957,0,calendar_2014_test,30.407491451080897,25.0,0.5,0.0,0.0,5.407491451080897
36958,0,calendar_2014_test,22.978551304848587,21.0,0.5,0.0,0.0,1.9785513048485868
36959,0,calendar_2014_test,20.213137542663862,13.0,0.5,0.0,0.0,7.213137542663862
36960,0,calendar_2014_test,14.787073129453455,13.0,0.5,0.0,0.0,1.7870731294534554
36961,0,calendar_2014_test,13.465717586533579,12.0,0.5,0.0,0.0,1.4657175865335788
36962,0,calendar_2014_test,12.468637017722292,13.0,0.5,0.0,0.0,0.5313629822777077
36963,0,calendar_2014_test,13.227176347022187,12.0,0.5,0.0,0.0,1.227176347022187
36964,0,calendar_2014_test,12.468637017722292,11.0,0.5,0.0,0.0,1.4686370177222923
36965,0,calendar_2014_test,11.862249204209817,10.0,0.5,0.0,0.0,1.8622492042098173
36966,0,calendar_2014_test,10.90072196562389,12.0,0.5,0.0,0.0,1.0992780343761108
36967,0,calendar_2014_test,12.328873737608912,14.0,0.5,0.0,0.0,1.6711262623910876
36968,0,calendar_2014_test,13.227176347022187,11.0,0.5,0.0,0.0,2.227176347022187
36969,0,calendar_2014_test,12.002012484323197,10.0,0.5,0.0,0.0,2.0020124843231972
36970,0,calendar_2014_test,10.90072196562389,9.0,0.5,0.0,0.0,1.9007219656238892
36971,0,calendar_2014_test,10.632177517131026,9.0,0.5,0.0,0.0,1.6321775171310264
36972,0,calendar_2014_test,10.632177517131026,8.0,0.5,0.0,0.0,2.6321775171310264
36973,0,calendar_2014_test,10.120581427252915,9.0,0.5,0.0,0.0,1.1205814272529153
36974,0,calendar_2014_test,10.632177517131026,15.0,0.5,0.0,0.0,4.367822482868974
36975,0,calendar_2014_test,14.18155625666108,19.0,0.5,0.0,0.0,4.81844374333892
36976,0,calendar_2014_test,16.7070074281786,8.0,0.5,0.0,0.0,8.7070074281786
36977,0,calendar_2014_test,11.313356577857936,15.0,0.5,0.0,0.0,3.6866434221420636
36978,0,calendar_2014_test,14.134176338819417,8.0,0.5,0.0,0.0,6.134176338819417
36979,0,calendar_2014_test,10.484956483263659,15.0,0.5,0.0,0.0,4.515043516736341
36980,0,calendar_2014_test,14.134176338819417,11.0,0.5,0.0,0.0,3.134176338819417
36981,0,calendar_2014_test,12.378399364239037,13.0,0.5,0.0,0.0,0.6216006357609629
36982,0,calendar_2014_test,13.358837128809943,11.0,0.5,0.0,0.0,2.3588371288099435
36983,0,calendar_2014_test,12.133673266110947,13.0,0.5,0.0,0.0,0.8663267338890535
36984,0,calendar_2014_test,13.358837128809943,11.0,0.5,0.0,0.0,2.3588371288099435
36985,0,calendar_2014_test,12.133673266110947,12.0,0.5,0.0,0.0,0.13367326611094654
36986,0,calendar_2014_test,12.684638994085706,13.0,0.5,0.0,0.0,0.31536100591429417
36987,0,calendar_2014_test,13.247290669252918,11.0,0.5,0.0,0.0,2.2472906692529175
36988,0,calendar_2014_test,12.002012484323197,26.0,0.5,0.0,0.0,13.997987515676803
36989,0,calendar_2014_test,22.14995360798246,23.0,0.5,0.0,0.0,0.8500463920175392
36990,0,calendar_2014_test,22.719144489385087,43.0,0.5,0.0,0.0,20.280855510614913
36991,0,calendar_2014_test,41.78837868236815,52.0,0.5,0.0,0.0,10.211621317631852
36992,0,calendar_2014_test,48.807373543454865,76.0,0.5,0.0,0.0,27.192626456545135
36993,0,calendar_2014_test,71.40044928009934,66.0,0.5,0.0,0.0,5.400449280099338
36994,0,calendar_2014_test,62.86169351945493,40.0,0.5,0.0,0.0,22.86169351945493
36995,0,calendar_2014_test,40.889939561911284,67.0,0.5,0.0,0.0,26.110060438088716
36996,0,calendar_2014_test,66.7060871585151,81.0,0.5,0.0,0.0,14.293912841484897
36997,0,calendar_2014_test,74.91069971242993,96.0,0.5,0.0,0.0,21.08930028757007
36998,0,calendar_2014_test,93.75402856495553,108.0,0.5,0.0,0.0,14.245971435044467
36999,0,calendar_2014_test,100.98795297326457,99.0,0.5,0.0,0.0,1.9879529732645693
37000,0,calendar_2014_test,89.52706140540442,111.0,0.5,0.0,0.0,21.472938594595576
37001,0,calendar_2014_test,103.86561383985756,120.0,0.5,0.0,0.0,16.13438616014244
37002,0,calendar_2014_test,108.2217039209369,125.0,0.5,0.0,0.0,16.778296079063097
37003,0,calendar_2014_test,109.198337151919,123.0,0.5,0.0,0.0,13.801662848080994
37004,0,calendar_2014_test,102.47184551399629,126.0,0.5,0.0,0.0,23.528154486003714
37005,0,calendar_2014_test,108.9014923092841,111.0,0.5,0.0,0.0,2.0985076907159055
37006,0,calendar_2014_test,99.88410961231165,26.0,0.5,0.0,0.0,73.88410961231165
37007,0,calendar_2014_test,23.595695412401742,11.0,0.5,0.0,0.0,12.595695412401742
37008,0,calendar_2014_test,14.05215107377918,13.0,0.5,0.0,0.0,1.0521510737791804
37009,0,calendar_2014_test,13.584615315698567,9.0,0.5,0.0,0.0,4.584615315698567
37010,0,calendar_2014_test,10.811593029219942,9.0,0.5,0.0,0.0,1.8115930292199423
37011,0,calendar_2014_test,10.632177517131026,13.0,0.5,0.0,0.0,2.3678224828689736
37012,0,calendar_2014_test,13.273349862049983,17.0,0.5,0.0,0.0,3.726650137950017
37013,0,calendar_2014_test,14.566444784883352,16.0,0.5,0.0,0.0,1.4335552151166482
37014,0,calendar_2014_test,14.843739440388452,11.0,0.5,0.0,0.0,3.843739440388452
37015,0,calendar_2014_test,12.226624260220555,11.0,0.5,0.0,0.0,1.2266242602205555
37016,0,calendar_2014_test,11.862249204209817,17.0,0.5,0.0,0.0,5.137750795790183
37017,0,calendar_2014_test,14.379557765027714,9.0,0.5,0.0,0.0,5.379557765027714
37018,0,calendar_2014_test,11.34622240400064,9.0,0.5,0.0,0.0,2.34622240400064
37019,0,calendar_2014_test,10.632177517131026,11.0,0.5,0.0,0.0,0.36782248286897357
37020,0,calendar_2014_test,11.862249204209817,8.0,0.5,0.0,0.0,3.8622492042098173
37021,0,calendar_2014_test,10.120581427252915,15.0,0.5,0.0,0.0,4.879418572747085
37022,0,calendar_2014_test,14.186988266676128,14.0,0.5,0.0,0.0,0.18698826667612778
37023,0,calendar_2014_test,13.591551403032934,9.0,0.5,0.0,0.0,4.591551403032934
37024,0,calendar_2014_test,10.77194079724441,7.0,0.5,0.0,0.0,3.77194079724441
37025,0,calendar_2014_test,9.394616804608152,6.0,0.5,0.0,0.0,3.3946168046081517
37026,0,calendar_2014_test,9.394616804608152,8.0,0.5,0.0,0.0,1.3946168046081517
37027,0,calendar_2014_test,10.120581427252915,11.0,0.5,0.0,0.0,0.8794185727470847
37028,0,calendar_2014_test,11.862249204209817,9.0,0.5,0.0,0.0,2.8622492042098173
37029,0,calendar_2014_test,10.632177517131026,11.0,0.5,0.0,0.0,0.36782248286897357
37030,0,calendar_2014_test,11.862249204209817,9.0,0.5,0.0,0.0,2.8622492042098173
37031,0,calendar_2014_test,10.632177517131026,8.0,0.5,0.0,0.0,2.6321775171310264
37032,0,calendar_2014_test,10.120581427252915,5.0,0.5,0.0,0.0,5.120581427252915
37033,0,calendar_2014_test,9.8820428428727,6.0,0.5,0.0,0.0,3.8820428428727
37034,0,calendar_2014_test,9.414731126838882,9.0,0.5,0.0,0.0,0.41473112683888225
37035,0,calendar_2014_test,10.632177517131026,6.0,0.5,0.0,0.0,4.632177517131026
37036,0,calendar_2014_test,9.394616804608152,7.0,0.5,0.0,0.0,2.3946168046081517
37037,0,calendar_2014_test,9.394616804608152,7.0,0.5,0.0,0.0,2.3946168046081517
37038,0,calendar_2014_test,9.394616804608152,6.0,0.5,0.0,0.0,3.3946168046081517
37039,0,calendar_2014_test,9.394616804608152,9.0,0.5,0.0,0.0,0.39461680460815174
37040,0,calendar_2014_test,10.632177517131026,11.0,0.5,0.0,0.0,0.36782248286897357
37041,0,calendar_2014_test,11.862249204209817,10.0,0.5,0.0,0.0,1.8622492042098173
37042,0,calendar_2014_test,10.90072196562389,10.0,0.5,0.0,0.0,0.9007219656238892
37043,0,calendar_2014_test,10.90072196562389,8.0,0.5,0.0,0.0,2.900721965623889
37044,0,calendar_2014_test,10.120581427252915,7.0,0.5,0.0,0.0,3.1205814272529153
37045,0,calendar_2014_test,9.394616804608152,10.0,0.5,0.0,0.0,0.6053831953918483
37046,0,calendar_2014_test,10.90072196562389,8.0,0.5,0.0,0.0,2.900721965623889
37047,0,calendar_2014_test,10.292059742712867,17.0,0.5,0.0,0.0,6.707940257287133
37048,0,calendar_2014_test,14.537682583943111,9.0,0.5,0.0,0.0,5.537682583943111
37049,0,calendar_2014_test,11.34622240400064,18.0,0.5,0.0,0.0,6.65377759599936
37050,0,calendar_2014_test,15.753740488836081,10.0,0.5,0.0,0.0,5.7537404888360815
37051,0,calendar_2014_test,11.614766852493505,6.0,0.5,0.0,0.0,5.614766852493505
37052,0,calendar_2014_test,9.394616804608152,6.0,0.5,0.0,0.0,3.3946168046081517
37053,0,calendar_2014_test,9.394616804608152,9.0,0.5,0.0,0.0,0.39461680460815174
37054,0,calendar_2014_test,10.632177517131026,8.0,0.5,0.0,0.0,2.6321775171310264
37055,0,calendar_2014_test,10.272356531271397,7.0,0.5,0.0,0.0,3.272356531271397
37056,0,calendar_2014_test,10.627699454300503,8.0,0.5,0.0,0.0,2.627699454300503
37057,0,calendar_2014_test,10.140695749483646,14.0,0.5,0.0,0.0,3.859304250516354
37058,0,calendar_2014_test,13.42818885824438,12.0,0.5,0.0,0.0,1.4281888582443791
37059,0,calendar_2014_test,12.488751339953023,25.0,0.5,0.0,0.0,12.511248660046977
37060,0,calendar_2014_test,21.69750386290904,11.0,0.5,0.0,0.0,10.697503862909041
37061,0,calendar_2014_test,13.398053493072183,16.0,0.5,0.0,0.0,2.601946506927817
37062,0,calendar_2014_test,14.440202531046381,17.0,0.5,0.0,0.0,2.5597974689536187
37063,0,calendar_2014_test,14.751947471697173,13.0,0.5,0.0,0.0,1.7519474716971732
37064,0,calendar_2014_test,13.941221233891817,9.0,0.5,0.0,0.0,4.941221233891817
37065,0,calendar_2014_test,38.766161726758575,71.0,0.5,0.0,0.0,32.233838273241425
37066,0,calendar_2014_test,65.46053734757581,66.0,0.5,0.0,0.0,0.5394626524241914
37067,0,calendar_2014_test,60.99528604032391,61.0,0.5,0.0,0.0,0.004713959676088564
37068,0,calendar_2014_test,57.03871555975421,83.0,0.5,0.0,0.0,25.96128444024579
37069,0,calendar_2014_test,83.90539344890009,122.0,0.5,0.0,0.0,38.094606551099915
37070,0,calendar_2014_test,140.40784208870846,119.0,0.5,0.0,0.0,21.407842088708463
37071,0,calendar_2014_test,107.58301392550372,95.0,0.5,0.0,0.0,12.583013925503721
37072,0,calendar_2014_test,82.95090947005983,93.0,0.5,0.0,0.0,10.049090529940173
37073,0,calendar_2014_test,86.37323047725464,102.0,0.5,0.0,0.0,15.626769522745363
37074,0,calendar_2014_test,96.11812466751776,174.0,0.5,0.0,0.0,77.88187533248224
37075,0,calendar_2014_test,161.95940221965174,137.0,0.5,0.0,0.0,24.959402219651736
37076,0,calendar_2014_test,112.70498973612247,80.0,0.5,0.0,0.0,32.70498973612247
37077,0,calendar_2014_test,66.26415622753458,63.0,0.5,0.0,0.0,3.264156227534585
37078,0,calendar_2014_test,60.89324070042833,72.0,0.5,0.0,0.0,11.10675929957167
37079,0,calendar_2014_test,72.5993345925267,59.0,0.5,0.0,0.0,13.599334592526702
37080,0,calendar_2014_test,57.45110767255118,59.0,0.5,0.0,0.0,1.5488923274488187
37081,0,calendar_2014_test,58.18036973739064,72.0,0.5,0.0,0.0,13.819630262609358
37082,0,calendar_2014_test,71.78306242286702,79.0,0.5,0.0,0.0,7.216937577132981
37083,0,calendar_2014_test,75.48921157371306,77.0,0.5,0.0,0.0,1.5107884262869362
37084,0,calendar_2014_test,67.06676251494716,96.0,0.5,0.0,0.0,28.933237485052842
37085,0,calendar_2014_test,85.83489162430112,54.0,0.5,0.0,0.0,31.83489162430112
37086,0,calendar_2014_test,41.3780335106719,34.0,0.5,0.0,0.0,7.378033510671898
37087,0,calendar_2014_test,29.499505619034892,18.0,0.5,0.0,0.0,11.499505619034892
37088,0,calendar_2014_test,18.7880221575379,22.0,0.5,0.0,0.0,3.211977842462101
37089,0,calendar_2014_test,20.047203831343193,21.0,0.5,0.0,0.0,0.9527961686568069
37090,0,calendar_2014_test,20.07395692666896,15.0,0.5,0.0,0.0,5.073956926668959
37091,0,calendar_2014_test,15.41418323757761,13.0,0.5,0.0,0.0,2.4141832375776104
37092,0,calendar_2014_test,13.683264936486689,11.0,0.5,0.0,0.0,2.6832649364866885
37093,0,calendar_2014_test,12.002012484323197,17.0,0.5,0.0,0.0,4.997987515676803
37094,0,calendar_2014_test,14.432369692884425,18.0,0.5,0.0,0.0,3.567630307115575
37095,0,calendar_2014_test,16.477630084697847,16.0,0.5,0.0,0.0,0.4776300846978465
37096,0,calendar_2014_test,14.843739440388452,17.0,0.5,0.0,0.0,2.156260559611548
37097,0,calendar_2014_test,14.74488304575292,18.0,0.5,0.0,0.0,3.2551169542470806
37098,0,calendar_2014_test,17.48941250343335,16.0,0.5,0.0,0.0,1.4894125034333499
37099,0,calendar_2014_test,15.283382098699173,15.0,0.5,0.0,0.0,0.28338209869917286
37100,0,calendar_2014_test,14.543875075046287,17.0,0.5,0.0,0.0,2.4561249249537127
37101,0,calendar_2014_test,14.82464960456583,19.0,0.5,0.0,0.0,4.175350395434171
37102,0,calendar_2014_test,17.567274381867776,15.0,0.5,0.0,0.0,2.567274381867776
37103,0,calendar_2014_test,15.393962142196706,22.0,0.5,0.0,0.0,6.606037857803294
37104,0,calendar_2014_test,18.811514159069848,20.0,0.5,0.0,0.0,1.1884858409301522
37105,0,calendar_2014_test,20.790506783350285,21.0,0.5,0.0,0.0,0.2094932166497152
37106,0,calendar_2014_test,20.471859835485773,32.0,0.5,0.0,0.0,11.528140164514227
37107,0,calendar_2014_test,28.88152634214361,20.0,0.5,0.0,0.0,8.881526342143609
37108,0,calendar_2014_test,21.359796301430134,31.0,0.5,0.0,0.0,9.640203698569866
37109,0,calendar_2014_test,31.137624742718657,40.0,0.5,0.0,0.0,8.862375257281343
37110,0,calendar_2014_test,38.88199634887698,102.0,0.5,0.0,0.0,63.11800365112302
37111,0,calendar_2014_test,91.05009322552704,117.0,0.5,0.0,0.0,25.949906774472964
37112,0,calendar_2014_test,112.90936680259455,100.0,0.5,0.0,0.0,12.909366802594548
37113,0,calendar_2014_test,48.431742716610444,63.0,0.5,0.0,0.0,14.568257283389556
37114,0,calendar_2014_test,55.6636650735083,62.0,0.5,0.0,0.0,6.336334926491702
37115,0,calendar_2014_test,51.92628927608775,45.0,0.5,0.0,0.0,6.926289276087751
37116,0,calendar_2014_test,38.58554959957807,19.0,0.5,0.0,0.0,19.585549599578073
37117,0,calendar_2014_test,19.657872036488797,21.0,0.5,0.0,0.0,1.342127963511203
37118,0,calendar_2014_test,20.387764259090154,13.0,0.5,0.0,0.0,7.387764259090154
37119,0,calendar_2014_test,14.476565151925904,31.0,0.5,0.0,0.0,16.523434848074096
37120,0,calendar_2014_test,36.06162566661387,17.0,0.5,0.0,0.0,19.06162566661387
37121,0,calendar_2014_test,16.60984726789782,14.0,0.5,0.0,0.0,2.6098472678978197
37122,0,calendar_2014_test,14.381625143998155,13.0,0.5,0.0,0.0,1.3816251439981553
37123,0,calendar_2014_test,13.423553281434257,16.0,0.5,0.0,0.0,2.5764467185657427
37124,0,calendar_2014_test,14.269457833632211,18.0,0.5,0.0,0.0,3.7305421663677887
37125,0,calendar_2014_test,16.11363375954624,18.0,0.5,0.0,0.0,1.8863662404537607
37126,0,calendar_2014_test,16.463303590405133,20.0,0.5,0.0,0.0,3.5366964095948674
37127,0,calendar_2014_test,18.04131332029952,17.0,0.5,0.0,0.0,1.041313320299519
37128,0,calendar_2014_test,15.573283140347204,9.0,0.5,0.0,0.0,6.573283140347204
37129,0,calendar_2014_test,11.354965477680794,16.0,0.5,0.0,0.0,4.6450345223192055
37130,0,calendar_2014_test,14.134176338819417,14.0,0.5,0.0,0.0,0.13417633881941704
37131,0,calendar_2014_test,13.591551403032934,7.0,0.5,0.0,0.0,6.591551403032934
37132,0,calendar_2014_test,9.534380084721532,15.0,0.5,0.0,0.0,5.465619915278468
37133,0,calendar_2014_test,14.134176338819417,11.0,0.5,0.0,0.0,3.134176338819417
37134,0,calendar_2014_test,12.378399364239037,13.0,0.5,0.0,0.0,0.6216006357609629
37135,0,calendar_2014_test,13.378951451040674,16.0,0.5,0.0,0.0,2.621048548959326
37136,0,calendar_2014_test,14.319263299148924,14.0,0.5,0.0,0.0,0.3192632991489237
37137,0,calendar_2014_test,13.591551403032934,14.0,0.5,0.0,0.0,0.4084485969670659
37138,0,calendar_2014_test,13.366939627135567,14.0,0.5,0.0,0.0,0.6330603728644331
37139,0,calendar_2014_test,13.366939627135567,14.0,0.5,0.0,0.0,0.6330603728644331
37140,0,calendar_2014_test,13.366939627135567,12.0,0.5,0.0,0.0,1.366939627135567
37141,0,calendar_2014_test,15.265539563754293,29.0,0.5,0.0,0.0,13.734460436245707
37142,0,calendar_2014_test,28.338967861405116,40.0,0.5,0.0,0.0,11.661032138594884
37143,0,calendar_2014_test,43.82764229964686,92.0,0.5,0.0,0.0,48.17235770035314
37144,0,calendar_2014_test,82.07727129969318,76.0,0.5,0.0,0.0,6.07727129969318
37145,0,calendar_2014_test,61.61656720716057,81.0,0.5,0.0,0.0,19.38343279283943
37146,0,calendar_2014_test,69.93450315513724,32.0,0.5,0.0,0.0,37.934503155137236
37147,0,calendar_2014_test,29.14302545573847,9.0,0.5,0.0,0.0,20.14302545573847
37148,0,calendar_2014_test,13.608032543959347,12.0,0.5,0.0,0.0,1.6080325439593466
37149,0,calendar_2014_test,12.76364256236861,8.0,0.5,0.0,0.0,4.763642562368609
37150,0,calendar_2014_test,10.177195081551602,8.0,0.5,0.0,0.0,2.177195081551602
37151,0,calendar_2014_test,10.120581427252915,8.0,0.5,0.0,0.0,2.1205814272529153
37152,0,calendar_2014_test,10.120581427252915,9.0,0.5,0.0,0.0,1.1205814272529153
37153,0,calendar_2014_test,10.632177517131026,12.0,0.5,0.0,0.0,1.3678224828689736
37154,0,calendar_2014_test,12.328873737608912,14.0,0.5,0.0,0.0,1.6711262623910876
37155,0,calendar_2014_test,13.227176347022187,9.0,0.5,0.0,0.0,4.227176347022187
37156,0,calendar_2014_test,10.77194079724441,7.0,0.5,0.0,0.0,3.77194079724441
37157,0,calendar_2014_test,9.394616804608152,8.0,0.5,0.0,0.0,1.3946168046081517
37158,0,calendar_2014_test,10.120581427252915,12.0,0.5,0.0,0.0,1.8794185727470847
37159,0,calendar_2014_test,12.32792351289445,13.0,0.5,0.0,0.0,0.6720764871055493
37160,0,calendar_2014_test,13.227176347022187,9.0,0.5,0.0,0.0,4.227176347022187
37161,0,calendar_2014_test,10.77194079724441,17.0,0.5,0.0,0.0,6.22805920275559
37162,0,calendar_2014_test,14.384989775042762,18.0,0.5,0.0,0.0,3.6150102249572384
37163,0,calendar_2014_test,16.463303590405133,14.0,0.5,0.0,0.0,2.4633035904051326
37164,0,calendar_2014_test,13.941221233891817,10.0,0.5,0.0,0.0,3.9412212338918167
37165,0,calendar_2014_test,11.040485245737274,12.0,0.5,0.0,0.0,0.9595147542627256
37166,0,calendar_2014_test,12.328873737608912,9.0,0.5,0.0,0.0,3.3288737376089124
37167,0,calendar_2014_test,12.28785181823668,14.0,0.5,0.0,0.0,1.71214818176332
37168,0,calendar_2014_test,15.011591796567002,17.0,0.5,0.0,0.0,1.9884082034329982
37169,0,calendar_2014_test,15.329265460641013,21.0,0.5,0.0,0.0,5.670734539358987
37170,0,calendar_2014_test,23.583371354432288,47.0,0.5,0.0,0.0,23.416628645567712
37171,0,calendar_2014_test,47.41563145460635,18.0,0.5,0.0,0.0,29.41563145460635
37172,0,calendar_2014_test,20.12737803381859,15.0,0.5,0.0,0.0,5.127378033818591
37173,0,calendar_2014_test,16.08056211468426,12.0,0.5,0.0,0.0,4.080562114684259
37174,0,calendar_2014_test,13.049296228867263,16.0,0.5,0.0,0.0,2.950703771132737
37175,0,calendar_2014_test,17.2327198533489,15.0,0.5,0.0,0.0,2.2327198533489003
37176,0,calendar_2014_test,15.75684340250791,13.0,0.5,0.0,0.0,2.7568434025079096
37177,0,calendar_2014_test,16.474879420301686,16.0,0.5,0.0,0.0,0.4748794203016864
37178,0,calendar_2014_test,15.558923439989277,16.0,0.5,0.0,0.0,0.44107656001072293
37179,0,calendar_2014_test,15.75684340250791,10.0,0.5,0.0,0.0,5.75684340250791
37180,0,calendar_2014_test,11.620862278111414,13.0,0.5,0.0,0.0,1.3791377218885863
37181,0,calendar_2014_test,13.378951451040674,33.0,0.5,0.0,0.0,19.621048548959326
37182,0,calendar_2014_test,34.4587434886126,37.0,0.5,0.0,0.0,2.5412565113874024
37183,0,calendar_2014_test,35.731244817825996,36.0,0.5,0.0,0.0,0.2687551821740044
37184,0,calendar_2014_test,35.10962933359175,53.0,0.5,0.0,0.0,17.890370666408252
37185,0,calendar_2014_test,51.10060683351764,58.0,0.5,0.0,0.0,6.899393166482362
37186,0,calendar_2014_test,55.26142484901869,46.0,0.5,0.0,0.0,9.261424849018688
37187,0,calendar_2014_test,42.863377433598494,43.0,0.5,0.0,0.0,0.13662256640150616
37188,0,calendar_2014_test,42.432984316835736,41.0,0.5,0.0,0.0,1.4329843168357357
37189,0,calendar_2014_test,41.962806282771986,44.0,0.5,0.0,0.0,2.037193717228014
37190,0,calendar_2014_test,46.000484135175306,72.0,0.5,0.0,0.0,25.999515864824694
37191,0,calendar_2014_test,69.24175680262297,80.0,0.5,0.0,0.0,10.758243197377027
37192,0,calendar_2014_test,72.61289408359218,86.0,0.5,0.0,0.0,13.387105916407819
37193,0,calendar_2014_test,85.45485029436536,82.0,0.5,0.0,0.0,3.4548502943653574
37194,0,calendar_2014_test,80.13858888721688,86.0,0.5,0.0,0.0,5.8614111127831166
37195,0,calendar_2014_test,83.96444884681165,98.0,0.5,0.0,0.0,14.03555115318835
37196,0,calendar_2014_test,93.08870880744121,112.0,0.5,0.0,0.0,18.911291192558792
37197,0,calendar_2014_test,108.77819255621448,126.0,0.5,0.0,0.0,17.221807443785522
37198,0,calendar_2014_test,122.03238173200897,192.0,0.5,0.0,0.0,69.96761826799103
37199,0,calendar_2014_test,181.5053154343802,212.0,0.5,0.0,0.0,30.494684565619792
37200,0,calendar_2014_test,181.87919128182784,144.0,0.5,0.0,0.0,37.87919128182784
37201,0,calendar_2014_test,99.42645883508689,107.0,0.5,0.0,0.0,7.5735411649131095
37202,0,calendar_2014_test,83.87777954147893,86.0,0.5,0.0,0.0,2.1222204585210704
37203,0,calendar_2014_test,66.67480463044807,90.0,0.5,0.0,0.0,23.325195369551935
37204,0,calendar_2014_test,78.75363949540244,95.0,0.5,0.0,0.0,16.24636050459756
37205,0,calendar_2014_test,83.89872907973319,71.0,0.5,0.0,0.0,12.898729079733187
37206,0,calendar_2014_test,64.82750426341586,76.0,0.5,0.0,0.0,11.172495736584139
37207,0,calendar_2014_test,69.30679892280241,75.0,0.5,0.0,0.0,5.693201077197585
37208,0,calendar_2014_test,65.88625273661859,58.0,0.5,0.0,0.0,7.886252736618587
37209,0,calendar_2014_test,50.02043483379411,53.0,0.5,0.0,0.0,2.9795651662058873
37210,0,calendar_2014_test,48.18031320313195,59.0,0.5,0.0,0.0,10.819686796868048
37211,0,calendar_2014_test,58.0681672453654,49.0,0.5,0.0,0.0,9.068167245365402
37212,0,calendar_2014_test,44.61780951272538,44.0,0.5,0.0,0.0,0.6178095127253798
37213,0,calendar_2014_test,43.88952477508837,50.0,0.5,0.0,0.0,6.110475224911632
37214,0,calendar_2014_test,50.88864807754641,68.0,0.5,0.0,0.0,17.111351922453593
37215,0,calendar_2014_test,70.62775888051715,110.0,0.5,0.0,0.0,39.37224111948285
37216,0,calendar_2014_test,122.29822050428795,129.0,0.5,0.0,0.0,6.701779495712046
37217,0,calendar_2014_test,130.4857235292467,123.0,0.5,0.0,0.0,7.485723529246712
37218,0,calendar_2014_test,121.25821763696374,109.0,0.5,0.0,0.0,12.258217636963735
37219,0,calendar_2014_test,96.09724164279045,132.0,0.5,0.0,0.0,35.90275835720955
37220,0,calendar_2014_test,123.50252487741608,160.0,0.5,0.0,0.0,36.49747512258392
37221,0,calendar_2014_test,148.59491428526766,167.0,0.5,0.0,0.0,18.405085714732337
37222,0,calendar_2014_test,152.56460383379687,257.0,0.5,0.0,0.0,104.43539616620313
37223,0,calendar_2014_test,232.60025618031142,291.0,0.5,0.0,0.0,58.39974381968858
37224,0,calendar_2014_test,251.0146784337362,305.0,0.5,0.0,0.0,53.98532156626379
37225,0,calendar_2014_test,266.43618918734177,307.0,0.5,0.0,0.0,40.56381081265823
37226,0,calendar_2014_test,257.84556745071336,293.0,0.5,0.0,0.0,35.15443254928664
37227,0,calendar_2014_test,238.59048707422147,269.0,0.5,0.0,0.0,30.40951292577853
37228,0,calendar_2014_test,155.15356322417827,47.0,0.5,0.0,0.0,108.15356322417827
37229,0,calendar_2014_test,34.95088373361108,24.0,0.5,0.0,0.0,10.950883733611079
37230,0,calendar_2014_test,23.309942434989562,17.0,0.5,0.0,0.0,6.309942434989562
37231,0,calendar_2014_test,16.453837622472633,12.0,0.5,0.0,0.0,4.4538376224726335
37232,0,calendar_2014_test,13.410040256304782,9.0,0.5,0.0,0.0,4.410040256304782
37233,0,calendar_2014_test,10.63924194307528,10.0,0.5,0.0,0.0,0.6392419430752803
37234,0,calendar_2014_test,10.90072196562389,9.0,0.5,0.0,0.0,1.9007219656238892
37235,0,calendar_2014_test,10.632177517131026,11.0,0.5,0.0,0.0,0.36782248286897357
37236,0,calendar_2014_test,11.862249204209817,8.0,0.5,0.0,0.0,3.8622492042098173
37237,0,calendar_2014_test,10.120581427252915,13.0,0.5,0.0,0.0,2.8794185727470847
37238,0,calendar_2014_test,13.318400310335909,12.0,0.5,0.0,0.0,1.3184003103359085
37239,0,calendar_2014_test,12.468637017722292,10.0,0.5,0.0,0.0,2.4686370177222923
37240,0,calendar_2014_test,10.90072196562389,9.0,0.5,0.0,0.0,1.9007219656238892
37241,0,calendar_2014_test,10.632177517131026,18.0,0.5,0.0,0.0,7.367822482868974
37242,0,calendar_2014_test,15.820878910985504,10.0,0.5,0.0,0.0,5.820878910985504
37243,0,calendar_2014_test,11.614766852493505,11.0,0.5,0.0,0.0,0.6147668524935046
37244,0,calendar_2014_test,11.862249204209817,11.0,0.5,0.0,0.0,0.8622492042098173
37245,0,calendar_2014_test,11.862249204209817,6.0,0.5,0.0,0.0,5.862249204209817
37246,0,calendar_2014_test,9.394616804608152,6.0,0.5,0.0,0.0,3.3946168046081517
37247,0,calendar_2014_test,9.394616804608152,6.0,0.5,0.0,0.0,3.3946168046081517
37248,0,calendar_2014_test,9.394616804608152,5.0,0.5,0.0,0.0,4.394616804608152
37249,0,calendar_2014_test,9.394616804608152,10.0,0.5,0.0,0.0,0.6053831953918483
37250,0,calendar_2014_test,10.899771740909427,9.0,0.5,0.0,0.0,1.8997717409094275
37251,0,calendar_2014_test,10.632177517131026,11.0,0.5,0.0,0.0,0.36782248286897357
37252,0,calendar_2014_test,11.862249204209817,11.0,0.5,0.0,0.0,0.8622492042098173
37253,0,calendar_2014_test,11.862249204209817,8.0,0.5,0.0,0.0,3.8622492042098173
37254,0,calendar_2014_test,10.120581427252915,12.0,0.5,0.0,0.0,1.8794185727470847
37255,0,calendar_2014_test,12.32792351289445,15.0,0.5,0.0,0.0,2.6720764871055493
37256,0,calendar_2014_test,14.129694553518831,11.0,0.5,0.0,0.0,3.1296945535188314
37257,0,calendar_2014_test,12.226624260220555,9.0,0.5,0.0,0.0,3.2266242602205555
37258,0,calendar_2014_test,10.632177517131026,25.0,0.5,0.0,0.0,14.367822482868974
37259,0,calendar_2014_test,21.12047022739265,23.0,0.5,0.0,0.0,1.8795297726073485
37260,0,calendar_2014_test,20.665727231240506,13.0,0.5,0.0,0.0,7.665727231240506
37261,0,calendar_2014_test,15.067608945566272,8.0,0.5,0.0,0.0,7.067608945566272
37262,0,calendar_2014_test,10.522683579068115,10.0,0.5,0.0,0.0,0.522683579068115
37263,0,calendar_2014_test,10.90072196562389,11.0,0.5,0.0,0.0,0.09927803437611082
37264,0,calendar_2014_test,11.862249204209817,12.0,0.5,0.0,0.0,0.13775079579018268
37265,0,calendar_2014_test,12.328873737608912,14.0,0.5,0.0,0.0,1.6711262623910876
37266,0,calendar_2014_test,13.227176347022187,14.0,0.5,0.0,0.0,0.772823652977813
37267,0,calendar_2014_test,13.366939627135567,10.0,0.5,0.0,0.0,3.366939627135567
37268,0,calendar_2014_test,11.040485245737274,8.0,0.5,0.0,0.0,3.0404852457372744
37269,0,calendar_2014_test,10.120581427252915,9.0,0.5,0.0,0.0,1.1205814272529153
37270,0,calendar_2014_test,10.632177517131026,9.0,0.5,0.0,0.0,1.6321775171310264
37271,0,calendar_2014_test,13.457042237758557,8.0,0.5,0.0,0.0,5.457042237758557
37272,0,calendar_2014_test,13.003373815300618,17.0,0.5,0.0,0.0,3.996626184699382
37273,0,calendar_2014_test,17.541751200248438,30.0,0.5,0.0,0.0,12.458248799751562
37274,0,calendar_2014_test,30.937530886600005,43.0,0.5,0.0,0.0,12.062469113399995
37275,0,calendar_2014_test,42.911065504068446,57.0,0.5,0.0,0.0,14.088934495931554
37276,0,calendar_2014_test,56.91411164241131,65.0,0.5,0.0,0.0,8.085888357588694
37277,0,calendar_2014_test,66.38494591561742,80.0,0.5,0.0,0.0,13.615054084382578
37278,0,calendar_2014_test,82.78974698931127,88.0,0.5,0.0,0.0,5.2102530106887315
37279,0,calendar_2014_test,84.54646777186723,96.0,0.5,0.0,0.0,11.453532228132772
37280,0,calendar_2014_test,87.82064590208111,121.0,0.5,0.0,0.0,33.17935409791889
37281,0,calendar_2014_test,108.59102203121367,152.0,0.5,0.0,0.0,43.40897796878633
37282,0,calendar_2014_test,125.62476959109858,172.0,0.5,0.0,0.0,46.375230408901416
37283,0,calendar_2014_test,141.66217827346324,128.0,0.5,0.0,0.0,13.66217827346324
37284,0,calendar_2014_test,88.34711593084671,77.0,0.5,0.0,0.0,11.347115930846712
37285,0,calendar_2014_test,62.542284521828044,65.0,0.5,0.0,0.0,2.4577154781719557
37286,0,calendar_2014_test,61.03099712592263,79.0,0.5,0.0,0.0,17.96900287407737
37287,0,calendar_2014_test,80.96027200637883,93.0,0.5,0.0,0.0,12.03972799362117
37288,0,calendar_2014_test,90.0934804157972,104.0,0.5,0.0,0.0,13.906519584202798
37289,0,calendar_2014_test,106.84545079033526,202.0,0.5,0.0,0.0,95.15454920966474
37290,0,calendar_2014_test,185.13283193287918,245.0,0.5,0.0,0.0,59.867168067120815
37291,0,calendar_2014_test,209.3561295921111,225.0,0.5,0.0,0.0,15.643870407888897
37292,0,calendar_2014_test,186.0179845279338,180.0,0.5,0.0,0.0,6.017984527933805
37293,0,calendar_2014_test,145.33068188150793,180.0,0.5,0.0,0.0,34.66931811849207
37294,0,calendar_2014_test,154.46222710132045,170.0,0.5,0.0,0.0,15.537772898679549
37295,0,calendar_2014_test,144.08076920353014,160.0,0.5,0.0,0.0,15.919230796469861
37296,0,calendar_2014_test,144.87087516239797,146.0,0.5,0.0,0.0,1.1291248376020349
37297,0,calendar_2014_test,127.08625423573298,125.0,0.5,0.0,0.0,2.08625423573298
37298,0,calendar_2014_test,106.8203607157914,130.0,0.5,0.0,0.0,23.179639284208605
37299,0,calendar_2014_test,119.34996660315193,138.0,0.5,0.0,0.0,18.650033396848073
37300,0,calendar_2014_test,124.7630979947661,147.0,0.5,0.0,0.0,22.2369020052339
37301,0,calendar_2014_test,133.0758250107486,135.0,0.5,0.0,0.0,1.9241749892514122
37302,0,calendar_2014_test,112.57325618467368,136.0,0.5,0.0,0.0,23.42674381532632
37303,0,calendar_2014_test,128.04220294183753,124.0,0.5,0.0,0.0,4.04220294183753
37304,0,calendar_2014_test,106.18195951648758,135.0,0.5,0.0,0.0,28.81804048351242
37305,0,calendar_2014_test,129.398787615108,132.0,0.5,0.0,0.0,2.601212384891994
37306,0,calendar_2014_test,120.66202534762645,133.0,0.5,0.0,0.0,12.337974652373546
37307,0,calendar_2014_test,121.49734218689416,142.0,0.5,0.0,0.0,20.50265781310584
37308,0,calendar_2014_test,138.45560884499793,163.0,0.5,0.0,0.0,24.544391155002074
37309,0,calendar_2014_test,153.47727204449288,166.0,0.5,0.0,0.0,12.522727955507122
37310,0,calendar_2014_test,157.35054626513295,189.0,0.5,0.0,0.0,31.649453734867052
37311,0,calendar_2014_test,182.62449603611321,202.0,0.5,0.0,0.0,19.375503963886786
37312,0,calendar_2014_test,193.41561132435154,228.0,0.5,0.0,0.0,34.584388675648455
37313,0,calendar_2014_test,222.35183912571748,240.0,0.5,0.0,0.0,17.648160874282524
37314,0,calendar_2014_test,238.28528307513128,235.0,0.5,0.0,0.0,3.285283075131275
37315,0,calendar_2014_test,217.94293990249622,252.0,0.5,0.0,0.0,34.05706009750378
37316,0,calendar_2014_test,242.96991825971858,254.0,0.5,0.0,0.0,11.030081740281418
37317,0,calendar_2014_test,238.51374295726978,274.0,0.5,0.0,0.0,35.486257042730216
37318,0,calendar_2014_test,245.56773817067574,253.0,0.5,0.0,0.0,7.432261829324261
37319,0,calendar_2014_test,221.3716822177573,248.0,0.5,0.0,0.0,26.628317782242704
37320,0,calendar_2014_test,213.74496100871997,219.0,0.5,0.0,0.0,5.255038991280031
37321,0,calendar_2014_test,188.70965283081736,199.0,0.5,0.0,0.0,10.290347169182638
37322,0,calendar_2014_test,163.92705160859234,198.0,0.5,0.0,0.0,34.072948391407664
37323,0,calendar_2014_test,168.08357419732806,204.0,0.5,0.0,0.0,35.91642580267194
37324,0,calendar_2014_test,179.55618320793113,66.0,0.5,0.0,0.0,113.55618320793113
37325,0,calendar_2014_test,40.33813888596829,22.0,0.5,0.0,0.0,18.33813888596829
37326,0,calendar_2014_test,22.4139087926013,19.0,0.5,0.0,0.0,3.413908792601301
37327,0,calendar_2014_test,18.83918559029834,16.0,0.5,0.0,0.0,2.8391855902983387
37328,0,calendar_2014_test,15.491269221588514,11.0,0.5,0.0,0.0,4.491269221588514
37329,0,calendar_2014_test,12.226624260220555,17.0,0.5,0.0,0.0,4.7733757397794445
37330,0,calendar_2014_test,14.426681504769972,15.0,0.5,0.0,0.0,0.5733184952300281
37331,0,calendar_2014_test,14.843739440388452,14.0,0.5,0.0,0.0,0.8437394403884522
37332,0,calendar_2014_test,13.591551403032934,12.0,0.5,0.0,0.0,1.591551403032934
37333,0,calendar_2014_test,12.468637017722292,7.0,0.5,0.0,0.0,5.468637017722292
37334,0,calendar_2014_test,9.394616804608152,7.0,0.5,0.0,0.0,2.3946168046081517
37335,0,calendar_2014_test,9.394616804608152,15.0,0.5,0.0,0.0,5.605383195391848
37336,0,calendar_2014_test,14.186988266676128,7.0,0.5,0.0,0.0,7.186988266676128
37337,0,calendar_2014_test,9.758991860618897,10.0,0.5,0.0,0.0,0.241008139381103
37338,0,calendar_2014_test,10.90072196562389,8.0,0.5,0.0,0.0,2.900721965623889
37339,0,calendar_2014_test,10.120581427252915,12.0,0.5,0.0,0.0,1.8794185727470847
37340,0,calendar_2014_test,12.32792351289445,11.0,0.5,0.0,0.0,1.3279235128944507
37341,0,calendar_2014_test,11.862249204209817,9.0,0.5,0.0,0.0,2.8622492042098173
37342,0,calendar_2014_test,10.632177517131026,14.0,0.5,0.0,0.0,3.3678224828689736
37343,0,calendar_2014_test,13.226226122307725,8.0,0.5,0.0,0.0,5.226226122307725
37344,0,calendar_2014_test,10.260344707366297,12.0,0.5,0.0,0.0,1.739655292633703
37345,0,calendar_2014_test,12.32792351289445,11.0,0.5,0.0,0.0,1.3279235128944507
37346,0,calendar_2014_test,11.862249204209817,12.0,0.5,0.0,0.0,0.13775079579018268
37347,0,calendar_2014_test,12.328873737608912,15.0,0.5,0.0,0.0,2.6711262623910876
37348,0,calendar_2014_test,14.129694553518831,12.0,0.5,0.0,0.0,2.1296945535188314
37349,0,calendar_2014_test,13.600294476713087,14.0,0.5,0.0,0.0,0.39970552328691333
37350,0,calendar_2014_test,13.366939627135567,20.0,0.5,0.0,0.0,6.633060372864433
37351,0,calendar_2014_test,21.679252120683778,32.0,0.5,0.0,0.0,10.320747879316222
37352,0,calendar_2014_test,35.693494938404704,33.0,0.5,0.0,0.0,2.6934949384047044
37353,0,calendar_2014_test,36.27351989530927,46.0,0.5,0.0,0.0,9.72648010469073
37354,0,calendar_2014_test,45.392052478124405,53.0,0.5,0.0,0.0,7.6079475218755945
37355,0,calendar_2014_test,52.88246026221889,64.0,0.5,0.0,0.0,11.117539737781108
37356,0,calendar_2014_test,66.2543183594179,53.0,0.5,0.0,0.0,13.254318359417894
37357,0,calendar_2014_test,51.04775322763727,72.0,0.5,0.0,0.0,20.952246772362727
37358,0,calendar_2014_test,75.13983492988754,85.0,0.5,0.0,0.0,9.860165070112458
37359,0,calendar_2014_test,84.55181832156075,95.0,0.5,0.0,0.0,10.448181678439255
37360,0,calendar_2014_test,93.0167570487953,98.0,0.5,0.0,0.0,4.983242951204701
37361,0,calendar_2014_test,89.11122442606474,105.0,0.5,0.0,0.0,15.888775573935263
37362,0,calendar_2014_test,95.13182890992769,117.0,0.5,0.0,0.0,21.86817109007231
37363,0,calendar_2014_test,109.3877939555812,117.0,0.5,0.0,0.0,7.612206044418798
37364,0,calendar_2014_test,101.0251599097513,126.0,0.5,0.0,0.0,24.974840090248705
37365,0,calendar_2014_test,115.53506749556117,145.0,0.5,0.0,0.0,29.464932504438835
37366,0,calendar_2014_test,135.61102718600353,136.0,0.5,0.0,0.0,0.38897281399647454
37367,0,calendar_2014_test,116.69258028726874,95.0,0.5,0.0,0.0,21.69258028726874
37368,0,calendar_2014_test,74.98269536542868,80.0,0.5,0.0,0.0,5.0173046345713175
37369,0,calendar_2014_test,66.75107539123286,51.0,0.5,0.0,0.0,15.75107539123286
37370,0,calendar_2014_test,45.976455786605385,67.0,0.5,0.0,0.0,21.023544213394615
37371,0,calendar_2014_test,64.76357272949988,71.0,0.5,0.0,0.0,6.236427270500116
37372,0,calendar_2014_test,65.42100791277666,63.0,0.5,0.0,0.0,2.421007912776659
37373,0,calendar_2014_test,58.498954717686374,80.0,0.5,0.0,0.0,21.501045282313626
37374,0,calendar_2014_test,75.96591383920072,75.0,0.5,0.0,0.0,0.9659138392007236
37375,0,calendar_2014_test,75.24887366833892,87.0,0.5,0.0,0.0,11.751126331661084
37376,0,calendar_2014_test,88.0529555897646,105.0,0.5,0.0,0.0,16.947044410235407
37377,0,calendar_2014_test,112.83701250350846,125.0,0.5,0.0,0.0,12.162987496491539
37378,0,calendar_2014_test,122.05304027813906,115.0,0.5,0.0,0.0,7.053040278139065
37379,0,calendar_2014_test,106.31789313850433,123.0,0.5,0.0,0.0,16.68210686149567
37380,0,calendar_2014_test,118.794558843793,142.0,0.5,0.0,0.0,23.205441156207
37381,0,calendar_2014_test,137.5741905070735,178.0,0.5,0.0,0.0,40.425809492926504
37382,0,calendar_2014_test,168.481983933432,163.0,0.5,0.0,0.0,5.481983933431991
37383,0,calendar_2014_test,145.53412463450232,162.0,0.5,0.0,0.0,16.46587536549768
37384,0,calendar_2014_test,145.65526603089077,145.0,0.5,0.0,0.0,0.6552660308907718
37385,0,calendar_2014_test,120.53587661402756,114.0,0.5,0.0,0.0,6.535876614027558
37386,0,calendar_2014_test,86.93216123549809,84.0,0.5,0.0,0.0,2.9321612354980857
37387,0,calendar_2014_test,69.14227948020799,102.0,0.5,0.0,0.0,32.85772051979201
37388,0,calendar_2014_test,93.70093992729241,82.0,0.5,0.0,0.0,11.70093992729241
37389,0,calendar_2014_test,73.6913498224963,88.0,0.5,0.0,0.0,14.308650177503694
37390,0,calendar_2014_test,79.532805465958,90.0,0.5,0.0,0.0,10.467194534041994
37391,0,calendar_2014_test,77.78824458196182,88.0,0.5,0.0,0.0,10.21175541803818
37392,0,calendar_2014_test,73.23554565958791,95.0,0.5,0.0,0.0,21.764454340412087
37393,0,calendar_2014_test,82.89949532164425,81.0,0.5,0.0,0.0,1.8994953216442525
37394,0,calendar_2014_test,64.77926298659557,89.0,0.5,0.0,0.0,24.22073701340443
37395,0,calendar_2014_test,69.99209723112486,95.0,0.5,0.0,0.0,25.00790276887514
37396,0,calendar_2014_test,82.79815783647734,57.0,0.5,0.0,0.0,25.798157836477344
37397,0,calendar_2014_test,50.92577764033162,62.0,0.5,0.0,0.0,11.074222359668383
37398,0,calendar_2014_test,61.87967613341281,234.0,0.5,0.0,0.0,172.1203238665872
37399,0,calendar_2014_test,193.65255239237337,118.0,0.5,0.0,0.0,75.65255239237337
37400,0,calendar_2014_test,76.73117867251443,108.0,0.5,0.0,0.0,31.26882132748557
37401,0,calendar_2014_test,96.19871932911416,33.0,0.5,0.0,0.0,63.198719329114155
37402,0,calendar_2014_test,31.187806258394975,21.0,0.5,0.0,0.0,10.187806258394975
37403,0,calendar_2014_test,23.960117729234735,14.0,0.5,0.0,0.0,9.960117729234735
37404,0,calendar_2014_test,16.38979974471431,13.0,0.5,0.0,0.0,3.38979974471431
37405,0,calendar_2014_test,13.535981960748819,9.0,0.5,0.0,0.0,4.535981960748819
37406,0,calendar_2014_test,10.77194079724441,10.0,0.5,0.0,0.0,0.7719407972444099
37407,0,calendar_2014_test,10.90072196562389,11.0,0.5,0.0,0.0,0.09927803437611082
37408,0,calendar_2014_test,11.862249204209817,9.0,0.5,0.0,0.0,2.8622492042098173
37409,0,calendar_2014_test,10.632177517131026,15.0,0.5,0.0,0.0,4.367822482868974
37410,0,calendar_2014_test,14.12874432880437,13.0,0.5,0.0,0.0,1.1287443288043697
37411,0,calendar_2014_test,13.591551403032934,12.0,0.5,0.0,0.0,1.591551403032934
37412,0,calendar_2014_test,12.468637017722292,11.0,0.5,0.0,0.0,1.4686370177222923
37413,0,calendar_2014_test,12.349675242474355,18.0,0.5,0.0,0.0,5.650324757525645
37414,0,calendar_2014_test,16.43950656396519,17.0,0.5,0.0,0.0,0.560493436034811
37415,0,calendar_2014_test,15.333418013077543,11.0,0.5,0.0,0.0,4.333418013077543
37416,0,calendar_2014_test,12.649581384722588,12.0,0.5,0.0,0.0,0.6495813847225875
37417,0,calendar_2014_test,12.328873737608912,14.0,0.5,0.0,0.0,1.6711262623910876
37418,0,calendar_2014_test,13.227176347022187,14.0,0.5,0.0,0.0,0.772823652977813
37419,0,calendar_2014_test,13.366939627135567,12.0,0.5,0.0,0.0,1.366939627135567
37420,0,calendar_2014_test,12.468637017722292,16.0,0.5,0.0,0.0,3.5313629822777077
37421,0,calendar_2014_test,14.18155625666108,16.0,0.5,0.0,0.0,1.8184437433389196
37422,0,calendar_2014_test,14.494069609529575,12.0,0.5,0.0,0.0,2.494069609529575
37423,0,calendar_2014_test,12.693248793619656,20.0,0.5,0.0,0.0,7.306751206380344
37424,0,calendar_2014_test,17.51899457913051,23.0,0.5,0.0,0.0,5.48100542086949
37425,0,calendar_2014_test,20.7932787271535,16.0,0.5,0.0,0.0,4.793278727153499
37426,0,calendar_2014_test,15.66836224821551,17.0,0.5,0.0,0.0,1.3316377517844895
37427,0,calendar_2014_test,15.000157491510484,18.0,0.5,0.0,0.0,2.9998425084895164
37428,0,calendar_2014_test,16.463303590405133,20.0,0.5,0.0,0.0,3.5366964095948674
37429,0,calendar_2014_test,18.04131332029952,22.0,0.5,0.0,0.0,3.958686679700481
37430,0,calendar_2014_test,19.777742840208308,22.0,0.5,0.0,0.0,2.222257159791692
37431,0,calendar_2014_test,20.01005088193518,10.0,0.5,0.0,0.0,10.010050881935179
37432,0,calendar_2014_test,12.522360120094158,14.0,0.5,0.0,0.0,1.4776398799058423
37433,0,calendar_2014_test,13.317939655761482,14.0,0.5,0.0,0.0,0.6820603442385185
37434,0,calendar_2014_test,13.854365665400115,18.0,0.5,0.0,0.0,4.145634334599885
37435,0,calendar_2014_test,16.57383783406352,13.0,0.5,0.0,0.0,3.5738378340635215
37436,0,calendar_2014_test,14.146862586346,18.0,0.5,0.0,0.0,3.853137413654
37437,0,calendar_2014_test,16.55372351183279,27.0,0.5,0.0,0.0,10.44627648816721
37438,0,calendar_2014_test,22.65565333817525,38.0,0.5,0.0,0.0,15.344346661824751
37439,0,calendar_2014_test,33.98568335932826,25.0,0.5,0.0,0.0,8.985683359328263
37440,0,calendar_2014_test,23.333086567185802,16.0,0.5,0.0,0.0,7.333086567185802
37441,0,calendar_2014_test,16.251179598156906,16.0,0.5,0.0,0.0,0.2511795981569058
37442,0,calendar_2014_test,15.417285271855652,9.0,0.5,0.0,0.0,6.417285271855652
37443,0,calendar_2014_test,11.190639129413608,8.0,0.5,0.0,0.0,3.190639129413608
37444,0,calendar_2014_test,12.975609607833352,18.0,0.5,0.0,0.0,5.024390392166648
37445,0,calendar_2014_test,19.918485427640782,31.0,0.5,0.0,0.0,11.081514572359218
37446,0,calendar_2014_test,35.74676826664627,38.0,0.5,0.0,0.0,2.2532317333537293
37447,0,calendar_2014_test,41.01048078631426,49.0,0.5,0.0,0.0,7.989519213685739
37448,0,calendar_2014_test,50.265829344279425,52.0,0.5,0.0,0.0,1.7341706557205754
37449,0,calendar_2014_test,52.38594791029067,50.0,0.5,0.0,0.0,2.3859479102906676
37450,0,calendar_2014_test,47.38090583314096,51.0,0.5,0.0,0.0,3.6190941668590426
37451,0,calendar_2014_test,47.65035696793166,69.0,0.5,0.0,0.0,21.349643032068343
37452,0,calendar_2014_test,69.53613870272764,93.0,0.5,0.0,0.0,23.46386129727236
37453,0,calendar_2014_test,93.37502287358053,94.0,0.5,0.0,0.0,0.6249771264194663
37454,0,calendar_2014_test,88.73044678977065,147.0,0.5,0.0,0.0,58.26955321022935
37455,0,calendar_2014_test,133.2554070642869,226.0,0.5,0.0,0.0,92.74459293571309
37456,0,calendar_2014_test,269.5794233641661,179.0,0.5,0.0,0.0,90.57942336416608
37457,0,calendar_2014_test,148.55731654534804,153.0,0.5,0.0,0.0,4.442683454651956
37458,0,calendar_2014_test,130.57577589403752,133.0,0.5,0.0,0.0,2.4242241059624803
37459,0,calendar_2014_test,103.00285130497772,127.0,0.5,0.0,0.0,23.997148695022275
37460,0,calendar_2014_test,114.8511975934215,119.0,0.5,0.0,0.0,4.148802406578497
37461,0,calendar_2014_test,107.07884300077538,111.0,0.5,0.0,0.0,3.921156999224621
37462,0,calendar_2014_test,104.2743016944297,118.0,0.5,0.0,0.0,13.725698305570305
37463,0,calendar_2014_test,111.28995388284193,116.0,0.5,0.0,0.0,4.710046117158072
37464,0,calendar_2014_test,106.65509912556253,131.0,0.5,0.0,0.0,24.34490087443747
37465,0,calendar_2014_test,125.29538435749608,152.0,0.5,0.0,0.0,26.704615642503924
37466,0,calendar_2014_test,141.15626752790118,163.0,0.5,0.0,0.0,21.84373247209882
37467,0,calendar_2014_test,149.50051959115643,171.0,0.5,0.0,0.0,21.499480408843567
37468,0,calendar_2014_test,159.21032291522127,198.0,0.5,0.0,0.0,38.78967708477873
37469,0,calendar_2014_test,184.00458167029933,234.0,0.5,0.0,0.0,49.99541832970067
37470,0,calendar_2014_test,223.3663926032398,260.0,0.5,0.0,0.0,36.6336073967602
37471,0,calendar_2014_test,244.8654894313613,271.0,0.5,0.0,0.0,26.13451056863869
37472,0,calendar_2014_test,250.28143515899524,244.0,0.5,0.0,0.0,6.281435158995237
37473,0,calendar_2014_test,229.9858528650351,242.0,0.5,0.0,0.0,12.014147134964901
37474,0,calendar_2014_test,226.9803839545255,210.0,0.5,0.0,0.0,16.980383954525507
37475,0,calendar_2014_test,192.19907406144515,194.0,0.5,0.0,0.0,1.8009259385548546
37476,0,calendar_2014_test,167.276825419327,163.0,0.5,0.0,0.0,4.276825419326997
37477,0,calendar_2014_test,141.14166440108218,194.0,0.5,0.0,0.0,52.85833559891782
37478,0,calendar_2014_test,165.5091139132777,187.0,0.5,0.0,0.0,21.4908860867223
37479,0,calendar_2014_test,158.3834213603646,216.0,0.5,0.0,0.0,57.61657863963541
37480,0,calendar_2014_test,193.80916520008657,225.0,0.5,0.0,0.0,31.190834799913432
37481,0,calendar_2014_test,200.30703811982016,199.0,0.5,0.0,0.0,1.307038119820163
37482,0,calendar_2014_test,166.42542415638252,207.0,0.5,0.0,0.0,40.57457584361748
37483,0,calendar_2014_test,183.8982400861116,227.0,0.5,0.0,0.0,43.1017599138884
37484,0,calendar_2014_test,193.04369983385942,259.0,0.5,0.0,0.0,65.95630016614058
37485,0,calendar_2014_test,225.10380423541565,182.0,0.5,0.0,0.0,43.10380423541565
37486,0,calendar_2014_test,101.07307513646035,185.0,0.5,0.0,0.0,83.92692486353965
37487,0,calendar_2014_test,152.33805151719454,191.0,0.5,0.0,0.0,38.66194848280546
37488,0,calendar_2014_test,154.4273079831973,194.0,0.5,0.0,0.0,39.572692016802705
37489,0,calendar_2014_test,173.62553624240306,194.0,0.5,0.0,0.0,20.374463757596942
37490,0,calendar_2014_test,176.7925567027753,192.0,0.5,0.0,0.0,15.2074432972247
37491,0,calendar_2014_test,174.97809710437627,208.0,0.5,0.0,0.0,33.021902895623725
37492,0,calendar_2014_test,188.25900537791486,224.0,0.5,0.0,0.0,35.74099462208514
37493,0,calendar_2014_test,204.4222282264565,249.0,0.5,0.0,0.0,44.5777717735435
37494,0,calendar_2014_test,231.03030362504404,317.0,0.5,0.0,0.0,85.96969637495596
37495,0,calendar_2014_test,294.22180362993237,328.0,0.5,0.0,0.0,33.77819637006763
37496,0,calendar_2014_test,306.8855307347602,349.0,0.5,0.0,0.0,42.11446926523979
37497,0,calendar_2014_test,321.97081932188945,327.0,0.5,0.0,0.0,5.029180678110549
37498,0,calendar_2014_test,292.20756465732313,348.0,0.5,0.0,0.0,55.79243534267687
37499,0,calendar_2014_test,308.07804539021737,363.0,0.5,0.0,0.0,54.92195460978263
37500,0,calendar_2014_test,331.632192622294,385.0,0.5,0.0,0.0,53.367807377706015
37501,0,calendar_2014_test,336.64232034601883,393.0,0.5,0.0,0.0,56.357679653981165
37502,0,calendar_2014_test,336.1619438097554,388.0,0.5,0.0,0.0,51.83805619024457
37503,0,calendar_2014_test,322.17625279321095,444.0,0.5,0.0,0.0,121.82374720678905
37504,0,calendar_2014_test,368.70515465924865,334.0,0.5,0.0,0.0,34.70515465924865
37505,0,calendar_2014_test,238.2915041901444,284.0,0.5,0.0,0.0,45.708495809855606
37506,0,calendar_2014_test,192.05546751658864,264.0,0.5,0.0,0.0,71.94453248341136
37507,0,calendar_2014_test,170.30703083005622,221.0,0.5,0.0,0.0,50.69296916994378
37508,0,calendar_2014_test,211.3575219744365,160.0,0.5,0.0,0.0,51.35752197443651
37509,0,calendar_2014_test,115.85720202819202,160.0,0.5,0.0,0.0,44.14279797180798
37510,0,calendar_2014_test,138.7385764442144,92.0,0.5,0.0,0.0,46.7385764442144
37511,0,calendar_2014_test,47.06246852937318,59.0,0.5,0.0,0.0,11.937531470626823
37512,0,calendar_2014_test,53.74757325522707,69.0,0.5,0.0,0.0,15.252426744772933
37513,0,calendar_2014_test,62.492602514935484,48.0,0.5,0.0,0.0,14.492602514935484
37514,0,calendar_2014_test,38.38089274055634,32.0,0.5,0.0,0.0,6.380892740556341
37515,0,calendar_2014_test,27.806693751934706,33.0,0.5,0.0,0.0,5.193306248065294
37516,0,calendar_2014_test,32.337180532228935,45.0,0.5,0.0,0.0,12.662819467771065
37517,0,calendar_2014_test,47.181553913888536,42.0,0.5,0.0,0.0,5.181553913888536
37518,0,calendar_2014_test,38.934903218541706,41.0,0.5,0.0,0.0,2.065096781458294
37519,0,calendar_2014_test,38.864390584122965,110.0,0.5,0.0,0.0,71.13560941587704
37520,0,calendar_2014_test,127.67379820155463,175.0,0.5,0.0,0.0,47.32620179844537
37521,0,calendar_2014_test,168.53999018091213,293.0,0.5,0.0,0.0,124.46000981908787
37522,0,calendar_2014_test,272.0983658707126,324.0,0.5,0.0,0.0,51.9016341292874
37523,0,calendar_2014_test,330.1439537966991,341.0,0.5,0.0,0.0,10.856046203300878
37524,0,calendar_2014_test,348.50529052907063,362.0,0.5,0.0,0.0,13.494709470929365
37525,0,calendar_2014_test,383.4209765485738,372.0,0.5,0.0,0.0,11.420976548573776
37526,0,calendar_2014_test,355.09471288239257,373.0,0.5,0.0,0.0,17.90528711760743
37527,0,calendar_2014_test,322.5242046120026,372.0,0.5,0.0,0.0,49.47579538799738
37528,0,calendar_2014_test,293.45562648644386,318.0,0.5,0.0,0.0,24.54437351355614
37529,0,calendar_2014_test,239.01825502509084,188.0,0.5,0.0,0.0,51.01825502509084
37530,0,calendar_2014_test,133.60685318998748,171.0,0.5,0.0,0.0,37.393146810012524
37531,0,calendar_2014_test,147.10379129529602,136.0,0.5,0.0,0.0,11.10379129529602
37532,0,calendar_2014_test,107.82886680845041,124.0,0.5,0.0,0.0,16.171133191549586
37533,0,calendar_2014_test,105.67390311573693,141.0,0.5,0.0,0.0,35.326096884263066
37534,0,calendar_2014_test,136.90770473243165,132.0,0.5,0.0,0.0,4.907704732431654
37535,0,calendar_2014_test,114.26211591511559,134.0,0.5,0.0,0.0,19.737884084884413
37536,0,calendar_2014_test,115.0001191622799,56.0,0.5,0.0,0.0,59.0001191622799
37537,0,calendar_2014_test,39.61067346423783,48.0,0.5,0.0,0.0,8.389326535762173
37538,0,calendar_2014_test,41.002086569559935,27.0,0.5,0.0,0.0,14.002086569559935
37539,0,calendar_2014_test,24.675668477464555,28.0,0.5,0.0,0.0,3.324331522535445
37540,0,calendar_2014_test,26.07147828938566,20.0,0.5,0.0,0.0,6.071478289385659
37541,0,calendar_2014_test,19.364626786661848,22.0,0.5,0.0,0.0,2.635373213338152
37542,0,calendar_2014_test,24.198107026300423,120.0,0.5,0.0,0.0,95.80189297369958
37543,0,calendar_2014_test,133.24356378892162,109.0,0.5,0.0,0.0,24.24356378892162
37544,0,calendar_2014_test,98.42722955706716,112.0,0.5,0.0,0.0,13.572770442932836
37545,0,calendar_2014_test,115.92317585329718,128.0,0.5,0.0,0.0,12.076824146702819
37546,0,calendar_2014_test,130.03127910233263,164.0,0.5,0.0,0.0,33.96872089766737
37547,0,calendar_2014_test,149.07990904920325,159.0,0.5,0.0,0.0,9.920090950796748
37548,0,calendar_2014_test,152.917334153557,189.0,0.5,0.0,0.0,36.08266584644301
37549,0,calendar_2014_test,167.7270505545703,97.0,0.5,0.0,0.0,70.7270505545703
37550,0,calendar_2014_test,45.807711290824265,81.0,0.5,0.0,0.0,35.192288709175735
37551,0,calendar_2014_test,65.07242149714928,28.0,0.5,0.0,0.0,37.07242149714928
37552,0,calendar_2014_test,27.666127964164513,25.0,0.5,0.0,0.0,2.666127964164513
37553,0,calendar_2014_test,23.11966701940087,9.0,0.5,0.0,0.0,14.119667019400872
37554,0,calendar_2014_test,12.76149374866186,9.0,0.5,0.0,0.0,3.7614937486618594
37555,0,calendar_2014_test,12.224492052320254,13.0,0.5,0.0,0.0,0.7755079476797455
37556,0,calendar_2014_test,15.066958979682049,17.0,0.5,0.0,0.0,1.933041020317951
37557,0,calendar_2014_test,15.001976600173052,16.0,0.5,0.0,0.0,0.9980233998269483
37558,0,calendar_2014_test,15.415736157510207,25.0,0.5,0.0,0.0,9.584263842489793
37559,0,calendar_2014_test,24.71885913982162,48.0,0.5,0.0,0.0,23.28114086017838
37560,0,calendar_2014_test,45.83238372945029,49.0,0.5,0.0,0.0,3.1676162705497077
37561,0,calendar_2014_test,44.47879339486093,73.0,0.5,0.0,0.0,28.52120660513907
37562,0,calendar_2014_test,68.58644235090573,65.0,0.5,0.0,0.0,3.5864423509057275
37563,0,calendar_2014_test,60.95526766926588,55.0,0.5,0.0,0.0,5.955267669265879
37564,0,calendar_2014_test,51.57166295242462,60.0,0.5,0.0,0.0,8.428337047575383
37565,0,calendar_2014_test,59.18978625133741,63.0,0.5,0.0,0.0,3.8102137486625907
37566,0,calendar_2014_test,64.87763567663454,79.0,0.5,0.0,0.0,14.12236432336546
37567,0,calendar_2014_test,72.88677985327773,35.0,0.5,0.0,0.0,37.88677985327773
37568,0,calendar_2014_test,33.5626373395816,26.0,0.5,0.0,0.0,7.562637339581599
37569,0,calendar_2014_test,24.34784823928778,20.0,0.5,0.0,0.0,4.3478482392877815
37570,0,calendar_2014_test,19.407158055203553,8.0,0.5,0.0,0.0,11.407158055203553
37571,0,calendar_2014_test,11.68047820968417,16.0,0.5,0.0,0.0,4.3195217903158305
37572,0,calendar_2014_test,14.1825716444751,10.0,0.5,0.0,0.0,4.1825716444751
37573,0,calendar_2014_test,11.26509702163463,11.0,0.5,0.0,0.0,0.2650970216346291
37574,0,calendar_2014_test,11.862249204209817,20.0,0.5,0.0,0.0,8.137750795790183
37575,0,calendar_2014_test,17.270260477783797,9.0,0.5,0.0,0.0,8.270260477783797
37576,0,calendar_2014_test,11.824952667736039,8.0,0.5,0.0,0.0,3.8249526677360386
37577,0,calendar_2014_test,10.12932450093307,9.0,0.5,0.0,0.0,1.1293245009330697
37578,0,calendar_2014_test,10.632177517131026,8.0,0.5,0.0,0.0,2.6321775171310264
37579,0,calendar_2014_test,10.120581427252915,8.0,0.5,0.0,0.0,2.1205814272529153
37580,0,calendar_2014_test,10.120581427252915,8.0,0.5,0.0,0.0,2.1205814272529153
37581,0,calendar_2014_test,10.120581427252915,8.0,0.5,0.0,0.0,2.1205814272529153
37582,0,calendar_2014_test,10.120581427252915,7.0,0.5,0.0,0.0,3.1205814272529153
37583,0,calendar_2014_test,9.394616804608152,12.0,0.5,0.0,0.0,2.6053831953918483
37584,0,calendar_2014_test,12.32792351289445,17.0,0.5,0.0,0.0,4.672076487105549
37585,0,calendar_2014_test,14.379557765027714,11.0,0.5,0.0,0.0,3.379557765027714
37586,0,calendar_2014_test,12.576294091079435,9.0,0.5,0.0,0.0,3.5762940910794345
37587,0,calendar_2014_test,10.632177517131026,11.0,0.5,0.0,0.0,0.36782248286897357
37588,0,calendar_2014_test,11.862249204209817,8.0,0.5,0.0,0.0,3.8622492042098173
37589,0,calendar_2014_test,10.120581427252915,9.0,0.5,0.0,0.0,1.1205814272529153
37590,0,calendar_2014_test,10.632177517131026,10.0,0.5,0.0,0.0,0.6321775171310264
37591,0,calendar_2014_test,10.90072196562389,8.0,0.5,0.0,0.0,2.900721965623889
37592,0,calendar_2014_test,10.120581427252915,10.0,0.5,0.0,0.0,0.12058142725291532
37593,0,calendar_2014_test,10.90072196562389,10.0,0.5,0.0,0.0,0.9007219656238892
37594,0,calendar_2014_test,10.90072196562389,8.0,0.5,0.0,0.0,2.900721965623889
37595,0,calendar_2014_test,10.120581427252915,12.0,0.5,0.0,0.0,1.8794185727470847
