index,fold,regime,prediction,actual,confidence,aleatoric,epistemic,abs_error
29646,0,calendar_2014_test,21.92835807800293,24.0,0.9026039838790894,0.0,3.5964999198913574,2.0716419219970703
29647,0,calendar_2014_test,21.76938247680664,53.0,0.9258344173431396,0.0,2.738680362701416,31.23061752319336
29648,0,calendar_2014_test,47.70066833496094,65.0,0.9317554831504822,0.0,2.520035743713379,17.299331665039062
29649,0,calendar_2014_test,61.19954299926758,70.0,0.8712323307991028,0.0,4.754948139190674,8.800457000732422
29650,0,calendar_2014_test,69.88216400146484,79.0,0.8706305623054504,0.0,4.777169704437256,9.117835998535156
29651,0,calendar_2014_test,78.33273315429688,92.0,0.8601421117782593,0.0,5.164473533630371,13.667266845703125
29652,0,calendar_2014_test,88.65657806396484,106.0,0.8832948803901672,0.0,4.309519290924072,17.343421936035156
29653,0,calendar_2014_test,100.2474365234375,75.0,0.8251107335090637,0.0,6.458060264587402,25.2474365234375
29654,0,calendar_2014_test,62.64954376220703,58.0,0.8979515433311462,0.0,3.7683000564575195,4.649543762207031
29655,0,calendar_2014_test,51.527976989746094,33.0,0.8958501219749451,0.0,3.845897674560547,18.527976989746094
29656,0,calendar_2014_test,28.62600326538086,51.0,0.9134784936904907,0.0,3.1949427127838135,22.37399673461914
29657,0,calendar_2014_test,46.607704162597656,32.0,0.9242271780967712,0.0,2.798029899597168,14.607704162597656
29658,0,calendar_2014_test,28.07720947265625,23.0,0.914331316947937,0.0,3.1634514331817627,5.07720947265625
29659,0,calendar_2014_test,21.5228271484375,28.0,0.9159176349639893,0.0,3.1048738956451416,6.4771728515625
29660,0,calendar_2014_test,26.071861267089844,23.0,0.9184733033180237,0.0,3.0105018615722656,3.0718612670898438
29661,0,calendar_2014_test,22.924535751342773,24.0,0.929879903793335,0.0,2.589294672012329,1.0754642486572266
29662,0,calendar_2014_test,22.454120635986328,26.0,0.9274279475212097,0.0,2.679837226867676,3.545879364013672
29663,0,calendar_2014_test,26.087034225463867,26.0,0.9182877540588379,0.0,3.0173535346984863,0.08703422546386719
29664,0,calendar_2014_test,24.801149368286133,27.0,0.9231054782867432,0.0,2.839451789855957,2.198850631713867
29665,0,calendar_2014_test,31.62552833557129,43.0,0.9051793217658997,0.0,3.5014023780822754,11.374471664428711
29666,0,calendar_2014_test,52.405155181884766,62.0,0.915927529335022,0.0,3.1045069694519043,9.594844818115234
29667,0,calendar_2014_test,69.51222229003906,70.0,0.8376642465591431,0.0,5.994502544403076,0.4877777099609375
29668,0,calendar_2014_test,80.21114349365234,81.0,0.8661723136901855,0.0,4.941797733306885,0.7888565063476562
29669,0,calendar_2014_test,86.16651916503906,111.0,0.854730486869812,0.0,5.3643059730529785,24.833480834960938
29670,0,calendar_2014_test,114.15621948242188,144.0,0.8320236206054688,0.0,6.202792167663574,29.843780517578125
29671,0,calendar_2014_test,154.69300842285156,170.0,0.7824892997741699,0.0,8.0319242477417,15.306991577148438
29672,0,calendar_2014_test,179.50460815429688,174.0,0.728039026260376,0.0,10.042586326599121,5.504608154296875
29673,0,calendar_2014_test,177.29397583007812,174.0,0.7221764326095581,0.0,10.259071350097656,3.293975830078125
29674,0,calendar_2014_test,170.8207550048828,172.0,0.7627410888671875,0.0,8.761157035827637,1.1792449951171875
29675,0,calendar_2014_test,175.48452758789062,149.0,0.7336546182632446,0.0,9.835222244262695,26.484527587890625
29676,0,calendar_2014_test,145.54867553710938,166.0,0.7644709944725037,0.0,8.697278022766113,20.451324462890625
29677,0,calendar_2014_test,164.55685424804688,187.0,0.7860817909240723,0.0,7.899265289306641,22.443145751953125
29678,0,calendar_2014_test,186.52352905273438,107.0,0.747377872467041,0.0,9.328468322753906,79.52352905273438
29679,0,calendar_2014_test,89.5938949584961,114.0,0.8333773612976074,0.0,6.152802467346191,24.406105041503906
29680,0,calendar_2014_test,112.9061508178711,108.0,0.8203607797622681,0.0,6.633459568023682,4.906150817871094
29681,0,calendar_2014_test,104.08251953125,102.0,0.8558083772659302,0.0,5.324503421783447,2.08251953125
29682,0,calendar_2014_test,103.72461700439453,95.0,0.851135790348053,0.0,5.497045040130615,8.724617004394531
29683,0,calendar_2014_test,94.23040008544922,127.0,0.8168566823005676,0.0,6.762855052947998,32.76959991455078
29684,0,calendar_2014_test,132.71351623535156,125.0,0.7529299855232239,0.0,9.123448371887207,7.7135162353515625
29685,0,calendar_2014_test,124.57491302490234,128.0,0.7991510629653931,0.0,7.416663646697998,3.4250869750976562
29686,0,calendar_2014_test,131.9801483154297,146.0,0.8207225799560547,0.0,6.620100498199463,14.019851684570312
29687,0,calendar_2014_test,156.1389923095703,165.0,0.8231693506240845,0.0,6.529748916625977,8.861007690429688
29688,0,calendar_2014_test,172.4713592529297,173.0,0.7659528255462646,0.0,8.642559051513672,0.5286407470703125
29689,0,calendar_2014_test,177.8435821533203,195.0,0.7509491443634033,0.0,9.196595191955566,17.156417846679688
29690,0,calendar_2014_test,204.24002075195312,239.0,0.6592210531234741,0.0,12.583799362182617,34.759979248046875
29691,0,calendar_2014_test,252.61395263671875,232.0,0.5910444259643555,0.0,15.101325988769531,20.61395263671875
29692,0,calendar_2014_test,233.60006713867188,242.0,0.6061440110206604,0.0,14.543750762939453,8.399932861328125
29693,0,calendar_2014_test,251.07557678222656,269.0,0.6584280729293823,0.0,12.613079071044922,17.924423217773438
29694,0,calendar_2014_test,257.69610595703125,264.0,0.5864425301551819,0.0,15.271259307861328,6.30389404296875
29695,0,calendar_2014_test,266.240478515625,220.0,0.7117365598678589,0.0,10.64457893371582,46.240478515625
29696,0,calendar_2014_test,204.73577880859375,146.0,0.7234984636306763,0.0,10.210254669189453,58.73577880859375
29697,0,calendar_2014_test,128.0415496826172,34.0,0.8094325065612793,0.0,7.037003517150879,94.04154968261719
29698,0,calendar_2014_test,25.35052490234375,34.0,0.884735107421875,0.0,4.256337642669678,8.64947509765625
29699,0,calendar_2014_test,31.806974411010742,35.0,0.9159289598464966,0.0,3.1044564247131348,3.193025588989258
29700,0,calendar_2014_test,26.262615203857422,45.0,0.9270743727684021,0.0,2.692892551422119,18.737384796142578
29701,0,calendar_2014_test,46.07468032836914,43.0,0.9061270356178284,0.0,3.4664058685302734,3.0746803283691406
29702,0,calendar_2014_test,40.54808807373047,43.0,0.8941448926925659,0.0,3.908867359161377,2.4519119262695312
29703,0,calendar_2014_test,40.73813247680664,36.0,0.9080071449279785,0.0,3.3969814777374268,4.738132476806641
29704,0,calendar_2014_test,29.945201873779297,36.0,0.9059163331985474,0.0,3.474187135696411,6.054798126220703
29705,0,calendar_2014_test,33.886539459228516,23.0,0.9113340973854065,0.0,3.274127721786499,10.886539459228516
29706,0,calendar_2014_test,22.85964012145996,25.0,0.8962964415550232,0.0,3.829416275024414,2.140359878540039
29707,0,calendar_2014_test,22.846052169799805,29.0,0.9158933162689209,0.0,3.1057724952697754,6.153947830200195
29708,0,calendar_2014_test,26.873342514038086,26.0,0.9103585481643677,0.0,3.310152530670166,0.8733425140380859
29709,0,calendar_2014_test,27.72905731201172,21.0,0.9253959059715271,0.0,2.754873275756836,6.729057312011719
29710,0,calendar_2014_test,26.769350051879883,25.0,0.9030224680900574,0.0,3.581047534942627,1.7693500518798828
29711,0,calendar_2014_test,29.631542205810547,31.0,0.9209882616996765,0.0,2.917632818222046,1.3684577941894531
29712,0,calendar_2014_test,34.55894088745117,43.0,0.8930888772010803,0.0,3.947861909866333,8.441059112548828
29713,0,calendar_2014_test,48.06694412231445,46.0,0.8894780278205872,0.0,4.081197261810303,2.066944122314453
29714,0,calendar_2014_test,52.633140563964844,50.0,0.9061077833175659,0.0,3.4671175479888916,2.6331405639648438
29715,0,calendar_2014_test,58.46906280517578,68.0,0.881670355796814,0.0,4.369507789611816,9.530937194824219
29716,0,calendar_2014_test,79.62217712402344,60.0,0.8692067861557007,0.0,4.8297438621521,19.622177124023438
29717,0,calendar_2014_test,65.05366516113281,103.0,0.8854542970657349,0.0,4.229781150817871,37.94633483886719
29718,0,calendar_2014_test,109.31752014160156,85.0,0.8192358016967773,0.0,6.675001621246338,24.317520141601562
29719,0,calendar_2014_test,85.03050994873047,86.0,0.8752995133399963,0.0,4.604761123657227,0.9694900512695312
29720,0,calendar_2014_test,89.97581481933594,89.0,0.8743059635162354,0.0,4.641450881958008,0.9758148193359375
29721,0,calendar_2014_test,96.43732452392578,77.0,0.8616219758987427,0.0,5.109825134277344,19.43732452392578
29722,0,calendar_2014_test,78.25559997558594,77.0,0.870019793510437,0.0,4.799724102020264,1.2555999755859375
29723,0,calendar_2014_test,82.64207458496094,75.0,0.8956013321876526,0.0,3.855084180831909,7.6420745849609375
29724,0,calendar_2014_test,81.43214416503906,80.0,0.8685992956161499,0.0,4.85217809677124,1.4321441650390625
29725,0,calendar_2014_test,88.48979949951172,86.0,0.867244303226471,0.0,4.902212619781494,2.4897994995117188
29726,0,calendar_2014_test,94.74271392822266,95.0,0.8597891330718994,0.0,5.177505970001221,0.25728607177734375
29727,0,calendar_2014_test,102.07160186767578,101.0,0.8614119291305542,0.0,5.117581367492676,1.0716018676757812
29728,0,calendar_2014_test,108.8011474609375,132.0,0.8154051303863525,0.0,6.8164544105529785,23.1988525390625
29729,0,calendar_2014_test,140.40126037597656,153.0,0.7917776703834534,0.0,7.688936710357666,12.598739624023438
29730,0,calendar_2014_test,157.97454833984375,173.0,0.6717697381973267,0.0,12.120416641235352,15.02545166015625
29731,0,calendar_2014_test,179.96644592285156,178.0,0.7780516743659973,0.0,8.195791244506836,1.9664459228515625
29732,0,calendar_2014_test,184.9916229248047,176.0,0.7606505155563354,0.0,8.838356971740723,8.991622924804688
29733,0,calendar_2014_test,180.33543395996094,209.0,0.7165490388870239,0.0,10.466873168945312,28.664566040039062
29734,0,calendar_2014_test,216.32257080078125,219.0,0.7784802913665771,0.0,8.179963111877441,2.67742919921875
29735,0,calendar_2014_test,218.56195068359375,224.0,0.6633345484733582,0.0,12.431900978088379,5.43804931640625
29736,0,calendar_2014_test,218.18238830566406,212.0,0.7162294387817383,0.0,10.478672981262207,6.1823883056640625
29737,0,calendar_2014_test,204.97732543945312,221.0,0.5699924230575562,0.0,15.878705024719238,16.022674560546875
29738,0,calendar_2014_test,216.7089385986328,221.0,0.6656999588012695,0.0,12.344554901123047,4.2910614013671875
29739,0,calendar_2014_test,225.7886505126953,217.0,0.6835222244262695,0.0,11.686437606811523,8.788650512695312
29740,0,calendar_2014_test,222.13584899902344,203.0,0.6540005207061768,0.0,12.776573181152344,19.135848999023438
29741,0,calendar_2014_test,198.80003356933594,221.0,0.738701581954956,0.0,9.648853302001953,22.199966430664062
29742,0,calendar_2014_test,229.02005004882812,192.0,0.6557976007461548,0.0,12.710214614868164,37.020050048828125
29743,0,calendar_2014_test,169.27157592773438,183.0,0.751468300819397,0.0,9.177424430847168,13.728424072265625
29744,0,calendar_2014_test,179.79701232910156,175.0,0.7857139110565186,0.0,7.912850379943848,4.7970123291015625
29745,0,calendar_2014_test,166.77589416503906,177.0,0.7595661878585815,0.0,8.878395080566406,10.224105834960938
29746,0,calendar_2014_test,167.4371795654297,183.0,0.7765518426895142,0.0,8.251174926757812,15.562820434570312
29747,0,calendar_2014_test,180.0574493408203,155.0,0.7680262923240662,0.0,8.565993309020996,25.057449340820312
29748,0,calendar_2014_test,139.44932556152344,151.0,0.7743138670921326,0.0,8.333815574645996,11.550674438476562
29749,0,calendar_2014_test,141.64547729492188,137.0,0.7928022742271423,0.0,7.651101112365723,4.645477294921875
29750,0,calendar_2014_test,127.50569915771484,109.0,0.8233526349067688,0.0,6.522982120513916,18.505699157714844
29751,0,calendar_2014_test,95.90457916259766,140.0,0.8853623270988464,0.0,4.233175754547119,44.095420837402344
29752,0,calendar_2014_test,141.52447509765625,117.0,0.7633124589920044,0.0,8.740059852600098,24.52447509765625
29753,0,calendar_2014_test,96.82312774658203,128.0,0.8222512006759644,0.0,6.56365442276001,31.17687225341797
29754,0,calendar_2014_test,121.63832092285156,54.0,0.7937424182891846,0.0,7.616384506225586,67.63832092285156
29755,0,calendar_2014_test,42.34807586669922,34.0,0.908191442489624,0.0,3.3901758193969727,8.348075866699219
29756,0,calendar_2014_test,32.597774505615234,32.0,0.9219185709953308,0.0,2.883279800415039,0.5977745056152344
29757,0,calendar_2014_test,31.694923400878906,28.0,0.8967280387878418,0.0,3.8134799003601074,3.6949234008789062
29758,0,calendar_2014_test,30.50605010986328,29.0,0.9107716083526611,0.0,3.2948997020721436,1.5060501098632812
29759,0,calendar_2014_test,32.133934020996094,37.0,0.9270567893981934,0.0,2.6935415267944336,4.866065979003906
29760,0,calendar_2014_test,41.65917205810547,46.0,0.9106041789054871,0.0,3.301081657409668,4.340827941894531
29761,0,calendar_2014_test,55.17369079589844,54.0,0.8919320106506348,0.0,3.9905810356140137,1.1736907958984375
29762,0,calendar_2014_test,63.12118148803711,53.0,0.8673807382583618,0.0,4.897174835205078,10.12118148803711
29763,0,calendar_2014_test,60.97050094604492,47.0,0.8873834013938904,0.0,4.158544540405273,13.970500946044922
29764,0,calendar_2014_test,55.45048522949219,112.0,0.9238173961639404,0.0,2.8131632804870605,56.54951477050781
29765,0,calendar_2014_test,125.55390167236328,125.0,0.8578035831451416,0.0,5.250825881958008,0.5539016723632812
29766,0,calendar_2014_test,135.41908264160156,128.0,0.8320571780204773,0.0,6.201552391052246,7.4190826416015625
29767,0,calendar_2014_test,135.5074920654297,126.0,0.7657355070114136,0.0,8.650583267211914,9.507492065429688
29768,0,calendar_2014_test,133.38116455078125,153.0,0.7412550449371338,0.0,9.55456256866455,19.61883544921875
29769,0,calendar_2014_test,162.96475219726562,157.0,0.7848523259162903,0.0,7.944665908813477,5.964752197265625
29770,0,calendar_2014_test,162.57443237304688,144.0,0.7626417875289917,0.0,8.764824867248535,18.574432373046875
29771,0,calendar_2014_test,145.91238403320312,138.0,0.7966951131820679,0.0,7.507351875305176,7.912384033203125
29772,0,calendar_2014_test,140.80331420898438,128.0,0.7924587726593018,0.0,7.663785457611084,12.803314208984375
29773,0,calendar_2014_test,129.5307159423828,126.0,0.8138840794563293,0.0,6.872623443603516,3.5307159423828125
29774,0,calendar_2014_test,126.92847442626953,126.0,0.8091248273849487,0.0,7.048365592956543,0.9284744262695312
29775,0,calendar_2014_test,127.49537658691406,159.0,0.8043368458747864,0.0,7.225170135498047,31.504623413085938
29776,0,calendar_2014_test,164.46890258789062,149.0,0.783647894859314,0.0,7.989142417907715,15.468902587890625
29777,0,calendar_2014_test,143.69671630859375,123.0,0.8220142126083374,0.0,6.572403430938721,20.69671630859375
29778,0,calendar_2014_test,118.33303833007812,150.0,0.8084434866905212,0.0,7.073525905609131,31.666961669921875
29779,0,calendar_2014_test,155.65972900390625,146.0,0.7844659090042114,0.0,7.958934783935547,9.65972900390625
29780,0,calendar_2014_test,146.39785766601562,145.0,0.7628427743911743,0.0,8.757404327392578,1.397857666015625
29781,0,calendar_2014_test,146.7220916748047,160.0,0.8293498754501343,0.0,6.301523208618164,13.277908325195312
29782,0,calendar_2014_test,167.3109893798828,148.0,0.7369096279144287,0.0,9.71502685546875,19.310989379882812
29783,0,calendar_2014_test,147.39016723632812,156.0,0.7794700860977173,0.0,8.143412590026855,8.609832763671875
29784,0,calendar_2014_test,154.85159301757812,158.0,0.7246676683425903,0.0,10.167078018188477,3.148406982421875
29785,0,calendar_2014_test,168.8582305908203,167.0,0.7478355169296265,0.0,9.311569213867188,1.8582305908203125
29786,0,calendar_2014_test,182.6250457763672,171.0,0.7313081622123718,0.0,9.921868324279785,11.625045776367188
29787,0,calendar_2014_test,176.9155731201172,177.0,0.7751772403717041,0.0,8.301933288574219,0.0844268798828125
29788,0,calendar_2014_test,187.17050170898438,185.0,0.715979814529419,0.0,10.487890243530273,2.170501708984375
29789,0,calendar_2014_test,195.36233520507812,201.0,0.7387363910675049,0.0,9.647568702697754,5.637664794921875
29790,0,calendar_2014_test,213.77838134765625,217.0,0.6261886358261108,0.0,13.803572654724121,3.22161865234375
29791,0,calendar_2014_test,231.260498046875,208.0,0.6783149242401123,0.0,11.878726959228516,23.260498046875
29792,0,calendar_2014_test,209.04119873046875,204.0,0.704073429107666,0.0,10.927555084228516,5.04119873046875
29793,0,calendar_2014_test,204.67303466796875,213.0,0.737798810005188,0.0,9.682191848754883,8.32696533203125
29794,0,calendar_2014_test,211.6421356201172,256.0,0.6831684112548828,0.0,11.699502944946289,44.35786437988281
29795,0,calendar_2014_test,256.8058166503906,211.0,0.649619460105896,0.0,12.938350677490234,45.805816650390625
29796,0,calendar_2014_test,181.23831176757812,203.0,0.7143104076385498,0.0,10.549538612365723,21.761688232421875
29797,0,calendar_2014_test,194.08653259277344,212.0,0.7174450159072876,0.0,10.433785438537598,17.913467407226562
29798,0,calendar_2014_test,211.31964111328125,205.0,0.739403247833252,0.0,9.622942924499512,6.31964111328125
29799,0,calendar_2014_test,190.79782104492188,196.0,0.7423487901687622,0.0,9.514176368713379,5.202178955078125
29800,0,calendar_2014_test,182.64450073242188,182.0,0.7442613840103149,0.0,9.443549156188965,0.644500732421875
29801,0,calendar_2014_test,157.82139587402344,124.0,0.7351048588752747,0.0,9.781668663024902,33.82139587402344
29802,0,calendar_2014_test,103.04830932617188,102.0,0.8442221283912659,0.0,5.75234317779541,1.048309326171875
29803,0,calendar_2014_test,93.69229888916016,77.0,0.8357565402984619,0.0,6.064947605133057,16.692298889160156
29804,0,calendar_2014_test,66.50919342041016,48.0,0.8712582588195801,0.0,4.753991603851318,18.509193420410156
29805,0,calendar_2014_test,45.69723129272461,38.0,0.9164519309997559,0.0,3.08514404296875,7.697231292724609
29806,0,calendar_2014_test,35.26378631591797,31.0,0.8905674815177917,0.0,4.040968418121338,4.263786315917969
29807,0,calendar_2014_test,32.547080993652344,27.0,0.9052775502204895,0.0,3.497774600982666,5.547080993652344
29808,0,calendar_2014_test,25.556293487548828,33.0,0.9247392416000366,0.0,2.779122829437256,7.443706512451172
29809,0,calendar_2014_test,31.154502868652344,35.0,0.9231391549110413,0.0,2.8382065296173096,3.8454971313476562
29810,0,calendar_2014_test,29.076387405395508,29.0,0.894845187664032,0.0,3.8830068111419678,0.07638740539550781
29811,0,calendar_2014_test,26.65946388244629,24.0,0.9134411215782166,0.0,3.196322441101074,2.659463882446289
29812,0,calendar_2014_test,19.346111297607422,26.0,0.9248042702674866,0.0,2.7767210006713867,6.653888702392578
29813,0,calendar_2014_test,24.797536849975586,11.0,0.9245424270629883,0.0,2.7863903045654297,13.797536849975586
29814,0,calendar_2014_test,13.650412559509277,14.0,0.9248247146606445,0.0,2.7759644985198975,0.34958744049072266
29815,0,calendar_2014_test,14.777486801147461,12.0,0.9296414256095886,0.0,2.5981011390686035,2.777486801147461
29816,0,calendar_2014_test,13.45444107055664,9.0,0.9202463030815125,0.0,2.945030689239502,4.454441070556641
29817,0,calendar_2014_test,11.39140510559082,11.0,0.9471963047981262,0.0,1.9498591423034668,0.3914051055908203
29818,0,calendar_2014_test,12.830333709716797,15.0,0.9450023770332336,0.0,2.0308732986450195,2.169666290283203
29819,0,calendar_2014_test,16.06669044494629,13.0,0.9220725893974304,0.0,2.877592086791992,3.066690444946289
29820,0,calendar_2014_test,15.565460205078125,15.0,0.9316438436508179,0.0,2.524158000946045,0.565460205078125
29821,0,calendar_2014_test,16.3555908203125,17.0,0.927519679069519,0.0,2.6764488220214844,0.6444091796875
29822,0,calendar_2014_test,16.536386489868164,19.0,0.9189478754997253,0.0,2.9929776191711426,2.463613510131836
29823,0,calendar_2014_test,19.231990814208984,18.0,0.9288808107376099,0.0,2.626188278198242,1.2319908142089844
29824,0,calendar_2014_test,18.45656967163086,21.0,0.925399899482727,0.0,2.7547266483306885,2.5434303283691406
29825,0,calendar_2014_test,20.16641616821289,17.0,0.937600314617157,0.0,2.304206371307373,3.1664161682128906
29826,0,calendar_2014_test,15.175200462341309,22.0,0.9414982199668884,0.0,2.1602697372436523,6.824799537658691
29827,0,calendar_2014_test,20.304677963256836,23.0,0.9338606595993042,0.0,2.442298412322998,2.695322036743164
29828,0,calendar_2014_test,20.95029067993164,16.0,0.9149699211120605,0.0,3.1398699283599854,4.950290679931641
29829,0,calendar_2014_test,16.785587310791016,22.0,0.9276536107063293,0.0,2.6715033054351807,5.214412689208984
29830,0,calendar_2014_test,20.108346939086914,18.0,0.9220831394195557,0.0,2.8772034645080566,2.108346939086914
29831,0,calendar_2014_test,18.497243881225586,17.0,0.9521416425704956,0.0,1.7672454118728638,1.497243881225586
29832,0,calendar_2014_test,17.249433517456055,21.0,0.9349371790885925,0.0,2.402547597885132,3.7505664825439453
29833,0,calendar_2014_test,20.591787338256836,23.0,0.9356368780136108,0.0,2.3767101764678955,2.408212661743164
29834,0,calendar_2014_test,21.826839447021484,22.0,0.9216780662536621,0.0,2.892160177230835,0.17316055297851562
29835,0,calendar_2014_test,21.766632080078125,21.0,0.9312937259674072,0.0,2.5370864868164062,0.766632080078125
29836,0,calendar_2014_test,21.975149154663086,23.0,0.9089425802230835,0.0,3.3624379634857178,1.024850845336914
29837,0,calendar_2014_test,27.204896926879883,53.0,0.9047681093215942,0.0,3.5165860652923584,25.795103073120117
29838,0,calendar_2014_test,60.833290100097656,66.0,0.907856822013855,0.0,3.4025306701660156,5.166709899902344
29839,0,calendar_2014_test,69.78646087646484,52.0,0.9052285552024841,0.0,3.4995853900909424,17.786460876464844
29840,0,calendar_2014_test,50.06394958496094,30.0,0.9148931503295898,0.0,3.1427042484283447,20.063949584960938
29841,0,calendar_2014_test,30.68941307067871,10.0,0.9009414911270142,0.0,3.657891035079956,20.68941307067871
29842,0,calendar_2014_test,15.067303657531738,10.0,0.9468622207641602,0.0,1.9621968269348145,5.067303657531738
29843,0,calendar_2014_test,9.406198501586914,13.0,0.9407753944396973,0.0,2.1869614124298096,3.593801498413086
29844,0,calendar_2014_test,13.28498649597168,11.0,0.9281535744667053,0.0,2.6530423164367676,2.2849864959716797
29845,0,calendar_2014_test,12.227084159851074,14.0,0.9308782815933228,0.0,2.5524284839630127,1.7729158401489258
29846,0,calendar_2014_test,14.3439302444458,20.0,0.930260419845581,0.0,2.575244188308716,5.656069755554199
29847,0,calendar_2014_test,17.671403884887695,22.0,0.9411876797676086,0.0,2.1717376708984375,4.328596115112305
29848,0,calendar_2014_test,18.54975128173828,23.0,0.9261800050735474,0.0,2.725918769836426,4.450248718261719
29849,0,calendar_2014_test,18.73465347290039,20.0,0.9269508719444275,0.0,2.697453260421753,1.2653465270996094
29850,0,calendar_2014_test,18.049497604370117,17.0,0.9311113357543945,0.0,2.5438218116760254,1.0494976043701172
29851,0,calendar_2014_test,15.666516304016113,14.0,0.9136336445808411,0.0,3.189213514328003,1.6665163040161133
29852,0,calendar_2014_test,15.511159896850586,10.0,0.9208310842514038,0.0,2.9234366416931152,5.511159896850586
29853,0,calendar_2014_test,12.174819946289062,10.0,0.9402786493301392,0.0,2.205305576324463,2.1748199462890625
29854,0,calendar_2014_test,12.710831642150879,27.0,0.914701521396637,0.0,3.149780035018921,14.289168357849121
29855,0,calendar_2014_test,27.556549072265625,44.0,0.9131573438644409,0.0,3.2068023681640625,16.443450927734375
29856,0,calendar_2014_test,48.95702362060547,53.0,0.9106787443161011,0.0,3.2983272075653076,4.042976379394531
29857,0,calendar_2014_test,57.77963638305664,59.0,0.8718529939651489,0.0,4.732030391693115,1.2203636169433594
29858,0,calendar_2014_test,65.08699035644531,56.0,0.8621770143508911,0.0,5.089330673217773,9.086990356445312
29859,0,calendar_2014_test,59.398136138916016,58.0,0.903898298740387,0.0,3.5487070083618164,1.3981361389160156
29860,0,calendar_2014_test,61.93130874633789,66.0,0.8765667080879211,0.0,4.557969093322754,4.068691253662109
29861,0,calendar_2014_test,71.98870086669922,73.0,0.8766295909881592,0.0,4.555647373199463,1.0112991333007812
29862,0,calendar_2014_test,80.29631042480469,83.0,0.8768951892852783,0.0,4.54583740234375,2.7036895751953125
29863,0,calendar_2014_test,88.53724670410156,81.0,0.8422951102256775,0.0,5.823501110076904,7.5372467041015625
29864,0,calendar_2014_test,79.86591339111328,91.0,0.8563464879989624,0.0,5.304632663726807,11.134086608886719
29865,0,calendar_2014_test,91.0752944946289,104.0,0.8504409790039062,0.0,5.522702693939209,12.924705505371094
29866,0,calendar_2014_test,104.87049865722656,88.0,0.8341900706291199,0.0,6.1227922439575195,16.870498657226562
29867,0,calendar_2014_test,79.50407409667969,85.0,0.8436528444290161,0.0,5.773365497589111,5.4959259033203125
29868,0,calendar_2014_test,83.6657943725586,66.0,0.8637343049049377,0.0,5.031825542449951,17.665794372558594
29869,0,calendar_2014_test,58.38827896118164,47.0,0.8995859026908875,0.0,3.7079484462738037,11.38827896118164
29870,0,calendar_2014_test,45.93095779418945,70.0,0.936798095703125,0.0,2.3338286876678467,24.069042205810547
29871,0,calendar_2014_test,73.81320190429688,61.0,0.8598101735115051,0.0,5.176729202270508,12.813201904296875
29872,0,calendar_2014_test,58.57252502441406,47.0,0.8637323975563049,0.0,5.031894683837891,11.572525024414062
29873,0,calendar_2014_test,45.6935920715332,61.0,0.9126166105270386,0.0,3.226769208908081,15.306407928466797
29874,0,calendar_2014_test,62.39258575439453,69.0,0.900702953338623,0.0,3.6666996479034424,6.607414245605469
29875,0,calendar_2014_test,66.15953826904297,66.0,0.8739516735076904,0.0,4.654532432556152,0.15953826904296875
29876,0,calendar_2014_test,61.76163864135742,63.0,0.8847824335098267,0.0,4.254588603973389,1.2383613586425781
29877,0,calendar_2014_test,61.74661636352539,43.0,0.8853631019592285,0.0,4.233146667480469,18.74661636352539
29878,0,calendar_2014_test,38.459171295166016,48.0,0.9179960489273071,0.0,3.0281243324279785,9.540828704833984
29879,0,calendar_2014_test,50.49464416503906,67.0,0.8969895839691162,0.0,3.803820848464966,16.505355834960938
29880,0,calendar_2014_test,71.30160522460938,87.0,0.9016614556312561,0.0,3.6313061714172363,15.698394775390625
29881,0,calendar_2014_test,92.31853485107422,127.0,0.8644821643829346,0.0,5.004209041595459,34.68146514892578
29882,0,calendar_2014_test,134.99632263183594,126.0,0.8282843828201294,0.0,6.340869903564453,8.996322631835938
29883,0,calendar_2014_test,117.16764068603516,126.0,0.8084022402763367,0.0,7.075048446655273,8.832359313964844
29884,0,calendar_2014_test,130.9351348876953,106.0,0.8199141025543213,0.0,6.649954795837402,24.935134887695312
29885,0,calendar_2014_test,104.21456146240234,104.0,0.8357175588607788,0.0,6.06638765335083,0.21456146240234375
29886,0,calendar_2014_test,106.85456848144531,118.0,0.8048946261405945,0.0,7.204571723937988,11.145431518554688
29887,0,calendar_2014_test,121.35746765136719,141.0,0.7977538704872131,0.0,7.46825647354126,19.642532348632812
29888,0,calendar_2014_test,142.52792358398438,199.0,0.7459032535552979,0.0,9.382923126220703,56.472076416015625
29889,0,calendar_2014_test,195.01318359375,262.0,0.7070362567901611,0.0,10.818147659301758,66.98681640625
29890,0,calendar_2014_test,236.5635223388672,234.0,0.6603761315345764,0.0,12.541145324707031,2.5635223388671875
29891,0,calendar_2014_test,210.76861572265625,221.0,0.6319190263748169,0.0,13.59196949005127,10.23138427734375
29892,0,calendar_2014_test,210.75711059570312,177.0,0.7129107713699341,0.0,10.601222038269043,33.757110595703125
29893,0,calendar_2014_test,157.67864990234375,135.0,0.7569906115531921,0.0,8.973503112792969,22.67864990234375
29894,0,calendar_2014_test,120.64224243164062,108.0,0.8104743957519531,0.0,6.998531341552734,12.642242431640625
29895,0,calendar_2014_test,104.93785095214844,97.0,0.821606457233429,0.0,6.587460994720459,7.9378509521484375
29896,0,calendar_2014_test,89.52943420410156,87.0,0.8535414338111877,0.0,5.408212184906006,2.5294342041015625
29897,0,calendar_2014_test,77.68504333496094,85.0,0.8718460202217102,0.0,4.73228645324707,7.3149566650390625
29898,0,calendar_2014_test,70.37776184082031,81.0,0.8789638876914978,0.0,4.469448566436768,10.622238159179688
29899,0,calendar_2014_test,76.26658630371094,82.0,0.8757096529006958,0.0,4.589615345001221,5.7334136962890625
29900,0,calendar_2014_test,81.85120391845703,81.0,0.8584083318710327,0.0,5.228495121002197,0.8512039184570312
29901,0,calendar_2014_test,74.91886901855469,111.0,0.8594843745231628,0.0,5.188759803771973,36.08113098144531
29902,0,calendar_2014_test,118.36509704589844,143.0,0.8266792893409729,0.0,6.400139331817627,24.634902954101562
29903,0,calendar_2014_test,149.26805114746094,153.0,0.7498220205307007,0.0,9.238216400146484,3.7319488525390625
29904,0,calendar_2014_test,154.1296844482422,189.0,0.8110846877098083,0.0,6.975995063781738,34.87031555175781
29905,0,calendar_2014_test,191.38214111328125,244.0,0.730183482170105,0.0,9.963397979736328,52.61785888671875
29906,0,calendar_2014_test,244.95111083984375,273.0,0.7207748293876648,0.0,10.31082820892334,28.04888916015625
29907,0,calendar_2014_test,260.6036682128906,218.0,0.5547335147857666,0.0,16.442163467407227,42.603668212890625
29908,0,calendar_2014_test,191.58285522460938,227.0,0.714529812335968,0.0,10.541435241699219,35.417144775390625
29909,0,calendar_2014_test,225.50189208984375,95.0,0.6520282030105591,0.0,12.849406242370605,130.50189208984375
29910,0,calendar_2014_test,67.25536346435547,20.0,0.8559715747833252,0.0,5.31847620010376,47.25536346435547
29911,0,calendar_2014_test,108.29141235351562,84.0,0.8280159831047058,0.0,6.350780010223389,24.291412353515625
29912,0,calendar_2014_test,82.84994506835938,106.0,0.8522316217422485,0.0,5.456580638885498,23.150054931640625
29913,0,calendar_2014_test,110.74979400634766,112.0,0.7942018508911133,0.0,7.599419116973877,1.2502059936523438
29914,0,calendar_2014_test,116.06385803222656,120.0,0.8606721758842468,0.0,5.144898891448975,3.9361419677734375
29915,0,calendar_2014_test,121.2144775390625,117.0,0.8385873436927795,0.0,5.960415363311768,4.2144775390625
29916,0,calendar_2014_test,114.22730255126953,118.0,0.807266354560852,0.0,7.1169915199279785,3.7726974487304688
29917,0,calendar_2014_test,117.3763427734375,106.0,0.8569269776344299,0.0,5.283196926116943,11.3763427734375
29918,0,calendar_2014_test,92.85977935791016,96.0,0.8471076488494873,0.0,5.645790100097656,3.1402206420898438
29919,0,calendar_2014_test,96.05284881591797,82.0,0.8796573877334595,0.0,4.4438395500183105,14.052848815917969
29920,0,calendar_2014_test,78.93374633789062,63.0,0.8459707498550415,0.0,5.687770843505859,15.933746337890625
29921,0,calendar_2014_test,62.12125015258789,79.0,0.8782511353492737,0.0,4.4957685470581055,16.87874984741211
29922,0,calendar_2014_test,87.57910919189453,125.0,0.8818919062614441,0.0,4.361326694488525,37.42089080810547
29923,0,calendar_2014_test,133.42819213867188,119.0,0.7527937889099121,0.0,9.12847900390625,14.428192138671875
29924,0,calendar_2014_test,122.33397674560547,115.0,0.8757354021072388,0.0,4.588664531707764,7.333976745605469
29925,0,calendar_2014_test,121.0717544555664,131.0,0.814141035079956,0.0,6.863133907318115,9.928245544433594
29926,0,calendar_2014_test,133.27919006347656,177.0,0.8127477765083313,0.0,6.914582252502441,43.72080993652344
29927,0,calendar_2014_test,188.0052947998047,287.0,0.7476999163627625,0.0,9.316576957702637,98.99470520019531
29928,0,calendar_2014_test,255.76901245117188,299.0,0.6691184639930725,0.0,12.218320846557617,43.230987548828125
29929,0,calendar_2014_test,289.5230712890625,250.0,0.5218435525894165,0.0,17.65667724609375,39.5230712890625
29930,0,calendar_2014_test,221.25595092773438,159.0,0.6611441373825073,0.0,12.512784957885742,62.255950927734375
29931,0,calendar_2014_test,136.10606384277344,124.0,0.821983277797699,0.0,6.573546886444092,12.106063842773438
29932,0,calendar_2014_test,112.13500213623047,123.0,0.869379997253418,0.0,4.823349475860596,10.864997863769531
29933,0,calendar_2014_test,112.5546646118164,49.0,0.8151872754096985,0.0,6.82450008392334,63.554664611816406
29934,0,calendar_2014_test,38.886741638183594,36.0,0.8717392086982727,0.0,4.736231327056885,2.8867416381835938
29935,0,calendar_2014_test,36.14287567138672,59.0,0.8872432112693787,0.0,4.163720607757568,22.85712432861328
29936,0,calendar_2014_test,63.74522399902344,85.0,0.8904186487197876,0.0,4.046462535858154,21.254776000976562
29937,0,calendar_2014_test,92.16276550292969,170.0,0.8600403666496277,0.0,5.168230056762695,77.83723449707031
29938,0,calendar_2014_test,171.2512969970703,180.0,0.7766484022140503,0.0,8.247608184814453,8.748703002929688
29939,0,calendar_2014_test,174.04896545410156,227.0,0.761998176574707,0.0,8.788591384887695,52.95103454589844
29940,0,calendar_2014_test,195.82640075683594,199.0,0.7168989181518555,0.0,10.453950881958008,3.1735992431640625
29941,0,calendar_2014_test,175.17727661132812,168.0,0.7425040006637573,0.0,9.508445739746094,7.177276611328125
29942,0,calendar_2014_test,156.00633239746094,93.0,0.7665042281150818,0.0,8.622198104858398,63.00633239746094
29943,0,calendar_2014_test,78.46156311035156,80.0,0.8744836449623108,0.0,4.634889125823975,1.5384368896484375
29944,0,calendar_2014_test,75.41390991210938,111.0,0.8976500034332275,0.0,3.779435396194458,35.586090087890625
29945,0,calendar_2014_test,119.01254272460938,133.0,0.8300130367279053,0.0,6.277034282684326,13.987457275390625
29946,0,calendar_2014_test,139.3390655517578,135.0,0.7827529907226562,0.0,8.022186279296875,4.3390655517578125
29947,0,calendar_2014_test,140.7958221435547,94.0,0.7939308881759644,0.0,7.609426498413086,46.79582214355469
29948,0,calendar_2014_test,88.91454315185547,103.0,0.8688543438911438,0.0,4.842759609222412,14.085456848144531
29949,0,calendar_2014_test,109.86331176757812,92.0,0.8241704702377319,0.0,6.492781639099121,17.863311767578125
29950,0,calendar_2014_test,94.38115692138672,93.0,0.833929181098938,0.0,6.132424831390381,1.3811569213867188
29951,0,calendar_2014_test,95.39527893066406,109.0,0.8572729825973511,0.0,5.270420074462891,13.604721069335938
29952,0,calendar_2014_test,115.53495788574219,122.0,0.8470925688743591,0.0,5.646346569061279,6.4650421142578125
29953,0,calendar_2014_test,129.98336791992188,123.0,0.7654498815536499,0.0,8.6611328125,6.983367919921875
29954,0,calendar_2014_test,124.04029846191406,122.0,0.8205971121788025,0.0,6.6247334480285645,2.0402984619140625
29955,0,calendar_2014_test,121.11067199707031,172.0,0.8438160419464111,0.0,5.76733922958374,50.88932800292969
29956,0,calendar_2014_test,166.76812744140625,213.0,0.6911202669143677,0.0,11.405868530273438,46.23187255859375
29957,0,calendar_2014_test,212.6157989501953,196.0,0.6931505799293518,0.0,11.330896377563477,16.615798950195312
29958,0,calendar_2014_test,185.82582092285156,158.0,0.7094752788543701,0.0,10.728082656860352,27.825820922851562
29959,0,calendar_2014_test,149.87631225585938,103.0,0.7697012424468994,0.0,8.504142761230469,46.876312255859375
29960,0,calendar_2014_test,93.56770324707031,90.0,0.848609209060669,0.0,5.590343475341797,3.5677032470703125
29961,0,calendar_2014_test,82.0385971069336,70.0,0.8793128728866577,0.0,4.45656156539917,12.038597106933594
29962,0,calendar_2014_test,60.456764221191406,67.0,0.8557907342910767,0.0,5.3251543045043945,6.543235778808594
29963,0,calendar_2014_test,60.43294906616211,66.0,0.8905057311058044,0.0,4.043247699737549,5.567050933837891
29964,0,calendar_2014_test,58.24433135986328,52.0,0.8832077980041504,0.0,4.3127360343933105,6.244331359863281
29965,0,calendar_2014_test,45.70703125,55.0,0.8903066515922546,0.0,4.050600051879883,9.29296875
29966,0,calendar_2014_test,54.75675964355469,51.0,0.8887758255004883,0.0,4.107127666473389,3.7567596435546875
29967,0,calendar_2014_test,51.367271423339844,47.0,0.9115033149719238,0.0,3.267878532409668,4.367271423339844
29968,0,calendar_2014_test,48.14908981323242,48.0,0.908866286277771,0.0,3.3652565479278564,0.14908981323242188
29969,0,calendar_2014_test,48.37638854980469,60.0,0.8850494027137756,0.0,4.244730472564697,11.623611450195312
29970,0,calendar_2014_test,66.96653747558594,88.0,0.876985490322113,0.0,4.542504787445068,21.033462524414062
29971,0,calendar_2014_test,95.36528778076172,279.0,0.8442652225494385,0.0,5.75075101852417,183.63471221923828
29972,0,calendar_2014_test,241.5859832763672,435.0,0.6336217522621155,0.0,13.529091835021973,193.4140167236328
29973,0,calendar_2014_test,380.1797790527344,489.0,0.20280855894088745,0.0,29.437545776367188,108.82022094726562
29974,0,calendar_2014_test,442.04339599609375,513.0,0.23794794082641602,0.0,28.139968872070312,70.95660400390625
29975,0,calendar_2014_test,452.2238464355469,539.0,0.326099157333374,0.0,24.88484764099121,86.77615356445312
29976,0,calendar_2014_test,464.2490234375,567.0,0.1456649899482727,0.0,31.54766273498535,102.7509765625
29977,0,calendar_2014_test,462.01373291015625,569.0,0.5009198784828186,0.0,18.429317474365234,106.98626708984375
29978,0,calendar_2014_test,460.0336608886719,659.0,0.280448317527771,0.0,26.570575714111328,198.96633911132812
29979,0,calendar_2014_test,467.8784484863281,648.0,0.3362733721733093,0.0,24.50914764404297,180.12155151367188
29980,0,calendar_2014_test,465.76226806640625,651.0,0.14095431566238403,0.0,31.72161102294922,185.23773193359375
29981,0,calendar_2014_test,466.4878234863281,671.0,0.2917320728302002,0.0,26.153905868530273,204.51217651367188
29982,0,calendar_2014_test,474.9453125,623.0,0.38927972316741943,0.0,22.55180549621582,148.0546875
29983,0,calendar_2014_test,465.5094299316406,618.0,0.3659370541572571,0.0,23.41377067565918,152.49057006835938
29984,0,calendar_2014_test,465.52630615234375,532.0,0.14906853437423706,0.0,31.421981811523438,66.47369384765625
29985,0,calendar_2014_test,451.8792724609375,477.0,0.35009753704071045,0.0,23.998668670654297,25.1207275390625
29986,0,calendar_2014_test,433.1326904296875,479.0,0.241976797580719,0.0,27.99119758605957,45.8673095703125
29987,0,calendar_2014_test,448.5710144042969,490.0,0.41640937328338623,0.0,21.55000114440918,41.428985595703125
29988,0,calendar_2014_test,425.7322998046875,476.0,0.0,0.0,36.926570892333984,50.2677001953125
29989,0,calendar_2014_test,441.9107360839844,457.0,0.30298393964767456,0.0,25.738412857055664,15.089263916015625
29990,0,calendar_2014_test,424.29840087890625,327.0,0.3376190662384033,0.0,24.459457397460938,97.29840087890625
29991,0,calendar_2014_test,259.9406433105469,161.0,0.5006914734840393,0.0,18.43775177001953,98.94064331054688
29992,0,calendar_2014_test,138.1967315673828,286.0,0.7790498733520508,0.0,8.158931732177734,147.8032684326172
29993,0,calendar_2014_test,267.54229736328125,298.0,0.5762368440628052,0.0,15.64811897277832,30.45770263671875
29994,0,calendar_2014_test,279.6437683105469,310.0,0.5206204652786255,0.0,17.70184326171875,30.356231689453125
29995,0,calendar_2014_test,315.67462158203125,332.0,0.5428074598312378,0.0,16.882551193237305,16.32537841796875
29996,0,calendar_2014_test,322.5871276855469,391.0,0.4096001982688904,0.0,21.80143928527832,68.41287231445312
29997,0,calendar_2014_test,379.2889404296875,437.0,0.4325127601623535,0.0,20.955358505249023,57.7110595703125
29998,0,calendar_2014_test,428.59600830078125,422.0,0.24000948667526245,0.0,28.0638427734375,6.59600830078125
29999,0,calendar_2014_test,394.1062316894531,320.0,0.10772579908370972,0.0,32.94862747192383,74.10623168945312
30000,0,calendar_2014_test,273.7794494628906,346.0,0.5142617225646973,0.0,17.936647415161133,72.22055053710938
30001,0,calendar_2014_test,350.8439636230469,351.0,0.4930352568626404,0.0,18.720468521118164,0.156036376953125
30002,0,calendar_2014_test,336.8027038574219,297.0,0.510890007019043,0.0,18.061153411865234,39.802703857421875
30003,0,calendar_2014_test,269.7964172363281,290.0,0.5929192304611206,0.0,15.032096862792969,20.203582763671875
30004,0,calendar_2014_test,274.1786804199219,250.0,0.5668225288391113,0.0,15.995759963989258,24.178680419921875
30005,0,calendar_2014_test,225.26185607910156,170.0,0.6407184600830078,0.0,13.267034530639648,55.26185607910156
30006,0,calendar_2014_test,155.71347045898438,103.0,0.7324160933494568,0.0,9.880955696105957,52.713470458984375
30007,0,calendar_2014_test,92.33988952636719,79.0,0.8371559977531433,0.0,6.013269901275635,13.339889526367188
30008,0,calendar_2014_test,81.85778045654297,73.0,0.8614580631256104,0.0,5.115879535675049,8.857780456542969
30009,0,calendar_2014_test,78.67236328125,74.0,0.8328292369842529,0.0,6.173042297363281,4.67236328125
30010,0,calendar_2014_test,80.85065460205078,77.0,0.854564368724823,0.0,5.370438575744629,3.8506546020507812
30011,0,calendar_2014_test,83.03687286376953,81.0,0.8539518713951111,0.0,5.393056392669678,2.0368728637695312
30012,0,calendar_2014_test,88.33441925048828,95.0,0.8444858193397522,0.0,5.742605209350586,6.665580749511719
30013,0,calendar_2014_test,104.33013153076172,115.0,0.8745024800300598,0.0,4.63419246673584,10.669868469238281
30014,0,calendar_2014_test,124.44580078125,77.0,0.8129923343658447,0.0,6.905552387237549,47.44580078125
30015,0,calendar_2014_test,73.43006896972656,67.0,0.8845831155776978,0.0,4.2619500160217285,6.4300689697265625
30016,0,calendar_2014_test,59.75057601928711,13.0,0.8652801513671875,0.0,4.974743366241455,46.75057601928711
30017,0,calendar_2014_test,18.418195724487305,12.0,0.9342812299728394,0.0,2.426767587661743,6.418195724487305
30018,0,calendar_2014_test,13.393893241882324,10.0,0.9254952669143677,0.0,2.751204252243042,3.393893241882324
30019,0,calendar_2014_test,11.942394256591797,195.0,0.9231796860694885,0.0,2.8367114067077637,183.0576057434082
30020,0,calendar_2014_test,187.89955139160156,238.0,0.7391208410263062,0.0,9.633371353149414,50.10044860839844
30021,0,calendar_2014_test,213.5801544189453,293.0,0.6681941747665405,0.0,12.252450942993164,79.41984558105469
30022,0,calendar_2014_test,261.9583435058594,384.0,0.610024094581604,0.0,14.400474548339844,122.04165649414062
30023,0,calendar_2014_test,334.3668212890625,381.0,0.4416712522506714,0.0,20.61716651916504,46.6331787109375
30024,0,calendar_2014_test,299.3447570800781,296.0,0.5666155815124512,0.0,16.003398895263672,3.344757080078125
30025,0,calendar_2014_test,249.17088317871094,38.0,0.606316089630127,0.0,14.537396430969238,211.17088317871094
30026,0,calendar_2014_test,10.97809886932373,19.0,0.8959053754806519,0.0,3.843858242034912,8.02190113067627
30027,0,calendar_2014_test,14.568474769592285,22.0,0.9314934015274048,0.0,2.529714822769165,7.431525230407715
30028,0,calendar_2014_test,16.056034088134766,20.0,0.9357031583786011,0.0,2.374262809753418,3.9439659118652344
30029,0,calendar_2014_test,16.482694625854492,14.0,0.9223219752311707,0.0,2.8683838844299316,2.482694625854492
30030,0,calendar_2014_test,15.554773330688477,23.0,0.9089714884757996,0.0,3.3613698482513428,7.445226669311523
30031,0,calendar_2014_test,22.558427810668945,19.0,0.9322569966316223,0.0,2.501516819000244,3.5584278106689453
30032,0,calendar_2014_test,20.45288848876953,22.0,0.9318031072616577,0.0,2.5182769298553467,1.5471115112304688
30033,0,calendar_2014_test,23.77179718017578,33.0,0.9253863096237183,0.0,2.7552273273468018,9.228202819824219
30034,0,calendar_2014_test,29.772539138793945,42.0,0.9042091965675354,0.0,3.537226676940918,12.227460861206055
30035,0,calendar_2014_test,34.06258773803711,40.0,0.9104066491127014,0.0,3.308375358581543,5.937412261962891
30036,0,calendar_2014_test,33.59971618652344,43.0,0.9175147414207458,0.0,3.045897960662842,9.400283813476562
30037,0,calendar_2014_test,44.05188751220703,56.0,0.9091309309005737,0.0,3.3554837703704834,11.948112487792969
30038,0,calendar_2014_test,58.69158935546875,57.0,0.8897852301597595,0.0,4.06985330581665,1.69158935546875
30039,0,calendar_2014_test,63.26797103881836,153.0,0.879936933517456,0.0,4.433516502380371,89.73202896118164
30040,0,calendar_2014_test,156.88619995117188,108.0,0.7854809165000916,0.0,7.921454429626465,48.886199951171875
30041,0,calendar_2014_test,100.50153350830078,89.0,0.8046914339065552,0.0,7.212076187133789,11.501533508300781
30042,0,calendar_2014_test,90.23074340820312,87.0,0.8556913137435913,0.0,5.328823566436768,3.230743408203125
30043,0,calendar_2014_test,87.26920318603516,95.0,0.8615145683288574,0.0,5.113791465759277,7.730796813964844
30044,0,calendar_2014_test,104.14518737792969,111.0,0.8573729395866394,0.0,5.266728401184082,6.8548126220703125
30045,0,calendar_2014_test,117.55851745605469,112.0,0.8226138353347778,0.0,6.550261974334717,5.5585174560546875
30046,0,calendar_2014_test,111.99701690673828,145.0,0.8613095283508301,0.0,5.121363162994385,33.00298309326172
30047,0,calendar_2014_test,149.35653686523438,184.0,0.7684262990951538,0.0,8.551222801208496,34.643463134765625
30048,0,calendar_2014_test,186.07460021972656,178.0,0.6636771559715271,0.0,12.419249534606934,8.074600219726562
30049,0,calendar_2014_test,178.03890991210938,170.0,0.7464748620986938,0.0,9.361812591552734,8.038909912109375
30050,0,calendar_2014_test,170.12547302246094,161.0,0.7267438173294067,0.0,10.090413093566895,9.125473022460938
30051,0,calendar_2014_test,161.72055053710938,133.0,0.7548930644989014,0.0,9.050957679748535,28.720550537109375
30052,0,calendar_2014_test,123.38459777832031,114.0,0.7772223949432373,0.0,8.226412773132324,9.384597778320312
30053,0,calendar_2014_test,110.98436737060547,112.0,0.8213880062103271,0.0,6.595527172088623,1.0156326293945312
30054,0,calendar_2014_test,117.07185363769531,114.0,0.8334499001502991,0.0,6.1501240730285645,3.0718536376953125
30055,0,calendar_2014_test,121.81290435791016,130.0,0.8622561693191528,0.0,5.086406230926514,8.187095642089844
30056,0,calendar_2014_test,137.98255920410156,133.0,0.7303410768508911,0.0,9.957579612731934,4.9825592041015625
30057,0,calendar_2014_test,141.73739624023438,143.0,0.7494946718215942,0.0,9.2503023147583,1.262603759765625
30058,0,calendar_2014_test,148.557861328125,137.0,0.7398247122764587,0.0,9.607380867004395,11.557861328125
30059,0,calendar_2014_test,142.63088989257812,143.0,0.8128713369369507,0.0,6.9100189208984375,0.369110107421875
30060,0,calendar_2014_test,143.91128540039062,145.0,0.8238711357116699,0.0,6.503835201263428,1.088714599609375
30061,0,calendar_2014_test,140.77865600585938,185.0,0.7580835819244385,0.0,8.93314266204834,44.221343994140625
30062,0,calendar_2014_test,192.46975708007812,198.0,0.7423221468925476,0.0,9.515159606933594,5.530242919921875
30063,0,calendar_2014_test,201.9916534423828,205.0,0.7410727739334106,0.0,9.561293601989746,3.0083465576171875
30064,0,calendar_2014_test,210.97329711914062,195.0,0.662795901298523,0.0,12.451790809631348,15.973297119140625
30065,0,calendar_2014_test,194.77655029296875,203.0,0.664409875869751,0.0,12.392190933227539,8.22344970703125
30066,0,calendar_2014_test,211.00186157226562,209.0,0.7053754329681396,0.0,10.879474639892578,2.001861572265625
30067,0,calendar_2014_test,218.34295654296875,202.0,0.6630774140357971,0.0,12.44139575958252,16.34295654296875
30068,0,calendar_2014_test,169.846435546875,28.0,0.7281105518341064,0.0,10.03994369506836,141.846435546875
30069,0,calendar_2014_test,11.973620414733887,26.0,0.9220166802406311,0.0,2.8796560764312744,14.026379585266113
30070,0,calendar_2014_test,21.627107620239258,22.0,0.933908224105835,0.0,2.440541982650757,0.3728923797607422
30071,0,calendar_2014_test,17.41382598876953,24.0,0.9261795282363892,0.0,2.7259368896484375,6.586174011230469
30072,0,calendar_2014_test,20.0617618560791,16.0,0.9263736009597778,0.0,2.7187697887420654,4.061761856079102
30073,0,calendar_2014_test,17.090442657470703,16.0,0.9384448528289795,0.0,2.2730212211608887,1.0904426574707031
30074,0,calendar_2014_test,15.421390533447266,17.0,0.9258460402488708,0.0,2.7382521629333496,1.5786094665527344
30075,0,calendar_2014_test,15.703411102294922,7.0,0.9278876781463623,0.0,2.662860870361328,8.703411102294922
30076,0,calendar_2014_test,8.896373748779297,9.0,0.9209437370300293,0.0,2.919276714324951,0.10362625122070312
30077,0,calendar_2014_test,10.864211082458496,10.0,0.9295358061790466,0.0,2.6020002365112305,0.8642110824584961
30078,0,calendar_2014_test,12.617570877075195,8.0,0.9360002279281616,0.0,2.3632915019989014,4.617570877075195
30079,0,calendar_2014_test,10.862494468688965,7.0,0.9189286828041077,0.0,2.9936861991882324,3.862494468688965
30080,0,calendar_2014_test,10.251216888427734,10.0,0.9351855516433716,0.0,2.3933749198913574,0.2512168884277344
30081,0,calendar_2014_test,11.683989524841309,11.0,0.9396601319313049,0.0,2.228144407272339,0.6839895248413086
30082,0,calendar_2014_test,13.124884605407715,11.0,0.9340611100196838,0.0,2.4348976612091064,2.124884605407715
30083,0,calendar_2014_test,10.552478790283203,10.0,0.9234731793403625,0.0,2.8258726596832275,0.5524787902832031
30084,0,calendar_2014_test,11.751047134399414,7.0,0.9525734782218933,0.0,1.751299500465393,4.751047134399414
30085,0,calendar_2014_test,10.028213500976562,9.0,0.9355299472808838,0.0,2.380657434463501,1.0282135009765625
30086,0,calendar_2014_test,10.950913429260254,14.0,0.9302353858947754,0.0,2.576167583465576,3.049086570739746
30087,0,calendar_2014_test,15.168421745300293,13.0,0.928956925868988,0.0,2.623377799987793,2.168421745300293
30088,0,calendar_2014_test,13.251570701599121,14.0,0.9235408306121826,0.0,2.823375940322876,0.7484292984008789
30089,0,calendar_2014_test,14.37411880493164,9.0,0.9226382970809937,0.0,2.8567025661468506,5.374118804931641
30090,0,calendar_2014_test,11.905314445495605,14.0,0.9430702328681946,0.0,2.102220296859741,2.0946855545043945
30091,0,calendar_2014_test,13.843951225280762,9.0,0.9184308648109436,0.0,3.0120677947998047,4.843951225280762
30092,0,calendar_2014_test,12.936590194702148,8.0,0.9245820045471191,0.0,2.7849268913269043,4.936590194702148
30093,0,calendar_2014_test,12.132083892822266,10.0,0.9234065413475037,0.0,2.8283331394195557,2.1320838928222656
30094,0,calendar_2014_test,12.464056968688965,8.0,0.9414288997650146,0.0,2.162830114364624,4.464056968688965
30095,0,calendar_2014_test,12.6250581741333,9.0,0.9444314241409302,0.0,2.0519561767578125,3.625058174133301
30096,0,calendar_2014_test,12.327366828918457,11.0,0.9253830909729004,0.0,2.755347490310669,1.327366828918457
30097,0,calendar_2014_test,12.961675643920898,11.0,0.9237465858459473,0.0,2.8157777786254883,1.9616756439208984
30098,0,calendar_2014_test,13.193291664123535,10.0,0.952431321144104,0.0,1.7565490007400513,3.193291664123535
30099,0,calendar_2014_test,10.68290901184082,15.0,0.9281387329101562,0.0,2.6535894870758057,4.31709098815918
30100,0,calendar_2014_test,14.069396018981934,13.0,0.9287042617797852,0.0,2.632706880569458,1.0693960189819336
30101,0,calendar_2014_test,12.953278541564941,16.0,0.9418462514877319,0.0,2.1474192142486572,3.0467214584350586
30102,0,calendar_2014_test,15.319818496704102,13.0,0.9397109150886536,0.0,2.2262699604034424,2.3198184967041016
30103,0,calendar_2014_test,14.33699893951416,18.0,0.9424545764923096,0.0,2.124955654144287,3.66300106048584
30104,0,calendar_2014_test,15.797266960144043,18.0,0.933936357498169,0.0,2.4395041465759277,2.202733039855957
30105,0,calendar_2014_test,18.09419822692871,22.0,0.9366542100906372,0.0,2.339143991470337,3.905801773071289
30106,0,calendar_2014_test,22.12295150756836,23.0,0.9282513856887817,0.0,2.649430990219116,0.8770484924316406
30107,0,calendar_2014_test,21.63485336303711,24.0,0.9285033345222473,0.0,2.6401264667510986,2.3651466369628906
30108,0,calendar_2014_test,20.40418815612793,24.0,0.9406769275665283,0.0,2.19059681892395,3.5958118438720703
30109,0,calendar_2014_test,24.472204208374023,23.0,0.9327441453933716,0.0,2.4835288524627686,1.4722042083740234
30110,0,calendar_2014_test,22.84547996520996,23.0,0.9175310730934143,0.0,3.0452942848205566,0.15452003479003906
30111,0,calendar_2014_test,21.78409767150879,42.0,0.9196473360061646,0.0,2.967149019241333,20.21590232849121
30112,0,calendar_2014_test,46.52808380126953,54.0,0.9156206846237183,0.0,3.115837812423706,7.471916198730469
30113,0,calendar_2014_test,57.7258186340332,48.0,0.8759527206420898,0.0,4.58064079284668,9.725818634033203
30114,0,calendar_2014_test,51.86014938354492,66.0,0.8750759959220886,0.0,4.613015174865723,14.139850616455078
30115,0,calendar_2014_test,69.85153198242188,56.0,0.8698001503944397,0.0,4.807833671569824,13.851531982421875
30116,0,calendar_2014_test,57.76982116699219,67.0,0.8558139204978943,0.0,5.324297904968262,9.230178833007812
30117,0,calendar_2014_test,73.26726531982422,95.0,0.8969049453735352,0.0,3.806946277618408,21.73273468017578
30118,0,calendar_2014_test,102.09488677978516,111.0,0.802039384841919,0.0,7.3100080490112305,8.905113220214844
30119,0,calendar_2014_test,118.14338684082031,112.0,0.8272529244422913,0.0,6.3789567947387695,6.1433868408203125
30120,0,calendar_2014_test,114.73100280761719,113.0,0.8584650754928589,0.0,5.2263994216918945,1.7310028076171875
30121,0,calendar_2014_test,117.71224212646484,127.0,0.814649760723114,0.0,6.844347953796387,9.287757873535156
30122,0,calendar_2014_test,129.95802307128906,137.0,0.7632946968078613,0.0,8.740715980529785,7.0419769287109375
30123,0,calendar_2014_test,139.7332305908203,164.0,0.7730746269226074,0.0,8.3795747756958,24.266769409179688
30124,0,calendar_2014_test,162.64669799804688,190.0,0.7055261135101318,0.0,10.87391185760498,27.353302001953125
30125,0,calendar_2014_test,186.86264038085938,175.0,0.6761074066162109,0.0,11.960243225097656,11.862640380859375
30126,0,calendar_2014_test,164.6094207763672,142.0,0.6854055523872375,0.0,11.616893768310547,22.609420776367188
30127,0,calendar_2014_test,125.92430114746094,107.0,0.7588459253311157,0.0,8.904994010925293,18.924301147460938
30128,0,calendar_2014_test,92.60643005371094,101.0,0.8571292161941528,0.0,5.275728702545166,8.393569946289062
30129,0,calendar_2014_test,95.96762084960938,100.0,0.8724029660224915,0.0,4.7117204666137695,4.032379150390625
30130,0,calendar_2014_test,98.50172424316406,97.0,0.8342738151550293,0.0,6.119699001312256,1.5017242431640625
30131,0,calendar_2014_test,93.1700210571289,101.0,0.8434451222419739,0.0,5.781033992767334,7.829978942871094
30132,0,calendar_2014_test,93.01069641113281,105.0,0.8859339356422424,0.0,4.212069034576416,11.989303588867188
30133,0,calendar_2014_test,104.0864486694336,117.0,0.8266774415969849,0.0,6.400208473205566,12.913551330566406
30134,0,calendar_2014_test,121.73966217041016,119.0,0.8576698303222656,0.0,5.255764007568359,2.7396621704101562
30135,0,calendar_2014_test,118.55143737792969,115.0,0.8087483048439026,0.0,7.0622687339782715,3.5514373779296875
30136,0,calendar_2014_test,111.26194763183594,125.0,0.8544726371765137,0.0,5.3738274574279785,13.738052368164062
30137,0,calendar_2014_test,287.1260681152344,310.0,0.5280790328979492,0.0,17.426422119140625,22.873931884765625
30138,0,calendar_2014_test,316.1421813964844,295.0,0.5350441336631775,0.0,17.169225692749023,21.142181396484375
30139,0,calendar_2014_test,291.7954406738281,301.0,0.5720923542976379,0.0,15.801161766052246,9.204559326171875
30140,0,calendar_2014_test,301.9679260253906,325.0,0.5152223110198975,0.0,17.90117645263672,23.032073974609375
30141,0,calendar_2014_test,331.82061767578125,319.0,0.3829870820045471,0.0,22.78417205810547,12.82061767578125
30142,0,calendar_2014_test,312.5313415527344,335.0,0.5658091306686401,0.0,16.033178329467773,22.468658447265625
30143,0,calendar_2014_test,334.9466552734375,301.0,0.4799574017524719,0.0,19.20339012145996,33.9466552734375
30144,0,calendar_2014_test,268.1773986816406,312.0,0.6049706339836121,0.0,14.587080001831055,43.822601318359375
30145,0,calendar_2014_test,308.39337158203125,316.0,0.4132035970687866,0.0,21.668378829956055,7.60662841796875
30146,0,calendar_2014_test,302.7733459472656,296.0,0.48021697998046875,0.0,19.193803787231445,6.773345947265625
30147,0,calendar_2014_test,270.4642333984375,270.0,0.5387372374534607,0.0,17.032852172851562,0.4642333984375
30148,0,calendar_2014_test,245.7982940673828,252.0,0.5666053295135498,0.0,16.003780364990234,6.2017059326171875
30149,0,calendar_2014_test,236.2965545654297,234.0,0.6106441020965576,0.0,14.377579689025879,2.2965545654296875
30150,0,calendar_2014_test,231.47500610351562,233.0,0.7059095501899719,0.0,10.85975170135498,1.524993896484375
30151,0,calendar_2014_test,234.2749786376953,241.0,0.6414076089859009,0.0,13.241586685180664,6.7250213623046875
30152,0,calendar_2014_test,242.2199249267578,231.0,0.6344563961029053,0.0,13.498271942138672,11.219924926757812
30153,0,calendar_2014_test,212.62335205078125,214.0,0.659861147403717,0.0,12.560161590576172,1.37664794921875
30154,0,calendar_2014_test,185.38755798339844,210.0,0.6777620315551758,0.0,11.89914321899414,24.612442016601562
30155,0,calendar_2014_test,195.1389923095703,178.0,0.7318054437637329,0.0,9.9035062789917,17.138992309570312
30156,0,calendar_2014_test,155.55795288085938,142.0,0.7271895408630371,0.0,10.073953628540039,13.557952880859375
30157,0,calendar_2014_test,115.35590362548828,122.0,0.794681966304779,0.0,7.581690788269043,6.644096374511719
30158,0,calendar_2014_test,113.03321838378906,59.0,0.8383499383926392,0.0,5.969183444976807,54.03321838378906
30159,0,calendar_2014_test,50.65918731689453,47.0,0.8812438249588013,0.0,4.385257720947266,3.6591873168945312
30160,0,calendar_2014_test,44.05411911010742,40.0,0.8819036483764648,0.0,4.360893249511719,4.054119110107422
30161,0,calendar_2014_test,37.50646209716797,32.0,0.9187843203544617,0.0,2.999016046524048,5.506462097167969
30162,0,calendar_2014_test,29.674278259277344,48.0,0.8953893184661865,0.0,3.8629133701324463,18.325721740722656
30163,0,calendar_2014_test,45.99192428588867,32.0,0.872455358505249,0.0,4.709786891937256,13.991924285888672
30164,0,calendar_2014_test,33.50978469848633,25.0,0.8991754055023193,0.0,3.7231059074401855,8.509784698486328
30165,0,calendar_2014_test,24.14327621459961,26.0,0.9204112887382507,0.0,2.938938617706299,1.8567237854003906
30166,0,calendar_2014_test,25.87689971923828,43.0,0.9255492687225342,0.0,2.7492098808288574,17.12310028076172
30167,0,calendar_2014_test,40.32544708251953,54.0,0.9097906351089478,0.0,3.331122636795044,13.674552917480469
30168,0,calendar_2014_test,56.83163833618164,55.0,0.892142653465271,0.0,3.9828011989593506,1.8316383361816406
30169,0,calendar_2014_test,57.15764236450195,53.0,0.8985215425491333,0.0,3.7472503185272217,4.157642364501953
30170,0,calendar_2014_test,57.50611877441406,60.0,0.9067631959915161,0.0,3.4429163932800293,2.4938812255859375
30171,0,calendar_2014_test,64.37480163574219,55.0,0.9096512794494629,0.0,3.3362696170806885,9.374801635742188
30172,0,calendar_2014_test,55.366355895996094,42.0,0.8720865249633789,0.0,4.723405361175537,13.366355895996094
30173,0,calendar_2014_test,33.618263244628906,36.0,0.913110077381134,0.0,3.2085464000701904,2.3817367553710938
30174,0,calendar_2014_test,28.775915145874023,32.0,0.9197820425033569,0.0,2.9621739387512207,3.2240848541259766
30175,0,calendar_2014_test,29.321805953979492,14.0,0.9007419943809509,0.0,3.665256977081299,15.321805953979492
30176,0,calendar_2014_test,15.13380241394043,15.0,0.9561501741409302,0.0,1.6192233562469482,0.1338024139404297
30177,0,calendar_2014_test,14.170512199401855,18.0,0.9356330037117004,0.0,2.376852035522461,3.8294878005981445
30178,0,calendar_2014_test,16.637392044067383,14.0,0.9248036742210388,0.0,2.776743173599243,2.637392044067383
30179,0,calendar_2014_test,15.10163688659668,15.0,0.932648777961731,0.0,2.487050771713257,0.10163688659667969
30180,0,calendar_2014_test,15.782522201538086,15.0,0.919444739818573,0.0,2.9746296405792236,0.7825222015380859
30181,0,calendar_2014_test,15.282464027404785,14.0,0.935905396938324,0.0,2.366793155670166,1.2824640274047852
30182,0,calendar_2014_test,16.9027042388916,19.0,0.9375845789909363,0.0,2.3047866821289062,2.0972957611083984
30183,0,calendar_2014_test,20.1976318359375,17.0,0.9345484972000122,0.0,2.416898488998413,3.1976318359375
30184,0,calendar_2014_test,22.986652374267578,16.0,0.9268998503684998,0.0,2.6993377208709717,6.986652374267578
30185,0,calendar_2014_test,21.92885398864746,14.0,0.9417102336883545,0.0,2.1524410247802734,7.928853988647461
30186,0,calendar_2014_test,19.707725524902344,33.0,0.9286739230155945,0.0,2.633826732635498,13.292274475097656
30187,0,calendar_2014_test,29.230682373046875,45.0,0.9157283306121826,0.0,3.111862897872925,15.769317626953125
30188,0,calendar_2014_test,48.65607833862305,55.0,0.8622044920921326,0.0,5.088315486907959,6.343921661376953
30189,0,calendar_2014_test,63.881858825683594,71.0,0.895003616809845,0.0,3.8771567344665527,7.118141174316406
30190,0,calendar_2014_test,79.00157928466797,59.0,0.8647368550300598,0.0,4.9948039054870605,20.00157928466797
30191,0,calendar_2014_test,61.66249465942383,42.0,0.8964864015579224,0.0,3.822402000427246,19.662494659423828
30192,0,calendar_2014_test,44.399986267089844,31.0,0.9093603491783142,0.0,3.347010850906372,13.399986267089844
30193,0,calendar_2014_test,36.37831115722656,30.0,0.8971834182739258,0.0,3.796664237976074,6.3783111572265625
30194,0,calendar_2014_test,37.5123176574707,39.0,0.9257638454437256,0.0,2.7412874698638916,1.4876823425292969
30195,0,calendar_2014_test,43.51509475708008,23.0,0.9112429618835449,0.0,3.2774932384490967,20.515094757080078
30196,0,calendar_2014_test,29.420564651489258,26.0,0.9106156826019287,0.0,3.30065655708313,3.420564651489258
30197,0,calendar_2014_test,28.58976173400879,25.0,0.9197598695755005,0.0,2.9629931449890137,3.589761734008789
30198,0,calendar_2014_test,27.543479919433594,26.0,0.9228835105895996,0.0,2.8476486206054688,1.5434799194335938
30199,0,calendar_2014_test,31.750972747802734,24.0,0.9235577583312988,0.0,2.822751045227051,7.750972747802734
30200,0,calendar_2014_test,28.622825622558594,29.0,0.9164404273033142,0.0,3.08556866645813,0.37717437744140625
30201,0,calendar_2014_test,33.52627944946289,28.0,0.9122491478919983,0.0,3.240338087081909,5.526279449462891
30202,0,calendar_2014_test,31.427043914794922,35.0,0.9118431806564331,0.0,3.2553293704986572,3.572956085205078
30203,0,calendar_2014_test,39.09552764892578,35.0,0.9139628410339355,0.0,3.177058219909668,4.095527648925781
30204,0,calendar_2014_test,38.80373764038086,38.0,0.9224038124084473,0.0,2.8653619289398193,0.8037376403808594
30205,0,calendar_2014_test,44.312538146972656,49.0,0.9152058959007263,0.0,3.1311559677124023,4.687461853027344
30206,0,calendar_2014_test,55.96824264526367,65.0,0.8712606430053711,0.0,4.753904342651367,9.031757354736328
30207,0,calendar_2014_test,70.08647918701172,72.0,0.8905996084213257,0.0,4.03978157043457,1.9135208129882812
30208,0,calendar_2014_test,78.2590560913086,74.0,0.879186749458313,0.0,4.461217880249023,4.259056091308594
30209,0,calendar_2014_test,81.69329071044922,80.0,0.8561950325965881,0.0,5.310224533081055,1.6932907104492188
30210,0,calendar_2014_test,88.64747619628906,88.0,0.8594452142715454,0.0,5.190207481384277,0.6474761962890625
30211,0,calendar_2014_test,95.59696197509766,106.0,0.8253166675567627,0.0,6.4504570960998535,10.403038024902344
30212,0,calendar_2014_test,114.70207977294922,113.0,0.8397037982940674,0.0,5.919188022613525,1.7020797729492188
30213,0,calendar_2014_test,119.66487884521484,139.0,0.8493382334709167,0.0,5.563423156738281,19.335121154785156
30214,0,calendar_2014_test,150.2482452392578,119.0,0.8586217761039734,0.0,5.220613479614258,31.248245239257812
30215,0,calendar_2014_test,117.87318420410156,122.0,0.8422333002090454,0.0,5.825783729553223,4.1268157958984375
30216,0,calendar_2014_test,126.48855590820312,116.0,0.7794337272644043,0.0,8.144757270812988,10.488555908203125
30217,0,calendar_2014_test,118.59996795654297,132.0,0.8318126201629639,0.0,6.210583686828613,13.400032043457031
30218,0,calendar_2014_test,139.4015350341797,120.0,0.7774603366851807,0.0,8.217626571655273,19.401535034179688
30219,0,calendar_2014_test,118.2146224975586,111.0,0.8218031525611877,0.0,6.580197811126709,7.214622497558594
30220,0,calendar_2014_test,109.17320251464844,108.0,0.8388363718986511,0.0,5.9512200355529785,1.1732025146484375
30221,0,calendar_2014_test,104.82026672363281,110.0,0.8687996864318848,0.0,4.844777584075928,5.1797332763671875
30222,0,calendar_2014_test,107.88536071777344,119.0,0.8391416668891907,0.0,5.939946174621582,11.114639282226562
30223,0,calendar_2014_test,118.86479949951172,125.0,0.8526545763015747,0.0,5.4409613609313965,6.135200500488281
30224,0,calendar_2014_test,123.67361450195312,143.0,0.805401623249054,0.0,7.185850620269775,19.326385498046875
30225,0,calendar_2014_test,142.2138214111328,149.0,0.7750148773193359,0.0,8.307928085327148,6.7861785888671875
30226,0,calendar_2014_test,133.6713409423828,133.0,0.7873684167861938,0.0,7.8517560958862305,0.6713409423828125
30227,0,calendar_2014_test,121.87654876708984,136.0,0.7997116446495056,0.0,7.395962715148926,14.123451232910156
30228,0,calendar_2014_test,129.1959991455078,149.0,0.82315993309021,0.0,6.530096530914307,19.804000854492188
30229,0,calendar_2014_test,145.97801208496094,161.0,0.8047447204589844,0.0,7.210107326507568,15.021987915039062
30230,0,calendar_2014_test,154.2197265625,167.0,0.7419295310974121,0.0,9.529657363891602,12.7802734375
30231,0,calendar_2014_test,160.25982666015625,167.0,0.727531909942627,0.0,10.061312675476074,6.74017333984375
30232,0,calendar_2014_test,163.5216827392578,53.0,0.7333908081054688,0.0,9.844964027404785,110.52168273925781
30233,0,calendar_2014_test,32.30030822753906,19.0,0.9012425541877747,0.0,3.6467740535736084,13.300308227539062
30234,0,calendar_2014_test,15.8287353515625,32.0,0.9378146529197693,0.0,2.296292304992676,16.1712646484375
30235,0,calendar_2014_test,24.81730842590332,15.0,0.9146328568458557,0.0,3.152315378189087,9.81730842590332
30236,0,calendar_2014_test,15.531401634216309,11.0,0.94709312915802,0.0,1.9536687135696411,4.531401634216309
30237,0,calendar_2014_test,11.856999397277832,10.0,0.9508156776428223,0.0,1.8162074089050293,1.856999397277832
30238,0,calendar_2014_test,12.473962783813477,11.0,0.92563796043396,0.0,2.74593448638916,1.4739627838134766
30239,0,calendar_2014_test,14.771472930908203,11.0,0.9241514801979065,0.0,2.80082631111145,3.771472930908203
30240,0,calendar_2014_test,15.036603927612305,9.0,0.9420087337493896,0.0,2.1414196491241455,6.036603927612305
30241,0,calendar_2014_test,12.449810981750488,19.0,0.9185813069343567,0.0,3.0065131187438965,6.550189018249512
30242,0,calendar_2014_test,18.423200607299805,13.0,0.9342668056488037,0.0,2.427302360534668,5.423200607299805
30243,0,calendar_2014_test,16.046804428100586,13.0,0.9286289811134338,0.0,2.6354875564575195,3.046804428100586
30244,0,calendar_2014_test,16.277864456176758,14.0,0.9385498762130737,0.0,2.269141912460327,2.277864456176758
30245,0,calendar_2014_test,17.249685287475586,17.0,0.9176122546195984,0.0,3.0422966480255127,0.24968528747558594
30246,0,calendar_2014_test,20.7266788482666,16.0,0.9229570031166077,0.0,2.84493350982666,4.726678848266602
30247,0,calendar_2014_test,20.059375762939453,18.0,0.934367835521698,0.0,2.4235711097717285,2.059375762939453
30248,0,calendar_2014_test,21.510000228881836,31.0,0.9374306201934814,0.0,2.310473680496216,9.489999771118164
30249,0,calendar_2014_test,31.38373565673828,23.0,0.9204825758934021,0.0,2.9363057613372803,8.383735656738281
30250,0,calendar_2014_test,27.56172752380371,15.0,0.9264183640480042,0.0,2.717116594314575,12.561727523803711
30251,0,calendar_2014_test,21.62533950805664,57.0,0.9471742510795593,0.0,1.9506733417510986,35.37466049194336
30252,0,calendar_2014_test,62.395118713378906,65.0,0.8627407550811768,0.0,5.068511962890625,2.6048812866210938
30253,0,calendar_2014_test,66.63324737548828,64.0,0.8860810399055481,0.0,4.206637382507324,2.6332473754882812
30254,0,calendar_2014_test,66.9825210571289,65.0,0.8893260955810547,0.0,4.086808204650879,1.9825210571289062
30255,0,calendar_2014_test,66.96813201904297,64.0,0.8683834075927734,0.0,4.8601484298706055,2.9681320190429688
30256,0,calendar_2014_test,66.40599060058594,81.0,0.8740153312683105,0.0,4.6521830558776855,14.594009399414062
30257,0,calendar_2014_test,85.84712219238281,75.0,0.8857197165489197,0.0,4.219979763031006,10.847122192382812
30258,0,calendar_2014_test,77.92012023925781,70.0,0.8824805021286011,0.0,4.3395915031433105,7.9201202392578125
30259,0,calendar_2014_test,74.4588851928711,71.0,0.8713932633399963,0.0,4.749005317687988,3.4588851928710938
30260,0,calendar_2014_test,76.89360809326172,83.0,0.8721324801445007,0.0,4.721709728240967,6.106391906738281
30261,0,calendar_2014_test,89.74317169189453,74.0,0.8514425158500671,0.0,5.4857177734375,15.743171691894531
30262,0,calendar_2014_test,77.1939926147461,86.0,0.8554062247276306,0.0,5.339351654052734,8.806007385253906
30263,0,calendar_2014_test,89.35768127441406,75.0,0.8520289063453674,0.0,5.464065074920654,14.357681274414062
30264,0,calendar_2014_test,79.49830627441406,72.0,0.8746187090873718,0.0,4.629901885986328,7.4983062744140625
30265,0,calendar_2014_test,79.1337890625,74.0,0.8472729921340942,0.0,5.639685153961182,5.1337890625
30266,0,calendar_2014_test,80.30577850341797,76.0,0.8669406771659851,0.0,4.913424968719482,4.305778503417969
30267,0,calendar_2014_test,81.35546875,84.0,0.848028838634491,0.0,5.611774444580078,2.64453125
30268,0,calendar_2014_test,89.74678802490234,81.0,0.8744781017303467,0.0,4.6350932121276855,8.746788024902344
30269,0,calendar_2014_test,85.35411834716797,86.0,0.8782470226287842,0.0,4.4959187507629395,0.6458816528320312
30270,0,calendar_2014_test,91.68344116210938,84.0,0.8319341540336609,0.0,6.2060956954956055,7.683441162109375
30271,0,calendar_2014_test,91.26190948486328,88.0,0.8422412872314453,0.0,5.825488090515137,3.2619094848632812
30272,0,calendar_2014_test,99.28961944580078,91.0,0.8612272143363953,0.0,5.124403476715088,8.289619445800781
30273,0,calendar_2014_test,98.10631561279297,102.0,0.8661095499992371,0.0,4.944115161895752,3.8936843872070312
30274,0,calendar_2014_test,109.70829772949219,121.0,0.8374817371368408,0.0,6.001241207122803,11.291702270507812
30275,0,calendar_2014_test,128.3209686279297,132.0,0.7913475036621094,0.0,7.704822063446045,3.6790313720703125
30276,0,calendar_2014_test,135.12701416015625,163.0,0.7600865364074707,0.0,8.859180450439453,27.87298583984375
30277,0,calendar_2014_test,175.21884155273438,175.0,0.7492822408676147,0.0,9.258146286010742,0.218841552734375
30278,0,calendar_2014_test,183.56565856933594,190.0,0.7187572121620178,0.0,10.385332107543945,6.4343414306640625
30279,0,calendar_2014_test,196.44224548339844,203.0,0.7100442051887512,0.0,10.707073211669922,6.5577545166015625
30280,0,calendar_2014_test,211.05909729003906,205.0,0.6758294701576233,0.0,11.970505714416504,6.0590972900390625
30281,0,calendar_2014_test,214.13221740722656,217.0,0.677699089050293,0.0,11.901468276977539,2.8677825927734375
30282,0,calendar_2014_test,226.0753936767578,241.0,0.7568482160568237,0.0,8.97876262664795,14.924606323242188
30283,0,calendar_2014_test,247.93751525878906,226.0,0.5981053113937378,0.0,14.840592384338379,21.937515258789062
30284,0,calendar_2014_test,212.71035766601562,225.0,0.6729866862297058,0.0,12.075480461120605,12.289642333984375
30285,0,calendar_2014_test,221.73529052734375,205.0,0.7482033967971802,0.0,9.297986030578613,16.73529052734375
30286,0,calendar_2014_test,194.16903686523438,213.0,0.7041945457458496,0.0,10.923079490661621,18.830963134765625
30287,0,calendar_2014_test,211.28012084960938,229.0,0.6341215372085571,0.0,13.510635375976562,17.719879150390625
30288,0,calendar_2014_test,232.98548889160156,217.0,0.6077077984809875,0.0,14.486005783081055,15.985488891601562
30289,0,calendar_2014_test,214.3809051513672,218.0,0.7027994394302368,0.0,10.974596977233887,3.6190948486328125
30290,0,calendar_2014_test,216.5714569091797,128.0,0.6588962078094482,0.0,12.595793724060059,88.57145690917969
30291,0,calendar_2014_test,100.17942810058594,88.0,0.8233785629272461,0.0,6.522024631500244,12.179428100585938
30292,0,calendar_2014_test,75.86241912841797,20.0,0.8797442317008972,0.0,4.440632343292236,55.86241912841797
30293,0,calendar_2014_test,15.471510887145996,16.0,0.9094488620758057,0.0,3.3437423706054688,0.5284891128540039
30294,0,calendar_2014_test,16.09195327758789,6.0,0.9524819850921631,0.0,1.7546764612197876,10.09195327758789
30295,0,calendar_2014_test,9.954065322875977,12.0,0.9168041944503784,0.0,3.0721349716186523,2.0459346771240234
30296,0,calendar_2014_test,9.914997100830078,20.0,0.9066548943519592,0.0,3.4469149112701416,10.085002899169922
30297,0,calendar_2014_test,18.775962829589844,26.0,0.9350569248199463,0.0,2.3981246948242188,7.224037170410156
30298,0,calendar_2014_test,22.408655166625977,16.0,0.9211735725402832,0.0,2.9107885360717773,6.408655166625977
30299,0,calendar_2014_test,16.423904418945312,16.0,0.9217532277107239,0.0,2.8893849849700928,0.4239044189453125
30300,0,calendar_2014_test,20.018932342529297,16.0,0.9213650822639465,0.0,2.903717517852783,4.018932342529297
30301,0,calendar_2014_test,20.758525848388672,12.0,0.9090471267700195,0.0,3.3585784435272217,8.758525848388672
30302,0,calendar_2014_test,18.69012451171875,17.0,0.9109079241752625,0.0,3.289865493774414,1.69012451171875
30303,0,calendar_2014_test,20.53207778930664,17.0,0.9063581228256226,0.0,3.457873582839966,3.5320777893066406
30304,0,calendar_2014_test,20.909114837646484,25.0,0.9208430051803589,0.0,2.9229960441589355,4.090885162353516
30305,0,calendar_2014_test,27.692646026611328,39.0,0.9245142936706543,0.0,2.787429094314575,11.307353973388672
30306,0,calendar_2014_test,42.957942962646484,54.0,0.9106831550598145,0.0,3.2981646060943604,11.042057037353516
30307,0,calendar_2014_test,61.951236724853516,123.0,0.8814796805381775,0.0,4.37654972076416,61.048763275146484
30308,0,calendar_2014_test,134.77529907226562,142.0,0.8411743640899658,0.0,5.8648858070373535,7.224700927734375
30309,0,calendar_2014_test,147.46176147460938,157.0,0.8123506307601929,0.0,6.929248332977295,9.538238525390625
30310,0,calendar_2014_test,159.31373596191406,190.0,0.760344922542572,0.0,8.849640846252441,30.686264038085938
30311,0,calendar_2014_test,189.5510711669922,137.0,0.685090184211731,0.0,11.628539085388184,52.55107116699219
30312,0,calendar_2014_test,126.86641693115234,469.0,0.8193482756614685,0.0,6.670848369598389,342.13358306884766
30313,0,calendar_2014_test,334.46063232421875,344.0,0.48081356287002563,0.0,19.171775817871094,9.53936767578125
30314,0,calendar_2014_test,255.90663146972656,281.0,0.5345783233642578,0.0,17.186426162719727,25.093368530273438
30315,0,calendar_2014_test,252.01412963867188,209.0,0.5594407916069031,0.0,16.268341064453125,43.014129638671875
30316,0,calendar_2014_test,188.61448669433594,150.0,0.7633154988288879,0.0,8.739947319030762,38.61448669433594
30317,0,calendar_2014_test,142.8509979248047,138.0,0.7970050573348999,0.0,7.495908260345459,4.8509979248046875
30318,0,calendar_2014_test,133.481201171875,133.0,0.8235167860984802,0.0,6.516919136047363,0.481201171875
30319,0,calendar_2014_test,126.86833953857422,130.0,0.828143835067749,0.0,6.346059322357178,3.1316604614257812
30320,0,calendar_2014_test,128.32225036621094,143.0,0.8206246495246887,0.0,6.623715877532959,14.677749633789062
30321,0,calendar_2014_test,137.40673828125,103.0,0.8236035108566284,0.0,6.513716220855713,34.40673828125
30322,0,calendar_2014_test,88.5244369506836,81.0,0.8416017293930054,0.0,5.849103927612305,7.524436950683594
30323,0,calendar_2014_test,78.78363800048828,70.0,0.8527802228927612,0.0,5.43632173538208,8.783638000488281
30324,0,calendar_2014_test,71.56057739257812,81.0,0.8779860138893127,0.0,4.505558967590332,9.439422607421875
30325,0,calendar_2014_test,86.11050415039062,117.0,0.8781826496124268,0.0,4.498296737670898,30.889495849609375
30326,0,calendar_2014_test,128.69044494628906,130.0,0.8342620730400085,0.0,6.120132923126221,1.3095550537109375
30327,0,calendar_2014_test,139.1855926513672,146.0,0.745236337184906,0.0,9.407548904418945,6.8144073486328125
30328,0,calendar_2014_test,157.9060516357422,144.0,0.7713544964790344,0.0,8.443094253540039,13.906051635742188
30329,0,calendar_2014_test,151.39418029785156,147.0,0.782498836517334,0.0,8.031572341918945,4.3941802978515625
30330,0,calendar_2014_test,155.16677856445312,140.0,0.7058653235435486,0.0,10.861385345458984,15.166778564453125
30331,0,calendar_2014_test,146.64407348632812,148.0,0.8229382634162903,0.0,6.53828239440918,1.355926513671875
30332,0,calendar_2014_test,157.15699768066406,155.0,0.7592037320137024,0.0,8.891779899597168,2.1569976806640625
30333,0,calendar_2014_test,164.0324249267578,167.0,0.8093954920768738,0.0,7.038371562957764,2.9675750732421875
30334,0,calendar_2014_test,177.74034118652344,180.0,0.8038846254348755,0.0,7.241868019104004,2.2596588134765625
30335,0,calendar_2014_test,190.00137329101562,183.0,0.6491427421569824,0.0,12.955954551696777,7.001373291015625
30336,0,calendar_2014_test,186.80958557128906,181.0,0.7268729209899902,0.0,10.085646629333496,5.8095855712890625
30337,0,calendar_2014_test,177.5357208251953,172.0,0.706024169921875,0.0,10.855518341064453,5.5357208251953125
30338,0,calendar_2014_test,167.95887756347656,167.0,0.758277952671051,0.0,8.925966262817383,0.9588775634765625
30339,0,calendar_2014_test,162.0795135498047,171.0,0.7703506946563721,0.0,8.480162620544434,8.920486450195312
30340,0,calendar_2014_test,170.5875701904297,179.0,0.711417555809021,0.0,10.65635871887207,8.412429809570312
30341,0,calendar_2014_test,181.06211853027344,175.0,0.7454355955123901,0.0,9.400189399719238,6.0621185302734375
30342,0,calendar_2014_test,165.43760681152344,190.0,0.7155026197433472,0.0,10.505513191223145,24.562393188476562
30343,0,calendar_2014_test,189.36471557617188,189.0,0.6813821196556091,0.0,11.76546573638916,0.364715576171875
30344,0,calendar_2014_test,177.95175170898438,187.0,0.7272752523422241,0.0,10.070791244506836,9.048248291015625
30345,0,calendar_2014_test,181.19467163085938,178.0,0.7982317209243774,0.0,7.450610160827637,3.194671630859375
30346,0,calendar_2014_test,173.63194274902344,184.0,0.7764078974723816,0.0,8.256488800048828,10.368057250976562
30347,0,calendar_2014_test,193.81434631347656,152.0,0.682587742805481,0.0,11.720946311950684,41.81434631347656
30348,0,calendar_2014_test,146.6109161376953,124.0,0.7914401292800903,0.0,7.701400279998779,22.610916137695312
30349,0,calendar_2014_test,123.10913848876953,163.0,0.7945659160614014,0.0,7.585975646972656,39.89086151123047
30350,0,calendar_2014_test,177.06666564941406,143.0,0.7042609453201294,0.0,10.92062759399414,34.06666564941406
30351,0,calendar_2014_test,141.89654541015625,127.0,0.7556372284889221,0.0,9.023478507995605,14.89654541015625
30352,0,calendar_2014_test,128.71571350097656,109.0,0.8072633743286133,0.0,7.117101669311523,19.715713500976562
30353,0,calendar_2014_test,109.88032531738281,120.0,0.8482234477996826,0.0,5.604587078094482,10.119674682617188
30354,0,calendar_2014_test,129.9567108154297,135.0,0.815947949886322,0.0,6.796411037445068,5.0432891845703125
30355,0,calendar_2014_test,142.78857421875,118.0,0.7641078233718872,0.0,8.71069049835205,24.78857421875
30356,0,calendar_2014_test,115.97346496582031,132.0,0.853020191192627,0.0,5.427461624145508,16.026535034179688
30357,0,calendar_2014_test,139.84832763671875,141.0,0.7725883722305298,0.0,8.397530555725098,1.15167236328125
30358,0,calendar_2014_test,147.81741333007812,144.0,0.7720738649368286,0.0,8.416529655456543,3.817413330078125
30359,0,calendar_2014_test,150.23886108398438,141.0,0.7358133792877197,0.0,9.755507469177246,9.238861083984375
30360,0,calendar_2014_test,141.12330627441406,144.0,0.775482714176178,0.0,8.290654182434082,2.8766937255859375
30361,0,calendar_2014_test,147.62315368652344,159.0,0.8007768392562866,0.0,7.356627941131592,11.376846313476562
30362,0,calendar_2014_test,162.96388244628906,163.0,0.7695372700691223,0.0,8.510198593139648,0.0361175537109375
30363,0,calendar_2014_test,163.27684020996094,174.0,0.6687915921211243,0.0,12.230390548706055,10.723159790039062
30364,0,calendar_2014_test,184.10208129882812,164.0,0.6676785349845886,0.0,12.271492004394531,20.102081298828125
30365,0,calendar_2014_test,165.50128173828125,171.0,0.7613966464996338,0.0,8.81080436706543,5.49871826171875
30366,0,calendar_2014_test,166.91741943359375,162.0,0.6920924782752991,0.0,11.36996841430664,4.91741943359375
30367,0,calendar_2014_test,159.54107666015625,152.0,0.7178893089294434,0.0,10.417381286621094,7.54107666015625
30368,0,calendar_2014_test,132.93350219726562,141.0,0.8029511570930481,0.0,7.27633810043335,8.066497802734375
30369,0,calendar_2014_test,119.32117462158203,66.0,0.8143662214279175,0.0,6.854817867279053,53.32117462158203
30370,0,calendar_2014_test,37.58712387084961,22.0,0.8876027464866638,0.0,4.150444507598877,15.58712387084961
30371,0,calendar_2014_test,19.22038459777832,15.0,0.9284039735794067,0.0,2.6437957286834717,4.22038459777832
30372,0,calendar_2014_test,15.421551704406738,13.0,0.9319031834602356,0.0,2.5145816802978516,2.4215517044067383
30373,0,calendar_2014_test,14.773661613464355,13.0,0.9278415441513062,0.0,2.6645636558532715,1.7736616134643555
30374,0,calendar_2014_test,12.210921287536621,12.0,0.9438082575798035,0.0,2.0749692916870117,0.2109212875366211
30375,0,calendar_2014_test,14.50976276397705,13.0,0.9237574338912964,0.0,2.815375804901123,1.5097627639770508
30376,0,calendar_2014_test,13.085490226745605,10.0,0.9401783347129822,0.0,2.2090096473693848,3.0854902267456055
30377,0,calendar_2014_test,12.333873748779297,9.0,0.9324752688407898,0.0,2.4934563636779785,3.333873748779297
30378,0,calendar_2014_test,10.121875762939453,8.0,0.9292243719100952,0.0,2.613502025604248,2.121875762939453
30379,0,calendar_2014_test,11.731070518493652,9.0,0.9288113117218018,0.0,2.6287553310394287,2.7310705184936523
30380,0,calendar_2014_test,13.42898941040039,7.0,0.9288134574890137,0.0,2.6286752223968506,6.428989410400391
30381,0,calendar_2014_test,12.456777572631836,9.0,0.908411979675293,0.0,3.382030725479126,3.456777572631836
30382,0,calendar_2014_test,11.919340133666992,8.0,0.9408989548683167,0.0,2.182399034500122,3.919340133666992
30383,0,calendar_2014_test,12.033452033996582,10.0,0.9418866634368896,0.0,2.1459264755249023,2.033452033996582
30384,0,calendar_2014_test,12.278316497802734,8.0,0.9556312561035156,0.0,1.638385534286499,4.278316497802734
30385,0,calendar_2014_test,10.627239227294922,10.0,0.9299153685569763,0.0,2.5879859924316406,0.6272392272949219
30386,0,calendar_2014_test,15.206409454345703,9.0,0.9311087131500244,0.0,2.5439178943634033,6.206409454345703
30387,0,calendar_2014_test,12.946928024291992,6.0,0.9405671954154968,0.0,2.194650173187256,6.946928024291992
30388,0,calendar_2014_test,6.557478904724121,6.0,0.9317854642868042,0.0,2.518928289413452,0.5574789047241211
30389,0,calendar_2014_test,5.320891857147217,7.0,0.9050029516220093,0.0,3.50791597366333,1.6791081428527832
30390,0,calendar_2014_test,8.540813446044922,5.0,0.9321151375770569,0.0,2.5067551136016846,3.540813446044922
30391,0,calendar_2014_test,7.723073482513428,6.0,0.9352505207061768,0.0,2.3909759521484375,1.7230734825134277
30392,0,calendar_2014_test,8.918807029724121,6.0,0.9360463619232178,0.0,2.361589193344116,2.918807029724121
30393,0,calendar_2014_test,8.502910614013672,4.0,0.9302032589912415,0.0,2.5773541927337646,4.502910614013672
30394,0,calendar_2014_test,7.800635814666748,4.0,0.9322029948234558,0.0,2.5035111904144287,3.800635814666748
30395,0,calendar_2014_test,5.336010456085205,6.0,0.9188920855522156,0.0,2.99503755569458,0.6639895439147949
30396,0,calendar_2014_test,8.546732902526855,6.0,0.92975914478302,0.0,2.5937540531158447,2.5467329025268555
30397,0,calendar_2014_test,8.614699363708496,6.0,0.9452935457229614,0.0,2.0201222896575928,2.614699363708496
30398,0,calendar_2014_test,8.212393760681152,4.0,0.9322752952575684,0.0,2.500842332839966,4.212393760681152
30399,0,calendar_2014_test,7.95017147064209,6.0,0.913172721862793,0.0,3.2062339782714844,1.9501714706420898
30400,0,calendar_2014_test,9.554253578186035,6.0,0.9318645596504211,0.0,2.5160083770751953,3.554253578186035
30401,0,calendar_2014_test,9.91300106048584,6.0,0.9144748449325562,0.0,3.1581497192382812,3.91300106048584
30402,0,calendar_2014_test,9.241074562072754,6.0,0.9222822189331055,0.0,2.869852066040039,3.241074562072754
30403,0,calendar_2014_test,10.12039852142334,11.0,0.9352559447288513,0.0,2.390775442123413,0.8796014785766602
30404,0,calendar_2014_test,13.402443885803223,11.0,0.9467686414718628,0.0,1.965652585029602,2.4024438858032227
30405,0,calendar_2014_test,14.174798011779785,13.0,0.9307730197906494,0.0,2.55631422996521,1.1747980117797852
30406,0,calendar_2014_test,14.405943870544434,16.0,0.9301135540008545,0.0,2.580667018890381,1.5940561294555664
30407,0,calendar_2014_test,15.463242530822754,3.0,0.9341170787811279,0.0,2.432831048965454,12.463242530822754
30408,0,calendar_2014_test,9.099374771118164,7.0,0.9215425848960876,0.0,2.8971633911132812,2.099374771118164
30409,0,calendar_2014_test,8.6453275680542,6.0,0.9345335960388184,0.0,2.4174509048461914,2.645327568054199
30410,0,calendar_2014_test,8.543179512023926,6.0,0.9418237805366516,0.0,2.1482486724853516,2.543179512023926
30411,0,calendar_2014_test,7.809848308563232,6.0,0.9280478954315186,0.0,2.656944990158081,1.8098483085632324
30412,0,calendar_2014_test,7.557013511657715,6.0,0.9070802330970764,0.0,3.431209087371826,1.5570135116577148
30413,0,calendar_2014_test,9.296342849731445,7.0,0.92925626039505,0.0,2.612323045730591,2.2963428497314453
30414,0,calendar_2014_test,8.660846710205078,10.0,0.9315418601036072,0.0,2.5279245376586914,1.3391532897949219
30415,0,calendar_2014_test,10.032939910888672,10.0,0.9283510446548462,0.0,2.6457512378692627,0.032939910888671875
30416,0,calendar_2014_test,11.553372383117676,9.0,0.9210708737373352,0.0,2.9145822525024414,2.553372383117676
30417,0,calendar_2014_test,10.38646125793457,12.0,0.9306813478469849,0.0,2.5597012042999268,1.6135387420654297
30418,0,calendar_2014_test,10.503613471984863,12.0,0.9350380897521973,0.0,2.398820400238037,1.4963865280151367
30419,0,calendar_2014_test,12.743664741516113,11.0,0.9329888820648193,0.0,2.474489688873291,1.7436647415161133
30420,0,calendar_2014_test,10.344183921813965,10.0,0.9379942417144775,0.0,2.289659023284912,0.34418392181396484
30421,0,calendar_2014_test,11.00854778289795,6.0,0.9347518086433411,0.0,2.4093918800354004,5.008547782897949
30422,0,calendar_2014_test,10.212770462036133,8.0,0.9175872206687927,0.0,3.043221950531006,2.212770462036133
30423,0,calendar_2014_test,13.415790557861328,7.0,0.9320512413978577,0.0,2.509115219116211,6.415790557861328
30424,0,calendar_2014_test,15.1215238571167,18.0,0.9382736086845398,0.0,2.2793445587158203,2.878476142883301
30425,0,calendar_2014_test,19.001224517822266,17.0,0.9259772300720215,0.0,2.733408212661743,2.0012245178222656
30426,0,calendar_2014_test,23.615196228027344,50.0,0.9138038754463196,0.0,3.1829264163970947,26.384803771972656
30427,0,calendar_2014_test,55.16203689575195,71.0,0.8585448861122131,0.0,5.223452568054199,15.837963104248047
30428,0,calendar_2014_test,75.86981964111328,91.0,0.8643358945846558,0.0,5.009609699249268,15.130180358886719
30429,0,calendar_2014_test,96.38741302490234,109.0,0.842877209186554,0.0,5.802005290985107,12.612586975097656
30430,0,calendar_2014_test,115.6141128540039,126.0,0.8168518543243408,0.0,6.763032913208008,10.385887145996094
30431,0,calendar_2014_test,130.66563415527344,104.0,0.8197841048240662,0.0,6.654755115509033,26.665634155273438
30432,0,calendar_2014_test,94.5634765625,80.0,0.8588767647743225,0.0,5.2111968994140625,14.5634765625
30433,0,calendar_2014_test,76.32845306396484,69.0,0.8771936893463135,0.0,4.534815788269043,7.328453063964844
30434,0,calendar_2014_test,68.27542877197266,62.0,0.908742368221283,0.0,3.36983060836792,6.275428771972656
30435,0,calendar_2014_test,63.0001106262207,73.0,0.864881157875061,0.0,4.989475250244141,9.999889373779297
30436,0,calendar_2014_test,75.70155334472656,115.0,0.8694307208061218,0.0,4.821475028991699,39.29844665527344
30437,0,calendar_2014_test,120.5334243774414,155.0,0.8169642686843872,0.0,6.758881092071533,34.466575622558594
30438,0,calendar_2014_test,161.7848663330078,148.0,0.7556688785552979,0.0,9.022310256958008,13.784866333007812
30439,0,calendar_2014_test,145.28427124023438,114.0,0.7844074964523315,0.0,7.961090564727783,31.284271240234375
30440,0,calendar_2014_test,109.10823059082031,94.0,0.8693511486053467,0.0,4.82441520690918,15.108230590820312
30441,0,calendar_2014_test,91.8755874633789,117.0,0.8416106700897217,0.0,5.848774433135986,25.124412536621094
30442,0,calendar_2014_test,121.0378646850586,118.0,0.8148952126502991,0.0,6.835284233093262,3.0378646850585938
30443,0,calendar_2014_test,115.41033172607422,116.0,0.8282357454299927,0.0,6.342665195465088,0.5896682739257812
30444,0,calendar_2014_test,117.89541625976562,96.0,0.8695905208587646,0.0,4.815575122833252,21.895416259765625
30445,0,calendar_2014_test,96.38829803466797,96.0,0.8539155125617981,0.0,5.3943986892700195,0.38829803466796875
30446,0,calendar_2014_test,100.8801040649414,102.0,0.7952732443809509,0.0,7.5598578453063965,1.1198959350585938
30447,0,calendar_2014_test,106.1398696899414,99.0,0.817306399345398,0.0,6.7462477684021,7.139869689941406
30448,0,calendar_2014_test,101.2190170288086,104.0,0.8219236731529236,0.0,6.575748443603516,2.7809829711914062
30449,0,calendar_2014_test,112.50483703613281,101.0,0.8390686511993408,0.0,5.942643165588379,11.504837036132812
30450,0,calendar_2014_test,105.74696350097656,92.0,0.8383094072341919,0.0,5.970680236816406,13.746963500976562
30451,0,calendar_2014_test,94.65003967285156,76.0,0.8436707258224487,0.0,5.772703647613525,18.650039672851562
30452,0,calendar_2014_test,78.51851654052734,90.0,0.8442426919937134,0.0,5.751582622528076,11.481483459472656
30453,0,calendar_2014_test,99.81108856201172,111.0,0.8428969383239746,0.0,5.801278114318848,11.188911437988281
30454,0,calendar_2014_test,117.12430572509766,125.0,0.8267392516136169,0.0,6.397925853729248,7.875694274902344
30455,0,calendar_2014_test,133.59396362304688,139.0,0.7810420989990234,0.0,8.08536434173584,5.406036376953125
30456,0,calendar_2014_test,149.38502502441406,151.0,0.7885620594024658,0.0,7.80767822265625,1.6149749755859375
30457,0,calendar_2014_test,161.91497802734375,204.0,0.7075957655906677,0.0,10.7974853515625,42.08502197265625
30458,0,calendar_2014_test,209.4366912841797,203.0,0.6494760513305664,0.0,12.943647384643555,6.4366912841796875
30459,0,calendar_2014_test,204.21270751953125,200.0,0.6581575870513916,0.0,12.623068809509277,4.21270751953125
30460,0,calendar_2014_test,195.9597625732422,187.0,0.7187117338180542,0.0,10.387009620666504,8.959762573242188
30461,0,calendar_2014_test,179.45619201660156,168.0,0.7455925345420837,0.0,9.394394874572754,11.456192016601562
30462,0,calendar_2014_test,166.76121520996094,158.0,0.7855761647224426,0.0,7.917937755584717,8.761215209960938
30463,0,calendar_2014_test,158.26734924316406,155.0,0.7900405526161194,0.0,7.753082275390625,3.2673492431640625
30464,0,calendar_2014_test,156.6011505126953,154.0,0.7464081048965454,0.0,9.364280700683594,2.6011505126953125
30465,0,calendar_2014_test,145.8424835205078,146.0,0.7649035453796387,0.0,8.681305885314941,0.1575164794921875
30466,0,calendar_2014_test,134.86761474609375,150.0,0.7710287570953369,0.0,8.455121994018555,15.13238525390625
30467,0,calendar_2014_test,140.28570556640625,136.0,0.752162516117096,0.0,9.151788711547852,4.28570556640625
30468,0,calendar_2014_test,133.3968048095703,130.0,0.7979192733764648,0.0,7.462149620056152,3.3968048095703125
30469,0,calendar_2014_test,127.54761505126953,122.0,0.8202834129333496,0.0,6.636316776275635,5.547615051269531
30470,0,calendar_2014_test,120.51835632324219,125.0,0.7926523685455322,0.0,7.656637668609619,4.4816436767578125
30471,0,calendar_2014_test,130.67527770996094,121.0,0.780958890914917,0.0,8.088436126708984,9.675277709960938
30472,0,calendar_2014_test,122.32673645019531,108.0,0.865185022354126,0.0,4.9782538414001465,14.326736450195312
30473,0,calendar_2014_test,109.60993957519531,102.0,0.7945850491523743,0.0,7.585268974304199,7.6099395751953125
30474,0,calendar_2014_test,107.54666900634766,118.0,0.8412176370620728,0.0,5.863288879394531,10.453330993652344
30475,0,calendar_2014_test,129.72169494628906,130.0,0.8114916682243347,0.0,6.96096658706665,0.2783050537109375
30476,0,calendar_2014_test,140.7334747314453,155.0,0.8246262073516846,0.0,6.475953578948975,14.266525268554688
30477,0,calendar_2014_test,170.80673217773438,131.0,0.7834334373474121,0.0,7.997059345245361,39.806732177734375
30478,0,calendar_2014_test,130.1864776611328,93.0,0.764305591583252,0.0,8.703386306762695,37.18647766113281
30479,0,calendar_2014_test,87.45945739746094,91.0,0.8447411060333252,0.0,5.733177185058594,3.5405426025390625
30480,0,calendar_2014_test,95.11203002929688,86.0,0.8332438468933105,0.0,6.1577324867248535,9.112030029296875
30481,0,calendar_2014_test,86.989013671875,101.0,0.8547096848487854,0.0,5.365072727203369,14.010986328125
30482,0,calendar_2014_test,105.48008728027344,105.0,0.8784019351005554,0.0,4.490200519561768,0.4800872802734375
30483,0,calendar_2014_test,102.5719223022461,110.0,0.8492707014083862,0.0,5.565916061401367,7.428077697753906
30484,0,calendar_2014_test,109.35869598388672,112.0,0.8025888204574585,0.0,7.289719104766846,2.6413040161132812
30485,0,calendar_2014_test,115.62484741210938,119.0,0.8443378210067749,0.0,5.7480692863464355,3.375152587890625
30486,0,calendar_2014_test,125.52879333496094,100.0,0.8239490389823914,0.0,6.5009589195251465,25.528793334960938
30487,0,calendar_2014_test,98.08689880371094,105.0,0.816989541053772,0.0,6.757949352264404,6.9131011962890625
30488,0,calendar_2014_test,110.86103057861328,105.0,0.8402577638626099,0.0,5.898733139038086,5.861030578613281
30489,0,calendar_2014_test,107.73566436767578,112.0,0.8660572171211243,0.0,4.946047782897949,4.264335632324219
30490,0,calendar_2014_test,114.90837860107422,107.0,0.8354941606521606,0.0,6.0746378898620605,7.908378601074219
30491,0,calendar_2014_test,108.48542022705078,94.0,0.8374320268630981,0.0,6.003077983856201,14.485420227050781
30492,0,calendar_2014_test,93.61198425292969,84.0,0.8370563983917236,0.0,6.0169477462768555,9.611984252929688
30493,0,calendar_2014_test,83.62397003173828,89.0,0.8296517133712769,0.0,6.290378093719482,5.376029968261719
30494,0,calendar_2014_test,95.68943786621094,90.0,0.8589121103286743,0.0,5.209892272949219,5.6894378662109375
30495,0,calendar_2014_test,95.2020034790039,98.0,0.858590841293335,0.0,5.221755504608154,2.7979965209960938
30496,0,calendar_2014_test,106.36299133300781,100.0,0.8498234152793884,0.0,5.545505523681641,6.3629913330078125
30497,0,calendar_2014_test,105.81336212158203,109.0,0.8270198106765747,0.0,6.387564659118652,3.1866378784179688
30498,0,calendar_2014_test,115.11500549316406,107.0,0.7747854590415955,0.0,8.316400527954102,8.115005493164062
30499,0,calendar_2014_test,109.23717498779297,107.0,0.8379377722740173,0.0,5.984402656555176,2.2371749877929688
30500,0,calendar_2014_test,110.71365356445312,106.0,0.8242920637130737,0.0,6.488292694091797,4.713653564453125
30501,0,calendar_2014_test,109.08573913574219,108.0,0.8142327070236206,0.0,6.859748363494873,1.0857391357421875
30502,0,calendar_2014_test,111.7702865600586,109.0,0.7970843315124512,0.0,7.492979049682617,2.7702865600585938
30503,0,calendar_2014_test,110.78218841552734,106.0,0.7641157507896423,0.0,8.710395812988281,4.782188415527344
30504,0,calendar_2014_test,106.44971466064453,95.0,0.841210663318634,0.0,5.863545894622803,11.449714660644531
30505,0,calendar_2014_test,93.5023193359375,94.0,0.8556925058364868,0.0,5.328779697418213,0.4976806640625
30506,0,calendar_2014_test,96.86581420898438,88.0,0.8727574944496155,0.0,4.698628902435303,8.865814208984375
30507,0,calendar_2014_test,90.19998168945312,115.0,0.8588175177574158,0.0,5.213385105133057,24.800018310546875
30508,0,calendar_2014_test,125.03506469726562,133.0,0.8016341328620911,0.0,7.324970722198486,7.964935302734375
30509,0,calendar_2014_test,143.1603240966797,132.0,0.7587341070175171,0.0,8.909123420715332,11.160324096679688
30510,0,calendar_2014_test,138.24342346191406,147.0,0.8309698700904846,0.0,6.241703033447266,8.756576538085938
30511,0,calendar_2014_test,155.24644470214844,147.0,0.7936888933181763,0.0,7.618362903594971,8.246444702148438
30512,0,calendar_2014_test,146.24716186523438,146.0,0.7721402049064636,0.0,8.414080619812012,0.247161865234375
30513,0,calendar_2014_test,148.49264526367188,79.0,0.8224201798439026,0.0,6.557413578033447,69.49264526367188
30514,0,calendar_2014_test,64.27682495117188,38.0,0.8717553615570068,0.0,4.735634803771973,26.276824951171875
30515,0,calendar_2014_test,27.771114349365234,20.0,0.9103567600250244,0.0,3.3102169036865234,7.771114349365234
30516,0,calendar_2014_test,19.87101936340332,14.0,0.9280043244361877,0.0,2.6585538387298584,5.87101936340332
30517,0,calendar_2014_test,18.383390426635742,10.0,0.9138913750648499,0.0,3.179696559906006,8.383390426635742
30518,0,calendar_2014_test,12.945087432861328,6.0,0.9298102855682373,0.0,2.5918643474578857,6.945087432861328
30519,0,calendar_2014_test,13.13381290435791,9.0,0.9327930808067322,0.0,2.4817206859588623,4.13381290435791
30520,0,calendar_2014_test,12.432513236999512,7.0,0.9156704545021057,0.0,3.1140007972717285,5.432513236999512
30521,0,calendar_2014_test,12.44429874420166,10.0,0.9187461733818054,0.0,3.000424861907959,2.44429874420166
30522,0,calendar_2014_test,11.941831588745117,8.0,0.9286136627197266,0.0,2.6360526084899902,3.941831588745117
30523,0,calendar_2014_test,13.685009956359863,7.0,0.9399961829185486,0.0,2.215735673904419,6.685009956359863
30524,0,calendar_2014_test,11.811270713806152,14.0,0.9409347176551819,0.0,2.1810786724090576,2.1887292861938477
30525,0,calendar_2014_test,15.990903854370117,10.0,0.9445671439170837,0.0,2.0469443798065186,5.990903854370117
30526,0,calendar_2014_test,14.71889877319336,6.0,0.9365099668502808,0.0,2.344468593597412,8.71889877319336
30527,0,calendar_2014_test,11.889988899230957,9.0,0.9375408291816711,0.0,2.3064026832580566,2.889988899230957
30528,0,calendar_2014_test,11.475672721862793,13.0,0.9431160688400269,0.0,2.1005289554595947,1.524327278137207
30529,0,calendar_2014_test,14.236414909362793,9.0,0.9320592880249023,0.0,2.508817195892334,5.236414909362793
30530,0,calendar_2014_test,13.176576614379883,10.0,0.9293316602706909,0.0,2.609539747238159,3.176576614379883
30531,0,calendar_2014_test,10.931597709655762,9.0,0.942645788192749,0.0,2.117894172668457,1.9315977096557617
30532,0,calendar_2014_test,12.66499137878418,10.0,0.9237940311431885,0.0,2.8140242099761963,2.6649913787841797
30533,0,calendar_2014_test,11.794075965881348,10.0,0.9367872476577759,0.0,2.334230661392212,1.7940759658813477
30534,0,calendar_2014_test,11.961431503295898,11.0,0.9333168268203735,0.0,2.4623806476593018,0.9614315032958984
30535,0,calendar_2014_test,11.856293678283691,12.0,0.9289467930793762,0.0,2.6237504482269287,0.1437063217163086
30536,0,calendar_2014_test,12.452266693115234,16.0,0.9382675886154175,0.0,2.2795658111572266,3.5477333068847656
30537,0,calendar_2014_test,14.402871131896973,12.0,0.9141952991485596,0.0,3.1684725284576416,2.4028711318969727
30538,0,calendar_2014_test,14.225968360900879,17.0,0.9353469610214233,0.0,2.38741397857666,2.774031639099121
30539,0,calendar_2014_test,16.919675827026367,14.0,0.9356238842010498,0.0,2.3771891593933105,2.919675827026367
30540,0,calendar_2014_test,15.535032272338867,14.0,0.936418354511261,0.0,2.3478527069091797,1.5350322723388672
30541,0,calendar_2014_test,15.596639633178711,12.0,0.9538784623146057,0.0,1.7031099796295166,3.596639633178711
30542,0,calendar_2014_test,13.603815078735352,14.0,0.9398436546325684,0.0,2.2213666439056396,0.39618492126464844
30543,0,calendar_2014_test,17.50908660888672,10.0,0.9296245574951172,0.0,2.598723888397217,7.509086608886719
30544,0,calendar_2014_test,14.418634414672852,11.0,0.9378194808959961,0.0,2.2961134910583496,3.4186344146728516
30545,0,calendar_2014_test,14.64289665222168,11.0,0.9451000094413757,0.0,2.027268886566162,3.6428966522216797
30546,0,calendar_2014_test,14.312771797180176,14.0,0.9455304145812988,0.0,2.0113754272460938,0.3127717971801758
30547,0,calendar_2014_test,15.301324844360352,15.0,0.9348887205123901,0.0,2.4043359756469727,0.30132484436035156
30548,0,calendar_2014_test,17.281795501708984,26.0,0.9288270473480225,0.0,2.628173828125,8.718204498291016
30549,0,calendar_2014_test,24.830427169799805,24.0,0.9241786599159241,0.0,2.7998225688934326,0.8304271697998047
30550,0,calendar_2014_test,21.57585334777832,18.0,0.9135411977767944,0.0,3.192626714706421,3.5758533477783203
30551,0,calendar_2014_test,19.30721092224121,11.0,0.9419131278991699,0.0,2.1449499130249023,8.307210922241211
30552,0,calendar_2014_test,14.455265998840332,12.0,0.9372760653495789,0.0,2.3161792755126953,2.455265998840332
30553,0,calendar_2014_test,14.839263916015625,9.0,0.8944599628448486,0.0,3.8972322940826416,5.839263916015625
30554,0,calendar_2014_test,12.224442481994629,9.0,0.9436553716659546,0.0,2.080612897872925,3.224442481994629
30555,0,calendar_2014_test,12.55941104888916,13.0,0.9426445960998535,0.0,2.1179373264312744,0.44058895111083984
30556,0,calendar_2014_test,14.155401229858398,9.0,0.9383624196052551,0.0,2.276064157485962,5.155401229858398
30557,0,calendar_2014_test,14.246243476867676,8.0,0.9281808733940125,0.0,2.6520333290100098,6.246243476867676
30558,0,calendar_2014_test,13.772786140441895,7.0,0.9353551864624023,0.0,2.3871116638183594,6.7727861404418945
30559,0,calendar_2014_test,12.239531517028809,13.0,0.9477676153182983,0.0,1.9287617206573486,0.7604684829711914
30560,0,calendar_2014_test,13.959187507629395,13.0,0.9328305721282959,0.0,2.480337381362915,0.9591875076293945
30561,0,calendar_2014_test,15.606189727783203,22.0,0.9339145421981812,0.0,2.440310001373291,6.393810272216797
30562,0,calendar_2014_test,20.52826499938965,10.0,0.9402235746383667,0.0,2.2073373794555664,10.528264999389648
30563,0,calendar_2014_test,14.300710678100586,18.0,0.9413285851478577,0.0,2.166534185409546,3.699289321899414
30564,0,calendar_2014_test,22.652626037597656,20.0,0.9221369624137878,0.0,2.8752143383026123,2.6526260375976562
30565,0,calendar_2014_test,25.876075744628906,20.0,0.9305875301361084,0.0,2.563164710998535,5.876075744628906
30566,0,calendar_2014_test,26.035053253173828,26.0,0.9388777613639832,0.0,2.2570340633392334,0.035053253173828125
30567,0,calendar_2014_test,31.006656646728516,24.0,0.9260592460632324,0.0,2.7303783893585205,7.006656646728516
30568,0,calendar_2014_test,31.127952575683594,25.0,0.9181421995162964,0.0,3.022728443145752,6.127952575683594
30569,0,calendar_2014_test,31.082509994506836,34.0,0.9166402816772461,0.0,3.078188419342041,2.917490005493164
30570,0,calendar_2014_test,40.83089065551758,42.0,0.8901121020317078,0.0,4.0577826499938965,1.1691093444824219
30571,0,calendar_2014_test,48.875980377197266,47.0,0.9052236080169678,0.0,3.499767541885376,1.8759803771972656
30572,0,calendar_2014_test,55.92279052734375,53.0,0.9092668294906616,0.0,3.3504650592803955,2.92279052734375
30573,0,calendar_2014_test,62.195247650146484,64.0,0.8950387239456177,0.0,3.8758599758148193,1.8047523498535156
30574,0,calendar_2014_test,74.5858383178711,65.0,0.8704257011413574,0.0,4.784733772277832,9.585838317871094
30575,0,calendar_2014_test,70.03913116455078,66.0,0.9007400274276733,0.0,3.6653313636779785,4.039131164550781
30576,0,calendar_2014_test,72.07005310058594,76.0,0.8891509771347046,0.0,4.0932745933532715,3.9299468994140625
30577,0,calendar_2014_test,83.99342346191406,83.0,0.8400666117668152,0.0,5.905792236328125,0.9934234619140625
30578,0,calendar_2014_test,90.22974395751953,120.0,0.8482380509376526,0.0,5.604047775268555,29.77025604248047
30579,0,calendar_2014_test,127.18306732177734,121.0,0.7831165790557861,0.0,8.00876235961914,6.183067321777344
30580,0,calendar_2014_test,123.28837585449219,111.0,0.8266668915748596,0.0,6.40059757232666,12.288375854492188
30581,0,calendar_2014_test,107.56122589111328,112.0,0.8179526925086975,0.0,6.722382068634033,4.438774108886719
30582,0,calendar_2014_test,111.38802337646484,100.0,0.823219895362854,0.0,6.527883529663086,11.388023376464844
30583,0,calendar_2014_test,97.25730895996094,84.0,0.8484684824943542,0.0,5.595539569854736,13.257308959960938
30584,0,calendar_2014_test,80.17884063720703,66.0,0.8728052377700806,0.0,4.696865081787109,14.178840637207031
30585,0,calendar_2014_test,60.8068962097168,64.0,0.8773932456970215,0.0,4.527446269989014,3.193103790283203
30586,0,calendar_2014_test,64.37894439697266,73.0,0.893122136592865,0.0,3.9466323852539062,8.621055603027344
30587,0,calendar_2014_test,78.71456146240234,90.0,0.8682980537414551,0.0,4.863302230834961,11.285438537597656
30588,0,calendar_2014_test,97.1468734741211,103.0,0.8698441982269287,0.0,4.80620813369751,5.853126525878906
30589,0,calendar_2014_test,106.36740112304688,126.0,0.8391181230545044,0.0,5.940817356109619,19.632598876953125
30590,0,calendar_2014_test,133.7450408935547,146.0,0.7978108525276184,0.0,7.466152191162109,12.254959106445312
30591,0,calendar_2014_test,150.22821044921875,143.0,0.7604741454124451,0.0,8.844867706298828,7.22821044921875
30592,0,calendar_2014_test,142.1710662841797,135.0,0.8090376257896423,0.0,7.051585674285889,7.1710662841796875
30593,0,calendar_2014_test,137.31329345703125,188.0,0.7862913608551025,0.0,7.891526222229004,50.68670654296875
30594,0,calendar_2014_test,194.5549774169922,221.0,0.7183171510696411,0.0,10.401582717895508,26.445022583007812
30595,0,calendar_2014_test,224.9564666748047,203.0,0.5946878790855408,0.0,14.96678638458252,21.956466674804688
30596,0,calendar_2014_test,201.32089233398438,204.0,0.6844028234481812,0.0,11.653922080993652,2.679107666015625
30597,0,calendar_2014_test,208.9300079345703,184.0,0.6022946834564209,0.0,14.685894966125488,24.930007934570312
30598,0,calendar_2014_test,182.9628448486328,177.0,0.6710013151168823,0.0,12.148794174194336,5.9628448486328125
30599,0,calendar_2014_test,181.10923767089844,220.0,0.7305586934089661,0.0,9.949542999267578,38.89076232910156
30600,0,calendar_2014_test,226.4342803955078,268.0,0.7306926250457764,0.0,9.944599151611328,41.56571960449219
30601,0,calendar_2014_test,253.44622802734375,255.0,0.608381986618042,0.0,14.46111011505127,1.55377197265625
30602,0,calendar_2014_test,238.73831176757812,241.0,0.6474094390869141,0.0,13.019960403442383,2.261688232421875
30603,0,calendar_2014_test,228.3623809814453,181.0,0.6825695037841797,0.0,11.721620559692383,47.36238098144531
30604,0,calendar_2014_test,158.06922912597656,146.0,0.7794895768165588,0.0,8.142694473266602,12.069229125976562
30605,0,calendar_2014_test,126.6459732055664,141.0,0.8085277080535889,0.0,7.070415019989014,14.354026794433594
30606,0,calendar_2014_test,132.3802032470703,136.0,0.7942638397216797,0.0,7.597129821777344,3.6197967529296875
30607,0,calendar_2014_test,127.88599395751953,124.0,0.8404313325881958,0.0,5.892323970794678,3.8859939575195312
30608,0,calendar_2014_test,105.00938415527344,87.0,0.8587671518325806,0.0,5.215245723724365,18.009384155273438
30609,0,calendar_2014_test,75.31788635253906,66.0,0.8509274125099182,0.0,5.504739761352539,9.317886352539062
30610,0,calendar_2014_test,55.06942367553711,44.0,0.8756165504455566,0.0,4.593055248260498,11.06942367553711
30611,0,calendar_2014_test,42.42116928100586,36.0,0.8993201851844788,0.0,3.717759609222412,6.421169281005859
30612,0,calendar_2014_test,38.25952911376953,39.0,0.903684675693512,0.0,3.5565953254699707,0.7404708862304688
30613,0,calendar_2014_test,41.25751495361328,55.0,0.9126063585281372,0.0,3.227146863937378,13.742485046386719
30614,0,calendar_2014_test,58.87873458862305,114.0,0.8788273930549622,0.0,4.474489212036133,55.12126541137695
30615,0,calendar_2014_test,122.79044342041016,100.0,0.8021782040596008,0.0,7.3048810958862305,22.790443420410156
30616,0,calendar_2014_test,99.8955307006836,95.0,0.8385786414146423,0.0,5.960737228393555,4.895530700683594
30617,0,calendar_2014_test,98.36229705810547,162.0,0.8635294437408447,0.0,5.0393900871276855,63.63770294189453
30618,0,calendar_2014_test,170.2239532470703,237.0,0.8044219613075256,0.0,7.222026824951172,66.77604675292969
30619,0,calendar_2014_test,229.04478454589844,229.0,0.6609882116317749,0.0,12.51854419708252,0.0447845458984375
30620,0,calendar_2014_test,227.7779998779297,175.0,0.5994144678115845,0.0,14.79224967956543,52.77799987792969
30621,0,calendar_2014_test,167.6240692138672,150.0,0.6930229067802429,0.0,11.335611343383789,17.624069213867188
30622,0,calendar_2014_test,148.3749237060547,145.0,0.739204466342926,0.0,9.630285263061523,3.3749237060546875
30623,0,calendar_2014_test,146.95172119140625,268.0,0.7946339845657349,0.0,7.583462715148926,121.04827880859375
30624,0,calendar_2014_test,240.38072204589844,237.0,0.6454863548278809,0.0,13.090971946716309,3.3807220458984375
30625,0,calendar_2014_test,208.82254028320312,208.0,0.683882474899292,0.0,11.673135757446289,0.822540283203125
30626,0,calendar_2014_test,197.1256866455078,193.0,0.6514825820922852,0.0,12.869553565979004,4.1256866455078125
30627,0,calendar_2014_test,181.90338134765625,175.0,0.6719868183135986,0.0,12.11240291595459,6.90338134765625
30628,0,calendar_2014_test,167.2598419189453,160.0,0.7367802262306213,0.0,9.719803810119629,7.2598419189453125
30629,0,calendar_2014_test,150.00173950195312,176.0,0.8186986446380615,0.0,6.694838047027588,25.998260498046875
30630,0,calendar_2014_test,174.57301330566406,181.0,0.7652468085289001,0.0,8.668630599975586,6.4269866943359375
30631,0,calendar_2014_test,173.75604248046875,185.0,0.7451251745223999,0.0,9.411653518676758,11.24395751953125
30632,0,calendar_2014_test,180.5510711669922,198.0,0.6938945055007935,0.0,11.303427696228027,17.448928833007812
30633,0,calendar_2014_test,198.78732299804688,205.0,0.721473217010498,0.0,10.285037994384766,6.212677001953125
30634,0,calendar_2014_test,209.08978271484375,206.0,0.6629382967948914,0.0,12.446533203125,3.08978271484375
30635,0,calendar_2014_test,204.47085571289062,214.0,0.7086365222930908,0.0,10.759055137634277,9.529144287109375
30636,0,calendar_2014_test,220.65673828125,214.0,0.7075308561325073,0.0,10.799881935119629,6.65673828125
30637,0,calendar_2014_test,212.24722290039062,204.0,0.6715530753135681,0.0,12.128418922424316,8.247222900390625
30638,0,calendar_2014_test,202.74288940429688,208.0,0.7377499341964722,0.0,9.68399715423584,5.257110595703125
30639,0,calendar_2014_test,212.46395874023438,200.0,0.6060831546783447,0.0,14.545999526977539,12.463958740234375
30640,0,calendar_2014_test,194.52743530273438,197.0,0.721336841583252,0.0,10.29007339477539,2.472564697265625
30641,0,calendar_2014_test,196.61073303222656,220.0,0.7122882604598999,0.0,10.624207496643066,23.389266967773438
30642,0,calendar_2014_test,227.53465270996094,236.0,0.6613084673881531,0.0,12.50671672821045,8.465347290039062
30643,0,calendar_2014_test,251.88638305664062,239.0,0.5675647258758545,0.0,15.968350410461426,12.886383056640625
30644,0,calendar_2014_test,248.6664581298828,250.0,0.6570355296134949,0.0,12.664502143859863,1.3335418701171875
30645,0,calendar_2014_test,261.755859375,243.0,0.5527757406234741,0.0,16.51445770263672,18.755859375
30646,0,calendar_2014_test,241.6844940185547,251.0,0.6883572936058044,0.0,11.507896423339844,9.315505981445312
30647,0,calendar_2014_test,258.24237060546875,263.0,0.6034048795700073,0.0,14.644898414611816,4.75762939453125
30648,0,calendar_2014_test,272.8079833984375,262.0,0.5218666195869446,0.0,17.655826568603516,10.8079833984375
30649,0,calendar_2014_test,263.3293762207031,261.0,0.6694722175598145,0.0,12.2052583694458,2.329376220703125
30650,0,calendar_2014_test,262.2310791015625,276.0,0.5987905263900757,0.0,14.815289497375488,13.7689208984375
30651,0,calendar_2014_test,288.9611511230469,264.0,0.5168882608413696,0.0,17.83966064453125,24.961151123046875
30652,0,calendar_2014_test,261.45977783203125,259.0,0.6284964084625244,0.0,13.718353271484375,2.45977783203125
30653,0,calendar_2014_test,254.8146514892578,250.0,0.5048815608024597,0.0,18.28302574157715,4.8146514892578125
30654,0,calendar_2014_test,237.66815185546875,235.0,0.6323785781860352,0.0,13.574996948242188,2.66815185546875
30655,0,calendar_2014_test,229.0323944091797,222.0,0.6523641347885132,0.0,12.83699893951416,7.0323944091796875
30656,0,calendar_2014_test,220.82638549804688,206.0,0.6541239023208618,0.0,12.772018432617188,14.826385498046875
30657,0,calendar_2014_test,204.22125244140625,205.0,0.6780951619148254,0.0,11.886841773986816,0.77874755859375
30658,0,calendar_2014_test,209.54393005371094,196.0,0.6400023698806763,0.0,13.293478965759277,13.543930053710938
30659,0,calendar_2014_test,188.981201171875,218.0,0.7252471446990967,0.0,10.14568042755127,29.018798828125
30660,0,calendar_2014_test,227.91810607910156,234.0,0.6759845018386841,0.0,11.964781761169434,6.0818939208984375
30661,0,calendar_2014_test,236.8143768310547,264.0,0.6713536977767944,0.0,12.13577938079834,27.185623168945312
30662,0,calendar_2014_test,268.59765625,272.0,0.5407171845436096,0.0,16.959739685058594,3.40234375
30663,0,calendar_2014_test,277.5209045410156,307.0,0.5707173347473145,0.0,15.851935386657715,29.479095458984375
30664,0,calendar_2014_test,317.26226806640625,323.0,0.5702759027481079,0.0,15.86823844909668,5.73773193359375
30665,0,calendar_2014_test,331.5050964355469,311.0,0.4843631982803345,0.0,19.040699005126953,20.505096435546875
30666,0,calendar_2014_test,306.8544921875,327.0,0.5151782035827637,0.0,17.90280532836914,20.1455078125
30667,0,calendar_2014_test,339.1756896972656,362.0,0.4319261312484741,0.0,20.977020263671875,22.824310302734375
30668,0,calendar_2014_test,356.2476501464844,487.0,0.5513772964477539,0.0,16.566097259521484,130.75234985351562
30669,0,calendar_2014_test,458.2064208984375,436.0,0.11571204662322998,0.0,32.65372085571289,22.2064208984375
30670,0,calendar_2014_test,388.63922119140625,436.0,0.3487470746040344,0.0,24.04853630065918,47.36077880859375
30671,0,calendar_2014_test,418.380859375,579.0,0.3067387342453003,0.0,25.599761962890625,160.619140625
30672,0,calendar_2014_test,476.8609619140625,649.0,0.14284497499465942,0.0,31.651796340942383,172.1390380859375
30673,0,calendar_2014_test,476.8830261230469,457.0,0.24237751960754395,0.0,27.97640037536621,19.883026123046875
30674,0,calendar_2014_test,312.51885986328125,466.0,0.20460975170135498,0.0,29.371034622192383,153.48114013671875
30675,0,calendar_2014_test,447.4384460449219,408.0,0.30114251375198364,0.0,25.80640983581543,39.438446044921875
30676,0,calendar_2014_test,356.9658203125,344.0,0.39717668294906616,0.0,22.26019859313965,12.9658203125
30677,0,calendar_2014_test,298.13720703125,322.0,0.5610568523406982,0.0,16.20866584777832,23.86279296875
30678,0,calendar_2014_test,287.3628234863281,287.0,0.580575704574585,0.0,15.487900733947754,0.362823486328125
30679,0,calendar_2014_test,259.5462951660156,319.0,0.6425187587738037,0.0,13.200557708740234,59.453704833984375
30680,0,calendar_2014_test,333.35699462890625,282.0,0.4720875024795532,0.0,19.49399757385254,51.35699462890625
30681,0,calendar_2014_test,259.1300964355469,277.0,0.6354259252548218,0.0,13.462470054626465,17.869903564453125
30682,0,calendar_2014_test,262.9692687988281,277.0,0.603729784488678,0.0,14.63290023803711,14.030731201171875
30683,0,calendar_2014_test,282.2174377441406,279.0,0.6309306025505066,0.0,13.628467559814453,3.217437744140625
30684,0,calendar_2014_test,287.28082275390625,327.0,0.5326311588287354,0.0,17.258329391479492,39.71917724609375
30685,0,calendar_2014_test,322.5412292480469,348.0,0.578205943107605,0.0,15.575408935546875,25.458770751953125
30686,0,calendar_2014_test,349.0144348144531,418.0,0.48050379753112793,0.0,19.183212280273438,68.98556518554688
30687,0,calendar_2014_test,421.9992980957031,423.0,0.3929280638694763,0.0,22.417085647583008,1.000701904296875
30688,0,calendar_2014_test,410.8994445800781,366.0,0.2204473614692688,0.0,28.786205291748047,44.899444580078125
30689,0,calendar_2014_test,347.0758972167969,338.0,0.43014150857925415,0.0,21.042919158935547,9.075897216796875
30690,0,calendar_2014_test,331.8951416015625,347.0,0.47078317403793335,0.0,19.54216194152832,15.1048583984375
30691,0,calendar_2014_test,353.27313232421875,336.0,0.476113498210907,0.0,19.3453311920166,17.27313232421875
30692,0,calendar_2014_test,328.1629333496094,351.0,0.5498795509338379,0.0,16.62140464782715,22.837066650390625
30693,0,calendar_2014_test,352.83050537109375,353.0,0.3924526572227478,0.0,22.43463897705078,0.16949462890625
30694,0,calendar_2014_test,348.67340087890625,375.0,0.4573889970779419,0.0,20.03676414489746,26.32659912109375
30695,0,calendar_2014_test,381.92333984375,382.0,0.3378003239631653,0.0,24.452762603759766,0.07666015625
30696,0,calendar_2014_test,374.4635314941406,393.0,0.3829768896102905,0.0,22.784547805786133,18.536468505859375
30697,0,calendar_2014_test,389.2569274902344,388.0,0.24849587678909302,0.0,27.750471115112305,1.256927490234375
30698,0,calendar_2014_test,366.74822998046875,376.0,0.23436474800109863,0.0,28.27228355407715,9.25177001953125
30699,0,calendar_2014_test,349.7716064453125,382.0,0.2579498887062073,0.0,27.401365280151367,32.2283935546875
30700,0,calendar_2014_test,377.34881591796875,362.0,0.46053528785705566,0.0,19.920581817626953,15.34881591796875
30701,0,calendar_2014_test,339.6473693847656,345.0,0.4392503499984741,0.0,20.706562042236328,5.352630615234375
30702,0,calendar_2014_test,304.1344299316406,328.0,0.576059103012085,0.0,15.654684066772461,23.865570068359375
30703,0,calendar_2014_test,305.2254638671875,323.0,0.4423176050186157,0.0,20.593297958374023,17.7745361328125
30704,0,calendar_2014_test,312.9479064941406,297.0,0.5364919900894165,0.0,17.115760803222656,15.947906494140625
30705,0,calendar_2014_test,232.44837951660156,280.0,0.5222731828689575,0.0,17.640811920166016,47.55162048339844
30706,0,calendar_2014_test,271.3000793457031,267.0,0.5021699666976929,0.0,18.383155822753906,4.300079345703125
30707,0,calendar_2014_test,234.21157836914062,259.0,0.5231219530105591,0.0,17.60947036743164,24.788421630859375
30708,0,calendar_2014_test,241.59078979492188,177.0,0.5353030562400818,0.0,17.159664154052734,64.59078979492188
30709,0,calendar_2014_test,161.02908325195312,161.0,0.7954099774360657,0.0,7.554807186126709,0.029083251953125
30710,0,calendar_2014_test,156.59556579589844,120.0,0.7784295678138733,0.0,8.18183708190918,36.59556579589844
30711,0,calendar_2014_test,113.81678009033203,185.0,0.7880278825759888,0.0,7.827402114868164,71.18321990966797
30712,0,calendar_2014_test,198.0673370361328,211.0,0.7049564719200134,0.0,10.894946098327637,12.932662963867188
30713,0,calendar_2014_test,220.18634033203125,169.0,0.7223445177078247,0.0,10.252863883972168,51.18634033203125
30714,0,calendar_2014_test,160.6581573486328,242.0,0.7677948474884033,0.0,8.574541091918945,81.34184265136719
30715,0,calendar_2014_test,250.68499755859375,247.0,0.6943745613098145,0.0,11.285697937011719,3.68499755859375
30716,0,calendar_2014_test,250.8256072998047,238.0,0.5925261974334717,0.0,15.046608924865723,12.825607299804688
30717,0,calendar_2014_test,234.97779846191406,225.0,0.6218693256378174,0.0,13.963068962097168,9.977798461914062
30718,0,calendar_2014_test,223.49044799804688,216.0,0.6646571159362793,0.0,12.383064270019531,7.490447998046875
30719,0,calendar_2014_test,221.70985412597656,165.0,0.6576528549194336,0.0,12.641707420349121,56.70985412597656
30720,0,calendar_2014_test,151.17984008789062,142.0,0.7836687564849854,0.0,7.988369941711426,9.179840087890625
30721,0,calendar_2014_test,139.9314422607422,136.0,0.813100278377533,0.0,6.901566028594971,3.9314422607421875
30722,0,calendar_2014_test,137.69161987304688,117.0,0.8142332434654236,0.0,6.859729766845703,20.691619873046875
30723,0,calendar_2014_test,116.15184783935547,119.0,0.7692769169807434,0.0,8.519811630249023,2.8481521606445312
30724,0,calendar_2014_test,120.9926986694336,52.0,0.8191455602645874,0.0,6.678333759307861,68.9926986694336
30725,0,calendar_2014_test,44.80799865722656,46.0,0.8833519220352173,0.0,4.307413578033447,1.1920013427734375
30726,0,calendar_2014_test,45.27806091308594,53.0,0.8940750360488892,0.0,3.911445379257202,7.7219390869140625
30727,0,calendar_2014_test,60.75642776489258,67.0,0.8719268441200256,0.0,4.729302406311035,6.243572235107422
30728,0,calendar_2014_test,70.36956024169922,70.0,0.8689582347869873,0.0,4.838922500610352,0.36956024169921875
30729,0,calendar_2014_test,62.26467514038086,61.0,0.8847387433052063,0.0,4.256202220916748,1.2646751403808594
30730,0,calendar_2014_test,60.576438903808594,78.0,0.8846356868743896,0.0,4.260007381439209,17.423561096191406
30731,0,calendar_2014_test,84.54532623291016,88.0,0.8498402237892151,0.0,5.544885635375977,3.4546737670898438
30732,0,calendar_2014_test,92.70214080810547,75.0,0.8760286569595337,0.0,4.577836036682129,17.70214080810547
30733,0,calendar_2014_test,76.06188201904297,73.0,0.8690920472145081,0.0,4.833981990814209,3.0618820190429688
30734,0,calendar_2014_test,74.14550018310547,79.0,0.8814210891723633,0.0,4.378711700439453,4.854499816894531
30735,0,calendar_2014_test,84.62638092041016,67.0,0.8695693016052246,0.0,4.8163580894470215,17.626380920410156
30736,0,calendar_2014_test,68.26116180419922,73.0,0.8704357147216797,0.0,4.784363746643066,4.738838195800781
30737,0,calendar_2014_test,80.36075592041016,71.0,0.8924310803413391,0.0,3.972151756286621,9.360755920410156
30738,0,calendar_2014_test,74.46868133544922,66.0,0.8585339188575745,0.0,5.223856449127197,8.468681335449219
30739,0,calendar_2014_test,69.28904724121094,66.0,0.8586848378181458,0.0,5.2182841300964355,3.2890472412109375
30740,0,calendar_2014_test,69.53760528564453,75.0,0.8473595976829529,0.0,5.636486053466797,5.462394714355469
30741,0,calendar_2014_test,78.1025161743164,59.0,0.872843861579895,0.0,4.695440292358398,19.102516174316406
30742,0,calendar_2014_test,59.40593719482422,41.0,0.8641844987869263,0.0,5.015200138092041,18.40593719482422
30743,0,calendar_2014_test,42.58314895629883,45.0,0.9146997928619385,0.0,3.149843215942383,2.416851043701172
30744,0,calendar_2014_test,49.72614288330078,28.0,0.9102306962013245,0.0,3.314872980117798,21.72614288330078
30745,0,calendar_2014_test,31.113834381103516,27.0,0.9217969179153442,0.0,2.8877711296081543,4.113834381103516
30746,0,calendar_2014_test,32.573551177978516,27.0,0.9252035021781921,0.0,2.7619779109954834,5.573551177978516
30747,0,calendar_2014_test,34.25905227661133,46.0,0.9061400890350342,0.0,3.465924024581909,11.740947723388672
30748,0,calendar_2014_test,52.65400314331055,65.0,0.902446448802948,0.0,3.602318048477173,12.345996856689453
30749,0,calendar_2014_test,71.70162963867188,60.0,0.8582872152328491,0.0,5.232968330383301,11.701629638671875
30750,0,calendar_2014_test,62.773841857910156,54.0,0.905186653137207,0.0,3.5011324882507324,8.773841857910156
30751,0,calendar_2014_test,59.041175842285156,63.0,0.8873863220214844,0.0,4.158436298370361,3.9588241577148438
30752,0,calendar_2014_test,71.2428970336914,71.0,0.8682816028594971,0.0,4.863908290863037,0.24289703369140625
30753,0,calendar_2014_test,76.07217407226562,69.0,0.870896577835083,0.0,4.7673468589782715,7.072174072265625
30754,0,calendar_2014_test,73.0913314819336,76.0,0.8777238130569458,0.0,4.515240669250488,2.9086685180664062
30755,0,calendar_2014_test,78.60872650146484,82.0,0.9019848108291626,0.0,3.6193654537200928,3.3912734985351562
30756,0,calendar_2014_test,85.84444427490234,63.0,0.8723710179328918,0.0,4.712900161743164,22.844444274902344
30757,0,calendar_2014_test,63.98311996459961,63.0,0.8790140748023987,0.0,4.467594623565674,0.9831199645996094
30758,0,calendar_2014_test,66.26605987548828,63.0,0.8607689142227173,0.0,5.1413254737854,3.2660598754882812
30759,0,calendar_2014_test,67.71662902832031,64.0,0.8653764128684998,0.0,4.971187591552734,3.7166290283203125
30760,0,calendar_2014_test,19.020002365112305,15.0,0.9376073479652405,0.0,2.303946018218994,4.020002365112305
30761,0,calendar_2014_test,22.226757049560547,34.0,0.9263962507247925,0.0,2.7179336547851562,11.773242950439453
30762,0,calendar_2014_test,42.080631256103516,39.0,0.8896192312240601,0.0,4.07598352432251,3.0806312561035156
30763,0,calendar_2014_test,46.1192741394043,89.0,0.933702826499939,0.0,2.4481263160705566,42.8807258605957
30764,0,calendar_2014_test,101.2618408203125,124.0,0.8350032567977905,0.0,6.092764377593994,22.7381591796875
30765,0,calendar_2014_test,128.39108276367188,142.0,0.7537397146224976,0.0,9.093547821044922,13.608917236328125
30766,0,calendar_2014_test,148.45217895507812,152.0,0.7907088398933411,0.0,7.728404521942139,3.547821044921875
30767,0,calendar_2014_test,159.6671600341797,156.0,0.7828370332717896,0.0,8.019084930419922,3.6671600341796875
30768,0,calendar_2014_test,158.50799560546875,152.0,0.7606241106987,0.0,8.839330673217773,6.50799560546875
30769,0,calendar_2014_test,151.5877227783203,160.0,0.7639555931091309,0.0,8.71631145477295,8.412277221679688
30770,0,calendar_2014_test,162.27557373046875,173.0,0.8459579348564148,0.0,5.68824577331543,10.72442626953125
30771,0,calendar_2014_test,181.10911560058594,174.0,0.7019661664962769,0.0,11.005366325378418,7.1091156005859375
30772,0,calendar_2014_test,178.31683349609375,180.0,0.7982747554779053,0.0,7.449021339416504,1.68316650390625
30773,0,calendar_2014_test,185.13909912109375,185.0,0.7675125598907471,0.0,8.584962844848633,0.13909912109375
30774,0,calendar_2014_test,188.68701171875,184.0,0.7013664245605469,0.0,11.02751350402832,4.68701171875
30775,0,calendar_2014_test,186.40017700195312,190.0,0.728657603263855,0.0,10.019744873046875,3.599822998046875
30776,0,calendar_2014_test,188.53111267089844,196.0,0.795015811920166,0.0,7.569363594055176,7.4688873291015625
30777,0,calendar_2014_test,241.13552856445312,267.0,0.6940740346908569,0.0,11.296796798706055,25.864471435546875
30778,0,calendar_2014_test,274.2172546386719,334.0,0.530399739742279,0.0,17.340726852416992,59.782745361328125
30779,0,calendar_2014_test,325.4690856933594,328.0,0.37578296661376953,0.0,23.050193786621094,2.530914306640625
30780,0,calendar_2014_test,311.76849365234375,327.0,0.5923833250999451,0.0,15.051885604858398,15.23150634765625
30781,0,calendar_2014_test,320.1805419921875,326.0,0.5113083720207214,0.0,18.045705795288086,5.8194580078125
30782,0,calendar_2014_test,330.2504577636719,309.0,0.6416715383529663,0.0,13.231841087341309,21.250457763671875
30783,0,calendar_2014_test,303.8241271972656,321.0,0.5951825380325317,0.0,14.948519706726074,17.175872802734375
30784,0,calendar_2014_test,323.8190002441406,340.0,0.42099785804748535,0.0,21.380563735961914,16.180999755859375
30785,0,calendar_2014_test,340.8688049316406,346.0,0.4566088914871216,0.0,20.065570831298828,5.131195068359375
30786,0,calendar_2014_test,357.3051452636719,330.0,0.35137128829956055,0.0,23.95163345336914,27.305145263671875
30787,0,calendar_2014_test,311.7562255859375,340.0,0.4195076823234558,0.0,21.435590744018555,28.2437744140625
30788,0,calendar_2014_test,343.5385437011719,353.0,0.4092675447463989,0.0,21.813724517822266,9.461456298828125
30789,0,calendar_2014_test,365.4723205566406,384.0,0.3688015341758728,0.0,23.307994842529297,18.527679443359375
30790,0,calendar_2014_test,376.4675598144531,383.0,0.17676347494125366,0.0,30.399301528930664,6.532440185546875
30791,0,calendar_2014_test,370.115234375,399.0,0.44648313522338867,0.0,20.43947982788086,28.884765625
30792,0,calendar_2014_test,394.77911376953125,340.0,0.4897876977920532,0.0,18.840391159057617,54.77911376953125
30793,0,calendar_2014_test,290.7191162109375,327.0,0.5849818587303162,0.0,15.325197219848633,36.2808837890625
30794,0,calendar_2014_test,306.26751708984375,295.0,0.5362970232963562,0.0,17.122961044311523,11.26751708984375
30795,0,calendar_2014_test,263.7243347167969,296.0,0.4974933862686157,0.0,18.55584716796875,32.275665283203125
30796,0,calendar_2014_test,291.3232116699219,333.0,0.5834683179855347,0.0,15.381087303161621,41.676788330078125
30797,0,calendar_2014_test,327.6341247558594,336.0,0.5485791563987732,0.0,16.669424057006836,8.365875244140625
30798,0,calendar_2014_test,317.9344482421875,350.0,0.4831279516220093,0.0,19.086313247680664,32.0655517578125
30799,0,calendar_2014_test,343.4663391113281,305.0,0.39285391569137573,0.0,22.419822692871094,38.466339111328125
30800,0,calendar_2014_test,285.8363952636719,283.0,0.5093954801559448,0.0,18.116342544555664,2.836395263671875
30801,0,calendar_2014_test,276.4663391113281,323.0,0.5955808162689209,0.0,14.933813095092773,46.533660888671875
30802,0,calendar_2014_test,332.0160827636719,377.0,0.5306606292724609,0.0,17.33109474182129,44.983917236328125
30803,0,calendar_2014_test,378.22369384765625,357.0,0.49746161699295044,0.0,18.557018280029297,21.22369384765625
30804,0,calendar_2014_test,329.1434326171875,360.0,0.46205979585647583,0.0,19.864286422729492,30.8565673828125
30805,0,calendar_2014_test,354.0246887207031,350.0,0.39541614055633545,0.0,22.32520866394043,4.024688720703125
30806,0,calendar_2014_test,353.9151306152344,339.0,0.4591792821884155,0.0,19.970653533935547,14.915130615234375
30807,0,calendar_2014_test,334.0993347167969,335.0,0.40263622999191284,0.0,22.058595657348633,0.900665283203125
30808,0,calendar_2014_test,344.23809814453125,341.0,0.33920609951019287,0.0,24.40085220336914,3.23809814453125
30809,0,calendar_2014_test,345.6319885253906,352.0,0.4374275803565979,0.0,20.77387046813965,6.368011474609375
30810,0,calendar_2014_test,362.5020751953125,355.0,0.39343851804733276,0.0,22.398235321044922,7.5020751953125
30811,0,calendar_2014_test,350.0735778808594,327.0,0.47500908374786377,0.0,19.3861141204834,23.073577880859375
30812,0,calendar_2014_test,309.3284606933594,303.0,0.5953779220581055,0.0,14.941307067871094,6.328460693359375
30813,0,calendar_2014_test,291.8262939453125,287.0,0.5237940549850464,0.0,17.584653854370117,4.8262939453125
30814,0,calendar_2014_test,276.4502868652344,279.0,0.5951086282730103,0.0,14.951250076293945,2.549713134765625
30815,0,calendar_2014_test,338.6978759765625,339.0,0.4898935556411743,0.0,18.83648109436035,0.3021240234375
30816,0,calendar_2014_test,325.9783630371094,339.0,0.511893630027771,0.0,18.02409553527832,13.021636962890625
30817,0,calendar_2014_test,325.1982116699219,341.0,0.39785832166671753,0.0,22.235027313232422,15.801788330078125
30818,0,calendar_2014_test,324.2112121582031,344.0,0.5371395349502563,0.0,17.09185028076172,19.788787841796875
30819,0,calendar_2014_test,325.98150634765625,335.0,0.41032570600509644,0.0,21.774648666381836,9.01849365234375
30820,0,calendar_2014_test,330.84039306640625,329.0,0.42411375045776367,0.0,21.265504837036133,1.84039306640625
30821,0,calendar_2014_test,322.7633056640625,323.0,0.49298328161239624,0.0,18.722389221191406,0.2366943359375
30822,0,calendar_2014_test,316.4688415527344,350.0,0.5112922191619873,0.0,18.046300888061523,33.531158447265625
30823,0,calendar_2014_test,348.3492126464844,341.0,0.416317880153656,0.0,21.55337905883789,7.349212646484375
30824,0,calendar_2014_test,316.7016296386719,347.0,0.4934192895889282,0.0,18.706289291381836,30.298370361328125
30825,0,calendar_2014_test,346.49462890625,356.0,0.43384498357772827,0.0,20.90616226196289,9.50537109375
30826,0,calendar_2014_test,355.8759460449219,342.0,0.3573852777481079,0.0,23.729557037353516,13.875946044921875
30827,0,calendar_2014_test,323.7818908691406,366.0,0.5701869130134583,0.0,15.871522903442383,42.218109130859375
30828,0,calendar_2014_test,365.7320251464844,358.0,0.3997783064842224,0.0,22.16412925720215,7.732025146484375
30829,0,calendar_2014_test,348.0052490234375,391.0,0.49441927671432495,0.0,18.669363021850586,42.9947509765625
30830,0,calendar_2014_test,387.37615966796875,425.0,0.29495829343795776,0.0,26.034772872924805,37.62384033203125
30831,0,calendar_2014_test,421.8711853027344,387.0,0.3973533511161804,0.0,22.253673553466797,34.871185302734375
30832,0,calendar_2014_test,355.0241394042969,363.0,0.4660714268684387,0.0,19.716150283813477,7.975860595703125
30833,0,calendar_2014_test,352.51568603515625,343.0,0.43878173828125,0.0,20.723865509033203,9.51568603515625
30834,0,calendar_2014_test,335.3318176269531,353.0,0.5759706497192383,0.0,15.657951354980469,17.668182373046875
30835,0,calendar_2014_test,354.2097473144531,357.0,0.368476927280426,0.0,23.31998062133789,2.790252685546875
30836,0,calendar_2014_test,366.1903991699219,371.0,0.47677046060562134,0.0,19.321073532104492,4.809600830078125
30837,0,calendar_2014_test,375.9290771484375,394.0,0.4096020460128784,0.0,21.801372528076172,18.0709228515625
30838,0,calendar_2014_test,399.1101379394531,453.0,0.3815010190010071,0.0,22.839046478271484,53.889862060546875
30839,0,calendar_2014_test,453.2232971191406,453.0,0.36402463912963867,0.0,23.48438835144043,0.223297119140625
30840,0,calendar_2014_test,436.45172119140625,485.0,0.3085139989852905,0.0,25.53420639038086,48.54827880859375
30841,0,calendar_2014_test,466.0766906738281,463.0,0.40878987312316895,0.0,21.831363677978516,3.076690673828125
30842,0,calendar_2014_test,434.5766906738281,463.0,0.25294381380081177,0.0,27.586223602294922,28.423309326171875
30843,0,calendar_2014_test,444.6804504394531,418.0,0.24046534299850464,0.0,28.04701042175293,26.680450439453125
30844,0,calendar_2014_test,380.5505676269531,384.0,0.33593255281448364,0.0,24.5217342376709,3.449432373046875
30845,0,calendar_2014_test,348.55279541015625,371.0,0.4716726541519165,0.0,19.50931739807129,22.44720458984375
30846,0,calendar_2014_test,372.2512512207031,369.0,0.42971253395080566,0.0,21.058761596679688,3.251251220703125
30847,0,calendar_2014_test,361.7708740234375,374.0,0.33563023805618286,0.0,24.53289794921875,12.2291259765625
30848,0,calendar_2014_test,368.8094177246094,397.0,0.4674975872039795,0.0,19.663488388061523,28.190582275390625
30849,0,calendar_2014_test,402.6645202636719,397.0,0.36097854375839233,0.0,23.59687042236328,5.664520263671875
30850,0,calendar_2014_test,377.5511779785156,389.0,0.4729422330856323,0.0,19.46243667602539,11.448822021484375
30851,0,calendar_2014_test,375.1843566894531,410.0,0.3784828186035156,0.0,22.950498580932617,34.815643310546875
30852,0,calendar_2014_test,405.89312744140625,436.0,0.38058823347091675,0.0,22.872753143310547,30.10687255859375
30853,0,calendar_2014_test,434.70623779296875,462.0,0.4155632257461548,0.0,21.58124542236328,27.29376220703125
30854,0,calendar_2014_test,446.689453125,482.0,0.3998185992240906,0.0,22.162641525268555,35.310546875
30855,0,calendar_2014_test,455.19342041015625,501.0,0.32567906379699707,0.0,24.900360107421875,45.80657958984375
30856,0,calendar_2014_test,478.4443359375,507.0,0.1955772042274475,0.0,29.704574584960938,28.5556640625
30857,0,calendar_2014_test,470.6586608886719,523.0,0.2563418745994568,0.0,27.460744857788086,52.341339111328125
30858,0,calendar_2014_test,467.3389587402344,545.0,0.43807274103164673,0.0,20.75004768371582,77.66104125976562
30859,0,calendar_2014_test,479.5579833984375,577.0,0.47023969888687134,0.0,19.562231063842773,97.4420166015625
30860,0,calendar_2014_test,483.9078369140625,541.0,0.22801005840301514,0.0,28.506940841674805,57.0921630859375
30861,0,calendar_2014_test,469.6107482910156,532.0,0.44734084606170654,0.0,20.407808303833008,62.389251708984375
30862,0,calendar_2014_test,465.74371337890625,534.0,0.2986982464790344,0.0,25.896669387817383,68.25628662109375
30863,0,calendar_2014_test,474.0303955078125,495.0,0.3296183943748474,0.0,24.754894256591797,20.9696044921875
30864,0,calendar_2014_test,459.6340637207031,483.0,0.3455854654312134,0.0,24.165285110473633,23.365936279296875
30865,0,calendar_2014_test,461.02227783203125,474.0,0.25068968534469604,0.0,27.66946029663086,12.97772216796875
30866,0,calendar_2014_test,459.06317138671875,478.0,0.34733617305755615,0.0,24.100637435913086,18.93682861328125
30867,0,calendar_2014_test,458.9670715332031,496.0,0.4125751256942749,0.0,21.691585540771484,37.032928466796875
30868,0,calendar_2014_test,471.20379638671875,519.0,0.276115357875824,0.0,26.73057746887207,47.79620361328125
30869,0,calendar_2014_test,477.4216003417969,526.0,0.3868201971054077,0.0,22.642627716064453,48.578399658203125
30870,0,calendar_2014_test,478.15728759765625,512.0,0.29704034328460693,0.0,25.957889556884766,33.84271240234375
30871,0,calendar_2014_test,463.3081359863281,557.0,0.3389472961425781,0.0,24.410409927368164,93.69186401367188
30872,0,calendar_2014_test,480.82086181640625,551.0,0.3760700821876526,0.0,23.039592742919922,70.17913818359375
30873,0,calendar_2014_test,473.0790710449219,562.0,0.4415510892868042,0.0,20.62160301208496,88.92092895507812
30874,0,calendar_2014_test,470.6539306640625,542.0,0.24783790111541748,0.0,27.77476692199707,71.3460693359375
30875,0,calendar_2014_test,472.1693420410156,502.0,0.29199033975601196,0.0,26.14436912536621,29.830657958984375
30876,0,calendar_2014_test,461.0570983886719,525.0,0.2970951199531555,0.0,25.955867767333984,63.942901611328125
30877,0,calendar_2014_test,471.2457580566406,446.0,0.32278454303741455,0.0,25.007244110107422,25.245758056640625
30878,0,calendar_2014_test,389.2220764160156,188.0,0.2604929208755493,0.0,27.30746078491211,201.22207641601562
30879,0,calendar_2014_test,148.27700805664062,111.0,0.6942663192749023,0.0,11.289695739746094,37.277008056640625
30880,0,calendar_2014_test,95.89419555664062,82.0,0.8116573691368103,0.0,6.954847812652588,13.894195556640625
30881,0,calendar_2014_test,78.80882263183594,58.0,0.8468616604804993,0.0,5.654873371124268,20.808822631835938
30882,0,calendar_2014_test,60.96291732788086,43.0,0.8670662641525269,0.0,4.908787727355957,17.96291732788086
30883,0,calendar_2014_test,43.404109954833984,27.0,0.9032182693481445,0.0,3.573817014694214,16.404109954833984
30884,0,calendar_2014_test,16.59027862548828,31.0,0.938637375831604,0.0,2.2659120559692383,14.409721374511719
30885,0,calendar_2014_test,25.06389045715332,15.0,0.9052987694740295,0.0,3.4969918727874756,10.06389045715332
30886,0,calendar_2014_test,13.414290428161621,17.0,0.9266552925109863,0.0,2.708369493484497,3.585709571838379
30887,0,calendar_2014_test,15.502066612243652,17.0,0.913650631904602,0.0,3.1885857582092285,1.4979333877563477
30888,0,calendar_2014_test,16.349157333374023,21.0,0.9256271123886108,0.0,2.746335983276367,4.650842666625977
30889,0,calendar_2014_test,17.245195388793945,17.0,0.9357549548149109,0.0,2.372349977493286,0.2451953887939453
30890,0,calendar_2014_test,16.230222702026367,13.0,0.9086162447929382,0.0,3.3744895458221436,3.230222702026367
30891,0,calendar_2014_test,13.078022956848145,11.0,0.9318729043006897,0.0,2.515699863433838,2.0780229568481445
30892,0,calendar_2014_test,13.279799461364746,12.0,0.9242233037948608,0.0,2.798173189163208,1.279799461364746
30893,0,calendar_2014_test,11.034818649291992,10.0,0.9370784163475037,0.0,2.3234779834747314,1.0348186492919922
30894,0,calendar_2014_test,11.06197452545166,13.0,0.9179360866546631,0.0,3.0303380489349365,1.9380254745483398
30895,0,calendar_2014_test,12.542509078979492,13.0,0.9115828275680542,0.0,3.2649424076080322,0.4574909210205078
30896,0,calendar_2014_test,13.956707954406738,8.0,0.9170478582382202,0.0,3.063138246536255,5.956707954406738
30897,0,calendar_2014_test,11.540082931518555,12.0,0.9351273775100708,0.0,2.395524024963379,0.4599170684814453
30898,0,calendar_2014_test,14.77401351928711,12.0,0.926426887512207,0.0,2.716803789138794,2.7740135192871094
30899,0,calendar_2014_test,15.637186050415039,14.0,0.9310678243637085,0.0,2.5454282760620117,1.637186050415039
30900,0,calendar_2014_test,15.402082443237305,17.0,0.9282770752906799,0.0,2.6484808921813965,1.5979175567626953
30901,0,calendar_2014_test,17.88979148864746,18.0,0.9369518756866455,0.0,2.3281517028808594,0.11020851135253906
30902,0,calendar_2014_test,23.59915542602539,17.0,0.9275568723678589,0.0,2.675076723098755,6.599155426025391
30903,0,calendar_2014_test,25.342256546020508,19.0,0.9275221824645996,0.0,2.676356315612793,6.342256546020508
30904,0,calendar_2014_test,24.22998046875,31.0,0.9298625588417053,0.0,2.589935541152954,6.77001953125
30905,0,calendar_2014_test,36.4384880065918,45.0,0.9046906232833862,0.0,3.519449234008789,8.561511993408203
30906,0,calendar_2014_test,52.10627746582031,42.0,0.9307483434677124,0.0,2.55722713470459,10.106277465820312
30907,0,calendar_2014_test,43.20267868041992,53.0,0.9040427207946777,0.0,3.5433735847473145,9.797321319580078
30908,0,calendar_2014_test,60.51165008544922,42.0,0.9100890755653381,0.0,3.3201022148132324,18.51165008544922
30909,0,calendar_2014_test,44.840572357177734,34.0,0.910872220993042,0.0,3.291184186935425,10.840572357177734
30910,0,calendar_2014_test,41.81205749511719,130.0,0.9115398526191711,0.0,3.2665295600891113,88.18794250488281
30911,0,calendar_2014_test,135.59982299804688,114.0,0.7225795984268188,0.0,10.244182586669922,21.599822998046875
30912,0,calendar_2014_test,113.46219635009766,61.0,0.8302670121192932,0.0,6.2676568031311035,52.462196350097656
30913,0,calendar_2014_test,58.90281295776367,48.0,0.9026474952697754,0.0,3.594895362854004,10.902812957763672
30914,0,calendar_2014_test,53.513980865478516,48.0,0.8910531997680664,0.0,4.023031711578369,5.513980865478516
30915,0,calendar_2014_test,52.08620834350586,54.0,0.9096269607543945,0.0,3.3371658325195312,1.9137916564941406
30916,0,calendar_2014_test,64.33186340332031,57.0,0.8784775733947754,0.0,4.4874067306518555,7.3318634033203125
30917,0,calendar_2014_test,62.58102798461914,63.0,0.8936715722084045,0.0,3.926344156265259,0.4189720153808594
30918,0,calendar_2014_test,68.82300567626953,81.0,0.8607339859008789,0.0,5.142617702484131,12.176994323730469
30919,0,calendar_2014_test,90.23397827148438,98.0,0.8271888494491577,0.0,6.381324291229248,7.766021728515625
30920,0,calendar_2014_test,100.20507049560547,106.0,0.846527099609375,0.0,5.667227745056152,5.794929504394531
30921,0,calendar_2014_test,111.53793334960938,97.0,0.8272206783294678,0.0,6.380148410797119,14.537933349609375
30922,0,calendar_2014_test,96.68598937988281,108.0,0.8708629012107849,0.0,4.768589973449707,11.314010620117188
30923,0,calendar_2014_test,112.2660903930664,103.0,0.811983048915863,0.0,6.942821025848389,9.266090393066406
30924,0,calendar_2014_test,104.39244079589844,96.0,0.8066196441650391,0.0,7.140872955322266,8.392440795898438
30925,0,calendar_2014_test,100.11878967285156,84.0,0.8454345464706421,0.0,5.707571029663086,16.118789672851562
30926,0,calendar_2014_test,82.60582733154297,118.0,0.8675920367240906,0.0,4.889371395111084,35.39417266845703
30927,0,calendar_2014_test,126.93142700195312,116.0,0.7594102621078491,0.0,8.884153366088867,10.931427001953125
30928,0,calendar_2014_test,117.73282623291016,158.0,0.8182867765426636,0.0,6.71004581451416,40.267173767089844
30929,0,calendar_2014_test,170.03622436523438,171.0,0.7842815518379211,0.0,7.965742111206055,0.963775634765625
30930,0,calendar_2014_test,183.76214599609375,179.0,0.7349400520324707,0.0,9.787755012512207,4.76214599609375
30931,0,calendar_2014_test,185.362548828125,172.0,0.7188935279846191,0.0,10.380298614501953,13.362548828125
30932,0,calendar_2014_test,163.20684814453125,168.0,0.7923645377159119,0.0,7.667264938354492,4.79315185546875
30933,0,calendar_2014_test,168.85301208496094,188.0,0.7912853956222534,0.0,7.707113265991211,19.146987915039062
30934,0,calendar_2014_test,183.60433959960938,206.0,0.732841432094574,0.0,9.865249633789062,22.395660400390625
30935,0,calendar_2014_test,209.92459106445312,210.0,0.6824114322662354,0.0,11.727456092834473,0.075408935546875
30936,0,calendar_2014_test,206.2369842529297,180.0,0.6575870513916016,0.0,12.644136428833008,26.236984252929688
30937,0,calendar_2014_test,163.62307739257812,181.0,0.7780141234397888,0.0,8.197176933288574,17.376922607421875
30938,0,calendar_2014_test,171.3825225830078,149.0,0.709442138671875,0.0,10.7293062210083,22.382522583007812
30939,0,calendar_2014_test,133.90829467773438,100.0,0.8268815875053406,0.0,6.392670154571533,33.908294677734375
30940,0,calendar_2014_test,78.32801818847656,83.0,0.8690884709358215,0.0,4.834113597869873,4.6719818115234375
30941,0,calendar_2014_test,73.16764068603516,45.0,0.8883440494537354,0.0,4.123070240020752,28.167640686035156
30942,0,calendar_2014_test,28.441429138183594,29.0,0.9081120491027832,0.0,3.393106460571289,0.5585708618164062
30943,0,calendar_2014_test,21.54805564880371,15.0,0.9192254543304443,0.0,2.9827277660369873,6.548055648803711
30944,0,calendar_2014_test,14.308956146240234,14.0,0.9273885488510132,0.0,2.6812925338745117,0.3089561462402344
30945,0,calendar_2014_test,13.7967529296875,17.0,0.9226020574569702,0.0,2.858041763305664,3.2032470703125
30946,0,calendar_2014_test,15.151175498962402,12.0,0.9214035868644714,0.0,2.902296304702759,3.1511754989624023
30947,0,calendar_2014_test,15.20560359954834,10.0,0.9369299411773682,0.0,2.328961133956909,5.20560359954834
30948,0,calendar_2014_test,11.797012329101562,10.0,0.9303377270698547,0.0,2.5723893642425537,1.7970123291015625
30949,0,calendar_2014_test,13.366275787353516,14.0,0.9376823306083679,0.0,2.3011770248413086,0.6337242126464844
30950,0,calendar_2014_test,18.063709259033203,29.0,0.9116718173027039,0.0,3.261657238006592,10.936290740966797
30951,0,calendar_2014_test,30.56515121459961,51.0,0.9135286211967468,0.0,3.19309139251709,20.43484878540039
30952,0,calendar_2014_test,54.225563049316406,48.0,0.905826210975647,0.0,3.477515459060669,6.225563049316406
30953,0,calendar_2014_test,51.7339973449707,74.0,0.8972208499908447,0.0,3.795281171798706,22.266002655029297
30954,0,calendar_2014_test,80.17627716064453,93.0,0.8775978684425354,0.0,4.519890785217285,12.823722839355469
30955,0,calendar_2014_test,98.90727996826172,112.0,0.8380218148231506,0.0,5.981298923492432,13.092720031738281
30956,0,calendar_2014_test,119.08206939697266,125.0,0.8182478547096252,0.0,6.711483955383301,5.917930603027344
30957,0,calendar_2014_test,126.6955337524414,133.0,0.7880384922027588,0.0,7.827011585235596,6.304466247558594
30958,0,calendar_2014_test,135.39553833007812,150.0,0.8038181662559509,0.0,7.244321823120117,14.604461669921875
30959,0,calendar_2014_test,155.85321044921875,124.0,0.8276103138923645,0.0,6.36575984954834,31.85321044921875
30960,0,calendar_2014_test,121.44776916503906,135.0,0.8499152660369873,0.0,5.542113304138184,13.552230834960938
30961,0,calendar_2014_test,133.52316284179688,143.0,0.8106570243835449,0.0,6.991786003112793,9.476837158203125
30962,0,calendar_2014_test,146.0017852783203,139.0,0.8386806845664978,0.0,5.956969261169434,7.0017852783203125
30963,0,calendar_2014_test,137.62217712402344,128.0,0.819146454334259,0.0,6.678301811218262,9.622177124023438
30964,0,calendar_2014_test,125.45867156982422,134.0,0.8204458951950073,0.0,6.630317687988281,8.541328430175781
30965,0,calendar_2014_test,130.85289001464844,146.0,0.8148831129074097,0.0,6.835731029510498,15.147109985351562
30966,0,calendar_2014_test,149.15719604492188,154.0,0.7831857204437256,0.0,8.006208419799805,4.842803955078125
30967,0,calendar_2014_test,151.2615509033203,157.0,0.7012531757354736,0.0,11.031696319580078,5.7384490966796875
30968,0,calendar_2014_test,154.77764892578125,174.0,0.7984662055969238,0.0,7.441951751708984,19.22235107421875
30969,0,calendar_2014_test,165.9113311767578,158.0,0.753616988658905,0.0,9.098079681396484,7.9113311767578125
30970,0,calendar_2014_test,148.8834991455078,151.0,0.7475876808166504,0.0,9.320720672607422,2.1165008544921875
30971,0,calendar_2014_test,142.7361602783203,141.0,0.762252688407898,0.0,8.779191970825195,1.7361602783203125
30972,0,calendar_2014_test,132.31336975097656,137.0,0.8779363036155701,0.0,4.5073933601379395,4.6866302490234375
30973,0,calendar_2014_test,134.04335021972656,144.0,0.8098149299621582,0.0,7.022881507873535,9.956649780273438
30974,0,calendar_2014_test,144.13467407226562,144.0,0.7519303560256958,0.0,9.160360336303711,0.134674072265625
30975,0,calendar_2014_test,146.70921325683594,159.0,0.7952148914337158,0.0,7.562010765075684,12.290786743164062
30976,0,calendar_2014_test,169.4706268310547,166.0,0.7916553616523743,0.0,7.693453311920166,3.4706268310546875
30977,0,calendar_2014_test,173.24874877929688,183.0,0.7888482213020325,0.0,7.797110557556152,9.751251220703125
30978,0,calendar_2014_test,192.56558227539062,228.0,0.7286492586135864,0.0,10.020051956176758,35.434417724609375
30979,0,calendar_2014_test,238.59771728515625,257.0,0.6033613681793213,0.0,14.646503448486328,18.40228271484375
30980,0,calendar_2014_test,262.34326171875,306.0,0.5753215551376343,0.0,15.681917190551758,43.65673828125
30981,0,calendar_2014_test,301.9861755371094,222.0,0.5616531372070312,0.0,16.186647415161133,79.98617553710938
30982,0,calendar_2014_test,195.90603637695312,193.0,0.6308670043945312,0.0,13.630814552307129,2.906036376953125
30983,0,calendar_2014_test,191.07699584960938,188.0,0.7208372354507446,0.0,10.30852222442627,3.076995849609375
30984,0,calendar_2014_test,181.41302490234375,182.0,0.7523153424263,0.0,9.14614486694336,0.58697509765625
30985,0,calendar_2014_test,181.68728637695312,184.0,0.7224236726760864,0.0,10.249940872192383,2.312713623046875
30986,0,calendar_2014_test,187.157958984375,209.0,0.732065737247467,0.0,9.893893241882324,21.842041015625
30987,0,calendar_2014_test,219.1061248779297,225.0,0.634385347366333,0.0,13.500894546508789,5.8938751220703125
30988,0,calendar_2014_test,233.9132537841797,238.0,0.6414653062820435,0.0,13.239458084106445,4.0867462158203125
30989,0,calendar_2014_test,242.25062561035156,246.0,0.551321268081665,0.0,16.56816864013672,3.7493743896484375
30990,0,calendar_2014_test,248.68521118164062,269.0,0.5350018739700317,0.0,17.170785903930664,20.314788818359375
30991,0,calendar_2014_test,259.8123474121094,284.0,0.6263174414634705,0.0,13.798815727233887,24.187652587890625
30992,0,calendar_2014_test,283.20977783203125,260.0,0.612923264503479,0.0,14.293415069580078,23.20977783203125
30993,0,calendar_2014_test,245.3339080810547,295.0,0.6207501888275146,0.0,14.004395484924316,49.66609191894531
30994,0,calendar_2014_test,292.94537353515625,322.0,0.5713554620742798,0.0,15.828372955322266,29.05462646484375
30995,0,calendar_2014_test,306.65240478515625,308.0,0.6111248731613159,0.0,14.359824180603027,1.34759521484375
30996,0,calendar_2014_test,286.8280944824219,271.0,0.5682552456855774,0.0,15.942852973937988,15.828094482421875
30997,0,calendar_2014_test,239.46966552734375,240.0,0.6325787901878357,0.0,13.567605018615723,0.53033447265625
30998,0,calendar_2014_test,220.5037384033203,230.0,0.6490637063980103,0.0,12.958873748779297,9.496261596679688
30999,0,calendar_2014_test,220.63986206054688,237.0,0.718340277671814,0.0,10.400727272033691,16.360137939453125
31000,0,calendar_2014_test,235.01531982421875,242.0,0.6304994821548462,0.0,13.644388198852539,6.98468017578125
31001,0,calendar_2014_test,233.98219299316406,241.0,0.7363405823707581,0.0,9.736038208007812,7.0178070068359375
31002,0,calendar_2014_test,226.9452362060547,238.0,0.5717717409133911,0.0,15.812999725341797,11.054763793945312
31003,0,calendar_2014_test,222.64952087402344,255.0,0.579617440700531,0.0,15.523285865783691,32.35047912597656
31004,0,calendar_2014_test,243.20767211914062,266.0,0.6070556640625,0.0,14.510087966918945,22.792327880859375
31005,0,calendar_2014_test,255.07809448242188,255.0,0.6187848448753357,0.0,14.0769681930542,0.078094482421875
31006,0,calendar_2014_test,243.63848876953125,232.0,0.5963464975357056,0.0,14.905540466308594,11.63848876953125
31007,0,calendar_2014_test,210.46810913085938,226.0,0.7245810627937317,0.0,10.170276641845703,15.531890869140625
31008,0,calendar_2014_test,217.159912109375,215.0,0.6755412817001343,0.0,11.981146812438965,2.159912109375
31009,0,calendar_2014_test,206.7224578857422,75.0,0.700869083404541,0.0,11.045878410339355,131.7224578857422
31010,0,calendar_2014_test,49.73454666137695,3.0,0.8679771423339844,0.0,4.875152587890625,46.73454666137695
31011,0,calendar_2014_test,13.472838401794434,4.0,0.9140994548797607,0.0,3.1720125675201416,9.472838401794434
31012,0,calendar_2014_test,2.294192314147949,7.0,0.8769577741622925,0.0,4.5435285568237305,4.705807685852051
31013,0,calendar_2014_test,2.0342423915863037,6.0,0.8889339566230774,0.0,4.101287841796875,3.9657576084136963
31014,0,calendar_2014_test,3.016664743423462,14.0,0.9001038670539856,0.0,3.6888222694396973,10.983335256576538
31015,0,calendar_2014_test,11.761947631835938,13.0,0.9291148781776428,0.0,2.617543935775757,1.2380523681640625
31016,0,calendar_2014_test,13.226247787475586,8.0,0.9262041449546814,0.0,2.7250277996063232,5.226247787475586
31017,0,calendar_2014_test,8.583611488342285,11.0,0.9292917251586914,0.0,2.611013650894165,2.416388511657715
31018,0,calendar_2014_test,10.202482223510742,13.0,0.9156959652900696,0.0,3.1130588054656982,2.797517776489258
31019,0,calendar_2014_test,11.69933032989502,11.0,0.918189525604248,0.0,3.0209810733795166,0.6993303298950195
31020,0,calendar_2014_test,11.557999610900879,7.0,0.9103103876113892,0.0,3.311929225921631,4.557999610900879
31021,0,calendar_2014_test,9.559234619140625,8.0,0.9099414944648743,0.0,3.325551986694336,1.559234619140625
31022,0,calendar_2014_test,11.106963157653809,11.0,0.9288433790206909,0.0,2.6275691986083984,0.1069631576538086
31023,0,calendar_2014_test,12.269933700561523,12.0,0.9243496656417847,0.0,2.793506383895874,0.26993370056152344
31024,0,calendar_2014_test,12.615130424499512,13.0,0.9308452606201172,0.0,2.55364727973938,0.3848695755004883
31025,0,calendar_2014_test,12.869889259338379,9.0,0.93259596824646,0.0,2.4889988899230957,3.869889259338379
31026,0,calendar_2014_test,9.880188941955566,9.0,0.9471291303634644,0.0,1.9523392915725708,0.8801889419555664
31027,0,calendar_2014_test,10.949735641479492,7.0,0.9488934874534607,0.0,1.8871891498565674,3.949735641479492
31028,0,calendar_2014_test,8.840047836303711,14.0,0.9418108463287354,0.0,2.148726224899292,5.159952163696289
31029,0,calendar_2014_test,12.430939674377441,10.0,0.9432449340820312,0.0,2.095770835876465,2.4309396743774414
31030,0,calendar_2014_test,11.36295223236084,9.0,0.9324968457221985,0.0,2.4926605224609375,2.36295223236084
31031,0,calendar_2014_test,10.606630325317383,18.0,0.9334427118301392,0.0,2.4577319622039795,7.393369674682617
31032,0,calendar_2014_test,18.406917572021484,14.0,0.9328343868255615,0.0,2.4801952838897705,4.406917572021484
31033,0,calendar_2014_test,21.558393478393555,12.0,0.9340078234672546,0.0,2.4368646144866943,9.558393478393555
31034,0,calendar_2014_test,17.713390350341797,26.0,0.9419623017311096,0.0,2.1431329250335693,8.286609649658203
31035,0,calendar_2014_test,27.229768753051758,30.0,0.8974003195762634,0.0,3.788653612136841,2.770231246948242
31036,0,calendar_2014_test,30.822973251342773,35.0,0.9201213121414185,0.0,2.9496452808380127,4.177026748657227
31037,0,calendar_2014_test,29.652502059936523,27.0,0.9146424531936646,0.0,3.1519615650177,2.6525020599365234
31038,0,calendar_2014_test,26.51990509033203,13.0,0.9176482558250427,0.0,3.0409672260284424,13.519905090332031
31039,0,calendar_2014_test,17.93899154663086,18.0,0.9307960271835327,0.0,2.55546498298645,0.061008453369140625
31040,0,calendar_2014_test,19.487468719482422,27.0,0.9212114214897156,0.0,2.9093918800354004,7.512531280517578
31041,0,calendar_2014_test,26.65986442565918,23.0,0.9264816045761108,0.0,2.7147817611694336,3.6598644256591797
31042,0,calendar_2014_test,26.58793067932129,25.0,0.9102717041969299,0.0,3.313358783721924,1.587930679321289
31043,0,calendar_2014_test,27.862751007080078,27.0,0.9166356325149536,0.0,3.0783612728118896,0.8627510070800781
31044,0,calendar_2014_test,29.64336585998535,26.0,0.9102945327758789,0.0,3.3125159740448,3.6433658599853516
31045,0,calendar_2014_test,30.159465789794922,32.0,0.9167973399162292,0.0,3.072389841079712,1.8405342102050781
31046,0,calendar_2014_test,33.93545150756836,39.0,0.9246490597724915,0.0,2.782452344894409,5.064548492431641
31047,0,calendar_2014_test,41.80908203125,49.0,0.9053759574890137,0.0,3.494140863418579,7.19091796875
31048,0,calendar_2014_test,50.50924301147461,48.0,0.9050261378288269,0.0,3.5070581436157227,2.5092430114746094
31049,0,calendar_2014_test,44.44413757324219,49.0,0.9091154932975769,0.0,3.3560538291931152,4.5558624267578125
31050,0,calendar_2014_test,41.0087890625,16.0,0.9257023334503174,0.0,2.743558645248413,25.0087890625
31051,0,calendar_2014_test,19.59817123413086,12.0,0.9497259855270386,0.0,1.8564467430114746,7.598171234130859
31052,0,calendar_2014_test,12.529326438903809,12.0,0.9262375831604004,0.0,2.7237930297851562,0.5293264389038086
31053,0,calendar_2014_test,12.656569480895996,11.0,0.9358087182044983,0.0,2.3703629970550537,1.656569480895996
31054,0,calendar_2014_test,12.708429336547852,8.0,0.9382620453834534,0.0,2.2797718048095703,4.708429336547852
31055,0,calendar_2014_test,8.100010871887207,11.0,0.9339348077774048,0.0,2.439560890197754,2.899989128112793
31056,0,calendar_2014_test,11.509321212768555,9.0,0.9347293376922607,0.0,2.4102213382720947,2.5093212127685547
31057,0,calendar_2014_test,11.25168514251709,9.0,0.9226158261299133,0.0,2.8575313091278076,2.25168514251709
31058,0,calendar_2014_test,11.015996932983398,12.0,0.9303008913993835,0.0,2.573748826980591,0.9840030670166016
31059,0,calendar_2014_test,13.050414085388184,16.0,0.9424883127212524,0.0,2.123708724975586,2.9495859146118164
31060,0,calendar_2014_test,14.28890609741211,14.0,0.9378659725189209,0.0,2.2943966388702393,0.2889060974121094
31061,0,calendar_2014_test,12.303728103637695,23.0,0.93326735496521,0.0,2.464207649230957,10.696271896362305
31062,0,calendar_2014_test,19.7152156829834,16.0,0.9279565811157227,0.0,2.66031551361084,3.7152156829833984
31063,0,calendar_2014_test,17.478490829467773,10.0,0.9201357960700989,0.0,2.9491114616394043,7.478490829467773
31064,0,calendar_2014_test,11.582357406616211,13.0,0.9356414079666138,0.0,2.3765408992767334,1.417642593383789
31065,0,calendar_2014_test,15.264357566833496,15.0,0.9430694580078125,0.0,2.102250337600708,0.2643575668334961
31066,0,calendar_2014_test,16.30315399169922,12.0,0.9206059575080872,0.0,2.9317498207092285,4.303153991699219
31067,0,calendar_2014_test,12.873052597045898,11.0,0.9341558218002319,0.0,2.4313995838165283,1.8730525970458984
31068,0,calendar_2014_test,13.369386672973633,12.0,0.958112359046936,0.0,1.5467661619186401,1.3693866729736328
31069,0,calendar_2014_test,12.532054901123047,12.0,0.9304469227790833,0.0,2.5683557987213135,0.5320549011230469
31070,0,calendar_2014_test,13.6325101852417,17.0,0.9427313208580017,0.0,2.114736795425415,3.367489814758301
31071,0,calendar_2014_test,18.469995498657227,27.0,0.9095398187637329,0.0,3.3403854370117188,8.530004501342773
31072,0,calendar_2014_test,27.836894989013672,29.0,0.9201700687408447,0.0,2.9478466510772705,1.1631050109863281
31073,0,calendar_2014_test,32.866920471191406,41.0,0.9187576174736023,0.0,3.0000033378601074,8.133079528808594
31074,0,calendar_2014_test,43.03936004638672,41.0,0.9228606224060059,0.0,2.848492383956909,2.0393600463867188
31075,0,calendar_2014_test,43.3054313659668,53.0,0.9223167896270752,0.0,2.868575096130371,9.694568634033203
31076,0,calendar_2014_test,59.03329086303711,67.0,0.8954336047172546,0.0,3.8612775802612305,7.966709136962891
31077,0,calendar_2014_test,71.95773315429688,70.0,0.8775656819343567,0.0,4.521080017089844,1.957733154296875
31078,0,calendar_2014_test,72.59970092773438,84.0,0.878264844417572,0.0,4.495262622833252,11.400299072265625
31079,0,calendar_2014_test,90.2582015991211,91.0,0.8597700595855713,0.0,5.178210258483887,0.7417984008789062
31080,0,calendar_2014_test,94.86734771728516,99.0,0.7968311309814453,0.0,7.502330303192139,4.132652282714844
31081,0,calendar_2014_test,101.95003509521484,97.0,0.8460649251937866,0.0,5.684293270111084,4.950035095214844
31082,0,calendar_2014_test,101.26082611083984,100.0,0.8544763326644897,0.0,5.373690605163574,1.2608261108398438
31083,0,calendar_2014_test,97.83198547363281,97.0,0.8486169576644897,0.0,5.590055465698242,0.8319854736328125
31084,0,calendar_2014_test,94.65415954589844,86.0,0.8606888055801392,0.0,5.144285678863525,8.654159545898438
31085,0,calendar_2014_test,72.1155014038086,92.0,0.8795786499977112,0.0,4.446747303009033,19.884498596191406
31086,0,calendar_2014_test,80.2646255493164,64.0,0.8617941737174988,0.0,5.10346794128418,16.264625549316406
31087,0,calendar_2014_test,48.53180694580078,40.0,0.9005575180053711,0.0,3.6720705032348633,8.531806945800781
31088,0,calendar_2014_test,35.591285705566406,26.0,0.9328199028968811,0.0,2.480731248855591,9.591285705566406
31089,0,calendar_2014_test,25.581262588500977,21.0,0.9213691353797913,0.0,2.9035682678222656,4.581262588500977
31090,0,calendar_2014_test,19.41880226135254,14.0,0.9183553457260132,0.0,3.014857292175293,5.418802261352539
31091,0,calendar_2014_test,16.96923065185547,17.0,0.9370226263999939,0.0,2.325538158416748,0.03076934814453125
31092,0,calendar_2014_test,20.38675308227539,20.0,0.9325794577598572,0.0,2.489610195159912,0.3867530822753906
31093,0,calendar_2014_test,23.46843147277832,31.0,0.9316595792770386,0.0,2.5235769748687744,7.53156852722168
31094,0,calendar_2014_test,34.04077911376953,40.0,0.9105554223060608,0.0,3.3028817176818848,5.959220886230469
31095,0,calendar_2014_test,42.17209243774414,38.0,0.8911317586898804,0.0,4.020130634307861,4.172092437744141
31096,0,calendar_2014_test,41.54677200317383,41.0,0.9012318849563599,0.0,3.647167921066284,0.5467720031738281
31097,0,calendar_2014_test,44.11312484741211,51.0,0.8841515779495239,0.0,4.277885913848877,6.886875152587891
31098,0,calendar_2014_test,56.22562789916992,69.0,0.8697341680526733,0.0,4.810271739959717,12.774372100830078
31099,0,calendar_2014_test,73.04383087158203,77.0,0.877003014087677,0.0,4.5418572425842285,3.9561691284179688
31100,0,calendar_2014_test,81.17512512207031,111.0,0.8589229583740234,0.0,5.209491729736328,29.824874877929688
31101,0,calendar_2014_test,117.63770294189453,144.0,0.8165558576583862,0.0,6.773962020874023,26.36229705810547
31102,0,calendar_2014_test,145.2144317626953,133.0,0.7449616193771362,0.0,9.417691230773926,12.214431762695312
31103,0,calendar_2014_test,128.64553833007812,110.0,0.7931555509567261,0.0,7.63805627822876,18.645538330078125
31104,0,calendar_2014_test,104.55318450927734,143.0,0.8682174682617188,0.0,4.866277694702148,38.446815490722656
31105,0,calendar_2014_test,151.3824005126953,136.0,0.6923534274101257,0.0,11.360332489013672,15.382400512695312
31106,0,calendar_2014_test,135.15782165527344,141.0,0.7554414868354797,0.0,9.030707359313965,5.8421783447265625
31107,0,calendar_2014_test,142.8699188232422,160.0,0.7956353425979614,0.0,7.5464863777160645,17.130081176757812
31108,0,calendar_2014_test,163.70726013183594,159.0,0.8096758723258972,0.0,7.028017044067383,4.7072601318359375
31109,0,calendar_2014_test,158.01272583007812,167.0,0.7484981417655945,0.0,9.287100791931152,8.987274169921875
31110,0,calendar_2014_test,167.49484252929688,188.0,0.6983487606048584,0.0,11.138946533203125,20.505157470703125
31111,0,calendar_2014_test,186.88055419921875,196.0,0.6780920028686523,0.0,11.886958122253418,9.11944580078125
31112,0,calendar_2014_test,190.65345764160156,205.0,0.681505024433136,0.0,11.760927200317383,14.346542358398438
31113,0,calendar_2014_test,201.31671142578125,201.0,0.6989058256149292,0.0,11.118375778198242,0.31671142578125
31114,0,calendar_2014_test,193.6467742919922,201.0,0.710895299911499,0.0,10.67564582824707,7.3532257080078125
31115,0,calendar_2014_test,195.343994140625,202.0,0.7276396751403809,0.0,10.057332992553711,6.656005859375
31116,0,calendar_2014_test,195.0857696533203,201.0,0.7185803651809692,0.0,10.391862869262695,5.9142303466796875
31117,0,calendar_2014_test,195.49484252929688,187.0,0.6792681217193604,0.0,11.84352970123291,8.494842529296875
31118,0,calendar_2014_test,178.9447784423828,187.0,0.7007728815078735,0.0,11.049430847167969,8.055221557617188
31119,0,calendar_2014_test,189.3912811279297,199.0,0.774267315864563,0.0,8.335535049438477,9.608718872070312
31120,0,calendar_2014_test,207.93235778808594,206.0,0.7196539640426636,0.0,10.352217674255371,1.9323577880859375
31121,0,calendar_2014_test,213.14581298828125,213.0,0.7121694087982178,0.0,10.628595352172852,0.14581298828125
31122,0,calendar_2014_test,216.30999755859375,187.0,0.7330628633499146,0.0,9.857071876525879,29.30999755859375
31123,0,calendar_2014_test,179.96292114257812,218.0,0.7571983337402344,0.0,8.965831756591797,38.037078857421875
31124,0,calendar_2014_test,212.51234436035156,134.0,0.6955108642578125,0.0,11.243738174438477,78.51234436035156
31125,0,calendar_2014_test,110.70381164550781,131.0,0.8440220355987549,0.0,5.759732723236084,20.296188354492188
31126,0,calendar_2014_test,133.47544860839844,154.0,0.8038762807846069,0.0,7.242176532745361,20.524551391601562
31127,0,calendar_2014_test,159.52389526367188,112.0,0.7562623023986816,0.0,9.000398635864258,47.523895263671875
31128,0,calendar_2014_test,100.92031860351562,55.0,0.832602858543396,0.0,6.181403160095215,45.920318603515625
31129,0,calendar_2014_test,48.29624938964844,172.0,0.8835809826850891,0.0,4.298955917358398,123.70375061035156
31130,0,calendar_2014_test,178.69847106933594,143.0,0.8113348484039307,0.0,6.9667558670043945,35.69847106933594
31131,0,calendar_2014_test,132.88418579101562,122.0,0.8189263939857483,0.0,6.686428070068359,10.884185791015625
31132,0,calendar_2014_test,118.34552764892578,114.0,0.8161611557006836,0.0,6.78853702545166,4.345527648925781
31133,0,calendar_2014_test,103.8914794921875,100.0,0.8471200466156006,0.0,5.645333290100098,3.8914794921875
31134,0,calendar_2014_test,101.2757797241211,119.0,0.821947455406189,0.0,6.5748701095581055,17.724220275878906
31135,0,calendar_2014_test,124.21997833251953,130.0,0.7632197737693787,0.0,8.743481636047363,5.780021667480469
31136,0,calendar_2014_test,130.01718139648438,145.0,0.8312901258468628,0.0,6.2298760414123535,14.982818603515625
31137,0,calendar_2014_test,143.5877227783203,149.0,0.746686577796936,0.0,9.353997230529785,5.4122772216796875
31138,0,calendar_2014_test,147.72413635253906,163.0,0.7570377588272095,0.0,8.971761703491211,15.275863647460938
31139,0,calendar_2014_test,160.15008544921875,147.0,0.7689460515975952,0.0,8.532031059265137,13.15008544921875
31140,0,calendar_2014_test,141.683349609375,133.0,0.77009117603302,0.0,8.48974323272705,8.683349609375
31141,0,calendar_2014_test,128.7848358154297,126.0,0.841128408908844,0.0,5.86658239364624,2.7848358154296875
31142,0,calendar_2014_test,123.73124694824219,124.0,0.8001905679702759,0.0,7.37827730178833,0.2687530517578125
31143,0,calendar_2014_test,118.85186004638672,122.0,0.8408908843994141,0.0,5.8753533363342285,3.1481399536132812
31144,0,calendar_2014_test,120.38884735107422,91.0,0.8193360567092896,0.0,6.671299934387207,29.38884735107422
31145,0,calendar_2014_test,85.10188293457031,98.0,0.8667707443237305,0.0,4.919699192047119,12.898117065429688
31146,0,calendar_2014_test,101.25093078613281,91.0,0.8264089822769165,0.0,6.410120964050293,10.250930786132812
31147,0,calendar_2014_test,90.88839721679688,78.0,0.7978492975234985,0.0,7.4647321701049805,12.888397216796875
31148,0,calendar_2014_test,75.43592071533203,55.0,0.9031012058258057,0.0,3.5781404972076416,20.43592071533203
31149,0,calendar_2014_test,52.305137634277344,40.0,0.8759550452232361,0.0,4.580554485321045,12.305137634277344
31150,0,calendar_2014_test,42.80781555175781,36.0,0.9002857804298401,0.0,3.6821043491363525,6.8078155517578125
31151,0,calendar_2014_test,37.52339553833008,48.0,0.9289093017578125,0.0,2.6251347064971924,10.476604461669922
31152,0,calendar_2014_test,55.279170989990234,54.0,0.9055187702178955,0.0,3.4888689517974854,1.2791709899902344
31153,0,calendar_2014_test,56.80669021606445,63.0,0.9035602807998657,0.0,3.561187505722046,6.193309783935547
31154,0,calendar_2014_test,69.09687042236328,78.0,0.8961169123649597,0.0,3.836045265197754,8.903129577636719
31155,0,calendar_2014_test,85.7888412475586,74.0,0.8705766797065735,0.0,4.779159069061279,11.788841247558594
31156,0,calendar_2014_test,79.3894271850586,76.0,0.8696285486221313,0.0,4.814171314239502,3.3894271850585938
31157,0,calendar_2014_test,82.38805389404297,81.0,0.8701557517051697,0.0,4.794702053070068,1.3880538940429688
31158,0,calendar_2014_test,86.54108428955078,86.0,0.8594917058944702,0.0,5.188488960266113,0.5410842895507812
31159,0,calendar_2014_test,90.13190460205078,89.0,0.8806858062744141,0.0,4.4058637619018555,1.1319046020507812
31160,0,calendar_2014_test,92.1317138671875,96.0,0.8475435972213745,0.0,5.629693508148193,3.8682861328125
31161,0,calendar_2014_test,99.01213073730469,99.0,0.8921007513999939,0.0,3.9843502044677734,0.0121307373046875
31162,0,calendar_2014_test,98.04060363769531,102.0,0.8367452025413513,0.0,6.028439521789551,3.9593963623046875
31163,0,calendar_2014_test,104.30707550048828,111.0,0.8268471956253052,0.0,6.393939018249512,6.692924499511719
31164,0,calendar_2014_test,115.50151824951172,121.0,0.789110541343689,0.0,7.787424564361572,5.498481750488281
31165,0,calendar_2014_test,124.78114318847656,122.0,0.8530506491661072,0.0,5.426336288452148,2.7811431884765625
31166,0,calendar_2014_test,123.74884796142578,135.0,0.8027067184448242,0.0,7.285363674163818,11.251152038574219
31167,0,calendar_2014_test,138.1968536376953,145.0,0.7964714765548706,0.0,7.5156097412109375,6.8031463623046875
31168,0,calendar_2014_test,149.98878479003906,159.0,0.7791111469268799,0.0,8.156667709350586,9.011215209960938
31169,0,calendar_2014_test,171.0391387939453,183.0,0.7530240416526794,0.0,9.119975090026855,11.960861206054688
31170,0,calendar_2014_test,190.25759887695312,187.0,0.6961439847946167,0.0,11.220361709594727,3.257598876953125
31171,0,calendar_2014_test,189.28575134277344,195.0,0.6770374178886414,0.0,11.92590045928955,5.7142486572265625
31172,0,calendar_2014_test,197.3578338623047,224.0,0.6507289409637451,0.0,12.897383689880371,26.642166137695312
31173,0,calendar_2014_test,232.45640563964844,259.0,0.6925031542778015,0.0,11.354804039001465,26.543594360351562
31174,0,calendar_2014_test,252.28570556640625,260.0,0.6593902111053467,0.0,12.577550888061523,7.71429443359375
31175,0,calendar_2014_test,255.8778533935547,257.0,0.598774254322052,0.0,14.81589126586914,1.1221466064453125
31176,0,calendar_2014_test,260.0379333496094,267.0,0.6315474510192871,0.0,13.605688095092773,6.962066650390625
31177,0,calendar_2014_test,261.9428405761719,260.0,0.6573047637939453,0.0,12.654559135437012,1.942840576171875
31178,0,calendar_2014_test,253.59518432617188,259.0,0.649910569190979,0.0,12.927603721618652,5.404815673828125
31179,0,calendar_2014_test,253.63426208496094,270.0,0.6592121720314026,0.0,12.584125518798828,16.365737915039062
31180,0,calendar_2014_test,264.8176574707031,234.0,0.6244819164276123,0.0,13.866595268249512,30.817657470703125
31181,0,calendar_2014_test,208.4481964111328,245.0,0.7688758373260498,0.0,8.534623146057129,36.55180358886719
31182,0,calendar_2014_test,230.88417053222656,269.0,0.7110919952392578,0.0,10.668380737304688,38.11582946777344
31183,0,calendar_2014_test,256.5658264160156,303.0,0.5935101509094238,0.0,15.010275840759277,46.434173583984375
31184,0,calendar_2014_test,294.9546813964844,272.0,0.5199764966964722,0.0,17.725622177124023,22.954681396484375
31185,0,calendar_2014_test,248.814697265625,234.0,0.6170132160186768,0.0,14.142388343811035,14.814697265625
31186,0,calendar_2014_test,218.5021514892578,214.0,0.670473575592041,0.0,12.168282508850098,4.5021514892578125
31187,0,calendar_2014_test,206.67340087890625,225.0,0.7480440139770508,0.0,9.303871154785156,18.32659912109375
31188,0,calendar_2014_test,218.93812561035156,220.0,0.709011435508728,0.0,10.745209693908691,1.0618743896484375
31189,0,calendar_2014_test,211.59974670410156,209.0,0.7601937651634216,0.0,8.85522174835205,2.5997467041015625
31190,0,calendar_2014_test,197.3394012451172,202.0,0.6911176443099976,0.0,11.405966758728027,4.6605987548828125
31191,0,calendar_2014_test,169.84706115722656,168.0,0.7819975018501282,0.0,8.050085067749023,1.8470611572265625
31192,0,calendar_2014_test,150.45562744140625,13.0,0.7732796669006348,0.0,8.372004508972168,137.45562744140625
31193,0,calendar_2014_test,12.189044952392578,18.0,0.9045920968055725,0.0,3.5230865478515625,5.810955047607422
31194,0,calendar_2014_test,17.904376983642578,18.0,0.8963911533355713,0.0,3.825918674468994,0.09562301635742188
31195,0,calendar_2014_test,16.26462745666504,13.0,0.9248975515365601,0.0,2.7732763290405273,3.264627456665039
31196,0,calendar_2014_test,11.91640567779541,10.0,0.9276543855667114,0.0,2.6714749336242676,1.9164056777954102
31197,0,calendar_2014_test,10.596024513244629,11.0,0.9017159938812256,0.0,3.6292917728424072,0.4039754867553711
31198,0,calendar_2014_test,13.69497299194336,14.0,0.921747088432312,0.0,2.8896117210388184,0.3050270080566406
31199,0,calendar_2014_test,16.361913681030273,13.0,0.9274154901504517,0.0,2.6802964210510254,3.3619136810302734
31200,0,calendar_2014_test,12.324252128601074,10.0,0.920889139175415,0.0,2.921292543411255,2.324252128601074
31201,0,calendar_2014_test,11.397308349609375,10.0,0.934333086013794,0.0,2.4248530864715576,1.397308349609375
31202,0,calendar_2014_test,10.327545166015625,10.0,0.9249186515808105,0.0,2.772496461868286,0.327545166015625
31203,0,calendar_2014_test,10.820871353149414,11.0,0.9231553673744202,0.0,2.8376078605651855,0.17912864685058594
31204,0,calendar_2014_test,9.396509170532227,11.0,0.9149691462516785,0.0,3.139897584915161,1.6034908294677734
31205,0,calendar_2014_test,11.33834171295166,11.0,0.9267100095748901,0.0,2.7063472270965576,0.33834171295166016
31206,0,calendar_2014_test,9.666556358337402,12.0,0.9325355291366577,0.0,2.4912304878234863,2.3334436416625977
31207,0,calendar_2014_test,11.69155502319336,13.0,0.942947506904602,0.0,2.106752634048462,1.3084449768066406
31208,0,calendar_2014_test,14.11511516571045,11.0,0.9248328804969788,0.0,2.775664806365967,3.115115165710449
31209,0,calendar_2014_test,12.276426315307617,10.0,0.9291453957557678,0.0,2.616417169570923,2.276426315307617
31210,0,calendar_2014_test,13.277482032775879,9.0,0.9343674182891846,0.0,2.423586845397949,4.277482032775879
31211,0,calendar_2014_test,12.563199996948242,13.0,0.9399665594100952,0.0,2.216829538345337,0.4368000030517578
31212,0,calendar_2014_test,13.922852516174316,13.0,0.9230653047561646,0.0,2.8409347534179688,0.9228525161743164
31213,0,calendar_2014_test,15.430713653564453,13.0,0.9443658590316772,0.0,2.0543787479400635,2.430713653564453
31214,0,calendar_2014_test,18.713830947875977,15.0,0.9207327365875244,0.0,2.9270684719085693,3.7138309478759766
31215,0,calendar_2014_test,20.06523895263672,20.0,0.9177788496017456,0.0,3.0361454486846924,0.06523895263671875
31216,0,calendar_2014_test,23.102514266967773,41.0,0.9169566631317139,0.0,3.066504955291748,17.897485733032227
31217,0,calendar_2014_test,43.83790588378906,35.0,0.9089633226394653,0.0,3.361672878265381,8.837905883789062
31218,0,calendar_2014_test,33.00151443481445,52.0,0.9280627965927124,0.0,2.6563949584960938,18.998485565185547
31219,0,calendar_2014_test,48.2123908996582,66.0,0.9146031141281128,0.0,3.153414726257324,17.787609100341797
31220,0,calendar_2014_test,63.791587829589844,36.0,0.8881255388259888,0.0,4.131141185760498,27.791587829589844
31221,0,calendar_2014_test,32.35002899169922,18.0,0.9353427886962891,0.0,2.3875691890716553,14.350028991699219
31222,0,calendar_2014_test,19.305334091186523,20.0,0.9393244981765747,0.0,2.240537166595459,0.6946659088134766
31223,0,calendar_2014_test,18.656702041625977,20.0,0.9214986562728882,0.0,2.898784637451172,1.3432979583740234
31224,0,calendar_2014_test,20.439058303833008,14.0,0.9277991652488708,0.0,2.6661293506622314,6.439058303833008
31225,0,calendar_2014_test,19.302270889282227,15.0,0.9237115979194641,0.0,2.8170697689056396,4.302270889282227
31226,0,calendar_2014_test,14.3965482711792,18.0,0.9245461821556091,0.0,2.786250591278076,3.603451728820801
31227,0,calendar_2014_test,21.12142562866211,21.0,0.9234557747840881,0.0,2.8265156745910645,0.12142562866210938
31228,0,calendar_2014_test,16.675491333007812,32.0,0.9335504174232483,0.0,2.4537553787231445,15.324508666992188
31229,0,calendar_2014_test,22.963830947875977,21.0,0.9438470602035522,0.0,2.073535680770874,1.9638309478759766
31230,0,calendar_2014_test,21.29566764831543,19.0,0.9338520169258118,0.0,2.442617893218994,2.2956676483154297
31231,0,calendar_2014_test,18.007823944091797,12.0,0.937909722328186,0.0,2.292781352996826,6.007823944091797
31232,0,calendar_2014_test,15.32664680480957,15.0,0.9322642087936401,0.0,2.501250982284546,0.3266468048095703
31233,0,calendar_2014_test,17.423381805419922,16.0,0.9373778700828552,0.0,2.3124208450317383,1.4233818054199219
31234,0,calendar_2014_test,20.85409164428711,14.0,0.9228737950325012,0.0,2.848005771636963,6.854091644287109
31235,0,calendar_2014_test,19.19373893737793,18.0,0.9260702133178711,0.0,2.7299728393554688,1.1937389373779297
31236,0,calendar_2014_test,22.377771377563477,20.0,0.9236891865730286,0.0,2.8178958892822266,2.3777713775634766
31237,0,calendar_2014_test,24.055572509765625,19.0,0.9257338047027588,0.0,2.7423951625823975,5.055572509765625
31238,0,calendar_2014_test,23.545337677001953,28.0,0.9129223823547363,0.0,3.2154769897460938,4.454662322998047
31239,0,calendar_2014_test,30.964296340942383,32.0,0.9309131503105164,0.0,2.551140308380127,1.0357036590576172
31240,0,calendar_2014_test,34.44108963012695,40.0,0.904212474822998,0.0,3.5371041297912598,5.558910369873047
31241,0,calendar_2014_test,43.3599853515625,39.0,0.9124324917793274,0.0,3.2335681915283203,4.3599853515625
31242,0,calendar_2014_test,38.61014938354492,22.0,0.9171301126480103,0.0,3.06010103225708,16.610149383544922
31243,0,calendar_2014_test,18.908103942871094,37.0,0.9341704249382019,0.0,2.430860996246338,18.091896057128906
31244,0,calendar_2014_test,32.00992965698242,24.0,0.929823637008667,0.0,2.5913732051849365,8.009929656982422
31245,0,calendar_2014_test,21.222625732421875,19.0,0.9282456636428833,0.0,2.6496427059173584,2.222625732421875
31246,0,calendar_2014_test,18.512685775756836,11.0,0.9549757838249207,0.0,1.6625896692276,7.512685775756836
31247,0,calendar_2014_test,12.820785522460938,13.0,0.9304473996162415,0.0,2.5683388710021973,0.1792144775390625
31248,0,calendar_2014_test,11.842936515808105,11.0,0.9323269128799438,0.0,2.4989352226257324,0.8429365158081055
31249,0,calendar_2014_test,11.101495742797852,10.0,0.9327948093414307,0.0,2.4816577434539795,1.1014957427978516
31250,0,calendar_2014_test,10.705257415771484,7.0,0.9255678653717041,0.0,2.748522996902466,3.7052574157714844
31251,0,calendar_2014_test,9.954254150390625,12.0,0.9259347915649414,0.0,2.7349750995635986,2.045745849609375
31252,0,calendar_2014_test,11.62015151977539,15.0,0.9304943084716797,0.0,2.5666065216064453,3.3798484802246094
31253,0,calendar_2014_test,13.098073959350586,12.0,0.9375640153884888,0.0,2.3055472373962402,1.098073959350586
31254,0,calendar_2014_test,12.493581771850586,16.0,0.9270939230918884,0.0,2.692171096801758,3.506418228149414
31255,0,calendar_2014_test,14.795206069946289,7.0,0.935201108455658,0.0,2.3928005695343018,7.795206069946289
31256,0,calendar_2014_test,12.860097885131836,12.0,0.9410594701766968,0.0,2.1764726638793945,0.8600978851318359
31257,0,calendar_2014_test,14.662114143371582,19.0,0.9355295300483704,0.0,2.3806731700897217,4.337885856628418
31258,0,calendar_2014_test,21.761905670166016,22.0,0.9199491739273071,0.0,2.956003427505493,0.23809432983398438
31259,0,calendar_2014_test,24.721277236938477,22.0,0.9283678531646729,0.0,2.6451303958892822,2.7212772369384766
31260,0,calendar_2014_test,25.640153884887695,16.0,0.9263715147972107,0.0,2.7188467979431152,9.640153884887695
31261,0,calendar_2014_test,21.579586029052734,20.0,0.9293914437294006,0.0,2.6073319911956787,1.5795860290527344
31262,0,calendar_2014_test,23.471721649169922,30.0,0.9327174425125122,0.0,2.4845144748687744,6.528278350830078
31263,0,calendar_2014_test,32.36106491088867,32.0,0.9193820357322693,0.0,2.9769444465637207,0.3610649108886719
31264,0,calendar_2014_test,35.34555435180664,38.0,0.8918549418449402,0.0,3.99342679977417,2.6544456481933594
31265,0,calendar_2014_test,40.2537841796875,52.0,0.9008339643478394,0.0,3.661860942840576,11.7462158203125
31266,0,calendar_2014_test,57.06063461303711,63.0,0.883479654788971,0.0,4.30269718170166,5.939365386962891
31267,0,calendar_2014_test,66.32139587402344,66.0,0.8778213858604431,0.0,4.511638164520264,0.3213958740234375
31268,0,calendar_2014_test,68.68708038330078,72.0,0.8935994505882263,0.0,3.9290075302124023,3.3129196166992188
31269,0,calendar_2014_test,75.61275482177734,63.0,0.8797632455825806,0.0,4.439931392669678,12.612754821777344
31270,0,calendar_2014_test,61.52072525024414,69.0,0.8845465183258057,0.0,4.26330041885376,7.479274749755859
31271,0,calendar_2014_test,72.28386688232422,78.0,0.8850917816162109,0.0,4.243167400360107,5.716133117675781
31272,0,calendar_2014_test,79.168701171875,85.0,0.8360087275505066,0.0,6.055635452270508,5.831298828125
31273,0,calendar_2014_test,86.50432586669922,82.0,0.880662739276886,0.0,4.406715393066406,4.504325866699219
31274,0,calendar_2014_test,83.46818542480469,87.0,0.8664014339447021,0.0,4.933337211608887,3.5318145751953125
31275,0,calendar_2014_test,89.52035522460938,93.0,0.8610717058181763,0.0,5.130145072937012,3.479644775390625
31276,0,calendar_2014_test,89.68943786621094,116.0,0.8817881345748901,0.0,4.365158557891846,26.310562133789062
31277,0,calendar_2014_test,114.96007537841797,99.0,0.8085553050041199,0.0,7.069396495819092,15.960075378417969
31278,0,calendar_2014_test,93.61933898925781,88.0,0.8557871580123901,0.0,5.325286388397217,5.6193389892578125
31279,0,calendar_2014_test,81.59375,91.0,0.857344925403595,0.0,5.267763137817383,9.40625
31280,0,calendar_2014_test,91.34957885742188,109.0,0.8619958162307739,0.0,5.096022605895996,17.650421142578125
31281,0,calendar_2014_test,108.08436584472656,110.0,0.8209617733955383,0.0,6.611268520355225,1.9156341552734375
31282,0,calendar_2014_test,104.10086822509766,109.0,0.8623877167701721,0.0,5.081550121307373,4.899131774902344
31283,0,calendar_2014_test,105.54887390136719,123.0,0.8469054698944092,0.0,5.653257369995117,17.451126098632812
31284,0,calendar_2014_test,121.8967056274414,136.0,0.8204540014266968,0.0,6.630017280578613,14.103294372558594
31285,0,calendar_2014_test,133.9758758544922,119.0,0.7922126054763794,0.0,7.672876834869385,14.975875854492188
31286,0,calendar_2014_test,113.3974838256836,116.0,0.7831375598907471,0.0,8.00798511505127,2.6025161743164062
31287,0,calendar_2014_test,114.31059265136719,101.0,0.8172667622566223,0.0,6.747712135314941,13.310592651367188
31288,0,calendar_2014_test,96.36034393310547,131.0,0.8157647848129272,0.0,6.803175449371338,34.63965606689453
31289,0,calendar_2014_test,132.84788513183594,168.0,0.7871366739273071,0.0,7.860311508178711,35.15211486816406
31290,0,calendar_2014_test,170.6745147705078,189.0,0.6986060738563538,0.0,11.129444122314453,18.325485229492188
31291,0,calendar_2014_test,192.13055419921875,183.0,0.7897277474403381,0.0,7.764633655548096,9.13055419921875
31292,0,calendar_2014_test,167.03271484375,205.0,0.7638915181159973,0.0,8.718676567077637,37.96728515625
31293,0,calendar_2014_test,197.31175231933594,188.0,0.6225829720497131,0.0,13.93671703338623,9.311752319335938
31294,0,calendar_2014_test,174.59603881835938,148.0,0.6807456612586975,0.0,11.788968086242676,26.596038818359375
31295,0,calendar_2014_test,133.64190673828125,137.0,0.7962587475776672,0.0,7.52346658706665,3.35809326171875
31296,0,calendar_2014_test,134.64144897460938,140.0,0.757402777671814,0.0,8.958282470703125,5.358551025390625
31297,0,calendar_2014_test,136.96435546875,141.0,0.7926730513572693,0.0,7.6558732986450195,4.03564453125
31298,0,calendar_2014_test,129.30654907226562,121.0,0.8064352869987488,0.0,7.147681713104248,8.306549072265625
31299,0,calendar_2014_test,110.4596176147461,109.0,0.8368719220161438,0.0,6.023759841918945,1.4596176147460938
31300,0,calendar_2014_test,106.35550689697266,83.0,0.8301664590835571,0.0,6.2713704109191895,23.355506896972656
31301,0,calendar_2014_test,71.95214080810547,78.0,0.8485150337219238,0.0,5.593820095062256,6.047859191894531
31302,0,calendar_2014_test,72.5846176147461,77.0,0.863619863986969,0.0,5.036051273345947,4.415382385253906
31303,0,calendar_2014_test,74.84573364257812,79.0,0.887154221534729,0.0,4.1670074462890625,4.154266357421875
31304,0,calendar_2014_test,76.9885025024414,73.0,0.8750292062759399,0.0,4.614742755889893,3.9885025024414062
31305,0,calendar_2014_test,72.36357879638672,75.0,0.8674132823944092,0.0,4.895973205566406,2.6364212036132812
31306,0,calendar_2014_test,77.24967193603516,91.0,0.8515699505805969,0.0,5.481012344360352,13.750328063964844
31307,0,calendar_2014_test,95.18485260009766,104.0,0.8433994054794312,0.0,5.782723903656006,8.815147399902344
31308,0,calendar_2014_test,108.96773529052734,116.0,0.8279711008071899,0.0,6.352436065673828,7.032264709472656
31309,0,calendar_2014_test,118.18147277832031,121.0,0.7950588464736938,0.0,7.567773342132568,2.8185272216796875
31310,0,calendar_2014_test,121.80912780761719,137.0,0.8260489702224731,0.0,6.423414707183838,15.190872192382812
31311,0,calendar_2014_test,140.78109741210938,151.0,0.7640362977981567,0.0,8.713330268859863,10.218902587890625
31312,0,calendar_2014_test,155.4468231201172,159.0,0.7364886999130249,0.0,9.730567932128906,3.5531768798828125
31313,0,calendar_2014_test,163.2939910888672,157.0,0.7671757936477661,0.0,8.597400665283203,6.2939910888671875
31314,0,calendar_2014_test,154.28408813476562,151.0,0.7852033376693726,0.0,7.931704521179199,3.284088134765625
31315,0,calendar_2014_test,152.43939208984375,150.0,0.8040046095848083,0.0,7.237437725067139,2.43939208984375
31316,0,calendar_2014_test,154.97860717773438,149.0,0.7191243767738342,0.0,10.371773719787598,5.978607177734375
31317,0,calendar_2014_test,153.3917999267578,141.0,0.7881942391395569,0.0,7.821260929107666,12.391799926757812
31318,0,calendar_2014_test,139.87966918945312,144.0,0.7733246684074402,0.0,8.370342254638672,4.120330810546875
31319,0,calendar_2014_test,143.9205780029297,148.0,0.7493715286254883,0.0,9.254849433898926,4.0794219970703125
31320,0,calendar_2014_test,147.16049194335938,144.0,0.8105605840682983,0.0,6.995347499847412,3.160491943359375
31321,0,calendar_2014_test,141.28518676757812,150.0,0.7632406949996948,0.0,8.74271011352539,8.714813232421875
31322,0,calendar_2014_test,150.47299194335938,152.0,0.7240310907363892,0.0,10.190585136413574,1.527008056640625
31323,0,calendar_2014_test,148.26156616210938,155.0,0.8112547993659973,0.0,6.9697136878967285,6.738433837890625
31324,0,calendar_2014_test,147.95079040527344,165.0,0.7732726335525513,0.0,8.372264862060547,17.049209594726562
31325,0,calendar_2014_test,154.51654052734375,181.0,0.744073212146759,0.0,9.450498580932617,26.48345947265625
31326,0,calendar_2014_test,175.6343536376953,191.0,0.7544563412666321,0.0,9.067085266113281,15.365646362304688
31327,0,calendar_2014_test,162.60000610351562,124.0,0.7667838931083679,0.0,8.611871719360352,38.600006103515625
31328,0,calendar_2014_test,98.56487274169922,36.0,0.844931960105896,0.0,5.726130962371826,62.56487274169922
31329,0,calendar_2014_test,24.623952865600586,40.0,0.9291414022445679,0.0,2.6165647506713867,15.376047134399414
31330,0,calendar_2014_test,34.181114196777344,49.0,0.903541624546051,0.0,3.561877965927124,14.818885803222656
31331,0,calendar_2014_test,44.457786560058594,30.0,0.8866696953773499,0.0,4.184898853302002,14.457786560058594
31332,0,calendar_2014_test,27.50213623046875,27.0,0.9102566242218018,0.0,3.313915491104126,0.50213623046875
31333,0,calendar_2014_test,24.333547592163086,27.0,0.9360063672065735,0.0,2.363064765930176,2.666452407836914
31334,0,calendar_2014_test,26.52762222290039,22.0,0.9110271334648132,0.0,3.285463333129883,4.527622222900391
31335,0,calendar_2014_test,19.845415115356445,24.0,0.9257396459579468,0.0,2.742180585861206,4.154584884643555
31336,0,calendar_2014_test,21.079742431640625,21.0,0.9234037399291992,0.0,2.828437089920044,0.079742431640625
31337,0,calendar_2014_test,20.33489990234375,26.0,0.9257960319519043,0.0,2.7400972843170166,5.66510009765625
31338,0,calendar_2014_test,23.166780471801758,17.0,0.9106088876724243,0.0,3.300908327102661,6.166780471801758
31339,0,calendar_2014_test,18.103422164916992,23.0,0.9492952227592468,0.0,1.872352957725525,4.896577835083008
31340,0,calendar_2014_test,21.092927932739258,23.0,0.9237475991249084,0.0,2.815739393234253,1.9070720672607422
31341,0,calendar_2014_test,20.602893829345703,21.0,0.9414492845535278,0.0,2.1620776653289795,0.3971061706542969
31342,0,calendar_2014_test,17.188846588134766,21.0,0.9314097762107849,0.0,2.5328009128570557,3.8111534118652344
31343,0,calendar_2014_test,20.39360237121582,17.0,0.9189897179603577,0.0,2.991431951522827,3.3936023712158203
31344,0,calendar_2014_test,18.391809463500977,15.0,0.9357126951217651,0.0,2.3739094734191895,3.3918094635009766
31345,0,calendar_2014_test,19.309852600097656,13.0,0.9266799092292786,0.0,2.707458734512329,6.309852600097656
31346,0,calendar_2014_test,15.181925773620605,17.0,0.9272894859313965,0.0,2.684950828552246,1.8180742263793945
31347,0,calendar_2014_test,18.233043670654297,14.0,0.9441016912460327,0.0,2.0641326904296875,4.233043670654297
31348,0,calendar_2014_test,13.531691551208496,20.0,0.9151968359947205,0.0,3.131490707397461,6.468308448791504
31349,0,calendar_2014_test,18.52547264099121,18.0,0.9240135550498962,0.0,2.8059182167053223,0.5254726409912109
31350,0,calendar_2014_test,20.689411163330078,16.0,0.9344442486763,0.0,2.420748233795166,4.689411163330078
31351,0,calendar_2014_test,20.79697608947754,27.0,0.92459636926651,0.0,2.784398078918457,6.203023910522461
31352,0,calendar_2014_test,29.58951759338379,52.0,0.9075421690940857,0.0,3.414151430130005,22.41048240661621
31353,0,calendar_2014_test,56.420047760009766,67.0,0.9020784497261047,0.0,3.6159071922302246,10.579952239990234
31354,0,calendar_2014_test,69.78053283691406,76.0,0.8869958519935608,0.0,4.172856330871582,6.2194671630859375
31355,0,calendar_2014_test,77.72419738769531,79.0,0.8746472597122192,0.0,4.628846645355225,1.2758026123046875
31356,0,calendar_2014_test,79.60346221923828,76.0,0.8268589377403259,0.0,6.393506050109863,3.6034622192382812
31357,0,calendar_2014_test,77.48562622070312,66.0,0.9032642841339111,0.0,3.572118043899536,11.485626220703125
31358,0,calendar_2014_test,65.63203430175781,60.0,0.877988874912262,0.0,4.505453109741211,5.6320343017578125
31359,0,calendar_2014_test,59.57829666137695,66.0,0.90589439868927,0.0,3.4749960899353027,6.421703338623047
31360,0,calendar_2014_test,68.0772933959961,61.0,0.8748701214790344,0.0,4.620617389678955,7.077293395996094
31361,0,calendar_2014_test,60.09580993652344,57.0,0.8939980864524841,0.0,3.9142866134643555,3.0958099365234375
31362,0,calendar_2014_test,54.83808898925781,47.0,0.8856915235519409,0.0,4.221020221710205,7.8380889892578125
31363,0,calendar_2014_test,47.891605377197266,30.0,0.9064527153968811,0.0,3.454380989074707,17.891605377197266
31364,0,calendar_2014_test,32.585601806640625,34.0,0.9253637790679932,0.0,2.756059169769287,1.414398193359375
31365,0,calendar_2014_test,36.43082809448242,29.0,0.9237613677978516,0.0,2.8152313232421875,7.430828094482422
31366,0,calendar_2014_test,32.4456901550293,47.0,0.9237231016159058,0.0,2.8166449069976807,14.554309844970703
31367,0,calendar_2014_test,50.565799713134766,72.0,0.8805727362632751,0.0,4.410039901733398,21.434200286865234
31368,0,calendar_2014_test,78.47651672363281,73.0,0.8415166139602661,0.0,5.8522491455078125,5.4765167236328125
31369,0,calendar_2014_test,73.89290618896484,70.0,0.8791587352752686,0.0,4.462254047393799,3.8929061889648438
31370,0,calendar_2014_test,73.67601013183594,78.0,0.8475090265274048,0.0,5.630969524383545,4.3239898681640625
31371,0,calendar_2014_test,82.28425598144531,90.0,0.8572055101394653,0.0,5.27291202545166,7.7157440185546875
31372,0,calendar_2014_test,95.18666076660156,92.0,0.8929808735847473,0.0,3.9518485069274902,3.1866607666015625
31373,0,calendar_2014_test,93.8649673461914,94.0,0.840080201625824,0.0,5.905289173126221,0.13503265380859375
31374,0,calendar_2014_test,94.40621948242188,96.0,0.8378521203994751,0.0,5.987565040588379,1.593780517578125
31375,0,calendar_2014_test,92.50740051269531,77.0,0.8571007251739502,0.0,5.27678108215332,15.507400512695312
31376,0,calendar_2014_test,69.32078552246094,79.0,0.899479866027832,0.0,3.7118630409240723,9.679214477539062
31377,0,calendar_2014_test,77.39543914794922,79.0,0.8738444447517395,0.0,4.658491611480713,1.6045608520507812
31378,0,calendar_2014_test,74.56754302978516,74.0,0.8810364007949829,0.0,4.392916679382324,0.5675430297851562
31379,0,calendar_2014_test,69.97433471679688,76.0,0.8808362483978271,0.0,4.400308132171631,6.025665283203125
31380,0,calendar_2014_test,77.11827087402344,66.0,0.8700785040855408,0.0,4.797554969787598,11.118270874023438
31381,0,calendar_2014_test,68.93049621582031,44.0,0.896788477897644,0.0,3.811246633529663,24.930496215820312
31382,0,calendar_2014_test,44.499080657958984,48.0,0.8844664692878723,0.0,4.266257286071777,3.5009193420410156
31383,0,calendar_2014_test,48.33723068237305,52.0,0.9004850387573242,0.0,3.6747450828552246,3.662769317626953
31384,0,calendar_2014_test,50.84981155395508,20.0,0.9048466086387634,0.0,3.5136892795562744,30.849811553955078
31385,0,calendar_2014_test,17.397554397583008,15.0,0.9375185370445251,0.0,2.3072261810302734,2.397554397583008
31386,0,calendar_2014_test,14.257083892822266,13.0,0.9352995753288269,0.0,2.389164924621582,1.2570838928222656
31387,0,calendar_2014_test,13.691755294799805,14.0,0.9490913152694702,0.0,1.8798829317092896,0.3082447052001953
31388,0,calendar_2014_test,14.79074764251709,10.0,0.9259047508239746,0.0,2.736083745956421,4.79074764251709
31389,0,calendar_2014_test,13.421558380126953,7.0,0.9348793625831604,0.0,2.4046812057495117,6.421558380126953
31390,0,calendar_2014_test,10.79983139038086,5.0,0.932647705078125,0.0,2.4870901107788086,5.799831390380859
31391,0,calendar_2014_test,9.80787181854248,6.0,0.9327275156974792,0.0,2.484142541885376,3.8078718185424805
31392,0,calendar_2014_test,9.577486038208008,7.0,0.9213190078735352,0.0,2.9054181575775146,2.577486038208008
31393,0,calendar_2014_test,9.453446388244629,10.0,0.9389725923538208,0.0,2.2535321712493896,0.5465536117553711
31394,0,calendar_2014_test,11.484780311584473,9.0,0.9291574954986572,0.0,2.615971088409424,2.4847803115844727
31395,0,calendar_2014_test,11.29635238647461,11.0,0.9489065408706665,0.0,1.886705756187439,0.2963523864746094
31396,0,calendar_2014_test,11.402165412902832,9.0,0.9331712126731873,0.0,2.467757225036621,2.402165412902832
31397,0,calendar_2014_test,11.110107421875,11.0,0.9363079071044922,0.0,2.351930856704712,0.110107421875
31398,0,calendar_2014_test,12.09886646270752,13.0,0.9122398495674133,0.0,3.240680694580078,0.9011335372924805
31399,0,calendar_2014_test,12.240983009338379,11.0,0.915418803691864,0.0,3.1232941150665283,1.240983009338379
31400,0,calendar_2014_test,12.888927459716797,17.0,0.9340945482254028,0.0,2.4336631298065186,4.111072540283203
31401,0,calendar_2014_test,16.777812957763672,14.0,0.9382640719413757,0.0,2.2796952724456787,2.777812957763672
31402,0,calendar_2014_test,17.719778060913086,13.0,0.9419971704483032,0.0,2.1418466567993164,4.719778060913086
31403,0,calendar_2014_test,17.21445655822754,9.0,0.9170047640800476,0.0,3.064729690551758,8.214456558227539
31404,0,calendar_2014_test,15.812127113342285,7.0,0.9409341216087341,0.0,2.1810998916625977,8.812127113342285
31405,0,calendar_2014_test,13.729236602783203,9.0,0.9366205334663391,0.0,2.3403854370117188,4.729236602783203
31406,0,calendar_2014_test,15.393661499023438,11.0,0.9503280520439148,0.0,1.8342152833938599,4.3936614990234375
31407,0,calendar_2014_test,16.69013214111328,12.0,0.9380611181259155,0.0,2.2871906757354736,4.690132141113281
31408,0,calendar_2014_test,16.569705963134766,18.0,0.9179036617279053,0.0,3.0315353870391846,1.4302940368652344
31409,0,calendar_2014_test,17.75225830078125,11.0,0.9341059327125549,0.0,2.4332427978515625,6.75225830078125
31410,0,calendar_2014_test,15.108988761901855,11.0,0.9276931285858154,0.0,2.6700448989868164,4.1089887619018555
31411,0,calendar_2014_test,15.126108169555664,7.0,0.9441626071929932,0.0,2.0618832111358643,8.126108169555664
31412,0,calendar_2014_test,10.513022422790527,6.0,0.9466104507446289,0.0,1.9714930057525635,4.513022422790527
31413,0,calendar_2014_test,9.344945907592773,5.0,0.9358563423156738,0.0,2.368604898452759,4.344945907592773
31414,0,calendar_2014_test,8.5150728225708,7.0,0.9389241933822632,0.0,2.255319833755493,1.5150728225708008
31415,0,calendar_2014_test,8.630534172058105,12.0,0.9266347885131836,0.0,2.709125518798828,3.3694658279418945
31416,0,calendar_2014_test,12.510168075561523,13.0,0.9310250282287598,0.0,2.5470094680786133,0.48983192443847656
31417,0,calendar_2014_test,13.510329246520996,17.0,0.9241007566452026,0.0,2.8026983737945557,3.489670753479004
31418,0,calendar_2014_test,20.130022048950195,16.0,0.9251209497451782,0.0,2.765026330947876,4.130022048950195
31419,0,calendar_2014_test,21.15026092529297,26.0,0.9269266128540039,0.0,2.6983489990234375,4.849739074707031
31420,0,calendar_2014_test,25.147045135498047,18.0,0.9271999001502991,0.0,2.6882572174072266,7.147045135498047
31421,0,calendar_2014_test,18.430875778198242,19.0,0.930917501449585,0.0,2.5509798526763916,0.5691242218017578
31422,0,calendar_2014_test,18.471128463745117,21.0,0.9226824045181274,0.0,2.8550729751586914,2.528871536254883
31423,0,calendar_2014_test,23.676393508911133,24.0,0.9263505935668945,0.0,2.7196192741394043,0.3236064910888672
31424,0,calendar_2014_test,23.252971649169922,20.0,0.9245099425315857,0.0,2.7875888347625732,3.252971649169922
31425,0,calendar_2014_test,17.315624237060547,22.0,0.9445664882659912,0.0,2.046968698501587,4.684375762939453
31426,0,calendar_2014_test,21.96282386779785,18.0,0.9226283431053162,0.0,2.8570706844329834,3.9628238677978516
31427,0,calendar_2014_test,21.811838150024414,19.0,0.9419327974319458,0.0,2.14422345161438,2.811838150024414
31428,0,calendar_2014_test,12.542284965515137,16.0,0.9435147047042847,0.0,2.0858078002929688,3.4577150344848633
31429,0,calendar_2014_test,17.76475715637207,11.0,0.9274905920028687,0.0,2.6775248050689697,6.76475715637207
31430,0,calendar_2014_test,17.64654541015625,17.0,0.9230890274047852,0.0,2.840057373046875,0.64654541015625
31431,0,calendar_2014_test,22.73324966430664,31.0,0.9215679168701172,0.0,2.8962271213531494,8.26675033569336
31432,0,calendar_2014_test,32.9614372253418,61.0,0.9092193841934204,0.0,3.3522162437438965,28.038562774658203
31433,0,calendar_2014_test,68.22708129882812,151.0,0.8780482411384583,0.0,4.503260612487793,82.77291870117188
31434,0,calendar_2014_test,145.6936798095703,163.0,0.7945364117622375,0.0,7.587066173553467,17.306320190429688
31435,0,calendar_2014_test,160.96017456054688,98.0,0.763385534286499,0.0,8.737360954284668,62.960174560546875
31436,0,calendar_2014_test,87.58497619628906,96.0,0.874389111995697,0.0,4.638379096984863,8.415023803710938
31437,0,calendar_2014_test,99.14401245117188,119.0,0.8383542895317078,0.0,5.969022274017334,19.855987548828125
31438,0,calendar_2014_test,125.29862213134766,125.0,0.8053119778633118,0.0,7.18916130065918,0.29862213134765625
31439,0,calendar_2014_test,124.19707489013672,136.0,0.7630190849304199,0.0,8.750892639160156,11.802925109863281
31440,0,calendar_2014_test,138.13099670410156,147.0,0.8150694370269775,0.0,6.828851699829102,8.869003295898438
31441,0,calendar_2014_test,150.2228240966797,150.0,0.7474316954612732,0.0,9.326480865478516,0.2228240966796875
31442,0,calendar_2014_test,147.96426391601562,150.0,0.7995494604110718,0.0,7.401952266693115,2.035736083984375
31443,0,calendar_2014_test,142.72842407226562,173.0,0.789811372756958,0.0,7.761545181274414,30.271575927734375
31444,0,calendar_2014_test,174.21490478515625,184.0,0.7118272185325623,0.0,10.64123249053955,9.78509521484375
31445,0,calendar_2014_test,180.2827606201172,191.0,0.77113276720047,0.0,8.451281547546387,10.717239379882812
31446,0,calendar_2014_test,176.752197265625,166.0,0.733240008354187,0.0,9.850531578063965,10.752197265625
31447,0,calendar_2014_test,145.82081604003906,128.0,0.8008823394775391,0.0,7.352732181549072,17.820816040039062
31448,0,calendar_2014_test,115.0093994140625,141.0,0.803443193435669,0.0,7.258169174194336,25.9906005859375
31449,0,calendar_2014_test,134.7488250732422,141.0,0.816248893737793,0.0,6.785297870635986,6.2511749267578125
31450,0,calendar_2014_test,135.91571044921875,145.0,0.8040165901184082,0.0,7.23699426651001,9.08428955078125
31451,0,calendar_2014_test,142.37550354003906,156.0,0.7859959602355957,0.0,7.902435302734375,13.624496459960938
31452,0,calendar_2014_test,156.06683349609375,160.0,0.7864328622817993,0.0,7.886302471160889,3.93316650390625
31453,0,calendar_2014_test,159.088623046875,165.0,0.7714588046073914,0.0,8.439242362976074,5.911376953125
31454,0,calendar_2014_test,165.84600830078125,155.0,0.6921364068984985,0.0,11.36834716796875,10.84600830078125
31455,0,calendar_2014_test,150.23789978027344,118.0,0.7740317583084106,0.0,8.344233512878418,32.23789978027344
31456,0,calendar_2014_test,107.0509262084961,152.0,0.8287785053253174,0.0,6.322621822357178,44.949073791503906
31457,0,calendar_2014_test,158.0558319091797,214.0,0.7816057205200195,0.0,8.06455135345459,55.94416809082031
31458,0,calendar_2014_test,213.04074096679688,249.0,0.6059719324111938,0.0,14.550104141235352,35.959259033203125
31459,0,calendar_2014_test,246.65328979492188,247.0,0.5971472263336182,0.0,14.875972747802734,0.346710205078125
31460,0,calendar_2014_test,246.05540466308594,248.0,0.5438610315322876,0.0,16.84364891052246,1.9445953369140625
31461,0,calendar_2014_test,262.38922119140625,253.0,0.6165022850036621,0.0,14.161255836486816,9.38922119140625
31462,0,calendar_2014_test,258.5792541503906,261.0,0.6864836812019348,0.0,11.577082633972168,2.420745849609375
31463,0,calendar_2014_test,265.8228759765625,257.0,0.6778336763381958,0.0,11.896496772766113,8.8228759765625
31464,0,calendar_2014_test,256.5430908203125,262.0,0.6733074188232422,0.0,12.06363582611084,5.4569091796875
31465,0,calendar_2014_test,270.77484130859375,270.0,0.6171449422836304,0.0,14.137523651123047,0.77484130859375
31466,0,calendar_2014_test,268.1424255371094,262.0,0.46514827013015747,0.0,19.750240325927734,6.142425537109375
31467,0,calendar_2014_test,261.2691345214844,260.0,0.5164538621902466,0.0,17.855701446533203,1.269134521484375
31468,0,calendar_2014_test,258.51361083984375,271.0,0.5914490222930908,0.0,15.086385726928711,12.48638916015625
31469,0,calendar_2014_test,270.8631591796875,281.0,0.6413354873657227,0.0,13.244250297546387,10.1368408203125
31470,0,calendar_2014_test,271.63916015625,280.0,0.6030937433242798,0.0,14.65638542175293,8.36083984375
31471,0,calendar_2014_test,265.9726257324219,270.0,0.526785671710968,0.0,17.47418212890625,4.027374267578125
31472,0,calendar_2014_test,259.35870361328125,277.0,0.5942506790161133,0.0,14.982930183410645,17.64129638671875
31473,0,calendar_2014_test,265.3077087402344,249.0,0.5364813804626465,0.0,17.116153717041016,16.307708740234375
31474,0,calendar_2014_test,231.87232971191406,242.0,0.670869767665863,0.0,12.153651237487793,10.127670288085938
31475,0,calendar_2014_test,234.12042236328125,192.0,0.6070742607116699,0.0,14.5093994140625,42.12042236328125
31476,0,calendar_2014_test,174.45994567871094,167.0,0.7282606363296509,0.0,10.034402847290039,7.4599456787109375
31477,0,calendar_2014_test,156.32472229003906,168.0,0.7425359487533569,0.0,9.50726318359375,11.675277709960938
31478,0,calendar_2014_test,167.46510314941406,184.0,0.7376030087471008,0.0,9.689420700073242,16.534896850585938
31479,0,calendar_2014_test,185.28697204589844,199.0,0.6925547122955322,0.0,11.352901458740234,13.713027954101562
31480,0,calendar_2014_test,203.6520538330078,225.0,0.6858978271484375,0.0,11.59871768951416,21.347946166992188
31481,0,calendar_2014_test,233.19488525390625,252.0,0.6853801012039185,0.0,11.617833137512207,18.80511474609375
31482,0,calendar_2014_test,265.41241455078125,277.0,0.5767555236816406,0.0,15.628966331481934,11.58758544921875
31483,0,calendar_2014_test,289.8531188964844,290.0,0.4917925000190735,0.0,18.766361236572266,0.146881103515625
31484,0,calendar_2014_test,295.0156555175781,299.0,0.5674139261245728,0.0,15.973919868469238,3.984344482421875
31485,0,calendar_2014_test,294.5755310058594,326.0,0.559973955154419,0.0,16.248653411865234,31.424468994140625
31486,0,calendar_2014_test,330.9813232421875,324.0,0.5153564214706421,0.0,17.896224975585938,6.9813232421875
31487,0,calendar_2014_test,305.36151123046875,320.0,0.48251843452453613,0.0,19.10881996154785,14.63848876953125
31488,0,calendar_2014_test,304.0785217285156,279.0,0.6046878099441528,0.0,14.597524642944336,25.078521728515625
31489,0,calendar_2014_test,254.4716796875,250.0,0.5506234169006348,0.0,16.593935012817383,4.4716796875
31490,0,calendar_2014_test,229.67922973632812,228.0,0.6381796598434448,0.0,13.360784530639648,1.679229736328125
31491,0,calendar_2014_test,211.89756774902344,232.0,0.7191681861877441,0.0,10.370155334472656,20.102432250976562
31492,0,calendar_2014_test,220.4280242919922,233.0,0.7104485034942627,0.0,10.692145347595215,12.571975708007812
31493,0,calendar_2014_test,227.39112854003906,239.0,0.6827068328857422,0.0,11.716548919677734,11.608871459960938
31494,0,calendar_2014_test,229.89376831054688,235.0,0.5530968904495239,0.0,16.50259780883789,5.106231689453125
31495,0,calendar_2014_test,226.14915466308594,226.0,0.641738772392273,0.0,13.22935962677002,0.1491546630859375
31496,0,calendar_2014_test,217.070068359375,223.0,0.6485146284103394,0.0,12.979147911071777,5.929931640625
31497,0,calendar_2014_test,210.86178588867188,229.0,0.6402442455291748,0.0,13.284546852111816,18.138214111328125
31498,0,calendar_2014_test,224.2927703857422,206.0,0.6348494291305542,0.0,13.483757019042969,18.292770385742188
31499,0,calendar_2014_test,193.03683471679688,189.0,0.7208136320114136,0.0,10.309394836425781,4.036834716796875
31500,0,calendar_2014_test,177.9194793701172,188.0,0.7311163544654846,0.0,9.928951263427734,10.080520629882812
31501,0,calendar_2014_test,185.0634002685547,163.0,0.7053583860397339,0.0,10.880104064941406,22.063400268554688
31502,0,calendar_2014_test,155.6394805908203,165.0,0.8035516738891602,0.0,7.2541632652282715,9.360519409179688
31503,0,calendar_2014_test,165.71524047851562,152.0,0.7222104668617249,0.0,10.257814407348633,13.715240478515625
31504,0,calendar_2014_test,150.10415649414062,147.0,0.773362934589386,0.0,8.368928909301758,3.104156494140625
31505,0,calendar_2014_test,149.3512725830078,157.0,0.7917989492416382,0.0,7.688149929046631,7.6487274169921875
31506,0,calendar_2014_test,164.64453125,181.0,0.752923309803009,0.0,9.12369441986084,16.35546875
31507,0,calendar_2014_test,195.51129150390625,190.0,0.7385675311088562,0.0,9.653804779052734,5.51129150390625
31508,0,calendar_2014_test,200.0535125732422,201.0,0.7048062682151794,0.0,10.900491714477539,0.9464874267578125
31509,0,calendar_2014_test,210.30897521972656,226.0,0.761320948600769,0.0,8.8135986328125,15.691024780273438
31510,0,calendar_2014_test,240.2032928466797,248.0,0.6362415552139282,0.0,13.432352066040039,7.7967071533203125
31511,0,calendar_2014_test,260.4507141113281,269.0,0.630801260471344,0.0,13.633243560791016,8.549285888671875
31512,0,calendar_2014_test,275.3865966796875,275.0,0.5842368602752686,0.0,15.352706909179688,0.3865966796875
31513,0,calendar_2014_test,278.5187072753906,311.0,0.5409857630729675,0.0,16.94982147216797,32.481292724609375
31514,0,calendar_2014_test,318.93426513671875,300.0,0.4314976930618286,0.0,20.992841720581055,18.93426513671875
31515,0,calendar_2014_test,290.17486572265625,317.0,0.5552815794944763,0.0,16.421926498413086,26.82513427734375
31516,0,calendar_2014_test,308.98614501953125,330.0,0.5238065719604492,0.0,17.584190368652344,21.01385498046875
31517,0,calendar_2014_test,323.0593566894531,346.0,0.47209686040878296,0.0,19.49365234375,22.940643310546875
31518,0,calendar_2014_test,337.6495056152344,350.0,0.4864463210105896,0.0,18.963775634765625,12.350494384765625
31519,0,calendar_2014_test,338.4657897949219,331.0,0.5165520906448364,0.0,17.852073669433594,7.465789794921875
31520,0,calendar_2014_test,308.4192199707031,327.0,0.4641692638397217,0.0,19.786392211914062,18.580780029296875
31521,0,calendar_2014_test,314.2676696777344,327.0,0.6200551986694336,0.0,14.030058860778809,12.732330322265625
31522,0,calendar_2014_test,315.7618408203125,286.0,0.5417371988296509,0.0,16.922073364257812,29.7618408203125
31523,0,calendar_2014_test,261.0915222167969,246.0,0.546499490737915,0.0,16.746219635009766,15.091522216796875
31524,0,calendar_2014_test,226.95469665527344,269.0,0.6569013595581055,0.0,12.669455528259277,42.04530334472656
31525,0,calendar_2014_test,270.41302490234375,309.0,0.5705854892730713,0.0,15.856806755065918,38.58697509765625
31526,0,calendar_2014_test,308.8150329589844,336.0,0.4958396553993225,0.0,18.616912841796875,27.184967041015625
31527,0,calendar_2014_test,332.47998046875,360.0,0.48945826292037964,0.0,18.852556228637695,27.52001953125
31528,0,calendar_2014_test,361.1663513183594,387.0,0.46261006593704224,0.0,19.84396743774414,25.833648681640625
31529,0,calendar_2014_test,376.30609130859375,399.0,0.42615044116973877,0.0,21.190296173095703,22.69390869140625
31530,0,calendar_2014_test,405.4017333984375,414.0,0.2864563465118408,0.0,26.34872055053711,8.5982666015625
31531,0,calendar_2014_test,412.7209167480469,465.0,0.3417341709136963,0.0,24.3075008392334,52.279083251953125
31532,0,calendar_2014_test,453.8330383300781,436.0,0.4840412735939026,0.0,19.05258560180664,17.833038330078125
31533,0,calendar_2014_test,400.9615173339844,435.0,0.39701974391937256,0.0,22.265993118286133,34.038482666015625
31534,0,calendar_2014_test,418.68182373046875,426.0,0.38306671380996704,0.0,22.781230926513672,7.31817626953125
31535,0,calendar_2014_test,411.6006774902344,413.0,0.32980722188949585,0.0,24.747920989990234,1.399322509765625
31536,0,calendar_2014_test,399.3863525390625,358.0,0.33577293157577515,0.0,24.52762794494629,41.3863525390625
31537,0,calendar_2014_test,330.0704650878906,389.0,0.3955432176589966,0.0,22.32051658630371,58.929534912109375
31538,0,calendar_2014_test,390.3905029296875,349.0,0.2620602250099182,0.0,27.24958610534668,41.3905029296875
31539,0,calendar_2014_test,324.18243408203125,340.0,0.5403978824615479,0.0,16.971529006958008,15.81756591796875
31540,0,calendar_2014_test,333.7668151855469,336.0,0.3745861053466797,0.0,23.094390869140625,2.233184814453125
31541,0,calendar_2014_test,323.19952392578125,369.0,0.43910324573516846,0.0,20.711994171142578,45.80047607421875
31542,0,calendar_2014_test,362.7416687011719,403.0,0.524222731590271,0.0,17.568822860717773,40.258331298828125
31543,0,calendar_2014_test,361.62066650390625,444.0,0.39283740520477295,0.0,22.420433044433594,82.37933349609375
31544,0,calendar_2014_test,398.3430480957031,306.0,0.09476369619369507,0.0,33.42727279663086,92.34304809570312
31545,0,calendar_2014_test,246.83665466308594,115.0,0.5816655158996582,0.0,15.447659492492676,131.83665466308594
31546,0,calendar_2014_test,96.27226257324219,90.0,0.7925064563751221,0.0,7.662024974822998,6.2722625732421875
31547,0,calendar_2014_test,91.0380630493164,82.0,0.8476876020431519,0.0,5.624374866485596,9.038063049316406
31548,0,calendar_2014_test,89.31159210205078,85.0,0.8850681185722351,0.0,4.2440409660339355,4.311592102050781
31549,0,calendar_2014_test,92.09297180175781,95.0,0.8628252148628235,0.0,5.065394878387451,2.9070281982421875
31550,0,calendar_2014_test,99.2904052734375,96.0,0.8248742818832397,0.0,6.466793060302734,3.2904052734375
31551,0,calendar_2014_test,98.5654067993164,107.0,0.8729453682899475,0.0,4.6916913986206055,8.434593200683594
31552,0,calendar_2014_test,114.3392562866211,111.0,0.8190712928771973,0.0,6.681077480316162,3.3392562866210938
31553,0,calendar_2014_test,114.97850799560547,125.0,0.7907592058181763,0.0,7.72654390335083,10.021492004394531
31554,0,calendar_2014_test,135.14151000976562,123.0,0.80356365442276,0.0,7.253720760345459,12.141510009765625
31555,0,calendar_2014_test,124.95609283447266,145.0,0.7769960761070251,0.0,8.234770774841309,20.043907165527344
31556,0,calendar_2014_test,157.93373107910156,153.0,0.7531625032424927,0.0,9.114861488342285,4.9337310791015625
31557,0,calendar_2014_test,157.73480224609375,159.0,0.7924139499664307,0.0,7.665441036224365,1.26519775390625
31558,0,calendar_2014_test,163.906494140625,154.0,0.7718024253845215,0.0,8.426554679870605,9.906494140625
31559,0,calendar_2014_test,157.93238830566406,191.0,0.7650726437568665,0.0,8.67506217956543,33.06761169433594
31560,0,calendar_2014_test,196.61334228515625,195.0,0.7165805101394653,0.0,10.465709686279297,1.61334228515625
31561,0,calendar_2014_test,195.032958984375,194.0,0.6734058856964111,0.0,12.060002326965332,1.032958984375
31562,0,calendar_2014_test,189.90589904785156,193.0,0.6819308996200562,0.0,11.745201110839844,3.0941009521484375
31563,0,calendar_2014_test,192.2526397705078,175.0,0.6661254167556763,0.0,12.328842163085938,17.252639770507812
31564,0,calendar_2014_test,166.1092071533203,194.0,0.7372207641601562,0.0,9.703536987304688,27.890792846679688
31565,0,calendar_2014_test,189.00148010253906,165.0,0.6425457000732422,0.0,13.19956111907959,24.001480102539062
31566,0,calendar_2014_test,142.14535522460938,138.0,0.7919083833694458,0.0,7.684110164642334,4.145355224609375
31567,0,calendar_2014_test,116.41849517822266,100.0,0.8223876357078552,0.0,6.558615207672119,16.418495178222656
31568,0,calendar_2014_test,85.50454711914062,83.0,0.8401428461074829,0.0,5.9029765129089355,2.504547119140625
31569,0,calendar_2014_test,79.15129089355469,53.0,0.8370708227157593,0.0,6.016414642333984,26.151290893554688
31570,0,calendar_2014_test,51.655460357666016,52.0,0.8918904662132263,0.0,3.992115020751953,0.3445396423339844
31571,0,calendar_2014_test,56.277076721191406,60.0,0.8985864520072937,0.0,3.7448537349700928,3.7229232788085938
31572,0,calendar_2014_test,64.98821258544922,100.0,0.8872880935668945,0.0,4.162065029144287,35.01178741455078
31573,0,calendar_2014_test,109.88899230957031,142.0,0.8307930827140808,0.0,6.248230457305908,32.11100769042969
31574,0,calendar_2014_test,153.31552124023438,140.0,0.7711809873580933,0.0,8.449501991271973,13.315521240234375
31575,0,calendar_2014_test,144.16278076171875,148.0,0.7933979630470276,0.0,7.6291046142578125,3.83721923828125
31576,0,calendar_2014_test,155.23974609375,183.0,0.8072977066040039,0.0,7.115836143493652,27.76025390625
31577,0,calendar_2014_test,202.16429138183594,217.0,0.6662219762802124,0.0,12.325278282165527,14.835708618164062
31578,0,calendar_2014_test,227.7548370361328,224.0,0.6997277736663818,0.0,11.088022232055664,3.7548370361328125
31579,0,calendar_2014_test,231.39987182617188,222.0,0.7312658429145813,0.0,9.923431396484375,9.399871826171875
31580,0,calendar_2014_test,227.00904846191406,219.0,0.6476105451583862,0.0,13.012535095214844,8.009048461914062
31581,0,calendar_2014_test,211.61566162109375,65.0,0.6496899127960205,0.0,12.935750961303711,146.61566162109375
31582,0,calendar_2014_test,41.27503204345703,22.0,0.8838382959365845,0.0,4.28945255279541,19.27503204345703
31583,0,calendar_2014_test,23.25676918029785,16.0,0.9137777090072632,0.0,3.1838924884796143,7.256769180297852
31584,0,calendar_2014_test,16.343345642089844,16.0,0.9422003626823425,0.0,2.134342908859253,0.34334564208984375
31585,0,calendar_2014_test,13.989620208740234,28.0,0.9357520937919617,0.0,2.37245512008667,14.010379791259766
31586,0,calendar_2014_test,23.527700424194336,32.0,0.9204603433609009,0.0,2.937126874923706,8.472299575805664
31587,0,calendar_2014_test,25.530616760253906,25.0,0.9390379786491394,0.0,2.251119375228882,0.5306167602539062
31588,0,calendar_2014_test,21.2207088470459,25.0,0.9364086985588074,0.0,2.3482089042663574,3.7792911529541016
31589,0,calendar_2014_test,22.043302536010742,22.0,0.9210119247436523,0.0,2.9167582988739014,0.04330253601074219
31590,0,calendar_2014_test,22.923717498779297,18.0,0.9081752896308899,0.0,3.3907716274261475,4.923717498779297
31591,0,calendar_2014_test,20.122812271118164,23.0,0.9451258182525635,0.0,2.0263142585754395,2.877187728881836
31592,0,calendar_2014_test,23.55548667907715,23.0,0.9008123874664307,0.0,3.6626579761505127,0.5554866790771484
31593,0,calendar_2014_test,25.258378982543945,25.0,0.9252710938453674,0.0,2.7594821453094482,0.2583789825439453
31594,0,calendar_2014_test,25.896753311157227,18.0,0.9090405702590942,0.0,3.3588201999664307,7.896753311157227
31595,0,calendar_2014_test,20.689184188842773,23.0,0.9340961575508118,0.0,2.4336025714874268,2.3108158111572266
31596,0,calendar_2014_test,26.23941993713379,25.0,0.9161092042922974,0.0,3.09779953956604,1.239419937133789
31597,0,calendar_2014_test,29.522356033325195,26.0,0.9174995422363281,0.0,3.0464584827423096,3.5223560333251953
31598,0,calendar_2014_test,32.08397674560547,27.0,0.886197030544281,0.0,4.2023539543151855,5.083976745605469
31599,0,calendar_2014_test,28.31378173828125,36.0,0.912654459476471,0.0,3.2253713607788086,7.68621826171875
31600,0,calendar_2014_test,40.900569915771484,47.0,0.9146741628646851,0.0,3.1507906913757324,6.099430084228516
31601,0,calendar_2014_test,49.952308654785156,59.0,0.8891459107398987,0.0,4.093461513519287,9.047691345214844
31602,0,calendar_2014_test,62.5379524230957,50.0,0.9136447310447693,0.0,3.188803195953369,12.537952423095703
31603,0,calendar_2014_test,54.125797271728516,61.0,0.8951728940010071,0.0,3.870906352996826,6.874202728271484
31604,0,calendar_2014_test,69.0699234008789,58.0,0.8911742568016052,0.0,4.018561363220215,11.069923400878906
31605,0,calendar_2014_test,58.88056564331055,66.0,0.8773548603057861,0.0,4.528865337371826,7.119434356689453
31606,0,calendar_2014_test,70.2838134765625,63.0,0.9009069204330444,0.0,3.659168004989624,7.2838134765625
31607,0,calendar_2014_test,64.36998748779297,51.0,0.8816216588020325,0.0,4.371306419372559,13.369987487792969
31608,0,calendar_2014_test,47.875732421875,39.0,0.9053615927696228,0.0,3.494671583175659,8.875732421875
31609,0,calendar_2014_test,37.82967758178711,42.0,0.9227855205535889,0.0,2.851267099380493,4.170322418212891
31610,0,calendar_2014_test,42.01448059082031,44.0,0.8964335918426514,0.0,3.8243520259857178,1.9855194091796875
31611,0,calendar_2014_test,41.3961181640625,44.0,0.9001284837722778,0.0,3.6879119873046875,2.6038818359375
31612,0,calendar_2014_test,36.3053092956543,35.0,0.9102518558502197,0.0,3.3140902519226074,1.3053092956542969
31613,0,calendar_2014_test,30.86760902404785,30.0,0.9121830463409424,0.0,3.2427799701690674,0.8676090240478516
31614,0,calendar_2014_test,23.97374725341797,34.0,0.9341148734092712,0.0,2.432912588119507,10.026252746582031
31615,0,calendar_2014_test,30.700592041015625,21.0,0.9307264685630798,0.0,2.5580337047576904,9.700592041015625
31616,0,calendar_2014_test,22.276918411254883,14.0,0.9195389747619629,0.0,2.9711508750915527,8.276918411254883
31617,0,calendar_2014_test,17.563940048217773,11.0,0.9340654611587524,0.0,2.4347355365753174,6.563940048217773
31618,0,calendar_2014_test,15.910454750061035,9.0,0.9459323883056641,0.0,1.9965322017669678,6.910454750061035
31619,0,calendar_2014_test,15.452240943908691,12.0,0.926723837852478,0.0,2.7058372497558594,3.4522409439086914
31620,0,calendar_2014_test,16.563888549804688,13.0,0.929105818271637,0.0,2.6178786754608154,3.5638885498046875
31621,0,calendar_2014_test,17.879985809326172,18.0,0.9434413313865662,0.0,2.0885186195373535,0.12001419067382812
31622,0,calendar_2014_test,21.423593521118164,21.0,0.9170864224433899,0.0,3.061713218688965,0.42359352111816406
31623,0,calendar_2014_test,24.337871551513672,24.0,0.9345948100090027,0.0,2.4151902198791504,0.3378715515136719
31624,0,calendar_2014_test,25.406696319580078,27.0,0.9218509197235107,0.0,2.885777235031128,1.5933036804199219
31625,0,calendar_2014_test,29.248613357543945,39.0,0.9196224808692932,0.0,2.9680662155151367,9.751386642456055
31626,0,calendar_2014_test,41.75398635864258,44.0,0.9090467691421509,0.0,3.358591079711914,2.246013641357422
31627,0,calendar_2014_test,47.57158279418945,64.0,0.8955691456794739,0.0,3.8562726974487305,16.428417205810547
31628,0,calendar_2014_test,69.90742492675781,106.0,0.8712968826293945,0.0,4.752565860748291,36.09257507324219
31629,0,calendar_2014_test,112.9401626586914,137.0,0.8041632175445557,0.0,7.231581211090088,24.059837341308594
31630,0,calendar_2014_test,138.634033203125,165.0,0.8221094608306885,0.0,6.5688862800598145,26.365966796875
31631,0,calendar_2014_test,163.13284301757812,153.0,0.7649292349815369,0.0,8.680357933044434,10.132843017578125
31632,0,calendar_2014_test,148.58555603027344,116.0,0.7539252042770386,0.0,9.086698532104492,32.58555603027344
31633,0,calendar_2014_test,106.0926513671875,127.0,0.8447631597518921,0.0,5.732364177703857,20.9073486328125
31634,0,calendar_2014_test,129.7916717529297,147.0,0.8027769327163696,0.0,7.282772541046143,17.208328247070312
31635,0,calendar_2014_test,150.01551818847656,180.0,0.8006789684295654,0.0,7.360240936279297,29.984481811523438
31636,0,calendar_2014_test,177.46116638183594,199.0,0.6274563074111938,0.0,13.75676155090332,21.538833618164062
31637,0,calendar_2014_test,198.31353759765625,209.0,0.7038548588752747,0.0,10.935625076293945,10.68646240234375
31638,0,calendar_2014_test,208.51766967773438,235.0,0.6970895528793335,0.0,11.185443878173828,26.482330322265625
31639,0,calendar_2014_test,228.41490173339844,254.0,0.6024699211120605,0.0,14.679424285888672,25.585098266601562
31640,0,calendar_2014_test,245.63926696777344,250.0,0.6215980052947998,0.0,13.973087310791016,4.3607330322265625
31641,0,calendar_2014_test,227.4252471923828,235.0,0.6789007782936096,0.0,11.85709285736084,7.5747528076171875
31642,0,calendar_2014_test,221.96388244628906,210.0,0.605025053024292,0.0,14.585071563720703,11.963882446289062
31643,0,calendar_2014_test,196.28404235839844,127.0,0.7294229865074158,0.0,9.99148178100586,69.28404235839844
31644,0,calendar_2014_test,104.595703125,72.0,0.8272559642791748,0.0,6.378845691680908,32.595703125
31645,0,calendar_2014_test,58.27571487426758,27.0,0.8705886006355286,0.0,4.778718948364258,31.275714874267578
31646,0,calendar_2014_test,28.66019630432129,70.0,0.9031645059585571,0.0,3.5758020877838135,41.33980369567871
31647,0,calendar_2014_test,77.5995864868164,113.0,0.8885356783866882,0.0,4.115994453430176,35.400413513183594
31648,0,calendar_2014_test,125.59581756591797,118.0,0.8073312044143677,0.0,7.114596843719482,7.595817565917969
31649,0,calendar_2014_test,120.90185546875,143.0,0.8132948279380798,0.0,6.894381046295166,22.09814453125
31650,0,calendar_2014_test,152.4428253173828,175.0,0.7642966508865356,0.0,8.703716278076172,22.557174682617188
31651,0,calendar_2014_test,181.96910095214844,159.0,0.7416110038757324,0.0,9.541419982910156,22.969100952148438
31652,0,calendar_2014_test,155.61904907226562,161.0,0.7591915726661682,0.0,8.892229080200195,5.380950927734375
31653,0,calendar_2014_test,163.23948669433594,174.0,0.7395568490028381,0.0,9.61727237701416,10.760513305664062
31654,0,calendar_2014_test,182.29954528808594,177.0,0.7030967473983765,0.0,10.963619232177734,5.2995452880859375
31655,0,calendar_2014_test,181.01768493652344,174.0,0.7779275178909302,0.0,8.200376510620117,7.0176849365234375
31656,0,calendar_2014_test,174.26202392578125,180.0,0.7551159858703613,0.0,9.042725563049316,5.73797607421875
31657,0,calendar_2014_test,175.84107971191406,196.0,0.7291860580444336,0.0,10.000228881835938,20.158920288085938
31658,0,calendar_2014_test,202.59974670410156,214.0,0.7122848033905029,0.0,10.624334335327148,11.400253295898438
31659,0,calendar_2014_test,213.85328674316406,220.0,0.6703366637229919,0.0,12.173336029052734,6.1467132568359375
31660,0,calendar_2014_test,210.68106079101562,216.0,0.707449197769165,0.0,10.802897453308105,5.318939208984375
31661,0,calendar_2014_test,214.0847625732422,199.0,0.6983218789100647,0.0,11.139938354492188,15.084762573242188
31662,0,calendar_2014_test,189.6133270263672,168.0,0.6927505731582642,0.0,11.345667839050293,21.613327026367188
31663,0,calendar_2014_test,149.4745635986328,121.0,0.7921451926231384,0.0,7.675365447998047,28.474563598632812
31664,0,calendar_2014_test,100.31111907958984,124.0,0.8292238116264343,0.0,6.306178569793701,23.688880920410156
31665,0,calendar_2014_test,110.55301666259766,94.0,0.8221086263656616,0.0,6.568917751312256,16.553016662597656
31666,0,calendar_2014_test,85.30535125732422,63.0,0.8535727262496948,0.0,5.4070563316345215,22.30535125732422
31667,0,calendar_2014_test,57.55185317993164,52.0,0.8919113278388977,0.0,3.9913437366485596,5.551853179931641
31668,0,calendar_2014_test,53.95942306518555,64.0,0.9008654356002808,0.0,3.660700559616089,10.040576934814453
31669,0,calendar_2014_test,67.42984008789062,48.0,0.8849344253540039,0.0,4.2489776611328125,19.429840087890625
31670,0,calendar_2014_test,49.36321258544922,69.0,0.9135439395904541,0.0,3.1925253868103027,19.63678741455078
31671,0,calendar_2014_test,77.61780548095703,65.0,0.8767572045326233,0.0,4.550932884216309,12.617805480957031
31672,0,calendar_2014_test,69.98221588134766,83.0,0.8617986440658569,0.0,5.103302955627441,13.017784118652344
31673,0,calendar_2014_test,93.5283432006836,90.0,0.8239532709121704,0.0,6.5008015632629395,3.5283432006835938
31674,0,calendar_2014_test,96.01609802246094,80.0,0.845978856086731,0.0,5.687472820281982,16.016098022460938
31675,0,calendar_2014_test,83.68972778320312,95.0,0.8771610856056213,0.0,4.536020278930664,11.310272216796875
31676,0,calendar_2014_test,105.2533187866211,99.0,0.8509597182273865,0.0,5.503545761108398,6.253318786621094
31677,0,calendar_2014_test,106.55890655517578,103.0,0.8140290379524231,0.0,6.867269515991211,3.5589065551757812
31678,0,calendar_2014_test,108.14688873291016,119.0,0.846560001373291,0.0,5.666011810302734,10.853111267089844
31679,0,calendar_2014_test,125.42521667480469,121.0,0.811175525188446,0.0,6.972640037536621,4.4252166748046875
31680,0,calendar_2014_test,128.28201293945312,113.0,0.8507812023162842,0.0,5.510139465332031,15.282012939453125
31681,0,calendar_2014_test,111.43256378173828,124.0,0.8158466219902039,0.0,6.800152778625488,12.567436218261719
31682,0,calendar_2014_test,129.47413635253906,138.0,0.8109899759292603,0.0,6.979490756988525,8.525863647460938
31683,0,calendar_2014_test,138.21200561523438,160.0,0.7748901844024658,0.0,8.31253433227539,21.787994384765625
31684,0,calendar_2014_test,158.27041625976562,163.0,0.783699631690979,0.0,7.987231254577637,4.729583740234375
31685,0,calendar_2014_test,142.4925994873047,119.0,0.7833802700042725,0.0,7.9990234375,23.492599487304688
31686,0,calendar_2014_test,101.28073120117188,80.0,0.8421114087104797,0.0,5.830284118652344,21.280731201171875
31687,0,calendar_2014_test,65.39029693603516,84.0,0.9020845890045166,0.0,3.615680694580078,18.609703063964844
31688,0,calendar_2014_test,80.87419128417969,76.0,0.8719340562820435,0.0,4.729037284851074,4.8741912841796875
31689,0,calendar_2014_test,74.27558898925781,98.0,0.8926877975463867,0.0,3.962672710418701,23.724411010742188
31690,0,calendar_2014_test,94.9414291381836,105.0,0.865086019039154,0.0,4.9819111824035645,10.058570861816406
31691,0,calendar_2014_test,105.40088653564453,86.0,0.8381562232971191,0.0,5.976334571838379,19.40088653564453
31692,0,calendar_2014_test,84.5180892944336,132.0,0.8454881906509399,0.0,5.70559024810791,47.481910705566406
31693,0,calendar_2014_test,137.21095275878906,116.0,0.75062096118927,0.0,9.20871353149414,21.210952758789062
31694,0,calendar_2014_test,113.36270904541016,105.0,0.818529486656189,0.0,6.701084613800049,8.362709045410156
31695,0,calendar_2014_test,103.05815124511719,97.0,0.822641134262085,0.0,6.549254894256592,6.0581512451171875
31696,0,calendar_2014_test,95.97049713134766,87.0,0.8478577136993408,0.0,5.618093013763428,8.970497131347656
31697,0,calendar_2014_test,86.77483367919922,72.0,0.8605774641036987,0.0,5.14839506149292,14.774833679199219
31698,0,calendar_2014_test,66.29859924316406,70.0,0.9025304913520813,0.0,3.5992138385772705,3.7014007568359375
31699,0,calendar_2014_test,69.87755584716797,64.0,0.9049701690673828,0.0,3.509125232696533,5.877555847167969
31700,0,calendar_2014_test,63.13578796386719,55.0,0.9101413488388062,0.0,3.3181724548339844,8.135787963867188
31701,0,calendar_2014_test,57.69706726074219,58.0,0.8761898875236511,0.0,4.571882724761963,0.3029327392578125
31702,0,calendar_2014_test,60.14274215698242,52.0,0.8916864991188049,0.0,3.999645709991455,8.142742156982422
31703,0,calendar_2014_test,52.93744659423828,52.0,0.9172919988632202,0.0,3.0541224479675293,0.9374465942382812
31704,0,calendar_2014_test,42.371883392333984,53.0,0.9252474904060364,0.0,2.7603533267974854,10.628116607666016
31705,0,calendar_2014_test,51.39350891113281,12.0,0.9146211743354797,0.0,3.152747392654419,39.39350891113281
31706,0,calendar_2014_test,15.162919044494629,15.0,0.9510810375213623,0.0,1.8064095973968506,0.1629190444946289
31707,0,calendar_2014_test,14.930479049682617,9.0,0.9253780841827393,0.0,2.755530834197998,5.930479049682617
31708,0,calendar_2014_test,10.629368782043457,6.0,0.9246999025344849,0.0,2.780573606491089,4.629368782043457
31709,0,calendar_2014_test,7.753269672393799,9.0,0.9297741055488586,0.0,2.5932013988494873,1.2467303276062012
31710,0,calendar_2014_test,10.734969139099121,14.0,0.9380307197570801,0.0,2.2883126735687256,3.265030860900879
31711,0,calendar_2014_test,12.355279922485352,14.0,0.9327535629272461,0.0,2.4831793308258057,1.6447200775146484
31712,0,calendar_2014_test,13.300280570983887,11.0,0.9258983135223389,0.0,2.7363216876983643,2.3002805709838867
31713,0,calendar_2014_test,13.99283504486084,12.0,0.9294568300247192,0.0,2.604917049407959,1.9928350448608398
31714,0,calendar_2014_test,14.966970443725586,14.0,0.9461090564727783,0.0,1.9900068044662476,0.9669704437255859
31715,0,calendar_2014_test,16.165674209594727,9.0,0.9287352561950684,0.0,2.6315619945526123,7.165674209594727
31716,0,calendar_2014_test,13.373795509338379,7.0,0.9381527304649353,0.0,2.283806800842285,6.373795509338379
31717,0,calendar_2014_test,11.512877464294434,7.0,0.9139712452888489,0.0,3.176746368408203,4.512877464294434
31718,0,calendar_2014_test,13.8451566696167,19.0,0.9189984202384949,0.0,2.9911112785339355,5.154843330383301
31719,0,calendar_2014_test,21.150409698486328,18.0,0.9083878397941589,0.0,3.382923126220703,3.150409698486328
31720,0,calendar_2014_test,21.868547439575195,22.0,0.9381205439567566,0.0,2.2849957942962646,0.1314525604248047
31721,0,calendar_2014_test,22.979820251464844,20.0,0.9299485087394714,0.0,2.5867605209350586,2.9798202514648438
31722,0,calendar_2014_test,25.187719345092773,33.0,0.9246076345443726,0.0,2.7839808464050293,7.812280654907227
31723,0,calendar_2014_test,37.387020111083984,40.0,0.8991891741752625,0.0,3.7225983142852783,2.6129798889160156
31724,0,calendar_2014_test,43.07231140136719,35.0,0.9050590991973877,0.0,3.5058417320251465,8.072311401367188
31725,0,calendar_2014_test,38.504844665527344,28.0,0.9183481335639954,0.0,3.015123128890991,10.504844665527344
31726,0,calendar_2014_test,31.109088897705078,29.0,0.9002562165260315,0.0,3.6831955909729004,2.109088897705078
31727,0,calendar_2014_test,34.08000183105469,32.0,0.9019227623939514,0.0,3.6216559410095215,2.0800018310546875
31728,0,calendar_2014_test,36.79258346557617,36.0,0.9213974475860596,0.0,2.9025232791900635,0.7925834655761719
31729,0,calendar_2014_test,37.23996353149414,37.0,0.9140077829360962,0.0,3.1753969192504883,0.23996353149414062
31730,0,calendar_2014_test,38.47773361206055,42.0,0.9093284010887146,0.0,3.348191261291504,3.522266387939453
31731,0,calendar_2014_test,45.14234924316406,59.0,0.8832242488861084,0.0,4.312127590179443,13.857650756835938
31732,0,calendar_2014_test,61.42564392089844,60.0,0.8884819746017456,0.0,4.117977619171143,1.4256439208984375
31733,0,calendar_2014_test,58.756690979003906,53.0,0.8960200548171997,0.0,3.8396236896514893,5.756690979003906
31734,0,calendar_2014_test,51.62192916870117,55.0,0.8953535556793213,0.0,3.8642351627349854,3.378070831298828
31735,0,calendar_2014_test,59.10045623779297,41.0,0.9156312346458435,0.0,3.115448236465454,18.10045623779297
31736,0,calendar_2014_test,35.51761245727539,31.0,0.8991830348968506,0.0,3.7228260040283203,4.517612457275391
31737,0,calendar_2014_test,28.65635108947754,29.0,0.9075510501861572,0.0,3.413823127746582,0.34364891052246094
31738,0,calendar_2014_test,28.457855224609375,24.0,0.9164100885391235,0.0,3.0866894721984863,4.457855224609375
31739,0,calendar_2014_test,21.63971710205078,13.0,0.9361214637756348,0.0,2.358815908432007,8.639717102050781
31740,0,calendar_2014_test,16.55348777770996,11.0,0.9415208697319031,0.0,2.1594340801239014,5.553487777709961
31741,0,calendar_2014_test,12.562529563903809,16.0,0.9537232518196106,0.0,1.7088407278060913,3.4374704360961914
31742,0,calendar_2014_test,16.54869270324707,14.0,0.916924238204956,0.0,3.067704200744629,2.5486927032470703
31743,0,calendar_2014_test,15.983651161193848,20.0,0.9437723159790039,0.0,2.076294422149658,4.016348838806152
31744,0,calendar_2014_test,20.35831069946289,14.0,0.9324410557746887,0.0,2.494720220565796,6.358310699462891
31745,0,calendar_2014_test,21.412071228027344,31.0,0.9198161959648132,0.0,2.9609134197235107,9.587928771972656
31746,0,calendar_2014_test,35.62456512451172,31.0,0.8960781693458557,0.0,3.8374762535095215,4.624565124511719
31747,0,calendar_2014_test,32.781532287597656,34.0,0.905742347240448,0.0,3.480611801147461,1.2184677124023438
31748,0,calendar_2014_test,38.82876968383789,33.0,0.9233963489532471,0.0,2.8287100791931152,5.828769683837891
31749,0,calendar_2014_test,38.089176177978516,34.0,0.9122400283813477,0.0,3.2406742572784424,4.089176177978516
31750,0,calendar_2014_test,37.13720703125,28.0,0.9337233901023865,0.0,2.4473671913146973,9.13720703125
31751,0,calendar_2014_test,31.9365291595459,32.0,0.9188031554222107,0.0,2.9983201026916504,0.06347084045410156
31752,0,calendar_2014_test,36.05644226074219,37.0,0.8884751796722412,0.0,4.118229389190674,0.9435577392578125
31753,0,calendar_2014_test,38.71542739868164,36.0,0.8975303173065186,0.0,3.7838547229766846,2.7154273986816406
31754,0,calendar_2014_test,38.26942825317383,49.0,0.9303249716758728,0.0,2.5728607177734375,10.730571746826172
31755,0,calendar_2014_test,41.81739044189453,16.0,0.9119089245796204,0.0,3.2529006004333496,25.81739044189453
31756,0,calendar_2014_test,15.449036598205566,8.0,0.9335106015205383,0.0,2.455226182937622,7.449036598205566
31757,0,calendar_2014_test,10.71657943725586,6.0,0.9221367239952087,0.0,2.8752238750457764,4.716579437255859
31758,0,calendar_2014_test,9.327672958374023,11.0,0.9466211795806885,0.0,1.9710958003997803,1.6723270416259766
31759,0,calendar_2014_test,11.639245986938477,8.0,0.9488911032676697,0.0,1.8872770071029663,3.6392459869384766
31760,0,calendar_2014_test,12.48015308380127,4.0,0.923458993434906,0.0,2.82639741897583,8.48015308380127
31761,0,calendar_2014_test,9.460371971130371,6.0,0.9154444932937622,0.0,3.122344732284546,3.460371971130371
31762,0,calendar_2014_test,11.192336082458496,14.0,0.9243966341018677,0.0,2.7917733192443848,2.807663917541504
31763,0,calendar_2014_test,17.016027450561523,10.0,0.9211481809616089,0.0,2.9117279052734375,7.016027450561523
31764,0,calendar_2014_test,16.57792091369629,10.0,0.92619788646698,0.0,2.725260019302368,6.577920913696289
31765,0,calendar_2014_test,16.484622955322266,25.0,0.9282850027084351,0.0,2.648188591003418,8.515377044677734
31766,0,calendar_2014_test,26.45347023010254,30.0,0.9451422095298767,0.0,2.025709390640259,3.546529769897461
31767,0,calendar_2014_test,33.60153579711914,37.0,0.928981363773346,0.0,2.6224746704101562,3.3984642028808594
31768,0,calendar_2014_test,41.5972900390625,48.0,0.9019451141357422,0.0,3.6208300590515137,6.4027099609375
31769,0,calendar_2014_test,51.58620834350586,48.0,0.9202709197998047,0.0,2.9441215991973877,3.5862083435058594
31770,0,calendar_2014_test,53.573543548583984,49.0,0.873934805393219,0.0,4.655155181884766,4.573543548583984
31771,0,calendar_2014_test,54.15424346923828,57.0,0.9103514552116394,0.0,3.310413122177124,2.8457565307617188
31772,0,calendar_2014_test,64.42864227294922,58.0,0.8962912559509277,0.0,3.8296093940734863,6.428642272949219
31773,0,calendar_2014_test,57.10403060913086,64.0,0.892742395401001,0.0,3.9606544971466064,6.895969390869141
31774,0,calendar_2014_test,68.79606628417969,65.0,0.8752927780151367,0.0,4.60500955581665,3.7960662841796875
31775,0,calendar_2014_test,66.69358825683594,61.0,0.8767756819725037,0.0,4.550252437591553,5.6935882568359375
31776,0,calendar_2014_test,63.49050521850586,61.0,0.8802539706230164,0.0,4.421810150146484,2.4905052185058594
31777,0,calendar_2014_test,65.79711151123047,71.0,0.8942278623580933,0.0,3.9058029651641846,5.202888488769531
31778,0,calendar_2014_test,75.49420928955078,102.0,0.8336244225502014,0.0,6.143679618835449,26.50579071044922
31779,0,calendar_2014_test,96.70178985595703,91.0,0.8264248371124268,0.0,6.409534931182861,5.701789855957031
31780,0,calendar_2014_test,82.37019348144531,84.0,0.8538379669189453,0.0,5.397264003753662,1.6298065185546875
31781,0,calendar_2014_test,74.10987854003906,51.0,0.8808054327964783,0.0,4.401446342468262,23.109878540039062
31782,0,calendar_2014_test,44.566551208496094,27.0,0.903942346572876,0.0,3.54707932472229,17.566551208496094
31783,0,calendar_2014_test,25.95594596862793,39.0,0.9164378643035889,0.0,3.085662603378296,13.04405403137207
31784,0,calendar_2014_test,38.643131256103516,33.0,0.8960736393928528,0.0,3.837644577026367,5.643131256103516
31785,0,calendar_2014_test,34.820960998535156,32.0,0.9248861074447632,0.0,2.773698568344116,2.8209609985351562
31786,0,calendar_2014_test,32.920745849609375,41.0,0.9250005483627319,0.0,2.7694737911224365,8.079254150390625
31787,0,calendar_2014_test,41.84137725830078,40.0,0.9035654664039612,0.0,3.5609970092773438,1.8413772583007812
31788,0,calendar_2014_test,42.6218147277832,45.0,0.8923231959342957,0.0,3.976135730743408,2.378185272216797
31789,0,calendar_2014_test,47.823158264160156,45.0,0.9025256037712097,0.0,3.5993947982788086,2.8231582641601562
31790,0,calendar_2014_test,47.247623443603516,59.0,0.9217804670333862,0.0,2.888380289077759,11.752376556396484
31791,0,calendar_2014_test,60.766563415527344,59.0,0.8994213342666626,0.0,3.714024782180786,1.7665634155273438
31792,0,calendar_2014_test,60.79616165161133,82.0,0.9197744131088257,0.0,2.962456703186035,21.203838348388672
31793,0,calendar_2014_test,84.39246368408203,58.0,0.8598812222480774,0.0,5.174105644226074,26.39246368408203
31794,0,calendar_2014_test,53.910335540771484,65.0,0.903653621673584,0.0,3.5577409267425537,11.089664459228516
31795,0,calendar_2014_test,71.74522399902344,54.0,0.8799746036529541,0.0,4.432126998901367,17.745223999023438
31796,0,calendar_2014_test,58.15608215332031,55.0,0.8820205926895142,0.0,4.3565754890441895,3.1560821533203125
31797,0,calendar_2014_test,60.250511169433594,63.0,0.9013090133666992,0.0,3.6443207263946533,2.7494888305664062
31798,0,calendar_2014_test,67.27998352050781,70.0,0.9115478992462158,0.0,3.2662339210510254,2.7200164794921875
31799,0,calendar_2014_test,74.58061218261719,74.0,0.8669838309288025,0.0,4.911831378936768,0.5806121826171875
31800,0,calendar_2014_test,80.39079284667969,80.0,0.880693256855011,0.0,4.405588626861572,0.3907928466796875
31801,0,calendar_2014_test,81.85767364501953,87.0,0.8981658816337585,0.0,3.7603838443756104,5.142326354980469
31802,0,calendar_2014_test,91.55934143066406,93.0,0.8634583950042725,0.0,5.0420145988464355,1.4406585693359375
31803,0,calendar_2014_test,96.8300552368164,105.0,0.832738995552063,0.0,6.176375865936279,8.169944763183594
31804,0,calendar_2014_test,107.31965637207031,92.0,0.8126509189605713,0.0,6.9181599617004395,15.319656372070312
31805,0,calendar_2014_test,86.15438842773438,103.0,0.8903470635414124,0.0,4.049106597900391,16.845611572265625
31806,0,calendar_2014_test,101.812255859375,97.0,0.8579354882240295,0.0,5.245954990386963,4.812255859375
31807,0,calendar_2014_test,93.58840942382812,110.0,0.838979184627533,0.0,5.94594669342041,16.411590576171875
31808,0,calendar_2014_test,108.11892700195312,92.0,0.8186026215553284,0.0,6.698383331298828,16.118927001953125
31809,0,calendar_2014_test,86.074462890625,93.0,0.8493685722351074,0.0,5.562303066253662,6.925537109375
31810,0,calendar_2014_test,88.86335754394531,97.0,0.8456476926803589,0.0,5.699700832366943,8.136642456054688
31811,0,calendar_2014_test,95.18428039550781,95.0,0.8162556886672974,0.0,6.7850470542907715,0.1842803955078125
31812,0,calendar_2014_test,93.38160705566406,88.0,0.8685042262077332,0.0,4.855688095092773,5.3816070556640625
31813,0,calendar_2014_test,85.84537506103516,98.0,0.8693063855171204,0.0,4.8260674476623535,12.154624938964844
31814,0,calendar_2014_test,99.37448120117188,105.0,0.8239957094192505,0.0,6.499235153198242,5.625518798828125
31815,0,calendar_2014_test,106.75845336914062,111.0,0.8239434957504272,0.0,6.501162052154541,4.241546630859375
31816,0,calendar_2014_test,112.1620101928711,123.0,0.8203555345535278,0.0,6.633654594421387,10.837989807128906
31817,0,calendar_2014_test,129.7779998779297,147.0,0.8043996691703796,0.0,7.222849369049072,17.222000122070312
31818,0,calendar_2014_test,152.75999450683594,155.0,0.7550479769706726,0.0,9.04523754119873,2.2400054931640625
31819,0,calendar_2014_test,160.09024047851562,166.0,0.7736502885818481,0.0,8.358318328857422,5.909759521484375
31820,0,calendar_2014_test,172.88145446777344,194.0,0.7921426296234131,0.0,7.6754608154296875,21.118545532226562
31821,0,calendar_2014_test,201.3663787841797,191.0,0.7569561004638672,0.0,8.97477912902832,10.366378784179688
31822,0,calendar_2014_test,188.14186096191406,180.0,0.7028381824493408,0.0,10.973165512084961,8.141860961914062
31823,0,calendar_2014_test,180.16432189941406,187.0,0.7682999968528748,0.0,8.555886268615723,6.8356781005859375
31824,0,calendar_2014_test,196.18478393554688,195.0,0.7953177690505981,0.0,7.55821418762207,1.184783935546875
31825,0,calendar_2014_test,204.2841033935547,174.0,0.6989604234695435,0.0,11.116357803344727,30.284103393554688
31826,0,calendar_2014_test,164.398681640625,171.0,0.7266162633895874,0.0,10.095122337341309,6.601318359375
31827,0,calendar_2014_test,172.5279083251953,181.0,0.7713146805763245,0.0,8.444563865661621,8.472091674804688
31828,0,calendar_2014_test,183.7702178955078,193.0,0.7375228404998779,0.0,9.692380905151367,9.229782104492188
31829,0,calendar_2014_test,194.23072814941406,196.0,0.7362135648727417,0.0,9.740728378295898,1.7692718505859375
31830,0,calendar_2014_test,192.6663360595703,199.0,0.6904710531234741,0.0,11.429841995239258,6.3336639404296875
31831,0,calendar_2014_test,195.42367553710938,206.0,0.6917916536331177,0.0,11.381075859069824,10.576324462890625
31832,0,calendar_2014_test,201.4734649658203,175.0,0.6781617999076843,0.0,11.884381294250488,26.473464965820312
31833,0,calendar_2014_test,152.3231964111328,158.0,0.7700570225715637,0.0,8.491004943847656,5.6768035888671875
31834,0,calendar_2014_test,143.027587890625,152.0,0.7602233290672302,0.0,8.854129791259766,8.972412109375
31835,0,calendar_2014_test,145.9220428466797,158.0,0.8061541318893433,0.0,7.158063888549805,12.077957153320312
31836,0,calendar_2014_test,156.47315979003906,139.0,0.7618213891983032,0.0,8.795119285583496,17.473159790039062
31837,0,calendar_2014_test,131.44491577148438,138.0,0.8155726790428162,0.0,6.810268878936768,6.555084228515625
31838,0,calendar_2014_test,138.87388610839844,151.0,0.7886106967926025,0.0,7.805881023406982,12.126113891601562
31839,0,calendar_2014_test,152.48472595214844,146.0,0.8120242357254028,0.0,6.941301345825195,6.4847259521484375
31840,0,calendar_2014_test,143.7126007080078,139.0,0.8000198006629944,0.0,7.384583473205566,4.7126007080078125
31841,0,calendar_2014_test,135.91070556640625,136.0,0.8185136318206787,0.0,6.701669692993164,0.08929443359375
31842,0,calendar_2014_test,135.44285583496094,138.0,0.770851194858551,0.0,8.46168041229248,2.5571441650390625
31843,0,calendar_2014_test,136.4666290283203,136.0,0.8158708214759827,0.0,6.799259185791016,0.4666290283203125
31844,0,calendar_2014_test,134.94406127929688,136.0,0.8427661061286926,0.0,5.806107997894287,1.055938720703125
31845,0,calendar_2014_test,137.51988220214844,140.0,0.7940227389335632,0.0,7.606033802032471,2.4801177978515625
31846,0,calendar_2014_test,142.47425842285156,145.0,0.78448486328125,0.0,7.958235740661621,2.5257415771484375
31847,0,calendar_2014_test,145.81689453125,147.0,0.7520207166671753,0.0,9.157025337219238,1.18310546875
31848,0,calendar_2014_test,146.4745330810547,151.0,0.7874174118041992,0.0,7.849946022033691,4.5254669189453125
31849,0,calendar_2014_test,154.94093322753906,153.0,0.7034792304039001,0.0,10.949495315551758,1.9409332275390625
31850,0,calendar_2014_test,156.3025665283203,196.0,0.7972733378410339,0.0,7.486000061035156,39.69743347167969
31851,0,calendar_2014_test,204.91033935546875,182.0,0.7389907836914062,0.0,9.638175010681152,22.91033935546875
31852,0,calendar_2014_test,174.45907592773438,162.0,0.7019379138946533,0.0,11.0064115524292,12.459075927734375
31853,0,calendar_2014_test,153.712890625,164.0,0.7561205625534058,0.0,9.005631446838379,10.287109375
31854,0,calendar_2014_test,141.68418884277344,133.0,0.8115726709365845,0.0,6.9579758644104,8.684188842773438
31855,0,calendar_2014_test,106.83039093017578,62.0,0.8524825572967529,0.0,5.447312355041504,44.83039093017578
31856,0,calendar_2014_test,41.13727569580078,60.0,0.8954387307167053,0.0,3.8610894680023193,18.86272430419922
31857,0,calendar_2014_test,55.30638885498047,49.0,0.9001606702804565,0.0,3.686724901199341,6.306388854980469
31858,0,calendar_2014_test,44.0478515625,62.0,0.884272575378418,0.0,4.273416519165039,17.9521484375
31859,0,calendar_2014_test,61.864280700683594,56.0,0.8756490349769592,0.0,4.591855525970459,5.864280700683594
31860,0,calendar_2014_test,53.54241943359375,65.0,0.8941425085067749,0.0,3.9089550971984863,11.45758056640625
31861,0,calendar_2014_test,65.25243377685547,73.0,0.8836747407913208,0.0,4.295492172241211,7.747566223144531
31862,0,calendar_2014_test,77.23930358886719,80.0,0.8690435886383057,0.0,4.835770130157471,2.7606964111328125
31863,0,calendar_2014_test,78.53946685791016,580.0,0.8708702921867371,0.0,4.768317222595215,501.46053314208984
31864,0,calendar_2014_test,253.60389709472656,217.0,0.39536041021347046,0.0,22.327266693115234,36.60389709472656
31865,0,calendar_2014_test,176.1833038330078,159.0,0.7296443581581116,0.0,9.983306884765625,17.183303833007812
31866,0,calendar_2014_test,141.9916229248047,181.0,0.8009771108627319,0.0,7.349233150482178,39.00837707519531
31867,0,calendar_2014_test,188.16952514648438,165.0,0.7357099056243896,0.0,9.759326934814453,23.169525146484375
31868,0,calendar_2014_test,158.73374938964844,175.0,0.8207688331604004,0.0,6.6183929443359375,16.266250610351562
31869,0,calendar_2014_test,174.67898559570312,112.0,0.6632294058799744,0.0,12.435783386230469,62.678985595703125
31870,0,calendar_2014_test,95.45263671875,101.0,0.8599447011947632,0.0,5.171762466430664,5.54736328125
31871,0,calendar_2014_test,101.57978820800781,111.0,0.8489340543746948,0.0,5.578346252441406,9.420211791992188
31872,0,calendar_2014_test,113.67440032958984,102.0,0.7869584560394287,0.0,7.866894721984863,11.674400329589844
31873,0,calendar_2014_test,96.59970092773438,106.0,0.8506938219070435,0.0,5.513364315032959,9.400299072265625
31874,0,calendar_2014_test,105.57787322998047,95.0,0.8413864374160767,0.0,5.8570556640625,10.577873229980469
31875,0,calendar_2014_test,89.08796691894531,101.0,0.8495409488677979,0.0,5.555936336517334,11.912033081054688
31876,0,calendar_2014_test,94.29389953613281,88.0,0.870339035987854,0.0,4.787933826446533,6.2938995361328125
31877,0,calendar_2014_test,82.3681869506836,125.0,0.8770919442176819,0.0,4.538572788238525,42.631813049316406
31878,0,calendar_2014_test,127.28857421875,93.0,0.8081314563751221,0.0,7.085047721862793,34.28857421875
31879,0,calendar_2014_test,84.5477523803711,71.0,0.8767901062965393,0.0,4.54971981048584,13.547752380371094
31880,0,calendar_2014_test,66.05042266845703,74.0,0.8902417421340942,0.0,4.052995204925537,7.949577331542969
31881,0,calendar_2014_test,75.94664764404297,68.0,0.8703575730323792,0.0,4.78725004196167,7.946647644042969
31882,0,calendar_2014_test,44.137550354003906,39.0,0.9085456132888794,0.0,3.377096176147461,5.137550354003906
31883,0,calendar_2014_test,42.55967712402344,52.0,0.8922070860862732,0.0,3.9804229736328125,9.440322875976562
31884,0,calendar_2014_test,57.38556671142578,59.0,0.9028509855270386,0.0,3.5873801708221436,1.6144332885742188
31885,0,calendar_2014_test,63.43851852416992,60.0,0.8852009773254395,0.0,4.239135265350342,3.438518524169922
31886,0,calendar_2014_test,62.9268684387207,68.0,0.864879846572876,0.0,4.989522933959961,5.073131561279297
31887,0,calendar_2014_test,71.71768188476562,83.0,0.8784065246582031,0.0,4.490030288696289,11.282318115234375
31888,0,calendar_2014_test,88.45272827148438,103.0,0.8476901054382324,0.0,5.6242828369140625,14.547271728515625
31889,0,calendar_2014_test,108.41238403320312,98.0,0.8497076630592346,0.0,5.549781322479248,10.412384033203125
31890,0,calendar_2014_test,96.68925476074219,78.0,0.841646671295166,0.0,5.8474440574646,18.689254760742188
31891,0,calendar_2014_test,77.56949615478516,82.0,0.897587776184082,0.0,3.7817320823669434,4.430503845214844
31892,0,calendar_2014_test,87.30154418945312,88.0,0.8366983532905579,0.0,6.030170440673828,0.698455810546875
31893,0,calendar_2014_test,89.45999145507812,96.0,0.84951251745224,0.0,5.5569868087768555,6.540008544921875
31894,0,calendar_2014_test,99.40907287597656,118.0,0.8174153566360474,0.0,6.742225646972656,18.590927124023438
31895,0,calendar_2014_test,124.59510040283203,128.0,0.7920306324958801,0.0,7.679595470428467,3.4048995971679688
31896,0,calendar_2014_test,132.01048278808594,143.0,0.8115273118019104,0.0,6.959649562835693,10.989517211914062
31897,0,calendar_2014_test,147.11679077148438,158.0,0.7733355760574341,0.0,8.369940757751465,10.883209228515625
31898,0,calendar_2014_test,150.3662872314453,143.0,0.8015124797821045,0.0,7.32946252822876,7.3662872314453125
31899,0,calendar_2014_test,134.12200927734375,190.0,0.7923837304115295,0.0,7.666557312011719,55.87799072265625
31900,0,calendar_2014_test,180.34315490722656,151.0,0.7220416069030762,0.0,10.264050483703613,29.343154907226562
31901,0,calendar_2014_test,134.72943115234375,187.0,0.7954317331314087,0.0,7.5540056228637695,52.27056884765625
31902,0,calendar_2014_test,185.75677490234375,114.0,0.7371406555175781,0.0,9.70649528503418,71.75677490234375
31903,0,calendar_2014_test,91.01447296142578,88.0,0.8281789422035217,0.0,6.344763278961182,3.0144729614257812
31904,0,calendar_2014_test,81.5465087890625,78.0,0.9011995196342468,0.0,3.648362636566162,3.5465087890625
31905,0,calendar_2014_test,74.13729095458984,75.0,0.9035590887069702,0.0,3.561231851577759,0.8627090454101562
31906,0,calendar_2014_test,74.74720001220703,89.0,0.8518549203872681,0.0,5.470488548278809,14.252799987792969
31907,0,calendar_2014_test,92.80126190185547,91.0,0.8416423797607422,0.0,5.847604274749756,1.8012619018554688
31908,0,calendar_2014_test,91.88694763183594,109.0,0.8300822377204895,0.0,6.27448034286499,17.113052368164062
31909,0,calendar_2014_test,115.20366668701172,119.0,0.8215634226799011,0.0,6.58905029296875,3.7963333129882812
31910,0,calendar_2014_test,121.16799926757812,119.0,0.7988599538803101,0.0,7.427412986755371,2.167999267578125
31911,0,calendar_2014_test,117.50161743164062,110.0,0.789246678352356,0.0,7.782397747039795,7.501617431640625
31912,0,calendar_2014_test,110.0617904663086,120.0,0.8173494935035706,0.0,6.744656562805176,9.938209533691406
31913,0,calendar_2014_test,124.72335052490234,155.0,0.8342399001121521,0.0,6.1209516525268555,30.276649475097656
31914,0,calendar_2014_test,163.8572540283203,120.0,0.7564998269081116,0.0,8.991626739501953,43.85725402832031
31915,0,calendar_2014_test,110.49687194824219,128.0,0.8194926977157593,0.0,6.6655144691467285,17.503128051757812
31916,0,calendar_2014_test,133.48500061035156,131.0,0.858902633190155,0.0,5.210241794586182,2.4850006103515625
31917,0,calendar_2014_test,135.1656036376953,142.0,0.807969868183136,0.0,7.091014385223389,6.8343963623046875
31918,0,calendar_2014_test,150.70614624023438,144.0,0.7561302185058594,0.0,9.005274772644043,6.706146240234375
31919,0,calendar_2014_test,145.5205841064453,150.0,0.8269294500350952,0.0,6.390900611877441,4.4794158935546875
31920,0,calendar_2014_test,158.53802490234375,151.0,0.7521823644638062,0.0,9.151056289672852,7.53802490234375
31921,0,calendar_2014_test,157.09158325195312,149.0,0.7059056162834167,0.0,10.859896659851074,8.091583251953125
31922,0,calendar_2014_test,150.76431274414062,157.0,0.7679058909416199,0.0,8.570439338684082,6.235687255859375
31923,0,calendar_2014_test,160.5376434326172,173.0,0.7817039489746094,0.0,8.06092357635498,12.462356567382812
31924,0,calendar_2014_test,178.03228759765625,182.0,0.7770611643791199,0.0,8.232366561889648,3.96771240234375
31925,0,calendar_2014_test,180.66758728027344,188.0,0.7426626086235046,0.0,9.50258731842041,7.3324127197265625
31926,0,calendar_2014_test,183.56532287597656,175.0,0.7112433314323425,0.0,10.662793159484863,8.565322875976562
31927,0,calendar_2014_test,166.30763244628906,167.0,0.7867620587348938,0.0,7.874145984649658,0.6923675537109375
31928,0,calendar_2014_test,161.54391479492188,162.0,0.7432806491851807,0.0,9.479765892028809,0.456085205078125
31929,0,calendar_2014_test,157.9904327392578,157.0,0.7919306755065918,0.0,7.683285713195801,0.9904327392578125
31930,0,calendar_2014_test,152.06436157226562,147.0,0.7565832734107971,0.0,8.988544464111328,5.064361572265625
31931,0,calendar_2014_test,141.34359741210938,157.0,0.7999353408813477,0.0,7.38770055770874,15.656402587890625
31932,0,calendar_2014_test,159.07315063476562,159.0,0.7421798706054688,0.0,9.520414352416992,0.073150634765625
31933,0,calendar_2014_test,158.44325256347656,134.0,0.7587392926216125,0.0,8.908930778503418,24.443252563476562
31934,0,calendar_2014_test,126.64350891113281,136.0,0.7998325824737549,0.0,7.391496658325195,9.356491088867188
31935,0,calendar_2014_test,138.578857421875,158.0,0.7855851054191589,0.0,7.917606830596924,19.421142578125
31936,0,calendar_2014_test,167.81349182128906,186.0,0.7865921258926392,0.0,7.880419731140137,18.186508178710938
31937,0,calendar_2014_test,193.9304962158203,231.0,0.7294443845748901,0.0,9.990690231323242,37.06950378417969
31938,0,calendar_2014_test,241.66468811035156,254.0,0.6160405874252319,0.0,14.178304672241211,12.335311889648438
31939,0,calendar_2014_test,255.58741760253906,249.0,0.635359525680542,0.0,13.464921951293945,6.5874176025390625
31940,0,calendar_2014_test,254.58187866210938,262.0,0.6622343063354492,0.0,12.472527503967285,7.418121337890625
31941,0,calendar_2014_test,276.5010070800781,282.0,0.6059272885322571,0.0,14.551753997802734,5.498992919921875
31942,0,calendar_2014_test,297.68426513671875,280.0,0.4944509267807007,0.0,18.668193817138672,17.68426513671875
31943,0,calendar_2014_test,283.5003662109375,268.0,0.5357415676116943,0.0,17.14347267150879,15.5003662109375
31944,0,calendar_2014_test,265.2274475097656,255.0,0.6405555009841919,0.0,13.273054122924805,10.227447509765625
31945,0,calendar_2014_test,254.162353515625,247.0,0.5489407181739807,0.0,16.65607261657715,7.162353515625
31946,0,calendar_2014_test,250.41734313964844,244.0,0.7153862714767456,0.0,10.509808540344238,6.4173431396484375
31947,0,calendar_2014_test,244.92449951171875,270.0,0.6535772085189819,0.0,12.792205810546875,25.07550048828125
31948,0,calendar_2014_test,274.34954833984375,280.0,0.5642845034599304,0.0,16.089479446411133,5.65045166015625
31949,0,calendar_2014_test,283.0707092285156,274.0,0.6097794771194458,0.0,14.409504890441895,9.070709228515625
31950,0,calendar_2014_test,271.5108337402344,280.0,0.6142091751098633,0.0,14.245932579040527,8.489166259765625
31951,0,calendar_2014_test,272.224853515625,266.0,0.5740724205970764,0.0,15.728045463562012,6.224853515625
31952,0,calendar_2014_test,255.95208740234375,239.0,0.5993427038192749,0.0,14.794899940490723,16.95208740234375
31953,0,calendar_2014_test,224.96315002441406,225.0,0.5777472257614136,0.0,15.592347145080566,0.0368499755859375
31954,0,calendar_2014_test,33.43775177001953,40.0,0.9172789454460144,0.0,3.054605722427368,6.562248229980469
31955,0,calendar_2014_test,38.18262481689453,34.0,0.9223998785018921,0.0,2.865507125854492,4.182624816894531
31956,0,calendar_2014_test,33.157772064208984,47.0,0.9193726181983948,0.0,2.977292537689209,13.842227935791016
31957,0,calendar_2014_test,49.44032287597656,54.0,0.9104377627372742,0.0,3.3072268962860107,4.5596771240234375
31958,0,calendar_2014_test,55.45177459716797,65.0,0.8857786059379578,0.0,4.217803955078125,9.548225402832031
31959,0,calendar_2014_test,70.76419830322266,41.0,0.900076687335968,0.0,3.6898248195648193,29.764198303222656
31960,0,calendar_2014_test,44.03569793701172,39.0,0.9228925704956055,0.0,2.84731388092041,5.035697937011719
31961,0,calendar_2014_test,43.04136276245117,35.0,0.9092406034469604,0.0,3.3514342308044434,8.041362762451172
31962,0,calendar_2014_test,38.27203369140625,51.0,0.9134008884429932,0.0,3.1978094577789307,12.72796630859375
31963,0,calendar_2014_test,52.55852508544922,54.0,0.8936934471130371,0.0,3.925537586212158,1.4414749145507812
31964,0,calendar_2014_test,58.8742561340332,69.0,0.8998892307281494,0.0,3.6967480182647705,10.125743865966797
31965,0,calendar_2014_test,77.26316833496094,59.0,0.8760748505592346,0.0,4.576129913330078,18.263168334960938
31966,0,calendar_2014_test,59.71080780029297,51.0,0.8981056213378906,0.0,3.762608766555786,8.710807800292969
31967,0,calendar_2014_test,54.638790130615234,45.0,0.8918892741203308,0.0,3.9921579360961914,9.638790130615234
31968,0,calendar_2014_test,50.059181213378906,44.0,0.8870120644569397,0.0,4.172257900238037,6.059181213378906
31969,0,calendar_2014_test,45.73688507080078,52.0,0.9106422662734985,0.0,3.2996745109558105,6.263114929199219
31970,0,calendar_2014_test,46.40917205810547,52.0,0.8950755596160889,0.0,3.8744990825653076,5.590827941894531
31971,0,calendar_2014_test,47.016563415527344,47.0,0.8897801637649536,0.0,4.070039749145508,0.01656341552734375
31972,0,calendar_2014_test,48.80856704711914,51.0,0.8996787667274475,0.0,3.704519510269165,2.1914329528808594
31973,0,calendar_2014_test,49.55616760253906,85.0,0.8847466707229614,0.0,4.255911350250244,35.44383239746094
31974,0,calendar_2014_test,88.73218536376953,80.0,0.8676479458808899,0.0,4.887307643890381,8.732185363769531
31975,0,calendar_2014_test,76.25647735595703,62.0,0.8869925141334534,0.0,4.17297887802124,14.256477355957031
31976,0,calendar_2014_test,58.27981948852539,57.0,0.8801342844963074,0.0,4.426229953765869,1.2798194885253906
31977,0,calendar_2014_test,59.93541717529297,56.0,0.895799458026886,0.0,3.847769260406494,3.9354171752929688
31978,0,calendar_2014_test,56.63580322265625,67.0,0.8768061995506287,0.0,4.549124240875244,10.36419677734375
31979,0,calendar_2014_test,70.33943939208984,96.0,0.8899003267288208,0.0,4.065603256225586,25.660560607910156
31980,0,calendar_2014_test,100.85264587402344,91.0,0.8726191520690918,0.0,4.703736782073975,9.852645874023438
31981,0,calendar_2014_test,92.15428924560547,84.0,0.8503996729850769,0.0,5.524226665496826,8.154289245605469
31982,0,calendar_2014_test,84.63990783691406,101.0,0.866889238357544,0.0,4.915325164794922,16.360092163085938
31983,0,calendar_2014_test,104.59950256347656,134.0,0.831420361995697,0.0,6.225068092346191,29.400497436523438
31984,0,calendar_2014_test,140.77658081054688,127.0,0.79142165184021,0.0,7.702083587646484,13.776580810546875
31985,0,calendar_2014_test,126.65846252441406,123.0,0.7829092741012573,0.0,8.0164155960083,3.6584625244140625
31986,0,calendar_2014_test,117.04037475585938,112.0,0.8541758060455322,0.0,5.384787082672119,5.040374755859375
31987,0,calendar_2014_test,110.17424774169922,109.0,0.8246375322341919,0.0,6.475535869598389,1.1742477416992188
31988,0,calendar_2014_test,105.1788101196289,145.0,0.8120754957199097,0.0,6.9394073486328125,39.821189880371094
31989,0,calendar_2014_test,154.4206085205078,124.0,0.8127063512802124,0.0,6.916111469268799,30.420608520507812
31990,0,calendar_2014_test,118.44185638427734,107.0,0.748991847038269,0.0,9.268871307373047,11.441856384277344
31991,0,calendar_2014_test,103.63549041748047,109.0,0.7947779893875122,0.0,7.578145503997803,5.364509582519531
31992,0,calendar_2014_test,111.70549774169922,110.0,0.8078577518463135,0.0,7.095155715942383,1.7054977416992188
31993,0,calendar_2014_test,112.16874694824219,116.0,0.8404412865638733,0.0,5.891955852508545,3.8312530517578125
31994,0,calendar_2014_test,117.2784423828125,105.0,0.8345181941986084,0.0,6.1106767654418945,12.2784423828125
31995,0,calendar_2014_test,100.03138732910156,93.0,0.817561149597168,0.0,6.736842155456543,7.0313873291015625
31996,0,calendar_2014_test,86.77600860595703,106.0,0.8254594206809998,0.0,6.44518518447876,19.22399139404297
31997,0,calendar_2014_test,107.3712387084961,103.0,0.8425970077514648,0.0,5.812353610992432,4.371238708496094
31998,0,calendar_2014_test,106.42681121826172,102.0,0.8344333171844482,0.0,6.1138105392456055,4.426811218261719
31999,0,calendar_2014_test,107.57067108154297,101.0,0.8682560920715332,0.0,4.8648505210876465,6.570671081542969
32000,0,calendar_2014_test,102.51712799072266,101.0,0.823215901851654,0.0,6.528029918670654,1.5171279907226562
32001,0,calendar_2014_test,105.14205932617188,117.0,0.8413646221160889,0.0,5.857861042022705,11.857940673828125
32002,0,calendar_2014_test,125.9692153930664,131.0,0.8033930063247681,0.0,7.260021686553955,5.030784606933594
32003,0,calendar_2014_test,140.94332885742188,128.0,0.7849218845367432,0.0,7.94209623336792,12.943328857421875
32004,0,calendar_2014_test,131.60182189941406,127.0,0.7613272070884705,0.0,8.81336784362793,4.6018218994140625
32005,0,calendar_2014_test,129.03501892089844,141.0,0.7875367403030396,0.0,7.84553861618042,11.964981079101562
32006,0,calendar_2014_test,147.18246459960938,137.0,0.7965570688247681,0.0,7.512449264526367,10.182464599609375
32007,0,calendar_2014_test,136.2212677001953,151.0,0.7657395005226135,0.0,8.650436401367188,14.778732299804688
32008,0,calendar_2014_test,159.8290557861328,152.0,0.8023391366004944,0.0,7.298938274383545,7.8290557861328125
32009,0,calendar_2014_test,156.04806518554688,148.0,0.7082182168960571,0.0,10.77450180053711,8.048065185546875
32010,0,calendar_2014_test,144.9797821044922,151.0,0.7870696783065796,0.0,7.86278772354126,6.0202178955078125
32011,0,calendar_2014_test,151.7580108642578,156.0,0.7776563763618469,0.0,8.21038818359375,4.2419891357421875
32012,0,calendar_2014_test,158.50875854492188,143.0,0.7253631353378296,0.0,10.141396522521973,15.508758544921875
32013,0,calendar_2014_test,140.59884643554688,141.0,0.7868791818618774,0.0,7.8698201179504395,0.401153564453125
32014,0,calendar_2014_test,141.666748046875,140.0,0.8130508661270142,0.0,6.9033894538879395,1.666748046875
32015,0,calendar_2014_test,144.76254272460938,150.0,0.8175925612449646,0.0,6.735681056976318,5.237457275390625
32016,0,calendar_2014_test,155.4894561767578,162.0,0.7896207571029663,0.0,7.768583297729492,6.5105438232421875
32017,0,calendar_2014_test,163.38929748535156,171.0,0.7610118389129639,0.0,8.825014114379883,7.6107025146484375
32018,0,calendar_2014_test,177.2009735107422,179.0,0.7059496641159058,0.0,10.858271598815918,1.7990264892578125
32019,0,calendar_2014_test,181.2578887939453,193.0,0.6979616284370422,0.0,11.153241157531738,11.742111206054688
32020,0,calendar_2014_test,204.1780242919922,170.0,0.7258869409561157,0.0,10.122054100036621,34.17802429199219
32021,0,calendar_2014_test,162.81515502929688,167.0,0.7959216833114624,0.0,7.535911560058594,4.184844970703125
32022,0,calendar_2014_test,171.45233154296875,158.0,0.7446508407592773,0.0,9.429168701171875,13.45233154296875
32023,0,calendar_2014_test,157.7794952392578,158.0,0.7880939245223999,0.0,7.824965476989746,0.2205047607421875
32024,0,calendar_2014_test,158.83615112304688,176.0,0.7771788239479065,0.0,8.228022575378418,17.163848876953125
32025,0,calendar_2014_test,181.5796356201172,162.0,0.6867921352386475,0.0,11.565692901611328,19.579635620117188
32026,0,calendar_2014_test,157.2891387939453,153.0,0.7908130884170532,0.0,7.724555015563965,4.2891387939453125
32027,0,calendar_2014_test,137.38926696777344,129.0,0.8014349937438965,0.0,7.332325458526611,8.389266967773438
32028,0,calendar_2014_test,121.422119140625,92.0,0.7856591939926147,0.0,7.914871692657471,29.422119140625
32029,0,calendar_2014_test,83.66053009033203,83.0,0.8809103965759277,0.0,4.397570610046387,0.6605300903320312
32030,0,calendar_2014_test,82.08921813964844,74.0,0.870821475982666,0.0,4.770121097564697,8.089218139648438
32031,0,calendar_2014_test,72.6104965209961,86.0,0.8767096996307373,0.0,4.552689075469971,13.389503479003906
32032,0,calendar_2014_test,89.7044906616211,83.0,0.8664318919181824,0.0,4.932211399078369,6.704490661621094
32033,0,calendar_2014_test,88.13134765625,84.0,0.8727548122406006,0.0,4.698728084564209,4.13134765625
32034,0,calendar_2014_test,83.62368774414062,84.0,0.8586012125015259,0.0,5.221371650695801,0.376312255859375
32035,0,calendar_2014_test,88.08973693847656,77.0,0.8620754480361938,0.0,5.093080520629883,11.089736938476562
32036,0,calendar_2014_test,79.54698944091797,75.0,0.8518692851066589,0.0,5.469959259033203,4.546989440917969
32037,0,calendar_2014_test,83.08247375488281,64.0,0.8514382243156433,0.0,5.485877513885498,19.082473754882812
32038,0,calendar_2014_test,65.54673767089844,59.0,0.8958536386489868,0.0,3.84576678276062,6.5467376708984375
32039,0,calendar_2014_test,61.9164924621582,59.0,0.8881624341011047,0.0,4.129777431488037,2.916492462158203
32040,0,calendar_2014_test,63.77742004394531,72.0,0.8955309391021729,0.0,3.857685089111328,8.222579956054688
32041,0,calendar_2014_test,77.87689971923828,69.0,0.8675966858863831,0.0,4.8892011642456055,8.876899719238281
32042,0,calendar_2014_test,70.09622955322266,69.0,0.9032832980155945,0.0,3.5714168548583984,1.0962295532226562
32043,0,calendar_2014_test,60.76361846923828,56.0,0.8883481025695801,0.0,4.122921466827393,4.763618469238281
32044,0,calendar_2014_test,53.20244598388672,44.0,0.8959988355636597,0.0,3.8404064178466797,9.202445983886719
32045,0,calendar_2014_test,45.996036529541016,48.0,0.9120694994926453,0.0,3.2469723224639893,2.0039634704589844
32046,0,calendar_2014_test,52.447792053222656,40.0,0.886654257774353,0.0,4.185469627380371,12.447792053222656
32047,0,calendar_2014_test,43.56777572631836,46.0,0.9171056747436523,0.0,3.061004161834717,2.4322242736816406
32048,0,calendar_2014_test,49.61003875732422,55.0,0.9154175519943237,0.0,3.1233386993408203,5.389961242675781
32049,0,calendar_2014_test,58.203433990478516,57.0,0.9155479669570923,0.0,3.118523359298706,1.2034339904785156
32050,0,calendar_2014_test,60.95645523071289,52.0,0.8822135925292969,0.0,4.349448204040527,8.95645523071289
32051,0,calendar_2014_test,57.0921516418457,55.0,0.9050215482711792,0.0,3.5072288513183594,2.092151641845703
32052,0,calendar_2014_test,61.86982345581055,59.0,0.8595892190933228,0.0,5.184889316558838,2.869823455810547
32053,0,calendar_2014_test,63.698062896728516,67.0,0.8932270407676697,0.0,3.942758560180664,3.3019371032714844
32054,0,calendar_2014_test,75.01628875732422,72.0,0.8713284730911255,0.0,4.751397132873535,3.0162887573242188
32055,0,calendar_2014_test,79.27225494384766,78.0,0.868337869644165,0.0,4.86182975769043,1.2722549438476562
32056,0,calendar_2014_test,85.85155487060547,95.0,0.8360351920127869,0.0,6.05465841293335,9.148445129394531
32057,0,calendar_2014_test,101.43224334716797,105.0,0.8619887828826904,0.0,5.096281051635742,3.5677566528320312
32058,0,calendar_2014_test,109.32107543945312,112.0,0.8516232371330261,0.0,5.4790449142456055,2.678924560546875
32059,0,calendar_2014_test,117.88438415527344,128.0,0.8299075365066528,0.0,6.280930995941162,10.115615844726562
32060,0,calendar_2014_test,134.13546752929688,127.0,0.7505403161048889,0.0,9.211690902709961,7.135467529296875
32061,0,calendar_2014_test,123.32009887695312,128.0,0.8292466402053833,0.0,6.30533504486084,4.679901123046875
32062,0,calendar_2014_test,124.46955871582031,121.0,0.7927491664886475,0.0,7.65306282043457,3.4695587158203125
32063,0,calendar_2014_test,114.00617218017578,84.0,0.8493224382400513,0.0,5.564006328582764,30.00617218017578
32064,0,calendar_2014_test,70.31661224365234,87.0,0.8622152209281921,0.0,5.087920188903809,16.683387756347656
32065,0,calendar_2014_test,80.05964660644531,64.0,0.8617907762527466,0.0,5.103593349456787,16.059646606445312
32066,0,calendar_2014_test,51.511192321777344,52.0,0.9178656339645386,0.0,3.032940626144409,0.48880767822265625
32067,0,calendar_2014_test,43.464561462402344,30.0,0.9039645195007324,0.0,3.5462615489959717,13.464561462402344
32068,0,calendar_2014_test,27.105316162109375,23.0,0.9109846353530884,0.0,3.287031888961792,4.105316162109375
32069,0,calendar_2014_test,24.279817581176758,22.0,0.9274794459342957,0.0,2.6779353618621826,2.279817581176758
32070,0,calendar_2014_test,24.59817886352539,17.0,0.9081816077232361,0.0,3.3905386924743652,7.598178863525391
32071,0,calendar_2014_test,19.656896591186523,22.0,0.9405882358551025,0.0,2.193873643875122,2.3431034088134766
32072,0,calendar_2014_test,24.868558883666992,33.0,0.9364579916000366,0.0,2.3463878631591797,8.131441116333008
32073,0,calendar_2014_test,36.78718566894531,43.0,0.8892720937728882,0.0,4.088802337646484,6.2128143310546875
32074,0,calendar_2014_test,48.26557922363281,49.0,0.899201512336731,0.0,3.7221431732177734,0.7344207763671875
32075,0,calendar_2014_test,54.365074157714844,56.0,0.8722337484359741,0.0,4.717970848083496,1.6349258422851562
32076,0,calendar_2014_test,62.3333740234375,59.0,0.8949040770530701,0.0,3.8808329105377197,3.3333740234375
32077,0,calendar_2014_test,64.1732406616211,69.0,0.9033423066139221,0.0,3.5692365169525146,4.826759338378906
32078,0,calendar_2014_test,75.92648315429688,59.0,0.8698431849479675,0.0,4.806244373321533,16.926483154296875
32079,0,calendar_2014_test,62.24406433105469,72.0,0.8734214305877686,0.0,4.6741132736206055,9.755935668945312
32080,0,calendar_2014_test,76.1079330444336,76.0,0.8680118918418884,0.0,4.873868942260742,0.10793304443359375
32081,0,calendar_2014_test,80.49586486816406,90.0,0.8667702078819275,0.0,4.9197187423706055,9.504135131835938
32082,0,calendar_2014_test,94.60742950439453,91.0,0.8702636957168579,0.0,4.790718078613281,3.6074295043945312
32083,0,calendar_2014_test,89.98316192626953,90.0,0.8463987708091736,0.0,5.671967029571533,0.01683807373046875
32084,0,calendar_2014_test,85.69695281982422,91.0,0.8648577332496643,0.0,4.990340232849121,5.303047180175781
32085,0,calendar_2014_test,87.21308135986328,66.0,0.8641662001609802,0.0,5.015876770019531,21.21308135986328
32086,0,calendar_2014_test,58.3177375793457,46.0,0.8634873628616333,0.0,5.040944576263428,12.317737579345703
32087,0,calendar_2014_test,45.126590728759766,49.0,0.8978288173675537,0.0,3.772831439971924,3.8734092712402344
32088,0,calendar_2014_test,51.19200897216797,48.0,0.9142130017280579,0.0,3.1678202152252197,3.1920089721679688
32089,0,calendar_2014_test,44.93000793457031,45.0,0.9044481515884399,0.0,3.5284016132354736,0.0699920654296875
32090,0,calendar_2014_test,41.847225189208984,44.0,0.9052736163139343,0.0,3.497920274734497,2.1527748107910156
32091,0,calendar_2014_test,39.98276901245117,39.0,0.9132546186447144,0.0,3.203209161758423,0.9827690124511719
32092,0,calendar_2014_test,41.857303619384766,23.0,0.9363689422607422,0.0,2.3496766090393066,18.857303619384766
32093,0,calendar_2014_test,27.75112533569336,26.0,0.9364981055259705,0.0,2.3449065685272217,1.7511253356933594
32094,0,calendar_2014_test,29.94028663635254,24.0,0.9114007949829102,0.0,3.271665334701538,5.940286636352539
32095,0,calendar_2014_test,28.80109405517578,25.0,0.9114930033683777,0.0,3.268259286880493,3.8010940551757812
32096,0,calendar_2014_test,28.809844970703125,30.0,0.916102409362793,0.0,3.098050594329834,1.190155029296875
32097,0,calendar_2014_test,33.89533996582031,44.0,0.9281612634658813,0.0,2.6527581214904785,10.104660034179688
32098,0,calendar_2014_test,49.060523986816406,30.0,0.9014780521392822,0.0,3.638077735900879,19.060523986816406
32099,0,calendar_2014_test,33.9395751953125,32.0,0.9162923693656921,0.0,3.091036081314087,1.9395751953125
32100,0,calendar_2014_test,38.29161834716797,36.0,0.9156292676925659,0.0,3.115522861480713,2.2916183471679688
32101,0,calendar_2014_test,41.565467834472656,43.0,0.8859318494796753,0.0,4.21214485168457,1.4345321655273438
32102,0,calendar_2014_test,45.06938934326172,66.0,0.9067873954772949,0.0,3.4420220851898193,20.93061065673828
32103,0,calendar_2014_test,74.35665893554688,68.0,0.8711979389190674,0.0,4.7562174797058105,6.356658935546875
32104,0,calendar_2014_test,73.40525817871094,73.0,0.858791708946228,0.0,5.2143378257751465,0.4052581787109375
32105,0,calendar_2014_test,76.46902465820312,90.0,0.8968747854232788,0.0,3.808061361312866,13.530975341796875
32106,0,calendar_2014_test,93.81732940673828,106.0,0.8590911030769348,0.0,5.203281879425049,12.182670593261719
32107,0,calendar_2014_test,109.16281127929688,102.0,0.8400425910949707,0.0,5.906677722930908,7.162811279296875
32108,0,calendar_2014_test,97.01671600341797,66.0,0.8177321553230286,0.0,6.730526447296143,31.01671600341797
32109,0,calendar_2014_test,58.00943374633789,65.0,0.8927261233329773,0.0,3.961256504058838,6.990566253662109
32110,0,calendar_2014_test,60.55764389038086,52.0,0.8855383396148682,0.0,4.226675510406494,8.55764389038086
32111,0,calendar_2014_test,49.36653137207031,68.0,0.8924208283424377,0.0,3.972529172897339,18.633468627929688
32112,0,calendar_2014_test,60.85786056518555,104.0,0.8877957463264465,0.0,4.143319129943848,43.14213943481445
32113,0,calendar_2014_test,101.799072265625,84.0,0.8410384058952332,0.0,5.869906425476074,17.799072265625
32114,0,calendar_2014_test,72.84160614013672,42.0,0.8657954335212708,0.0,4.955714225769043,30.84160614013672
32115,0,calendar_2014_test,37.193050384521484,36.0,0.9096471667289734,0.0,3.3364198207855225,1.1930503845214844
32116,0,calendar_2014_test,37.303932189941406,56.0,0.8969207406044006,0.0,3.8063642978668213,18.696067810058594
32117,0,calendar_2014_test,60.677730560302734,51.0,0.8906761407852173,0.0,4.036956310272217,9.677730560302734
32118,0,calendar_2014_test,52.097652435302734,170.0,0.9026870727539062,0.0,3.5934321880340576,117.90234756469727
32119,0,calendar_2014_test,164.22901916503906,87.0,0.7951688766479492,0.0,7.5637102127075195,77.22901916503906
32120,0,calendar_2014_test,72.08375549316406,55.0,0.8624889850616455,0.0,5.077810764312744,17.083755493164062
32121,0,calendar_2014_test,54.772705078125,107.0,0.8919156193733215,0.0,3.9911863803863525,52.227294921875
32122,0,calendar_2014_test,114.42063903808594,105.0,0.8075857162475586,0.0,7.10520076751709,9.420639038085938
32123,0,calendar_2014_test,103.46556091308594,66.0,0.8492187857627869,0.0,5.56783390045166,37.46556091308594
32124,0,calendar_2014_test,61.67289352416992,73.0,0.8882754445075989,0.0,4.12560510635376,11.327106475830078
32125,0,calendar_2014_test,75.99678802490234,76.0,0.8761824369430542,0.0,4.572157382965088,0.00321197509765625
32126,0,calendar_2014_test,78.84439849853516,60.0,0.8525041937828064,0.0,5.446515083312988,18.844398498535156
32127,0,calendar_2014_test,59.9146614074707,64.0,0.9025997519493103,0.0,3.5966577529907227,4.085338592529297
32128,0,calendar_2014_test,65.45233917236328,73.0,0.8282470703125,0.0,6.342246055603027,7.547660827636719
32129,0,calendar_2014_test,77.07072448730469,81.0,0.8751973509788513,0.0,4.6085333824157715,3.9292755126953125
32130,0,calendar_2014_test,84.642333984375,88.0,0.8882386684417725,0.0,4.126961708068848,3.357666015625
32131,0,calendar_2014_test,90.36209106445312,98.0,0.8480736017227173,0.0,5.6101202964782715,7.637908935546875
32132,0,calendar_2014_test,100.53617858886719,99.0,0.8533596992492676,0.0,5.414923667907715,1.5361785888671875
32133,0,calendar_2014_test,101.7069320678711,99.0,0.8269098997116089,0.0,6.391624450683594,2.7069320678710938
32134,0,calendar_2014_test,100.6038818359375,108.0,0.8354607820510864,0.0,6.075869083404541,7.3961181640625
32135,0,calendar_2014_test,108.8302993774414,129.0,0.8235468864440918,0.0,6.515807151794434,20.169700622558594
32136,0,calendar_2014_test,131.6405029296875,136.0,0.8468785881996155,0.0,5.65424919128418,4.3594970703125
32137,0,calendar_2014_test,138.6630096435547,151.0,0.7983098030090332,0.0,7.447727203369141,12.336990356445312
32138,0,calendar_2014_test,157.55116271972656,162.0,0.7321574687957764,0.0,9.890506744384766,4.4488372802734375
32139,0,calendar_2014_test,167.49440002441406,164.0,0.7580424547195435,0.0,8.934663772583008,3.4944000244140625
32140,0,calendar_2014_test,161.74310302734375,174.0,0.7360837459564209,0.0,9.745523452758789,12.25689697265625
32141,0,calendar_2014_test,175.20034790039062,185.0,0.725175142288208,0.0,10.148338317871094,9.799652099609375
32142,0,calendar_2014_test,186.2329864501953,168.0,0.755739688873291,0.0,9.019695281982422,18.232986450195312
32143,0,calendar_2014_test,157.1421661376953,154.0,0.7689889669418335,0.0,8.530445098876953,3.1421661376953125
32144,0,calendar_2014_test,140.88453674316406,143.0,0.8520163297653198,0.0,5.464529514312744,2.1154632568359375
32145,0,calendar_2014_test,139.22567749023438,139.0,0.8129255771636963,0.0,6.908018112182617,0.225677490234375
32146,0,calendar_2014_test,136.2411346435547,126.0,0.7843644618988037,0.0,7.962681770324707,10.241134643554688
32147,0,calendar_2014_test,120.69620513916016,98.0,0.7790570259094238,0.0,8.158666610717773,22.696205139160156
32148,0,calendar_2014_test,85.51262664794922,101.0,0.8747025728225708,0.0,4.626804828643799,15.487373352050781
32149,0,calendar_2014_test,107.47587585449219,71.0,0.8393899202346802,0.0,5.930778503417969,36.47587585449219
32150,0,calendar_2014_test,64.96788787841797,73.0,0.8644850254058838,0.0,5.0041046142578125,8.032112121582031
32151,0,calendar_2014_test,79.80992889404297,80.0,0.8942248225212097,0.0,3.905914545059204,0.19007110595703125
32152,0,calendar_2014_test,85.57412719726562,82.0,0.8827217817306519,0.0,4.330682754516602,3.574127197265625
32153,0,calendar_2014_test,86.73994445800781,76.0,0.8569978475570679,0.0,5.280579090118408,10.739944458007812
32154,0,calendar_2014_test,75.9560317993164,84.0,0.8756060600280762,0.0,4.593440532684326,8.043968200683594
32155,0,calendar_2014_test,90.88492584228516,89.0,0.864280104637146,0.0,5.0116705894470215,1.8849258422851562
32156,0,calendar_2014_test,95.27220916748047,91.0,0.8699640035629272,0.0,4.801784515380859,4.272209167480469
32157,0,calendar_2014_test,93.80245971679688,96.0,0.8727619051933289,0.0,4.698466777801514,2.197540283203125
32158,0,calendar_2014_test,97.52439880371094,107.0,0.8526182174682617,0.0,5.442304611206055,9.475601196289062
32159,0,calendar_2014_test,111.95642852783203,109.0,0.8528069257736206,0.0,5.435336589813232,2.9564285278320312
32160,0,calendar_2014_test,111.099365234375,112.0,0.8427628874778748,0.0,5.806228160858154,0.900634765625
32161,0,calendar_2014_test,115.52555084228516,119.0,0.8308917284011841,0.0,6.2445878982543945,3.4744491577148438
32162,0,calendar_2014_test,121.65531158447266,122.0,0.8345119953155518,0.0,6.110905170440674,0.34468841552734375
32163,0,calendar_2014_test,127.06884002685547,125.0,0.8079261779785156,0.0,7.09262752532959,2.0688400268554688
32164,0,calendar_2014_test,127.56593322753906,121.0,0.8064560294151306,0.0,7.146914482116699,6.5659332275390625
32165,0,calendar_2014_test,123.65616607666016,128.0,0.8194464445114136,0.0,6.667224884033203,4.343833923339844
32166,0,calendar_2014_test,134.31124877929688,135.0,0.8160550594329834,0.0,6.792454719543457,0.688751220703125
32167,0,calendar_2014_test,137.78256225585938,136.0,0.7582972049713135,0.0,8.92525577545166,1.782562255859375
32168,0,calendar_2014_test,136.2584686279297,121.0,0.7922669649124146,0.0,7.670867443084717,15.258468627929688
32169,0,calendar_2014_test,115.99497985839844,117.0,0.8474200963973999,0.0,5.634251594543457,1.0050201416015625
32170,0,calendar_2014_test,115.99604034423828,105.0,0.8489828109741211,0.0,5.5765461921691895,10.996040344238281
32171,0,calendar_2014_test,104.54234313964844,100.0,0.8802586793899536,0.0,4.421637535095215,4.5423431396484375
32172,0,calendar_2014_test,101.67870330810547,117.0,0.8318545818328857,0.0,6.209033489227295,15.321296691894531
32173,0,calendar_2014_test,126.5947036743164,118.0,0.7751080989837646,0.0,8.304486274719238,8.594703674316406
32174,0,calendar_2014_test,118.2437744140625,121.0,0.7837455868721008,0.0,7.985534191131592,2.7562255859375
32175,0,calendar_2014_test,123.75175476074219,140.0,0.8290961384773254,0.0,6.310894012451172,16.248245239257812
32176,0,calendar_2014_test,148.99246215820312,139.0,0.8227579593658447,0.0,6.54494047164917,9.992462158203125
32177,0,calendar_2014_test,143.03013610839844,136.0,0.8236976265907288,0.0,6.510241508483887,7.0301361083984375
32178,0,calendar_2014_test,139.96531677246094,143.0,0.7725308537483215,0.0,8.399656295776367,3.0346832275390625
32179,0,calendar_2014_test,149.88885498046875,155.0,0.7976703643798828,0.0,7.471338748931885,5.11114501953125
32180,0,calendar_2014_test,162.6291961669922,141.0,0.7588571310043335,0.0,8.90457820892334,21.629196166992188
32181,0,calendar_2014_test,136.84603881835938,110.0,0.7681772112846375,0.0,8.560420989990234,26.846038818359375
32182,0,calendar_2014_test,100.06370544433594,118.0,0.8320481181144714,0.0,6.201887130737305,17.936294555664062
32183,0,calendar_2014_test,127.56529235839844,124.0,0.7732842564582825,0.0,8.371834754943848,3.5652923583984375
32184,0,calendar_2014_test,126.56303405761719,135.0,0.8009498715400696,0.0,7.35023832321167,8.436965942382812
32185,0,calendar_2014_test,138.06613159179688,156.0,0.8029837012290955,0.0,7.275136470794678,17.933868408203125
32186,0,calendar_2014_test,162.18161010742188,163.0,0.7326006889343262,0.0,9.874139785766602,0.818389892578125
32187,0,calendar_2014_test,170.6638946533203,167.0,0.748679518699646,0.0,9.280405044555664,3.6638946533203125
32188,0,calendar_2014_test,168.56886291503906,169.0,0.7869981527328491,0.0,7.865427017211914,0.4311370849609375
32189,0,calendar_2014_test,166.9833526611328,177.0,0.7271864414215088,0.0,10.074068069458008,10.016647338867188
32190,0,calendar_2014_test,181.7800750732422,131.0,0.7727001905441284,0.0,8.393402099609375,50.78007507324219
32191,0,calendar_2014_test,113.47624206542969,102.0,0.8169283270835876,0.0,6.760209560394287,11.476242065429688
32192,0,calendar_2014_test,93.17182922363281,90.0,0.84046471118927,0.0,5.891091346740723,3.1718292236328125
32193,0,calendar_2014_test,87.94525909423828,96.0,0.8517357110977173,0.0,5.474891185760498,8.054740905761719
32194,0,calendar_2014_test,91.47872924804688,112.0,0.8329553008079529,0.0,6.168387413024902,20.521270751953125
32195,0,calendar_2014_test,111.37738800048828,101.0,0.839060366153717,0.0,5.942949295043945,10.377388000488281
32196,0,calendar_2014_test,90.15631866455078,101.0,0.8330769538879395,0.0,6.163895606994629,10.843681335449219
32197,0,calendar_2014_test,97.46607971191406,104.0,0.8086020946502686,0.0,7.06766939163208,6.5339202880859375
32198,0,calendar_2014_test,102.66790008544922,92.0,0.8559463024139404,0.0,5.319409370422363,10.667900085449219
32199,0,calendar_2014_test,83.70526885986328,55.0,0.8899423480033875,0.0,4.064051628112793,28.70526885986328
32200,0,calendar_2014_test,43.78731155395508,27.0,0.8767234683036804,0.0,4.552178859710693,16.787311553955078
32201,0,calendar_2014_test,26.04644012451172,30.0,0.9105266332626343,0.0,3.3039445877075195,3.9535598754882812
32202,0,calendar_2014_test,29.796276092529297,27.0,0.9338063597679138,0.0,2.4443044662475586,2.796276092529297
32203,0,calendar_2014_test,25.631895065307617,21.0,0.8867895603179932,0.0,4.180474281311035,4.631895065307617
32204,0,calendar_2014_test,17.114850997924805,25.0,0.9305784702301025,0.0,2.563499689102173,7.885149002075195
32205,0,calendar_2014_test,23.261369705200195,23.0,0.9208498001098633,0.0,2.9227466583251953,0.2613697052001953
32206,0,calendar_2014_test,23.130870819091797,28.0,0.9041162729263306,0.0,3.5406570434570312,4.869129180908203
32207,0,calendar_2014_test,29.17081642150879,29.0,0.9177976846694946,0.0,3.0354487895965576,0.17081642150878906
32208,0,calendar_2014_test,29.120927810668945,31.0,0.9225368499755859,0.0,2.8604490756988525,1.8790721893310547
32209,0,calendar_2014_test,30.845556259155273,38.0,0.9225450158119202,0.0,2.8601467609405518,7.154443740844727
32210,0,calendar_2014_test,34.00290298461914,39.0,0.9222708940505981,0.0,2.8702683448791504,4.997097015380859
32211,0,calendar_2014_test,38.01258850097656,61.0,0.9130591154098511,0.0,3.21042799949646,22.987411499023438
32212,0,calendar_2014_test,54.393802642822266,42.0,0.8907306790351868,0.0,4.034941673278809,12.393802642822266
32213,0,calendar_2014_test,40.20076370239258,47.0,0.8963529467582703,0.0,3.8273301124572754,6.799236297607422
32214,0,calendar_2014_test,50.97043228149414,52.0,0.9033829569816589,0.0,3.567736864089966,1.0295677185058594
32215,0,calendar_2014_test,58.35162353515625,47.0,0.8868029713630676,0.0,4.1799774169921875,11.35162353515625
32216,0,calendar_2014_test,50.36219787597656,42.0,0.8924328684806824,0.0,3.9720849990844727,8.362197875976562
32217,0,calendar_2014_test,46.78205871582031,48.0,0.9314159750938416,0.0,2.5325732231140137,1.2179412841796875
32218,0,calendar_2014_test,55.065799713134766,52.0,0.8823577761650085,0.0,4.344123840332031,3.0657997131347656
32219,0,calendar_2014_test,55.954734802246094,48.0,0.889459490776062,0.0,4.081882953643799,7.954734802246094
32220,0,calendar_2014_test,51.37858963012695,59.0,0.898720383644104,0.0,3.73990797996521,7.621410369873047
32221,0,calendar_2014_test,65.37626647949219,48.0,0.8681036829948425,0.0,4.870478630065918,17.376266479492188
32222,0,calendar_2014_test,50.84857177734375,35.0,0.8860925436019897,0.0,4.206212997436523,15.84857177734375
32223,0,calendar_2014_test,41.55446243286133,41.0,0.9046559929847717,0.0,3.5207273960113525,0.5544624328613281
32224,0,calendar_2014_test,48.33402633666992,36.0,0.8691622614860535,0.0,4.831388473510742,12.334026336669922
32225,0,calendar_2014_test,39.59849166870117,41.0,0.9122558236122131,0.0,3.2400918006896973,1.4015083312988281
32226,0,calendar_2014_test,47.937870025634766,49.0,0.902273416519165,0.0,3.6087076663970947,1.0621299743652344
32227,0,calendar_2014_test,54.07573699951172,59.0,0.8921407461166382,0.0,3.982872486114502,4.924263000488281
32228,0,calendar_2014_test,62.97300720214844,72.0,0.8905708193778992,0.0,4.040844440460205,9.026992797851562
32229,0,calendar_2014_test,71.78880310058594,80.0,0.845923125743866,0.0,5.689530372619629,8.211196899414062
32230,0,calendar_2014_test,80.72154235839844,58.0,0.8788987398147583,0.0,4.471855163574219,22.721542358398438
32231,0,calendar_2014_test,55.627357482910156,46.0,0.9097529649734497,0.0,3.3325140476226807,9.627357482910156
32232,0,calendar_2014_test,41.8195915222168,54.0,0.9016477465629578,0.0,3.6318111419677734,12.180408477783203
32233,0,calendar_2014_test,43.52046203613281,43.0,0.9013472199440002,0.0,3.642909049987793,0.5204620361328125
32234,0,calendar_2014_test,34.749534606933594,35.0,0.9278905391693115,0.0,2.6627557277679443,0.25046539306640625
32235,0,calendar_2014_test,32.89542007446289,39.0,0.9145224690437317,0.0,3.1563918590545654,6.104579925537109
32236,0,calendar_2014_test,36.49700164794922,20.0,0.91493159532547,0.0,3.1412851810455322,16.49700164794922
32237,0,calendar_2014_test,20.442626953125,78.0,0.9396863579750061,0.0,2.227175235748291,57.557373046875
32238,0,calendar_2014_test,75.52515411376953,72.0,0.9003040790557861,0.0,3.681429386138916,3.5251541137695312
32239,0,calendar_2014_test,70.19032287597656,84.0,0.8715548515319824,0.0,4.743038654327393,13.809677124023438
32240,0,calendar_2014_test,87.87663269042969,55.0,0.8997052311897278,0.0,3.703542709350586,32.87663269042969
32241,0,calendar_2014_test,55.3900032043457,77.0,0.8933469653129578,0.0,3.9383304119110107,21.609996795654297
32242,0,calendar_2014_test,84.72288513183594,135.0,0.854408323764801,0.0,5.376201152801514,50.27711486816406
32243,0,calendar_2014_test,141.98611450195312,76.0,0.7562930583953857,0.0,8.999260902404785,65.98611450195312
32244,0,calendar_2014_test,64.61346435546875,75.0,0.8772565126419067,0.0,4.532496452331543,10.38653564453125
32245,0,calendar_2014_test,77.07927703857422,98.0,0.8454221487045288,0.0,5.7080302238464355,20.92072296142578
32246,0,calendar_2014_test,107.092529296875,116.0,0.8479045629501343,0.0,5.616363048553467,8.907470703125
32247,0,calendar_2014_test,121.1015396118164,106.0,0.8035193085670471,0.0,7.2553582191467285,15.101539611816406
32248,0,calendar_2014_test,99.06735229492188,48.0,0.8509556651115417,0.0,5.503695487976074,51.067352294921875
32249,0,calendar_2014_test,45.54520797729492,37.0,0.9045213460922241,0.0,3.525698661804199,8.545207977294922
32250,0,calendar_2014_test,42.19485855102539,39.0,0.9080954790115356,0.0,3.3937184810638428,3.1948585510253906
32251,0,calendar_2014_test,43.04310607910156,38.0,0.8933688402175903,0.0,3.937523365020752,5.0431060791015625
32252,0,calendar_2014_test,40.78810119628906,64.0,0.9154138565063477,0.0,3.1234772205352783,23.211898803710938
32253,0,calendar_2014_test,70.60130310058594,73.0,0.8685111999511719,0.0,4.855430603027344,2.3986968994140625
32254,0,calendar_2014_test,78.52111053466797,73.0,0.8727574348449707,0.0,4.698630332946777,5.521110534667969
32255,0,calendar_2014_test,72.76959991455078,80.0,0.8653029203414917,0.0,4.97390079498291,7.230400085449219
32256,0,calendar_2014_test,77.73905944824219,86.0,0.8669742345809937,0.0,4.912186622619629,8.260940551757812
32257,0,calendar_2014_test,84.19071960449219,106.0,0.8858304619789124,0.0,4.215890407562256,21.809280395507812
32258,0,calendar_2014_test,106.37020111083984,132.0,0.8403141498565674,0.0,5.896650314331055,25.629798889160156
32259,0,calendar_2014_test,130.64515686035156,101.0,0.8270503282546997,0.0,6.386437892913818,29.645156860351562
32260,0,calendar_2014_test,83.81929016113281,68.0,0.8865793347358704,0.0,4.188236236572266,15.819290161132812
32261,0,calendar_2014_test,61.58598327636719,51.0,0.8963801860809326,0.0,3.826324701309204,10.585983276367188
32262,0,calendar_2014_test,51.63652801513672,47.0,0.9023836851119995,0.0,3.604635000228882,4.636528015136719
32263,0,calendar_2014_test,47.96037292480469,41.0,0.9185358285903931,0.0,3.008192539215088,6.9603729248046875
32264,0,calendar_2014_test,39.97938537597656,42.0,0.888672947883606,0.0,4.110927104949951,2.0206146240234375
32265,0,calendar_2014_test,41.71437072753906,49.0,0.8985849618911743,0.0,3.744908571243286,7.2856292724609375
32266,0,calendar_2014_test,53.0268440246582,58.0,0.8951704502105713,0.0,3.8709967136383057,4.973155975341797
32267,0,calendar_2014_test,63.64718246459961,63.0,0.8825925588607788,0.0,4.335453033447266,0.6471824645996094
32268,0,calendar_2014_test,67.08228302001953,67.0,0.8723812699317932,0.0,4.712522506713867,0.08228302001953125
32269,0,calendar_2014_test,72.9599609375,72.0,0.8640090227127075,0.0,5.02168083190918,0.9599609375
32270,0,calendar_2014_test,79.81875610351562,105.0,0.876785933971405,0.0,4.549872875213623,25.181243896484375
32271,0,calendar_2014_test,116.61185455322266,86.0,0.854987382888794,0.0,5.3548197746276855,30.611854553222656
32272,0,calendar_2014_test,85.6894760131836,81.0,0.8542788028717041,0.0,5.380982875823975,4.689476013183594
32273,0,calendar_2014_test,81.22977447509766,92.0,0.8822522759437561,0.0,4.348020076751709,10.770225524902344
32274,0,calendar_2014_test,99.74555969238281,93.0,0.8327742218971252,0.0,6.175075054168701,6.7455596923828125
32275,0,calendar_2014_test,94.78834533691406,105.0,0.8586883544921875,0.0,5.218153476715088,10.211654663085938
32276,0,calendar_2014_test,111.27220916748047,94.0,0.8470187187194824,0.0,5.649073123931885,17.27220916748047
32277,0,calendar_2014_test,97.37554168701172,91.0,0.8808553218841553,0.0,4.399603843688965,6.375541687011719
32278,0,calendar_2014_test,96.89395904541016,83.0,0.8388435244560242,0.0,5.950956344604492,13.893959045410156
32279,0,calendar_2014_test,85.78479766845703,96.0,0.8731266856193542,0.0,4.684996604919434,10.215202331542969
32280,0,calendar_2014_test,95.22053527832031,113.0,0.8391445279121399,0.0,5.939840316772461,17.779464721679688
32281,0,calendar_2014_test,114.42636108398438,121.0,0.8142885565757751,0.0,6.857687473297119,6.573638916015625
32282,0,calendar_2014_test,120.00804138183594,136.0,0.83074951171875,0.0,6.24984073638916,15.991958618164062
32283,0,calendar_2014_test,137.93226623535156,132.0,0.8167405724525452,0.0,6.7671427726745605,5.9322662353515625
32284,0,calendar_2014_test,128.04092407226562,133.0,0.7798619270324707,0.0,8.128944396972656,4.959075927734375
32285,0,calendar_2014_test,134.00213623046875,136.0,0.7796435952186584,0.0,8.137005805969238,1.99786376953125
32286,0,calendar_2014_test,134.53721618652344,111.0,0.7917118072509766,0.0,7.691368103027344,23.537216186523438
32287,0,calendar_2014_test,103.9315185546875,106.0,0.854006826877594,0.0,5.391027927398682,2.0684814453125
32288,0,calendar_2014_test,104.34458923339844,104.0,0.8151780962944031,0.0,6.824839115142822,0.3445892333984375
32289,0,calendar_2014_test,102.6301498413086,98.0,0.8499987125396729,0.0,5.53903341293335,4.630149841308594
32290,0,calendar_2014_test,97.32051849365234,99.0,0.8382272720336914,0.0,5.973713397979736,1.6794815063476562
32291,0,calendar_2014_test,100.46826171875,90.0,0.8269581198692322,0.0,6.389843463897705,10.46826171875
32292,0,calendar_2014_test,92.54302215576172,95.0,0.8804186582565308,0.0,4.415728569030762,2.4569778442382812
32293,0,calendar_2014_test,99.14453887939453,105.0,0.817676305770874,0.0,6.732588291168213,5.855461120605469
32294,0,calendar_2014_test,106.69976043701172,99.0,0.8278853893280029,0.0,6.3556036949157715,7.699760437011719
32295,0,calendar_2014_test,99.75657653808594,102.0,0.8068231344223022,0.0,7.133359909057617,2.2434234619140625
32296,0,calendar_2014_test,105.87460327148438,103.0,0.8396996259689331,0.0,5.919344425201416,2.874603271484375
32297,0,calendar_2014_test,105.40652465820312,89.0,0.8463884592056274,0.0,5.6723480224609375,16.406524658203125
32298,0,calendar_2014_test,86.15208435058594,89.0,0.8273724317550659,0.0,6.374543190002441,2.8479156494140625
32299,0,calendar_2014_test,92.68745422363281,94.0,0.8621649742126465,0.0,5.089776039123535,1.3125457763671875
32300,0,calendar_2014_test,98.38053894042969,97.0,0.8495465517044067,0.0,5.555729389190674,1.3805389404296875
32301,0,calendar_2014_test,101.6763916015625,100.0,0.8692570924758911,0.0,4.82788610458374,1.6763916015625
32302,0,calendar_2014_test,101.0980224609375,111.0,0.8409560322761536,0.0,5.872947692871094,9.9019775390625
32303,0,calendar_2014_test,118.4544448852539,115.0,0.8179856538772583,0.0,6.721165657043457,3.4544448852539062
32304,0,calendar_2014_test,120.06957244873047,146.0,0.7940636277198792,0.0,7.604523658752441,25.93042755126953
32305,0,calendar_2014_test,156.34983825683594,156.0,0.7674855589866638,0.0,8.585960388183594,0.3498382568359375
32306,0,calendar_2014_test,162.70761108398438,221.0,0.7655966877937317,0.0,8.655710220336914,58.292388916015625
32307,0,calendar_2014_test,218.81898498535156,170.0,0.6327255964279175,0.0,13.56218433380127,48.81898498535156
32308,0,calendar_2014_test,149.02236938476562,135.0,0.7520708441734314,0.0,9.155173301696777,14.022369384765625
32309,0,calendar_2014_test,123.62318420410156,98.0,0.8008424639701843,0.0,7.354205131530762,25.623184204101562
32310,0,calendar_2014_test,89.38656616210938,86.0,0.862152099609375,0.0,5.090251445770264,3.386566162109375
32311,0,calendar_2014_test,85.48870086669922,81.0,0.869384765625,0.0,4.8231730461120605,4.488700866699219
32312,0,calendar_2014_test,80.54164123535156,79.0,0.8812753558158875,0.0,4.384093761444092,1.5416412353515625
32313,0,calendar_2014_test,80.6856460571289,153.0,0.8519622087478638,0.0,5.466527462005615,72.3143539428711
32314,0,calendar_2014_test,152.8413848876953,119.0,0.787923276424408,0.0,7.8312668800354,33.84138488769531
32315,0,calendar_2014_test,107.6960678100586,94.0,0.8794098496437073,0.0,4.452981472015381,13.696067810058594
32316,0,calendar_2014_test,91.90409851074219,91.0,0.8606563210487366,0.0,5.145484924316406,0.9040985107421875
32317,0,calendar_2014_test,92.73130798339844,90.0,0.8628988862037659,0.0,5.062674522399902,2.7313079833984375
32318,0,calendar_2014_test,91.10541534423828,90.0,0.8584285974502563,0.0,5.227746486663818,1.1054153442382812
32319,0,calendar_2014_test,92.02153778076172,87.0,0.864927351474762,0.0,4.98776912689209,5.021537780761719
32320,0,calendar_2014_test,88.34085845947266,94.0,0.8598753809928894,0.0,5.17432165145874,5.659141540527344
32321,0,calendar_2014_test,97.21434020996094,97.0,0.8479889631271362,0.0,5.613246440887451,0.2143402099609375
32322,0,calendar_2014_test,98.52165222167969,107.0,0.8391335010528564,0.0,5.940248966217041,8.478347778320312
32323,0,calendar_2014_test,109.1646728515625,112.0,0.853556752204895,0.0,5.4076457023620605,2.8353271484375
32324,0,calendar_2014_test,112.34932708740234,152.0,0.8591567873954773,0.0,5.200857639312744,39.650672912597656
32325,0,calendar_2014_test,161.34341430664062,129.0,0.7432248592376709,0.0,9.48182487487793,32.343414306640625
32326,0,calendar_2014_test,120.81307220458984,135.0,0.8472664952278137,0.0,5.6399245262146,14.186927795410156
32327,0,calendar_2014_test,136.6374053955078,135.0,0.7934253215789795,0.0,7.628095626831055,1.6374053955078125
32328,0,calendar_2014_test,132.82090759277344,150.0,0.7876783013343811,0.0,7.840312480926514,17.179092407226562
32329,0,calendar_2014_test,148.65869140625,162.0,0.7167378067970276,0.0,10.459901809692383,13.34130859375
32330,0,calendar_2014_test,163.36279296875,155.0,0.721569299697876,0.0,10.281489372253418,8.36279296875
32331,0,calendar_2014_test,151.52455139160156,143.0,0.7663566470146179,0.0,8.62764835357666,8.524551391601562
32332,0,calendar_2014_test,137.6099395751953,144.0,0.7660905122756958,0.0,8.637474060058594,6.3900604248046875
32333,0,calendar_2014_test,142.26327514648438,158.0,0.8001173138618469,0.0,7.380982875823975,15.736724853515625
32334,0,calendar_2014_test,156.60867309570312,202.0,0.7296227216720581,0.0,9.98410415649414,45.391326904296875
32335,0,calendar_2014_test,199.68959045410156,143.0,0.7227935194969177,0.0,10.236284255981445,56.68959045410156
32336,0,calendar_2014_test,123.544189453125,147.0,0.8495928645133972,0.0,5.554019451141357,23.455810546875
32337,0,calendar_2014_test,132.41738891601562,136.0,0.736448347568512,0.0,9.73205852508545,3.582611083984375
32338,0,calendar_2014_test,120.52890014648438,130.0,0.7800642848014832,0.0,8.121471405029297,9.471099853515625
32339,0,calendar_2014_test,124.2770767211914,68.0,0.806212306022644,0.0,7.155914783477783,56.277076721191406
32340,0,calendar_2014_test,45.6810302734375,113.0,0.9003196954727173,0.0,3.680851459503174,67.3189697265625
32341,0,calendar_2014_test,114.5737533569336,54.0,0.8050214052200317,0.0,7.19989013671875,60.573753356933594
32342,0,calendar_2014_test,39.45459747314453,51.0,0.896589457988739,0.0,3.818596839904785,11.545402526855469
32343,0,calendar_2014_test,41.33013153076172,48.0,0.9011659622192383,0.0,3.649601936340332,6.669868469238281
32344,0,calendar_2014_test,44.8511848449707,47.0,0.9043382406234741,0.0,3.5324604511260986,2.148815155029297
32345,0,calendar_2014_test,43.50042724609375,44.0,0.9162776470184326,0.0,3.091578245162964,0.49957275390625
32346,0,calendar_2014_test,39.3794059753418,34.0,0.9299808144569397,0.0,2.5855679512023926,5.379405975341797
32347,0,calendar_2014_test,30.143985748291016,28.0,0.9194637537002563,0.0,2.9739274978637695,2.1439857482910156
32348,0,calendar_2014_test,24.75271987915039,34.0,0.8962429165840149,0.0,3.8313939571380615,9.24728012084961
32349,0,calendar_2014_test,30.6370849609375,34.0,0.9281314015388489,0.0,2.6538615226745605,3.3629150390625
32350,0,calendar_2014_test,29.824735641479492,25.0,0.9172241687774658,0.0,3.056628704071045,4.824735641479492
32351,0,calendar_2014_test,23.450029373168945,26.0,0.9307270050048828,0.0,2.558013916015625,2.5499706268310547
32352,0,calendar_2014_test,20.919918060302734,39.0,0.9220670461654663,0.0,2.8777966499328613,18.080081939697266
32353,0,calendar_2014_test,32.45659255981445,52.0,0.8987575769424438,0.0,3.7385363578796387,19.543407440185547
32354,0,calendar_2014_test,47.031982421875,54.0,0.8791651725769043,0.0,4.4620161056518555,6.968017578125
32355,0,calendar_2014_test,48.77794647216797,50.0,0.9187503457069397,0.0,3.000270366668701,1.2220535278320312
32356,0,calendar_2014_test,43.20859909057617,50.0,0.894995391368866,0.0,3.87746000289917,6.791400909423828
32357,0,calendar_2014_test,45.42508316040039,60.0,0.8729455471038818,0.0,4.691684722900391,14.57491683959961
32358,0,calendar_2014_test,56.00178527832031,59.0,0.8714037537574768,0.0,4.7486186027526855,2.9982147216796875
32359,0,calendar_2014_test,54.30967330932617,49.0,0.9102228879928589,0.0,3.3151605129241943,5.309673309326172
32360,0,calendar_2014_test,44.94281005859375,37.0,0.9186294078826904,0.0,3.004737615585327,7.94281005859375
32361,0,calendar_2014_test,34.88819885253906,32.0,0.9235675930976868,0.0,2.822385787963867,2.8881988525390625
32362,0,calendar_2014_test,31.172260284423828,24.0,0.9176486730575562,0.0,3.040952682495117,7.172260284423828
32363,0,calendar_2014_test,24.990802764892578,17.0,0.9313730597496033,0.0,2.5341579914093018,7.990802764892578
32364,0,calendar_2014_test,22.717803955078125,21.0,0.9427057504653931,0.0,2.1156795024871826,1.717803955078125
32365,0,calendar_2014_test,23.60919189453125,27.0,0.9253546595573425,0.0,2.756396770477295,3.39080810546875
32366,0,calendar_2014_test,31.23309326171875,27.0,0.9152498245239258,0.0,3.129533529281616,4.23309326171875
32367,0,calendar_2014_test,32.125022888183594,42.0,0.9189850091934204,0.0,2.9916045665740967,9.874977111816406
32368,0,calendar_2014_test,47.976768493652344,42.0,0.8782182931900024,0.0,4.496980667114258,5.976768493652344
32369,0,calendar_2014_test,50.46754837036133,55.0,0.9044004678726196,0.0,3.530163526535034,4.532451629638672
32370,0,calendar_2014_test,56.558467864990234,48.0,0.8953498601913452,0.0,3.864370584487915,8.558467864990234
32371,0,calendar_2014_test,50.96302795410156,40.0,0.9196888208389282,0.0,2.965615749359131,10.963027954101562
32372,0,calendar_2014_test,45.91823959350586,42.0,0.9109315276145935,0.0,3.288992404937744,3.9182395935058594
32373,0,calendar_2014_test,44.780860900878906,39.0,0.9018285870552063,0.0,3.6251344680786133,5.780860900878906
32374,0,calendar_2014_test,45.21786117553711,64.0,0.8875954151153564,0.0,4.1507158279418945,18.78213882446289
32375,0,calendar_2014_test,70.85160827636719,88.0,0.8834685683250427,0.0,4.303105354309082,17.148391723632812
32376,0,calendar_2014_test,92.47657012939453,104.0,0.8310627341270447,0.0,6.238274097442627,11.523429870605469
32377,0,calendar_2014_test,104.16226196289062,122.0,0.8478391766548157,0.0,5.618778228759766,17.837738037109375
32378,0,calendar_2014_test,121.61377716064453,167.0,0.8102841973304749,0.0,7.005553245544434,45.38622283935547
32379,0,calendar_2014_test,171.80856323242188,116.0,0.7540783286094666,0.0,9.081043243408203,55.808563232421875
32380,0,calendar_2014_test,97.27693176269531,121.0,0.8625818490982056,0.0,5.074382305145264,23.723068237304688
32381,0,calendar_2014_test,114.36557006835938,113.0,0.8227753639221191,0.0,6.544297218322754,1.365570068359375
32382,0,calendar_2014_test,104.349365234375,90.0,0.8028371334075928,0.0,7.280549049377441,14.349365234375
32383,0,calendar_2014_test,75.42035675048828,59.0,0.8537843823432922,0.0,5.399240970611572,16.42035675048828
32384,0,calendar_2014_test,44.02916717529297,66.0,0.9237894415855408,0.0,2.814194679260254,21.97083282470703
32385,0,calendar_2014_test,55.85699462890625,95.0,0.879339337348938,0.0,4.45558500289917,39.14300537109375
32386,0,calendar_2014_test,88.77320098876953,104.0,0.8483695387840271,0.0,5.5991926193237305,15.226799011230469
32387,0,calendar_2014_test,96.07356262207031,117.0,0.8554154634475708,0.0,5.3390116691589355,20.926437377929688
32388,0,calendar_2014_test,111.19100189208984,96.0,0.8503057956695557,0.0,5.527694225311279,15.191001892089844
32389,0,calendar_2014_test,85.08338928222656,50.0,0.8417173624038696,0.0,5.84483528137207,35.08338928222656
32390,0,calendar_2014_test,38.84086990356445,50.0,0.9229394793510437,0.0,2.845581531524658,11.159130096435547
32391,0,calendar_2014_test,46.460140228271484,48.0,0.8968493938446045,0.0,3.8089981079101562,1.5398597717285156
32392,0,calendar_2014_test,43.92975997924805,52.0,0.9058743119239807,0.0,3.475738763809204,8.070240020751953
32393,0,calendar_2014_test,46.619285583496094,39.0,0.9183169603347778,0.0,3.0162734985351562,7.619285583496094
32394,0,calendar_2014_test,34.66278076171875,35.0,0.9021627306938171,0.0,3.612794876098633,0.33721923828125
32395,0,calendar_2014_test,31.528472900390625,50.0,0.9181994199752808,0.0,3.020615339279175,18.471527099609375
32396,0,calendar_2014_test,47.420921325683594,38.0,0.8946183919906616,0.0,3.8913803100585938,9.420921325683594
32397,0,calendar_2014_test,34.759212493896484,41.0,0.9237720966339111,0.0,2.814835548400879,6.240787506103516
32398,0,calendar_2014_test,37.683780670166016,46.0,0.8999207615852356,0.0,3.6955835819244385,8.316219329833984
32399,0,calendar_2014_test,41.72359848022461,51.0,0.9004164934158325,0.0,3.677277088165283,9.27640151977539
32400,0,calendar_2014_test,42.832008361816406,51.0,0.9206911325454712,0.0,2.928605079650879,8.167991638183594
32401,0,calendar_2014_test,40.67207336425781,59.0,0.9146414399147034,0.0,3.1519997119903564,18.327926635742188
32402,0,calendar_2014_test,52.46474075317383,57.0,0.9095708727836609,0.0,3.339238166809082,4.535259246826172
32403,0,calendar_2014_test,50.00825119018555,56.0,0.8887231349945068,0.0,4.109073162078857,5.991748809814453
32404,0,calendar_2014_test,48.20770263671875,46.0,0.8969278335571289,0.0,3.8061025142669678,2.20770263671875
32405,0,calendar_2014_test,41.37385177612305,50.0,0.9052817821502686,0.0,3.4976179599761963,8.626148223876953
32406,0,calendar_2014_test,46.60054016113281,52.0,0.8995776772499084,0.0,3.7082526683807373,5.3994598388671875
32407,0,calendar_2014_test,49.28242492675781,49.0,0.866541862487793,0.0,4.928152561187744,0.2824249267578125
32408,0,calendar_2014_test,45.007789611816406,43.0,0.8966209292411804,0.0,3.817434072494507,2.0077896118164062
32409,0,calendar_2014_test,38.6494140625,43.0,0.90876704454422,0.0,3.368919849395752,4.3505859375
32410,0,calendar_2014_test,37.14303970336914,32.0,0.9198346734046936,0.0,2.9602315425872803,5.143039703369141
32411,0,calendar_2014_test,29.966930389404297,26.0,0.9340212941169739,0.0,2.4363677501678467,3.966930389404297
32412,0,calendar_2014_test,25.46333885192871,31.0,0.9074219465255737,0.0,3.418588876724243,5.536661148071289
32413,0,calendar_2014_test,30.956941604614258,32.0,0.9089439511299133,0.0,3.36238694190979,1.0430583953857422
32414,0,calendar_2014_test,34.70321273803711,46.0,0.9197839498519897,0.0,2.9621028900146484,11.29678726196289
32415,0,calendar_2014_test,47.65867614746094,98.0,0.8778029680252075,0.0,4.512318134307861,50.34132385253906
32416,0,calendar_2014_test,110.05952453613281,67.0,0.8279345035552979,0.0,6.353789329528809,43.05952453613281
32417,0,calendar_2014_test,60.080684661865234,82.0,0.8813284039497375,0.0,4.382134437561035,21.919315338134766
32418,0,calendar_2014_test,90.46870422363281,65.0,0.8440940380096436,0.0,5.757072448730469,25.468704223632812
32419,0,calendar_2014_test,62.15386962890625,85.0,0.8840402364730835,0.0,4.28199577331543,22.84613037109375
32420,0,calendar_2014_test,86.81175994873047,63.0,0.8623615503311157,0.0,5.082514762878418,23.81175994873047
32421,0,calendar_2014_test,59.282161712646484,48.0,0.8929990530014038,0.0,3.951178789138794,11.282161712646484
32422,0,calendar_2014_test,48.51041793823242,36.0,0.9075678586959839,0.0,3.413201093673706,12.510417938232422
32423,0,calendar_2014_test,31.04171371459961,44.0,0.9260876774787903,0.0,2.7293286323547363,12.95828628540039
32424,0,calendar_2014_test,35.9356689453125,49.0,0.9289233088493347,0.0,2.6246185302734375,13.0643310546875
32425,0,calendar_2014_test,40.32701873779297,35.0,0.9085182547569275,0.0,3.378107786178589,5.327018737792969
32426,0,calendar_2014_test,31.216753005981445,39.0,0.9512622356414795,0.0,1.799719214439392,7.783246994018555
32427,0,calendar_2014_test,39.290035247802734,52.0,0.9281091094017029,0.0,2.654684066772461,12.709964752197266
32428,0,calendar_2014_test,52.50042724609375,31.0,0.8737169504165649,0.0,4.6631999015808105,21.50042724609375
32429,0,calendar_2014_test,31.609704971313477,39.0,0.9282641410827637,0.0,2.6489603519439697,7.390295028686523
32430,0,calendar_2014_test,38.3948860168457,36.0,0.9061446189880371,0.0,3.4657583236694336,2.394886016845703
32431,0,calendar_2014_test,32.34674835205078,33.0,0.9145650863647461,0.0,3.154818534851074,0.6532516479492188
32432,0,calendar_2014_test,35.33787155151367,33.0,0.9133197069168091,0.0,3.200805187225342,2.337871551513672
32433,0,calendar_2014_test,36.9591178894043,38.0,0.9300606846809387,0.0,2.582618236541748,1.0408821105957031
32434,0,calendar_2014_test,41.27412796020508,32.0,0.9120555520057678,0.0,3.2474875450134277,9.274127960205078
32435,0,calendar_2014_test,35.941978454589844,39.0,0.9058247804641724,0.0,3.4775683879852295,3.0580215454101562
32436,0,calendar_2014_test,44.45854568481445,38.0,0.9005768299102783,0.0,3.671356201171875,6.458545684814453
32437,0,calendar_2014_test,42.68354415893555,34.0,0.9049016237258911,0.0,3.511657476425171,8.683544158935547
32438,0,calendar_2014_test,39.39636993408203,50.0,0.9103749990463257,0.0,3.3095450401306152,10.603630065917969
32439,0,calendar_2014_test,57.41558837890625,59.0,0.8767924904823303,0.0,4.549630641937256,1.58441162109375
32440,0,calendar_2014_test,64.1394271850586,59.0,0.8882856369018555,0.0,4.125227451324463,5.139427185058594
32441,0,calendar_2014_test,63.064552307128906,56.0,0.8886595964431763,0.0,4.111420154571533,7.064552307128906
32442,0,calendar_2014_test,59.26268005371094,63.0,0.9076376557350159,0.0,3.4106242656707764,3.7373199462890625
32443,0,calendar_2014_test,64.8347396850586,72.0,0.8657507300376892,0.0,4.957365036010742,7.165260314941406
32444,0,calendar_2014_test,77.33865356445312,71.0,0.8736056685447693,0.0,4.667309761047363,6.338653564453125
32445,0,calendar_2014_test,74.59046173095703,75.0,0.8613574504852295,0.0,5.119594097137451,0.40953826904296875
32446,0,calendar_2014_test,77.55300903320312,71.0,0.8619852066040039,0.0,5.096413612365723,6.553009033203125
32447,0,calendar_2014_test,70.46784210205078,61.0,0.8716118335723877,0.0,4.740933418273926,9.467842102050781
32448,0,calendar_2014_test,56.604713439941406,93.0,0.9035107493400574,0.0,3.5630176067352295,36.395286560058594
32449,0,calendar_2014_test,97.97737884521484,97.0,0.8519213199615479,0.0,5.468038082122803,0.9773788452148438
32450,0,calendar_2014_test,99.16889953613281,110.0,0.8204108476638794,0.0,6.631612300872803,10.831100463867188
32451,0,calendar_2014_test,112.75017547607422,95.0,0.8125309944152832,0.0,6.92258882522583,17.75017547607422
32452,0,calendar_2014_test,92.88654327392578,103.0,0.8385308980941772,0.0,5.962500095367432,10.113456726074219
32453,0,calendar_2014_test,106.67216491699219,123.0,0.8591982126235962,0.0,5.199326992034912,16.327835083007812
32454,0,calendar_2014_test,125.02098083496094,138.0,0.7741280198097229,0.0,8.340677261352539,12.979019165039062
32455,0,calendar_2014_test,140.5101776123047,111.0,0.7894062399864197,0.0,7.776504993438721,29.510177612304688
32456,0,calendar_2014_test,105.91578674316406,110.0,0.8324366807937622,0.0,6.187540054321289,4.0842132568359375
32457,0,calendar_2014_test,110.78315734863281,108.0,0.7750144004821777,0.0,8.307947158813477,2.7831573486328125
32458,0,calendar_2014_test,110.11738586425781,106.0,0.8238697648048401,0.0,6.503885746002197,4.1173858642578125
32459,0,calendar_2014_test,107.2851333618164,108.0,0.8621786236763,0.0,5.08927059173584,0.7148666381835938
32460,0,calendar_2014_test,111.8372573852539,120.0,0.8676610589027405,0.0,4.886823654174805,8.162742614746094
32461,0,calendar_2014_test,128.30917358398438,154.0,0.8138955235481262,0.0,6.872200012207031,25.690826416015625
32462,0,calendar_2014_test,160.8826446533203,134.0,0.7933305501937866,0.0,7.631592750549316,26.882644653320312
32463,0,calendar_2014_test,131.24478149414062,133.0,0.8359059691429138,0.0,6.0594305992126465,1.755218505859375
32464,0,calendar_2014_test,135.29421997070312,124.0,0.8365439772605896,0.0,6.035870552062988,11.294219970703125
32465,0,calendar_2014_test,123.0349349975586,126.0,0.7751758694648743,0.0,8.301983833312988,2.9650650024414062
32466,0,calendar_2014_test,127.8155288696289,127.0,0.7765154838562012,0.0,8.252516746520996,0.8155288696289062
32467,0,calendar_2014_test,128.77113342285156,132.0,0.8265604376792908,0.0,6.404529094696045,3.2288665771484375
32468,0,calendar_2014_test,134.42860412597656,132.0,0.7836245894432068,0.0,7.990002632141113,2.4286041259765625
32469,0,calendar_2014_test,132.0773162841797,135.0,0.8244617581367493,0.0,6.482026100158691,2.9226837158203125
32470,0,calendar_2014_test,134.63754272460938,159.0,0.8270156383514404,0.0,6.387719631195068,24.362457275390625
32471,0,calendar_2014_test,164.622314453125,151.0,0.7310527563095093,0.0,9.931300163269043,13.622314453125
32472,0,calendar_2014_test,142.219970703125,148.0,0.7898437976837158,0.0,7.76034688949585,5.780029296875
32473,0,calendar_2014_test,127.33193969726562,140.0,0.8593868017196655,0.0,5.192362308502197,12.668060302734375
32474,0,calendar_2014_test,125.7361831665039,105.0,0.7918717861175537,0.0,7.685460090637207,20.736183166503906
32475,0,calendar_2014_test,79.9971923828125,85.0,0.8821079134941101,0.0,4.3533501625061035,5.0028076171875
32476,0,calendar_2014_test,69.90005493164062,84.0,0.889175534248352,0.0,4.0923686027526855,14.099945068359375
32477,0,calendar_2014_test,73.82872772216797,114.0,0.8942722678184509,0.0,3.904163360595703,40.17127227783203
32478,0,calendar_2014_test,105.3687515258789,112.0,0.8589282035827637,0.0,5.209297180175781,6.631248474121094
32479,0,calendar_2014_test,100.13385772705078,111.0,0.8549928069114685,0.0,5.354618072509766,10.866142272949219
32480,0,calendar_2014_test,99.74697875976562,36.0,0.8424050211906433,0.0,5.819442272186279,63.746978759765625
32481,0,calendar_2014_test,25.268531799316406,12.0,0.9129310250282288,0.0,3.215158224105835,13.268531799316406
32482,0,calendar_2014_test,16.091291427612305,12.0,0.9332302212715149,0.0,2.465578556060791,4.091291427612305
32483,0,calendar_2014_test,13.710641860961914,15.0,0.9086703658103943,0.0,3.3724899291992188,1.289358139038086
32484,0,calendar_2014_test,17.75945281982422,23.0,0.9235417246818542,0.0,2.823341131210327,5.240547180175781
32485,0,calendar_2014_test,26.12853240966797,24.0,0.9138303995132446,0.0,3.181947946548462,2.1285324096679688
32486,0,calendar_2014_test,30.350854873657227,16.0,0.9205678105354309,0.0,2.9331583976745605,14.350854873657227
32487,0,calendar_2014_test,25.063335418701172,63.0,0.9485306143760681,0.0,1.900588035583496,37.93666458129883
32488,0,calendar_2014_test,73.54447937011719,84.0,0.8788038492202759,0.0,4.475357532501221,10.455520629882812
32489,0,calendar_2014_test,94.20077514648438,93.0,0.8633160591125488,0.0,5.047268867492676,1.200775146484375
32490,0,calendar_2014_test,100.94844055175781,109.0,0.8405168056488037,0.0,5.889166355133057,8.051559448242188
32491,0,calendar_2014_test,112.63459777832031,128.0,0.8198951482772827,0.0,6.650653839111328,15.365402221679688
32492,0,calendar_2014_test,135.11996459960938,125.0,0.7996762990951538,0.0,7.397268295288086,10.119964599609375
32493,0,calendar_2014_test,128.66580200195312,125.0,0.8360577821731567,0.0,6.053824424743652,3.665802001953125
32494,0,calendar_2014_test,128.86329650878906,126.0,0.8034398555755615,0.0,7.2582926750183105,2.8632965087890625
32495,0,calendar_2014_test,132.42242431640625,136.0,0.8145642280578613,0.0,6.847507953643799,3.57757568359375
32496,0,calendar_2014_test,137.40394592285156,147.0,0.8239905834197998,0.0,6.499423503875732,9.596054077148438
32497,0,calendar_2014_test,146.3026580810547,95.0,0.7027847766876221,0.0,10.975139617919922,51.30265808105469
32498,0,calendar_2014_test,83.47006225585938,72.0,0.8849023580551147,0.0,4.250162124633789,11.470062255859375
32499,0,calendar_2014_test,68.0180435180664,64.0,0.8813523054122925,0.0,4.381251335144043,4.018043518066406
32500,0,calendar_2014_test,61.988197326660156,61.0,0.8848586678504944,0.0,4.251774787902832,0.9881973266601562
32501,0,calendar_2014_test,57.73084259033203,58.0,0.8998129367828369,0.0,3.6995651721954346,0.26915740966796875
32502,0,calendar_2014_test,58.53731155395508,65.0,0.8770811557769775,0.0,4.5389723777771,6.462688446044922
32503,0,calendar_2014_test,67.85948181152344,62.0,0.8688084483146667,0.0,4.844454765319824,5.8594818115234375
32504,0,calendar_2014_test,62.31222152709961,79.0,0.9075319170951843,0.0,3.4145286083221436,16.68777847290039
32505,0,calendar_2014_test,86.0601577758789,74.0,0.860468864440918,0.0,5.152407646179199,12.060157775878906
32506,0,calendar_2014_test,75.53089141845703,67.0,0.8651283383369446,0.0,4.980348587036133,8.530891418457031
32507,0,calendar_2014_test,70.286865234375,80.0,0.892305314540863,0.0,3.976794719696045,9.713134765625
32508,0,calendar_2014_test,84.74769592285156,68.0,0.8646668195724487,0.0,4.997391223907471,16.747695922851562
32509,0,calendar_2014_test,67.4397964477539,63.0,0.8879342675209045,0.0,4.1382036209106445,4.439796447753906
32510,0,calendar_2014_test,65.46223449707031,55.0,0.9004966616630554,0.0,3.6743171215057373,10.462234497070312
32511,0,calendar_2014_test,57.3580207824707,70.0,0.8963244557380676,0.0,3.8283820152282715,12.641979217529297
32512,0,calendar_2014_test,74.4747543334961,84.0,0.8782129883766174,0.0,4.497176647186279,9.525245666503906
32513,0,calendar_2014_test,88.6131820678711,65.0,0.8513797521591187,0.0,5.488035678863525,23.613182067871094
32514,0,calendar_2014_test,64.3691635131836,65.0,0.8936423063278198,0.0,3.9274237155914307,0.6308364868164062
32515,0,calendar_2014_test,69.05724334716797,70.0,0.8779428601264954,0.0,4.507152557373047,0.9427566528320312
32516,0,calendar_2014_test,73.5160140991211,70.0,0.8927687406539917,0.0,3.959681749343872,3.5160140991210938
32517,0,calendar_2014_test,70.62944030761719,75.0,0.872649073600769,0.0,4.702632427215576,4.3705596923828125
32518,0,calendar_2014_test,78.28028869628906,90.0,0.8793328404426575,0.0,4.455824375152588,11.719711303710938
32519,0,calendar_2014_test,89.2092056274414,91.0,0.8674672245979309,0.0,4.893980979919434,1.7907943725585938
32520,0,calendar_2014_test,90.45707702636719,87.0,0.8574095964431763,0.0,5.26537561416626,3.4570770263671875
32521,0,calendar_2014_test,87.8721923828125,80.0,0.8688814043998718,0.0,4.841760635375977,7.8721923828125
32522,0,calendar_2014_test,80.03553771972656,83.0,0.8652948141098022,0.0,4.974200248718262,2.9644622802734375
32523,0,calendar_2014_test,84.15831756591797,79.0,0.9046515226364136,0.0,3.5208914279937744,5.158317565917969
32524,0,calendar_2014_test,76.82133483886719,69.0,0.8879379630088806,0.0,4.13806676864624,7.8213348388671875
32525,0,calendar_2014_test,69.4653091430664,70.0,0.8855421543121338,0.0,4.226534843444824,0.5346908569335938
32526,0,calendar_2014_test,72.78833770751953,72.0,0.8878600597381592,0.0,4.14094352722168,0.7883377075195312
32527,0,calendar_2014_test,73.57630157470703,74.0,0.8463119268417358,0.0,5.675174236297607,0.42369842529296875
32528,0,calendar_2014_test,69.85597229003906,71.0,0.8907831907272339,0.0,4.0330023765563965,1.1440277099609375
32529,0,calendar_2014_test,70.73892974853516,48.0,0.8575928211212158,0.0,5.258609294891357,22.738929748535156
32530,0,calendar_2014_test,47.958683013916016,43.0,0.910514235496521,0.0,3.304403305053711,4.958683013916016
32531,0,calendar_2014_test,46.40243148803711,45.0,0.9026257991790771,0.0,3.595695734024048,1.4024314880371094
32532,0,calendar_2014_test,49.6036262512207,47.0,0.918353259563446,0.0,3.014934778213501,2.603626251220703
32533,0,calendar_2014_test,50.96708679199219,56.0,0.8983719348907471,0.0,3.7527754306793213,5.0329132080078125
32534,0,calendar_2014_test,59.60594940185547,59.0,0.8764896988868713,0.0,4.5608110427856445,0.6059494018554688
32535,0,calendar_2014_test,61.27781677246094,59.0,0.8929022550582886,0.0,3.954751491546631,2.2778167724609375
32536,0,calendar_2014_test,60.45530700683594,55.0,0.8889621496200562,0.0,4.100246429443359,5.4553070068359375
32537,0,calendar_2014_test,58.78077697753906,50.0,0.9098458886146545,0.0,3.3290817737579346,8.780776977539062
32538,0,calendar_2014_test,52.54329299926758,46.0,0.9078941345214844,0.0,3.4011542797088623,6.543292999267578
32539,0,calendar_2014_test,50.9632568359375,40.0,0.8871100544929504,0.0,4.168637752532959,10.9632568359375
32540,0,calendar_2014_test,42.82169723510742,46.0,0.895469069480896,0.0,3.859968662261963,3.178302764892578
32541,0,calendar_2014_test,49.99580001831055,47.0,0.8990288972854614,0.0,3.728515386581421,2.995800018310547
32542,0,calendar_2014_test,52.19125747680664,50.0,0.8963188529014587,0.0,3.828589677810669,2.1912574768066406
32543,0,calendar_2014_test,54.91916275024414,46.0,0.8980648517608643,0.0,3.7641165256500244,8.91916275024414
32544,0,calendar_2014_test,48.30091857910156,47.0,0.9037625789642334,0.0,3.5537171363830566,1.3009185791015625
32545,0,calendar_2014_test,51.502559661865234,55.0,0.9077209830284119,0.0,3.4075467586517334,3.4974403381347656
32546,0,calendar_2014_test,58.97311019897461,51.0,0.8811626434326172,0.0,4.388256549835205,7.973110198974609
32547,0,calendar_2014_test,53.75151824951172,63.0,0.8750156760215759,0.0,4.6152424812316895,9.248481750488281
32548,0,calendar_2014_test,65.40751647949219,62.0,0.9003182053565979,0.0,3.680907726287842,3.4075164794921875
32549,0,calendar_2014_test,67.7430419921875,64.0,0.8850017786026001,0.0,4.246490478515625,3.7430419921875
32550,0,calendar_2014_test,67.93209075927734,63.0,0.8446519374847412,0.0,5.7364726066589355,4.932090759277344
32551,0,calendar_2014_test,66.00708770751953,63.0,0.895950973033905,0.0,3.8421738147735596,3.0070877075195312
32552,0,calendar_2014_test,66.14195251464844,59.0,0.8798083066940308,0.0,4.438267230987549,7.1419525146484375
32553,0,calendar_2014_test,59.355716705322266,70.0,0.9075542688369751,0.0,3.4137046337127686,10.644283294677734
32554,0,calendar_2014_test,78.82279205322266,71.0,0.8675629496574402,0.0,4.890446186065674,7.822792053222656
32555,0,calendar_2014_test,70.21560668945312,69.0,0.8994840979576111,0.0,3.7117080688476562,1.215606689453125
32556,0,calendar_2014_test,69.3484878540039,65.0,0.8583918809890747,0.0,5.229101181030273,4.348487854003906
32557,0,calendar_2014_test,63.27493667602539,54.0,0.9130523800849915,0.0,3.2106781005859375,9.27493667602539
32558,0,calendar_2014_test,54.45491409301758,40.0,0.8871636390686035,0.0,4.166658878326416,14.454914093017578
32559,0,calendar_2014_test,42.53186798095703,42.0,0.8966760039329529,0.0,3.815401077270508,0.5318679809570312
32560,0,calendar_2014_test,45.832149505615234,42.0,0.9086407423019409,0.0,3.3735837936401367,3.8321495056152344
32561,0,calendar_2014_test,44.08345413208008,48.0,0.9270732402801514,0.0,2.692934274673462,3.916545867919922
32562,0,calendar_2014_test,50.68608474731445,51.0,0.9024689793586731,0.0,3.601486921310425,0.3139152526855469
32563,0,calendar_2014_test,48.899723052978516,57.0,0.903666079044342,0.0,3.5572807788848877,8.100276947021484
32564,0,calendar_2014_test,56.74708938598633,49.0,0.9170262217521667,0.0,3.0639376640319824,7.747089385986328
32565,0,calendar_2014_test,49.905216217041016,46.0,0.899043083190918,0.0,3.7279932498931885,3.9052162170410156
32566,0,calendar_2014_test,47.725887298583984,40.0,0.8911092877388,0.0,4.020960330963135,7.725887298583984
32567,0,calendar_2014_test,40.29597854614258,39.0,0.9056965708732605,0.0,3.482302188873291,1.2959785461425781
32568,0,calendar_2014_test,39.32374954223633,33.0,0.9185592532157898,0.0,3.00732684135437,6.323749542236328
32569,0,calendar_2014_test,33.19758224487305,26.0,0.8964880704879761,0.0,3.8223395347595215,7.197582244873047
32570,0,calendar_2014_test,26.950101852416992,34.0,0.919056236743927,0.0,2.9889748096466064,7.049898147583008
32571,0,calendar_2014_test,36.18752670288086,22.0,0.9258344173431396,0.0,2.738680601119995,14.18752670288086
32572,0,calendar_2014_test,23.67418670654297,22.0,0.930376410484314,0.0,2.5709598064422607,1.6741867065429688
32573,0,calendar_2014_test,22.33583641052246,21.0,0.9277396202087402,0.0,2.6683285236358643,1.335836410522461
32574,0,calendar_2014_test,24.076332092285156,16.0,0.9225210547447205,0.0,2.861032485961914,8.076332092285156
32575,0,calendar_2014_test,18.210243225097656,17.0,0.9461373686790466,0.0,1.9889625310897827,1.2102432250976562
32576,0,calendar_2014_test,19.070636749267578,8.0,0.9356515407562256,0.0,2.3761684894561768,11.070636749267578
32577,0,calendar_2014_test,14.118407249450684,17.0,0.9453332424163818,0.0,2.0186562538146973,2.8815927505493164
32578,0,calendar_2014_test,19.524967193603516,15.0,0.926906168460846,0.0,2.6991055011749268,4.524967193603516
32579,0,calendar_2014_test,22.53341293334961,20.0,0.9204533100128174,0.0,2.9373860359191895,2.5334129333496094
32580,0,calendar_2014_test,28.422639846801758,22.0,0.9253756999969482,0.0,2.755620002746582,6.422639846801758
32581,0,calendar_2014_test,29.032054901123047,30.0,0.929331362247467,0.0,2.6095499992370605,0.9679450988769531
32582,0,calendar_2014_test,37.55137252807617,28.0,0.9102851152420044,0.0,3.312864065170288,9.551372528076172
32583,0,calendar_2014_test,34.743587493896484,35.0,0.9151824712753296,0.0,3.132020950317383,0.2564125061035156
32584,0,calendar_2014_test,43.359046936035156,40.0,0.8983386754989624,0.0,3.754004716873169,3.3590469360351562
32585,0,calendar_2014_test,48.816383361816406,46.0,0.8788532018661499,0.0,4.473535060882568,2.8163833618164062
32586,0,calendar_2014_test,53.50584411621094,45.0,0.9120349884033203,0.0,3.248246908187866,8.505844116210938
32587,0,calendar_2014_test,50.82671356201172,47.0,0.9147734045982361,0.0,3.147125244140625,3.8267135620117188
32588,0,calendar_2014_test,51.27483367919922,47.0,0.9077187180519104,0.0,3.4076316356658936,4.274833679199219
32589,0,calendar_2014_test,48.99280548095703,57.0,0.898521363735199,0.0,3.7472572326660156,8.007194519042969
32590,0,calendar_2014_test,60.486515045166016,65.0,0.8567216992378235,0.0,5.29077672958374,4.513484954833984
32591,0,calendar_2014_test,65.81425476074219,72.0,0.8699231743812561,0.0,4.803290843963623,6.1857452392578125
32592,0,calendar_2014_test,74.07918548583984,75.0,0.8576570153236389,0.0,5.25623893737793,0.9208145141601562
32593,0,calendar_2014_test,78.15984344482422,82.0,0.8766747117042542,0.0,4.553979396820068,3.8401565551757812
32594,0,calendar_2014_test,83.92929077148438,53.0,0.841666042804718,0.0,5.8467302322387695,30.929290771484375
32595,0,calendar_2014_test,41.20061492919922,21.0,0.9077659249305725,0.0,3.4058890342712402,20.20061492919922
32596,0,calendar_2014_test,19.864757537841797,23.0,0.9426384568214417,0.0,2.1181654930114746,3.135242462158203
32597,0,calendar_2014_test,25.2557373046875,23.0,0.9104244709014893,0.0,3.30771803855896,2.2557373046875
32598,0,calendar_2014_test,25.555601119995117,23.0,0.9149927496910095,0.0,3.139025926589966,2.555601119995117
32599,0,calendar_2014_test,26.155275344848633,23.0,0.9239356517791748,0.0,2.8087944984436035,3.155275344848633
32600,0,calendar_2014_test,27.535104751586914,30.0,0.9140992760658264,0.0,3.1720190048217773,2.464895248413086
32601,0,calendar_2014_test,33.912559509277344,29.0,0.9287651777267456,0.0,2.6304574012756348,4.912559509277344
32602,0,calendar_2014_test,33.73780059814453,40.0,0.9207440614700317,0.0,2.9266490936279297,6.262199401855469
32603,0,calendar_2014_test,44.61509323120117,52.0,0.9026656746864319,0.0,3.5942225456237793,7.384906768798828
32604,0,calendar_2014_test,56.71388244628906,64.0,0.9071829319000244,0.0,3.427415609359741,7.2861175537109375
32605,0,calendar_2014_test,68.77989196777344,65.0,0.8865198493003845,0.0,4.190432071685791,3.7798919677734375
32606,0,calendar_2014_test,66.05792999267578,58.0,0.8752351403236389,0.0,4.607138633728027,8.057929992675781
32607,0,calendar_2014_test,57.052635192871094,54.0,0.8928218483924866,0.0,3.9577219486236572,3.0526351928710938
32608,0,calendar_2014_test,52.30392837524414,42.0,0.907397985458374,0.0,3.41947603225708,10.30392837524414
32609,0,calendar_2014_test,44.88393020629883,43.0,0.9167836308479309,0.0,3.0728957653045654,1.8839302062988281
32610,0,calendar_2014_test,48.91497802734375,40.0,0.9149496555328369,0.0,3.1406171321868896,8.91497802734375
32611,0,calendar_2014_test,42.37359619140625,50.0,0.9051818251609802,0.0,3.501309871673584,7.62640380859375
32612,0,calendar_2014_test,54.774169921875,47.0,0.9121360778808594,0.0,3.2445125579833984,7.774169921875
32613,0,calendar_2014_test,51.513206481933594,57.0,0.8683875799179077,0.0,4.859996318817139,5.486793518066406
32614,0,calendar_2014_test,63.851314544677734,80.0,0.8827810287475586,0.0,4.328494071960449,16.148685455322266
32615,0,calendar_2014_test,83.71988677978516,108.0,0.8490286469459534,0.0,5.574854850769043,24.280113220214844
32616,0,calendar_2014_test,105.0187759399414,106.0,0.8649221062660217,0.0,4.98796272277832,0.9812240600585938
32617,0,calendar_2014_test,107.5382080078125,98.0,0.839553952217102,0.0,5.9247212409973145,9.5382080078125
32618,0,calendar_2014_test,96.48404693603516,112.0,0.8290461301803589,0.0,6.312739849090576,15.515953063964844
32619,0,calendar_2014_test,113.12492370605469,104.0,0.8036648631095886,0.0,7.249983787536621,9.124923706054688
32620,0,calendar_2014_test,104.05357360839844,86.0,0.8395110368728638,0.0,5.92630672454834,18.053573608398438
32621,0,calendar_2014_test,77.05018615722656,82.0,0.8498432040214539,0.0,5.544775485992432,4.9498138427734375
32622,0,calendar_2014_test,72.6942138671875,52.0,0.8718012571334839,0.0,4.733940601348877,20.6942138671875
32623,0,calendar_2014_test,38.07320022583008,42.0,0.9113763570785522,0.0,3.272566318511963,3.926799774169922
32624,0,calendar_2014_test,35.91811752319336,45.0,0.921828031539917,0.0,2.8866238594055176,9.08188247680664
32625,0,calendar_2014_test,40.89969253540039,34.0,0.9084712862968445,0.0,3.3798418045043945,6.899692535400391
32626,0,calendar_2014_test,28.489206314086914,30.0,0.9446043372154236,0.0,2.0455708503723145,1.510793685913086
32627,0,calendar_2014_test,27.032543182373047,30.0,0.9225118160247803,0.0,2.8613734245300293,2.967456817626953
32628,0,calendar_2014_test,26.719879150390625,40.0,0.913429319858551,0.0,3.19675874710083,13.280120849609375
32629,0,calendar_2014_test,34.935218811035156,36.0,0.9021095037460327,0.0,3.6147594451904297,1.0647811889648438
32630,0,calendar_2014_test,31.019554138183594,29.0,0.8894903659820557,0.0,4.080742359161377,2.0195541381835938
32631,0,calendar_2014_test,24.702556610107422,25.0,0.9324631094932556,0.0,2.4939050674438477,0.2974433898925781
32632,0,calendar_2014_test,23.93357276916504,32.0,0.9393354058265686,0.0,2.240135431289673,8.066427230834961
32633,0,calendar_2014_test,29.19580841064453,38.0,0.9093278050422668,0.0,3.3482131958007812,8.804191589355469
32634,0,calendar_2014_test,34.2941780090332,34.0,0.8880537748336792,0.0,4.133791446685791,0.2941780090332031
32635,0,calendar_2014_test,30.02699851989746,32.0,0.9053062200546265,0.0,3.496715545654297,1.973001480102539
32636,0,calendar_2014_test,29.922100067138672,34.0,0.9111103415489197,0.0,3.2823896408081055,4.077899932861328
32637,0,calendar_2014_test,30.087675094604492,29.0,0.8966262936592102,0.0,3.8172366619110107,1.0876750946044922
32638,0,calendar_2014_test,27.510772705078125,26.0,0.911828875541687,0.0,3.255857229232788,1.510772705078125
32639,0,calendar_2014_test,22.20844268798828,23.0,0.9316641092300415,0.0,2.5234105587005615,0.7915573120117188
32640,0,calendar_2014_test,21.706003189086914,22.0,0.9279742240905762,0.0,2.6596648693084717,0.29399681091308594
32641,0,calendar_2014_test,20.124977111816406,17.0,0.9194163084030151,0.0,2.975679636001587,3.1249771118164062
32642,0,calendar_2014_test,16.856645584106445,11.0,0.9256923794746399,0.0,2.7439258098602295,5.856645584106445
32643,0,calendar_2014_test,13.317272186279297,20.0,0.9410045742988586,0.0,2.1784982681274414,6.682727813720703
32644,0,calendar_2014_test,18.907146453857422,14.0,0.9336389303207397,0.0,2.450485944747925,4.907146453857422
32645,0,calendar_2014_test,15.869681358337402,16.0,0.9537986516952515,0.0,1.7060580253601074,0.13031864166259766
32646,0,calendar_2014_test,17.47639274597168,14.0,0.9213960766792297,0.0,2.902573585510254,3.4763927459716797
32647,0,calendar_2014_test,16.138996124267578,14.0,0.9441519379615784,0.0,2.0622775554656982,2.138996124267578
32648,0,calendar_2014_test,17.231809616088867,18.0,0.9344215393066406,0.0,2.421586751937866,0.7681903839111328
32649,0,calendar_2014_test,21.220245361328125,12.0,0.9328309297561646,0.0,2.48032283782959,9.220245361328125
32650,0,calendar_2014_test,19.991853713989258,19.0,0.9296160340309143,0.0,2.599039077758789,0.9918537139892578
32651,0,calendar_2014_test,24.659725189208984,19.0,0.9187170267105103,0.0,3.0015017986297607,5.659725189208984
32652,0,calendar_2014_test,27.931068420410156,25.0,0.9215639233589172,0.0,2.8963756561279297,2.9310684204101562
32653,0,calendar_2014_test,25.756071090698242,30.0,0.9271405935287476,0.0,2.690448522567749,4.243928909301758
32654,0,calendar_2014_test,33.979827880859375,25.0,0.8794410228729248,0.0,4.451829433441162,8.979827880859375
32655,0,calendar_2014_test,31.422313690185547,27.0,0.9176524877548218,0.0,3.0408120155334473,4.422313690185547
32656,0,calendar_2014_test,34.191162109375,30.0,0.9051234722137451,0.0,3.5034656524658203,4.191162109375
32657,0,calendar_2014_test,37.64764404296875,76.0,0.9151598811149597,0.0,3.1328537464141846,38.35235595703125
32658,0,calendar_2014_test,82.47941589355469,68.0,0.8614125847816467,0.0,5.117557525634766,14.479415893554688
32659,0,calendar_2014_test,71.53089141845703,77.0,0.8925698399543762,0.0,3.967026948928833,5.469108581542969
32660,0,calendar_2014_test,82.38033294677734,68.0,0.8347508311271667,0.0,6.102084636688232,14.380332946777344
32661,0,calendar_2014_test,67.80284118652344,59.0,0.8617863655090332,0.0,5.103754997253418,8.802841186523438
32662,0,calendar_2014_test,58.76350784301758,45.0,0.8863886594772339,0.0,4.195278167724609,13.763507843017578
32663,0,calendar_2014_test,40.30344772338867,37.0,0.9301806092262268,0.0,2.5781915187835693,3.303447723388672
32664,0,calendar_2014_test,33.7155876159668,89.0,0.9171686768531799,0.0,3.0586769580841064,55.2844123840332
32665,0,calendar_2014_test,88.77269744873047,52.0,0.8704322576522827,0.0,4.784492015838623,36.77269744873047
32666,0,calendar_2014_test,46.94444274902344,40.0,0.9016667604446411,0.0,3.631108522415161,6.9444427490234375
32667,0,calendar_2014_test,33.07844924926758,45.0,0.9093338251113892,0.0,3.3479909896850586,11.921550750732422
32668,0,calendar_2014_test,46.206050872802734,69.0,0.9146941900253296,0.0,3.1500515937805176,22.793949127197266
32669,0,calendar_2014_test,72.55300903320312,80.0,0.8760756254196167,0.0,4.576101303100586,7.446990966796875
32670,0,calendar_2014_test,81.21987915039062,96.0,0.8810727596282959,0.0,4.391575813293457,14.780120849609375
32671,0,calendar_2014_test,94.58116912841797,107.0,0.8414556980133057,0.0,5.854496479034424,12.418830871582031
32672,0,calendar_2014_test,106.91513061523438,111.0,0.872485876083374,0.0,4.70866060256958,4.084869384765625
32673,0,calendar_2014_test,110.72025299072266,121.0,0.8376560211181641,0.0,5.994807720184326,10.279747009277344
32674,0,calendar_2014_test,119.32345581054688,109.0,0.7801834940910339,0.0,8.117070198059082,10.323455810546875
32675,0,calendar_2014_test,100.51335906982422,94.0,0.842076301574707,0.0,5.831581115722656,6.513359069824219
32676,0,calendar_2014_test,87.51274871826172,95.0,0.8922149538993835,0.0,3.9801313877105713,7.487251281738281
32677,0,calendar_2014_test,93.6693344116211,105.0,0.8804141283035278,0.0,4.415896892547607,11.330665588378906
32678,0,calendar_2014_test,106.3995132446289,94.0,0.8442414999008179,0.0,5.751626968383789,12.399513244628906
32679,0,calendar_2014_test,89.6998519897461,121.0,0.8332484364509583,0.0,6.15756368637085,31.300148010253906
32680,0,calendar_2014_test,122.25607299804688,203.0,0.8446195721626282,0.0,5.737667083740234,80.74392700195312
32681,0,calendar_2014_test,197.73731994628906,84.0,0.7098549604415894,0.0,10.714062690734863,113.73731994628906
32682,0,calendar_2014_test,62.99742126464844,96.0,0.8642388582229614,0.0,5.013193607330322,33.00257873535156
32683,0,calendar_2014_test,99.94058990478516,83.0,0.8594939708709717,0.0,5.188406467437744,16.940589904785156
32684,0,calendar_2014_test,84.66471099853516,85.0,0.8446168899536133,0.0,5.737765789031982,0.33528900146484375
32685,0,calendar_2014_test,86.0649185180664,93.0,0.8570650815963745,0.0,5.278095722198486,6.935081481933594
32686,0,calendar_2014_test,94.59697723388672,89.0,0.8200068473815918,0.0,6.6465301513671875,5.596977233886719
32687,0,calendar_2014_test,74.29562377929688,75.0,0.867191731929779,0.0,4.904153823852539,0.704376220703125
32688,0,calendar_2014_test,64.90533447265625,57.0,0.8848124742507935,0.0,4.253480911254883,7.90533447265625
32689,0,calendar_2014_test,51.18727111816406,271.0,0.896634578704834,0.0,3.8169307708740234,219.81272888183594
32690,0,calendar_2014_test,229.67213439941406,50.0,0.6499075889587402,0.0,12.927712440490723,179.67213439941406
32691,0,calendar_2014_test,23.521398544311523,74.0,0.8966630101203918,0.0,3.815880060195923,50.47860145568848
32692,0,calendar_2014_test,76.92306518554688,56.0,0.8647189140319824,0.0,4.995466232299805,20.923065185546875
32693,0,calendar_2014_test,49.29359436035156,48.0,0.9163923859596252,0.0,3.087341547012329,1.2935943603515625
32694,0,calendar_2014_test,45.33406448364258,60.0,0.9286345839500427,0.0,2.635279893875122,14.665935516357422
32695,0,calendar_2014_test,56.59233856201172,49.0,0.8506420850753784,0.0,5.515275478363037,7.592338562011719
32696,0,calendar_2014_test,50.943702697753906,45.0,0.9155408143997192,0.0,3.118788957595825,5.943702697753906
32697,0,calendar_2014_test,47.12028503417969,42.0,0.925236165523529,0.0,2.7607717514038086,5.1202850341796875
32698,0,calendar_2014_test,42.73509979248047,38.0,0.9297023415565491,0.0,2.5958518981933594,4.735099792480469
32699,0,calendar_2014_test,41.194461822509766,43.0,0.9185749292373657,0.0,3.0067477226257324,1.8055381774902344
32700,0,calendar_2014_test,49.722923278808594,47.0,0.8767252564430237,0.0,4.552114009857178,2.7229232788085938
32701,0,calendar_2014_test,49.28567123413086,63.0,0.8794706463813782,0.0,4.450735092163086,13.71432876586914
32702,0,calendar_2014_test,65.26420593261719,71.0,0.8863450884819031,0.0,4.19688606262207,5.7357940673828125
32703,0,calendar_2014_test,74.21925354003906,105.0,0.8868811726570129,0.0,4.177090644836426,30.780746459960938
32704,0,calendar_2014_test,116.05036163330078,74.0,0.8265384435653687,0.0,6.40533971786499,42.05036163330078
32705,0,calendar_2014_test,69.99818420410156,71.0,0.8981965780258179,0.0,3.759251832962036,1.0018157958984375
32706,0,calendar_2014_test,70.94493865966797,80.0,0.8615503311157227,0.0,5.112471580505371,9.055061340332031
32707,0,calendar_2014_test,85.13200378417969,79.0,0.8654392957687378,0.0,4.968865394592285,6.1320037841796875
32708,0,calendar_2014_test,81.34341430664062,76.0,0.882635772228241,0.0,4.333858489990234,5.343414306640625
32709,0,calendar_2014_test,78.74588775634766,69.0,0.8756373524665833,0.0,4.592286109924316,9.745887756347656
32710,0,calendar_2014_test,69.30098724365234,68.0,0.8899856805801392,0.0,4.062450885772705,1.3009872436523438
32711,0,calendar_2014_test,67.99859619140625,94.0,0.891694962978363,0.0,3.9993345737457275,26.00140380859375
32712,0,calendar_2014_test,88.11656188964844,96.0,0.8374911546707153,0.0,6.0008931159973145,7.8834381103515625
32713,0,calendar_2014_test,87.04867553710938,98.0,0.8718239068984985,0.0,4.733103275299072,10.951324462890625
32714,0,calendar_2014_test,98.13624572753906,98.0,0.8553981781005859,0.0,5.339648246765137,0.1362457275390625
32715,0,calendar_2014_test,96.68541717529297,109.0,0.8502711057662964,0.0,5.528975009918213,12.314582824707031
32716,0,calendar_2014_test,106.08555603027344,95.0,0.837472140789032,0.0,6.001596450805664,11.085556030273438
32717,0,calendar_2014_test,87.68608093261719,87.0,0.8556450605392456,0.0,5.330531597137451,0.6860809326171875
32718,0,calendar_2014_test,84.03781127929688,90.0,0.8603129982948303,0.0,5.158162593841553,5.962188720703125
32719,0,calendar_2014_test,90.1207275390625,69.0,0.8484269380569458,0.0,5.597072124481201,21.1207275390625
32720,0,calendar_2014_test,66.07763671875,54.0,0.901588499546051,0.0,3.634000062942505,12.07763671875
32721,0,calendar_2014_test,52.941993713378906,52.0,0.8967689871788025,0.0,3.811967372894287,0.9419937133789062
32722,0,calendar_2014_test,53.25612258911133,48.0,0.9010460376739502,0.0,3.654031276702881,5.256122589111328
32723,0,calendar_2014_test,49.89287567138672,40.0,0.9015026092529297,0.0,3.6371710300445557,9.892875671386719
32724,0,calendar_2014_test,43.0384521484375,41.0,0.9144483804702759,0.0,3.159128189086914,2.0384521484375
32725,0,calendar_2014_test,45.48949432373047,21.0,0.9079526662826538,0.0,3.3989923000335693,24.48949432373047
32726,0,calendar_2014_test,27.25409698486328,28.0,0.9211050868034363,0.0,2.913317918777466,0.7459030151367188
32727,0,calendar_2014_test,31.186689376831055,28.0,0.8893950581550598,0.0,4.084261894226074,3.1866893768310547
32728,0,calendar_2014_test,30.622257232666016,34.0,0.9066230058670044,0.0,3.4480929374694824,3.3777427673339844
32729,0,calendar_2014_test,37.79433059692383,58.0,0.9103548526763916,0.0,3.3102869987487793,20.205669403076172
32730,0,calendar_2014_test,61.75728225708008,64.0,0.8815349340438843,0.0,4.374507427215576,2.242717742919922
32731,0,calendar_2014_test,70.850830078125,68.0,0.8953719139099121,0.0,3.863555908203125,2.850830078125
32732,0,calendar_2014_test,76.11516571044922,70.0,0.8917906284332275,0.0,3.9958019256591797,6.115165710449219
32733,0,calendar_2014_test,75.7926025390625,68.0,0.8633952140808105,0.0,5.044347286224365,7.7926025390625
32734,0,calendar_2014_test,73.19577026367188,77.0,0.8810473680496216,0.0,4.392512798309326,3.804229736328125
32735,0,calendar_2014_test,81.9703369140625,84.0,0.9002902507781982,0.0,3.6819379329681396,2.0296630859375
32736,0,calendar_2014_test,88.36188507080078,89.0,0.8577181696891785,0.0,5.25398063659668,0.6381149291992188
32737,0,calendar_2014_test,89.40662384033203,103.0,0.812500536441803,0.0,6.923712253570557,13.593376159667969
32738,0,calendar_2014_test,105.92256927490234,99.0,0.842201292514801,0.0,5.826964378356934,6.922569274902344
32739,0,calendar_2014_test,98.25853729248047,100.0,0.8673599362373352,0.0,4.897942066192627,1.7414627075195312
32740,0,calendar_2014_test,100.47926330566406,132.0,0.8330247402191162,0.0,6.165822982788086,31.520736694335938
32741,0,calendar_2014_test,136.16177368164062,198.0,0.801352322101593,0.0,7.3353776931762695,61.838226318359375
32742,0,calendar_2014_test,194.90049743652344,119.0,0.6208111047744751,0.0,14.00214672088623,75.90049743652344
32743,0,calendar_2014_test,99.46460723876953,137.0,0.8381538987159729,0.0,5.976421356201172,37.53539276123047
32744,0,calendar_2014_test,138.24884033203125,77.0,0.785261869430542,0.0,7.929542064666748,61.24884033203125
32745,0,calendar_2014_test,66.40135955810547,93.0,0.8682631254196167,0.0,4.864590167999268,26.59864044189453
32746,0,calendar_2014_test,98.19495391845703,124.0,0.8457406163215637,0.0,5.69627046585083,25.80504608154297
32747,0,calendar_2014_test,128.8571014404297,146.0,0.7962545156478882,0.0,7.523622035980225,17.142898559570312
32748,0,calendar_2014_test,144.49945068359375,143.0,0.7863841652870178,0.0,7.888100624084473,1.49945068359375
32749,0,calendar_2014_test,139.48861694335938,115.0,0.8336470127105713,0.0,6.142845153808594,24.488616943359375
32750,0,calendar_2014_test,106.18181610107422,107.0,0.8644572496414185,0.0,5.005128860473633,0.8181838989257812
32751,0,calendar_2014_test,107.65664672851562,99.0,0.8244213461875916,0.0,6.483517646789551,8.656646728515625
32752,0,calendar_2014_test,98.01696014404297,100.0,0.8396180868148804,0.0,5.922353744506836,1.9830398559570312
32753,0,calendar_2014_test,102.7220230102539,103.0,0.8743842840194702,0.0,4.638556957244873,0.27797698974609375
32754,0,calendar_2014_test,104.5433120727539,75.0,0.8489545583724976,0.0,5.577589511871338,29.543312072753906
32755,0,calendar_2014_test,64.62564086914062,61.0,0.8921804428100586,0.0,3.981407403945923,3.625640869140625
32756,0,calendar_2014_test,56.4050407409668,83.0,0.9084758162498474,0.0,3.3796749114990234,26.594959259033203
32757,0,calendar_2014_test,93.47855377197266,90.0,0.8460605144500732,0.0,5.6844563484191895,3.4785537719726562
32758,0,calendar_2014_test,95.5061264038086,70.0,0.857175350189209,0.0,5.274025917053223,25.506126403808594
32759,0,calendar_2014_test,68.91407012939453,75.0,0.87546306848526,0.0,4.598721027374268,6.085929870605469
32760,0,calendar_2014_test,78.72075653076172,83.0,0.8728407621383667,0.0,4.695553302764893,4.279243469238281
32761,0,calendar_2014_test,88.3403549194336,79.0,0.8608571290969849,0.0,5.1380696296691895,9.340354919433594
32762,0,calendar_2014_test,84.15858459472656,95.0,0.8360385894775391,0.0,6.0545334815979,10.841415405273438
32763,0,calendar_2014_test,101.59923553466797,134.0,0.861266016960144,0.0,5.122970104217529,32.40076446533203
32764,0,calendar_2014_test,143.5625457763672,161.0,0.7345939874649048,0.0,9.800533294677734,17.437454223632812
32765,0,calendar_2014_test,165.23040771484375,151.0,0.7293990850448608,0.0,9.992364883422852,14.23040771484375
32766,0,calendar_2014_test,147.34950256347656,147.0,0.7871872782707214,0.0,7.858443737030029,0.3495025634765625
32767,0,calendar_2014_test,145.70213317871094,143.0,0.7723917961120605,0.0,8.404791831970215,2.7021331787109375
32768,0,calendar_2014_test,141.2613983154297,132.0,0.8399974703788757,0.0,5.9083452224731445,9.261398315429688
32769,0,calendar_2014_test,126.97071075439453,119.0,0.8041418194770813,0.0,7.232370376586914,7.970710754394531
32770,0,calendar_2014_test,114.95655059814453,102.0,0.8371103405952454,0.0,6.014956474304199,12.956550598144531
32771,0,calendar_2014_test,100.3017349243164,97.0,0.884796679019928,0.0,4.254063606262207,3.3017349243164062
32772,0,calendar_2014_test,99.0613021850586,104.0,0.8307943344116211,0.0,6.248185157775879,4.938697814941406
32773,0,calendar_2014_test,110.867919921875,123.0,0.8333258628845215,0.0,6.15470552444458,12.132080078125
32774,0,calendar_2014_test,131.92027282714844,141.0,0.8110525012016296,0.0,6.977182388305664,9.079727172851562
32775,0,calendar_2014_test,147.81918334960938,167.0,0.7615526914596558,0.0,8.80504035949707,19.180816650390625
32776,0,calendar_2014_test,175.2123260498047,174.0,0.7631785869598389,0.0,8.745002746582031,1.2123260498046875
32777,0,calendar_2014_test,178.26715087890625,196.0,0.7376158237457275,0.0,9.688948631286621,17.73284912109375
32778,0,calendar_2014_test,199.45632934570312,215.0,0.6555135846138,0.0,12.720702171325684,15.543670654296875
32779,0,calendar_2014_test,216.55535888671875,214.0,0.6302460432052612,0.0,13.653746604919434,2.55535888671875
32780,0,calendar_2014_test,209.74681091308594,197.0,0.7446550130844116,0.0,9.42901611328125,12.746810913085938
32781,0,calendar_2014_test,182.59722900390625,168.0,0.7226693034172058,0.0,10.24087142944336,14.59722900390625
32782,0,calendar_2014_test,150.83775329589844,122.0,0.7822741866111755,0.0,8.039867401123047,28.837753295898438
32783,0,calendar_2014_test,104.84635162353516,66.0,0.8413763046264648,0.0,5.857430458068848,38.846351623535156
32784,0,calendar_2014_test,51.61178970336914,36.0,0.8937309384346008,0.0,3.9241526126861572,15.61178970336914
32785,0,calendar_2014_test,32.33906173706055,20.0,0.90601646900177,0.0,3.470489978790283,12.339061737060547
32786,0,calendar_2014_test,19.72770118713379,17.0,0.9136039018630981,0.0,3.1903114318847656,2.727701187133789
32787,0,calendar_2014_test,82.3247299194336,90.0,0.8968439102172852,0.0,3.809199571609497,7.675270080566406
32788,0,calendar_2014_test,91.44847106933594,97.0,0.8504176139831543,0.0,5.52356481552124,5.5515289306640625
32789,0,calendar_2014_test,100.18455505371094,103.0,0.8295297026634216,0.0,6.294884204864502,2.8154449462890625
32790,0,calendar_2014_test,104.89651489257812,115.0,0.8810319304466248,0.0,4.393083572387695,10.103485107421875
32791,0,calendar_2014_test,118.19652557373047,117.0,0.8523279428482056,0.0,5.453023433685303,1.1965255737304688
32792,0,calendar_2014_test,118.9138412475586,130.0,0.7883768081665039,0.0,7.81451940536499,11.086158752441406
32793,0,calendar_2014_test,137.05960083007812,132.0,0.8124510645866394,0.0,6.925538539886475,5.059600830078125
32794,0,calendar_2014_test,132.26597595214844,136.0,0.8232640624046326,0.0,6.526252746582031,3.7340240478515625
32795,0,calendar_2014_test,134.28968811035156,150.0,0.749051570892334,0.0,9.2666654586792,15.710311889648438
32796,0,calendar_2014_test,153.32998657226562,128.0,0.7534047365188599,0.0,9.105916976928711,25.329986572265625
32797,0,calendar_2014_test,119.7835693359375,144.0,0.7941008806228638,0.0,7.6031494140625,24.2164306640625
32798,0,calendar_2014_test,147.98155212402344,146.0,0.8542163372039795,0.0,5.383291244506836,1.9815521240234375
32799,0,calendar_2014_test,142.76327514648438,152.0,0.8033018708229065,0.0,7.263387680053711,9.236724853515625
32800,0,calendar_2014_test,152.20419311523438,165.0,0.7256330251693726,0.0,10.131431579589844,12.795806884765625
32801,0,calendar_2014_test,168.45956420898438,178.0,0.764131486415863,0.0,8.709815979003906,9.540435791015625
32802,0,calendar_2014_test,186.2370147705078,196.0,0.7511627078056335,0.0,9.18870735168457,9.762985229492188
32803,0,calendar_2014_test,205.15577697753906,215.0,0.6856943964958191,0.0,11.60622787475586,9.844223022460938
32804,0,calendar_2014_test,227.1364288330078,242.0,0.7187550663948059,0.0,10.385411262512207,14.863571166992188
32805,0,calendar_2014_test,251.69381713867188,249.0,0.6951442956924438,0.0,11.257274627685547,2.693817138671875
32806,0,calendar_2014_test,257.55352783203125,258.0,0.6498226523399353,0.0,12.930849075317383,0.44647216796875
32807,0,calendar_2014_test,256.9510498046875,259.0,0.5463255643844604,0.0,16.752639770507812,2.0489501953125
32808,0,calendar_2014_test,259.2101135253906,239.0,0.6916207075119019,0.0,11.387389183044434,20.210113525390625
32809,0,calendar_2014_test,230.93789672851562,224.0,0.5956383347511292,0.0,14.931690216064453,6.937896728515625
32810,0,calendar_2014_test,212.35174560546875,182.0,0.7514863014221191,0.0,9.1767578125,30.35174560546875
32811,0,calendar_2014_test,165.78515625,111.0,0.750437319278717,0.0,9.215493202209473,54.78515625
32812,0,calendar_2014_test,85.56060028076172,59.0,0.8220207691192627,0.0,6.572161674499512,26.56060028076172
32813,0,calendar_2014_test,51.605342864990234,43.0,0.880415678024292,0.0,4.415838241577148,8.605342864990234
32814,0,calendar_2014_test,40.98261260986328,50.0,0.9011123180389404,0.0,3.651583671569824,9.017387390136719
32815,0,calendar_2014_test,52.59903335571289,54.0,0.8993886113166809,0.0,3.71523380279541,1.4009666442871094
32816,0,calendar_2014_test,54.0926513671875,38.0,0.8581978678703308,0.0,5.236266136169434,16.0926513671875
32817,0,calendar_2014_test,38.141639709472656,40.0,0.8868358135223389,0.0,4.178766250610352,1.8583602905273438
32818,0,calendar_2014_test,43.91214370727539,56.0,0.9074665307998657,0.0,3.4169440269470215,12.08785629272461
32819,0,calendar_2014_test,61.51179885864258,64.0,0.8491114377975464,0.0,5.571796894073486,2.488201141357422
32820,0,calendar_2014_test,68.98543548583984,65.0,0.8785200715065002,0.0,4.485837459564209,3.9854354858398438
32821,0,calendar_2014_test,66.7400894165039,63.0,0.8768234252929688,0.0,4.548489093780518,3.7400894165039062
32822,0,calendar_2014_test,67.50695037841797,73.0,0.8942614793777466,0.0,3.9045605659484863,5.493049621582031
32823,0,calendar_2014_test,75.41201782226562,74.0,0.870437741279602,0.0,4.784289836883545,1.412017822265625
32824,0,calendar_2014_test,76.674560546875,84.0,0.8637031316757202,0.0,5.032976150512695,7.325439453125
32825,0,calendar_2014_test,88.84008026123047,80.0,0.8696617484092712,0.0,4.812943935394287,8.840080261230469
32826,0,calendar_2014_test,81.75801849365234,96.0,0.8435068130493164,0.0,5.7787556648254395,14.241981506347656
32827,0,calendar_2014_test,103.3333740234375,109.0,0.8803800940513611,0.0,4.4171528816223145,5.6666259765625
32828,0,calendar_2014_test,113.0552749633789,110.0,0.8192188739776611,0.0,6.6756272315979,3.0552749633789062
32829,0,calendar_2014_test,115.03140258789062,102.0,0.8667317032814026,0.0,4.921141147613525,13.031402587890625
32830,0,calendar_2014_test,102.33802032470703,105.0,0.8762244582176208,0.0,4.570606231689453,2.6619796752929688
32831,0,calendar_2014_test,105.03450012207031,105.0,0.8133649826049805,0.0,6.89178991317749,0.0345001220703125
32832,0,calendar_2014_test,98.14784240722656,94.0,0.8325392603874207,0.0,6.183750152587891,4.1478424072265625
32833,0,calendar_2014_test,86.9805908203125,92.0,0.8799490332603455,0.0,4.433070659637451,5.0194091796875
32834,0,calendar_2014_test,87.58015441894531,85.0,0.8475480079650879,0.0,5.6295294761657715,2.5801544189453125
32835,0,calendar_2014_test,78.11418914794922,61.0,0.8630686402320862,0.0,5.056406021118164,17.11418914794922
32836,0,calendar_2014_test,57.343467712402344,54.0,0.8967241644859314,0.0,3.813621759414673,3.3434677124023438
32837,0,calendar_2014_test,53.326534271240234,46.0,0.8954042792320251,0.0,3.8623604774475098,7.326534271240234
32838,0,calendar_2014_test,45.10769271850586,46.0,0.9064896106719971,0.0,3.4530181884765625,0.8923072814941406
32839,0,calendar_2014_test,46.61176300048828,56.0,0.8862372636795044,0.0,4.20086669921875,9.388236999511719
32840,0,calendar_2014_test,60.372432708740234,57.0,0.8951717019081116,0.0,3.87095046043396,3.3724327087402344
32841,0,calendar_2014_test,59.8154182434082,59.0,0.8784116506576538,0.0,4.489841461181641,0.8154182434082031
32842,0,calendar_2014_test,66.39701080322266,61.0,0.8872188329696655,0.0,4.164620876312256,5.397010803222656
32843,0,calendar_2014_test,66.95470428466797,76.0,0.9027299284934998,0.0,3.5918500423431396,9.045295715332031
32844,0,calendar_2014_test,81.17489624023438,87.0,0.8555253148078918,0.0,5.334954738616943,5.825103759765625
32845,0,calendar_2014_test,92.24540710449219,99.0,0.8344513773918152,0.0,6.113143444061279,6.7545928955078125
32846,0,calendar_2014_test,102.32124328613281,104.0,0.8327546119689941,0.0,6.1757988929748535,1.6787567138671875
32847,0,calendar_2014_test,107.7754898071289,92.0,0.8545565605163574,0.0,5.370726585388184,15.775489807128906
32848,0,calendar_2014_test,90.87501525878906,89.0,0.885918140411377,0.0,4.212650775909424,1.8750152587890625
32849,0,calendar_2014_test,92.19330596923828,85.0,0.8861618041992188,0.0,4.203655242919922,7.193305969238281
32850,0,calendar_2014_test,85.42704772949219,99.0,0.8418663144111633,0.0,5.839334964752197,13.572952270507812
32851,0,calendar_2014_test,105.86759185791016,98.0,0.8697324991226196,0.0,4.810332775115967,7.867591857910156
32852,0,calendar_2014_test,97.16030883789062,84.0,0.8623481392860413,0.0,5.083010673522949,13.160308837890625
32853,0,calendar_2014_test,80.62601470947266,83.0,0.8453457355499268,0.0,5.710852146148682,2.3739852905273438
32854,0,calendar_2014_test,83.45823669433594,102.0,0.8812892436981201,0.0,4.383581161499023,18.541763305664062
32855,0,calendar_2014_test,107.41018676757812,84.0,0.8265981674194336,0.0,6.403136253356934,23.410186767578125
32856,0,calendar_2014_test,80.13252258300781,91.0,0.8784338235855103,0.0,4.4890217781066895,10.867477416992188
32857,0,calendar_2014_test,95.1225357055664,104.0,0.8427861928939819,0.0,5.805365562438965,8.877464294433594
32858,0,calendar_2014_test,106.83479309082031,95.0,0.8263381123542786,0.0,6.41273832321167,11.834793090820312
32859,0,calendar_2014_test,94.54474639892578,88.0,0.8409225344657898,0.0,5.874186038970947,6.544746398925781
32860,0,calendar_2014_test,90.95641326904297,78.0,0.8237106204032898,0.0,6.509762763977051,12.956413269042969
32861,0,calendar_2014_test,80.9834976196289,84.0,0.8607479333877563,0.0,5.1421003341674805,3.0165023803710938
32862,0,calendar_2014_test,91.853759765625,99.0,0.852595329284668,0.0,5.443149089813232,7.146240234375
32863,0,calendar_2014_test,108.94815063476562,93.0,0.8309142589569092,0.0,6.243755340576172,15.948150634765625
32864,0,calendar_2014_test,95.19025421142578,79.0,0.8526389002799988,0.0,5.441540718078613,16.19025421142578
32865,0,calendar_2014_test,80.91671752929688,79.0,0.8980308771133423,0.0,3.765369415283203,1.916717529296875
32866,0,calendar_2014_test,83.22315216064453,79.0,0.8447939157485962,0.0,5.731228351593018,4.223152160644531
32867,0,calendar_2014_test,81.26586151123047,91.0,0.8725703358650208,0.0,4.705540180206299,9.734138488769531
32868,0,calendar_2014_test,97.15380859375,88.0,0.8404148817062378,0.0,5.892930507659912,9.15380859375
32869,0,calendar_2014_test,91.0581283569336,92.0,0.9057506918907166,0.0,3.4803037643432617,0.9418716430664062
32870,0,calendar_2014_test,96.33201599121094,95.0,0.8572741150856018,0.0,5.270376682281494,1.3320159912109375
32871,0,calendar_2014_test,102.21094512939453,107.0,0.8505836129188538,0.0,5.517435073852539,4.789054870605469
32872,0,calendar_2014_test,113.39263153076172,123.0,0.8445600271224976,0.0,5.739864349365234,9.607368469238281
32873,0,calendar_2014_test,131.1957550048828,117.0,0.806542158126831,0.0,7.143734455108643,14.195755004882812
32874,0,calendar_2014_test,116.18416595458984,140.0,0.8353109359741211,0.0,6.0814032554626465,23.815834045410156
32875,0,calendar_2014_test,147.3050079345703,150.0,0.7781926393508911,0.0,8.190584182739258,2.6949920654296875
32876,0,calendar_2014_test,155.403564453125,150.0,0.7253273725509644,0.0,10.142718315124512,5.403564453125
32877,0,calendar_2014_test,151.33665466308594,132.0,0.7877804040908813,0.0,7.83654260635376,19.336654663085938
32878,0,calendar_2014_test,126.24885559082031,160.0,0.8175987005233765,0.0,6.735454559326172,33.75114440917969
32879,0,calendar_2014_test,141.31834411621094,158.0,0.8063485622406006,0.0,7.15088415145874,16.681655883789062
32880,0,calendar_2014_test,143.04202270507812,157.0,0.8308188319206238,0.0,6.247281074523926,13.957977294921875
32881,0,calendar_2014_test,146.65589904785156,113.0,0.8211555480957031,0.0,6.60411262512207,33.65589904785156
32882,0,calendar_2014_test,91.81415557861328,51.0,0.879197359085083,0.0,4.460827350616455,40.81415557861328
32883,0,calendar_2014_test,34.52625274658203,13.0,0.9216412305831909,0.0,2.893519878387451,21.52625274658203
32884,0,calendar_2014_test,15.02115249633789,12.0,0.9445009827613831,0.0,2.049389362335205,3.0211524963378906
32885,0,calendar_2014_test,13.834596633911133,7.0,0.9266305565834045,0.0,2.7092819213867188,6.834596633911133
32886,0,calendar_2014_test,10.25879955291748,10.0,0.9267662167549133,0.0,2.7042722702026367,0.25879955291748047
32887,0,calendar_2014_test,12.444857597351074,8.0,0.924676239490509,0.0,2.7814478874206543,4.444857597351074
32888,0,calendar_2014_test,11.664251327514648,8.0,0.9205815196037292,0.0,2.932652235031128,3.6642513275146484
32889,0,calendar_2014_test,12.056639671325684,10.0,0.9257887005805969,0.0,2.740368604660034,2.0566396713256836
32890,0,calendar_2014_test,14.981768608093262,13.0,0.935695230960846,0.0,2.3745553493499756,1.9817686080932617
32891,0,calendar_2014_test,16.55536460876465,18.0,0.9334409832954407,0.0,2.4577958583831787,1.4446353912353516
32892,0,calendar_2014_test,24.539094924926758,21.0,0.9080188274383545,0.0,3.3965487480163574,3.539094924926758
32893,0,calendar_2014_test,27.83268165588379,21.0,0.931732177734375,0.0,2.5208961963653564,6.832681655883789
32894,0,calendar_2014_test,29.34404754638672,15.0,0.905712366104126,0.0,3.4817185401916504,14.344047546386719
32895,0,calendar_2014_test,22.01725959777832,10.0,0.9246416091918945,0.0,2.782726287841797,12.01725959777832
32896,0,calendar_2014_test,21.368377685546875,8.0,0.932958722114563,0.0,2.4756035804748535,13.368377685546875
32897,0,calendar_2014_test,16.247297286987305,9.0,0.9288988709449768,0.0,2.6255202293395996,7.247297286987305
32898,0,calendar_2014_test,17.144296646118164,8.0,0.9106469750404358,0.0,3.2995007038116455,9.144296646118164
32899,0,calendar_2014_test,16.924219131469727,15.0,0.9334001541137695,0.0,2.459303855895996,1.9242191314697266
32900,0,calendar_2014_test,20.555334091186523,20.0,0.938866913318634,0.0,2.257434368133545,0.5553340911865234
32901,0,calendar_2014_test,21.685514450073242,20.0,0.9310940504074097,0.0,2.5444605350494385,1.6855144500732422
32902,0,calendar_2014_test,17.526458740234375,18.0,0.9239996075630188,0.0,2.8064332008361816,0.473541259765625
32903,0,calendar_2014_test,20.52442169189453,15.0,0.9324154257774353,0.0,2.495666980743408,5.524421691894531
32904,0,calendar_2014_test,16.730924606323242,15.0,0.9405168294906616,0.0,2.1965105533599854,1.7309246063232422
32905,0,calendar_2014_test,18.612585067749023,16.0,0.9487295746803284,0.0,1.8932416439056396,2.6125850677490234
32906,0,calendar_2014_test,20.3345890045166,19.0,0.9308294653892517,0.0,2.5542311668395996,1.3345890045166016
32907,0,calendar_2014_test,20.5438289642334,23.0,0.92995285987854,0.0,2.586599588394165,2.4561710357666016
32908,0,calendar_2014_test,24.590023040771484,24.0,0.9169037938117981,0.0,3.068458080291748,0.5900230407714844
32909,0,calendar_2014_test,26.243478775024414,26.0,0.9234191179275513,0.0,2.8278684616088867,0.24347877502441406
32910,0,calendar_2014_test,28.78374481201172,27.0,0.9357807040214539,0.0,2.37139892578125,1.7837448120117188
32911,0,calendar_2014_test,28.964250564575195,27.0,0.9109522700309753,0.0,3.288227081298828,1.9642505645751953
32912,0,calendar_2014_test,22.354761123657227,26.0,0.9331134557723999,0.0,2.4698898792266846,3.6452388763427734
32913,0,calendar_2014_test,27.97675895690918,23.0,0.9193724989891052,0.0,2.977297782897949,4.97675895690918
32914,0,calendar_2014_test,20.49014663696289,28.0,0.9322895407676697,0.0,2.5003159046173096,7.509853363037109
32915,0,calendar_2014_test,28.141841888427734,27.0,0.9006031155586243,0.0,3.67038631439209,1.1418418884277344
32916,0,calendar_2014_test,29.400699615478516,29.0,0.9233442544937134,0.0,2.8306336402893066,0.4006996154785156
32917,0,calendar_2014_test,26.656986236572266,31.0,0.9212890863418579,0.0,2.9065234661102295,4.343013763427734
32918,0,calendar_2014_test,32.73671340942383,26.0,0.9068633317947388,0.0,3.4392168521881104,6.736713409423828
32919,0,calendar_2014_test,21.638853073120117,26.0,0.9208377599716187,0.0,2.923189640045166,4.361146926879883
32920,0,calendar_2014_test,28.092336654663086,23.0,0.9126459360122681,0.0,3.225687265396118,5.092336654663086
32921,0,calendar_2014_test,27.82147979736328,39.0,0.9267289638519287,0.0,2.705648422241211,11.178520202636719
32922,0,calendar_2014_test,29.349462509155273,39.0,0.9266791343688965,0.0,2.707489013671875,9.650537490844727
32923,0,calendar_2014_test,34.87261962890625,40.0,0.916644811630249,0.0,3.0780200958251953,5.12738037109375
32924,0,calendar_2014_test,40.559043884277344,40.0,0.9124663472175598,0.0,3.2323174476623535,0.5590438842773438
32925,0,calendar_2014_test,31.679296493530273,94.0,0.920879602432251,0.0,2.9216456413269043,62.32070350646973
32926,0,calendar_2014_test,91.8288803100586,102.0,0.8729514479637146,0.0,4.69146728515625,10.171119689941406
32927,0,calendar_2014_test,86.8075180053711,100.0,0.8560714721679688,0.0,5.314785957336426,13.192481994628906
32928,0,calendar_2014_test,83.81632232666016,26.0,0.885765552520752,0.0,4.218286514282227,57.816322326660156
32929,0,calendar_2014_test,21.86556053161621,19.0,0.9222655296325684,0.0,2.8704681396484375,2.865560531616211
32930,0,calendar_2014_test,18.710147857666016,13.0,0.9285553693771362,0.0,2.6382055282592773,5.710147857666016
32931,0,calendar_2014_test,13.688109397888184,17.0,0.9453050494194031,0.0,2.0196971893310547,3.3118906021118164
32932,0,calendar_2014_test,17.308155059814453,12.0,0.9462083578109741,0.0,1.986340045928955,5.308155059814453
32933,0,calendar_2014_test,15.264973640441895,16.0,0.932338297367096,0.0,2.498514413833618,0.7350263595581055
32934,0,calendar_2014_test,17.25796890258789,12.0,0.938422441482544,0.0,2.2738471031188965,5.257968902587891
32935,0,calendar_2014_test,14.179576873779297,13.0,0.9145073890686035,0.0,3.156949520111084,1.1795768737792969
32936,0,calendar_2014_test,13.521242141723633,12.0,0.9359566569328308,0.0,2.364900827407837,1.5212421417236328
32937,0,calendar_2014_test,10.841527938842773,14.0,0.9247757792472839,0.0,2.7777717113494873,3.1584720611572266
32938,0,calendar_2014_test,14.752206802368164,11.0,0.9413515329360962,0.0,2.165686845779419,3.752206802368164
32939,0,calendar_2014_test,17.509441375732422,8.0,0.9413762092590332,0.0,2.1647751331329346,9.509441375732422
32940,0,calendar_2014_test,15.78903579711914,17.0,0.9371522068977356,0.0,2.3207530975341797,1.2109642028808594
32941,0,calendar_2014_test,20.734642028808594,13.0,0.9260897040367126,0.0,2.7292544841766357,7.734642028808594
32942,0,calendar_2014_test,19.7243709564209,12.0,0.9271112680435181,0.0,2.6915314197540283,7.724370956420898
32943,0,calendar_2014_test,13.994977951049805,13.0,0.9232614636421204,0.0,2.833691358566284,0.9949779510498047
32944,0,calendar_2014_test,16.47575569152832,19.0,0.934112012386322,0.0,2.4330179691314697,2.5242443084716797
32945,0,calendar_2014_test,25.47399139404297,27.0,0.9234095215797424,0.0,2.8282229900360107,1.5260086059570312
32946,0,calendar_2014_test,30.817737579345703,27.0,0.9136890172958374,0.0,3.1871697902679443,3.817737579345703
32947,0,calendar_2014_test,29.46883773803711,38.0,0.9113496541976929,0.0,3.273552417755127,8.53116226196289
32948,0,calendar_2014_test,42.44979476928711,44.0,0.907576322555542,0.0,3.412889003753662,1.5502052307128906
32949,0,calendar_2014_test,45.84278869628906,44.0,0.9058681726455688,0.0,3.4759645462036133,1.8427886962890625
32950,0,calendar_2014_test,44.42900848388672,43.0,0.8831095695495605,0.0,4.316363334655762,1.4290084838867188
32951,0,calendar_2014_test,41.30327224731445,49.0,0.9106433391571045,0.0,3.299635410308838,7.696727752685547
32952,0,calendar_2014_test,52.48077392578125,35.0,0.8900339603424072,0.0,4.060668468475342,17.48077392578125
32953,0,calendar_2014_test,33.60246276855469,18.0,0.9434135556221008,0.0,2.089543342590332,15.602462768554688
32954,0,calendar_2014_test,20.048601150512695,15.0,0.9526528120040894,0.0,1.7483694553375244,5.048601150512695
32955,0,calendar_2014_test,19.12169647216797,21.0,0.9149730801582336,0.0,3.1397533416748047,1.8783035278320312
32956,0,calendar_2014_test,21.886266708374023,29.0,0.9122177362442017,0.0,3.2414984703063965,7.113733291625977
32957,0,calendar_2014_test,29.299983978271484,21.0,0.9279019236564636,0.0,2.6623339653015137,8.299983978271484
32958,0,calendar_2014_test,23.294330596923828,34.0,0.9071964621543884,0.0,3.4269161224365234,10.705669403076172
32959,0,calendar_2014_test,35.52295684814453,32.0,0.9148945808410645,0.0,3.142651081085205,3.5229568481445312
32960,0,calendar_2014_test,31.955846786499023,24.0,0.902338981628418,0.0,3.606285572052002,7.955846786499023
32961,0,calendar_2014_test,27.804452896118164,32.0,0.9065064191818237,0.0,3.4523978233337402,4.195547103881836
32962,0,calendar_2014_test,35.720069885253906,32.0,0.9224187135696411,0.0,2.8648111820220947,3.7200698852539062
32963,0,calendar_2014_test,35.61151885986328,34.0,0.90816330909729,0.0,3.39121413230896,1.6115188598632812
32964,0,calendar_2014_test,35.61224365234375,39.0,0.9063345789909363,0.0,3.458742618560791,3.38775634765625
32965,0,calendar_2014_test,39.843936920166016,40.0,0.8909342288970947,0.0,4.0274248123168945,0.15606307983398438
32966,0,calendar_2014_test,42.14469909667969,44.0,0.9056906700134277,0.0,3.4825198650360107,1.8553009033203125
32967,0,calendar_2014_test,49.29298400878906,38.0,0.9052496552467346,0.0,3.498804807662964,11.292984008789062
32968,0,calendar_2014_test,42.0211296081543,38.0,0.9065644145011902,0.0,3.4502549171447754,4.021129608154297
32969,0,calendar_2014_test,41.228065490722656,42.0,0.8966414332389832,0.0,3.8166778087615967,0.7719345092773438
32970,0,calendar_2014_test,45.21759033203125,44.0,0.8869072794914246,0.0,4.176126003265381,1.21759033203125
32971,0,calendar_2014_test,45.64840316772461,54.0,0.8934680819511414,0.0,3.9338579177856445,8.35159683227539
32972,0,calendar_2014_test,58.71991729736328,62.0,0.8800358772277832,0.0,4.429862976074219,3.2800827026367188
32973,0,calendar_2014_test,63.295326232910156,78.0,0.88411545753479,0.0,4.279217720031738,14.704673767089844
32974,0,calendar_2014_test,78.17800903320312,77.0,0.8890466094017029,0.0,4.097128391265869,1.178009033203125
32975,0,calendar_2014_test,74.59989929199219,75.0,0.8954957127571106,0.0,3.8589847087860107,0.4001007080078125
32976,0,calendar_2014_test,71.95094299316406,67.0,0.9102728962898254,0.0,3.313314437866211,4.9509429931640625
32977,0,calendar_2014_test,66.890380859375,52.0,0.9081077575683594,0.0,3.3932647705078125,14.890380859375
32978,0,calendar_2014_test,50.1120719909668,41.0,0.9007852077484131,0.0,3.6636619567871094,9.112071990966797
32979,0,calendar_2014_test,37.60392379760742,29.0,0.91164630651474,0.0,3.262599468231201,8.603923797607422
32980,0,calendar_2014_test,29.254180908203125,21.0,0.9266906976699829,0.0,2.7070600986480713,8.254180908203125
32981,0,calendar_2014_test,18.926713943481445,19.0,0.9410960078239441,0.0,2.175121784210205,0.07328605651855469
32982,0,calendar_2014_test,17.513959884643555,8.0,0.9435048699378967,0.0,2.086172103881836,9.513959884643555
32983,0,calendar_2014_test,14.702471733093262,14.0,0.9257639646530151,0.0,2.7412829399108887,0.7024717330932617
32984,0,calendar_2014_test,17.988832473754883,30.0,0.9362502098083496,0.0,2.3540608882904053,12.011167526245117
32985,0,calendar_2014_test,32.22319030761719,29.0,0.9095957279205322,0.0,3.3383195400238037,3.2231903076171875
32986,0,calendar_2014_test,32.135780334472656,38.0,0.924293041229248,0.0,2.7955985069274902,5.864219665527344
32987,0,calendar_2014_test,42.324668884277344,63.0,0.8842060565948486,0.0,4.275872707366943,20.675331115722656
32988,0,calendar_2014_test,63.053348541259766,63.0,0.8750213384628296,0.0,4.6150336265563965,0.053348541259765625
32989,0,calendar_2014_test,66.9769515991211,63.0,0.8834465742111206,0.0,4.30391788482666,3.9769515991210938
32990,0,calendar_2014_test,65.84978485107422,79.0,0.9106189012527466,0.0,3.3005380630493164,13.150215148925781
32991,0,calendar_2014_test,86.05229949951172,71.0,0.8550018668174744,0.0,5.354284286499023,15.052299499511719
32992,0,calendar_2014_test,71.70140838623047,96.0,0.8794906735420227,0.0,4.4499969482421875,24.29859161376953
32993,0,calendar_2014_test,100.94849395751953,102.0,0.7909253835678101,0.0,7.720409870147705,1.0515060424804688
32994,0,calendar_2014_test,95.30704498291016,113.0,0.825554370880127,0.0,6.441679954528809,17.692955017089844
32995,0,calendar_2014_test,109.66780090332031,73.0,0.8243421316146851,0.0,6.486441612243652,36.66780090332031
32996,0,calendar_2014_test,62.56944274902344,67.0,0.920457661151886,0.0,2.9372265338897705,4.4305572509765625
32997,0,calendar_2014_test,61.80989456176758,67.0,0.9087303876876831,0.0,3.370274305343628,5.190105438232422
32998,0,calendar_2014_test,64.86322021484375,88.0,0.8985851407051086,0.0,3.7449023723602295,23.13677978515625
32999,0,calendar_2014_test,91.6014175415039,85.0,0.8426809310913086,0.0,5.809253215789795,6.601417541503906
33000,0,calendar_2014_test,82.1939926147461,88.0,0.8508983850479126,0.0,5.505812644958496,5.806007385253906
33001,0,calendar_2014_test,88.20226287841797,104.0,0.8919307589530945,0.0,3.9906270503997803,15.797737121582031
33002,0,calendar_2014_test,107.11495208740234,100.0,0.813508152961731,0.0,6.886503219604492,7.114952087402344
33003,0,calendar_2014_test,97.98712921142578,99.0,0.8381919264793396,0.0,5.975017547607422,1.0128707885742188
33004,0,calendar_2014_test,96.59445190429688,100.0,0.8153437376022339,0.0,6.818723678588867,3.405548095703125
33005,0,calendar_2014_test,100.81359100341797,107.0,0.8773263692855835,0.0,4.529916763305664,6.186408996582031
33006,0,calendar_2014_test,107.57514190673828,104.0,0.8237321376800537,0.0,6.50896692276001,3.5751419067382812
33007,0,calendar_2014_test,100.16769409179688,90.0,0.8562217950820923,0.0,5.309236526489258,10.167694091796875
33008,0,calendar_2014_test,86.71082305908203,100.0,0.8836830258369446,0.0,4.295186519622803,13.289176940917969
33009,0,calendar_2014_test,104.84569549560547,99.0,0.8400260210037231,0.0,5.907289981842041,5.845695495605469
33010,0,calendar_2014_test,97.62213897705078,95.0,0.8532472848892212,0.0,5.419074058532715,2.6221389770507812
33011,0,calendar_2014_test,93.30716705322266,97.0,0.8265082836151123,0.0,6.4064555168151855,3.6928329467773438
33012,0,calendar_2014_test,95.04934692382812,90.0,0.856641411781311,0.0,5.2937397956848145,5.049346923828125
33013,0,calendar_2014_test,91.15668487548828,76.0,0.8496864438056946,0.0,5.550563812255859,15.156684875488281
33014,0,calendar_2014_test,73.6946792602539,72.0,0.8797846436500549,0.0,4.439140319824219,1.6946792602539062
33015,0,calendar_2014_test,72.93392181396484,81.0,0.8218060731887817,0.0,6.580090522766113,8.066078186035156
33016,0,calendar_2014_test,87.41433715820312,84.0,0.8809239864349365,0.0,4.397069931030273,3.414337158203125
33017,0,calendar_2014_test,86.68660736083984,90.0,0.8423243761062622,0.0,5.822420120239258,3.3133926391601562
33018,0,calendar_2014_test,95.3797836303711,96.0,0.8367254734039307,0.0,6.02916955947876,0.6202163696289062
33019,0,calendar_2014_test,102.66703033447266,115.0,0.8589075207710266,0.0,5.210062026977539,12.332969665527344
33020,0,calendar_2014_test,126.78312683105469,115.0,0.8102002739906311,0.0,7.00865364074707,11.783126831054688
33021,0,calendar_2014_test,115.84862518310547,108.0,0.8291903734207153,0.0,6.307413101196289,7.848625183105469
33022,0,calendar_2014_test,107.22441864013672,125.0,0.7788981795310974,0.0,8.164531707763672,17.77558135986328
33023,0,calendar_2014_test,127.92594146728516,123.0,0.793954074382782,0.0,7.608570098876953,4.925941467285156
33024,0,calendar_2014_test,121.81519317626953,127.0,0.7727788686752319,0.0,8.390496253967285,5.184806823730469
33025,0,calendar_2014_test,130.86666870117188,132.0,0.817672610282898,0.0,6.732726573944092,1.133331298828125
33026,0,calendar_2014_test,132.29969787597656,125.0,0.8073922991752625,0.0,7.112341403961182,7.2996978759765625
33027,0,calendar_2014_test,122.96037292480469,119.0,0.8059845566749573,0.0,7.16432523727417,3.9603729248046875
33028,0,calendar_2014_test,119.0229263305664,127.0,0.8043875694274902,0.0,7.22329568862915,7.977073669433594
33029,0,calendar_2014_test,124.71879577636719,139.0,0.8386106491088867,0.0,5.959555149078369,14.281204223632812
33030,0,calendar_2014_test,140.26718139648438,134.0,0.7612380385398865,0.0,8.816659927368164,6.267181396484375
33031,0,calendar_2014_test,136.82601928710938,131.0,0.7885667085647583,0.0,7.807507038116455,5.826019287109375
33032,0,calendar_2014_test,133.484619140625,135.0,0.8261904716491699,0.0,6.41818904876709,1.515380859375
33033,0,calendar_2014_test,136.28009033203125,137.0,0.8201174736022949,0.0,6.6424455642700195,0.71990966796875
33034,0,calendar_2014_test,137.017822265625,143.0,0.7833903431892395,0.0,7.998651027679443,5.982177734375
33035,0,calendar_2014_test,146.75216674804688,140.0,0.8209751844406128,0.0,6.610772132873535,6.752166748046875
33036,0,calendar_2014_test,141.4835968017578,86.0,0.8166795372962952,0.0,6.769395351409912,55.48359680175781
33037,0,calendar_2014_test,74.25338745117188,83.0,0.8722394704818726,0.0,4.717757701873779,8.746612548828125
33038,0,calendar_2014_test,79.105712890625,83.0,0.8569846749305725,0.0,5.281064987182617,3.894287109375
33039,0,calendar_2014_test,83.27852630615234,68.0,0.8878207206726074,0.0,4.142396926879883,15.278526306152344
33040,0,calendar_2014_test,66.73737335205078,53.0,0.8761451840400696,0.0,4.57353401184082,13.737373352050781
33041,0,calendar_2014_test,47.265907287597656,52.0,0.9249260425567627,0.0,2.772223949432373,4.734092712402344
33042,0,calendar_2014_test,52.674259185791016,46.0,0.8714709281921387,0.0,4.746138572692871,6.674259185791016
33043,0,calendar_2014_test,45.887672424316406,49.0,0.8817105889320374,0.0,4.368022918701172,3.1123275756835938
33044,0,calendar_2014_test,47.679203033447266,59.0,0.9077574014663696,0.0,3.4062023162841797,11.320796966552734
33045,0,calendar_2014_test,57.87800979614258,52.0,0.9204193353652954,0.0,2.9386398792266846,5.878009796142578
33046,0,calendar_2014_test,47.552101135253906,43.0,0.9158082008361816,0.0,3.108914613723755,4.552101135253906
33047,0,calendar_2014_test,39.26764678955078,46.0,0.8927086591720581,0.0,3.961900472640991,6.732353210449219
33048,0,calendar_2014_test,41.58820724487305,40.0,0.9230403900146484,0.0,2.8418538570404053,1.5882072448730469
33049,0,calendar_2014_test,34.88441848754883,32.0,0.9149019718170166,0.0,3.1423792839050293,2.884418487548828
33050,0,calendar_2014_test,29.412317276000977,29.0,0.918242335319519,0.0,3.0190303325653076,0.41231727600097656
33051,0,calendar_2014_test,25.417055130004883,33.0,0.9178441762924194,0.0,3.03373384475708,7.582944869995117
33052,0,calendar_2014_test,32.774322509765625,37.0,0.9191673994064331,0.0,2.9848711490631104,4.225677490234375
33053,0,calendar_2014_test,44.215030670166016,37.0,0.8997834920883179,0.0,3.7006521224975586,7.215030670166016
33054,0,calendar_2014_test,42.63484573364258,62.0,0.9015016555786133,0.0,3.63720703125,19.365154266357422
33055,0,calendar_2014_test,68.40735626220703,80.0,0.8761782646179199,0.0,4.5723114013671875,11.592643737792969
33056,0,calendar_2014_test,83.4135513305664,62.0,0.8656033277511597,0.0,4.962808609008789,21.413551330566406
33057,0,calendar_2014_test,61.4036865234375,53.0,0.8878673315048218,0.0,4.140676021575928,8.4036865234375
33058,0,calendar_2014_test,54.975894927978516,59.0,0.8828763365745544,0.0,4.32497501373291,4.024105072021484
33059,0,calendar_2014_test,62.389320373535156,51.0,0.8804990649223328,0.0,4.412759304046631,11.389320373535156
33060,0,calendar_2014_test,50.1136474609375,60.0,0.8903008103370667,0.0,4.050814628601074,9.8863525390625
33061,0,calendar_2014_test,65.17565155029297,59.0,0.9066998958587646,0.0,3.4452528953552246,6.175651550292969
33062,0,calendar_2014_test,61.020286560058594,55.0,0.929783821105957,0.0,2.5928421020507812,6.020286560058594
33063,0,calendar_2014_test,59.91074752807617,49.0,0.8942070603370667,0.0,3.9065706729888916,10.910747528076172
33064,0,calendar_2014_test,54.43785095214844,52.0,0.8879307508468628,0.0,4.138334274291992,2.4378509521484375
33065,0,calendar_2014_test,55.856468200683594,55.0,0.926038384437561,0.0,2.7311480045318604,0.8564682006835938
33066,0,calendar_2014_test,59.209068298339844,24.0,0.890027642250061,0.0,4.0609025955200195,35.209068298339844
33067,0,calendar_2014_test,29.127811431884766,21.0,0.9186441898345947,0.0,3.0041913986206055,8.127811431884766
33068,0,calendar_2014_test,24.52170181274414,18.0,0.9365370869636536,0.0,2.3434677124023438,6.521701812744141
33069,0,calendar_2014_test,20.4509220123291,25.0,0.9365898370742798,0.0,2.3415186405181885,4.549077987670898
33070,0,calendar_2014_test,25.55919075012207,25.0,0.9235119223594666,0.0,2.824442148208618,0.5591907501220703
33071,0,calendar_2014_test,22.940059661865234,18.0,0.9198334217071533,0.0,2.960278034210205,4.940059661865234
33072,0,calendar_2014_test,21.67104148864746,18.0,0.9349798560142517,0.0,2.4009714126586914,3.671041488647461
33073,0,calendar_2014_test,22.922985076904297,24.0,0.9203705787658691,0.0,2.940441608428955,1.0770149230957031
33074,0,calendar_2014_test,26.6865291595459,20.0,0.9268616437911987,0.0,2.700749397277832,6.686529159545898
33075,0,calendar_2014_test,22.70224952697754,31.0,0.9159867763519287,0.0,3.102321147918701,8.297750473022461
33076,0,calendar_2014_test,36.53319549560547,31.0,0.9191824197769165,0.0,2.984316110610962,5.533195495605469
33077,0,calendar_2014_test,36.867576599121094,28.0,0.8927075862884521,0.0,3.961941719055176,8.867576599121094
33078,0,calendar_2014_test,31.48651885986328,31.0,0.9341520667076111,0.0,2.4315381050109863,0.48651885986328125
33079,0,calendar_2014_test,36.30215072631836,28.0,0.9232562780380249,0.0,2.83388352394104,8.30215072631836
33080,0,calendar_2014_test,33.81532669067383,34.0,0.9011124968528748,0.0,3.6515755653381348,0.18467330932617188
33081,0,calendar_2014_test,40.64297103881836,32.0,0.914918065071106,0.0,3.1417829990386963,8.64297103881836
33082,0,calendar_2014_test,34.9801139831543,44.0,0.9104000329971313,0.0,3.3086187839508057,9.019886016845703
33083,0,calendar_2014_test,44.293331146240234,46.0,0.9130696058273315,0.0,3.210041046142578,1.7066688537597656
33084,0,calendar_2014_test,44.69880676269531,43.0,0.8679087162017822,0.0,4.8776774406433105,1.6988067626953125
33085,0,calendar_2014_test,42.06871795654297,48.0,0.9109724760055542,0.0,3.2874815464019775,5.931282043457031
33086,0,calendar_2014_test,46.19254684448242,57.0,0.8973510265350342,0.0,3.7904744148254395,10.807453155517578
33087,0,calendar_2014_test,56.29816818237305,53.0,0.8913617134094238,0.0,4.011639595031738,3.298168182373047
33088,0,calendar_2014_test,49.80699157714844,64.0,0.8958257436752319,0.0,3.846798896789551,14.193008422851562
33089,0,calendar_2014_test,62.50398635864258,52.0,0.9032345414161682,0.0,3.573215961456299,10.503986358642578
33090,0,calendar_2014_test,47.845680236816406,37.0,0.9111071825027466,0.0,3.2825069427490234,10.845680236816406
33091,0,calendar_2014_test,36.25838851928711,35.0,0.9044583439826965,0.0,3.5280258655548096,1.2583885192871094
33092,0,calendar_2014_test,35.834571838378906,39.0,0.9206638932228088,0.0,2.929610252380371,3.1654281616210938
33093,0,calendar_2014_test,35.71636962890625,31.0,0.9119675755500793,0.0,3.250735282897949,4.71636962890625
33094,0,calendar_2014_test,28.012840270996094,29.0,0.9119829535484314,0.0,3.2501673698425293,0.9871597290039062
33095,0,calendar_2014_test,25.776805877685547,28.0,0.9192938208580017,0.0,2.9802024364471436,2.223194122314453
33096,0,calendar_2014_test,23.381988525390625,32.0,0.9060922861099243,0.0,3.467688798904419,8.618011474609375
33097,0,calendar_2014_test,32.23638916015625,33.0,0.9214856028556824,0.0,2.899268388748169,0.76361083984375
33098,0,calendar_2014_test,35.98613357543945,25.0,0.9124826192855835,0.0,3.2317161560058594,10.986133575439453
33099,0,calendar_2014_test,30.08131217956543,30.0,0.9014450907707214,0.0,3.6392955780029297,0.08131217956542969
33100,0,calendar_2014_test,32.57394790649414,28.0,0.9365774393081665,0.0,2.341978073120117,4.573947906494141
33101,0,calendar_2014_test,30.510618209838867,36.0,0.9232746958732605,0.0,2.8332033157348633,5.489381790161133
33102,0,calendar_2014_test,39.34645080566406,43.0,0.909405529499054,0.0,3.3453426361083984,3.6535491943359375
33103,0,calendar_2014_test,47.92509078979492,43.0,0.91631019115448,0.0,3.090376853942871,4.925090789794922
33104,0,calendar_2014_test,45.44349670410156,54.0,0.9057539701461792,0.0,3.4801833629608154,8.556503295898438
33105,0,calendar_2014_test,59.88212203979492,56.0,0.9084827303886414,0.0,3.3794195652008057,3.882122039794922
33106,0,calendar_2014_test,58.747108459472656,45.0,0.8882670998573303,0.0,4.125913619995117,13.747108459472656
33107,0,calendar_2014_test,47.470924377441406,48.0,0.9058224558830261,0.0,3.4776535034179688,0.5290756225585938
33108,0,calendar_2014_test,51.91588592529297,57.0,0.9218067526817322,0.0,2.88740873336792,5.084114074707031
33109,0,calendar_2014_test,59.269229888916016,50.0,0.8889544606208801,0.0,4.100531101226807,9.269229888916016
33110,0,calendar_2014_test,50.999168395996094,47.0,0.9102177023887634,0.0,3.315352439880371,3.9991683959960938
33111,0,calendar_2014_test,50.28789138793945,48.0,0.9160169959068298,0.0,3.101203441619873,2.287891387939453
33112,0,calendar_2014_test,50.81944274902344,62.0,0.8751184940338135,0.0,4.611445426940918,11.180557250976562
33113,0,calendar_2014_test,65.62284088134766,77.0,0.8736861348152161,0.0,4.664337635040283,11.377159118652344
33114,0,calendar_2014_test,81.5870590209961,83.0,0.865572988986969,0.0,4.96392822265625,1.4129409790039062
33115,0,calendar_2014_test,88.71363830566406,87.0,0.8565320372581482,0.0,5.2977800369262695,1.7136383056640625
33116,0,calendar_2014_test,91.5623550415039,88.0,0.8637564778327942,0.0,5.031005382537842,3.5623550415039062
33117,0,calendar_2014_test,91.41805267333984,107.0,0.8953108787536621,0.0,3.865809917449951,15.581947326660156
33118,0,calendar_2014_test,108.24620819091797,88.0,0.8274170756340027,0.0,6.372895240783691,20.24620819091797
33119,0,calendar_2014_test,82.47012329101562,88.0,0.8493974208831787,0.0,5.561237335205078,5.529876708984375
33120,0,calendar_2014_test,87.8030014038086,79.0,0.8480227589607239,0.0,5.611998081207275,8.803001403808594
33121,0,calendar_2014_test,78.79481506347656,60.0,0.8722524642944336,0.0,4.717278480529785,18.794815063476562
33122,0,calendar_2014_test,57.22052001953125,48.0,0.9024926424026489,0.0,3.6006131172180176,9.22052001953125
33123,0,calendar_2014_test,47.82511520385742,38.0,0.9077587723731995,0.0,3.40615177154541,9.825115203857422
33124,0,calendar_2014_test,40.08932876586914,42.0,0.9232685565948486,0.0,2.8334288597106934,1.9106712341308594
33125,0,calendar_2014_test,44.174156188964844,47.0,0.8860757946968079,0.0,4.2068305015563965,2.8258438110351562
33126,0,calendar_2014_test,49.237796783447266,53.0,0.8868994116783142,0.0,4.176417827606201,3.7622032165527344
33127,0,calendar_2014_test,56.05784225463867,52.0,0.9005369544029236,0.0,3.672828435897827,4.057842254638672
33128,0,calendar_2014_test,55.48738479614258,51.0,0.8923673033714294,0.0,3.974506378173828,4.487384796142578
33129,0,calendar_2014_test,56.06769561767578,53.0,0.8857585191726685,0.0,4.218546390533447,3.0676956176757812
33130,0,calendar_2014_test,56.84751510620117,51.0,0.8902838826179504,0.0,4.051440238952637,5.847515106201172
33131,0,calendar_2014_test,53.74580764770508,54.0,0.9024593234062195,0.0,3.6018435955047607,0.2541923522949219
33132,0,calendar_2014_test,58.33665466308594,54.0,0.8774111866950989,0.0,4.526784896850586,4.3366546630859375
33133,0,calendar_2014_test,57.15687942504883,54.0,0.9115841388702393,0.0,3.2648935317993164,3.156879425048828
33134,0,calendar_2014_test,105.53214263916016,78.0,0.8441439270973206,0.0,5.755229949951172,27.532142639160156
33135,0,calendar_2014_test,75.12462615966797,80.0,0.9018769860267639,0.0,3.6233465671539307,4.875373840332031
33136,0,calendar_2014_test,83.33063507080078,77.0,0.8714659810066223,0.0,4.7463202476501465,6.330635070800781
33137,0,calendar_2014_test,79.2222671508789,79.0,0.8777457475662231,0.0,4.514430522918701,0.22226715087890625
33138,0,calendar_2014_test,85.84077453613281,79.0,0.8769276142120361,0.0,4.54464054107666,6.8407745361328125
33139,0,calendar_2014_test,82.73880767822266,59.0,0.8495743274688721,0.0,5.554705619812012,23.738807678222656
33140,0,calendar_2014_test,59.03996658325195,75.0,0.8872669339179993,0.0,4.162846088409424,15.960033416748047
33141,0,calendar_2014_test,83.3111572265625,94.0,0.8830239772796631,0.0,4.319523811340332,10.6888427734375
33142,0,calendar_2014_test,98.3237533569336,88.0,0.826013445854187,0.0,6.4247260093688965,10.323753356933594
33143,0,calendar_2014_test,91.78935241699219,88.0,0.849716305732727,0.0,5.549462795257568,3.7893524169921875
33144,0,calendar_2014_test,93.65836334228516,85.0,0.8311350345611572,0.0,6.235604286193848,8.658363342285156
33145,0,calendar_2014_test,91.14637756347656,87.0,0.8873974680900574,0.0,4.15802526473999,4.1463775634765625
33146,0,calendar_2014_test,91.2894515991211,94.0,0.8495442271232605,0.0,5.555815696716309,2.7105484008789062
33147,0,calendar_2014_test,99.17048645019531,103.0,0.8451914191246033,0.0,5.716550827026367,3.8295135498046875
33148,0,calendar_2014_test,109.08961486816406,101.0,0.8338288068771362,0.0,6.136131763458252,8.089614868164062
33149,0,calendar_2014_test,100.79513549804688,114.0,0.8410914540290833,0.0,5.867948055267334,13.204864501953125
33150,0,calendar_2014_test,119.41475677490234,123.0,0.8386562466621399,0.0,5.957871437072754,3.5852432250976562
33151,0,calendar_2014_test,119.70795440673828,122.0,0.8064368367195129,0.0,7.147623538970947,2.2920455932617188
33152,0,calendar_2014_test,117.3265609741211,96.0,0.7835486531257629,0.0,7.9928059577941895,21.326560974121094
33153,0,calendar_2014_test,87.13748168945312,51.0,0.8666151165962219,0.0,4.925446510314941,36.137481689453125
33154,0,calendar_2014_test,41.153465270996094,23.0,0.9100988507270813,0.0,3.31974196434021,18.153465270996094
33155,0,calendar_2014_test,23.932432174682617,59.0,0.9228628873825073,0.0,2.8484089374542236,35.06756782531738
33156,0,calendar_2014_test,56.531185150146484,43.0,0.8917109370231628,0.0,3.9987432956695557,13.531185150146484
33157,0,calendar_2014_test,40.18519592285156,13.0,0.9038435220718384,0.0,3.5507283210754395,27.185195922851562
33158,0,calendar_2014_test,16.76411247253418,13.0,0.9230301380157471,0.0,2.8422341346740723,3.7641124725341797
33159,0,calendar_2014_test,15.238959312438965,16.0,0.9367132782936096,0.0,2.336961030960083,0.7610406875610352
33160,0,calendar_2014_test,17.24658203125,13.0,0.9324200749397278,0.0,2.495495080947876,4.24658203125
33161,0,calendar_2014_test,15.277210235595703,12.0,0.9298802018165588,0.0,2.5892844200134277,3.277210235595703
33162,0,calendar_2014_test,16.3041934967041,18.0,0.9336162805557251,0.0,2.451323986053467,1.6958065032958984
33163,0,calendar_2014_test,21.12006378173828,16.0,0.9190831780433655,0.0,2.987980842590332,5.120063781738281
33164,0,calendar_2014_test,21.450206756591797,15.0,0.9260977506637573,0.0,2.7289557456970215,6.450206756591797
33165,0,calendar_2014_test,19.45362663269043,20.0,0.9252328872680664,0.0,2.7608940601348877,0.5463733673095703
33166,0,calendar_2014_test,25.12342071533203,17.0,0.9118049740791321,0.0,3.2567391395568848,8.123420715332031
33167,0,calendar_2014_test,24.73705291748047,19.0,0.9078604578971863,0.0,3.4023969173431396,5.737052917480469
33168,0,calendar_2014_test,24.20406723022461,40.0,0.9308372139930725,0.0,2.5539448261260986,15.79593276977539
33169,0,calendar_2014_test,44.29270935058594,44.0,0.9088574647903442,0.0,3.3655810356140137,0.2927093505859375
33170,0,calendar_2014_test,50.12793731689453,33.0,0.9167832732200623,0.0,3.0729081630706787,17.12793731689453
33171,0,calendar_2014_test,40.08403778076172,33.0,0.9182987213134766,0.0,3.0169479846954346,7.084037780761719
33172,0,calendar_2014_test,38.07884216308594,37.0,0.9142319560050964,0.0,3.1671202182769775,1.0788421630859375
33173,0,calendar_2014_test,39.378379821777344,37.0,0.9114614725112915,0.0,3.2694239616394043,2.3783798217773438
33174,0,calendar_2014_test,38.02706527709961,50.0,0.8952721357345581,0.0,3.8672406673431396,11.97293472290039
33175,0,calendar_2014_test,49.708065032958984,51.0,0.904502272605896,0.0,3.52640438079834,1.2919349670410156
33176,0,calendar_2014_test,49.919429779052734,39.0,0.901365339756012,0.0,3.642239809036255,10.919429779052734
33177,0,calendar_2014_test,36.49483871459961,28.0,0.9163877964019775,0.0,3.087512731552124,8.49483871459961
33178,0,calendar_2014_test,25.34236717224121,35.0,0.9287254810333252,0.0,2.6319239139556885,9.657632827758789
33179,0,calendar_2014_test,32.36599349975586,31.0,0.9235706329345703,0.0,2.8222734928131104,1.3659934997558594
33180,0,calendar_2014_test,29.57440757751465,31.0,0.9139562249183655,0.0,3.1773016452789307,1.4255924224853516
33181,0,calendar_2014_test,29.021900177001953,27.0,0.9221386909484863,0.0,2.875149965286255,2.021900177001953
33182,0,calendar_2014_test,28.018068313598633,23.0,0.9128093719482422,0.0,3.219651460647583,5.018068313598633
33183,0,calendar_2014_test,23.3598575592041,18.0,0.9470417499542236,0.0,1.9555670022964478,5.359857559204102
33184,0,calendar_2014_test,18.610095977783203,16.0,0.9314410090446472,0.0,2.531649351119995,2.610095977783203
33185,0,calendar_2014_test,17.53230857849121,12.0,0.930806040763855,0.0,2.555095672607422,5.532308578491211
33186,0,calendar_2014_test,14.768267631530762,14.0,0.938974142074585,0.0,2.2534756660461426,0.7682676315307617
33187,0,calendar_2014_test,16.18160057067871,14.0,0.9279584884643555,0.0,2.660244941711426,2.181600570678711
33188,0,calendar_2014_test,19.22777557373047,10.0,0.9189541935920715,0.0,2.992743968963623,9.227775573730469
33189,0,calendar_2014_test,16.413761138916016,20.0,0.9289147257804871,0.0,2.6249351501464844,3.5862388610839844
33190,0,calendar_2014_test,23.782630920410156,30.0,0.9125171899795532,0.0,3.230440855026245,6.217369079589844
33191,0,calendar_2014_test,32.511234283447266,40.0,0.9148234724998474,0.0,3.145277738571167,7.488765716552734
33192,0,calendar_2014_test,42.51708221435547,44.0,0.9127474427223206,0.0,3.2219369411468506,1.4829177856445312
33193,0,calendar_2014_test,47.225364685058594,38.0,0.9096407294273376,0.0,3.336658239364624,9.225364685058594
33194,0,calendar_2014_test,43.462398529052734,50.0,0.9033204913139343,0.0,3.570042371749878,6.537601470947266
33195,0,calendar_2014_test,57.69883728027344,64.0,0.9081627130508423,0.0,3.391234874725342,6.3011627197265625
33196,0,calendar_2014_test,68.9183349609375,99.0,0.8971264958381653,0.0,3.798766613006592,30.0816650390625
33197,0,calendar_2014_test,107.76400756835938,110.0,0.8175591230392456,0.0,6.736915588378906,2.235992431640625
33198,0,calendar_2014_test,114.55752563476562,105.0,0.8091126680374146,0.0,7.048814296722412,9.557525634765625
33199,0,calendar_2014_test,105.85041046142578,108.0,0.8512355089187622,0.0,5.493362903594971,2.1495895385742188
33200,0,calendar_2014_test,108.9095230102539,121.0,0.8585534691810608,0.0,5.223134994506836,12.090476989746094
33201,0,calendar_2014_test,127.80278015136719,126.0,0.8495604991912842,0.0,5.555214881896973,1.8027801513671875
33202,0,calendar_2014_test,126.70063018798828,103.0,0.8325902223587036,0.0,6.181869029998779,23.70063018798828
33203,0,calendar_2014_test,95.54978942871094,78.0,0.8154118061065674,0.0,6.816208839416504,17.549789428710938
33204,0,calendar_2014_test,73.64852905273438,93.0,0.9115092754364014,0.0,3.2676594257354736,19.351470947265625
33205,0,calendar_2014_test,96.07524108886719,49.0,0.8432279229164124,0.0,5.7890543937683105,47.07524108886719
33206,0,calendar_2014_test,42.85186004638672,29.0,0.8917752504348755,0.0,3.9963693618774414,13.851860046386719
33207,0,calendar_2014_test,31.692073822021484,25.0,0.9250950217247009,0.0,2.7659847736358643,6.692073822021484
33208,0,calendar_2014_test,27.19099235534668,34.0,0.9076941013336182,0.0,3.408541202545166,6.80900764465332
33209,0,calendar_2014_test,35.90708541870117,39.0,0.9128144383430481,0.0,3.219464063644409,3.092914581298828
33210,0,calendar_2014_test,42.683448791503906,41.0,0.8986833691596985,0.0,3.741274833679199,1.6834487915039062
33211,0,calendar_2014_test,44.22007369995117,48.0,0.9119637608528137,0.0,3.2508769035339355,3.779926300048828
33212,0,calendar_2014_test,53.59587860107422,49.0,0.9082894325256348,0.0,3.386556386947632,4.595878601074219
33213,0,calendar_2014_test,52.75093078613281,19.0,0.9042271971702576,0.0,3.5365607738494873,33.75093078613281
33214,0,calendar_2014_test,25.726863861083984,14.0,0.9303175806999207,0.0,2.5731327533721924,11.726863861083984
33215,0,calendar_2014_test,19.734615325927734,24.0,0.9411738514900208,0.0,2.172247886657715,4.265384674072266
33216,0,calendar_2014_test,27.64440155029297,22.0,0.9170516729354858,0.0,3.0629961490631104,5.644401550292969
33217,0,calendar_2014_test,24.10114860534668,30.0,0.9314806461334229,0.0,2.530184745788574,5.89885139465332
33218,0,calendar_2014_test,31.305307388305664,30.0,0.9137331247329712,0.0,3.185539722442627,1.305307388305664
33219,0,calendar_2014_test,33.73599624633789,37.0,0.8972230553627014,0.0,3.7951996326446533,3.2640037536621094
33220,0,calendar_2014_test,38.361717224121094,35.0,0.9102970957756042,0.0,3.31242036819458,3.3617172241210938
33221,0,calendar_2014_test,38.723751068115234,39.0,0.8916401267051697,0.0,4.001358985900879,0.2762489318847656
33222,0,calendar_2014_test,42.435489654541016,38.0,0.8989877700805664,0.0,3.7300357818603516,4.435489654541016
33223,0,calendar_2014_test,40.25352478027344,35.0,0.9114339351654053,0.0,3.2704412937164307,5.2535247802734375
33224,0,calendar_2014_test,34.17509841918945,29.0,0.9168327450752258,0.0,3.0710813999176025,5.175098419189453
33225,0,calendar_2014_test,28.933006286621094,28.0,0.9185127019882202,0.0,3.0090458393096924,0.9330062866210938
33226,0,calendar_2014_test,26.53192901611328,18.0,0.9436162114143372,0.0,2.0820600986480713,8.531929016113281
33227,0,calendar_2014_test,17.777515411376953,25.0,0.9480780959129333,0.0,1.9172974824905396,7.222484588623047
33228,0,calendar_2014_test,21.945417404174805,34.0,0.9281119108200073,0.0,2.654581308364868,12.054582595825195
33229,0,calendar_2014_test,30.395153045654297,24.0,0.9191148281097412,0.0,2.9868111610412598,6.395153045654297
33230,0,calendar_2014_test,25.408824920654297,23.0,0.9125044345855713,0.0,3.23091197013855,2.408824920654297
33231,0,calendar_2014_test,25.592098236083984,30.0,0.9275330305099487,0.0,2.675956964492798,4.407901763916016
33232,0,calendar_2014_test,30.485071182250977,35.0,0.9172399044036865,0.0,3.0560460090637207,4.514928817749023
33233,0,calendar_2014_test,37.264957427978516,46.0,0.9107543230056763,0.0,3.295536756515503,8.735042572021484
33234,0,calendar_2014_test,46.958316802978516,47.0,0.9032483696937561,0.0,3.5727055072784424,0.041683197021484375
33235,0,calendar_2014_test,51.78091049194336,39.0,0.9258085489273071,0.0,2.7396364212036133,12.78091049194336
33236,0,calendar_2014_test,41.19284439086914,50.0,0.9110756516456604,0.0,3.2836720943450928,8.80715560913086
33237,0,calendar_2014_test,54.73615646362305,54.0,0.888998806476593,0.0,4.098893642425537,0.7361564636230469
33238,0,calendar_2014_test,57.59139633178711,59.0,0.9006485939025879,0.0,3.6687068939208984,1.4086036682128906
33239,0,calendar_2014_test,64.32937622070312,58.0,0.8915919065475464,0.0,4.003139972686768,6.329376220703125
33240,0,calendar_2014_test,62.9449577331543,70.0,0.9099187254905701,0.0,3.3263931274414062,7.055042266845703
33241,0,calendar_2014_test,73.77265167236328,90.0,0.8950079083442688,0.0,3.876997947692871,16.22734832763672
33242,0,calendar_2014_test,94.88804626464844,106.0,0.8291189074516296,0.0,6.31005334854126,11.111953735351562
33243,0,calendar_2014_test,108.82976531982422,128.0,0.8272409439086914,0.0,6.379398822784424,19.17023468017578
33244,0,calendar_2014_test,133.6325225830078,118.0,0.8362696170806885,0.0,6.046002388000488,15.632522583007812
33245,0,calendar_2014_test,119.12796783447266,111.0,0.8272244334220886,0.0,6.380009651184082,8.127967834472656
33246,0,calendar_2014_test,110.21713256835938,131.0,0.8175682425498962,0.0,6.736579895019531,20.782867431640625
33247,0,calendar_2014_test,135.33258056640625,153.0,0.7938287258148193,0.0,7.613199234008789,17.66741943359375
33248,0,calendar_2014_test,158.46246337890625,169.0,0.7693567872047424,0.0,8.516862869262695,10.53753662109375
33249,0,calendar_2014_test,173.61398315429688,161.0,0.7857164740562439,0.0,7.912755489349365,12.613983154296875
33250,0,calendar_2014_test,156.9430694580078,141.0,0.7658451795578003,0.0,8.64653491973877,15.943069458007812
33251,0,calendar_2014_test,134.37081909179688,117.0,0.7898421287536621,0.0,7.760410785675049,17.370819091796875
33252,0,calendar_2014_test,109.14920806884766,117.0,0.800560712814331,0.0,7.364610195159912,7.850791931152344
33253,0,calendar_2014_test,119.64601135253906,101.0,0.8043808937072754,0.0,7.223543643951416,18.646011352539062
33254,0,calendar_2014_test,98.20869445800781,94.0,0.8724334836006165,0.0,4.710594177246094,4.2086944580078125
33255,0,calendar_2014_test,92.17214965820312,89.0,0.8663983345031738,0.0,4.933450698852539,3.172149658203125
33256,0,calendar_2014_test,87.36978912353516,82.0,0.8870234489440918,0.0,4.171837329864502,5.369789123535156
33257,0,calendar_2014_test,83.31498718261719,105.0,0.8553318977355957,0.0,5.342098236083984,21.685012817382812
33258,0,calendar_2014_test,111.43095397949219,130.0,0.8321043848991394,0.0,6.199810028076172,18.569046020507812
33259,0,calendar_2014_test,134.9072723388672,161.0,0.8189505338668823,0.0,6.685535907745361,26.092727661132812
33260,0,calendar_2014_test,167.29495239257812,156.0,0.7667035460472107,0.0,8.614837646484375,11.294952392578125
33261,0,calendar_2014_test,154.1696014404297,100.0,0.7839962244033813,0.0,7.9762797355651855,54.16960144042969
33262,0,calendar_2014_test,83.82408142089844,62.0,0.8605162501335144,0.0,5.150656700134277,21.824081420898438
33263,0,calendar_2014_test,54.912574768066406,84.0,0.8670682907104492,0.0,4.908712387084961,29.087425231933594
33264,0,calendar_2014_test,91.85429382324219,61.0,0.8646026849746704,0.0,4.999759674072266,30.854293823242188
33265,0,calendar_2014_test,60.994384765625,80.0,0.8904098272323608,0.0,4.04679012298584,19.005615234375
33266,0,calendar_2014_test,85.61579132080078,113.0,0.8854026794433594,0.0,4.231687068939209,27.38420867919922
33267,0,calendar_2014_test,123.27063751220703,140.0,0.8549374341964722,0.0,5.356662750244141,16.72936248779297
33268,0,calendar_2014_test,149.23004150390625,134.0,0.7882445454597473,0.0,7.819402694702148,15.23004150390625
33269,0,calendar_2014_test,136.78973388671875,117.0,0.7822966575622559,0.0,8.039037704467773,19.78973388671875
33270,0,calendar_2014_test,115.81600189208984,112.0,0.8334180116653442,0.0,6.151301860809326,3.8160018920898438
33271,0,calendar_2014_test,114.88758850097656,130.0,0.8006508946418762,0.0,7.361279010772705,15.112411499023438
33272,0,calendar_2014_test,132.19749450683594,148.0,0.7723827362060547,0.0,8.405123710632324,15.802505493164062
33273,0,calendar_2014_test,156.3803253173828,162.0,0.7183866500854492,0.0,10.399016380310059,5.6196746826171875
33274,0,calendar_2014_test,161.53578186035156,169.0,0.7185715436935425,0.0,10.39218807220459,7.4642181396484375
33275,0,calendar_2014_test,172.22418212890625,164.0,0.7200889587402344,0.0,10.33615493774414,8.22418212890625
33276,0,calendar_2014_test,166.98841857910156,169.0,0.7463197708129883,0.0,9.36754035949707,2.0115814208984375
33277,0,calendar_2014_test,170.5789031982422,155.0,0.7620943784713745,0.0,8.785038948059082,15.578903198242188
33278,0,calendar_2014_test,151.95370483398438,178.0,0.7563691139221191,0.0,8.996454238891602,26.046295166015625
33279,0,calendar_2014_test,185.42221069335938,191.0,0.6992635726928711,0.0,11.1051664352417,5.577789306640625
33280,0,calendar_2014_test,191.72312927246094,196.0,0.7424660921096802,0.0,9.509844779968262,4.2768707275390625
33281,0,calendar_2014_test,201.2219696044922,138.0,0.6470415592193604,0.0,13.033544540405273,63.22196960449219
33282,0,calendar_2014_test,125.09935760498047,132.0,0.812062680721283,0.0,6.93988037109375,6.900642395019531
33283,0,calendar_2014_test,127.21418762207031,105.0,0.8106449842453003,0.0,6.9922308921813965,22.214187622070312
33284,0,calendar_2014_test,98.80831909179688,111.0,0.8796215057373047,0.0,4.445165634155273,12.191680908203125
33285,0,calendar_2014_test,117.1725845336914,96.0,0.8686398863792419,0.0,4.850678443908691,21.172584533691406
33286,0,calendar_2014_test,94.4280014038086,105.0,0.856124758720398,0.0,5.31281852722168,10.571998596191406
33287,0,calendar_2014_test,112.95120239257812,108.0,0.8361214399337769,0.0,6.051474571228027,4.951202392578125
33288,0,calendar_2014_test,111.7077407836914,111.0,0.8232686519622803,0.0,6.526083946228027,0.7077407836914062
33289,0,calendar_2014_test,114.60282897949219,103.0,0.8365967869758606,0.0,6.0339202880859375,11.602828979492188
33290,0,calendar_2014_test,104.34268188476562,114.0,0.8435947299003601,0.0,5.775510311126709,9.657318115234375
33291,0,calendar_2014_test,119.24720001220703,176.0,0.8079743385314941,0.0,7.090850353240967,56.75279998779297
33292,0,calendar_2014_test,179.59664916992188,221.0,0.7510080337524414,0.0,9.194418907165527,41.403350830078125
33293,0,calendar_2014_test,199.3590850830078,225.0,0.6994427442550659,0.0,11.098548889160156,25.640914916992188
33294,0,calendar_2014_test,231.87379455566406,84.0,0.6284406781196594,0.0,13.72041130065918,147.87379455566406
33295,0,calendar_2014_test,64.01737976074219,13.0,0.8785759806632996,0.0,4.483771800994873,51.01737976074219
33296,0,calendar_2014_test,20.3126277923584,20.0,0.8943697810173035,0.0,3.900561571121216,0.31262779235839844
33297,0,calendar_2014_test,21.22900390625,28.0,0.9128148555755615,0.0,3.219449520111084,6.77099609375
33298,0,calendar_2014_test,30.45966339111328,29.0,0.903373658657074,0.0,3.568080186843872,1.4596633911132812
33299,0,calendar_2014_test,28.93537139892578,24.0,0.9121559262275696,0.0,3.2437803745269775,4.935371398925781
33300,0,calendar_2014_test,24.50406837463379,32.0,0.9217568039894104,0.0,2.8892524242401123,7.495931625366211
33301,0,calendar_2014_test,35.43177032470703,40.0,0.9064949750900269,0.0,3.4528205394744873,4.568229675292969
33302,0,calendar_2014_test,45.48692321777344,47.0,0.8940484523773193,0.0,3.9124274253845215,1.5130767822265625
33303,0,calendar_2014_test,53.90697479248047,49.0,0.8762699365615845,0.0,4.5689263343811035,4.906974792480469
33304,0,calendar_2014_test,55.452144622802734,77.0,0.8644571304321289,0.0,5.005133152008057,21.547855377197266
33305,0,calendar_2014_test,85.52616119384766,103.0,0.855675458908081,0.0,5.329410076141357,17.473838806152344
33306,0,calendar_2014_test,109.95283508300781,119.0,0.827752947807312,0.0,6.360493183135986,9.047164916992188
33307,0,calendar_2014_test,124.79590606689453,132.0,0.8162487149238586,0.0,6.785305500030518,7.204093933105469
33308,0,calendar_2014_test,136.48321533203125,148.0,0.7463874816894531,0.0,9.365041732788086,11.51678466796875
33309,0,calendar_2014_test,145.03463745117188,38.0,0.7936030030250549,0.0,7.621532917022705,107.03463745117188
33310,0,calendar_2014_test,31.114967346191406,60.0,0.9057008028030396,0.0,3.482147216796875,28.885032653808594
33311,0,calendar_2014_test,67.11568450927734,76.0,0.8792098164558411,0.0,4.4603681564331055,8.884315490722656
33312,0,calendar_2014_test,85.24685668945312,56.0,0.8721863627433777,0.0,4.719719409942627,29.246856689453125
33313,0,calendar_2014_test,58.24578857421875,62.0,0.8933877944946289,0.0,3.9368233680725098,3.75421142578125
33314,0,calendar_2014_test,66.97120666503906,63.0,0.9041762351989746,0.0,3.538443088531494,3.9712066650390625
33315,0,calendar_2014_test,63.749576568603516,75.0,0.8801532983779907,0.0,4.425528526306152,11.250423431396484
33316,0,calendar_2014_test,76.14572143554688,67.0,0.8698487281799316,0.0,4.806041240692139,9.145721435546875
33317,0,calendar_2014_test,63.90351867675781,74.0,0.8929927945137024,0.0,3.9514083862304688,10.096481323242188
33318,0,calendar_2014_test,79.2325210571289,71.0,0.857353925704956,0.0,5.267430782318115,8.232521057128906
33319,0,calendar_2014_test,75.9216079711914,76.0,0.8830178380012512,0.0,4.319749355316162,0.07839202880859375
33320,0,calendar_2014_test,79.26708221435547,79.0,0.8948655128479004,0.0,3.8822567462921143,0.26708221435546875
33321,0,calendar_2014_test,79.6260757446289,82.0,0.8382587432861328,0.0,5.972548961639404,2.3739242553710938
33322,0,calendar_2014_test,84.71731567382812,53.0,0.8452773690223694,0.0,5.713375568389893,31.717315673828125
33323,0,calendar_2014_test,47.51261520385742,46.0,0.9242565035820007,0.0,2.7969470024108887,1.5126152038574219
33324,0,calendar_2014_test,44.81510925292969,46.0,0.9096836447715759,0.0,3.335073232650757,1.1848907470703125
33325,0,calendar_2014_test,46.929588317871094,45.0,0.8977161645889282,0.0,3.7769901752471924,1.9295883178710938
33326,0,calendar_2014_test,43.53032302856445,24.0,0.9113959074020386,0.0,3.2718446254730225,19.530323028564453
33327,0,calendar_2014_test,26.8319091796875,11.0,0.9278353452682495,0.0,2.66479229927063,15.8319091796875
33328,0,calendar_2014_test,17.507829666137695,22.0,0.9176545739173889,0.0,3.040734052658081,4.492170333862305
33329,0,calendar_2014_test,83.58670043945312,65.0,0.8886397480964661,0.0,4.112151622772217,18.586700439453125
33330,0,calendar_2014_test,63.47819519042969,71.0,0.8811025023460388,0.0,4.390477657318115,7.5218048095703125
33331,0,calendar_2014_test,77.81777954101562,79.0,0.8629934787750244,0.0,5.059182167053223,1.182220458984375
33332,0,calendar_2014_test,82.00402069091797,73.0,0.9084494113922119,0.0,3.380648136138916,9.004020690917969
33333,0,calendar_2014_test,78.26842498779297,72.0,0.8504576683044434,0.0,5.522086143493652,6.268424987792969
33334,0,calendar_2014_test,76.83136749267578,74.0,0.8634817600250244,0.0,5.041149139404297,2.8313674926757812
33335,0,calendar_2014_test,81.48316192626953,78.0,0.8502336144447327,0.0,5.530359268188477,3.4831619262695312
33336,0,calendar_2014_test,83.23780822753906,89.0,0.8734170794487,0.0,4.674272537231445,5.7621917724609375
33337,0,calendar_2014_test,93.46837615966797,86.0,0.869243860244751,0.0,4.828376293182373,7.468376159667969
33338,0,calendar_2014_test,90.79757690429688,59.0,0.8818632960319519,0.0,4.3623833656311035,31.797576904296875
33339,0,calendar_2014_test,56.560569763183594,39.0,0.8773505687713623,0.0,4.529021739959717,17.560569763183594
33340,0,calendar_2014_test,41.6192512512207,48.0,0.9004598259925842,0.0,3.675678253173828,6.380748748779297
33341,0,calendar_2014_test,51.303775787353516,41.0,0.8751399517059326,0.0,4.610654354095459,10.303775787353516
33342,0,calendar_2014_test,41.93471145629883,63.0,0.8945296406745911,0.0,3.894658327102661,21.065288543701172
33343,0,calendar_2014_test,63.32097244262695,59.0,0.8788490295410156,0.0,4.473690032958984,4.320972442626953
33344,0,calendar_2014_test,54.95452117919922,35.0,0.8960000872612,0.0,3.840360641479492,19.95452117919922
33345,0,calendar_2014_test,31.622907638549805,22.0,0.8937559127807617,0.0,3.9232301712036133,9.622907638549805
33346,0,calendar_2014_test,22.185306549072266,13.0,0.9425438642501831,0.0,2.1216583251953125,9.185306549072266
33347,0,calendar_2014_test,14.93966293334961,19.0,0.9485806226730347,0.0,1.8987406492233276,4.060337066650391
33348,0,calendar_2014_test,22.419178009033203,12.0,0.9204683303833008,0.0,2.9368321895599365,10.419178009033203
33349,0,calendar_2014_test,17.58608055114746,10.0,0.9289018511772156,0.0,2.625410795211792,7.586080551147461
33350,0,calendar_2014_test,17.66018295288086,11.0,0.9220748543739319,0.0,2.8775086402893066,6.660182952880859
33351,0,calendar_2014_test,18.268592834472656,17.0,0.9281303286552429,0.0,2.6539013385772705,1.2685928344726562
33352,0,calendar_2014_test,24.311134338378906,20.0,0.9424551725387573,0.0,2.1249334812164307,4.311134338378906
33353,0,calendar_2014_test,25.2958927154541,20.0,0.9158878922462463,0.0,3.105971336364746,5.295892715454102
33354,0,calendar_2014_test,25.727230072021484,38.0,0.9284857511520386,0.0,2.6407768726348877,12.272769927978516
33355,0,calendar_2014_test,44.54362869262695,61.0,0.9068363308906555,0.0,3.440213918685913,16.456371307373047
33356,0,calendar_2014_test,67.32935333251953,94.0,0.8792422413825989,0.0,4.459170818328857,26.67064666748047
33357,0,calendar_2014_test,103.3794174194336,89.0,0.8365947604179382,0.0,6.033995628356934,14.379417419433594
33358,0,calendar_2014_test,88.30702209472656,82.0,0.8553261160850525,0.0,5.342310428619385,6.3070220947265625
33359,0,calendar_2014_test,81.67646789550781,74.0,0.8458313345909119,0.0,5.692919731140137,7.6764678955078125
33360,0,calendar_2014_test,74.85627746582031,70.0,0.8884457349777222,0.0,4.119316577911377,4.8562774658203125
33361,0,calendar_2014_test,71.1058349609375,70.0,0.8878670334815979,0.0,4.140685558319092,1.1058349609375
33362,0,calendar_2014_test,71.84258270263672,71.0,0.8851601481437683,0.0,4.240641117095947,0.8425827026367188
33363,0,calendar_2014_test,72.67091369628906,76.0,0.89627605676651,0.0,3.830169200897217,3.3290863037109375
33364,0,calendar_2014_test,81.89661407470703,72.0,0.8808512091636658,0.0,4.39975643157959,9.896614074707031
33365,0,calendar_2014_test,74.26435089111328,60.0,0.8854309916496277,0.0,4.2306413650512695,14.264350891113281
33366,0,calendar_2014_test,63.217140197753906,64.0,0.8746675252914429,0.0,4.628098487854004,0.7828598022460938
33367,0,calendar_2014_test,68.90028381347656,73.0,0.8811907768249512,0.0,4.387217044830322,4.0997161865234375
33368,0,calendar_2014_test,78.92564392089844,70.0,0.8804526329040527,0.0,4.414474010467529,8.925643920898438
33369,0,calendar_2014_test,69.51527404785156,74.0,0.8811378479003906,0.0,4.389172077178955,4.4847259521484375
33370,0,calendar_2014_test,78.3669204711914,57.0,0.8837221264839172,0.0,4.293742656707764,21.366920471191406
33371,0,calendar_2014_test,57.92863845825195,62.0,0.9171050190925598,0.0,3.061028003692627,4.071361541748047
33372,0,calendar_2014_test,68.990478515625,61.0,0.8747206926345825,0.0,4.62613582611084,7.990478515625
33373,0,calendar_2014_test,64.81798553466797,54.0,0.8982194066047668,0.0,3.758409023284912,10.817985534667969
33374,0,calendar_2014_test,55.15254592895508,51.0,0.8885800242424011,0.0,4.1143574714660645,4.152545928955078
33375,0,calendar_2014_test,53.56069564819336,53.0,0.9013949632644653,0.0,3.641145944595337,0.5606956481933594
33376,0,calendar_2014_test,58.30813980102539,57.0,0.9116341471672058,0.0,3.263046979904175,1.3081398010253906
33377,0,calendar_2014_test,60.28771209716797,66.0,0.8788007497787476,0.0,4.475472927093506,5.712287902832031
33378,0,calendar_2014_test,66.70720672607422,66.0,0.9048752784729004,0.0,3.512629270553589,0.7072067260742188
33379,0,calendar_2014_test,69.38644409179688,15.0,0.8783242702484131,0.0,4.493067741394043,54.386444091796875
33380,0,calendar_2014_test,21.516305923461914,18.0,0.9351123571395874,0.0,2.3960771560668945,3.516305923461914
33381,0,calendar_2014_test,20.39441680908203,18.0,0.9245048761367798,0.0,2.787776470184326,2.3944168090820312
33382,0,calendar_2014_test,20.035730361938477,15.0,0.9420315027236938,0.0,2.140578508377075,5.035730361938477
33383,0,calendar_2014_test,17.671672821044922,16.0,0.94100022315979,0.0,2.1786603927612305,1.6716728210449219
33384,0,calendar_2014_test,16.70020866394043,18.0,0.9352806806564331,0.0,2.3898613452911377,1.2997913360595703
33385,0,calendar_2014_test,20.631681442260742,23.0,0.9187094569206238,0.0,3.0017805099487305,2.368318557739258
33386,0,calendar_2014_test,26.042999267578125,23.0,0.9256860613822937,0.0,2.7441585063934326,3.042999267578125
33387,0,calendar_2014_test,25.185274124145508,23.0,0.9355210065841675,0.0,2.3809890747070312,2.185274124145508
33388,0,calendar_2014_test,23.35546112060547,15.0,0.9254467487335205,0.0,2.7529959678649902,8.355461120605469
33389,0,calendar_2014_test,17.389362335205078,18.0,0.934408962726593,0.0,2.4220523834228516,0.6106376647949219
33390,0,calendar_2014_test,19.309568405151367,20.0,0.9298179745674133,0.0,2.591581344604492,0.6904315948486328
33391,0,calendar_2014_test,19.212984085083008,38.0,0.9283745288848877,0.0,2.6448841094970703,18.787015914916992
33392,0,calendar_2014_test,39.246585845947266,51.0,0.9044148325920105,0.0,3.529632806777954,11.753414154052734
33393,0,calendar_2014_test,54.308650970458984,49.0,0.9019472599029541,0.0,3.6207518577575684,5.308650970458984
33394,0,calendar_2014_test,50.46638870239258,51.0,0.8977324366569519,0.0,3.7763900756835938,0.5336112976074219
33395,0,calendar_2014_test,53.465110778808594,40.0,0.8992421627044678,0.0,3.7206411361694336,13.465110778808594
33396,0,calendar_2014_test,45.45351028442383,50.0,0.8912245035171509,0.0,4.0167059898376465,4.546489715576172
33397,0,calendar_2014_test,55.51247787475586,50.0,0.9137452244758606,0.0,3.185093879699707,5.512477874755859
33398,0,calendar_2014_test,54.53704071044922,38.0,0.8851534128189087,0.0,4.240889549255371,16.53704071044922
33399,0,calendar_2014_test,38.66985321044922,36.0,0.9031110405921936,0.0,3.5777766704559326,2.6698532104492188
33400,0,calendar_2014_test,38.39350509643555,41.0,0.8964433670043945,0.0,3.8239920139312744,2.606494903564453
33401,0,calendar_2014_test,37.86748123168945,34.0,0.9326785802841187,0.0,2.4859490394592285,3.867481231689453
33402,0,calendar_2014_test,41.17955780029297,13.0,0.893771767616272,0.0,3.922645330429077,28.17955780029297
33403,0,calendar_2014_test,22.207162857055664,29.0,0.9056687355041504,0.0,3.4833312034606934,6.792837142944336
33404,0,calendar_2014_test,32.69359588623047,34.0,0.8875362873077393,0.0,4.15289831161499,1.3064041137695312
33405,0,calendar_2014_test,38.676021575927734,39.0,0.9150353074073792,0.0,3.1374549865722656,0.3239784240722656
33406,0,calendar_2014_test,42.655574798583984,42.0,0.913058340549469,0.0,3.2104570865631104,0.6555747985839844
33407,0,calendar_2014_test,43.6203727722168,36.0,0.891803503036499,0.0,3.995326280593872,7.620372772216797
33408,0,calendar_2014_test,35.01541519165039,31.0,0.8955271244049072,0.0,3.8578240871429443,4.015415191650391
33409,0,calendar_2014_test,30.361522674560547,25.0,0.9317668676376343,0.0,2.5196163654327393,5.361522674560547
33410,0,calendar_2014_test,24.965837478637695,27.0,0.910291314125061,0.0,3.3126330375671387,2.0341625213623047
33411,0,calendar_2014_test,24.83827781677246,23.0,0.9229710698127747,0.0,2.844414710998535,1.838277816772461
33412,0,calendar_2014_test,22.794153213500977,21.0,0.9177631735801697,0.0,3.0367238521575928,1.7941532135009766
33413,0,calendar_2014_test,21.008758544921875,25.0,0.9251444935798645,0.0,2.76415753364563,3.991241455078125
33414,0,calendar_2014_test,22.947938919067383,18.0,0.9326257109642029,0.0,2.487901449203491,4.947938919067383
33415,0,calendar_2014_test,18.315073013305664,18.0,0.9305716156959534,0.0,2.5637524127960205,0.31507301330566406
33416,0,calendar_2014_test,17.051240921020508,15.0,0.9259329438209534,0.0,2.735042095184326,2.051240921020508
33417,0,calendar_2014_test,14.629992485046387,19.0,0.9421617388725281,0.0,2.135768413543701,4.370007514953613
33418,0,calendar_2014_test,20.55569076538086,8.0,0.9279692769050598,0.0,2.6598474979400635,12.55569076538086
33419,0,calendar_2014_test,13.514931678771973,16.0,0.9287387728691101,0.0,2.63143253326416,2.4850683212280273
33420,0,calendar_2014_test,17.665828704833984,17.0,0.9450993537902832,0.0,2.027292490005493,0.6658287048339844
33421,0,calendar_2014_test,20.74637794494629,18.0,0.9213544726371765,0.0,2.9041101932525635,2.746377944946289
33422,0,calendar_2014_test,22.55216407775879,17.0,0.9292727112770081,0.0,2.6117160320281982,5.552164077758789
33423,0,calendar_2014_test,21.08483123779297,16.0,0.9273934960365295,0.0,2.6811087131500244,5.084831237792969
33424,0,calendar_2014_test,19.18033790588379,26.0,0.9271346926689148,0.0,2.6906652450561523,6.819662094116211
33425,0,calendar_2014_test,30.594226837158203,24.0,0.9035865664482117,0.0,3.56021785736084,6.594226837158203
33426,0,calendar_2014_test,29.396717071533203,28.0,0.9254009127616882,0.0,2.754688262939453,1.3967170715332031
33427,0,calendar_2014_test,33.15526580810547,27.0,0.9021786451339722,0.0,3.612208366394043,6.155265808105469
33428,0,calendar_2014_test,33.47854232788086,34.0,0.9300713539123535,0.0,2.582223892211914,0.5214576721191406
33429,0,calendar_2014_test,38.8905029296875,28.0,0.8996716737747192,0.0,3.704782247543335,10.8905029296875
33430,0,calendar_2014_test,32.56888961791992,29.0,0.9023427963256836,0.0,3.6061456203460693,3.568889617919922
33431,0,calendar_2014_test,34.96745300292969,43.0,0.9275194406509399,0.0,2.676457643508911,8.032546997070312
33432,0,calendar_2014_test,47.946048736572266,44.0,0.8953572511672974,0.0,3.8640968799591064,3.9460487365722656
33433,0,calendar_2014_test,46.13084411621094,50.0,0.8966727256774902,0.0,3.815521001815796,3.8691558837890625
33434,0,calendar_2014_test,53.108177185058594,59.0,0.8706880211830139,0.0,4.775048732757568,5.891822814941406
33435,0,calendar_2014_test,61.93120193481445,66.0,0.9281115531921387,0.0,2.6545934677124023,4.068798065185547
33436,0,calendar_2014_test,72.66050720214844,66.0,0.8666601777076721,0.0,4.9237823486328125,6.6605072021484375
33437,0,calendar_2014_test,67.70443725585938,66.0,0.8685299158096313,0.0,4.854738235473633,1.704437255859375
33438,0,calendar_2014_test,67.23395538330078,63.0,0.877855122089386,0.0,4.510391712188721,4.233955383300781
33439,0,calendar_2014_test,67.76300811767578,64.0,0.8762186765670776,0.0,4.5708208084106445,3.7630081176757812
33440,0,calendar_2014_test,67.45954132080078,68.0,0.8969780802726746,0.0,3.804246425628662,0.5404586791992188
33441,0,calendar_2014_test,70.42200469970703,64.0,0.8695438504219055,0.0,4.817298412322998,6.422004699707031
33442,0,calendar_2014_test,66.59062194824219,50.0,0.8688905835151672,0.0,4.841420650482178,16.590621948242188
33443,0,calendar_2014_test,48.77028274536133,47.0,0.912424623966217,0.0,3.233858108520508,1.7702827453613281
33444,0,calendar_2014_test,50.003944396972656,37.0,0.9122657179832458,0.0,3.2397267818450928,13.003944396972656
33445,0,calendar_2014_test,39.77240753173828,40.0,0.9123287796974182,0.0,3.2373974323272705,0.22759246826171875
33446,0,calendar_2014_test,42.33720779418945,47.0,0.9008159041404724,0.0,3.6625277996063232,4.662792205810547
33447,0,calendar_2014_test,50.89350509643555,54.0,0.9022679924964905,0.0,3.608907461166382,3.106494903564453
33448,0,calendar_2014_test,56.742305755615234,48.0,0.9049708843231201,0.0,3.5090997219085693,8.742305755615234
33449,0,calendar_2014_test,49.70177459716797,47.0,0.9036644697189331,0.0,3.5573410987854004,2.7017745971679688
33450,0,calendar_2014_test,50.9362678527832,41.0,0.9020983576774597,0.0,3.615171432495117,9.936267852783203
33451,0,calendar_2014_test,44.337730407714844,50.0,0.9385687708854675,0.0,2.2684438228607178,5.662269592285156
33452,0,calendar_2014_test,54.763099670410156,57.0,0.8938935399055481,0.0,3.9181485176086426,2.2369003295898438
33453,0,calendar_2014_test,61.0289192199707,64.0,0.8767974376678467,0.0,4.549448490142822,2.971080780029297
33454,0,calendar_2014_test,69.38251495361328,54.0,0.8865926861763,0.0,4.187743663787842,15.382514953613281
33455,0,calendar_2014_test,56.204654693603516,52.0,0.895207941532135,0.0,3.8696117401123047,4.204654693603516
33456,0,calendar_2014_test,56.500083923339844,54.0,0.916532039642334,0.0,3.082186222076416,2.5000839233398438
33457,0,calendar_2014_test,56.48378372192383,62.0,0.9104140400886536,0.0,3.3081018924713135,5.516216278076172
33458,0,calendar_2014_test,65.18130493164062,58.0,0.8936973810195923,0.0,3.925391912460327,7.181304931640625
33459,0,calendar_2014_test,58.70372009277344,69.0,0.9182988405227661,0.0,3.0169425010681152,10.296279907226562
33460,0,calendar_2014_test,74.86795806884766,77.0,0.8763509392738342,0.0,4.56593656539917,2.1320419311523438
33461,0,calendar_2014_test,81.64940643310547,89.0,0.8886569738388062,0.0,4.111515522003174,7.350593566894531
33462,0,calendar_2014_test,94.25045013427734,90.0,0.8477423191070557,0.0,5.622354507446289,4.250450134277344
33463,0,calendar_2014_test,93.7063217163086,86.0,0.8434251546859741,0.0,5.781773090362549,7.706321716308594
33464,0,calendar_2014_test,86.24156188964844,74.0,0.9004616737365723,0.0,3.6756086349487305,12.241561889648438
33465,0,calendar_2014_test,72.46417999267578,74.0,0.8425717353820801,0.0,5.813286304473877,1.5358200073242188
33466,0,calendar_2014_test,75.9089126586914,75.0,0.8967878222465515,0.0,3.8112716674804688,0.9089126586914062
33467,0,calendar_2014_test,79.31354522705078,85.0,0.8669525384902954,0.0,4.912987232208252,5.686454772949219
33468,0,calendar_2014_test,87.68913269042969,93.0,0.8624148368835449,0.0,5.080549240112305,5.3108673095703125
33469,0,calendar_2014_test,95.47315979003906,96.0,0.862320065498352,0.0,5.084048271179199,0.5268402099609375
33470,0,calendar_2014_test,97.62997436523438,109.0,0.8367685079574585,0.0,6.027578353881836,11.370025634765625
33471,0,calendar_2014_test,111.52816009521484,98.0,0.8334561586380005,0.0,6.1498918533325195,13.528160095214844
33472,0,calendar_2014_test,98.71055603027344,113.0,0.8437058925628662,0.0,5.7714056968688965,14.289443969726562
33473,0,calendar_2014_test,120.35189819335938,128.0,0.8690989017486572,0.0,4.833729267120361,7.648101806640625
33474,0,calendar_2014_test,135.32843017578125,117.0,0.7975030541419983,0.0,7.477517127990723,18.32843017578125
33475,0,calendar_2014_test,114.14501953125,116.0,0.7878075242042542,0.0,7.835540294647217,1.85498046875
33476,0,calendar_2014_test,117.47309112548828,127.0,0.8085993528366089,0.0,7.067770481109619,9.526908874511719
33477,0,calendar_2014_test,132.10324096679688,133.0,0.752913236618042,0.0,9.124066352844238,0.896759033203125
33478,0,calendar_2014_test,133.6736602783203,150.0,0.8019172549247742,0.0,7.314517021179199,16.326339721679688
33479,0,calendar_2014_test,151.96514892578125,159.0,0.8182235956192017,0.0,6.71237850189209,7.03485107421875
33480,0,calendar_2014_test,157.6736602783203,185.0,0.7767273187637329,0.0,8.244694709777832,27.326339721679688
33481,0,calendar_2014_test,185.4977264404297,178.0,0.6798653602600098,0.0,11.8214750289917,7.4977264404296875
33482,0,calendar_2014_test,172.88267517089844,193.0,0.756641685962677,0.0,8.986387252807617,20.117324829101562
33483,0,calendar_2014_test,199.4170379638672,191.0,0.7230356931686401,0.0,10.227341651916504,8.417037963867188
33484,0,calendar_2014_test,192.22837829589844,199.0,0.6636337041854858,0.0,12.420854568481445,6.7716217041015625
33485,0,calendar_2014_test,199.13848876953125,196.0,0.7211602926254272,0.0,10.296594619750977,3.13848876953125
33486,0,calendar_2014_test,193.1633758544922,190.0,0.6410791277885437,0.0,13.253717422485352,3.1633758544921875
33487,0,calendar_2014_test,191.9823760986328,168.0,0.7514431476593018,0.0,9.178353309631348,23.982376098632812
33488,0,calendar_2014_test,160.35780334472656,128.0,0.7350969314575195,0.0,9.781962394714355,32.35780334472656
33489,0,calendar_2014_test,115.20225524902344,100.0,0.8685265779495239,0.0,4.854862213134766,15.202255249023438
33490,0,calendar_2014_test,93.51148986816406,91.0,0.857868492603302,0.0,5.248429775238037,2.5114898681640625
33491,0,calendar_2014_test,85.88963317871094,87.0,0.8231042623519897,0.0,6.53215217590332,1.1103668212890625
33492,0,calendar_2014_test,85.37686920166016,73.0,0.8509698510169983,0.0,5.503172874450684,12.376869201660156
33493,0,calendar_2014_test,72.66426086425781,62.0,0.8961712718009949,0.0,3.834038019180298,10.664260864257812
33494,0,calendar_2014_test,63.26866912841797,66.0,0.8933669328689575,0.0,3.937593936920166,2.7313308715820312
33495,0,calendar_2014_test,74.09828186035156,106.0,0.9191691279411316,0.0,2.9848062992095947,31.901718139648438
33496,0,calendar_2014_test,112.96784210205078,95.0,0.8422352075576782,0.0,5.82571268081665,17.96784210205078
33497,0,calendar_2014_test,98.02174377441406,93.0,0.9061713814735413,0.0,3.464769124984741,5.0217437744140625
33498,0,calendar_2014_test,100.6207275390625,75.0,0.8504283428192139,0.0,5.523167610168457,25.6207275390625
33499,0,calendar_2014_test,78.53306579589844,62.0,0.9045712351799011,0.0,3.523857831954956,16.533065795898438
33500,0,calendar_2014_test,66.66128540039062,61.0,0.8581728935241699,0.0,5.237188816070557,5.661285400390625
33501,0,calendar_2014_test,65.95555877685547,68.0,0.8818838596343994,0.0,4.361623287200928,2.0444412231445312
33502,0,calendar_2014_test,71.51469421386719,75.0,0.8813522458076477,0.0,4.381255626678467,3.4853057861328125
33503,0,calendar_2014_test,76.42649841308594,62.0,0.8919477462768555,0.0,3.9899990558624268,14.426498413085938
33504,0,calendar_2014_test,55.20355987548828,31.0,0.8830589652061462,0.0,4.318230628967285,24.20355987548828
33505,0,calendar_2014_test,27.889686584472656,39.0,0.9347325563430786,0.0,2.4101030826568604,11.110313415527344
33506,0,calendar_2014_test,34.10182189941406,46.0,0.9072058796882629,0.0,3.426567792892456,11.898178100585938
33507,0,calendar_2014_test,45.9080696105957,17.0,0.8785945177078247,0.0,4.483088970184326,28.908069610595703
33508,0,calendar_2014_test,20.641725540161133,6.0,0.9205532073974609,0.0,2.9336981773376465,14.641725540161133
33509,0,calendar_2014_test,13.71384334564209,4.0,0.9403383135795593,0.0,2.20310115814209,9.71384334564209
33510,0,calendar_2014_test,7.985021114349365,4.0,0.9165470600128174,0.0,3.081631660461426,3.9850211143493652
33511,0,calendar_2014_test,7.41924524307251,15.0,0.9368794560432434,0.0,2.330824851989746,7.58075475692749
33512,0,calendar_2014_test,13.328125953674316,10.0,0.9325058460235596,0.0,2.4923272132873535,3.3281259536743164
33513,0,calendar_2014_test,11.770952224731445,16.0,0.9354072213172913,0.0,2.3851895332336426,4.229047775268555
33514,0,calendar_2014_test,14.374762535095215,7.0,0.9590386152267456,0.0,1.5125643014907837,7.374762535095215
33515,0,calendar_2014_test,12.497366905212402,11.0,0.9289449453353882,0.0,2.6238186359405518,1.4973669052124023
33516,0,calendar_2014_test,13.963990211486816,12.0,0.9269745945930481,0.0,2.696577548980713,1.9639902114868164
33517,0,calendar_2014_test,13.286505699157715,7.0,0.936020016670227,0.0,2.362560987472534,6.286505699157715
33518,0,calendar_2014_test,12.048249244689941,10.0,0.9344003200531006,0.0,2.4223716259002686,2.0482492446899414
33519,0,calendar_2014_test,14.822171211242676,11.0,0.9411928653717041,0.0,2.17154598236084,3.822171211242676
33520,0,calendar_2014_test,16.580604553222656,13.0,0.942072868347168,0.0,2.139049768447876,3.5806045532226562
33521,0,calendar_2014_test,18.00867462158203,13.0,0.9432711601257324,0.0,2.0948004722595215,5.008674621582031
33522,0,calendar_2014_test,18.641820907592773,11.0,0.9211277365684509,0.0,2.912482500076294,7.641820907592773
33523,0,calendar_2014_test,17.18315887451172,18.0,0.9378690719604492,0.0,2.294281005859375,0.8168411254882812
33524,0,calendar_2014_test,21.89885902404785,27.0,0.9297545552253723,0.0,2.593924045562744,5.101140975952148
33525,0,calendar_2014_test,29.538719177246094,32.0,0.9326054453849792,0.0,2.4886505603790283,2.4612808227539062
33526,0,calendar_2014_test,33.918060302734375,25.0,0.9186851978302002,0.0,3.002675771713257,8.918060302734375
33527,0,calendar_2014_test,26.756250381469727,28.0,0.9357640147209167,0.0,2.3720154762268066,1.2437496185302734
33528,0,calendar_2014_test,24.60567283630371,22.0,0.9054520130157471,0.0,3.4913339614868164,2.605672836303711
33529,0,calendar_2014_test,20.803056716918945,35.0,0.9244582653045654,0.0,2.7894978523254395,14.196943283081055
33530,0,calendar_2014_test,30.451786041259766,32.0,0.9151430130004883,0.0,3.1334776878356934,1.5482139587402344
33531,0,calendar_2014_test,30.392980575561523,28.0,0.9125189781188965,0.0,3.230374336242676,2.3929805755615234
33532,0,calendar_2014_test,26.244285583496094,22.0,0.9010931849479675,0.0,3.652289867401123,4.244285583496094
33533,0,calendar_2014_test,21.318628311157227,17.0,0.9319643378257751,0.0,2.512324094772339,4.318628311157227
33534,0,calendar_2014_test,16.82105255126953,26.0,0.9269020557403564,0.0,2.6992576122283936,9.178947448730469
33535,0,calendar_2014_test,20.67086410522461,24.0,0.9369218349456787,0.0,2.329261302947998,3.3291358947753906
33536,0,calendar_2014_test,19.396320343017578,17.0,0.9110729694366455,0.0,3.2837703227996826,2.396320343017578
33537,0,calendar_2014_test,16.25898551940918,16.0,0.9289913177490234,0.0,2.6221070289611816,0.2589855194091797
33538,0,calendar_2014_test,14.104413986206055,13.0,0.9338158369064331,0.0,2.443953275680542,1.1044139862060547
33539,0,calendar_2014_test,11.296608924865723,14.0,0.9293779134750366,0.0,2.607830286026001,2.7033910751342773
33540,0,calendar_2014_test,13.085603713989258,9.0,0.9386530518531799,0.0,2.265331745147705,4.085603713989258
33541,0,calendar_2014_test,11.116877555847168,15.0,0.911407470703125,0.0,3.2714171409606934,3.883122444152832
33542,0,calendar_2014_test,14.961064338684082,15.0,0.9343120455741882,0.0,2.425631523132324,0.03893566131591797
33543,0,calendar_2014_test,16.03447151184082,15.0,0.9354361891746521,0.0,2.384119749069214,1.0344715118408203
33544,0,calendar_2014_test,18.36634063720703,6.0,0.9294646978378296,0.0,2.604626417160034,12.366340637207031
33545,0,calendar_2014_test,13.833734512329102,15.0,0.9270516037940979,0.0,2.6937339305877686,1.1662654876708984
33546,0,calendar_2014_test,19.029794692993164,15.0,0.9238033890724182,0.0,2.8136799335479736,4.029794692993164
33547,0,calendar_2014_test,16.532766342163086,26.0,0.9469723701477051,0.0,1.9581291675567627,9.467233657836914
33548,0,calendar_2014_test,27.588451385498047,21.0,0.9220267534255981,0.0,2.879283905029297,6.588451385498047
33549,0,calendar_2014_test,23.75033950805664,25.0,0.9455859065055847,0.0,2.009326457977295,1.2496604919433594
33550,0,calendar_2014_test,31.54867935180664,28.0,0.9055602550506592,0.0,3.4873359203338623,3.5486793518066406
33551,0,calendar_2014_test,28.337650299072266,30.0,0.9144076108932495,0.0,3.160632371902466,1.6623497009277344
33552,0,calendar_2014_test,32.87580108642578,54.0,0.9278355836868286,0.0,2.664783477783203,21.12419891357422
33553,0,calendar_2014_test,58.8370361328125,43.0,0.8991868495941162,0.0,3.7226831912994385,15.8370361328125
33554,0,calendar_2014_test,45.850406646728516,32.0,0.9063467383384705,0.0,3.4582936763763428,13.850406646728516
33555,0,calendar_2014_test,33.87932205200195,37.0,0.9251085519790649,0.0,2.765483856201172,3.120677947998047
33556,0,calendar_2014_test,39.639976501464844,30.0,0.8777064681053162,0.0,4.515881061553955,9.639976501464844
33557,0,calendar_2014_test,32.10642623901367,26.0,0.91632080078125,0.0,3.089984893798828,6.106426239013672
33558,0,calendar_2014_test,24.780345916748047,50.0,0.9194937348365784,0.0,2.9728212356567383,25.219654083251953
33559,0,calendar_2014_test,50.7342414855957,77.0,0.8866497278213501,0.0,4.185636043548584,26.265758514404297
33560,0,calendar_2014_test,82.26277923583984,45.0,0.8888031840324402,0.0,4.10611629486084,37.262779235839844
33561,0,calendar_2014_test,43.19556427001953,36.0,0.8996595740318298,0.0,3.705228805541992,7.195564270019531
33562,0,calendar_2014_test,37.4781494140625,48.0,0.9186103343963623,0.0,3.005441427230835,10.5218505859375
33563,0,calendar_2014_test,51.90453338623047,60.0,0.896571159362793,0.0,3.81927227973938,8.095466613769531
33564,0,calendar_2014_test,60.302085876464844,48.0,0.8980292677879333,0.0,3.765429973602295,12.302085876464844
33565,0,calendar_2014_test,48.81769943237305,59.0,0.8950676321983337,0.0,3.87479305267334,10.182300567626953
33566,0,calendar_2014_test,60.91543197631836,61.0,0.8731038570404053,0.0,4.68583869934082,0.08456802368164062
33567,0,calendar_2014_test,64.34135437011719,59.0,0.882188081741333,0.0,4.3503899574279785,5.3413543701171875
33568,0,calendar_2014_test,59.38357162475586,31.0,0.8829107284545898,0.0,4.323704719543457,28.38357162475586
33569,0,calendar_2014_test,33.518123626708984,39.0,0.92945796251297,0.0,2.6048762798309326,5.481876373291016
33570,0,calendar_2014_test,40.58988952636719,33.0,0.9086117744445801,0.0,3.3746531009674072,7.5898895263671875
33571,0,calendar_2014_test,37.08403396606445,62.0,0.9184510111808777,0.0,3.011324167251587,24.915966033935547
33572,0,calendar_2014_test,67.72928619384766,59.0,0.8889626860618591,0.0,4.100226402282715,8.729286193847656
33573,0,calendar_2014_test,62.15800476074219,66.0,0.889070451259613,0.0,4.096248149871826,3.8419952392578125
33574,0,calendar_2014_test,69.94451141357422,69.0,0.8967188000679016,0.0,3.8138208389282227,0.9445114135742188
33575,0,calendar_2014_test,75.15294647216797,70.0,0.9088449478149414,0.0,3.3660428524017334,5.152946472167969
33576,0,calendar_2014_test,75.12505340576172,67.0,0.8890498876571655,0.0,4.097008228302002,8.125053405761719
33577,0,calendar_2014_test,70.52798461914062,59.0,0.8853258490562439,0.0,4.234522819519043,11.527984619140625
33578,0,calendar_2014_test,58.9910888671875,68.0,0.8809710741043091,0.0,4.395328998565674,9.0089111328125
33579,0,calendar_2014_test,71.728515625,84.0,0.8798463344573975,0.0,4.436862468719482,12.271484375
33580,0,calendar_2014_test,87.90560150146484,104.0,0.8590368032455444,0.0,5.205287933349609,16.094398498535156
33581,0,calendar_2014_test,103.76042175292969,94.0,0.8303195238113403,0.0,6.265717506408691,9.760421752929688
33582,0,calendar_2014_test,87.52558135986328,80.0,0.8674792647361755,0.0,4.8935370445251465,7.525581359863281
33583,0,calendar_2014_test,81.0347671508789,65.0,0.865519106388092,0.0,4.965917587280273,16.034767150878906
33584,0,calendar_2014_test,64.84400939941406,61.0,0.886588454246521,0.0,4.187900543212891,3.8440093994140625
33585,0,calendar_2014_test,60.596641540527344,64.0,0.8677283525466919,0.0,4.884337902069092,3.4033584594726562
33586,0,calendar_2014_test,66.70511627197266,71.0,0.8989138603210449,0.0,3.7327654361724854,4.294883728027344
33587,0,calendar_2014_test,72.25182342529297,93.0,0.8842024803161621,0.0,4.27600622177124,20.74817657470703
33588,0,calendar_2014_test,93.9813003540039,104.0,0.8330362439155579,0.0,6.165399551391602,10.018699645996094
33589,0,calendar_2014_test,106.12423706054688,95.0,0.8689757585525513,0.0,4.838276386260986,11.124237060546875
33590,0,calendar_2014_test,92.41683197021484,74.0,0.8792104125022888,0.0,4.46034574508667,18.416831970214844
33591,0,calendar_2014_test,68.18264770507812,72.0,0.8802593946456909,0.0,4.421610355377197,3.817352294921875
33592,0,calendar_2014_test,72.8272705078125,51.0,0.8775821924209595,0.0,4.520470142364502,21.8272705078125
33593,0,calendar_2014_test,46.68344497680664,54.0,0.900442361831665,0.0,3.676323413848877,7.316555023193359
33594,0,calendar_2014_test,54.89822769165039,40.0,0.8803315758705139,0.0,4.418944358825684,14.89822769165039
33595,0,calendar_2014_test,40.70185470581055,45.0,0.9135004281997681,0.0,3.1941330432891846,4.298145294189453
33596,0,calendar_2014_test,46.95304870605469,51.0,0.9019371271133423,0.0,3.6211254596710205,4.0469512939453125
33597,0,calendar_2014_test,52.76755905151367,59.0,0.9125722050666809,0.0,3.2284083366394043,6.232440948486328
33598,0,calendar_2014_test,62.549560546875,57.0,0.8792757391929626,0.0,4.45793342590332,5.549560546875
33599,0,calendar_2014_test,58.75017166137695,59.0,0.881842315196991,0.0,4.363157272338867,0.24982833862304688
33600,0,calendar_2014_test,63.73954391479492,58.0,0.8703684210777283,0.0,4.786850452423096,5.739543914794922
33601,0,calendar_2014_test,60.19072723388672,59.0,0.8713133931159973,0.0,4.751955032348633,1.1907272338867188
33602,0,calendar_2014_test,60.60647201538086,63.0,0.8908700346946716,0.0,4.0297956466674805,2.3935279846191406
33603,0,calendar_2014_test,63.36782455444336,76.0,0.9014083743095398,0.0,3.6406497955322266,12.63217544555664
33604,0,calendar_2014_test,77.9309310913086,86.0,0.8708189725875854,0.0,4.770211696624756,8.069068908691406
33605,0,calendar_2014_test,90.51689147949219,100.0,0.866610586643219,0.0,4.9256134033203125,9.483108520507812
33606,0,calendar_2014_test,105.71727752685547,108.0,0.8357140421867371,0.0,6.066516876220703,2.2827224731445312
33607,0,calendar_2014_test,112.420166015625,108.0,0.8464766144752502,0.0,5.669092655181885,4.420166015625
33608,0,calendar_2014_test,108.93262481689453,101.0,0.7939161658287048,0.0,7.609968662261963,7.932624816894531
33609,0,calendar_2014_test,99.31990814208984,105.0,0.8678133487701416,0.0,4.881199836730957,5.680091857910156
33610,0,calendar_2014_test,104.97704315185547,105.0,0.8548863530158997,0.0,5.358550071716309,0.02295684814453125
33611,0,calendar_2014_test,103.50047302246094,102.0,0.855495810508728,0.0,5.336043834686279,1.5004730224609375
33612,0,calendar_2014_test,100.00492858886719,116.0,0.8068777918815613,0.0,7.131340503692627,15.995071411132812
33613,0,calendar_2014_test,117.8886489868164,124.0,0.770922064781189,0.0,8.459062576293945,6.111351013183594
33614,0,calendar_2014_test,124.4271240234375,122.0,0.8074294924736023,0.0,7.110969066619873,2.4271240234375
33615,0,calendar_2014_test,120.0213394165039,122.0,0.8565968871116638,0.0,5.295385360717773,1.9786605834960938
33616,0,calendar_2014_test,121.56647491455078,121.0,0.8140271902084351,0.0,6.867339134216309,0.5664749145507812
33617,0,calendar_2014_test,119.65532684326172,141.0,0.8113652467727661,0.0,6.965634822845459,21.34467315673828
33618,0,calendar_2014_test,144.0829315185547,163.0,0.7948592901229858,0.0,7.575142860412598,18.917068481445312
33619,0,calendar_2014_test,162.31187438964844,168.0,0.7728493809700012,0.0,8.387893676757812,5.6881256103515625
33620,0,calendar_2014_test,166.50125122070312,149.0,0.7508158683776855,0.0,9.20151424407959,17.501251220703125
33621,0,calendar_2014_test,134.8809051513672,66.0,0.8213746547698975,0.0,6.5960211753845215,68.88090515136719
33622,0,calendar_2014_test,52.731605529785156,48.0,0.8912144303321838,0.0,4.017077922821045,4.731605529785156
33623,0,calendar_2014_test,48.99225616455078,27.0,0.8909961581230164,0.0,4.025138854980469,21.99225616455078
33624,0,calendar_2014_test,30.7105712890625,30.0,0.9047446250915527,0.0,3.5174543857574463,0.7105712890625
33625,0,calendar_2014_test,30.986421585083008,34.0,0.9063217043876648,0.0,3.4592182636260986,3.013578414916992
33626,0,calendar_2014_test,33.64280700683594,43.0,0.9081496000289917,0.0,3.391720771789551,9.357192993164062
33627,0,calendar_2014_test,46.40892028808594,45.0,0.8745032548904419,0.0,4.6341657638549805,1.4089202880859375
33628,0,calendar_2014_test,47.426475524902344,65.0,0.8900817632675171,0.0,4.05890417098999,17.573524475097656
33629,0,calendar_2014_test,69.26164245605469,59.0,0.9086323976516724,0.0,3.373891830444336,10.261642456054688
33630,0,calendar_2014_test,62.378868103027344,58.0,0.8862091898918152,0.0,4.201905250549316,4.378868103027344
33631,0,calendar_2014_test,61.92558670043945,57.0,0.8814839720726013,0.0,4.37639045715332,4.925586700439453
33632,0,calendar_2014_test,62.650142669677734,52.0,0.8990808725357056,0.0,3.7265963554382324,10.650142669677734
33633,0,calendar_2014_test,55.686458587646484,33.0,0.9013458490371704,0.0,3.642958402633667,22.686458587646484
33634,0,calendar_2014_test,38.091182708740234,50.0,0.9077016115188599,0.0,3.408262014389038,11.908817291259766
33635,0,calendar_2014_test,57.65785217285156,56.0,0.8895944952964783,0.0,4.076897144317627,1.6578521728515625
33636,0,calendar_2014_test,62.569053649902344,64.0,0.889624834060669,0.0,4.075775623321533,1.4309463500976562
33637,0,calendar_2014_test,72.0036849975586,66.0,0.8912199139595032,0.0,4.016875743865967,6.003684997558594
33638,0,calendar_2014_test,72.45233917236328,72.0,0.8912901282310486,0.0,4.0142822265625,0.45233917236328125
33639,0,calendar_2014_test,78.51953125,78.0,0.8721679449081421,0.0,4.720398426055908,0.51953125
33640,0,calendar_2014_test,85.91255950927734,78.0,0.8811141848564148,0.0,4.390046119689941,7.912559509277344
33641,0,calendar_2014_test,84.27471160888672,84.0,0.8428068161010742,0.0,5.8046040534973145,0.27471160888671875
33642,0,calendar_2014_test,87.30596160888672,98.0,0.8763724565505981,0.0,4.565140724182129,10.694038391113281
33643,0,calendar_2014_test,100.81968688964844,110.0,0.8605607748031616,0.0,5.149011611938477,9.180313110351562
33644,0,calendar_2014_test,114.83028411865234,114.0,0.8149598836898804,0.0,6.832897186279297,0.8302841186523438
33645,0,calendar_2014_test,117.5832748413086,101.0,0.8205336332321167,0.0,6.627076148986816,16.583274841308594
33646,0,calendar_2014_test,98.4786605834961,111.0,0.8585230708122253,0.0,5.224257946014404,12.521339416503906
33647,0,calendar_2014_test,114.97348022460938,110.0,0.8275542259216309,0.0,6.367830753326416,4.973480224609375
33648,0,calendar_2014_test,112.16075134277344,134.0,0.8848941922187805,0.0,4.250462532043457,21.839248657226562
33649,0,calendar_2014_test,140.63565063476562,169.0,0.7835320234298706,0.0,7.993420600891113,28.364349365234375
33650,0,calendar_2014_test,172.26321411132812,190.0,0.7711107730865479,0.0,8.452095031738281,17.736785888671875
33651,0,calendar_2014_test,192.22640991210938,214.0,0.7153140306472778,0.0,10.51247501373291,21.773590087890625
33652,0,calendar_2014_test,216.27784729003906,239.0,0.6997730731964111,0.0,11.08635139465332,22.722152709960938
33653,0,calendar_2014_test,238.53756713867188,250.0,0.7090178728103638,0.0,10.74497127532959,11.462432861328125
33654,0,calendar_2014_test,246.95468139648438,259.0,0.5636022090911865,0.0,16.114675521850586,12.045318603515625
33655,0,calendar_2014_test,254.6251678466797,263.0,0.5593951940536499,0.0,16.2700252532959,8.374832153320312
33656,0,calendar_2014_test,254.43392944335938,280.0,0.6435494422912598,0.0,13.162496566772461,25.566070556640625
33657,0,calendar_2014_test,277.4044494628906,277.0,0.5976541042327881,0.0,14.857254028320312,0.404449462890625
33658,0,calendar_2014_test,267.2310485839844,274.0,0.6632435917854309,0.0,12.435258865356445,6.768951416015625
33659,0,calendar_2014_test,270.3258972167969,256.0,0.587388277053833,0.0,15.236335754394531,14.325897216796875
33660,0,calendar_2014_test,248.9162139892578,232.0,0.6351561546325684,0.0,13.472431182861328,16.916213989257812
33661,0,calendar_2014_test,220.2173614501953,212.0,0.7228299379348755,0.0,10.234938621520996,8.217361450195312
33662,0,calendar_2014_test,204.42564392089844,177.0,0.5872116088867188,0.0,15.242860794067383,27.425643920898438
33663,0,calendar_2014_test,165.5889129638672,175.0,0.7646493911743164,0.0,8.690690040588379,9.411087036132812
33664,0,calendar_2014_test,173.473876953125,167.0,0.7238655090332031,0.0,10.196700096130371,6.473876953125
33665,0,calendar_2014_test,162.8386688232422,161.0,0.8169099688529968,0.0,6.760887622833252,1.8386688232421875
33666,0,calendar_2014_test,158.65476989746094,150.0,0.7399429082870483,0.0,9.60301685333252,8.654769897460938
33667,0,calendar_2014_test,143.53494262695312,153.0,0.7676558494567871,0.0,8.579672813415527,9.465057373046875
33668,0,calendar_2014_test,158.3782196044922,206.0,0.7535881996154785,0.0,9.099142074584961,47.62178039550781
33669,0,calendar_2014_test,216.61819458007812,237.0,0.7447291612625122,0.0,9.426278114318848,20.381805419921875
33670,0,calendar_2014_test,244.23155212402344,250.0,0.6881115436553955,0.0,11.51697063446045,5.7684478759765625
33671,0,calendar_2014_test,252.0514373779297,295.0,0.6169764995574951,0.0,14.143744468688965,42.94856262207031
33672,0,calendar_2014_test,298.3275146484375,291.0,0.5324893593788147,0.0,17.263565063476562,7.3275146484375
33673,0,calendar_2014_test,287.09014892578125,299.0,0.5924626588821411,0.0,15.048957824707031,11.90985107421875
33674,0,calendar_2014_test,296.8057556152344,303.0,0.5351118445396423,0.0,17.166725158691406,6.194244384765625
33675,0,calendar_2014_test,292.1257629394531,293.0,0.5563769340515137,0.0,16.38147735595703,0.874237060546875
33676,0,calendar_2014_test,280.9148864746094,281.0,0.5327403545379639,0.0,17.254297256469727,0.085113525390625
33677,0,calendar_2014_test,268.18841552734375,259.0,0.6703243851661682,0.0,12.173789978027344,9.18841552734375
33678,0,calendar_2014_test,239.44593811035156,226.0,0.6379011273384094,0.0,13.37106990814209,13.445938110351562
33679,0,calendar_2014_test,204.18763732910156,201.0,0.6886746883392334,0.0,11.496174812316895,3.1876373291015625
33680,0,calendar_2014_test,186.5857391357422,185.0,0.7101086378097534,0.0,10.704694747924805,1.5857391357421875
33681,0,calendar_2014_test,178.3043975830078,153.0,0.6913079023361206,0.0,11.398940086364746,25.304397583007812
33682,0,calendar_2014_test,139.21080017089844,145.0,0.749360203742981,0.0,9.255268096923828,5.7891998291015625
33683,0,calendar_2014_test,139.35704040527344,152.0,0.7489639520645142,0.0,9.26990032196045,12.642959594726562
33684,0,calendar_2014_test,152.92041015625,137.0,0.7585427761077881,0.0,8.916186332702637,15.92041015625
33685,0,calendar_2014_test,132.38511657714844,137.0,0.8518204689025879,0.0,5.4717607498168945,4.6148834228515625
33686,0,calendar_2014_test,140.27235412597656,139.0,0.8041543364524841,0.0,7.231909275054932,1.2723541259765625
33687,0,calendar_2014_test,140.18687438964844,178.0,0.8131188154220581,0.0,6.900881767272949,37.81312561035156
33688,0,calendar_2014_test,188.20689392089844,200.0,0.6842812299728394,0.0,11.65841007232666,11.793106079101562
33689,0,calendar_2014_test,202.38087463378906,213.0,0.5896341800689697,0.0,15.153402328491211,10.619125366210938
33690,0,calendar_2014_test,219.92095947265625,148.0,0.5711761116981506,0.0,15.83499526977539,71.92095947265625
33691,0,calendar_2014_test,135.33807373046875,194.0,0.81452876329422,0.0,6.848816394805908,58.66192626953125
33692,0,calendar_2014_test,198.72703552246094,172.0,0.6638888120651245,0.0,12.4114351272583,26.727035522460938
33693,0,calendar_2014_test,162.86929321289062,151.0,0.7841194868087769,0.0,7.97172737121582,11.869293212890625
33694,0,calendar_2014_test,145.46107482910156,156.0,0.8001757860183716,0.0,7.378823280334473,10.538925170898438
33695,0,calendar_2014_test,162.61854553222656,168.0,0.7728716135025024,0.0,8.387072563171387,5.3814544677734375
33696,0,calendar_2014_test,174.14593505859375,172.0,0.8083922863006592,0.0,7.075415134429932,2.14593505859375
33697,0,calendar_2014_test,175.90274047851562,174.0,0.7192949652671814,0.0,10.365474700927734,1.902740478515625
33698,0,calendar_2014_test,176.61318969726562,169.0,0.7538113594055176,0.0,9.090901374816895,7.613189697265625
33699,0,calendar_2014_test,168.8151397705078,158.0,0.7991575598716736,0.0,7.416422367095947,10.815139770507812
33700,0,calendar_2014_test,156.2021942138672,152.0,0.8259317874908447,0.0,6.427741050720215,4.2021942138671875
33701,0,calendar_2014_test,152.32032775878906,149.0,0.7496205568313599,0.0,9.245655059814453,3.3203277587890625
33702,0,calendar_2014_test,151.69976806640625,148.0,0.7320601940155029,0.0,9.894098281860352,3.69976806640625
33703,0,calendar_2014_test,151.79391479492188,125.0,0.81651771068573,0.0,6.775371074676514,26.793914794921875
33704,0,calendar_2014_test,121.32112121582031,112.0,0.8300591707229614,0.0,6.275333404541016,9.321121215820312
33705,0,calendar_2014_test,108.41736602783203,105.0,0.8378283381462097,0.0,5.988443851470947,3.4173660278320312
33706,0,calendar_2014_test,104.44970703125,114.0,0.8634017109870911,0.0,5.044106483459473,9.55029296875
33707,0,calendar_2014_test,116.10795593261719,96.0,0.7808705568313599,0.0,8.09169864654541,20.107955932617188
33708,0,calendar_2014_test,93.74598693847656,80.0,0.8494225144386292,0.0,5.5603108406066895,13.745986938476562
33709,0,calendar_2014_test,79.60408782958984,71.0,0.8542670607566833,0.0,5.381417751312256,8.604087829589844
33710,0,calendar_2014_test,70.61573028564453,67.0,0.8763253688812256,0.0,4.566879749298096,3.6157302856445312
33711,0,calendar_2014_test,67.72563171386719,74.0,0.8775838613510132,0.0,4.5204081535339355,6.2743682861328125
33712,0,calendar_2014_test,80.16502380371094,70.0,0.8955389261245728,0.0,3.857389211654663,10.165023803710938
33713,0,calendar_2014_test,74.67798614501953,77.0,0.8679094314575195,0.0,4.877651214599609,2.3220138549804688
33714,0,calendar_2014_test,83.509521484375,77.0,0.8522610664367676,0.0,5.4554924964904785,6.509521484375
33715,0,calendar_2014_test,81.11349487304688,91.0,0.8652458786964417,0.0,4.97600793838501,9.886505126953125
33716,0,calendar_2014_test,98.48323822021484,107.0,0.8450611233711243,0.0,5.721360683441162,8.516761779785156
33717,0,calendar_2014_test,114.02527618408203,157.0,0.7986400127410889,0.0,7.435532569885254,42.97472381591797
33718,0,calendar_2014_test,165.06991577148438,184.0,0.7625970840454102,0.0,8.76647663116455,18.930084228515625
33719,0,calendar_2014_test,187.72787475585938,182.0,0.7331851720809937,0.0,9.852557182312012,5.727874755859375
33720,0,calendar_2014_test,180.12841796875,207.0,0.7306472063064575,0.0,9.94627571105957,26.87158203125
33721,0,calendar_2014_test,211.22935485839844,233.0,0.63642418384552,0.0,13.425609588623047,21.770645141601562
33722,0,calendar_2014_test,237.39064025878906,212.0,0.7473580837249756,0.0,9.32919979095459,25.390640258789062
33723,0,calendar_2014_test,198.04176330566406,209.0,0.7517391443252563,0.0,9.167423248291016,10.958236694335938
33724,0,calendar_2014_test,204.89210510253906,237.0,0.7123786211013794,0.0,10.620870590209961,32.10789489746094
33725,0,calendar_2014_test,236.68467712402344,252.0,0.6510881185531616,0.0,12.884119987487793,15.315322875976562
33726,0,calendar_2014_test,253.8839569091797,233.0,0.5563948154449463,0.0,16.380817413330078,20.883956909179688
33727,0,calendar_2014_test,217.7832489013672,240.0,0.7163316011428833,0.0,10.474900245666504,22.216751098632812
33728,0,calendar_2014_test,244.46812438964844,218.0,0.7278423309326172,0.0,10.049849510192871,26.468124389648438
33729,0,calendar_2014_test,205.50125122070312,217.0,0.6244121193885803,0.0,13.869173049926758,11.498748779296875
33730,0,calendar_2014_test,214.28475952148438,196.0,0.7162322998046875,0.0,10.478569030761719,18.284759521484375
33731,0,calendar_2014_test,188.27976989746094,180.0,0.7360332012176514,0.0,9.747387886047363,8.279769897460938
33732,0,calendar_2014_test,174.18309020996094,157.0,0.7278869152069092,0.0,10.048201560974121,17.183090209960938
33733,0,calendar_2014_test,147.50637817382812,153.0,0.8003178834915161,0.0,7.3735761642456055,5.493621826171875
33734,0,calendar_2014_test,151.03787231445312,153.0,0.7813002467155457,0.0,8.075831413269043,1.962127685546875
33735,0,calendar_2014_test,155.57974243164062,150.0,0.7434266209602356,0.0,9.474374771118164,5.579742431640625
33736,0,calendar_2014_test,149.7725067138672,158.0,0.7751731276512146,0.0,8.302085876464844,8.227493286132812
33737,0,calendar_2014_test,159.0463409423828,168.0,0.742814302444458,0.0,9.49698543548584,8.953659057617188
33738,0,calendar_2014_test,172.37295532226562,167.0,0.7425905466079712,0.0,9.5052490234375,5.372955322265625
33739,0,calendar_2014_test,170.21957397460938,184.0,0.6891317367553711,0.0,11.479299545288086,13.780426025390625
33740,0,calendar_2014_test,190.18785095214844,194.0,0.7325806617736816,0.0,9.8748779296875,3.8121490478515625
33741,0,calendar_2014_test,198.69418334960938,181.0,0.7431408166885376,0.0,9.484930038452148,17.694183349609375
33742,0,calendar_2014_test,176.64447021484375,153.0,0.721815824508667,0.0,10.272388458251953,23.64447021484375
33743,0,calendar_2014_test,140.51101684570312,139.0,0.7718380689620972,0.0,8.425238609313965,1.511016845703125
33744,0,calendar_2014_test,133.24810791015625,133.0,0.8274821043014526,0.0,6.370494842529297,0.24810791015625
33745,0,calendar_2014_test,129.5185089111328,130.0,0.7750297784805298,0.0,8.307379722595215,0.4814910888671875
33746,0,calendar_2014_test,131.7981414794922,116.0,0.7750986814498901,0.0,8.30483341217041,15.798141479492188
33747,0,calendar_2014_test,113.76342010498047,114.0,0.8698912262916565,0.0,4.804470539093018,0.23657989501953125
33748,0,calendar_2014_test,118.0601806640625,99.0,0.8218544721603394,0.0,6.57830286026001,19.0601806640625
33749,0,calendar_2014_test,99.27149963378906,94.0,0.8365002870559692,0.0,6.0374836921691895,5.2714996337890625
33750,0,calendar_2014_test,95.59280395507812,84.0,0.8485966920852661,0.0,5.590806007385254,11.592803955078125
33751,0,calendar_2014_test,84.67406463623047,80.0,0.8831217288970947,0.0,4.315913677215576,4.674064636230469
33752,0,calendar_2014_test,80.06510925292969,80.0,0.8481236100196838,0.0,5.608273983001709,0.0651092529296875
33753,0,calendar_2014_test,81.22532653808594,88.0,0.8606946468353271,0.0,5.144069671630859,6.7746734619140625
33754,0,calendar_2014_test,91.45514678955078,103.0,0.8643055558204651,0.0,5.010731220245361,11.544853210449219
33755,0,calendar_2014_test,108.7961196899414,132.0,0.8464111089706421,0.0,5.671510219573975,23.203880310058594
33756,0,calendar_2014_test,138.71743774414062,151.0,0.7712148427963257,0.0,8.448251724243164,12.282562255859375
33757,0,calendar_2014_test,155.36094665527344,165.0,0.7770625948905945,0.0,8.23231315612793,9.639053344726562
33758,0,calendar_2014_test,166.12713623046875,182.0,0.731296956539154,0.0,9.922282218933105,15.87286376953125
33759,0,calendar_2014_test,183.07583618164062,191.0,0.7097523808479309,0.0,10.717849731445312,7.924163818359375
33760,0,calendar_2014_test,193.62112426757812,193.0,0.6867882609367371,0.0,11.565835952758789,0.621124267578125
33761,0,calendar_2014_test,192.79330444335938,192.0,0.6330863237380981,0.0,13.54886531829834,0.793304443359375
33762,0,calendar_2014_test,187.82652282714844,189.0,0.721232533454895,0.0,10.293928146362305,1.1734771728515625
33763,0,calendar_2014_test,183.66632080078125,188.0,0.7410239577293396,0.0,9.56309700012207,4.33367919921875
33764,0,calendar_2014_test,186.97377014160156,223.0,0.6709856390953064,0.0,12.149372100830078,36.02622985839844
33765,0,calendar_2014_test,227.13824462890625,239.0,0.6567564606666565,0.0,12.674806594848633,11.86175537109375
33766,0,calendar_2014_test,235.458251953125,235.0,0.725314736366272,0.0,10.143184661865234,0.458251953125
33767,0,calendar_2014_test,234.251953125,196.0,0.6178470253944397,0.0,14.11159896850586,38.251953125
33768,0,calendar_2014_test,179.86074829101562,180.0,0.7495280504226685,0.0,9.249069213867188,0.139251708984375
33769,0,calendar_2014_test,177.5053253173828,192.0,0.6972761154174805,0.0,11.17855453491211,14.494674682617188
33770,0,calendar_2014_test,194.25515747070312,187.0,0.7133423089981079,0.0,10.585284233093262,7.255157470703125
33771,0,calendar_2014_test,181.20745849609375,164.0,0.6678491830825806,0.0,12.265191078186035,17.20745849609375
33772,0,calendar_2014_test,157.6094207763672,156.0,0.7575905323028564,0.0,8.951350212097168,1.6094207763671875
33773,0,calendar_2014_test,150.52578735351562,163.0,0.7880542874336243,0.0,7.826427936553955,12.474212646484375
33774,0,calendar_2014_test,162.15377807617188,144.0,0.7560278177261353,0.0,9.00905704498291,18.153778076171875
33775,0,calendar_2014_test,134.5570831298828,137.0,0.7931278944015503,0.0,7.6390767097473145,2.4429168701171875
33776,0,calendar_2014_test,132.69268798828125,131.0,0.8024685978889465,0.0,7.294156551361084,1.69268798828125
33777,0,calendar_2014_test,123.8109130859375,115.0,0.8071596026420593,0.0,7.12093448638916,8.8109130859375
33778,0,calendar_2014_test,105.51255798339844,68.0,0.8152897357940674,0.0,6.82071590423584,37.51255798339844
33779,0,calendar_2014_test,52.5974235534668,26.0,0.8977950811386108,0.0,3.774075984954834,26.597423553466797
33780,0,calendar_2014_test,24.129819869995117,16.0,0.9159035682678223,0.0,3.105393171310425,8.129819869995117
33781,0,calendar_2014_test,16.414730072021484,15.0,0.9166569113731384,0.0,3.0775749683380127,1.4147300720214844
33782,0,calendar_2014_test,15.027466773986816,10.0,0.9320794343948364,0.0,2.508073091506958,5.027466773986816
33783,0,calendar_2014_test,12.86025333404541,13.0,0.9310781359672546,0.0,2.545048952102661,0.13974666595458984
33784,0,calendar_2014_test,15.605612754821777,11.0,0.9353326559066772,0.0,2.3879432678222656,4.605612754821777
33785,0,calendar_2014_test,16.86504554748535,8.0,0.9338098764419556,0.0,2.444174289703369,8.865045547485352
33786,0,calendar_2014_test,15.874971389770508,10.0,0.9390324354171753,0.0,2.251323938369751,5.874971389770508
33787,0,calendar_2014_test,17.411808013916016,16.0,0.9129095673561096,0.0,3.2159512042999268,1.4118080139160156
33788,0,calendar_2014_test,19.585853576660156,49.0,0.9411001801490784,0.0,2.1749675273895264,29.414146423339844
33789,0,calendar_2014_test,54.82601547241211,45.0,0.8979071378707886,0.0,3.7699387073516846,9.82601547241211
33790,0,calendar_2014_test,49.26957702636719,42.0,0.8783168792724609,0.0,4.493340015411377,7.2695770263671875
33791,0,calendar_2014_test,46.699520111083984,55.0,0.9090010523796082,0.0,3.3602793216705322,8.300479888916016
33792,0,calendar_2014_test,57.86165237426758,53.0,0.8814096450805664,0.0,4.379136085510254,4.861652374267578
33793,0,calendar_2014_test,54.315185546875,85.0,0.9099584817886353,0.0,3.324923515319824,30.684814453125
33794,0,calendar_2014_test,86.86770629882812,37.0,0.8837748765945435,0.0,4.291795253753662,49.867706298828125
33795,0,calendar_2014_test,31.02191162109375,19.0,0.9149624705314636,0.0,3.140143632888794,12.02191162109375
33796,0,calendar_2014_test,20.318498611450195,21.0,0.9266429543495178,0.0,2.7088239192962646,0.6815013885498047
33797,0,calendar_2014_test,19.57886505126953,16.0,0.927147626876831,0.0,2.6901886463165283,3.5788650512695312
33798,0,calendar_2014_test,15.660338401794434,17.0,0.9385382533073425,0.0,2.269570827484131,1.3396615982055664
33799,0,calendar_2014_test,14.792108535766602,17.0,0.9292550683021545,0.0,2.61236834526062,2.2078914642333984
33800,0,calendar_2014_test,13.733234405517578,16.0,0.9332906007766724,0.0,2.4633498191833496,2.266765594482422
33801,0,calendar_2014_test,16.03868293762207,11.0,0.9356935024261475,0.0,2.3746178150177,5.03868293762207
33802,0,calendar_2014_test,12.980816841125488,11.0,0.9339261651039124,0.0,2.439880609512329,1.9808168411254883
33803,0,calendar_2014_test,13.870583534240723,14.0,0.9309839010238647,0.0,2.5485281944274902,0.12941646575927734
33804,0,calendar_2014_test,13.88661003112793,9.0,0.9231268167495728,0.0,2.8386640548706055,4.88661003112793
33805,0,calendar_2014_test,13.172918319702148,8.0,0.9362071752548218,0.0,2.3556506633758545,5.172918319702148
33806,0,calendar_2014_test,13.594874382019043,10.0,0.9441351890563965,0.0,2.0628952980041504,3.594874382019043
33807,0,calendar_2014_test,17.506196975708008,14.0,0.9174752831459045,0.0,3.0473551750183105,3.506196975708008
33808,0,calendar_2014_test,18.81766128540039,14.0,0.9182054996490479,0.0,3.0203897953033447,4.817661285400391
33809,0,calendar_2014_test,17.147409439086914,22.0,0.9166558980941772,0.0,3.0776121616363525,4.852590560913086
33810,0,calendar_2014_test,25.223735809326172,32.0,0.9016460180282593,0.0,3.6318752765655518,6.776264190673828
33811,0,calendar_2014_test,35.38962173461914,36.0,0.9254763126373291,0.0,2.7519054412841797,0.6103782653808594
33812,0,calendar_2014_test,37.08748245239258,29.0,0.9232826828956604,0.0,2.8329083919525146,8.087482452392578
33813,0,calendar_2014_test,33.13643264770508,31.0,0.9088326096534729,0.0,3.3664984703063965,2.136432647705078
33814,0,calendar_2014_test,32.8817024230957,35.0,0.9139434695243835,0.0,3.177771806716919,2.118297576904297
33815,0,calendar_2014_test,33.774879455566406,34.0,0.9301634430885315,0.0,2.578824758529663,0.22512054443359375
33816,0,calendar_2014_test,32.47792053222656,28.0,0.9161742925643921,0.0,3.0953948497772217,4.4779205322265625
33817,0,calendar_2014_test,32.47764587402344,52.0,0.9077792167663574,0.0,3.40539813041687,19.522354125976562
33818,0,calendar_2014_test,53.62440872192383,70.0,0.8866414427757263,0.0,4.185943603515625,16.375591278076172
33819,0,calendar_2014_test,72.74652862548828,52.0,0.8642639517784119,0.0,5.012267589569092,20.74652862548828
33820,0,calendar_2014_test,49.073604583740234,39.0,0.9073642492294312,0.0,3.4207217693328857,10.073604583740234
33821,0,calendar_2014_test,37.68933868408203,31.0,0.9123418927192688,0.0,3.236912965774536,6.689338684082031
33822,0,calendar_2014_test,27.348155975341797,25.0,0.9352951645851135,0.0,2.3893280029296875,2.348155975341797
33823,0,calendar_2014_test,22.545806884765625,25.0,0.926353394985199,0.0,2.7195160388946533,2.454193115234375
33824,0,calendar_2014_test,17.82638168334961,28.0,0.9376409649848938,0.0,2.3027052879333496,10.17361831665039
33825,0,calendar_2014_test,22.486360549926758,28.0,0.9250833988189697,0.0,2.766413927078247,5.513639450073242
33826,0,calendar_2014_test,26.300844192504883,25.0,0.9253764152526855,0.0,2.75559401512146,1.3008441925048828
33827,0,calendar_2014_test,24.51944351196289,15.0,0.9124563336372375,0.0,3.2326879501342773,9.51944351196289
33828,0,calendar_2014_test,18.285608291625977,17.0,0.9437877535820007,0.0,2.07572603225708,1.2856082916259766
33829,0,calendar_2014_test,19.280670166015625,18.0,0.9173105359077454,0.0,3.053438901901245,1.280670166015625
33830,0,calendar_2014_test,20.37868309020996,35.0,0.9438960552215576,0.0,2.071725845336914,14.621316909790039
33831,0,calendar_2014_test,34.42698669433594,17.0,0.9075267910957336,0.0,3.4147186279296875,17.426986694335938
33832,0,calendar_2014_test,22.349855422973633,17.0,0.9198707342147827,0.0,2.9588987827301025,5.349855422973633
33833,0,calendar_2014_test,20.87813949584961,18.0,0.9239533543586731,0.0,2.8081414699554443,2.8781394958496094
33834,0,calendar_2014_test,20.426084518432617,24.0,0.9291583299636841,0.0,2.6159400939941406,3.573915481567383
33835,0,calendar_2014_test,26.547882080078125,28.0,0.9211862087249756,0.0,2.9103236198425293,1.452117919921875
33836,0,calendar_2014_test,28.636470794677734,31.0,0.9297001957893372,0.0,2.595930337905884,2.3635292053222656
33837,0,calendar_2014_test,32.55046463012695,40.0,0.930194079875946,0.0,2.577693462371826,7.449535369873047
33838,0,calendar_2014_test,43.29481506347656,42.0,0.9110134243965149,0.0,3.2859697341918945,1.2948150634765625
33839,0,calendar_2014_test,43.90887451171875,48.0,0.9068391919136047,0.0,3.4401092529296875,4.09112548828125
33840,0,calendar_2014_test,52.8715934753418,52.0,0.8960227370262146,0.0,3.839524269104004,0.8715934753417969
33841,0,calendar_2014_test,55.60967254638672,53.0,0.896709144115448,0.0,3.8141772747039795,2.6096725463867188
33842,0,calendar_2014_test,55.064701080322266,58.0,0.9045132398605347,0.0,3.525998830795288,2.9352989196777344
33843,0,calendar_2014_test,61.330116271972656,58.0,0.9141789078712463,0.0,3.169079303741455,3.3301162719726562
33844,0,calendar_2014_test,57.51911163330078,64.0,0.893378496170044,0.0,3.9371659755706787,6.480888366699219
33845,0,calendar_2014_test,62.40470504760742,61.0,0.8789369463920593,0.0,4.470444202423096,1.4047050476074219
33846,0,calendar_2014_test,51.66689682006836,41.0,0.9228382706642151,0.0,2.8493189811706543,10.66689682006836
33847,0,calendar_2014_test,35.4517707824707,35.0,0.9206007719039917,0.0,2.9319400787353516,0.4517707824707031
33848,0,calendar_2014_test,31.154359817504883,18.0,0.9171702861785889,0.0,3.058617353439331,13.154359817504883
33849,0,calendar_2014_test,17.999507904052734,11.0,0.929302990436554,0.0,2.6105988025665283,6.999507904052734
33850,0,calendar_2014_test,14.883944511413574,13.0,0.9275140166282654,0.0,2.676659345626831,1.8839445114135742
33851,0,calendar_2014_test,14.550457954406738,12.0,0.9468845129013062,0.0,1.9613717794418335,2.5504579544067383
33852,0,calendar_2014_test,16.274507522583008,9.0,0.9354339838027954,0.0,2.384202718734741,7.274507522583008
33853,0,calendar_2014_test,12.196893692016602,9.0,0.9532045722007751,0.0,1.727994441986084,3.1968936920166016
33854,0,calendar_2014_test,11.637852668762207,16.0,0.931693971157074,0.0,2.5223066806793213,4.362147331237793
33855,0,calendar_2014_test,16.032833099365234,13.0,0.9389612078666687,0.0,2.253952980041504,3.0328330993652344
33856,0,calendar_2014_test,16.19473648071289,16.0,0.9391154646873474,0.0,2.2482573986053467,0.19473648071289062
33857,0,calendar_2014_test,19.975257873535156,9.0,0.9339334964752197,0.0,2.4396092891693115,10.975257873535156
33858,0,calendar_2014_test,15.399771690368652,18.0,0.9352712035179138,0.0,2.3902130126953125,2.6002283096313477
33859,0,calendar_2014_test,22.14377212524414,28.0,0.9168673157691956,0.0,3.0698046684265137,5.856227874755859
33860,0,calendar_2014_test,30.985374450683594,32.0,0.9224658608436584,0.0,2.8630692958831787,1.0146255493164062
33861,0,calendar_2014_test,35.17761993408203,33.0,0.9232044816017151,0.0,2.8357951641082764,2.1776199340820312
33862,0,calendar_2014_test,37.55215072631836,35.0,0.9151065945625305,0.0,3.1348230838775635,2.5521507263183594
33863,0,calendar_2014_test,29.176319122314453,46.0,0.9178526997566223,0.0,3.0334179401397705,16.823680877685547
33864,0,calendar_2014_test,48.71810531616211,19.0,0.9012941122055054,0.0,3.6448705196380615,29.71810531616211
33865,0,calendar_2014_test,23.890605926513672,21.0,0.9027214050292969,0.0,3.59216570854187,2.890605926513672
33866,0,calendar_2014_test,19.138402938842773,9.0,0.9213394522666931,0.0,2.904663562774658,10.138402938842773
33867,0,calendar_2014_test,11.25073528289795,12.0,0.923343300819397,0.0,2.830669403076172,0.7492647171020508
33868,0,calendar_2014_test,13.795998573303223,9.0,0.9311577081680298,0.0,2.5421087741851807,4.795998573303223
33869,0,calendar_2014_test,11.847524642944336,10.0,0.9373253583908081,0.0,2.314358949661255,1.847524642944336
33870,0,calendar_2014_test,12.563397407531738,12.0,0.9419448971748352,0.0,2.143775224685669,0.5633974075317383
33871,0,calendar_2014_test,12.339564323425293,10.0,0.9274714589118958,0.0,2.6782305240631104,2.339564323425293
33872,0,calendar_2014_test,12.11233139038086,10.0,0.9440465569496155,0.0,2.0661678314208984,2.1123313903808594
33873,0,calendar_2014_test,11.381786346435547,9.0,0.9471942186355591,0.0,1.9499356746673584,2.381786346435547
33874,0,calendar_2014_test,11.151979446411133,7.0,0.932919442653656,0.0,2.477055072784424,4.151979446411133
33875,0,calendar_2014_test,9.9277925491333,6.0,0.9187939167022705,0.0,2.998661756515503,3.927792549133301
33876,0,calendar_2014_test,21.523040771484375,21.0,0.9184978008270264,0.0,3.0095973014831543,0.523040771484375
33877,0,calendar_2014_test,23.81864356994629,20.0,0.9148613214492798,0.0,3.14387845993042,3.818643569946289
33878,0,calendar_2014_test,23.472103118896484,26.0,0.90800940990448,0.0,3.396898031234741,2.5278968811035156
33879,0,calendar_2014_test,29.24266815185547,35.0,0.9275175333023071,0.0,2.676528215408325,5.757331848144531
33880,0,calendar_2014_test,38.454227447509766,58.0,0.9078359603881836,0.0,3.4033021926879883,19.545772552490234
33881,0,calendar_2014_test,63.82809066772461,45.0,0.8915979862213135,0.0,4.0029144287109375,18.82809066772461
33882,0,calendar_2014_test,45.48629379272461,50.0,0.8760551810264587,0.0,4.576857566833496,4.513706207275391
33883,0,calendar_2014_test,54.0582275390625,58.0,0.8923413157463074,0.0,3.9754669666290283,3.9417724609375
33884,0,calendar_2014_test,61.0705680847168,44.0,0.9072307348251343,0.0,3.4256515502929688,17.070568084716797
33885,0,calendar_2014_test,41.851505279541016,46.0,0.9136561751365662,0.0,3.188382148742676,4.148494720458984
33886,0,calendar_2014_test,44.584232330322266,31.0,0.8969284892082214,0.0,3.806077241897583,13.584232330322266
33887,0,calendar_2014_test,31.166465759277344,23.0,0.9194304347038269,0.0,2.9751574993133545,8.166465759277344
33888,0,calendar_2014_test,22.625688552856445,21.0,0.9055759906768799,0.0,3.4867537021636963,1.6256885528564453
33889,0,calendar_2014_test,19.18993377685547,24.0,0.9399784803390503,0.0,2.216388463973999,4.810066223144531
33890,0,calendar_2014_test,22.30324363708496,19.0,0.91691654920578,0.0,3.0679876804351807,3.303243637084961
33891,0,calendar_2014_test,19.4456787109375,22.0,0.918013870716095,0.0,3.0274670124053955,2.5543212890625
33892,0,calendar_2014_test,18.34122085571289,18.0,0.9499907493591309,0.0,1.8466700315475464,0.3412208557128906
33893,0,calendar_2014_test,20.234498977661133,19.0,0.9325605034828186,0.0,2.4903087615966797,1.2344989776611328
33894,0,calendar_2014_test,20.603837966918945,21.0,0.9266771674156189,0.0,2.7075612545013428,0.3961620330810547
33895,0,calendar_2014_test,24.251619338989258,22.0,0.9331780076026917,0.0,2.4675068855285645,2.251619338989258
33896,0,calendar_2014_test,23.89553451538086,29.0,0.92625492811203,0.0,2.723151683807373,5.104465484619141
33897,0,calendar_2014_test,29.74243927001953,36.0,0.9174049496650696,0.0,3.0499515533447266,6.257560729980469
33898,0,calendar_2014_test,37.973876953125,39.0,0.9315265417098999,0.0,2.5284900665283203,1.026123046875
33899,0,calendar_2014_test,40.237648010253906,36.0,0.9267967939376831,0.0,2.7031424045562744,4.237648010253906
33900,0,calendar_2014_test,38.072940826416016,42.0,0.9371204972267151,0.0,2.3219246864318848,3.9270591735839844
33901,0,calendar_2014_test,45.777652740478516,38.0,0.9105894565582275,0.0,3.301623582839966,7.777652740478516
33902,0,calendar_2014_test,41.968387603759766,36.0,0.9256530404090881,0.0,2.7453784942626953,5.968387603759766
33903,0,calendar_2014_test,31.727569580078125,30.0,0.9291666746139526,0.0,2.6156320571899414,1.727569580078125
33904,0,calendar_2014_test,26.850704193115234,15.0,0.9134198427200317,0.0,3.197108030319214,11.850704193115234
33905,0,calendar_2014_test,18.907663345336914,19.0,0.9227561950683594,0.0,2.8523478507995605,0.09233665466308594
33906,0,calendar_2014_test,23.783599853515625,30.0,0.9221224784851074,0.0,2.8757503032684326,6.216400146484375
33907,0,calendar_2014_test,32.89438247680664,60.0,0.9248098731040955,0.0,2.7765138149261475,27.10561752319336
33908,0,calendar_2014_test,60.71339797973633,40.0,0.8934229612350464,0.0,3.9355251789093018,20.713397979736328
33909,0,calendar_2014_test,39.482967376708984,29.0,0.9455282092094421,0.0,2.0114564895629883,10.482967376708984
33910,0,calendar_2014_test,31.516109466552734,35.0,0.9085283875465393,0.0,3.377732515335083,3.4838905334472656
33911,0,calendar_2014_test,37.26188659667969,40.0,0.9193724989891052,0.0,2.9772965908050537,2.7381134033203125
33912,0,calendar_2014_test,44.03268814086914,42.0,0.9079972505569458,0.0,3.397345781326294,2.0326881408691406
33913,0,calendar_2014_test,43.612632751464844,37.0,0.9135010242462158,0.0,3.1941115856170654,6.612632751464844
33914,0,calendar_2014_test,38.22740173339844,44.0,0.919064998626709,0.0,2.9886512756347656,5.7725982666015625
33915,0,calendar_2014_test,42.870731353759766,49.0,0.9112550616264343,0.0,3.2770466804504395,6.129268646240234
33916,0,calendar_2014_test,52.24085998535156,50.0,0.9062430262565613,0.0,3.462123394012451,2.2408599853515625
33917,0,calendar_2014_test,51.33480453491211,52.0,0.9037008285522461,0.0,3.555997371673584,0.6651954650878906
33918,0,calendar_2014_test,53.187068939208984,50.0,0.9090815782546997,0.0,3.3573060035705566,3.1870689392089844
33919,0,calendar_2014_test,51.59910202026367,52.0,0.9011480808258057,0.0,3.650261163711548,0.4008979797363281
33920,0,calendar_2014_test,54.5049934387207,50.0,0.8683570027351379,0.0,4.8611249923706055,4.504993438720703
33921,0,calendar_2014_test,52.30263900756836,55.0,0.8885775208473206,0.0,4.114449977874756,2.6973609924316406
33922,0,calendar_2014_test,56.17593765258789,57.0,0.8761215209960938,0.0,4.574408531188965,0.8240623474121094
33923,0,calendar_2014_test,58.61629104614258,45.0,0.8912133574485779,0.0,4.017117977142334,13.616291046142578
33924,0,calendar_2014_test,44.9566535949707,51.0,0.880155086517334,0.0,4.425461292266846,6.043346405029297
33925,0,calendar_2014_test,54.351375579833984,49.0,0.9163997769355774,0.0,3.087068796157837,5.351375579833984
33926,0,calendar_2014_test,51.54607009887695,54.0,0.9003909230232239,0.0,3.6782219409942627,2.453929901123047
33927,0,calendar_2014_test,58.51820755004883,62.0,0.8646833896636963,0.0,4.9967780113220215,3.481792449951172
33928,0,calendar_2014_test,66.15464782714844,73.0,0.8822047710418701,0.0,4.34977388381958,6.8453521728515625
33929,0,calendar_2014_test,75.37144470214844,81.0,0.8933844566345215,0.0,3.936945915222168,5.6285552978515625
33930,0,calendar_2014_test,86.97197723388672,93.0,0.8428915739059448,0.0,5.80147647857666,6.028022766113281
33931,0,calendar_2014_test,96.5405502319336,108.0,0.8435159921646118,0.0,5.778418064117432,11.459449768066406
33932,0,calendar_2014_test,113.54923248291016,112.0,0.8579256534576416,0.0,5.246317386627197,1.5492324829101562
33933,0,calendar_2014_test,113.87934112548828,113.0,0.7938417196273804,0.0,7.612717628479004,0.8793411254882812
33934,0,calendar_2014_test,116.0647201538086,85.0,0.8290346264839172,0.0,6.313164234161377,31.064720153808594
33935,0,calendar_2014_test,81.70769500732422,90.0,0.883890688419342,0.0,4.287519454956055,8.292304992675781
33936,0,calendar_2014_test,92.17807006835938,85.0,0.8594794273376465,0.0,5.188943862915039,7.178070068359375
33937,0,calendar_2014_test,84.18399047851562,121.0,0.8719788193702698,0.0,4.727383136749268,36.816009521484375
33938,0,calendar_2014_test,129.83255004882812,130.0,0.7702780365943909,0.0,8.482844352722168,0.167449951171875
33939,0,calendar_2014_test,131.69891357421875,133.0,0.8185114860534668,0.0,6.701749801635742,1.30108642578125
33940,0,calendar_2014_test,135.3600311279297,148.0,0.7935266494750977,0.0,7.624351501464844,12.639968872070312
33941,0,calendar_2014_test,152.13729858398438,160.0,0.7818572521209717,0.0,8.055262565612793,7.862701416015625
33942,0,calendar_2014_test,161.04193115234375,159.0,0.8069978356361389,0.0,7.126908302307129,2.04193115234375
33943,0,calendar_2014_test,157.45982360839844,172.0,0.7526636123657227,0.0,9.133283615112305,14.540176391601562
33944,0,calendar_2014_test,170.2952117919922,142.0,0.7180678844451904,0.0,10.410785675048828,28.295211791992188
33945,0,calendar_2014_test,130.89256286621094,146.0,0.8384525775909424,0.0,5.965391635894775,15.107437133789062
33946,0,calendar_2014_test,149.84703063964844,134.0,0.8004499673843384,0.0,7.368698596954346,15.847030639648438
33947,0,calendar_2014_test,130.6730194091797,111.0,0.8206371665000916,0.0,6.62325382232666,19.673019409179688
33948,0,calendar_2014_test,105.55225372314453,90.0,0.8536508679389954,0.0,5.404171943664551,15.552253723144531
33949,0,calendar_2014_test,86.89286041259766,60.0,0.8669411540031433,0.0,4.913407325744629,26.892860412597656
33950,0,calendar_2014_test,57.12273025512695,60.0,0.8654597997665405,0.0,4.968109130859375,2.877269744873047
33951,0,calendar_2014_test,61.99396514892578,70.0,0.8746025562286377,0.0,4.630498886108398,8.006034851074219
33952,0,calendar_2014_test,77.50175476074219,80.0,0.868116557598114,0.0,4.8700032234191895,2.4982452392578125
33953,0,calendar_2014_test,85.80574035644531,74.0,0.8608353734016418,0.0,5.138873100280762,11.805740356445312
33954,0,calendar_2014_test,73.61621856689453,64.0,0.8852822780609131,0.0,4.2361321449279785,9.616218566894531
33955,0,calendar_2014_test,65.2591781616211,82.0,0.8896543383598328,0.0,4.074686527252197,16.740821838378906
33956,0,calendar_2014_test,90.58518981933594,111.0,0.824712872505188,0.0,6.472753047943115,20.414810180664062
33957,0,calendar_2014_test,118.6878890991211,112.0,0.8343316316604614,0.0,6.117565155029297,6.687889099121094
33958,0,calendar_2014_test,115.73450469970703,128.0,0.7894861102104187,0.0,7.773555755615234,12.265495300292969
33959,0,calendar_2014_test,138.22808837890625,126.0,0.8104981184005737,0.0,6.997654438018799,12.22808837890625
33960,0,calendar_2014_test,129.07839965820312,147.0,0.8562946915626526,0.0,5.306543827056885,17.921600341796875
33961,0,calendar_2014_test,152.1516876220703,135.0,0.7766729593276978,0.0,8.246702194213867,17.151687622070312
33962,0,calendar_2014_test,132.4686737060547,142.0,0.7936414480209351,0.0,7.620113372802734,9.531326293945312
33963,0,calendar_2014_test,149.2722625732422,144.0,0.7985889315605164,0.0,7.437420845031738,5.2722625732421875
33964,0,calendar_2014_test,147.10951232910156,142.0,0.733710527420044,0.0,9.833158493041992,5.1095123291015625
33965,0,calendar_2014_test,142.7711944580078,139.0,0.7491266131401062,0.0,9.263894081115723,3.7711944580078125
33966,0,calendar_2014_test,135.6720428466797,129.0,0.7789648771286011,0.0,8.162070274353027,6.6720428466796875
33967,0,calendar_2014_test,126.04576873779297,132.0,0.8210806250572205,0.0,6.606879234313965,5.954231262207031
33968,0,calendar_2014_test,135.12969970703125,130.0,0.7816739082336426,0.0,8.062032699584961,5.12969970703125
33969,0,calendar_2014_test,127.9978256225586,162.0,0.7854659557342529,0.0,7.922005653381348,34.002174377441406
33970,0,calendar_2014_test,167.52114868164062,162.0,0.7764770984649658,0.0,8.253934860229492,5.521148681640625
33971,0,calendar_2014_test,162.48944091796875,163.0,0.787605881690979,0.0,7.842986106872559,0.51055908203125
33972,0,calendar_2014_test,166.87493896484375,152.0,0.8153742551803589,0.0,6.817594528198242,14.87493896484375
33973,0,calendar_2014_test,153.7931365966797,150.0,0.7881711721420288,0.0,7.822112560272217,3.7931365966796875
33974,0,calendar_2014_test,148.47384643554688,160.0,0.7773910760879517,0.0,8.220183372497559,11.526153564453125
33975,0,calendar_2014_test,166.9638671875,172.0,0.7635624408721924,0.0,8.730827331542969,5.0361328125
33976,0,calendar_2014_test,178.4341583251953,188.0,0.6899882555007935,0.0,11.44766902923584,9.565841674804688
33977,0,calendar_2014_test,195.76806640625,195.0,0.6959183216094971,0.0,11.228693962097168,0.76806640625
33978,0,calendar_2014_test,199.9574737548828,220.0,0.643742561340332,0.0,13.155364036560059,20.042526245117188
33979,0,calendar_2014_test,230.69508361816406,191.0,0.7394503355026245,0.0,9.621204376220703,39.69508361816406
33980,0,calendar_2014_test,180.70082092285156,154.0,0.7620906233787537,0.0,8.785177230834961,26.700820922851562
33981,0,calendar_2014_test,141.9374542236328,158.0,0.8057782649993896,0.0,7.171943187713623,16.062545776367188
33982,0,calendar_2014_test,158.7507781982422,131.0,0.7850520014762878,0.0,7.937292575836182,27.750778198242188
33983,0,calendar_2014_test,123.862060546875,128.0,0.810795783996582,0.0,6.9866623878479,4.137939453125
33984,0,calendar_2014_test,130.77011108398438,123.0,0.8208438158035278,0.0,6.615624904632568,7.770111083984375
33985,0,calendar_2014_test,121.96467590332031,112.0,0.8471490144729614,0.0,5.644262313842773,9.964675903320312
33986,0,calendar_2014_test,109.4123306274414,122.0,0.8625075221061707,0.0,5.0771260261535645,12.587669372558594
33987,0,calendar_2014_test,126.4990463256836,113.0,0.838975727558136,0.0,5.946073532104492,13.499046325683594
33988,0,calendar_2014_test,112.98294067382812,109.0,0.8563964366912842,0.0,5.302787780761719,3.982940673828125
33989,0,calendar_2014_test,111.4501953125,120.0,0.820099949836731,0.0,6.643092155456543,8.5498046875
33990,0,calendar_2014_test,127.94581604003906,125.0,0.7719944715499878,0.0,8.419462203979492,2.9458160400390625
33991,0,calendar_2014_test,130.27688598632812,127.0,0.8151951432228088,0.0,6.824210166931152,3.276885986328125
33992,0,calendar_2014_test,128.40823364257812,143.0,0.8335294127464294,0.0,6.14718770980835,14.591766357421875
33993,0,calendar_2014_test,150.398681640625,109.0,0.7749444842338562,0.0,8.310528755187988,41.398681640625
33994,0,calendar_2014_test,103.54519653320312,96.0,0.838294267654419,0.0,5.971238613128662,7.545196533203125
33995,0,calendar_2014_test,95.56400299072266,80.0,0.8989812135696411,0.0,3.730278491973877,15.564002990722656
33996,0,calendar_2014_test,77.69081115722656,96.0,0.8802547454833984,0.0,4.421781539916992,18.309188842773438
33997,0,calendar_2014_test,103.6458511352539,106.0,0.8418557047843933,0.0,5.839725971221924,2.3541488647460938
33998,0,calendar_2014_test,109.93132781982422,103.0,0.817742645740509,0.0,6.730139255523682,6.931327819824219
33999,0,calendar_2014_test,107.14468383789062,84.0,0.8041372299194336,0.0,7.232539653778076,23.144683837890625
34000,0,calendar_2014_test,83.35039520263672,80.0,0.8596692085266113,0.0,5.181935787200928,3.3503952026367188
34001,0,calendar_2014_test,83.08457946777344,81.0,0.8838614821434021,0.0,4.288597106933594,2.0845794677734375
34002,0,calendar_2014_test,85.15962219238281,87.0,0.8841332793235779,0.0,4.278561592102051,1.8403778076171875
34003,0,calendar_2014_test,92.31815338134766,69.0,0.8351294994354248,0.0,6.088101863861084,23.318153381347656
34004,0,calendar_2014_test,65.24748229980469,73.0,0.8977632522583008,0.0,3.7752530574798584,7.7525177001953125
34005,0,calendar_2014_test,75.9814224243164,72.0,0.8776102662086487,0.0,4.519432544708252,3.9814224243164062
34006,0,calendar_2014_test,72.83869171142578,77.0,0.8473290205001831,0.0,5.637614727020264,4.161308288574219
34007,0,calendar_2014_test,80.97596740722656,77.0,0.8703150153160095,0.0,4.788821220397949,3.9759674072265625
34008,0,calendar_2014_test,82.45203399658203,75.0,0.8744482398033142,0.0,4.636195182800293,7.452033996582031
34009,0,calendar_2014_test,79.08048248291016,72.0,0.8592934608459473,0.0,5.195810794830322,7.080482482910156
34010,0,calendar_2014_test,74.94229125976562,68.0,0.8645834922790527,0.0,5.000466346740723,6.942291259765625
34011,0,calendar_2014_test,70.30870056152344,60.0,0.8746269941329956,0.0,4.629594802856445,10.308700561523438
34012,0,calendar_2014_test,61.51213836669922,48.0,0.9109503626823425,0.0,3.2882986068725586,13.512138366699219
34013,0,calendar_2014_test,49.164039611816406,52.0,0.900002121925354,0.0,3.692577838897705,2.8359603881835938
34014,0,calendar_2014_test,53.52152633666992,66.0,0.8940131068229675,0.0,3.91373348236084,12.478473663330078
34015,0,calendar_2014_test,68.92444610595703,57.0,0.8736870288848877,0.0,4.664303779602051,11.924446105957031
34016,0,calendar_2014_test,57.61954879760742,51.0,0.8827193975448608,0.0,4.330771446228027,6.619548797607422
34017,0,calendar_2014_test,52.4188346862793,45.0,0.907961368560791,0.0,3.398671865463257,7.418834686279297
34018,0,calendar_2014_test,46.89031219482422,38.0,0.9020304679870605,0.0,3.61767840385437,8.890312194824219
34019,0,calendar_2014_test,39.633277893066406,45.0,0.8931702375411987,0.0,3.9448578357696533,5.366722106933594
34020,0,calendar_2014_test,48.04112243652344,48.0,0.9117252826690674,0.0,3.259681463241577,0.0411224365234375
34021,0,calendar_2014_test,50.3722038269043,53.0,0.9050765037536621,0.0,3.5051991939544678,2.627796173095703
34022,0,calendar_2014_test,56.815433502197266,64.0,0.8908814191818237,0.0,4.029375076293945,7.184566497802734
34023,0,calendar_2014_test,69.17977142333984,72.0,0.8698606491088867,0.0,4.805600643157959,2.8202285766601562
34024,0,calendar_2014_test,76.30903625488281,81.0,0.8806499242782593,0.0,4.4071879386901855,4.6909637451171875
34025,0,calendar_2014_test,84.82427215576172,66.0,0.8492327332496643,0.0,5.567318439483643,18.82427215576172
34026,0,calendar_2014_test,65.14353942871094,41.0,0.8724030256271362,0.0,4.711719512939453,24.143539428710938
34027,0,calendar_2014_test,40.35555648803711,46.0,0.9178934693336487,0.0,3.0319135189056396,5.644443511962891
34028,0,calendar_2014_test,52.05354690551758,60.0,0.9227657318115234,0.0,2.8519957065582275,7.946453094482422
34029,0,calendar_2014_test,63.47874069213867,57.0,0.8873326182365417,0.0,4.160419940948486,6.478740692138672
34030,0,calendar_2014_test,58.71470260620117,65.0,0.8866900205612183,0.0,4.184148788452148,6.285297393798828
34031,0,calendar_2014_test,68.6116943359375,64.0,0.9125840067863464,0.0,3.227972984313965,4.6116943359375
34032,0,calendar_2014_test,68.00296020507812,62.0,0.8927367329597473,0.0,3.9608640670776367,6.002960205078125
34033,0,calendar_2014_test,65.76321411132812,55.0,0.8680973052978516,0.0,4.870715141296387,10.763214111328125
34034,0,calendar_2014_test,56.392967224121094,52.0,0.8686501979827881,0.0,4.850296974182129,4.392967224121094
34035,0,calendar_2014_test,53.873783111572266,55.0,0.892217755317688,0.0,3.980027914047241,1.1262168884277344
34036,0,calendar_2014_test,57.76808547973633,60.0,0.9132670164108276,0.0,3.202751874923706,2.231914520263672
34037,0,calendar_2014_test,62.893489837646484,52.0,0.8868491649627686,0.0,4.178271293640137,10.893489837646484
34038,0,calendar_2014_test,52.293827056884766,55.0,0.890265166759491,0.0,4.052130699157715,2.7061729431152344
34039,0,calendar_2014_test,57.583003997802734,67.0,0.9078058004379272,0.0,3.4044151306152344,9.416996002197266
34040,0,calendar_2014_test,71.59126281738281,85.0,0.8947811126708984,0.0,3.8853719234466553,13.408737182617188
34041,0,calendar_2014_test,89.49191284179688,87.0,0.8472390174865723,0.0,5.640938758850098,2.491912841796875
34042,0,calendar_2014_test,88.63028717041016,79.0,0.8559057712554932,0.0,5.3209052085876465,9.630287170410156
34043,0,calendar_2014_test,77.20698547363281,60.0,0.8703862428665161,0.0,4.786192417144775,17.206985473632812
34044,0,calendar_2014_test,60.38002014160156,69.0,0.8968073725700378,0.0,3.8105502128601074,8.619979858398438
34045,0,calendar_2014_test,74.62739562988281,59.0,0.8288809657096863,0.0,6.318838596343994,15.627395629882812
34046,0,calendar_2014_test,59.613956451416016,53.0,0.889148473739624,0.0,4.093367576599121,6.613956451416016
34047,0,calendar_2014_test,54.09833526611328,55.0,0.8793895244598389,0.0,4.453731060028076,0.9016647338867188
34048,0,calendar_2014_test,57.72230529785156,52.0,0.8818427324295044,0.0,4.363142013549805,5.7223052978515625
34049,0,calendar_2014_test,53.92658996582031,48.0,0.8781173229217529,0.0,4.500708103179932,5.9265899658203125
34050,0,calendar_2014_test,51.37835693359375,56.0,0.9105812907218933,0.0,3.3019261360168457,4.62164306640625
34051,0,calendar_2014_test,58.29313659667969,59.0,0.8946483135223389,0.0,3.8902764320373535,0.7068634033203125
34052,0,calendar_2014_test,60.83916473388672,60.0,0.8881155252456665,0.0,4.131508827209473,0.8391647338867188
34053,0,calendar_2014_test,60.72982406616211,55.0,0.8898098468780518,0.0,4.068945407867432,5.729824066162109
34054,0,calendar_2014_test,54.55727005004883,59.0,0.9029539227485657,0.0,3.58357834815979,4.442729949951172
34055,0,calendar_2014_test,59.94900894165039,59.0,0.8952475786209106,0.0,3.868147134780884,0.9490089416503906
34056,0,calendar_2014_test,51.76869201660156,53.0,0.8854716420173645,0.0,4.229139804840088,1.2313079833984375
34057,0,calendar_2014_test,49.99355697631836,20.0,0.91463702917099,0.0,3.1521623134613037,29.99355697631836
34058,0,calendar_2014_test,19.8632869720459,20.0,0.9325803518295288,0.0,2.4895758628845215,0.13671302795410156
34059,0,calendar_2014_test,20.162809371948242,20.0,0.9398673176765442,0.0,2.2204935550689697,0.1628093719482422
34060,0,calendar_2014_test,18.00052833557129,11.0,0.9314189553260803,0.0,2.5324618816375732,7.000528335571289
34061,0,calendar_2014_test,13.978514671325684,15.0,0.9320567846298218,0.0,2.508910894393921,1.0214853286743164
34062,0,calendar_2014_test,16.074962615966797,12.0,0.9349709749221802,0.0,2.401299238204956,4.074962615966797
34063,0,calendar_2014_test,12.83853816986084,15.0,0.9230612516403198,0.0,2.84108304977417,2.16146183013916
34064,0,calendar_2014_test,14.231980323791504,14.0,0.9367790222167969,0.0,2.334533452987671,0.2319803237915039
34065,0,calendar_2014_test,14.729426383972168,15.0,0.9467160105705261,0.0,1.9675941467285156,0.27057361602783203
34066,0,calendar_2014_test,16.126232147216797,13.0,0.9389997720718384,0.0,2.2525298595428467,3.126232147216797
34067,0,calendar_2014_test,16.49600601196289,11.0,0.9361825585365295,0.0,2.3565595149993896,5.496006011962891
34068,0,calendar_2014_test,15.770780563354492,14.0,0.9300665855407715,0.0,2.582400321960449,1.7707805633544922
34069,0,calendar_2014_test,19.133289337158203,15.0,0.935659646987915,0.0,2.375868320465088,4.133289337158203
34070,0,calendar_2014_test,15.822901725769043,17.0,0.923136293888092,0.0,2.838312864303589,1.177098274230957
34071,0,calendar_2014_test,18.948450088500977,14.0,0.9299716353416443,0.0,2.585907459259033,4.948450088500977
34072,0,calendar_2014_test,17.16573143005371,11.0,0.9337496161460876,0.0,2.4463999271392822,6.165731430053711
34073,0,calendar_2014_test,12.110899925231934,9.0,0.920912504196167,0.0,2.920429229736328,3.1108999252319336
34074,0,calendar_2014_test,12.564800262451172,6.0,0.925337016582489,0.0,2.7570478916168213,6.564800262451172
34075,0,calendar_2014_test,10.33028507232666,6.0,0.9426202178001404,0.0,2.118837833404541,4.33028507232666
34076,0,calendar_2014_test,9.167049407958984,13.0,0.946742057800293,0.0,1.9666321277618408,3.8329505920410156
34077,0,calendar_2014_test,13.633898735046387,10.0,0.9157753586769104,0.0,3.110126495361328,3.6338987350463867
34078,0,calendar_2014_test,12.62021541595459,16.0,0.9286250472068787,0.0,2.635631799697876,3.37978458404541
34079,0,calendar_2014_test,14.345479965209961,16.0,0.9355348348617554,0.0,2.3804781436920166,1.654520034790039
34080,0,calendar_2014_test,14.883013725280762,14.0,0.9349197149276733,0.0,2.4031929969787598,0.8830137252807617
34081,0,calendar_2014_test,14.76900863647461,18.0,0.9380455613136292,0.0,2.287764549255371,3.2309913635253906
34082,0,calendar_2014_test,16.96312713623047,19.0,0.9376348853111267,0.0,2.302928924560547,2.0368728637695312
34083,0,calendar_2014_test,15.64498233795166,15.0,0.9493660926818848,0.0,1.8697376251220703,0.6449823379516602
34084,0,calendar_2014_test,18.852014541625977,12.0,0.9287020564079285,0.0,2.632789134979248,6.852014541625977
34085,0,calendar_2014_test,16.788166046142578,22.0,0.926843523979187,0.0,2.70141863822937,5.211833953857422
34086,0,calendar_2014_test,22.893186569213867,20.0,0.9325970411300659,0.0,2.4889590740203857,2.893186569213867
34087,0,calendar_2014_test,18.429922103881836,16.0,0.9212902784347534,0.0,2.906480312347412,2.429922103881836
34088,0,calendar_2014_test,17.357728958129883,20.0,0.9469985365867615,0.0,1.9571629762649536,2.642271041870117
34089,0,calendar_2014_test,18.279237747192383,21.0,0.9360252618789673,0.0,2.362368106842041,2.720762252807617
34090,0,calendar_2014_test,20.226533889770508,21.0,0.929386556148529,0.0,2.607511520385742,0.7734661102294922
34091,0,calendar_2014_test,23.812564849853516,42.0,0.9170305132865906,0.0,3.0637784004211426,18.187435150146484
34092,0,calendar_2014_test,45.80788803100586,46.0,0.9051562547683716,0.0,3.502253293991089,0.19211196899414062
34093,0,calendar_2014_test,49.72429275512695,43.0,0.8997530341148376,0.0,3.7017765045166016,6.724292755126953
34094,0,calendar_2014_test,47.926353454589844,42.0,0.9099248647689819,0.0,3.326166868209839,5.926353454589844
34095,0,calendar_2014_test,48.40000534057617,41.0,0.8859648108482361,0.0,4.210928440093994,7.400005340576172
34096,0,calendar_2014_test,46.675907135009766,46.0,0.8933770060539246,0.0,3.9372222423553467,0.6759071350097656
34097,0,calendar_2014_test,48.9554557800293,55.0,0.9255648255348206,0.0,2.748636245727539,6.044544219970703
34098,0,calendar_2014_test,60.5189323425293,52.0,0.8851462006568909,0.0,4.241156578063965,8.518932342529297
34099,0,calendar_2014_test,54.841670989990234,50.0,0.8551677465438843,0.0,5.348159313201904,4.841670989990234
34100,0,calendar_2014_test,51.430137634277344,74.0,0.900274932384491,0.0,3.6825051307678223,22.569862365722656
34101,0,calendar_2014_test,80.30074310302734,73.0,0.889178991317749,0.0,4.092239856719971,7.300743103027344
34102,0,calendar_2014_test,72.36272430419922,82.0,0.8720779418945312,0.0,4.7237229347229,9.637275695800781
34103,0,calendar_2014_test,87.9479751586914,74.0,0.8506511449813843,0.0,5.514941215515137,13.947975158691406
34104,0,calendar_2014_test,74.74056243896484,76.0,0.8768097162246704,0.0,4.5489935874938965,1.2594375610351562
34105,0,calendar_2014_test,78.64258575439453,82.0,0.8600508570671082,0.0,5.16784143447876,3.3574142456054688
34106,0,calendar_2014_test,85.56273651123047,90.0,0.8562788367271423,0.0,5.307129383087158,4.437263488769531
34107,0,calendar_2014_test,92.77992248535156,103.0,0.829094409942627,0.0,6.310958385467529,10.220077514648438
34108,0,calendar_2014_test,104.07569122314453,89.0,0.8286128044128418,0.0,6.32874059677124,15.075691223144531
34109,0,calendar_2014_test,82.5398178100586,67.0,0.8763116598129272,0.0,4.567386150360107,15.539817810058594
34110,0,calendar_2014_test,62.14230728149414,85.0,0.8709219694137573,0.0,4.7664103507995605,22.85769271850586
34111,0,calendar_2014_test,93.58931732177734,62.0,0.8488965034484863,0.0,5.579733371734619,31.589317321777344
34112,0,calendar_2014_test,61.7733039855957,50.0,0.8613734245300293,0.0,5.119003772735596,11.773303985595703
34113,0,calendar_2014_test,53.48806381225586,69.0,0.9048811197280884,0.0,3.512413501739502,15.51193618774414
34114,0,calendar_2014_test,73.49564361572266,51.0,0.8641824126243591,0.0,5.01527738571167,22.495643615722656
34115,0,calendar_2014_test,51.48137283325195,24.0,0.9054126739501953,0.0,3.492786407470703,27.481372833251953
34116,0,calendar_2014_test,28.466838836669922,33.0,0.9114029407501221,0.0,3.271585702896118,4.533161163330078
34117,0,calendar_2014_test,36.638023376464844,35.0,0.9164842367172241,0.0,3.0839500427246094,1.6380233764648438
34118,0,calendar_2014_test,40.8473014831543,63.0,0.9010045528411865,0.0,3.655561685562134,22.152698516845703
34119,0,calendar_2014_test,67.6549301147461,104.0,0.877067506313324,0.0,4.53947639465332,36.345069885253906
34120,0,calendar_2014_test,112.8572006225586,136.0,0.8187576532363892,0.0,6.692658424377441,23.142799377441406
34121,0,calendar_2014_test,147.7117156982422,146.0,0.7772026658058167,0.0,8.227142333984375,1.7117156982421875
34122,0,calendar_2014_test,148.97972106933594,118.0,0.7989004850387573,0.0,7.425914287567139,30.979721069335938
34123,0,calendar_2014_test,113.58368682861328,127.0,0.7873482704162598,0.0,7.852499961853027,13.416313171386719
34124,0,calendar_2014_test,129.94293212890625,149.0,0.7780200242996216,0.0,8.196959495544434,19.05706787109375
34125,0,calendar_2014_test,150.20358276367188,160.0,0.7726243734359741,0.0,8.39620304107666,9.796417236328125
34126,0,calendar_2014_test,157.29808044433594,116.0,0.7646881341934204,0.0,8.689261436462402,41.29808044433594
34127,0,calendar_2014_test,98.87381744384766,91.0,0.8354098796844482,0.0,6.0777482986450195,7.873817443847656
34128,0,calendar_2014_test,80.0202865600586,97.0,0.8942601084709167,0.0,3.9046120643615723,16.979713439941406
34129,0,calendar_2014_test,87.70094299316406,61.0,0.8911755084991455,0.0,4.018515586853027,26.700942993164062
34130,0,calendar_2014_test,47.4818000793457,49.0,0.9168614745140076,0.0,3.070020914077759,1.5181999206542969
34131,0,calendar_2014_test,43.67561721801758,40.0,0.8837835788726807,0.0,4.291473865509033,3.675617218017578
34132,0,calendar_2014_test,38.86308670043945,31.0,0.8934078812599182,0.0,3.936081886291504,7.863086700439453
34133,0,calendar_2014_test,32.681339263916016,27.0,0.9091291427612305,0.0,3.3555490970611572,5.681339263916016
34134,0,calendar_2014_test,27.982728958129883,32.0,0.9318685531616211,0.0,2.5158607959747314,4.017271041870117
34135,0,calendar_2014_test,32.12256622314453,28.0,0.9127141237258911,0.0,3.223167657852173,4.122566223144531
34136,0,calendar_2014_test,30.88974952697754,31.0,0.9315760731697083,0.0,2.526660442352295,0.11025047302246094
34137,0,calendar_2014_test,32.37415313720703,38.0,0.9284492135047913,0.0,2.6421256065368652,5.625846862792969
34138,0,calendar_2014_test,38.37513732910156,45.0,0.9175769686698914,0.0,3.0435993671417236,6.6248626708984375
34139,0,calendar_2014_test,49.05940628051758,44.0,0.8810350894927979,0.0,4.392965793609619,5.059406280517578
34140,0,calendar_2014_test,47.15547561645508,55.0,0.9165455102920532,0.0,3.0816869735717773,7.844524383544922
34141,0,calendar_2014_test,61.57829284667969,61.0,0.879690945148468,0.0,4.442601203918457,0.5782928466796875
34142,0,calendar_2014_test,63.90209197998047,69.0,0.8674224615097046,0.0,4.895633220672607,5.097908020019531
34143,0,calendar_2014_test,73.08370208740234,69.0,0.8690229654312134,0.0,4.836533069610596,4.083702087402344
34144,0,calendar_2014_test,69.78684997558594,72.0,0.8883258700370789,0.0,4.123743534088135,2.2131500244140625
34145,0,calendar_2014_test,74.959228515625,87.0,0.8703598380088806,0.0,4.787167072296143,12.040771484375
34146,0,calendar_2014_test,93.86701202392578,91.0,0.8272709250450134,0.0,6.378293037414551,2.8670120239257812
34147,0,calendar_2014_test,92.89215850830078,116.0,0.7874699831008911,0.0,7.8480048179626465,23.10784149169922
34148,0,calendar_2014_test,119.19795989990234,136.0,0.8119310140609741,0.0,6.9447431564331055,16.802040100097656
34149,0,calendar_2014_test,139.85459899902344,146.0,0.827996551990509,0.0,6.351498126983643,6.1454010009765625
34150,0,calendar_2014_test,148.16802978515625,149.0,0.7730135321617126,0.0,8.381832122802734,0.83197021484375
34151,0,calendar_2014_test,151.19125366210938,142.0,0.7345279455184937,0.0,9.802972793579102,9.191253662109375
34152,0,calendar_2014_test,141.99237060546875,137.0,0.7762383222579956,0.0,8.262751579284668,4.99237060546875
34153,0,calendar_2014_test,137.4487762451172,113.0,0.7883038520812988,0.0,7.817211627960205,24.448776245117188
34154,0,calendar_2014_test,108.20419311523438,119.0,0.843153178691864,0.0,5.791814804077148,10.795806884765625
34155,0,calendar_2014_test,122.9719467163086,107.0,0.8138918876647949,0.0,6.872334003448486,15.971946716308594
34156,0,calendar_2014_test,104.28623962402344,112.0,0.8425049185752869,0.0,5.81575345993042,7.7137603759765625
34157,0,calendar_2014_test,109.0185775756836,80.0,0.8408588171005249,0.0,5.876536846160889,29.018577575683594
34158,0,calendar_2014_test,71.85939025878906,62.0,0.8768450617790222,0.0,4.547689914703369,9.859390258789062
34159,0,calendar_2014_test,60.08455276489258,67.0,0.8744253516197205,0.0,4.6370415687561035,6.915447235107422
34160,0,calendar_2014_test,67.51200103759766,62.0,0.8645287752151489,0.0,5.002488613128662,5.512001037597656
34161,0,calendar_2014_test,61.87062072753906,76.0,0.904895007610321,0.0,3.511901617050171,14.129379272460938
34162,0,calendar_2014_test,79.43854522705078,72.0,0.8509299755096436,0.0,5.504645347595215,7.438545227050781
34163,0,calendar_2014_test,72.93473052978516,63.0,0.8646644353866577,0.0,4.997477054595947,9.934730529785156
34164,0,calendar_2014_test,64.97994995117188,57.0,0.8876331448554993,0.0,4.149322509765625,7.979949951171875
34165,0,calendar_2014_test,59.84117889404297,62.0,0.8985450863838196,0.0,3.7463817596435547,2.1588211059570312
34166,0,calendar_2014_test,66.16752624511719,59.0,0.8949330449104309,0.0,3.8797614574432373,7.1675262451171875
34167,0,calendar_2014_test,58.377952575683594,57.0,0.9207081198692322,0.0,2.927978038787842,1.3779525756835938
34168,0,calendar_2014_test,59.148193359375,60.0,0.8774139881134033,0.0,4.526681423187256,0.851806640625
34169,0,calendar_2014_test,61.87680435180664,68.0,0.904193103313446,0.0,3.5378193855285645,6.123195648193359
34170,0,calendar_2014_test,70.19910430908203,76.0,0.8811478614807129,0.0,4.388802528381348,5.800895690917969
34171,0,calendar_2014_test,79.1909408569336,86.0,0.8371698260307312,0.0,6.012760162353516,6.809059143066406
34172,0,calendar_2014_test,89.42256927490234,97.0,0.8919913172721863,0.0,3.9883902072906494,7.577430725097656
34173,0,calendar_2014_test,100.14388275146484,102.0,0.8315505385398865,0.0,6.2202606201171875,1.8561172485351562
34174,0,calendar_2014_test,107.30794525146484,111.0,0.8511631488800049,0.0,5.496033668518066,3.6920547485351562
34175,0,calendar_2014_test,114.60610961914062,107.0,0.8762270212173462,0.0,4.5705108642578125,7.606109619140625
34176,0,calendar_2014_test,109.8974380493164,106.0,0.8560146689414978,0.0,5.316884517669678,3.8974380493164062
34177,0,calendar_2014_test,107.87667083740234,113.0,0.8073343634605408,0.0,7.114481449127197,5.123329162597656
34178,0,calendar_2014_test,112.86002349853516,105.0,0.8146563172340393,0.0,6.844107151031494,7.860023498535156
34179,0,calendar_2014_test,102.6395263671875,114.0,0.8515093326568604,0.0,5.483250617980957,11.3604736328125
34180,0,calendar_2014_test,113.96737670898438,133.0,0.8080204725265503,0.0,7.089146137237549,19.032623291015625
34181,0,calendar_2014_test,135.85496520996094,120.0,0.8193719387054443,0.0,6.669975757598877,15.854965209960938
34182,0,calendar_2014_test,113.72434997558594,99.0,0.8358784914016724,0.0,6.060444355010986,14.724349975585938
34183,0,calendar_2014_test,94.2402572631836,87.0,0.9015969038009644,0.0,3.6336898803710938,7.240257263183594
34184,0,calendar_2014_test,85.62625885009766,93.0,0.883935272693634,0.0,4.285872936248779,7.373741149902344
34185,0,calendar_2014_test,91.37319946289062,85.0,0.842522144317627,0.0,5.815118312835693,6.373199462890625
34186,0,calendar_2014_test,83.50782775878906,95.0,0.8670550584793091,0.0,4.909200668334961,11.492172241210938
34187,0,calendar_2014_test,98.61768341064453,98.0,0.8708447813987732,0.0,4.769258975982666,0.6176834106445312
34188,0,calendar_2014_test,100.91925811767578,99.0,0.8591399192810059,0.0,5.201479911804199,1.9192581176757812
34189,0,calendar_2014_test,99.0755844116211,88.0,0.8311352133750916,0.0,6.235597610473633,11.075584411621094
34190,0,calendar_2014_test,87.66505432128906,83.0,0.8782834410667419,0.0,4.494574546813965,4.6650543212890625
34191,0,calendar_2014_test,85.25074768066406,84.0,0.8803791999816895,0.0,4.417185306549072,1.2507476806640625
34192,0,calendar_2014_test,86.33364868164062,93.0,0.892195463180542,0.0,3.980851411819458,6.666351318359375
34193,0,calendar_2014_test,97.75196075439453,95.0,0.8748160600662231,0.0,4.62261438369751,2.7519607543945312
34194,0,calendar_2014_test,95.81077575683594,113.0,0.845470130443573,0.0,5.706258296966553,17.189224243164062
34195,0,calendar_2014_test,118.65917205810547,121.0,0.8511918187141418,0.0,5.494976043701172,2.3408279418945312
34196,0,calendar_2014_test,121.00660705566406,127.0,0.8174257278442383,0.0,6.741842269897461,5.9933929443359375
34197,0,calendar_2014_test,128.1820526123047,134.0,0.8281823992729187,0.0,6.344634056091309,5.8179473876953125
34198,0,calendar_2014_test,135.4115447998047,138.0,0.7766830921173096,0.0,8.246326446533203,2.5884552001953125
34199,0,calendar_2014_test,136.00929260253906,141.0,0.7861053943634033,0.0,7.898394584655762,4.9907073974609375
34200,0,calendar_2014_test,139.79580688476562,143.0,0.8197832107543945,0.0,6.654788494110107,3.204193115234375
34201,0,calendar_2014_test,145.0189666748047,125.0,0.7981963157653809,0.0,7.45191764831543,20.018966674804688
34202,0,calendar_2014_test,118.27018737792969,111.0,0.839488685131073,0.0,5.927132606506348,7.2701873779296875
34203,0,calendar_2014_test,104.87153625488281,118.0,0.832256019115448,0.0,6.194210529327393,13.128463745117188
34204,0,calendar_2014_test,116.5333480834961,110.0,0.8064121007919312,0.0,7.148536682128906,6.533348083496094
34205,0,calendar_2014_test,105.77047729492188,101.0,0.8125362992286682,0.0,6.922390937805176,4.770477294921875
34206,0,calendar_2014_test,95.40847778320312,73.0,0.8451732397079468,0.0,5.717220306396484,22.408477783203125
34207,0,calendar_2014_test,67.33128356933594,61.0,0.8649250864982605,0.0,4.98785400390625,6.3312835693359375
34208,0,calendar_2014_test,61.85124969482422,67.0,0.8694106936454773,0.0,4.822214603424072,5.148750305175781
34209,0,calendar_2014_test,70.19889831542969,80.0,0.8704970479011536,0.0,4.782100200653076,9.801101684570312
34210,0,calendar_2014_test,83.08602142333984,81.0,0.8603990077972412,0.0,5.154984951019287,2.0860214233398438
34211,0,calendar_2014_test,84.56932067871094,77.0,0.8511061072349548,0.0,5.498140335083008,7.5693206787109375
34212,0,calendar_2014_test,75.85279846191406,89.0,0.8817126750946045,0.0,4.367944717407227,13.147201538085938
34213,0,calendar_2014_test,92.43014526367188,88.0,0.8366788625717163,0.0,6.03088903427124,4.430145263671875
34214,0,calendar_2014_test,89.23640441894531,83.0,0.8767696022987366,0.0,4.550475597381592,6.2364044189453125
34215,0,calendar_2014_test,85.26197052001953,89.0,0.872693657875061,0.0,4.700985431671143,3.7380294799804688
34216,0,calendar_2014_test,91.69532012939453,96.0,0.8582550883293152,0.0,5.234152793884277,4.304679870605469
34217,0,calendar_2014_test,99.406494140625,90.0,0.82903653383255,0.0,6.3130950927734375,9.406494140625
34218,0,calendar_2014_test,86.55265045166016,99.0,0.8546350598335266,0.0,5.367828369140625,12.447349548339844
34219,0,calendar_2014_test,101.59521484375,101.0,0.8268929123878479,0.0,6.392251491546631,0.59521484375
34220,0,calendar_2014_test,101.55653381347656,114.0,0.8563024997711182,0.0,5.30625581741333,12.443466186523438
34221,0,calendar_2014_test,114.68618774414062,135.0,0.7997134923934937,0.0,7.39589262008667,20.313812255859375
34222,0,calendar_2014_test,137.6519012451172,155.0,0.8037306070327759,0.0,7.247555255889893,17.348098754882812
34223,0,calendar_2014_test,156.89541625976562,189.0,0.7847074270248413,0.0,7.950016498565674,32.104583740234375
34224,0,calendar_2014_test,189.3696746826172,179.0,0.6992674469947815,0.0,11.105021476745605,10.369674682617188
34225,0,calendar_2014_test,170.31558227539062,151.0,0.7540140151977539,0.0,9.083418846130371,19.315582275390625
34226,0,calendar_2014_test,139.16912841796875,125.0,0.7994208335876465,0.0,7.40670108795166,14.16912841796875
34227,0,calendar_2014_test,114.1645736694336,101.0,0.8220131397247314,0.0,6.572443962097168,13.164573669433594
34228,0,calendar_2014_test,89.50009155273438,92.0,0.8565133213996887,0.0,5.298470973968506,2.499908447265625
34229,0,calendar_2014_test,87.96717071533203,97.0,0.8610156178474426,0.0,5.132216930389404,9.032829284667969
34230,0,calendar_2014_test,95.67017364501953,86.0,0.8310354948043823,0.0,6.239279747009277,9.670173645019531
34231,0,calendar_2014_test,81.54689025878906,84.0,0.8667651414871216,0.0,4.919906139373779,2.4531097412109375
34232,0,calendar_2014_test,84.98444366455078,89.0,0.8739348649978638,0.0,4.655154228210449,4.015556335449219
34233,0,calendar_2014_test,92.94026947021484,89.0,0.8862593173980713,0.0,4.200054168701172,3.9402694702148438
34234,0,calendar_2014_test,89.57247924804688,86.0,0.869636595249176,0.0,4.813873767852783,3.572479248046875
34235,0,calendar_2014_test,86.21700286865234,92.0,0.8773252367973328,0.0,4.529958724975586,5.782997131347656
34236,0,calendar_2014_test,94.88015747070312,86.0,0.8185940384864807,0.0,6.698700904846191,8.880157470703125
34237,0,calendar_2014_test,85.80548858642578,85.0,0.8760120868682861,0.0,4.57844877243042,0.8054885864257812
34238,0,calendar_2014_test,87.23341369628906,83.0,0.8567846417427063,0.0,5.288452625274658,4.2334136962890625
34239,0,calendar_2014_test,85.17887878417969,82.0,0.8875784277915955,0.0,4.15134334564209,3.1788787841796875
34240,0,calendar_2014_test,80.17459106445312,78.0,0.8937751650810242,0.0,3.922518014907837,2.174591064453125
34241,0,calendar_2014_test,77.38792419433594,69.0,0.8850345015525818,0.0,4.245282173156738,8.387924194335938
34242,0,calendar_2014_test,69.22270202636719,52.0,0.8828132748603821,0.0,4.327304363250732,17.222702026367188
34243,0,calendar_2014_test,53.37489318847656,53.0,0.8869290351867676,0.0,4.175323963165283,0.3748931884765625
34244,0,calendar_2014_test,59.2953987121582,88.0,0.9076800346374512,0.0,3.4090607166290283,28.704601287841797
34245,0,calendar_2014_test,97.46471405029297,117.0,0.8470489978790283,0.0,5.647955894470215,19.53528594970703
34246,0,calendar_2014_test,116.68275451660156,113.0,0.8305383324623108,0.0,6.257638931274414,3.6827545166015625
34247,0,calendar_2014_test,107.68612670898438,142.0,0.8706146478652954,0.0,4.77775764465332,34.313873291015625
34248,0,calendar_2014_test,149.8446807861328,134.0,0.7868488430976868,0.0,7.870941638946533,15.844680786132812
34249,0,calendar_2014_test,132.9757843017578,159.0,0.8356360197067261,0.0,6.06939697265625,26.024215698242188
34250,0,calendar_2014_test,163.57679748535156,151.0,0.7428604364395142,0.0,9.495282173156738,12.576797485351562
34251,0,calendar_2014_test,148.86463928222656,149.0,0.8022845983505249,0.0,7.300950527191162,0.1353607177734375
34252,0,calendar_2014_test,147.10482788085938,148.0,0.7823812961578369,0.0,8.03591251373291,0.895172119140625
34253,0,calendar_2014_test,145.41453552246094,132.0,0.749120831489563,0.0,9.264108657836914,13.414535522460938
34254,0,calendar_2014_test,127.77717590332031,130.0,0.753256618976593,0.0,9.111387252807617,2.2228240966796875
34255,0,calendar_2014_test,129.31893920898438,122.0,0.778264045715332,0.0,8.187948226928711,7.318939208984375
34256,0,calendar_2014_test,119.57691192626953,112.0,0.8231908082962036,0.0,6.528956413269043,7.576911926269531
34257,0,calendar_2014_test,108.87692260742188,130.0,0.8451857566833496,0.0,5.71675968170166,21.123077392578125
34258,0,calendar_2014_test,136.6992950439453,144.0,0.8233867883682251,0.0,6.521720886230469,7.3007049560546875
34259,0,calendar_2014_test,148.8800506591797,157.0,0.7768641114234924,0.0,8.239643096923828,8.119949340820312
34260,0,calendar_2014_test,162.40335083007812,185.0,0.7210963368415833,0.0,10.298955917358398,22.596649169921875
34261,0,calendar_2014_test,189.0861358642578,199.0,0.6894504427909851,0.0,11.467530250549316,9.913864135742188
34262,0,calendar_2014_test,200.7157745361328,212.0,0.7204900979995728,0.0,10.321341514587402,11.284225463867188
34263,0,calendar_2014_test,216.52560424804688,211.0,0.701046347618103,0.0,11.03933334350586,5.525604248046875
34264,0,calendar_2014_test,215.36187744140625,201.0,0.6319993734359741,0.0,13.589001655578613,14.36187744140625
34265,0,calendar_2014_test,198.37823486328125,193.0,0.6839299201965332,0.0,11.671384811401367,5.37823486328125
34266,0,calendar_2014_test,192.80421447753906,198.0,0.6950750946998596,0.0,11.259831428527832,5.1957855224609375
34267,0,calendar_2014_test,200.87228393554688,187.0,0.7180769443511963,0.0,10.410452842712402,13.872283935546875
34268,0,calendar_2014_test,182.69419860839844,184.0,0.6960774660110474,0.0,11.222816467285156,1.3058013916015625
34269,0,calendar_2014_test,184.96913146972656,192.0,0.7197731733322144,0.0,10.347817420959473,7.0308685302734375
34270,0,calendar_2014_test,199.92269897460938,208.0,0.788686990737915,0.0,7.803064823150635,8.077301025390625
34271,0,calendar_2014_test,216.89273071289062,219.0,0.7276843190193176,0.0,10.055684089660645,2.107269287109375
34272,0,calendar_2014_test,226.4333038330078,250.0,0.6250259876251221,0.0,13.846503257751465,23.566696166992188
34273,0,calendar_2014_test,250.37246704101562,227.0,0.5595583319664001,0.0,16.263999938964844,23.372467041015625
34274,0,calendar_2014_test,215.47691345214844,210.0,0.7325903177261353,0.0,9.87452220916748,5.4769134521484375
34275,0,calendar_2014_test,199.9259490966797,176.0,0.6181920766830444,0.0,14.098857879638672,23.925949096679688
34276,0,calendar_2014_test,163.01271057128906,180.0,0.732309103012085,0.0,9.884905815124512,16.987289428710938
34277,0,calendar_2014_test,181.5146026611328,164.0,0.7537286281585693,0.0,9.093957901000977,17.514602661132812
34278,0,calendar_2014_test,159.28463745117188,163.0,0.7943918704986572,0.0,7.592402935028076,3.715362548828125
34279,0,calendar_2014_test,162.71060180664062,155.0,0.7793158292770386,0.0,8.14910888671875,7.710601806640625
34280,0,calendar_2014_test,153.22010803222656,134.0,0.7146726250648499,0.0,10.536161422729492,19.220108032226562
34281,0,calendar_2014_test,130.6479034423828,134.0,0.7352749109268188,0.0,9.775389671325684,3.3520965576171875
34282,0,calendar_2014_test,134.13909912109375,122.0,0.8085629940032959,0.0,7.0691118240356445,12.13909912109375
34283,0,calendar_2014_test,120.01553344726562,125.0,0.824791431427002,0.0,6.469850540161133,4.984466552734375
34284,0,calendar_2014_test,128.43280029296875,135.0,0.7720924615859985,0.0,8.415843963623047,6.56719970703125
34285,0,calendar_2014_test,139.67274475097656,167.0,0.7735449075698853,0.0,8.362211227416992,27.327255249023438
34286,0,calendar_2014_test,171.5524139404297,187.0,0.7222620248794556,0.0,10.25590991973877,15.447586059570312
34287,0,calendar_2014_test,189.51510620117188,206.0,0.7021311521530151,0.0,10.999274253845215,16.484893798828125
34288,0,calendar_2014_test,207.55870056152344,196.0,0.720919668674469,0.0,10.305480003356934,11.558700561523438
34289,0,calendar_2014_test,190.50286865234375,154.0,0.703907310962677,0.0,10.933688163757324,36.50286865234375
34290,0,calendar_2014_test,140.33815002441406,120.0,0.7874827980995178,0.0,7.847531318664551,20.338150024414062
34291,0,calendar_2014_test,112.50123596191406,135.0,0.8361148238182068,0.0,6.051717281341553,22.498764038085938
34292,0,calendar_2014_test,144.4330596923828,132.0,0.8060312867164612,0.0,7.162600040435791,12.433059692382812
34293,0,calendar_2014_test,131.71212768554688,136.0,0.8579926490783691,0.0,5.243845462799072,4.287872314453125
34294,0,calendar_2014_test,137.26934814453125,146.0,0.7620618939399719,0.0,8.786237716674805,8.73065185546875
34295,0,calendar_2014_test,147.0749053955078,159.0,0.8069790601730347,0.0,7.127602577209473,11.925094604492188
34296,0,calendar_2014_test,162.70404052734375,179.0,0.7302247285842896,0.0,9.96187686920166,16.29595947265625
34297,0,calendar_2014_test,185.3806610107422,185.0,0.7233375310897827,0.0,10.216195106506348,0.3806610107421875
34298,0,calendar_2014_test,184.80690002441406,152.0,0.6865264177322388,0.0,11.575505256652832,32.80690002441406
34299,0,calendar_2014_test,140.06253051757812,112.0,0.7851031422615051,0.0,7.9354047775268555,28.062530517578125
34300,0,calendar_2014_test,100.87318420410156,123.0,0.8359010219573975,0.0,6.05961275100708,22.126815795898438
34301,0,calendar_2014_test,125.64196014404297,109.0,0.793525755405426,0.0,7.624385833740234,16.64196014404297
34302,0,calendar_2014_test,107.67176055908203,103.0,0.8728095293045044,0.0,4.696706771850586,4.671760559082031
34303,0,calendar_2014_test,103.35910034179688,98.0,0.8428133726119995,0.0,5.804362773895264,5.359100341796875
34304,0,calendar_2014_test,99.56476593017578,94.0,0.8466273546218872,0.0,5.663525104522705,5.564765930175781
34305,0,calendar_2014_test,96.22010040283203,106.0,0.8365620374679565,0.0,6.035202503204346,9.779899597167969
34306,0,calendar_2014_test,110.20658111572266,115.0,0.8028215765953064,0.0,7.281123161315918,4.793418884277344
34307,0,calendar_2014_test,119.83641052246094,124.0,0.8330766558647156,0.0,6.163907051086426,4.1635894775390625
34308,0,calendar_2014_test,129.1226348876953,134.0,0.7736161351203918,0.0,8.359579086303711,4.8773651123046875
34309,0,calendar_2014_test,140.76715087890625,134.0,0.8001554608345032,0.0,7.379573822021484,6.76715087890625
34310,0,calendar_2014_test,136.79620361328125,137.0,0.7326236367225647,0.0,9.873291969299316,0.20379638671875
34311,0,calendar_2014_test,142.20547485351562,101.0,0.787392258644104,0.0,7.8508734703063965,41.205474853515625
34312,0,calendar_2014_test,94.31230163574219,78.0,0.8356223106384277,0.0,6.069904327392578,16.312301635742188
34313,0,calendar_2014_test,74.96495819091797,79.0,0.8798863887786865,0.0,4.435384273529053,4.035041809082031
34314,0,calendar_2014_test,81.56043243408203,85.0,0.8695062398910522,0.0,4.81868839263916,3.4395675659179688
34315,0,calendar_2014_test,87.987060546875,93.0,0.8484722375869751,0.0,5.595400810241699,5.012939453125
34316,0,calendar_2014_test,93.86763763427734,88.0,0.8269410729408264,0.0,6.390473365783691,5.867637634277344
34317,0,calendar_2014_test,89.88693237304688,78.0,0.8621272444725037,0.0,5.09116792678833,11.886932373046875
34318,0,calendar_2014_test,79.3792953491211,69.0,0.8726966381072998,0.0,4.700876712799072,10.379295349121094
34319,0,calendar_2014_test,68.93881225585938,62.0,0.8994894623756409,0.0,3.711510419845581,6.938812255859375
34320,0,calendar_2014_test,63.013484954833984,57.0,0.8745750188827515,0.0,4.631514549255371,6.013484954833984
34321,0,calendar_2014_test,60.15018081665039,77.0,0.8700480461120605,0.0,4.798679351806641,16.84981918334961
34322,0,calendar_2014_test,82.85955047607422,87.0,0.8764703273773193,0.0,4.561526775360107,4.140449523925781
34323,0,calendar_2014_test,90.65035247802734,97.0,0.8600274920463562,0.0,5.168705463409424,6.349647521972656
34324,0,calendar_2014_test,98.17216491699219,101.0,0.8424270749092102,0.0,5.81862735748291,2.8278350830078125
34325,0,calendar_2014_test,102.88560485839844,112.0,0.8383550047874451,0.0,5.968995571136475,9.114395141601562
34326,0,calendar_2014_test,117.25125885009766,109.0,0.8289896249771118,0.0,6.314827919006348,8.251258850097656
34327,0,calendar_2014_test,110.97682189941406,110.0,0.83492511510849,0.0,6.095648765563965,0.9768218994140625
34328,0,calendar_2014_test,113.03324127197266,104.0,0.8453184366226196,0.0,5.711860656738281,9.033241271972656
34329,0,calendar_2014_test,105.06358337402344,104.0,0.8120585680007935,0.0,6.940033435821533,1.0635833740234375
34330,0,calendar_2014_test,105.09347534179688,101.0,0.8284152150154114,0.0,6.336037635803223,4.093475341796875
34331,0,calendar_2014_test,101.35078430175781,100.0,0.8714383840560913,0.0,4.747340202331543,1.3507843017578125
34332,0,calendar_2014_test,103.74031066894531,113.0,0.8531168103218079,0.0,5.423892498016357,9.259689331054688
34333,0,calendar_2014_test,117.00617980957031,115.0,0.8399389982223511,0.0,5.9105048179626465,2.0061798095703125
34334,0,calendar_2014_test,118.99121856689453,121.0,0.8590515851974487,0.0,5.20474100112915,2.0087814331054688
34335,0,calendar_2014_test,123.7848129272461,119.0,0.8449872732162476,0.0,5.724087715148926,4.784812927246094
34336,0,calendar_2014_test,120.00779724121094,138.0,0.8009834289550781,0.0,7.348998546600342,17.992202758789062
34337,0,calendar_2014_test,144.8350372314453,146.0,0.8407689929008484,0.0,5.879855155944824,1.1649627685546875
34338,0,calendar_2014_test,151.62742614746094,158.0,0.8370937705039978,0.0,6.015567779541016,6.3725738525390625
34339,0,calendar_2014_test,159.1074676513672,184.0,0.7452236413955688,0.0,9.4080171585083,24.892532348632812
34340,0,calendar_2014_test,187.1476287841797,190.0,0.6316163539886475,0.0,13.603145599365234,2.8523712158203125
34341,0,calendar_2014_test,192.54367065429688,201.0,0.7094921469688416,0.0,10.727458953857422,8.456329345703125
34342,0,calendar_2014_test,203.04360961914062,175.0,0.6671401262283325,0.0,12.291373252868652,28.043609619140625
34343,0,calendar_2014_test,169.70193481445312,132.0,0.7675226926803589,0.0,8.584589004516602,37.701934814453125
34344,0,calendar_2014_test,121.02200317382812,102.0,0.822533369064331,0.0,6.5532331466674805,19.022003173828125
34345,0,calendar_2014_test,91.45436096191406,88.0,0.8878423571586609,0.0,4.141597270965576,3.4543609619140625
34346,0,calendar_2014_test,82.46295928955078,74.0,0.8709677457809448,0.0,4.764719009399414,8.462959289550781
34347,0,calendar_2014_test,72.3983154296875,74.0,0.8808010816574097,0.0,4.401607036590576,1.6016845703125
34348,0,calendar_2014_test,76.1500473022461,82.0,0.8688350319862366,0.0,4.843472480773926,5.849952697753906
34349,0,calendar_2014_test,86.1146240234375,73.0,0.8777598738670349,0.0,4.513908386230469,13.1146240234375
34350,0,calendar_2014_test,73.28632354736328,95.0,0.8670400381088257,0.0,4.909756660461426,21.71367645263672
34351,0,calendar_2014_test,95.70182037353516,76.0,0.8538810610771179,0.0,5.395671367645264,19.701820373535156
34352,0,calendar_2014_test,68.51973724365234,102.0,0.8866113424301147,0.0,4.187054634094238,33.480262756347656
34353,0,calendar_2014_test,106.70179748535156,72.0,0.8199530243873596,0.0,6.648517608642578,34.70179748535156
34354,0,calendar_2014_test,71.17737579345703,69.0,0.8744154572486877,0.0,4.637407302856445,2.1773757934570312
34355,0,calendar_2014_test,76.56348419189453,52.0,0.8709930181503296,0.0,4.763784408569336,24.56348419189453
34356,0,calendar_2014_test,57.45178985595703,54.0,0.897696852684021,0.0,3.777705430984497,3.4517898559570312
34357,0,calendar_2014_test,59.71796417236328,67.0,0.9022818803787231,0.0,3.608393907546997,7.282035827636719
34358,0,calendar_2014_test,74.3341293334961,63.0,0.8658114671707153,0.0,4.955122947692871,11.334129333496094
34359,0,calendar_2014_test,67.47811126708984,67.0,0.8885912895202637,0.0,4.1139421463012695,0.47811126708984375
34360,0,calendar_2014_test,73.32109069824219,74.0,0.8459697365760803,0.0,5.687808990478516,0.6789093017578125
34361,0,calendar_2014_test,80.31194305419922,80.0,0.8684707880020142,0.0,4.856923580169678,0.31194305419921875
34362,0,calendar_2014_test,86.2671127319336,92.0,0.8505395650863647,0.0,5.519062042236328,5.732887268066406
34363,0,calendar_2014_test,95.90080261230469,89.0,0.8552063703536987,0.0,5.346733093261719,6.9008026123046875
34364,0,calendar_2014_test,87.11012268066406,82.0,0.8370527029037476,0.0,6.017086029052734,5.1101226806640625
34365,0,calendar_2014_test,77.15615844726562,92.0,0.8515875935554504,0.0,5.4803619384765625,14.843841552734375
34366,0,calendar_2014_test,93.92516326904297,90.0,0.8891539573669434,0.0,4.093164443969727,3.9251632690429688
34367,0,calendar_2014_test,84.87406158447266,90.0,0.8502655625343323,0.0,5.529179573059082,5.125938415527344
34368,0,calendar_2014_test,82.59054565429688,59.0,0.877042293548584,0.0,4.540405750274658,23.590545654296875
34369,0,calendar_2014_test,49.933937072753906,12.0,0.9077457785606384,0.0,3.4066314697265625,37.933937072753906
34370,0,calendar_2014_test,17.28561782836914,10.0,0.9356405735015869,0.0,2.376573085784912,7.285617828369141
34371,0,calendar_2014_test,12.854165077209473,7.0,0.9254893064498901,0.0,2.7514233589172363,5.854165077209473
34372,0,calendar_2014_test,12.506661415100098,5.0,0.9327883720397949,0.0,2.481895685195923,7.506661415100098
34373,0,calendar_2014_test,10.233713150024414,7.0,0.9215011596679688,0.0,2.898693561553955,3.233713150024414
34374,0,calendar_2014_test,13.530963897705078,7.0,0.9387415051460266,0.0,2.2620656490325928,6.530963897705078
34375,0,calendar_2014_test,12.754812240600586,6.0,0.9187642335891724,0.0,2.999757766723633,6.754812240600586
34376,0,calendar_2014_test,13.993879318237305,4.0,0.9307488799095154,0.0,2.5572073459625244,9.993879318237305
34377,0,calendar_2014_test,12.87409782409668,7.0,0.9400189518928528,0.0,2.214895009994507,5.87409782409668
34378,0,calendar_2014_test,11.470032691955566,7.0,0.9255872964859009,0.0,2.747804880142212,4.470032691955566
34379,0,calendar_2014_test,12.938617706298828,4.0,0.9396514296531677,0.0,2.228466510772705,8.938617706298828
34380,0,calendar_2014_test,12.263869285583496,2.0,0.927291989326477,0.0,2.684856653213501,10.263869285583496
34381,0,calendar_2014_test,9.767928123474121,2.0,0.9346269369125366,0.0,2.4140026569366455,7.767928123474121
34382,0,calendar_2014_test,9.4931001663208,4.0,0.9245525598526001,0.0,2.7860162258148193,5.493100166320801
34383,0,calendar_2014_test,9.711323738098145,4.0,0.9320710897445679,0.0,2.5083823204040527,5.7113237380981445
34384,0,calendar_2014_test,10.931087493896484,6.0,0.9222835898399353,0.0,2.869800329208374,4.931087493896484
34385,0,calendar_2014_test,10.266892433166504,14.0,0.9170650243759155,0.0,3.062504291534424,3.733107566833496
34386,0,calendar_2014_test,17.84394645690918,13.0,0.9144569039344788,0.0,3.1588125228881836,4.84394645690918
34387,0,calendar_2014_test,15.573034286499023,10.0,0.9281486868858337,0.0,2.6532232761383057,5.573034286499023
34388,0,calendar_2014_test,14.076372146606445,8.0,0.9432714581489563,0.0,2.094790458679199,6.076372146606445
34389,0,calendar_2014_test,10.67337417602539,9.0,0.9194087386131287,0.0,2.9759585857391357,1.6733741760253906
34390,0,calendar_2014_test,11.282276153564453,11.0,0.9345612525939941,0.0,2.4164273738861084,0.2822761535644531
34391,0,calendar_2014_test,12.634505271911621,14.0,0.9335813522338867,0.0,2.452613353729248,1.365494728088379
34392,0,calendar_2014_test,13.454160690307617,16.0,0.9204540848731995,0.0,2.937356948852539,2.545839309692383
34393,0,calendar_2014_test,15.304880142211914,14.0,0.9344073534011841,0.0,2.4221103191375732,1.304880142211914
34394,0,calendar_2014_test,16.370939254760742,25.0,0.9228412508964539,0.0,2.849207639694214,8.629060745239258
34395,0,calendar_2014_test,26.11502456665039,25.0,0.9347983598709106,0.0,2.40767240524292,1.1150245666503906
34396,0,calendar_2014_test,25.198551177978516,31.0,0.9027464985847473,0.0,3.591237783432007,5.801448822021484
34397,0,calendar_2014_test,33.94881057739258,27.0,0.9039785861968994,0.0,3.5457406044006348,6.948810577392578
34398,0,calendar_2014_test,26.33908462524414,26.0,0.9303610324859619,0.0,2.5715291500091553,0.3390846252441406
34399,0,calendar_2014_test,29.60171890258789,28.0,0.9163904190063477,0.0,3.0874152183532715,1.6017189025878906
34400,0,calendar_2014_test,30.070100784301758,32.0,0.904278039932251,0.0,3.5346827507019043,1.9298992156982422
34401,0,calendar_2014_test,34.19898986816406,51.0,0.9280405044555664,0.0,2.657216787338257,16.801010131835938
34402,0,calendar_2014_test,55.03076934814453,32.0,0.8931850790977478,0.0,3.9443089962005615,23.03076934814453
34403,0,calendar_2014_test,36.02873992919922,25.0,0.9164237380027771,0.0,3.0861849784851074,11.028739929199219
34404,0,calendar_2014_test,28.981374740600586,23.0,0.9262649416923523,0.0,2.7227821350097656,5.981374740600586
34405,0,calendar_2014_test,27.822004318237305,27.0,0.9267411231994629,0.0,2.705198287963867,0.8220043182373047
34406,0,calendar_2014_test,30.582204818725586,28.0,0.9061647057533264,0.0,3.4650161266326904,2.582204818725586
34407,0,calendar_2014_test,30.213977813720703,26.0,0.9138765931129456,0.0,3.180241823196411,4.213977813720703
34408,0,calendar_2014_test,31.020811080932617,32.0,0.9288676977157593,0.0,2.6266708374023438,0.9791889190673828
34409,0,calendar_2014_test,32.97721862792969,34.0,0.929216742515564,0.0,2.613783359527588,1.0227813720703125
34410,0,calendar_2014_test,34.97002410888672,48.0,0.9041638374328613,0.0,3.5389020442962646,13.029975891113281
34411,0,calendar_2014_test,49.49562072753906,49.0,0.9159300327301025,0.0,3.104416608810425,0.4956207275390625
34412,0,calendar_2014_test,48.13453674316406,60.0,0.8950116634368896,0.0,3.8768603801727295,11.865463256835938
34413,0,calendar_2014_test,57.59141540527344,63.0,0.8870149850845337,0.0,4.172150135040283,5.4085845947265625
34414,0,calendar_2014_test,60.2613525390625,62.0,0.8903758525848389,0.0,4.048044681549072,1.7386474609375
34415,0,calendar_2014_test,58.289798736572266,68.0,0.8999648690223694,0.0,3.693955183029175,9.710201263427734
34416,0,calendar_2014_test,65.22005462646484,63.0,0.9035295248031616,0.0,3.5623228549957275,2.2200546264648438
34417,0,calendar_2014_test,55.05718994140625,50.0,0.8981956243515015,0.0,3.759286880493164,5.05718994140625
34418,0,calendar_2014_test,45.912784576416016,23.0,0.9034935832023621,0.0,3.5636515617370605,22.912784576416016
34419,0,calendar_2014_test,20.245264053344727,16.0,0.9289906620979309,0.0,2.622131586074829,4.245264053344727
34420,0,calendar_2014_test,15.693421363830566,8.0,0.9171310663223267,0.0,3.060065269470215,7.693421363830566
34421,0,calendar_2014_test,11.850631713867188,6.0,0.9300906658172607,0.0,2.581512451171875,5.8506317138671875
34422,0,calendar_2014_test,9.957074165344238,3.0,0.9469764232635498,0.0,1.9579799175262451,6.957074165344238
34423,0,calendar_2014_test,7.8469014167785645,2.0,0.9331725239753723,0.0,2.4677090644836426,5.8469014167785645
34424,0,calendar_2014_test,11.734322547912598,5.0,0.9557540416717529,0.0,1.6338520050048828,6.734322547912598
34425,0,calendar_2014_test,11.996977806091309,4.0,0.9266424179077148,0.0,2.7088451385498047,7.996977806091309
34426,0,calendar_2014_test,11.413985252380371,8.0,0.9305991530418396,0.0,2.562735080718994,3.413985252380371
34427,0,calendar_2014_test,14.211886405944824,15.0,0.9291080832481384,0.0,2.617795944213867,0.7881135940551758
34428,0,calendar_2014_test,20.60533332824707,25.0,0.9208988547325134,0.0,2.9209349155426025,4.39466667175293
34429,0,calendar_2014_test,27.74287986755371,28.0,0.9095970392227173,0.0,3.338270425796509,0.25712013244628906
34430,0,calendar_2014_test,31.07982635498047,46.0,0.9200480580329895,0.0,2.9523515701293945,14.920173645019531
34431,0,calendar_2014_test,48.433837890625,71.0,0.9105945229530334,0.0,3.301438570022583,22.566162109375
34432,0,calendar_2014_test,79.49417877197266,125.0,0.8679800629615784,0.0,4.875044345855713,45.505821228027344
34433,0,calendar_2014_test,135.08914184570312,142.0,0.7719671130180359,0.0,8.420472145080566,6.910858154296875
34434,0,calendar_2014_test,147.7236785888672,105.0,0.8082002401351929,0.0,7.082507610321045,42.72367858886719
34435,0,calendar_2014_test,98.73231506347656,101.0,0.8517199754714966,0.0,5.475472450256348,2.2676849365234375
34436,0,calendar_2014_test,104.96501922607422,89.0,0.8477104902267456,0.0,5.623529434204102,15.965019226074219
34437,0,calendar_2014_test,86.1340103149414,93.0,0.853672981262207,0.0,5.403355598449707,6.865989685058594
34438,0,calendar_2014_test,87.50475311279297,85.0,0.8713675141334534,0.0,4.7499566078186035,2.5047531127929688
34439,0,calendar_2014_test,76.37032318115234,62.0,0.8511596918106079,0.0,5.496162414550781,14.370323181152344
34440,0,calendar_2014_test,52.57905960083008,40.0,0.8972133994102478,0.0,3.795555830001831,12.579059600830078
34441,0,calendar_2014_test,33.038578033447266,52.0,0.9160083532333374,0.0,3.1015241146087646,18.961421966552734
34442,0,calendar_2014_test,46.8781623840332,62.0,0.8883875608444214,0.0,4.12146520614624,15.121837615966797
34443,0,calendar_2014_test,60.821266174316406,55.0,0.8833814859390259,0.0,4.306320667266846,5.821266174316406
34444,0,calendar_2014_test,55.286033630371094,48.0,0.8999223113059998,0.0,3.695525646209717,7.286033630371094
34445,0,calendar_2014_test,49.800804138183594,41.0,0.9040848612785339,0.0,3.5418167114257812,8.800804138183594
34446,0,calendar_2014_test,43.572669982910156,39.0,0.9115358591079712,0.0,3.266676187515259,4.572669982910156
34447,0,calendar_2014_test,41.25070571899414,43.0,0.8954227566719055,0.0,3.861679792404175,1.7492942810058594
34448,0,calendar_2014_test,44.45319747924805,43.0,0.8841121196746826,0.0,4.2793426513671875,1.4531974792480469
34449,0,calendar_2014_test,46.47206497192383,44.0,0.907002866268158,0.0,3.4340660572052,2.472064971923828
34450,0,calendar_2014_test,47.91706085205078,37.0,0.9092353582382202,0.0,3.351627826690674,10.917060852050781
34451,0,calendar_2014_test,41.24506759643555,40.0,0.9046375155448914,0.0,3.521409511566162,1.2450675964355469
34452,0,calendar_2014_test,43.12492752075195,64.0,0.9189302325248718,0.0,2.99362850189209,20.875072479248047
34453,0,calendar_2014_test,71.01764678955078,48.0,0.9154486656188965,0.0,3.1221914291381836,23.01764678955078
34454,0,calendar_2014_test,48.35633850097656,56.0,0.9104872941970825,0.0,3.305396556854248,7.6436614990234375
34455,0,calendar_2014_test,59.45798873901367,41.0,0.8945976495742798,0.0,3.8921468257904053,18.457988739013672
34456,0,calendar_2014_test,41.64716339111328,48.0,0.8988479971885681,0.0,3.735196590423584,6.352836608886719
34457,0,calendar_2014_test,53.0120964050293,29.0,0.914422333240509,0.0,3.160090684890747,24.012096405029297
34458,0,calendar_2014_test,30.24077033996582,40.0,0.9180999398231506,0.0,3.0242881774902344,9.75922966003418
34459,0,calendar_2014_test,42.723487854003906,42.0,0.8897972702980042,0.0,4.069408416748047,0.7234878540039062
34460,0,calendar_2014_test,44.81357955932617,47.0,0.8843687772750854,0.0,4.269864559173584,2.186420440673828
34461,0,calendar_2014_test,49.452144622802734,51.0,0.90345698595047,0.0,3.5650017261505127,1.5478553771972656
34462,0,calendar_2014_test,53.77528381347656,69.0,0.8800193071365356,0.0,4.430476665496826,15.224716186523438
34463,0,calendar_2014_test,75.5083236694336,79.0,0.8789785504341125,0.0,4.468907833099365,3.4916763305664062
34464,0,calendar_2014_test,84.13434600830078,90.0,0.8634659647941589,0.0,5.041734218597412,5.865653991699219
34465,0,calendar_2014_test,88.51651763916016,83.0,0.8321704268455505,0.0,6.197371006011963,5.516517639160156
34466,0,calendar_2014_test,83.6014633178711,76.0,0.8748798370361328,0.0,4.620259761810303,7.601463317871094
34467,0,calendar_2014_test,76.05107116699219,85.0,0.8485954999923706,0.0,5.590849876403809,8.948928833007812
34468,0,calendar_2014_test,86.29924774169922,72.0,0.8617370128631592,0.0,5.105578422546387,14.299247741699219
34469,0,calendar_2014_test,67.34601593017578,56.0,0.8872418999671936,0.0,4.16377067565918,11.346015930175781
34470,0,calendar_2014_test,53.337703704833984,45.0,0.8918547630310059,0.0,3.9934332370758057,8.337703704833984
34471,0,calendar_2014_test,43.00614547729492,46.0,0.9175356030464172,0.0,3.0451266765594482,2.993854522705078
34472,0,calendar_2014_test,48.18270492553711,39.0,0.909045934677124,0.0,3.3586223125457764,9.18270492553711
34473,0,calendar_2014_test,39.93492889404297,49.0,0.9412017464637756,0.0,2.171217918395996,9.065071105957031
34474,0,calendar_2014_test,51.657447814941406,49.0,0.9025599360466003,0.0,3.598128318786621,2.6574478149414062
34475,0,calendar_2014_test,51.79178237915039,62.0,0.8942281603813171,0.0,3.9057908058166504,10.20821762084961
34476,0,calendar_2014_test,65.75221252441406,59.0,0.9060357213020325,0.0,3.469778299331665,6.7522125244140625
34477,0,calendar_2014_test,59.52373504638672,58.0,0.8910313844680786,0.0,4.023836612701416,1.5237350463867188
34478,0,calendar_2014_test,61.48468780517578,59.0,0.8902624845504761,0.0,4.0522308349609375,2.4846878051757812
34479,0,calendar_2014_test,60.80634689331055,60.0,0.8857590556144714,0.0,4.218525409698486,0.8063468933105469
34480,0,calendar_2014_test,62.30112838745117,72.0,0.8999088406562805,0.0,3.696023941040039,9.698871612548828
34481,0,calendar_2014_test,74.62532043457031,71.0,0.8681357502937317,0.0,4.869294166564941,3.6253204345703125
34482,0,calendar_2014_test,71.1451416015625,90.0,0.8603271842002869,0.0,5.157638072967529,18.8548583984375
34483,0,calendar_2014_test,92.7640380859375,120.0,0.8383222222328186,0.0,5.9702067375183105,27.2359619140625
34484,0,calendar_2014_test,127.79627990722656,123.0,0.8182498216629028,0.0,6.711409568786621,4.7962799072265625
34485,0,calendar_2014_test,125.53964233398438,132.0,0.8454296588897705,0.0,5.707752227783203,6.460357666015625
34486,0,calendar_2014_test,135.86460876464844,144.0,0.7733874320983887,0.0,8.368025779724121,8.135391235351562
34487,0,calendar_2014_test,149.1283416748047,154.0,0.7295472621917725,0.0,9.986891746520996,4.8716583251953125
34488,0,calendar_2014_test,158.62356567382812,160.0,0.7735955715179443,0.0,8.360339164733887,1.376434326171875
34489,0,calendar_2014_test,162.33294677734375,124.0,0.7381157875061035,0.0,9.670487403869629,38.33294677734375
34490,0,calendar_2014_test,113.45443725585938,95.0,0.795840322971344,0.0,7.53891658782959,18.454437255859375
34491,0,calendar_2014_test,88.666259765625,80.0,0.8813483715057373,0.0,4.381397724151611,8.666259765625
34492,0,calendar_2014_test,77.3470230102539,72.0,0.8496555089950562,0.0,5.551705837249756,5.347023010253906
34493,0,calendar_2014_test,69.27076721191406,70.0,0.8558909893035889,0.0,5.321450233459473,0.7292327880859375
34494,0,calendar_2014_test,66.97836303710938,58.0,0.8840338587760925,0.0,4.282232761383057,8.978363037109375
34495,0,calendar_2014_test,59.1432991027832,53.0,0.9011268615722656,0.0,3.651045560836792,6.143299102783203
34496,0,calendar_2014_test,53.78443145751953,54.0,0.9109280109405518,0.0,3.289123296737671,0.21556854248046875
34497,0,calendar_2014_test,54.89844512939453,44.0,0.8913792371749878,0.0,4.010992527008057,10.898445129394531
34498,0,calendar_2014_test,46.10980224609375,33.0,0.8962624669075012,0.0,3.830672025680542,13.10980224609375
34499,0,calendar_2014_test,35.26896286010742,46.0,0.9228545427322388,0.0,2.8487167358398438,10.731037139892578
34500,0,calendar_2014_test,50.70757293701172,42.0,0.8948858380317688,0.0,3.8815064430236816,8.707572937011719
34501,0,calendar_2014_test,44.705265045166016,55.0,0.9055286645889282,0.0,3.4885036945343018,10.294734954833984
34502,0,calendar_2014_test,57.05770492553711,15.0,0.8861550688743591,0.0,4.203902721405029,42.05770492553711
34503,0,calendar_2014_test,21.111793518066406,18.0,0.9180447459220886,0.0,3.0263261795043945,3.1117935180664062
34504,0,calendar_2014_test,22.528589248657227,17.0,0.9245230555534363,0.0,2.7871041297912598,5.528589248657227
34505,0,calendar_2014_test,19.797136306762695,22.0,0.9204249978065491,0.0,2.938431739807129,2.2028636932373047
34506,0,calendar_2014_test,22.66980743408203,22.0,0.9300645589828491,0.0,2.5824763774871826,0.6698074340820312
34507,0,calendar_2014_test,24.94244384765625,24.0,0.9239873290061951,0.0,2.80688738822937,0.94244384765625
34508,0,calendar_2014_test,24.65894317626953,21.0,0.919525146484375,0.0,2.9716598987579346,3.6589431762695312
34509,0,calendar_2014_test,20.849071502685547,28.0,0.9327684044837952,0.0,2.4826323986053467,7.150928497314453
34510,0,calendar_2014_test,26.16679573059082,31.0,0.9351724982261658,0.0,2.393857955932617,4.83320426940918
34511,0,calendar_2014_test,31.599910736083984,31.0,0.9153087139129639,0.0,3.1273584365844727,0.5999107360839844
34512,0,calendar_2014_test,30.264320373535156,24.0,0.9335383176803589,0.0,2.454202890396118,6.264320373535156
34513,0,calendar_2014_test,28.85785484313965,25.0,0.9102256894111633,0.0,3.3150579929351807,3.8578548431396484
34514,0,calendar_2014_test,25.798067092895508,39.0,0.9368181824684143,0.0,2.333087921142578,13.201932907104492
34515,0,calendar_2014_test,39.81792449951172,38.0,0.8924130797386169,0.0,3.9728164672851562,1.8179244995117188
34516,0,calendar_2014_test,36.610206604003906,37.0,0.9180384278297424,0.0,3.026559829711914,0.38979339599609375
34517,0,calendar_2014_test,37.69453430175781,36.0,0.9145985841751099,0.0,3.1535816192626953,1.6945343017578125
34518,0,calendar_2014_test,37.31818771362305,32.0,0.9318720102310181,0.0,2.515732526779175,5.318187713623047
34519,0,calendar_2014_test,31.394542694091797,30.0,0.8950449824333191,0.0,3.8756284713745117,1.3945426940917969
34520,0,calendar_2014_test,33.00145721435547,23.0,0.9129745364189148,0.0,3.2135517597198486,10.001457214355469
34521,0,calendar_2014_test,25.72098159790039,20.0,0.9327794313430786,0.0,2.4822261333465576,5.720981597900391
34522,0,calendar_2014_test,21.537296295166016,28.0,0.9208828210830688,0.0,2.921525001525879,6.462703704833984
34523,0,calendar_2014_test,28.38167381286621,43.0,0.9188593626022339,0.0,2.996244430541992,14.618326187133789
34524,0,calendar_2014_test,45.49124526977539,53.0,0.8912758231163025,0.0,4.014811038970947,7.508754730224609
34525,0,calendar_2014_test,55.45768356323242,49.0,0.8830122351646423,0.0,4.319956302642822,6.457683563232422
34526,0,calendar_2014_test,51.88087844848633,53.0,0.9114135503768921,0.0,3.271193265914917,1.1191215515136719
34527,0,calendar_2014_test,54.95333480834961,78.0,0.9080763459205627,0.0,3.3944246768951416,23.04666519165039
34528,0,calendar_2014_test,84.47725677490234,86.0,0.854944109916687,0.0,5.356415271759033,1.5227432250976562
34529,0,calendar_2014_test,84.50527954101562,65.0,0.8492100834846497,0.0,5.568154335021973,19.505279541015625
34530,0,calendar_2014_test,57.57303237915039,58.0,0.8914417028427124,0.0,4.008685111999512,0.4269676208496094
34531,0,calendar_2014_test,53.75792694091797,53.0,0.9145466685295105,0.0,3.1554982662200928,0.7579269409179688
34532,0,calendar_2014_test,49.44063949584961,26.0,0.8825139999389648,0.0,4.338355541229248,23.44063949584961
34533,0,calendar_2014_test,23.725248336791992,20.0,0.932166576385498,0.0,2.5048553943634033,3.725248336791992
34534,0,calendar_2014_test,19.15435791015625,12.0,0.932588517665863,0.0,2.4892749786376953,7.15435791015625
34535,0,calendar_2014_test,13.98298454284668,13.0,0.9386627674102783,0.0,2.2649734020233154,0.9829845428466797
34536,0,calendar_2014_test,12.225186347961426,12.0,0.9411661028862,0.0,2.172534942626953,0.22518634796142578
34537,0,calendar_2014_test,11.320262908935547,12.0,0.917214572429657,0.0,3.0569825172424316,0.6797370910644531
34538,0,calendar_2014_test,10.194591522216797,6.0,0.9304038286209106,0.0,2.5699479579925537,4.194591522216797
34539,0,calendar_2014_test,9.548748016357422,11.0,0.9339410662651062,0.0,2.4393293857574463,1.4512519836425781
34540,0,calendar_2014_test,10.49724292755127,6.0,0.9394026398658752,0.0,2.237652063369751,4.4972429275512695
34541,0,calendar_2014_test,11.006033897399902,6.0,0.9467248916625977,0.0,1.9672677516937256,5.006033897399902
34542,0,calendar_2014_test,11.89150619506836,11.0,0.947966456413269,0.0,1.9214211702346802,0.8915061950683594
34543,0,calendar_2014_test,15.12086296081543,10.0,0.9326386451721191,0.0,2.487424373626709,5.12086296081543
34544,0,calendar_2014_test,15.636922836303711,9.0,0.9410073757171631,0.0,2.178396224975586,6.636922836303711
34545,0,calendar_2014_test,15.894078254699707,9.0,0.9433759450912476,0.0,2.0909321308135986,6.894078254699707
34546,0,calendar_2014_test,14.4901704788208,14.0,0.9436856508255005,0.0,2.079495906829834,0.4901704788208008
34547,0,calendar_2014_test,19.185340881347656,21.0,0.9302168488502502,0.0,2.5768516063690186,1.8146591186523438
34548,0,calendar_2014_test,23.99730110168457,22.0,0.9248312711715698,0.0,2.7757229804992676,1.9973011016845703
34549,0,calendar_2014_test,19.427074432373047,23.0,0.9173650741577148,0.0,3.051424264907837,3.572925567626953
34550,0,calendar_2014_test,26.98463249206543,27.0,0.9072689414024353,0.0,3.4242401123046875,0.015367507934570312
34551,0,calendar_2014_test,28.65012550354004,42.0,0.9204138517379761,0.0,2.938843011856079,13.349874496459961
34552,0,calendar_2014_test,44.36013412475586,50.0,0.9238324761390686,0.0,2.812605619430542,5.639865875244141
34553,0,calendar_2014_test,54.60823440551758,57.0,0.889887273311615,0.0,4.0660858154296875,2.391765594482422
34554,0,calendar_2014_test,53.01078796386719,29.0,0.9119835495948792,0.0,3.25014591217041,24.010787963867188
34555,0,calendar_2014_test,26.456787109375,26.0,0.9240507483482361,0.0,2.8045461177825928,0.456787109375
34556,0,calendar_2014_test,23.874910354614258,23.0,0.9101796746253967,0.0,3.316756248474121,0.8749103546142578
34557,0,calendar_2014_test,18.80112648010254,18.0,0.9165664911270142,0.0,3.0809130668640137,0.8011264801025391
34558,0,calendar_2014_test,19.327289581298828,15.0,0.9410337209701538,0.0,2.1774215698242188,4.327289581298828
34559,0,calendar_2014_test,14.119500160217285,12.0,0.9513353109359741,0.0,1.7970210313796997,2.119500160217285
34560,0,calendar_2014_test,13.02626895904541,17.0,0.9377630352973938,0.0,2.298196792602539,3.97373104095459
34561,0,calendar_2014_test,15.749098777770996,8.0,0.9413016438484192,0.0,2.1675283908843994,7.749098777770996
34562,0,calendar_2014_test,13.776432037353516,10.0,0.9369549751281738,0.0,2.3280370235443115,3.7764320373535156
34563,0,calendar_2014_test,14.664612770080566,12.0,0.9409865736961365,0.0,2.179164171218872,2.6646127700805664
34564,0,calendar_2014_test,16.056419372558594,19.0,0.926164448261261,0.0,2.7264933586120605,2.9435806274414062
34565,0,calendar_2014_test,18.98555564880371,21.0,0.9292036890983582,0.0,2.614264488220215,2.014444351196289
34566,0,calendar_2014_test,22.697744369506836,30.0,0.9225184917449951,0.0,2.8611268997192383,7.302255630493164
34567,0,calendar_2014_test,32.550106048583984,33.0,0.9112004041671753,0.0,3.2790656089782715,0.4498939514160156
34568,0,calendar_2014_test,34.620338439941406,28.0,0.9166843891143799,0.0,3.0765607357025146,6.620338439941406
34569,0,calendar_2014_test,30.904706954956055,24.0,0.9059637188911438,0.0,3.472437858581543,6.904706954956055
34570,0,calendar_2014_test,29.240209579467773,31.0,0.9304646849632263,0.0,2.567701578140259,1.7597904205322266
34571,0,calendar_2014_test,35.28432083129883,40.0,0.9081953763961792,0.0,3.3900303840637207,4.715679168701172
34572,0,calendar_2014_test,46.20430374145508,29.0,0.9143560528755188,0.0,3.162536382675171,17.204303741455078
34573,0,calendar_2014_test,32.41114044189453,64.0,0.9167656898498535,0.0,3.073556900024414,31.58885955810547
34574,0,calendar_2014_test,65.32565307617188,38.0,0.8805185556411743,0.0,4.412039279937744,27.325653076171875
34575,0,calendar_2014_test,32.79378128051758,19.0,0.9245312809944153,0.0,2.7868010997772217,13.793781280517578
34576,0,calendar_2014_test,24.431621551513672,23.0,0.9175522327423096,0.0,3.0445127487182617,1.4316215515136719
34577,0,calendar_2014_test,23.03311538696289,13.0,0.9215864539146423,0.0,2.8955442905426025,10.03311538696289
34578,0,calendar_2014_test,18.26925277709961,15.0,0.9198131561279297,0.0,2.9610259532928467,3.2692527770996094
34579,0,calendar_2014_test,16.87801170349121,21.0,0.9191387891769409,0.0,2.9859273433685303,4.121988296508789
34580,0,calendar_2014_test,20.95133399963379,18.0,0.9204646348953247,0.0,2.936967134475708,2.951333999633789
34581,0,calendar_2014_test,22.652950286865234,19.0,0.9270205497741699,0.0,2.6948819160461426,3.6529502868652344
34582,0,calendar_2014_test,20.941957473754883,38.0,0.9170210361480713,0.0,3.0641286373138428,17.058042526245117
34583,0,calendar_2014_test,36.83262634277344,36.0,0.9061741828918457,0.0,3.4646644592285156,0.8326263427734375
34584,0,calendar_2014_test,39.059410095214844,36.0,0.9055781364440918,0.0,3.48667573928833,3.0594100952148438
34585,0,calendar_2014_test,39.12602615356445,53.0,0.931119441986084,0.0,2.543523073196411,13.873973846435547
34586,0,calendar_2014_test,53.91819381713867,55.0,0.8971014022827148,0.0,3.7996926307678223,1.0818061828613281
34587,0,calendar_2014_test,57.93527603149414,43.0,0.9019473791122437,0.0,3.620745897293091,14.93527603149414
34588,0,calendar_2014_test,41.58932113647461,38.0,0.9204110503196716,0.0,2.938946485519409,3.5893211364746094
34589,0,calendar_2014_test,37.47614288330078,26.0,0.8931139707565308,0.0,3.9469351768493652,11.476142883300781
34590,0,calendar_2014_test,27.90709686279297,17.0,0.9285129904747009,0.0,2.6397695541381836,10.907096862792969
34591,0,calendar_2014_test,22.135862350463867,17.0,0.9232434034347534,0.0,2.8343567848205566,5.135862350463867
34592,0,calendar_2014_test,18.536312103271484,15.0,0.9499934315681458,0.0,1.8465720415115356,3.5363121032714844
34593,0,calendar_2014_test,20.379871368408203,19.0,0.9307449460029602,0.0,2.5573511123657227,1.3798713684082031
34594,0,calendar_2014_test,22.043447494506836,21.0,0.9283658266067505,0.0,2.645204544067383,1.043447494506836
34595,0,calendar_2014_test,25.946557998657227,24.0,0.9087321758270264,0.0,3.370208501815796,1.9465579986572266
34596,0,calendar_2014_test,29.850927352905273,24.0,0.9401923418045044,0.0,2.208491325378418,5.850927352905273
34597,0,calendar_2014_test,28.61151123046875,26.0,0.9086207747459412,0.0,3.374321937561035,2.61151123046875
34598,0,calendar_2014_test,29.30588722229004,24.0,0.9391703605651855,0.0,2.2462308406829834,5.305887222290039
34599,0,calendar_2014_test,26.882028579711914,21.0,0.9177538156509399,0.0,3.03706955909729,5.882028579711914
34600,0,calendar_2014_test,23.927431106567383,29.0,0.9244571924209595,0.0,2.7895359992980957,5.072568893432617
34601,0,calendar_2014_test,29.07375717163086,19.0,0.9092358350753784,0.0,3.3516082763671875,10.07375717163086
34602,0,calendar_2014_test,22.464017868041992,22.0,0.9201439023017883,0.0,2.94881272315979,0.4640178680419922
34603,0,calendar_2014_test,23.942956924438477,22.0,0.9194291234016418,0.0,2.975205421447754,1.9429569244384766
34604,0,calendar_2014_test,22.19168472290039,16.0,0.919761598110199,0.0,2.9629292488098145,6.191684722900391
34605,0,calendar_2014_test,18.05830955505371,28.0,0.9341073632240295,0.0,2.433189868927002,9.941690444946289
34606,0,calendar_2014_test,29.56340217590332,35.0,0.9150632619857788,0.0,3.1364221572875977,5.43659782409668
34607,0,calendar_2014_test,35.34666442871094,17.0,0.9028892517089844,0.0,3.5859670639038086,18.346664428710938
34608,0,calendar_2014_test,18.964824676513672,25.0,0.9465538859367371,0.0,1.9735816717147827,6.035175323486328
34609,0,calendar_2014_test,23.34940528869629,27.0,0.9327993392944336,0.0,2.481490135192871,3.650594711303711
34610,0,calendar_2014_test,28.230043411254883,26.0,0.9329321384429932,0.0,2.476586103439331,2.230043411254883
34611,0,calendar_2014_test,27.26941680908203,26.0,0.9260411262512207,0.0,2.731048107147217,1.2694168090820312
34612,0,calendar_2014_test,31.07965087890625,28.0,0.8957463502883911,0.0,3.8497297763824463,3.07965087890625
34613,0,calendar_2014_test,29.942981719970703,42.0,0.9038317799568176,0.0,3.5511631965637207,12.057018280029297
34614,0,calendar_2014_test,44.4619026184082,48.0,0.9158852100372314,0.0,3.106070041656494,3.538097381591797
34615,0,calendar_2014_test,52.1511116027832,31.0,0.9191314578056335,0.0,2.986198902130127,21.151111602783203
34616,0,calendar_2014_test,32.35836410522461,27.0,0.9039590358734131,0.0,3.546464443206787,5.358364105224609
34617,0,calendar_2014_test,30.6683349609375,26.0,0.9123738408088684,0.0,3.235733985900879,4.6683349609375
34618,0,calendar_2014_test,28.26542091369629,35.0,0.9073257446289062,0.0,3.4221434593200684,6.734579086303711
34619,0,calendar_2014_test,36.531776428222656,32.0,0.9149299263954163,0.0,3.141345262527466,4.531776428222656
34620,0,calendar_2014_test,34.869930267333984,38.0,0.9184810519218445,0.0,3.0102152824401855,3.1300697326660156
34621,0,calendar_2014_test,36.672847747802734,37.0,0.9161158204078674,0.0,3.0975558757781982,0.3271522521972656
34622,0,calendar_2014_test,39.43357849121094,26.0,0.9072220325469971,0.0,3.4259724617004395,13.433578491210938
34623,0,calendar_2014_test,31.618534088134766,17.0,0.9122583270072937,0.0,3.239999294281006,14.618534088134766
34624,0,calendar_2014_test,23.684907913208008,32.0,0.9339877963066101,0.0,2.4376041889190674,8.315092086791992
34625,0,calendar_2014_test,35.04887390136719,26.0,0.921551525592804,0.0,2.8968334197998047,9.048873901367188
34626,0,calendar_2014_test,27.643945693969727,34.0,0.9301103949546814,0.0,2.580782890319824,6.356054306030273
34627,0,calendar_2014_test,34.37749099731445,32.0,0.9145551323890686,0.0,3.1551859378814697,2.377490997314453
34628,0,calendar_2014_test,33.22954559326172,23.0,0.9385631680488586,0.0,2.2686524391174316,10.229545593261719
34629,0,calendar_2014_test,25.32593536376953,35.0,0.9342828989028931,0.0,2.4267075061798096,9.674064636230469
34630,0,calendar_2014_test,37.6580696105957,71.0,0.9055544137954712,0.0,3.4875524044036865,33.3419303894043
34631,0,calendar_2014_test,76.60676574707031,102.0,0.8635275959968567,0.0,5.03945779800415,25.393234252929688
34632,0,calendar_2014_test,108.53648376464844,121.0,0.8459972143173218,0.0,5.686795234680176,12.463516235351562
34633,0,calendar_2014_test,121.42163848876953,114.0,0.790593147277832,0.0,7.732676982879639,7.421638488769531
34634,0,calendar_2014_test,111.30879211425781,64.0,0.8547919988632202,0.0,5.362033367156982,47.30879211425781
34635,0,calendar_2014_test,55.53096389770508,47.0,0.8701837062835693,0.0,4.793671131134033,8.530963897705078
34636,0,calendar_2014_test,44.50934600830078,26.0,0.9206172227859497,0.0,2.93133282661438,18.50934600830078
34637,0,calendar_2014_test,24.41345977783203,17.0,0.916657030582428,0.0,3.0775692462921143,7.413459777832031
34638,0,calendar_2014_test,20.72627067565918,12.0,0.9268123507499695,0.0,2.702568531036377,8.72627067565918
34639,0,calendar_2014_test,18.375654220581055,17.0,0.9332950115203857,0.0,2.4631853103637695,1.3756542205810547
34640,0,calendar_2014_test,19.913042068481445,34.0,0.9504208564758301,0.0,1.830788254737854,14.086957931518555
34641,0,calendar_2014_test,34.37562561035156,48.0,0.9208886027336121,0.0,2.9213132858276367,13.624374389648438
34642,0,calendar_2014_test,52.94858932495117,22.0,0.8992581367492676,0.0,3.7200512886047363,30.948589324951172
34643,0,calendar_2014_test,29.130985260009766,30.0,0.9155250787734985,0.0,3.119368314743042,0.8690147399902344
34644,0,calendar_2014_test,35.31684875488281,27.0,0.8999300003051758,0.0,3.6952428817749023,8.316848754882812
34645,0,calendar_2014_test,32.318843841552734,24.0,0.9012877345085144,0.0,3.6451046466827393,8.318843841552734
34646,0,calendar_2014_test,30.245513916015625,28.0,0.926394522190094,0.0,2.7179977893829346,2.245513916015625
34647,0,calendar_2014_test,33.59688186645508,33.0,0.9187613725662231,0.0,2.999863862991333,0.5968818664550781
34648,0,calendar_2014_test,36.064598083496094,55.0,0.9035142660140991,0.0,3.562887668609619,18.935401916503906
34649,0,calendar_2014_test,59.236289978027344,70.0,0.8801495432853699,0.0,4.425666332244873,10.763710021972656
34650,0,calendar_2014_test,75.911865234375,71.0,0.9020111560821533,0.0,3.6183931827545166,4.911865234375
34651,0,calendar_2014_test,73.0203628540039,88.0,0.8752105236053467,0.0,4.608047008514404,14.979637145996094
34652,0,calendar_2014_test,90.25935363769531,82.0,0.8397470116615295,0.0,5.917593955993652,8.259353637695312
34653,0,calendar_2014_test,77.84025573730469,52.0,0.8778096437454224,0.0,4.512070178985596,25.840255737304688
34654,0,calendar_2014_test,44.543758392333984,46.0,0.907418966293335,0.0,3.4186999797821045,1.4562416076660156
34655,0,calendar_2014_test,46.1609001159668,33.0,0.9242528080940247,0.0,2.7970845699310303,13.160900115966797
34656,0,calendar_2014_test,33.07328796386719,37.0,0.921159029006958,0.0,2.9113264083862305,3.9267120361328125
34657,0,calendar_2014_test,33.65568542480469,49.0,0.9083475470542908,0.0,3.3844099044799805,15.344314575195312
34658,0,calendar_2014_test,48.42742919921875,71.0,0.8887932300567627,0.0,4.106484413146973,22.57257080078125
34659,0,calendar_2014_test,75.93637084960938,68.0,0.8620709776878357,0.0,5.0932464599609375,7.936370849609375
34660,0,calendar_2014_test,68.25901794433594,48.0,0.8547796010971069,0.0,5.362492084503174,20.259017944335938
34661,0,calendar_2014_test,47.50507736206055,44.0,0.8988689184188843,0.0,3.734423875808716,3.505077362060547
34662,0,calendar_2014_test,44.8947868347168,38.0,0.8985964059829712,0.0,3.744485855102539,6.894786834716797
34663,0,calendar_2014_test,38.18082046508789,28.0,0.910894513130188,0.0,3.2903594970703125,10.18082046508789
34664,0,calendar_2014_test,30.767539978027344,52.0,0.9295170903205872,0.0,2.602691650390625,21.232460021972656
34665,0,calendar_2014_test,55.635292053222656,63.0,0.892785370349884,0.0,3.959068536758423,7.364707946777344
34666,0,calendar_2014_test,66.6764144897461,56.0,0.8979004621505737,0.0,3.7701847553253174,10.676414489746094
34667,0,calendar_2014_test,56.38908767700195,61.0,0.8831077218055725,0.0,4.31643009185791,4.610912322998047
34668,0,calendar_2014_test,66.97278594970703,74.0,0.8891575932502747,0.0,4.093029975891113,7.027214050292969
34669,0,calendar_2014_test,82.8681869506836,80.0,0.8770898580551147,0.0,4.538649559020996,2.8681869506835938
34670,0,calendar_2014_test,86.71102905273438,89.0,0.8778882026672363,0.0,4.509171009063721,2.288970947265625
34671,0,calendar_2014_test,94.67874908447266,97.0,0.8468140363693237,0.0,5.656633377075195,2.3212509155273438
34672,0,calendar_2014_test,105.97138977050781,172.0,0.8558003902435303,0.0,5.324798107147217,66.02861022949219
34673,0,calendar_2014_test,174.09512329101562,209.0,0.749040961265564,0.0,9.267057418823242,34.904876708984375
34674,0,calendar_2014_test,208.352783203125,72.0,0.7213116884231567,0.0,10.291004180908203,136.352783203125
34675,0,calendar_2014_test,49.29108428955078,19.0,0.8941189050674438,0.0,3.909825086593628,30.29108428955078
34676,0,calendar_2014_test,21.370656967163086,23.0,0.9250125288963318,0.0,2.769031047821045,1.629343032836914
34677,0,calendar_2014_test,21.83449363708496,31.0,0.926424503326416,0.0,2.716890335083008,9.165506362915039
34678,0,calendar_2014_test,30.0119686126709,27.0,0.9201175570487976,0.0,2.949784994125366,3.0119686126708984
34679,0,calendar_2014_test,27.66118049621582,33.0,0.9168930053710938,0.0,3.0688562393188477,5.33881950378418
34680,0,calendar_2014_test,30.188091278076172,38.0,0.906964898109436,0.0,3.4354677200317383,7.811908721923828
34681,0,calendar_2014_test,37.40998077392578,36.0,0.9078064560890198,0.0,3.404390811920166,1.4099807739257812
34682,0,calendar_2014_test,36.50010681152344,39.0,0.9224363565444946,0.0,2.864158868789673,2.4998931884765625
34683,0,calendar_2014_test,32.786312103271484,44.0,0.9167912602424622,0.0,3.072613477706909,11.213687896728516
34684,0,calendar_2014_test,44.775901794433594,37.0,0.9023571610450745,0.0,3.6056160926818848,7.775901794433594
34685,0,calendar_2014_test,38.80788040161133,36.0,0.9046106338500977,0.0,3.52240252494812,2.807880401611328
34686,0,calendar_2014_test,38.57633972167969,28.0,0.9015160202980042,0.0,3.6366758346557617,10.576339721679688
34687,0,calendar_2014_test,32.34394454956055,38.0,0.9338411092758179,0.0,2.4430203437805176,5.656055450439453
34688,0,calendar_2014_test,41.507789611816406,23.0,0.9068270921707153,0.0,3.4405555725097656,18.507789611816406
34689,0,calendar_2014_test,25.862154006958008,20.0,0.923448383808136,0.0,2.8267886638641357,5.862154006958008
34690,0,calendar_2014_test,23.02006721496582,20.0,0.9252656698226929,0.0,2.7596828937530518,3.0200672149658203
34691,0,calendar_2014_test,23.48233413696289,35.0,0.9198043346405029,0.0,2.9613499641418457,11.51766586303711
34692,0,calendar_2014_test,37.315555572509766,44.0,0.9159837961196899,0.0,3.102431535720825,6.684444427490234
34693,0,calendar_2014_test,49.36367416381836,55.0,0.8808513879776001,0.0,4.399749279022217,5.636325836181641
34694,0,calendar_2014_test,59.752174377441406,73.0,0.8907989263534546,0.0,4.032422065734863,13.247825622558594
34695,0,calendar_2014_test,80.44322967529297,81.0,0.8425233960151672,0.0,5.815070629119873,0.5567703247070312
34696,0,calendar_2014_test,85.68624877929688,93.0,0.8885335326194763,0.0,4.116074085235596,7.313751220703125
34697,0,calendar_2014_test,96.16629791259766,91.0,0.8130220770835876,0.0,6.904452800750732,5.166297912597656
34698,0,calendar_2014_test,93.02522277832031,51.0,0.8315256834030151,0.0,6.221177577972412,42.02522277832031
34699,0,calendar_2014_test,45.82174301147461,56.0,0.9131969213485718,0.0,3.2053396701812744,10.17825698852539
34700,0,calendar_2014_test,59.58008575439453,56.0,0.8585581183433533,0.0,5.222963333129883,3.5800857543945312
34701,0,calendar_2014_test,54.94685363769531,34.0,0.8864655494689941,0.0,4.19243860244751,20.946853637695312
34702,0,calendar_2014_test,31.208438873291016,35.0,0.9060768485069275,0.0,3.468259572982788,3.7915611267089844
34703,0,calendar_2014_test,31.917715072631836,27.0,0.9340791702270508,0.0,2.434229612350464,4.917715072631836
34704,0,calendar_2014_test,25.410531997680664,26.0,0.9224092364311218,0.0,2.865161657333374,0.5894680023193359
34705,0,calendar_2014_test,26.11923599243164,39.0,0.9249035120010376,0.0,2.7730562686920166,12.88076400756836
34706,0,calendar_2014_test,41.13595962524414,35.0,0.9095543622970581,0.0,3.3398478031158447,6.135959625244141
34707,0,calendar_2014_test,39.295555114746094,38.0,0.9034026861190796,0.0,3.5670065879821777,1.2955551147460938
34708,0,calendar_2014_test,42.95337677001953,59.0,0.9156100153923035,0.0,3.1162326335906982,16.04662322998047
34709,0,calendar_2014_test,64.4699478149414,69.0,0.8787165284156799,0.0,4.47858190536499,4.530052185058594
34710,0,calendar_2014_test,72.89531707763672,80.0,0.8882066011428833,0.0,4.128145694732666,7.104682922363281
34711,0,calendar_2014_test,83.4410171508789,74.0,0.8558269739151001,0.0,5.323814392089844,9.441017150878906
34712,0,calendar_2014_test,18.240562438964844,59.0,0.9397221803665161,0.0,2.2258524894714355,40.759437561035156
34713,0,calendar_2014_test,60.209346771240234,74.0,0.8799756765365601,0.0,4.43208646774292,13.790653228759766
34714,0,calendar_2014_test,79.17196655273438,80.0,0.8833615183830261,0.0,4.307058811187744,0.828033447265625
34715,0,calendar_2014_test,81.20934295654297,84.0,0.8471779227256775,0.0,5.643195152282715,2.7906570434570312
34716,0,calendar_2014_test,84.74628448486328,78.0,0.8678421378135681,0.0,4.880136966705322,6.746284484863281
34717,0,calendar_2014_test,78.94883728027344,70.0,0.8941832780838013,0.0,3.9074478149414062,8.948837280273438
34718,0,calendar_2014_test,71.07421112060547,73.0,0.8986377716064453,0.0,3.7429583072662354,1.9257888793945312
34719,0,calendar_2014_test,75.78730773925781,71.0,0.8619455695152283,0.0,5.097876071929932,4.7873077392578125
34720,0,calendar_2014_test,70.59310150146484,68.0,0.8683805465698242,0.0,4.860254764556885,2.5931015014648438
34721,0,calendar_2014_test,68.03526306152344,88.0,0.8747637867927551,0.0,4.624544620513916,19.964736938476562
34722,0,calendar_2014_test,88.43810272216797,99.0,0.8612895011901855,0.0,5.122103214263916,10.561897277832031
34723,0,calendar_2014_test,101.00027465820312,104.0,0.8513703942298889,0.0,5.488382339477539,2.999725341796875
34724,0,calendar_2014_test,103.19528198242188,106.0,0.8265610933303833,0.0,6.404504299163818,2.804718017578125
34725,0,calendar_2014_test,109.24818420410156,115.0,0.8535974025726318,0.0,5.406146049499512,5.7518157958984375
34726,0,calendar_2014_test,117.7820053100586,112.0,0.793692946434021,0.0,7.6182122230529785,5.782005310058594
34727,0,calendar_2014_test,111.8764877319336,114.0,0.8398340940475464,0.0,5.914377689361572,2.1235122680664062
34728,0,calendar_2014_test,117.61803436279297,107.0,0.8750138878822327,0.0,4.615307807922363,10.618034362792969
34729,0,calendar_2014_test,105.05276489257812,99.0,0.8785125017166138,0.0,4.4861159324646,6.052764892578125
34730,0,calendar_2014_test,94.04377746582031,81.0,0.8663408756256104,0.0,4.935573101043701,13.043777465820312
34731,0,calendar_2014_test,74.00985717773438,69.0,0.8788003325462341,0.0,4.475488185882568,5.009857177734375
34732,0,calendar_2014_test,66.33345031738281,69.0,0.8940330743789673,0.0,3.912994623184204,2.6665496826171875
34733,0,calendar_2014_test,69.72560119628906,77.0,0.9073022603988647,0.0,3.423008441925049,7.2743988037109375
34734,0,calendar_2014_test,25.142377853393555,23.0,0.9176086187362671,0.0,3.0424318313598633,2.1423778533935547
34735,0,calendar_2014_test,22.016523361206055,21.0,0.9339019060134888,0.0,2.4407763481140137,1.0165233612060547
34736,0,calendar_2014_test,24.386619567871094,23.0,0.9171240329742432,0.0,3.060326099395752,1.3866195678710938
34737,0,calendar_2014_test,26.298343658447266,18.0,0.9344486594200134,0.0,2.4205856323242188,8.298343658447266
34738,0,calendar_2014_test,21.547962188720703,24.0,0.9282897710800171,0.0,2.6480135917663574,2.452037811279297
34739,0,calendar_2014_test,22.781368255615234,30.0,0.9235270619392395,0.0,2.823883533477783,7.218631744384766
34740,0,calendar_2014_test,27.888408660888672,19.0,0.9217432737350464,0.0,2.8897523880004883,8.888408660888672
34741,0,calendar_2014_test,19.94533348083496,23.0,0.9325658679008484,0.0,2.4901113510131836,3.054666519165039
34742,0,calendar_2014_test,24.983116149902344,19.0,0.9151775240898132,0.0,3.1322033405303955,5.983116149902344
34743,0,calendar_2014_test,22.537975311279297,22.0,0.9309362173080444,0.0,2.5502893924713135,0.5379753112792969
34744,0,calendar_2014_test,24.88606071472168,31.0,0.9189364910125732,0.0,2.9933981895446777,6.11393928527832
34745,0,calendar_2014_test,31.235132217407227,42.0,0.9356672763824463,0.0,2.3755857944488525,10.764867782592773
34746,0,calendar_2014_test,45.70872116088867,41.0,0.9208920001983643,0.0,2.9211862087249756,4.708721160888672
34747,0,calendar_2014_test,45.030052185058594,56.0,0.9122768640518188,0.0,3.239313840866089,10.969947814941406
34748,0,calendar_2014_test,61.73699951171875,72.0,0.8963906168937683,0.0,3.825939893722534,10.26300048828125
34749,0,calendar_2014_test,79.01587677001953,76.0,0.9052015542984009,0.0,3.5005815029144287,3.0158767700195312
34750,0,calendar_2014_test,82.47962188720703,87.0,0.8751444220542908,0.0,4.610488414764404,4.520378112792969
34751,0,calendar_2014_test,92.98779296875,91.0,0.8350762128829956,0.0,6.090071201324463,1.98779296875
34752,0,calendar_2014_test,95.28125,97.0,0.8394169807434082,0.0,5.929780960083008,1.71875
34753,0,calendar_2014_test,100.8208999633789,110.0,0.8458800911903381,0.0,5.691119194030762,9.179100036621094
34754,0,calendar_2014_test,116.06539154052734,124.0,0.817523717880249,0.0,6.738224506378174,7.934608459472656
34755,0,calendar_2014_test,126.90525817871094,123.0,0.8581715822219849,0.0,5.237237453460693,3.9052581787109375
34756,0,calendar_2014_test,126.7364501953125,110.0,0.8397122025489807,0.0,5.918878555297852,16.7364501953125
34757,0,calendar_2014_test,108.20834350585938,115.0,0.8345815539360046,0.0,6.108335494995117,6.791656494140625
34758,0,calendar_2014_test,118.35338592529297,120.0,0.8450109958648682,0.0,5.723211288452148,1.6466140747070312
34759,0,calendar_2014_test,119.72747039794922,149.0,0.8350357413291931,0.0,6.091563701629639,29.27252960205078
34760,0,calendar_2014_test,148.38275146484375,142.0,0.7594344019889832,0.0,8.883262634277344,6.38275146484375
34761,0,calendar_2014_test,139.2133026123047,142.0,0.7485818862915039,0.0,9.284008979797363,2.7866973876953125
34762,0,calendar_2014_test,139.84500122070312,128.0,0.7695996165275574,0.0,8.507895469665527,11.845001220703125
34763,0,calendar_2014_test,124.43738555908203,120.0,0.8002599477767944,0.0,7.375715732574463,4.437385559082031
34764,0,calendar_2014_test,118.5303726196289,138.0,0.8029991388320923,0.0,7.274567604064941,19.469627380371094
34765,0,calendar_2014_test,139.15403747558594,134.0,0.8135946989059448,0.0,6.883309364318848,5.1540374755859375
34766,0,calendar_2014_test,132.61676025390625,153.0,0.8509606122970581,0.0,5.503513336181641,20.38323974609375
34767,0,calendar_2014_test,157.05360412597656,133.0,0.7709006667137146,0.0,8.45985221862793,24.053604125976562
34768,0,calendar_2014_test,126.80054473876953,134.0,0.811104416847229,0.0,6.975266933441162,7.199455261230469
34769,0,calendar_2014_test,136.2733612060547,116.0,0.7858285903930664,0.0,7.90861701965332,20.273361206054688
34770,0,calendar_2014_test,109.99300384521484,106.0,0.8564040064811707,0.0,5.302508354187012,3.9930038452148438
34771,0,calendar_2014_test,102.42289733886719,87.0,0.8414136171340942,0.0,5.856051921844482,15.422897338867188
34772,0,calendar_2014_test,85.31307220458984,83.0,0.8422096371650696,0.0,5.826657772064209,2.3130722045898438
34773,0,calendar_2014_test,83.78590393066406,108.0,0.8606860041618347,0.0,5.144388198852539,24.214096069335938
34774,0,calendar_2014_test,114.2045669555664,95.0,0.8370294570922852,0.0,6.017943382263184,19.204566955566406
34775,0,calendar_2014_test,92.9347915649414,104.0,0.8344305753707886,0.0,6.113911151885986,11.065208435058594
34776,0,calendar_2014_test,106.88343811035156,118.0,0.825855553150177,0.0,6.430557727813721,11.116561889648438
34777,0,calendar_2014_test,121.412109375,133.0,0.7784394025802612,0.0,8.181473731994629,11.587890625
34778,0,calendar_2014_test,140.21754455566406,151.0,0.7898252010345459,0.0,7.76103401184082,10.782455444335938
34779,0,calendar_2014_test,158.58590698242188,171.0,0.7523550987243652,0.0,9.144678115844727,12.414093017578125
34780,0,calendar_2014_test,158.16275024414062,35.0,0.781267523765564,0.0,8.077041625976562,123.16275024414062
34781,0,calendar_2014_test,18.859142303466797,26.0,0.9104173183441162,0.0,3.3079817295074463,7.140857696533203
34782,0,calendar_2014_test,23.127779006958008,20.0,0.9248216152191162,0.0,2.7760796546936035,3.127779006958008
34783,0,calendar_2014_test,21.34038543701172,25.0,0.9261333346366882,0.0,2.727642059326172,3.6596145629882812
34784,0,calendar_2014_test,21.898906707763672,31.0,0.9251697063446045,0.0,2.763225555419922,9.101093292236328
34785,0,calendar_2014_test,28.844179153442383,35.0,0.9073491096496582,0.0,3.421279191970825,6.155820846557617
34786,0,calendar_2014_test,38.45884704589844,39.0,0.9167430400848389,0.0,3.074394702911377,0.5411529541015625
34787,0,calendar_2014_test,43.52854537963867,45.0,0.9050480723381042,0.0,3.5062496662139893,1.4714546203613281
34788,0,calendar_2014_test,47.95942306518555,29.0,0.8993749618530273,0.0,3.7157366275787354,18.959423065185547
34789,0,calendar_2014_test,28.38142967224121,3.0,0.9148277640342712,0.0,3.1451191902160645,25.38142967224121
34790,0,calendar_2014_test,8.059765815734863,6.0,0.9389719367027283,0.0,2.2535576820373535,2.0597658157348633
34791,0,calendar_2014_test,6.933741092681885,7.0,0.9248350858688354,0.0,2.7755818367004395,0.06625890731811523
34792,0,calendar_2014_test,9.514117240905762,5.0,0.9394487738609314,0.0,2.2359488010406494,4.514117240905762
34793,0,calendar_2014_test,9.474777221679688,4.0,0.930078387260437,0.0,2.5819661617279053,5.4747772216796875
34794,0,calendar_2014_test,10.688907623291016,8.0,0.9149012565612793,0.0,3.1424057483673096,2.6889076232910156
34795,0,calendar_2014_test,13.056904792785645,6.0,0.9389567375183105,0.0,2.2541184425354004,7.0569047927856445
34796,0,calendar_2014_test,11.77783203125,10.0,0.9380025267601013,0.0,2.289354085922241,1.77783203125
34797,0,calendar_2014_test,14.004989624023438,7.0,0.9372463822364807,0.0,2.3172762393951416,7.0049896240234375
34798,0,calendar_2014_test,13.750280380249023,6.0,0.9335058927536011,0.0,2.455399513244629,7.750280380249023
34799,0,calendar_2014_test,14.186673164367676,7.0,0.9082282185554504,0.0,3.38881778717041,7.186673164367676
34800,0,calendar_2014_test,14.97531509399414,12.0,0.9261953234672546,0.0,2.725353479385376,2.9753150939941406
34801,0,calendar_2014_test,16.932621002197266,17.0,0.945702314376831,0.0,2.0050265789031982,0.06737899780273438
34802,0,calendar_2014_test,19.15967559814453,46.0,0.9410364627838135,0.0,2.1773223876953125,26.84032440185547
34803,0,calendar_2014_test,44.0916633605957,44.0,0.8785207271575928,0.0,4.485812187194824,0.09166336059570312
34804,0,calendar_2014_test,47.860595703125,38.0,0.9210639595985413,0.0,2.914837121963501,9.860595703125
34805,0,calendar_2014_test,43.36534118652344,25.0,0.9010149836540222,0.0,3.6551778316497803,18.365341186523438
34806,0,calendar_2014_test,28.819307327270508,16.0,0.9090437889099121,0.0,3.35870099067688,12.819307327270508
34807,0,calendar_2014_test,19.559228897094727,27.0,0.9256870746612549,0.0,2.744121789932251,7.440771102905273
34808,0,calendar_2014_test,25.628435134887695,24.0,0.9152467250823975,0.0,3.1296474933624268,1.6284351348876953
34809,0,calendar_2014_test,21.765756607055664,27.0,0.9154579639434814,0.0,3.1218483448028564,5.234243392944336
34810,0,calendar_2014_test,23.990293502807617,19.0,0.927011251449585,0.0,2.6952250003814697,4.990293502807617
34811,0,calendar_2014_test,19.477153778076172,15.0,0.9201077818870544,0.0,2.950146436691284,4.477153778076172
34812,0,calendar_2014_test,15.15712833404541,16.0,0.9241256713867188,0.0,2.801778554916382,0.8428716659545898
34813,0,calendar_2014_test,14.4903564453125,17.0,0.9334337115287781,0.0,2.4580652713775635,2.5096435546875
34814,0,calendar_2014_test,14.5087251663208,17.0,0.939050555229187,0.0,2.250654458999634,2.491274833679199
34815,0,calendar_2014_test,14.968396186828613,10.0,0.9383848905563354,0.0,2.275235652923584,4.968396186828613
34816,0,calendar_2014_test,11.724584579467773,7.0,0.9297794103622437,0.0,2.593005657196045,4.724584579467773
34817,0,calendar_2014_test,10.65674114227295,7.0,0.9334611296653748,0.0,2.457052230834961,3.656741142272949
34818,0,calendar_2014_test,8.356067657470703,9.0,0.9312745332717896,0.0,2.537794828414917,0.6439323425292969
34819,0,calendar_2014_test,12.750833511352539,7.0,0.9391499161720276,0.0,2.2469842433929443,5.750833511352539
34820,0,calendar_2014_test,14.408956527709961,9.0,0.9435073733329773,0.0,2.0860793590545654,5.408956527709961
34821,0,calendar_2014_test,14.705425262451172,6.0,0.9402156472206116,0.0,2.2076308727264404,8.705425262451172
34822,0,calendar_2014_test,14.27879810333252,6.0,0.9368998408317566,0.0,2.3300726413726807,8.27879810333252
34823,0,calendar_2014_test,13.821892738342285,8.0,0.9287463426589966,0.0,2.631152629852295,5.821892738342285
34824,0,calendar_2014_test,14.634448051452637,11.0,0.9328471422195435,0.0,2.4797239303588867,3.6344480514526367
34825,0,calendar_2014_test,16.20301628112793,18.0,0.9399959444999695,0.0,2.21574330329895,1.7969837188720703
34826,0,calendar_2014_test,21.731050491333008,21.0,0.9365367889404297,0.0,2.343478202819824,0.7310504913330078
34827,0,calendar_2014_test,24.240436553955078,30.0,0.9182597994804382,0.0,3.018385648727417,5.759563446044922
34828,0,calendar_2014_test,31.46491241455078,26.0,0.9084493517875671,0.0,3.3806509971618652,5.464912414550781
34829,0,calendar_2014_test,30.45197296142578,26.0,0.9152442812919617,0.0,3.1297380924224854,4.451972961425781
34830,0,calendar_2014_test,29.253862380981445,41.0,0.9069413542747498,0.0,3.4363367557525635,11.746137619018555
34831,0,calendar_2014_test,46.40224838256836,35.0,0.8928993940353394,0.0,3.954857587814331,11.40224838256836
34832,0,calendar_2014_test,36.00354766845703,39.0,0.9066876173019409,0.0,3.4457056522369385,2.9964523315429688
34833,0,calendar_2014_test,36.5228271484375,40.0,0.8899264931678772,0.0,4.06463623046875,3.4771728515625
34834,0,calendar_2014_test,37.64959716796875,23.0,0.9005640745162964,0.0,3.6718273162841797,14.64959716796875
34835,0,calendar_2014_test,23.149255752563477,27.0,0.9359816312789917,0.0,2.3639795780181885,3.8507442474365234
34836,0,calendar_2014_test,24.346698760986328,15.0,0.9211020469665527,0.0,2.9134297370910645,9.346698760986328
34837,0,calendar_2014_test,15.630783081054688,19.0,0.9382414221763611,0.0,2.280532121658325,3.3692169189453125
34838,0,calendar_2014_test,15.014028549194336,19.0,0.934269905090332,0.0,2.427186965942383,3.985971450805664
34839,0,calendar_2014_test,15.319595336914062,17.0,0.939590573310852,0.0,2.230712652206421,1.6804046630859375
34840,0,calendar_2014_test,17.614656448364258,17.0,0.9184268712997437,0.0,3.012216806411743,0.6146564483642578
34841,0,calendar_2014_test,17.76529312133789,13.0,0.9341503381729126,0.0,2.4316024780273438,4.765293121337891
34842,0,calendar_2014_test,13.240683555603027,10.0,0.9319556951522827,0.0,2.5126426219940186,3.2406835556030273
34843,0,calendar_2014_test,12.676700592041016,6.0,0.9406743049621582,0.0,2.1906955242156982,6.676700592041016
34844,0,calendar_2014_test,11.170845985412598,8.0,0.9276138544082642,0.0,2.672973155975342,3.1708459854125977
34845,0,calendar_2014_test,11.707167625427246,10.0,0.9440895915031433,0.0,2.0645790100097656,1.707167625427246
34846,0,calendar_2014_test,13.542574882507324,6.0,0.9316740036010742,0.0,2.5230448246002197,7.542574882507324
34847,0,calendar_2014_test,14.578326225280762,13.0,0.9280896186828613,0.0,2.6554040908813477,1.5783262252807617
34848,0,calendar_2014_test,16.60187530517578,19.0,0.9386990666389465,0.0,2.2636332511901855,2.3981246948242188
34849,0,calendar_2014_test,21.79514503479004,27.0,0.9216419458389282,0.0,2.893493413925171,5.204854965209961
34850,0,calendar_2014_test,28.98940086364746,31.0,0.899320125579834,0.0,3.7177631855010986,2.010599136352539
34851,0,calendar_2014_test,32.65374755859375,29.0,0.9055744409561157,0.0,3.4868125915527344,3.65374755859375
34852,0,calendar_2014_test,32.17722702026367,39.0,0.9104124903678894,0.0,3.308159828186035,6.822772979736328
34853,0,calendar_2014_test,45.60770034790039,57.0,0.8804362416267395,0.0,4.415078639984131,11.39229965209961
34854,0,calendar_2014_test,62.71186828613281,71.0,0.9000757932662964,0.0,3.689858913421631,8.288131713867188
34855,0,calendar_2014_test,76.31869506835938,68.0,0.8644946813583374,0.0,5.003746032714844,8.318695068359375
34856,0,calendar_2014_test,67.49231719970703,79.0,0.884950578212738,0.0,4.248379707336426,11.507682800292969
34857,0,calendar_2014_test,83.9140396118164,89.0,0.8649111986160278,0.0,4.988367080688477,5.085960388183594
34858,0,calendar_2014_test,91.43861389160156,45.0,0.8771935105323792,0.0,4.534822940826416,46.43861389160156
34859,0,calendar_2014_test,41.03742980957031,31.0,0.9167338013648987,0.0,3.074735641479492,10.037429809570312
34860,0,calendar_2014_test,29.978322982788086,21.0,0.9276993274688721,0.0,2.669816017150879,8.978322982788086
34861,0,calendar_2014_test,18.4077205657959,27.0,0.9058723449707031,0.0,3.4758126735687256,8.592279434204102
34862,0,calendar_2014_test,23.230430603027344,24.0,0.9272500872612,0.0,2.6864054203033447,0.7695693969726562
34863,0,calendar_2014_test,23.7469425201416,30.0,0.9108564257621765,0.0,3.29176664352417,6.253057479858398
34864,0,calendar_2014_test,26.78188133239746,25.0,0.9362356066703796,0.0,2.3546011447906494,1.781881332397461
34865,0,calendar_2014_test,27.554201126098633,38.0,0.9088422060012817,0.0,3.3661444187164307,10.445798873901367
34866,0,calendar_2014_test,37.54497146606445,43.0,0.9174833297729492,0.0,3.0470569133758545,5.455028533935547
34867,0,calendar_2014_test,43.0897102355957,48.0,0.9024133682250977,0.0,3.6035406589508057,4.910289764404297
34868,0,calendar_2014_test,49.989810943603516,48.0,0.898541271686554,0.0,3.7465226650238037,1.9898109436035156
34869,0,calendar_2014_test,51.2438850402832,47.0,0.9098941683769226,0.0,3.3272995948791504,4.243885040283203
34870,0,calendar_2014_test,47.80562210083008,63.0,0.8940902948379517,0.0,3.910881519317627,15.194377899169922
34871,0,calendar_2014_test,63.8972053527832,62.0,0.8780930042266846,0.0,4.5016069412231445,1.8972053527832031
34872,0,calendar_2014_test,64.38178253173828,67.0,0.9153306484222412,0.0,3.1265482902526855,2.6182174682617188
34873,0,calendar_2014_test,74.50873565673828,73.0,0.8601043820381165,0.0,5.165864944458008,1.5087356567382812
34874,0,calendar_2014_test,77.9357681274414,82.0,0.8522199392318726,0.0,5.457009792327881,4.064231872558594
34875,0,calendar_2014_test,86.93791198730469,94.0,0.8147047758102417,0.0,6.842318058013916,7.0620880126953125
34876,0,calendar_2014_test,97.26535034179688,93.0,0.8372862339019775,0.0,6.0084614753723145,4.265350341796875
34877,0,calendar_2014_test,95.73533630371094,89.0,0.852006196975708,0.0,5.464903831481934,6.7353363037109375
34878,0,calendar_2014_test,88.9913558959961,90.0,0.8465734124183655,0.0,5.665518283843994,1.0086441040039062
34879,0,calendar_2014_test,90.87858581542969,100.0,0.8581205606460571,0.0,5.2391204833984375,9.121414184570312
34880,0,calendar_2014_test,101.8465805053711,103.0,0.8782959580421448,0.0,4.494113445281982,1.1534194946289062
34881,0,calendar_2014_test,105.49523162841797,108.0,0.8524043560028076,0.0,5.450201988220215,2.5047683715820312
34882,0,calendar_2014_test,108.44931030273438,91.0,0.8764083981513977,0.0,4.563813209533691,17.449310302734375
34883,0,calendar_2014_test,88.50285339355469,83.0,0.8510720729827881,0.0,5.499396800994873,5.5028533935546875
34884,0,calendar_2014_test,83.5261459350586,69.0,0.8512951135635376,0.0,5.4911603927612305,14.526145935058594
34885,0,calendar_2014_test,66.8543472290039,64.0,0.8869661092758179,0.0,4.173954963684082,2.8543472290039062
34886,0,calendar_2014_test,63.02066421508789,67.0,0.8668524026870728,0.0,4.916683673858643,3.9793357849121094
34887,0,calendar_2014_test,67.75110626220703,62.0,0.8759954571723938,0.0,4.5790629386901855,5.751106262207031
34888,0,calendar_2014_test,60.19626235961914,68.0,0.8971943855285645,0.0,3.7962582111358643,7.803737640380859
34889,0,calendar_2014_test,64.03590393066406,66.0,0.8977494835853577,0.0,3.775761842727661,1.9640960693359375
34890,0,calendar_2014_test,66.15086364746094,60.0,0.9123143553733826,0.0,3.2379307746887207,6.1508636474609375
34891,0,calendar_2014_test,62.257972717285156,73.0,0.9032044410705566,0.0,3.574326992034912,10.742027282714844
34892,0,calendar_2014_test,79.92610168457031,80.0,0.8642936944961548,0.0,5.011168956756592,0.0738983154296875
34893,0,calendar_2014_test,85.30610656738281,80.0,0.890163779258728,0.0,4.055874824523926,5.3061065673828125
34894,0,calendar_2014_test,83.13101959228516,84.0,0.8574976921081543,0.0,5.262120723724365,0.8689804077148438
34895,0,calendar_2014_test,88.20645141601562,98.0,0.8956140279769897,0.0,3.854616403579712,9.793548583984375
34896,0,calendar_2014_test,105.45577239990234,99.0,0.8285260200500488,0.0,6.331944942474365,6.455772399902344
34897,0,calendar_2014_test,95.8297119140625,129.0,0.8491897583007812,0.0,5.568905353546143,33.1702880859375
34898,0,calendar_2014_test,133.56369018554688,125.0,0.8367019891738892,0.0,6.030036449432373,8.563690185546875
34899,0,calendar_2014_test,125.32835388183594,74.0,0.8176512718200684,0.0,6.733513832092285,51.32835388183594
34900,0,calendar_2014_test,65.6069107055664,58.0,0.8830500245094299,0.0,4.3185625076293945,7.606910705566406
34901,0,calendar_2014_test,59.031063079833984,79.0,0.8831937313079834,0.0,4.313253879547119,19.968936920166016
34902,0,calendar_2014_test,82.61290740966797,77.0,0.869022786617279,0.0,4.836539268493652,5.612907409667969
34903,0,calendar_2014_test,75.93672180175781,80.0,0.8664238452911377,0.0,4.9325103759765625,4.0632781982421875
34904,0,calendar_2014_test,80.81742858886719,85.0,0.8849833607673645,0.0,4.247169494628906,4.1825714111328125
34905,0,calendar_2014_test,87.59827423095703,74.0,0.8960162997245789,0.0,3.8397607803344727,13.598274230957031
34906,0,calendar_2014_test,74.48160552978516,78.0,0.8994354605674744,0.0,3.713503122329712,3.5183944702148438
34907,0,calendar_2014_test,78.95655059814453,90.0,0.9039239883422852,0.0,3.547758102416992,11.043449401855469
34908,0,calendar_2014_test,94.53028106689453,89.0,0.8476406931877136,0.0,5.626107215881348,5.530281066894531
34909,0,calendar_2014_test,93.35445404052734,68.0,0.8434324264526367,0.0,5.781504154205322,25.354454040527344
34910,0,calendar_2014_test,65.68832397460938,71.0,0.8784770369529724,0.0,4.487426280975342,5.311676025390625
34911,0,calendar_2014_test,74.47599029541016,66.0,0.8781988620758057,0.0,4.497697830200195,8.475990295410156
34912,0,calendar_2014_test,64.96638488769531,59.0,0.890235424041748,0.0,4.053229331970215,5.9663848876953125
34913,0,calendar_2014_test,59.88547134399414,49.0,0.8831964731216431,0.0,4.313154697418213,10.88547134399414
34914,0,calendar_2014_test,49.54790496826172,62.0,0.9182932376861572,0.0,3.01715087890625,12.452095031738281
34915,0,calendar_2014_test,68.89325714111328,74.0,0.8640263080596924,0.0,5.021042346954346,5.106742858886719
34916,0,calendar_2014_test,79.78486633300781,81.0,0.9004920721054077,0.0,3.674485683441162,1.2151336669921875
34917,0,calendar_2014_test,86.43733978271484,85.0,0.8604261875152588,0.0,5.153982162475586,1.4373397827148438
34918,0,calendar_2014_test,92.857177734375,88.0,0.8174178600311279,0.0,6.742133140563965,4.857177734375
34919,0,calendar_2014_test,93.92168426513672,87.0,0.8629910945892334,0.0,5.05927038192749,6.921684265136719
34920,0,calendar_2014_test,90.74742889404297,95.0,0.8371889591217041,0.0,6.012054443359375,4.252571105957031
34921,0,calendar_2014_test,102.67008209228516,121.0,0.8728802800178528,0.0,4.694095134735107,18.329917907714844
34922,0,calendar_2014_test,128.59107971191406,139.0,0.8069954514503479,0.0,7.12699556350708,10.408920288085938
34923,0,calendar_2014_test,147.30479431152344,132.0,0.8123326301574707,0.0,6.92991304397583,15.304794311523438
34924,0,calendar_2014_test,134.93606567382812,111.0,0.8453428745269775,0.0,5.710956573486328,23.936065673828125
34925,0,calendar_2014_test,106.57645416259766,107.0,0.811578094959259,0.0,6.9577741622924805,0.42354583740234375
34926,0,calendar_2014_test,108.14994049072266,102.0,0.8494925498962402,0.0,5.5577239990234375,6.149940490722656
34927,0,calendar_2014_test,101.62374114990234,125.0,0.8035474419593811,0.0,7.254319190979004,23.376258850097656
34928,0,calendar_2014_test,132.2965545654297,174.0,0.8106199502944946,0.0,6.993154525756836,41.70344543457031
34929,0,calendar_2014_test,178.78036499023438,151.0,0.7510682344436646,0.0,9.192195892333984,27.780364990234375
34930,0,calendar_2014_test,142.9760284423828,154.0,0.7675515413284302,0.0,8.583524703979492,11.023971557617188
34931,0,calendar_2014_test,154.40098571777344,163.0,0.7871922254562378,0.0,7.858261585235596,8.599014282226562
34932,0,calendar_2014_test,165.60313415527344,148.0,0.7675943374633789,0.0,8.581945419311523,17.603134155273438
34933,0,calendar_2014_test,141.2352752685547,152.0,0.7817537188529968,0.0,8.059086799621582,10.764724731445312
34934,0,calendar_2014_test,147.86090087890625,151.0,0.7977951765060425,0.0,7.466732025146484,3.13909912109375
34935,0,calendar_2014_test,151.6007843017578,160.0,0.7780700922012329,0.0,8.195109367370605,8.399215698242188
34936,0,calendar_2014_test,165.6782684326172,173.0,0.7229322791099548,0.0,10.231161117553711,7.3217315673828125
34937,0,calendar_2014_test,177.17538452148438,196.0,0.7345916032791138,0.0,9.800622940063477,18.824615478515625
34938,0,calendar_2014_test,199.1669158935547,181.0,0.6710554361343384,0.0,12.146793365478516,18.166915893554688
34939,0,calendar_2014_test,178.14297485351562,183.0,0.7271481156349182,0.0,10.075484275817871,4.857025146484375
34940,0,calendar_2014_test,183.47637939453125,130.0,0.7052289247512817,0.0,10.88488483428955,53.47637939453125
34941,0,calendar_2014_test,123.7370834350586,158.0,0.8091671466827393,0.0,7.046802043914795,34.262916564941406
34942,0,calendar_2014_test,171.5972442626953,164.0,0.7824491262435913,0.0,8.033407211303711,7.5972442626953125
34943,0,calendar_2014_test,167.96438598632812,149.0,0.8078877925872803,0.0,7.094044208526611,18.964385986328125
34944,0,calendar_2014_test,147.4290008544922,141.0,0.7749943733215332,0.0,8.308685302734375,6.4290008544921875
34945,0,calendar_2014_test,139.87332153320312,143.0,0.7716235518455505,0.0,8.433158874511719,3.126678466796875
34946,0,calendar_2014_test,148.38772583007812,143.0,0.8023856282234192,0.0,7.297220706939697,5.387725830078125
34947,0,calendar_2014_test,146.50613403320312,138.0,0.8072761297225952,0.0,7.116631507873535,8.506134033203125
34948,0,calendar_2014_test,137.38818359375,102.0,0.7753756642341614,0.0,8.294607162475586,35.38818359375
34949,0,calendar_2014_test,92.25397491455078,100.0,0.853733479976654,0.0,5.401121616363525,7.746025085449219
34950,0,calendar_2014_test,101.4387435913086,107.0,0.8113571405410767,0.0,6.965935230255127,5.561256408691406
34951,0,calendar_2014_test,109.71798706054688,131.0,0.8150761127471924,0.0,6.828606128692627,21.282012939453125
34952,0,calendar_2014_test,136.70411682128906,139.0,0.7447130680084229,0.0,9.42686939239502,2.2958831787109375
34953,0,calendar_2014_test,145.0535125732422,121.0,0.8274999260902405,0.0,6.369836330413818,24.053512573242188
34954,0,calendar_2014_test,117.590576171875,97.0,0.7862907648086548,0.0,7.891549110412598,20.590576171875
34955,0,calendar_2014_test,87.77185821533203,86.0,0.8591163158416748,0.0,5.202352046966553,1.7718582153320312
34956,0,calendar_2014_test,84.01051330566406,85.0,0.8708000183105469,0.0,4.77091121673584,0.9894866943359375
34957,0,calendar_2014_test,89.84347534179688,79.0,0.8392214775085449,0.0,5.936999320983887,10.843475341796875
34958,0,calendar_2014_test,81.4074478149414,80.0,0.8355202674865723,0.0,6.073673725128174,1.4074478149414062
34959,0,calendar_2014_test,81.54353332519531,105.0,0.8842955827713013,0.0,4.272567272186279,23.456466674804688
34960,0,calendar_2014_test,107.7257080078125,61.0,0.8039793372154236,0.0,7.238370895385742,46.7257080078125
34961,0,calendar_2014_test,55.32162094116211,58.0,0.9136257767677307,0.0,3.189504384994507,2.6783790588378906
34962,0,calendar_2014_test,65.7326889038086,55.0,0.8687978386878967,0.0,4.844845771789551,10.732688903808594
34963,0,calendar_2014_test,59.45893096923828,65.0,0.8873188495635986,0.0,4.160928726196289,5.541069030761719
34964,0,calendar_2014_test,68.81979370117188,78.0,0.8931949734687805,0.0,3.943943977355957,9.180206298828125
34965,0,calendar_2014_test,82.5128173828125,79.0,0.8785278797149658,0.0,4.48554801940918,3.5128173828125
34966,0,calendar_2014_test,81.77403259277344,71.0,0.8667197823524475,0.0,4.921582221984863,10.774032592773438
34967,0,calendar_2014_test,75.1653060913086,72.0,0.8833945393562317,0.0,4.3058390617370605,3.1653060913085938
34968,0,calendar_2014_test,77.34880828857422,75.0,0.842610776424408,0.0,5.811844825744629,2.3488082885742188
34969,0,calendar_2014_test,79.51799774169922,93.0,0.8611429929733276,0.0,5.127512454986572,13.482002258300781
34970,0,calendar_2014_test,94.81604766845703,99.0,0.8834740519523621,0.0,4.3029046058654785,4.183952331542969
34971,0,calendar_2014_test,97.72661590576172,104.0,0.844278872013092,0.0,5.750247478485107,6.273384094238281
34972,0,calendar_2014_test,106.37798309326172,104.0,0.8654922842979431,0.0,4.966907978057861,2.3779830932617188
34973,0,calendar_2014_test,107.42018127441406,103.0,0.8576240539550781,0.0,5.257456302642822,4.4201812744140625
34974,0,calendar_2014_test,107.58646392822266,96.0,0.877061128616333,0.0,4.5397114753723145,11.586463928222656
34975,0,calendar_2014_test,95.72682189941406,95.0,0.8782293200492859,0.0,4.496573448181152,0.7268218994140625
34976,0,calendar_2014_test,98.88043975830078,87.0,0.8410611152648926,0.0,5.8690667152404785,11.880439758300781
34977,0,calendar_2014_test,88.58345031738281,96.0,0.8531084656715393,0.0,5.424200534820557,7.4165496826171875
34978,0,calendar_2014_test,99.60017395019531,102.0,0.8849037289619446,0.0,4.250110149383545,2.3998260498046875
34979,0,calendar_2014_test,104.58798217773438,101.0,0.8497968912124634,0.0,5.5464863777160645,3.587982177734375
34980,0,calendar_2014_test,101.77648162841797,106.0,0.8390690088272095,0.0,5.942630290985107,4.223518371582031
34981,0,calendar_2014_test,108.72277069091797,109.0,0.8481904864311218,0.0,5.605804443359375,0.27722930908203125
34982,0,calendar_2014_test,111.58226013183594,123.0,0.8101480603218079,0.0,7.010581016540527,11.417739868164062
34983,0,calendar_2014_test,126.5993881225586,132.0,0.800714910030365,0.0,7.358914375305176,5.400611877441406
34984,0,calendar_2014_test,136.6713104248047,139.0,0.8118346333503723,0.0,6.948302268981934,2.3286895751953125
34985,0,calendar_2014_test,143.0602569580078,144.0,0.8017913103103638,0.0,7.319166660308838,0.9397430419921875
34986,0,calendar_2014_test,144.14576721191406,153.0,0.782275378704071,0.0,8.039824485778809,8.854232788085938
34987,0,calendar_2014_test,157.1536407470703,146.0,0.7972959876060486,0.0,7.485163688659668,11.153640747070312
34988,0,calendar_2014_test,143.30926513671875,163.0,0.7770997881889343,0.0,8.230940818786621,19.69073486328125
34989,0,calendar_2014_test,163.22801208496094,95.0,0.7185505032539368,0.0,10.392964363098145,68.22801208496094
34990,0,calendar_2014_test,86.42679595947266,149.0,0.8569185137748718,0.0,5.283507823944092,62.573204040527344
34991,0,calendar_2014_test,155.675048828125,157.0,0.7751926183700562,0.0,8.301365852355957,1.324951171875
34992,0,calendar_2014_test,157.7800750732422,163.0,0.6775470972061157,0.0,11.907081604003906,5.2199249267578125
34993,0,calendar_2014_test,151.85693359375,175.0,0.7839486002922058,0.0,7.9780378341674805,23.14306640625
34994,0,calendar_2014_test,170.83273315429688,84.0,0.7474950551986694,0.0,9.324141502380371,86.83273315429688
34995,0,calendar_2014_test,67.08869934082031,25.0,0.8817821741104126,0.0,4.365379810333252,42.08869934082031
34996,0,calendar_2014_test,26.093645095825195,21.0,0.9301518201828003,0.0,2.579253673553467,5.093645095825195
34997,0,calendar_2014_test,23.480247497558594,36.0,0.9133187532424927,0.0,3.200840950012207,12.519752502441406
34998,0,calendar_2014_test,36.68524932861328,50.0,0.880069375038147,0.0,4.428625583648682,13.314750671386719
34999,0,calendar_2014_test,51.901268005371094,59.0,0.8921473026275635,0.0,3.9826314449310303,7.098731994628906
35000,0,calendar_2014_test,58.19405746459961,49.0,0.886879026889801,0.0,4.177168846130371,9.19405746459961
35001,0,calendar_2014_test,50.16103744506836,30.0,0.8910397887229919,0.0,4.023526191711426,20.16103744506836
35002,0,calendar_2014_test,29.209901809692383,28.0,0.9178876280784607,0.0,3.03212833404541,1.2099018096923828
35003,0,calendar_2014_test,28.37200355529785,27.0,0.8939213752746582,0.0,3.917119264602661,1.3720035552978516
35004,0,calendar_2014_test,26.300825119018555,21.0,0.9148449301719666,0.0,3.1444852352142334,5.300825119018555
35005,0,calendar_2014_test,22.819238662719727,21.0,0.9314194917678833,0.0,2.5324437618255615,1.8192386627197266
35006,0,calendar_2014_test,23.033700942993164,25.0,0.9277845621109009,0.0,2.666668653488159,1.966299057006836
35007,0,calendar_2014_test,26.66940689086914,34.0,0.913364827632904,0.0,3.1991395950317383,7.330593109130859
35008,0,calendar_2014_test,34.348758697509766,37.0,0.9114053845405579,0.0,3.2714946269989014,2.6512413024902344
35009,0,calendar_2014_test,39.489009857177734,39.0,0.9000651836395264,0.0,3.69024920463562,0.4890098571777344
35010,0,calendar_2014_test,42.13630676269531,36.0,0.9067937731742859,0.0,3.441786766052246,6.1363067626953125
35011,0,calendar_2014_test,39.028846740722656,19.0,0.8969688415527344,0.0,3.804588556289673,20.028846740722656
35012,0,calendar_2014_test,26.773244857788086,23.0,0.9115375876426697,0.0,3.2666144371032715,3.773244857788086
35013,0,calendar_2014_test,27.7622013092041,24.0,0.9197824597358704,0.0,2.962158203125,3.7622013092041016
35014,0,calendar_2014_test,28.271379470825195,25.0,0.9160289764404297,0.0,3.100762367248535,3.2713794708251953
35015,0,calendar_2014_test,25.731271743774414,12.0,0.902106523513794,0.0,3.614871025085449,13.731271743774414
35016,0,calendar_2014_test,18.571067810058594,9.0,0.9289307594299316,0.0,2.6243441104888916,9.571067810058594
35017,0,calendar_2014_test,13.839982986450195,8.0,0.9318943619728088,0.0,2.514906883239746,5.839982986450195
35018,0,calendar_2014_test,14.294159889221191,10.0,0.9359261393547058,0.0,2.366028070449829,4.294159889221191
35019,0,calendar_2014_test,16.186687469482422,6.0,0.9065868854522705,0.0,3.44942569732666,10.186687469482422
35020,0,calendar_2014_test,12.279336929321289,11.0,0.9132919907569885,0.0,3.2018299102783203,1.279336929321289
35021,0,calendar_2014_test,15.405383110046387,10.0,0.9252314567565918,0.0,2.7609455585479736,5.405383110046387
35022,0,calendar_2014_test,14.540547370910645,9.0,0.9219511151313782,0.0,2.88207745552063,5.5405473709106445
35023,0,calendar_2014_test,13.753167152404785,9.0,0.9416034817695618,0.0,2.156383514404297,4.753167152404785
35024,0,calendar_2014_test,11.856325149536133,12.0,0.9223200678825378,0.0,2.8684542179107666,0.1436748504638672
35025,0,calendar_2014_test,16.11640739440918,9.0,0.9347966909408569,0.0,2.407733678817749,7.11640739440918
35026,0,calendar_2014_test,14.084396362304688,7.0,0.9225864410400391,0.0,2.8586177825927734,7.0843963623046875
35027,0,calendar_2014_test,11.160921096801758,6.0,0.9368839859962463,0.0,2.3306589126586914,5.160921096801758
35028,0,calendar_2014_test,10.156340599060059,14.0,0.9221216440200806,0.0,2.8757803440093994,3.8436594009399414
35029,0,calendar_2014_test,13.420609474182129,11.0,0.9345108866691589,0.0,2.4182891845703125,2.420609474182129
35030,0,calendar_2014_test,13.161998748779297,17.0,0.9211536049842834,0.0,2.911527395248413,3.838001251220703
35031,0,calendar_2014_test,14.246416091918945,16.0,0.9295103549957275,0.0,2.6029398441314697,1.7535839080810547
35032,0,calendar_2014_test,16.506385803222656,13.0,0.9344620108604431,0.0,2.420092821121216,3.5063858032226562
35033,0,calendar_2014_test,16.43897247314453,8.0,0.9316489696502686,0.0,2.523970127105713,8.438972473144531
35034,0,calendar_2014_test,12.070480346679688,12.0,0.9408623576164246,0.0,2.1837494373321533,0.0704803466796875
35035,0,calendar_2014_test,16.267093658447266,10.0,0.9320108890533447,0.0,2.5106046199798584,6.267093658447266
35036,0,calendar_2014_test,14.332764625549316,12.0,0.9134212732315063,0.0,3.1970551013946533,2.3327646255493164
35037,0,calendar_2014_test,17.435529708862305,11.0,0.946238100528717,0.0,1.9852430820465088,6.435529708862305
35038,0,calendar_2014_test,17.508424758911133,16.0,0.937061607837677,0.0,2.324098825454712,1.5084247589111328
35039,0,calendar_2014_test,19.900962829589844,12.0,0.9278780817985535,0.0,2.663215398788452,7.900962829589844
35040,0,calendar_2014_test,18.59983253479004,11.0,0.946246325969696,0.0,1.984939455986023,7.599832534790039
35041,0,calendar_2014_test,18.121173858642578,15.0,0.9506114721298218,0.0,1.8237496614456177,3.121173858642578
35042,0,calendar_2014_test,20.098485946655273,21.0,0.9179699420928955,0.0,3.0290896892547607,0.9015140533447266
35043,0,calendar_2014_test,25.519672393798828,19.0,0.9413411021232605,0.0,2.1660726070404053,6.519672393798828
35044,0,calendar_2014_test,24.38672637939453,23.0,0.9123121500015259,0.0,3.2380118370056152,1.3867263793945312
35045,0,calendar_2014_test,25.028921127319336,23.0,0.9243529438972473,0.0,2.7933871746063232,2.028921127319336
35046,0,calendar_2014_test,24.18403434753418,51.0,0.9384700655937195,0.0,2.272090435028076,26.81596565246582
35047,0,calendar_2014_test,51.64358139038086,38.0,0.9027861952781677,0.0,3.5897719860076904,13.64358139038086
35048,0,calendar_2014_test,40.48273849487305,47.0,0.9014952182769775,0.0,3.637444496154785,6.517261505126953
35049,0,calendar_2014_test,51.936893463134766,50.0,0.9173287153244019,0.0,3.0527663230895996,1.9368934631347656
35050,0,calendar_2014_test,52.67177200317383,54.0,0.892149806022644,0.0,3.9825387001037598,1.3282279968261719
35051,0,calendar_2014_test,53.12996292114258,53.0,0.8918715119361877,0.0,3.9928133487701416,0.12996292114257812
35052,0,calendar_2014_test,51.58658981323242,56.0,0.9059699177742004,0.0,3.472208023071289,4.413410186767578
35053,0,calendar_2014_test,53.69142532348633,81.0,0.9097477197647095,0.0,3.3327081203460693,27.308574676513672
35054,0,calendar_2014_test,82.77156829833984,48.0,0.8853853344917297,0.0,4.232326507568359,34.771568298339844
35055,0,calendar_2014_test,45.01041793823242,44.0,0.9226951003074646,0.0,2.8546054363250732,1.0104179382324219
35056,0,calendar_2014_test,47.41305923461914,27.0,0.8866933584213257,0.0,4.184025287628174,20.41305923461914
35057,0,calendar_2014_test,26.50019073486328,31.0,0.919072687625885,0.0,2.9883687496185303,4.499809265136719
35058,0,calendar_2014_test,32.46703338623047,45.0,0.9063385128974915,0.0,3.45859694480896,12.532966613769531
35059,0,calendar_2014_test,42.68027114868164,33.0,0.8946781754493713,0.0,3.8891732692718506,9.68027114868164
35060,0,calendar_2014_test,32.71621322631836,17.0,0.9119901657104492,0.0,3.249901294708252,15.71621322631836
35061,0,calendar_2014_test,22.056516647338867,15.0,0.9215142726898193,0.0,2.8982086181640625,7.056516647338867
35062,0,calendar_2014_test,19.517864227294922,27.0,0.9172564148902893,0.0,3.0554370880126953,7.482135772705078
35063,0,calendar_2014_test,28.378997802734375,35.0,0.9046632647514343,0.0,3.520458221435547,6.621002197265625
35064,0,calendar_2014_test,37.51613235473633,31.0,0.8988506197929382,0.0,3.735100507736206,6.516132354736328
35065,0,calendar_2014_test,34.50206756591797,38.0,0.8947927355766296,0.0,3.884943962097168,3.4979324340820312
35066,0,calendar_2014_test,42.691341400146484,60.0,0.925790011882782,0.0,2.7403197288513184,17.308658599853516
35067,0,calendar_2014_test,65.40983581542969,49.0,0.8830856680870056,0.0,4.317245006561279,16.409835815429688
35068,0,calendar_2014_test,53.185909271240234,52.0,0.8801787495613098,0.0,4.424588203430176,1.1859092712402344
35069,0,calendar_2014_test,56.7031135559082,60.0,0.8962511420249939,0.0,3.831090211868286,3.296886444091797
35070,0,calendar_2014_test,63.230045318603516,61.0,0.8730447292327881,0.0,4.688021659851074,2.2300453186035156
35071,0,calendar_2014_test,66.1009292602539,64.0,0.9032298922538757,0.0,3.5733890533447266,2.1009292602539062
35072,0,calendar_2014_test,66.46509552001953,74.0,0.8954121470451355,0.0,3.8620705604553223,7.534904479980469
35073,0,calendar_2014_test,80.08611297607422,80.0,0.8818383812904358,0.0,4.363302707672119,0.08611297607421875
35074,0,calendar_2014_test,84.0295181274414,76.0,0.8543474674224854,0.0,5.378448486328125,8.029518127441406
35075,0,calendar_2014_test,77.00120544433594,70.0,0.8784193396568298,0.0,4.489556789398193,7.0012054443359375
35076,0,calendar_2014_test,69.14566802978516,73.0,0.917552649974823,0.0,3.0444977283477783,3.8543319702148438
35077,0,calendar_2014_test,73.35830688476562,86.0,0.8808428645133972,0.0,4.400064945220947,12.641693115234375
35078,0,calendar_2014_test,91.06584167480469,93.0,0.8361768126487732,0.0,6.049428939819336,1.9341583251953125
35079,0,calendar_2014_test,96.41800689697266,96.0,0.8421820402145386,0.0,5.827675819396973,0.41800689697265625
35080,0,calendar_2014_test,95.851806640625,109.0,0.8185605406761169,0.0,6.699936866760254,13.148193359375
35081,0,calendar_2014_test,111.11195373535156,109.0,0.815228283405304,0.0,6.822986125946045,2.1119537353515625
35082,0,calendar_2014_test,109.06298065185547,114.0,0.8274189829826355,0.0,6.372824668884277,4.937019348144531
35083,0,calendar_2014_test,111.87448120117188,90.0,0.8282650709152222,0.0,6.34158182144165,21.874481201171875
35084,0,calendar_2014_test,86.94265747070312,74.0,0.8399945497512817,0.0,5.90845251083374,12.942657470703125
35085,0,calendar_2014_test,72.8377456665039,75.0,0.88746178150177,0.0,4.155650615692139,2.1622543334960938
35086,0,calendar_2014_test,76.91487884521484,68.0,0.8846081495285034,0.0,4.261024475097656,8.914878845214844
35087,0,calendar_2014_test,67.53184509277344,70.0,0.9031763076782227,0.0,3.575366497039795,2.4681549072265625
35088,0,calendar_2014_test,71.7991714477539,88.0,0.8500815033912659,0.0,5.535975933074951,16.200828552246094
35089,0,calendar_2014_test,92.77137756347656,143.0,0.8406456112861633,0.0,5.884410381317139,50.22862243652344
35090,0,calendar_2014_test,147.21612548828125,155.0,0.8000812530517578,0.0,7.382314682006836,7.78387451171875
35091,0,calendar_2014_test,155.49417114257812,147.0,0.7272719144821167,0.0,10.070911407470703,8.494171142578125
35092,0,calendar_2014_test,144.83306884765625,143.0,0.7468637228012085,0.0,9.347453117370605,1.83306884765625
35093,0,calendar_2014_test,145.81117248535156,148.0,0.8550777435302734,0.0,5.351481914520264,2.1888275146484375
35094,0,calendar_2014_test,154.8223114013672,157.0,0.7974728941917419,0.0,7.478631973266602,2.1776885986328125
35095,0,calendar_2014_test,161.9905548095703,152.0,0.7228068709373474,0.0,10.23579216003418,9.990554809570312
35096,0,calendar_2014_test,150.44798278808594,152.0,0.8008053302764893,0.0,7.355576515197754,1.5520172119140625
35097,0,calendar_2014_test,152.9712677001953,147.0,0.7838829159736633,0.0,7.980463027954102,5.9712677001953125
35098,0,calendar_2014_test,144.21780395507812,143.0,0.7751200199127197,0.0,8.304047584533691,1.217803955078125
35099,0,calendar_2014_test,140.07723999023438,139.0,0.8125667572021484,0.0,6.921267986297607,1.077239990234375
35100,0,calendar_2014_test,140.4470672607422,142.0,0.7600895166397095,0.0,8.8590726852417,1.5529327392578125
35101,0,calendar_2014_test,142.66627502441406,139.0,0.7269115447998047,0.0,10.084221839904785,3.6662750244140625
35102,0,calendar_2014_test,140.05384826660156,133.0,0.8058356642723083,0.0,7.16982364654541,7.0538482666015625
35103,0,calendar_2014_test,132.91847229003906,137.0,0.7939873337745667,0.0,7.607341766357422,4.0815277099609375
35104,0,calendar_2014_test,135.5135040283203,138.0,0.7975371479988098,0.0,7.476259231567383,2.4864959716796875
35105,0,calendar_2014_test,138.20822143554688,138.0,0.787033200263977,0.0,7.864133834838867,0.208221435546875
35106,0,calendar_2014_test,135.95391845703125,132.0,0.8611559867858887,0.0,5.127032279968262,3.95391845703125
35107,0,calendar_2014_test,129.76699829101562,135.0,0.7671416997909546,0.0,8.598657608032227,5.233001708984375
35108,0,calendar_2014_test,135.2695770263672,127.0,0.8072912693023682,0.0,7.1160736083984375,8.269577026367188
35109,0,calendar_2014_test,125.0174789428711,109.0,0.7909101247787476,0.0,7.72097110748291,16.017478942871094
35110,0,calendar_2014_test,103.780029296875,94.0,0.8590954542160034,0.0,5.203121662139893,9.780029296875
35111,0,calendar_2014_test,91.57865142822266,100.0,0.8390639424324036,0.0,5.942816734313965,8.421348571777344
35112,0,calendar_2014_test,100.73767852783203,110.0,0.8633667230606079,0.0,5.045399188995361,9.262321472167969
35113,0,calendar_2014_test,113.53164672851562,123.0,0.8283542990684509,0.0,6.338287353515625,9.468353271484375
35114,0,calendar_2014_test,126.5179443359375,132.0,0.8109970092773438,0.0,6.979231834411621,5.4820556640625
35115,0,calendar_2014_test,131.8736572265625,138.0,0.7843089699745178,0.0,7.964730262756348,6.1263427734375
35116,0,calendar_2014_test,141.10516357421875,151.0,0.8099262714385986,0.0,7.01876974105835,9.89483642578125
35117,0,calendar_2014_test,152.0481414794922,162.0,0.7433245182037354,0.0,9.478145599365234,9.951858520507812
35118,0,calendar_2014_test,164.69822692871094,155.0,0.7988688349723816,0.0,7.427083969116211,9.698226928710938
35119,0,calendar_2014_test,152.00711059570312,143.0,0.7942984700202942,0.0,7.595852851867676,9.007110595703125
35120,0,calendar_2014_test,134.1114044189453,145.0,0.819494366645813,0.0,6.665453910827637,10.888595581054688
35121,0,calendar_2014_test,143.38673400878906,147.0,0.7807681560516357,0.0,8.095479965209961,3.6132659912109375
35122,0,calendar_2014_test,144.26271057128906,154.0,0.797187328338623,0.0,7.4891767501831055,9.737289428710938
35123,0,calendar_2014_test,155.23533630371094,163.0,0.7383983135223389,0.0,9.660053253173828,7.7646636962890625
35124,0,calendar_2014_test,164.58518981933594,170.0,0.7503979802131653,0.0,9.216946601867676,5.4148101806640625
35125,0,calendar_2014_test,172.7139129638672,174.0,0.7308934926986694,0.0,9.937180519104004,1.2860870361328125
35126,0,calendar_2014_test,175.7230682373047,196.0,0.7508629560470581,0.0,9.199777603149414,20.276931762695312
35127,0,calendar_2014_test,201.80369567871094,207.0,0.6559633016586304,0.0,12.704095840454102,5.1963043212890625
35128,0,calendar_2014_test,205.42669677734375,198.0,0.7158939838409424,0.0,10.49106216430664,7.42669677734375
35129,0,calendar_2014_test,193.4425811767578,176.0,0.7780327796936035,0.0,8.196487426757812,17.442581176757812
35130,0,calendar_2014_test,165.371337890625,111.0,0.767753541469574,0.0,8.576065063476562,54.371337890625
35131,0,calendar_2014_test,91.67585754394531,85.0,0.8705894947052002,0.0,4.778687000274658,6.6758575439453125
35132,0,calendar_2014_test,80.93412780761719,79.0,0.8905118703842163,0.0,4.043020248413086,1.9341278076171875
35133,0,calendar_2014_test,79.94693756103516,100.0,0.8662974834442139,0.0,4.937176704406738,20.053062438964844
35134,0,calendar_2014_test,106.05183410644531,105.0,0.8434044122695923,0.0,5.782539367675781,1.0518341064453125
35135,0,calendar_2014_test,107.08467102050781,110.0,0.8411048650741577,0.0,5.8674516677856445,2.9153289794921875
35136,0,calendar_2014_test,111.6952133178711,123.0,0.8367447257041931,0.0,6.028456687927246,11.304786682128906
35137,0,calendar_2014_test,134.37156677246094,124.0,0.8651853799819946,0.0,4.97824239730835,10.371566772460938
35138,0,calendar_2014_test,128.5962677001953,129.0,0.8026381731033325,0.0,7.287894248962402,0.4037322998046875
35139,0,calendar_2014_test,131.0277862548828,140.0,0.8236279487609863,0.0,6.512815952301025,8.972213745117188
35140,0,calendar_2014_test,135.75205993652344,156.0,0.7853329181671143,0.0,7.9269185066223145,20.247940063476562
35141,0,calendar_2014_test,151.8936004638672,104.0,0.7918897867202759,0.0,7.684796333312988,47.89360046386719
35142,0,calendar_2014_test,80.81327056884766,2.0,0.8646858334541321,0.0,4.996687889099121,78.81327056884766
35143,0,calendar_2014_test,6.58099889755249,2.0,0.9234392046928406,0.0,2.82712721824646,4.58099889755249
35144,0,calendar_2014_test,5.6560773849487305,6.0,0.9361509084701538,0.0,2.357729196548462,0.34392261505126953
35145,0,calendar_2014_test,7.5885210037231445,5.0,0.9115536212921143,0.0,3.266021251678467,2.5885210037231445
35146,0,calendar_2014_test,9.720892906188965,5.0,0.9347754716873169,0.0,2.408517360687256,4.720892906188965
35147,0,calendar_2014_test,7.976884365081787,6.0,0.9019343852996826,0.0,3.6212265491485596,1.976884365081787
35148,0,calendar_2014_test,9.076828956604004,3.0,0.9149329662322998,0.0,3.141232967376709,6.076828956604004
35149,0,calendar_2014_test,6.425817966461182,3.0,0.9019092321395874,0.0,3.622154712677002,3.4258179664611816
35150,0,calendar_2014_test,5.647289752960205,7.0,0.9071167707443237,0.0,3.4298579692840576,1.352710247039795
35151,0,calendar_2014_test,8.516118049621582,7.0,0.92081218957901,0.0,2.9241344928741455,1.516118049621582
35152,0,calendar_2014_test,10.976522445678711,3.0,0.9564928412437439,0.0,1.6065706014633179,7.976522445678711
35153,0,calendar_2014_test,7.1255412101745605,3.0,0.9374159574508667,0.0,2.31101393699646,4.1255412101745605
35154,0,calendar_2014_test,9.59739875793457,4.0,0.9366949796676636,0.0,2.337636709213257,5.59739875793457
35155,0,calendar_2014_test,8.36129093170166,6.0,0.9301573038101196,0.0,2.5790505409240723,2.36129093170166
35156,0,calendar_2014_test,11.872513771057129,6.0,0.9365763664245605,0.0,2.3420183658599854,5.872513771057129
35157,0,calendar_2014_test,14.293288230895996,4.0,0.9212687015533447,0.0,2.9072768688201904,10.293288230895996
35158,0,calendar_2014_test,14.112555503845215,10.0,0.9455331563949585,0.0,2.011272668838501,4.112555503845215
35159,0,calendar_2014_test,17.379858016967773,15.0,0.9188235402107239,0.0,2.9975674152374268,2.3798580169677734
35160,0,calendar_2014_test,20.32822036743164,12.0,0.9428083896636963,0.0,2.111889123916626,8.32822036743164
35161,0,calendar_2014_test,18.265195846557617,14.0,0.9378648400306702,0.0,2.2944390773773193,4.265195846557617
35162,0,calendar_2014_test,20.331050872802734,20.0,0.9275653958320618,0.0,2.6747612953186035,0.3310508728027344
35163,0,calendar_2014_test,23.085294723510742,19.0,0.9335644245147705,0.0,2.453238010406494,4.085294723510742
35164,0,calendar_2014_test,23.514545440673828,22.0,0.9399811625480652,0.0,2.21628999710083,1.5145454406738281
35165,0,calendar_2014_test,25.4385929107666,30.0,0.9194633364677429,0.0,2.9739434719085693,4.561407089233398
35166,0,calendar_2014_test,30.740142822265625,37.0,0.9165552854537964,0.0,3.081326484680176,6.259857177734375
35167,0,calendar_2014_test,37.75292205810547,39.0,0.9123390913009644,0.0,3.2370176315307617,1.2470779418945312
35168,0,calendar_2014_test,40.38394546508789,45.0,0.9112462401390076,0.0,3.2773711681365967,4.616054534912109
35169,0,calendar_2014_test,44.065773010253906,42.0,0.8986911773681641,0.0,3.740987777709961,2.0657730102539062
35170,0,calendar_2014_test,43.68392562866211,39.0,0.921734631061554,0.0,2.8900718688964844,4.683925628662109
35171,0,calendar_2014_test,40.563926696777344,25.0,0.9162716865539551,0.0,3.0918006896972656,15.563926696777344
35172,0,calendar_2014_test,25.84443473815918,23.0,0.9279600977897644,0.0,2.660186529159546,2.8444347381591797
35173,0,calendar_2014_test,21.011018753051758,17.0,0.9243512153625488,0.0,2.7934508323669434,4.011018753051758
35174,0,calendar_2014_test,17.590736389160156,27.0,0.9293581247329712,0.0,2.6085612773895264,9.409263610839844
35175,0,calendar_2014_test,26.537553787231445,19.0,0.9238994121551514,0.0,2.810133695602417,7.537553787231445
35176,0,calendar_2014_test,22.46558952331543,22.0,0.9347895383834839,0.0,2.4079978466033936,0.4655895233154297
35177,0,calendar_2014_test,26.750104904174805,31.0,0.9032343626022339,0.0,3.573223829269409,4.249895095825195
35178,0,calendar_2014_test,32.66318893432617,43.0,0.9228296279907227,0.0,2.849637031555176,10.336811065673828
35179,0,calendar_2014_test,46.05089569091797,54.0,0.9101969599723816,0.0,3.3161187171936035,7.949104309082031
35180,0,calendar_2014_test,56.2332878112793,45.0,0.879479169845581,0.0,4.45042085647583,11.233287811279297
35181,0,calendar_2014_test,46.25143814086914,44.0,0.8938884735107422,0.0,3.918335199356079,2.2514381408691406
35182,0,calendar_2014_test,46.88173294067383,35.0,0.8665347099304199,0.0,4.928415298461914,11.881732940673828
35183,0,calendar_2014_test,38.97323989868164,41.0,0.9163926839828491,0.0,3.0873324871063232,2.0267601013183594
35184,0,calendar_2014_test,45.3404655456543,46.0,0.9033252000808716,0.0,3.569868326187134,0.6595344543457031
35185,0,calendar_2014_test,50.65680694580078,47.0,0.9099798202514648,0.0,3.3241357803344727,3.6568069458007812
35186,0,calendar_2014_test,47.51926803588867,61.0,0.9163822531700134,0.0,3.087716817855835,13.480731964111328
35187,0,calendar_2014_test,65.4605484008789,80.0,0.9139798879623413,0.0,3.176427125930786,14.539451599121094
35188,0,calendar_2014_test,80.7461166381836,52.0,0.8829798102378845,0.0,4.3211541175842285,28.746116638183594
35189,0,calendar_2014_test,50.35756301879883,41.0,0.9129810929298401,0.0,3.2133097648620605,9.357563018798828
35190,0,calendar_2014_test,43.102928161621094,46.0,0.910892128944397,0.0,3.2904484272003174,2.8970718383789062
35191,0,calendar_2014_test,49.12255859375,44.0,0.9133673906326294,0.0,3.1990442276000977,5.12255859375
35192,0,calendar_2014_test,45.9520263671875,54.0,0.8973481059074402,0.0,3.7905831336975098,8.0479736328125
35193,0,calendar_2014_test,58.608726501464844,59.0,0.8940165638923645,0.0,3.9136040210723877,0.39127349853515625
35194,0,calendar_2014_test,61.28778839111328,79.0,0.8931158781051636,0.0,3.9468631744384766,17.71221160888672
35195,0,calendar_2014_test,83.12948608398438,115.0,0.8396354913711548,0.0,5.921712398529053,31.870513916015625
35196,0,calendar_2014_test,121.84989166259766,96.0,0.8425567150115967,0.0,5.813841819763184,25.849891662597656
35197,0,calendar_2014_test,92.74363708496094,108.0,0.8674606680870056,0.0,4.894222259521484,15.256362915039062
35198,0,calendar_2014_test,113.33351135253906,112.0,0.8336597084999084,0.0,6.1423773765563965,1.3335113525390625
35199,0,calendar_2014_test,113.8128662109375,118.0,0.7972004413604736,0.0,7.488691329956055,4.1871337890625
35200,0,calendar_2014_test,119.13213348388672,92.0,0.789679765701294,0.0,7.766406059265137,27.13213348388672
35201,0,calendar_2014_test,86.53585815429688,74.0,0.8596165776252747,0.0,5.183877944946289,12.535858154296875
35202,0,calendar_2014_test,68.45938110351562,50.0,0.89260333776474,0.0,3.965790271759033,18.459381103515625
35203,0,calendar_2014_test,45.8157844543457,36.0,0.9060027599334717,0.0,3.4709956645965576,9.815784454345703
35204,0,calendar_2014_test,37.092262268066406,30.0,0.9281421303749084,0.0,2.6534643173217773,7.092262268066406
35205,0,calendar_2014_test,31.87183952331543,38.0,0.9360984563827515,0.0,2.3596644401550293,6.12816047668457
35206,0,calendar_2014_test,40.50053024291992,36.0,0.9122326970100403,0.0,3.240945339202881,4.500530242919922
35207,0,calendar_2014_test,39.26693344116211,43.0,0.922240138053894,0.0,2.8714044094085693,3.7330665588378906
35208,0,calendar_2014_test,47.55868911743164,48.0,0.8500983119010925,0.0,5.535355567932129,0.4413108825683594
35209,0,calendar_2014_test,52.2392463684082,57.0,0.9068933129310608,0.0,3.438109874725342,4.760753631591797
35210,0,calendar_2014_test,59.92253494262695,65.0,0.8756948113441467,0.0,4.5901641845703125,5.077465057373047
35211,0,calendar_2014_test,71.15799713134766,83.0,0.8989322185516357,0.0,3.732086420059204,11.842002868652344
35212,0,calendar_2014_test,89.10183715820312,95.0,0.8723827004432678,0.0,4.712470054626465,5.898162841796875
35213,0,calendar_2014_test,98.5060806274414,82.0,0.847521185874939,0.0,5.630518436431885,16.506080627441406
35214,0,calendar_2014_test,81.84181213378906,61.0,0.88496994972229,0.0,4.247665882110596,20.841812133789062
35215,0,calendar_2014_test,62.378353118896484,73.0,0.9180320501327515,0.0,3.026794195175171,10.621646881103516
35216,0,calendar_2014_test,79.28240203857422,77.0,0.8650272488594055,0.0,4.984080791473389,2.2824020385742188
35217,0,calendar_2014_test,80.087158203125,86.0,0.9113541841506958,0.0,3.273386240005493,5.912841796875
35218,0,calendar_2014_test,86.27067565917969,81.0,0.8711949586868286,0.0,4.756329536437988,5.2706756591796875
35219,0,calendar_2014_test,81.13658142089844,81.0,0.8434560298919678,0.0,5.7806315422058105,0.1365814208984375
35220,0,calendar_2014_test,82.89598083496094,89.0,0.8448249697685242,0.0,5.730081558227539,6.1040191650390625
35221,0,calendar_2014_test,87.88978576660156,91.0,0.851655900478363,0.0,5.47783899307251,3.1102142333984375
35222,0,calendar_2014_test,92.34010314941406,94.0,0.8573727607727051,0.0,5.266736030578613,1.6598968505859375
35223,0,calendar_2014_test,95.3056411743164,108.0,0.8503839373588562,0.0,5.524808406829834,12.694358825683594
35224,0,calendar_2014_test,111.94487762451172,101.0,0.8523606061935425,0.0,5.451816082000732,10.944877624511719
35225,0,calendar_2014_test,102.8341293334961,93.0,0.8731657862663269,0.0,4.683553218841553,9.834129333496094
35226,0,calendar_2014_test,91.70419311523438,88.0,0.8597450852394104,0.0,5.17913293838501,3.704193115234375
35227,0,calendar_2014_test,85.68659210205078,84.0,0.8392890691757202,0.0,5.93450403213501,1.6865921020507812
35228,0,calendar_2014_test,83.92321014404297,91.0,0.8575142621994019,0.0,5.261508464813232,7.076789855957031
35229,0,calendar_2014_test,97.05088806152344,92.0,0.8424857258796692,0.0,5.81646203994751,5.0508880615234375
35230,0,calendar_2014_test,95.3478775024414,88.0,0.8902347683906555,0.0,4.053253650665283,7.347877502441406
35231,0,calendar_2014_test,91.51789855957031,116.0,0.855633556842804,0.0,5.330957412719727,24.482101440429688
35232,0,calendar_2014_test,124.73394012451172,120.0,0.8432247042655945,0.0,5.789173603057861,4.733940124511719
35233,0,calendar_2014_test,115.966552734375,124.0,0.7858478426933289,0.0,7.907905101776123,8.033447265625
35234,0,calendar_2014_test,127.28005981445312,113.0,0.8059958815574646,0.0,7.163906574249268,14.280059814453125
35235,0,calendar_2014_test,112.25749969482422,104.0,0.8096908330917358,0.0,7.027464866638184,8.257499694824219
35236,0,calendar_2014_test,97.8138656616211,106.0,0.8623281717300415,0.0,5.083748817443848,8.186134338378906
35237,0,calendar_2014_test,104.00988006591797,121.0,0.8518184423446655,0.0,5.471835613250732,16.99011993408203
35238,0,calendar_2014_test,123.28564453125,124.0,0.7932820916175842,0.0,7.633383750915527,0.71435546875
35239,0,calendar_2014_test,125.56239318847656,135.0,0.8332297801971436,0.0,6.1582512855529785,9.437606811523438
35240,0,calendar_2014_test,137.60525512695312,147.0,0.7620052099227905,0.0,8.788331031799316,9.394744873046875
35241,0,calendar_2014_test,150.39804077148438,82.0,0.7587122321128845,0.0,8.909929275512695,68.39804077148438
35242,0,calendar_2014_test,66.44959259033203,60.0,0.861320972442627,0.0,5.1209397315979,6.449592590332031
35243,0,calendar_2014_test,56.34245300292969,60.0,0.8852648138999939,0.0,4.2367777824401855,3.6575469970703125
35244,0,calendar_2014_test,61.823204040527344,52.0,0.8908225297927856,0.0,4.03154993057251,9.823204040527344
35245,0,calendar_2014_test,54.98149490356445,54.0,0.8935389518737793,0.0,3.9312405586242676,0.9814949035644531
35246,0,calendar_2014_test,57.847293853759766,59.0,0.8947109580039978,0.0,3.8879623413085938,1.1527061462402344
35247,0,calendar_2014_test,62.743350982666016,59.0,0.9134039878845215,0.0,3.1976940631866455,3.7433509826660156
35248,0,calendar_2014_test,61.862571716308594,74.0,0.888633668422699,0.0,4.1123762130737305,12.137428283691406
35249,0,calendar_2014_test,79.54450988769531,68.0,0.8972650766372681,0.0,3.793649196624756,11.544509887695312
35250,0,calendar_2014_test,68.80415344238281,65.0,0.8887335658073425,0.0,4.1086883544921875,3.8041534423828125
35251,0,calendar_2014_test,66.65177154541016,68.0,0.8798435926437378,0.0,4.436963081359863,1.3482284545898438
35252,0,calendar_2014_test,73.7389144897461,45.0,0.8789029717445374,0.0,4.471697807312012,28.738914489746094
35253,0,calendar_2014_test,47.35574722290039,36.0,0.897473931312561,0.0,3.7859349250793457,11.35574722290039
35254,0,calendar_2014_test,40.50347137451172,63.0,0.8946292400360107,0.0,3.890981912612915,22.49652862548828
35255,0,calendar_2014_test,70.88191223144531,54.0,0.9014067649841309,0.0,3.6407110691070557,16.881912231445312
35256,0,calendar_2014_test,56.59214401245117,48.0,0.8832046985626221,0.0,4.3128509521484375,8.592144012451172
35257,0,calendar_2014_test,50.317955017089844,57.0,0.8611032962799072,0.0,5.128978729248047,6.682044982910156
35258,0,calendar_2014_test,62.35323715209961,58.0,0.9095093011856079,0.0,3.3415110111236572,4.353237152099609
35259,0,calendar_2014_test,59.990562438964844,63.0,0.9043877124786377,0.0,3.5306339263916016,3.0094375610351562
35260,0,calendar_2014_test,68.52037811279297,51.0,0.9010031819343567,0.0,3.655613660812378,17.52037811279297
35261,0,calendar_2014_test,55.47602081298828,52.0,0.8888495564460754,0.0,4.104404926300049,3.4760208129882812
35262,0,calendar_2014_test,57.166893005371094,50.0,0.8999531269073486,0.0,3.694387674331665,7.166893005371094
35263,0,calendar_2014_test,51.183616638183594,54.0,0.8937844634056091,0.0,3.922175884246826,2.8163833618164062
35264,0,calendar_2014_test,55.73196792602539,62.0,0.8908218741416931,0.0,4.031574726104736,6.268032073974609
35265,0,calendar_2014_test,66.13862609863281,64.0,0.879429817199707,0.0,4.452242374420166,2.1386260986328125
35266,0,calendar_2014_test,67.5358657836914,108.0,0.8932591676712036,0.0,3.9415721893310547,40.464134216308594
35267,0,calendar_2014_test,114.97699737548828,95.0,0.7388031482696533,0.0,9.64510440826416,19.97699737548828
35268,0,calendar_2014_test,93.7536392211914,93.0,0.8563929796218872,0.0,5.302915573120117,0.7536392211914062
35269,0,calendar_2014_test,95.41459655761719,94.0,0.8075143098831177,0.0,7.10783576965332,1.4145965576171875
35270,0,calendar_2014_test,96.98001861572266,96.0,0.857082188129425,0.0,5.277464866638184,0.9800186157226562
35271,0,calendar_2014_test,94.71881866455078,51.0,0.8887686133384705,0.0,4.107393741607666,43.71881866455078
35272,0,calendar_2014_test,40.34130859375,60.0,0.909787118434906,0.0,3.331252098083496,19.65869140625
35273,0,calendar_2014_test,61.17640686035156,50.0,0.9089245200157166,0.0,3.3631060123443604,11.176406860351562
35274,0,calendar_2014_test,48.98966598510742,46.0,0.899068295955658,0.0,3.7270619869232178,2.989665985107422
35275,0,calendar_2014_test,45.36750030517578,39.0,0.9067549109458923,0.0,3.4432218074798584,6.367500305175781
35276,0,calendar_2014_test,39.0646858215332,38.0,0.902823269367218,0.0,3.5884039402008057,1.0646858215332031
35277,0,calendar_2014_test,39.7379035949707,47.0,0.9115394353866577,0.0,3.2665445804595947,7.262096405029297
35278,0,calendar_2014_test,49.03567123413086,46.0,0.9047300219535828,0.0,3.5179929733276367,3.0356712341308594
35279,0,calendar_2014_test,48.110652923583984,48.0,0.885495662689209,0.0,4.22825288772583,0.11065292358398438
35280,0,calendar_2014_test,51.97687530517578,53.0,0.8692662715911865,0.0,4.827548980712891,1.0231246948242188
35281,0,calendar_2014_test,55.38582992553711,67.0,0.8936048150062561,0.0,3.9288084506988525,11.61417007446289
35282,0,calendar_2014_test,71.38451385498047,61.0,0.8620656132698059,0.0,5.093443870544434,10.384513854980469
35283,0,calendar_2014_test,64.4734878540039,73.0,0.8755568861961365,0.0,4.595256805419922,8.526512145996094
35284,0,calendar_2014_test,79.64291381835938,79.0,0.8646199107170105,0.0,4.99912166595459,0.642913818359375
35285,0,calendar_2014_test,84.19364929199219,74.0,0.8640367984771729,0.0,5.020655632019043,10.193649291992188
35286,0,calendar_2014_test,75.51305389404297,71.0,0.8769007325172424,0.0,4.545633316040039,4.513053894042969
35287,0,calendar_2014_test,73.4466323852539,76.0,0.8624410033226013,0.0,5.079582214355469,2.5533676147460938
35288,0,calendar_2014_test,80.27180480957031,75.0,0.8838983774185181,0.0,4.287234783172607,5.2718048095703125
35289,0,calendar_2014_test,76.84185028076172,78.0,0.8840585947036743,0.0,4.2813191413879395,1.1581497192382812
35290,0,calendar_2014_test,77.1226577758789,86.0,0.8782216906547546,0.0,4.496856212615967,8.877342224121094
35291,0,calendar_2014_test,89.84034729003906,95.0,0.870063304901123,0.0,4.798115253448486,5.1596527099609375
35292,0,calendar_2014_test,96.00898742675781,106.0,0.8469917178153992,0.0,5.650071620941162,9.991012573242188
35293,0,calendar_2014_test,102.12217712402344,79.0,0.8151313066482544,0.0,6.826567649841309,23.122177124023438
35294,0,calendar_2014_test,63.20494079589844,63.0,0.9180945754051208,0.0,3.024487018585205,0.2049407958984375
35295,0,calendar_2014_test,53.486515045166016,49.0,0.8962582349777222,0.0,3.8308265209198,4.486515045166016
35296,0,calendar_2014_test,41.25947189331055,27.0,0.9213961958885193,0.0,2.9025685787200928,14.259471893310547
35297,0,calendar_2014_test,23.157604217529297,11.0,0.9317905306816101,0.0,2.518742561340332,12.157604217529297
35298,0,calendar_2014_test,14.358834266662598,10.0,0.9122598171234131,0.0,3.2399442195892334,4.358834266662598
35299,0,calendar_2014_test,14.020803451538086,6.0,0.9312673211097717,0.0,2.538062810897827,8.020803451538086
35300,0,calendar_2014_test,10.625716209411621,11.0,0.9355955719947815,0.0,2.37823486328125,0.3742837905883789
35301,0,calendar_2014_test,12.595009803771973,12.0,0.9215103387832642,0.0,2.8983540534973145,0.5950098037719727
35302,0,calendar_2014_test,15.661938667297363,13.0,0.9392333030700684,0.0,2.243906021118164,2.6619386672973633
35303,0,calendar_2014_test,19.72735595703125,10.0,0.9307607412338257,0.0,2.5567681789398193,9.72735595703125
35304,0,calendar_2014_test,19.540321350097656,15.0,0.9239174127578735,0.0,2.8094685077667236,4.540321350097656
35305,0,calendar_2014_test,19.36737060546875,23.0,0.9366210103034973,0.0,2.3403687477111816,3.63262939453125
35306,0,calendar_2014_test,28.570171356201172,34.0,0.9043920040130615,0.0,3.5304763317108154,5.429828643798828
35307,0,calendar_2014_test,37.07003402709961,36.0,0.8937854170799255,0.0,3.92214035987854,1.0700340270996094
35308,0,calendar_2014_test,36.97859573364258,42.0,0.8860751390457153,0.0,4.206854820251465,5.021404266357422
35309,0,calendar_2014_test,44.867576599121094,42.0,0.8961095809936523,0.0,3.836317539215088,2.8675765991210938
35310,0,calendar_2014_test,45.309940338134766,47.0,0.8833690881729126,0.0,4.306779384613037,1.6900596618652344
35311,0,calendar_2014_test,50.264278411865234,47.0,0.915697455406189,0.0,3.113004207611084,3.2642784118652344
35312,0,calendar_2014_test,42.9366340637207,28.0,0.9130246639251709,0.0,3.211700439453125,14.936634063720703
35313,0,calendar_2014_test,27.63111686706543,20.0,0.9292327165603638,0.0,2.6131932735443115,7.63111686706543
35314,0,calendar_2014_test,19.82585334777832,23.0,0.9269883036613464,0.0,2.6960713863372803,3.1741466522216797
35315,0,calendar_2014_test,21.605314254760742,16.0,0.9237733483314514,0.0,2.814788818359375,5.605314254760742
35316,0,calendar_2014_test,17.597917556762695,16.0,0.9190636277198792,0.0,2.9887032508850098,1.5979175567626953
35317,0,calendar_2014_test,14.575082778930664,15.0,0.9329489469528198,0.0,2.4759650230407715,0.42491722106933594
35318,0,calendar_2014_test,15.62527084350586,11.0,0.9236605763435364,0.0,2.818953514099121,4.625270843505859
35319,0,calendar_2014_test,11.886067390441895,11.0,0.9330390691757202,0.0,2.472637414932251,0.8860673904418945
35320,0,calendar_2014_test,12.175724983215332,7.0,0.9270960688591003,0.0,2.6920931339263916,5.175724983215332
35321,0,calendar_2014_test,7.628813743591309,4.0,0.9258382320404053,0.0,2.7385406494140625,3.6288137435913086
35322,0,calendar_2014_test,9.570817947387695,3.0,0.9269893169403076,0.0,2.696033477783203,6.570817947387695
35323,0,calendar_2014_test,7.287841796875,6.0,0.9318614602088928,0.0,2.516122817993164,1.287841796875
35324,0,calendar_2014_test,7.283533573150635,8.0,0.9432878494262695,0.0,2.0941853523254395,0.7164664268493652
35325,0,calendar_2014_test,10.571224212646484,6.0,0.9352903366088867,0.0,2.389505624771118,4.571224212646484
35326,0,calendar_2014_test,14.176592826843262,11.0,0.9263035655021667,0.0,2.7213566303253174,3.1765928268432617
35327,0,calendar_2014_test,18.442167282104492,16.0,0.9216092228889465,0.0,2.8947031497955322,2.442167282104492
35328,0,calendar_2014_test,21.05923080444336,18.0,0.9216169714927673,0.0,2.894415855407715,3.0592308044433594
35329,0,calendar_2014_test,23.786394119262695,20.0,0.919651210308075,0.0,2.9670047760009766,3.7863941192626953
35330,0,calendar_2014_test,23.967294692993164,25.0,0.9349327087402344,0.0,2.4027111530303955,1.032705307006836
35331,0,calendar_2014_test,28.675758361816406,20.0,0.918165385723114,0.0,3.0218710899353027,8.675758361816406
35332,0,calendar_2014_test,25.383081436157227,26.0,0.9147539734840393,0.0,3.1478428840637207,0.6169185638427734
35333,0,calendar_2014_test,31.978477478027344,30.0,0.8931402564048767,0.0,3.9459638595581055,1.9784774780273438
35334,0,calendar_2014_test,34.76321792602539,34.0,0.8891171813011169,0.0,4.094522476196289,0.7632179260253906
35335,0,calendar_2014_test,35.98764419555664,30.0,0.9106236100196838,0.0,3.3003642559051514,5.987644195556641
35336,0,calendar_2014_test,33.08737564086914,53.0,0.9048571586608887,0.0,3.5132977962493896,19.91262435913086
35337,0,calendar_2014_test,55.52863311767578,49.0,0.9028446674346924,0.0,3.587613344192505,6.528633117675781
35338,0,calendar_2014_test,44.23971176147461,33.0,0.9206950068473816,0.0,2.9284613132476807,11.23971176147461
35339,0,calendar_2014_test,30.811687469482422,18.0,0.9141874313354492,0.0,3.168764114379883,12.811687469482422
35340,0,calendar_2014_test,43.50736618041992,49.0,0.9040857553482056,0.0,3.541783571243286,5.492633819580078
35341,0,calendar_2014_test,55.357601165771484,49.0,0.9026510715484619,0.0,3.594761610031128,6.357601165771484
35342,0,calendar_2014_test,52.684425354003906,55.0,0.8912273049354553,0.0,4.016603469848633,2.3155746459960938
35343,0,calendar_2014_test,58.54625701904297,56.0,0.8957725763320923,0.0,3.848762273788452,2.5462570190429688
35344,0,calendar_2014_test,57.308773040771484,62.0,0.896602988243103,0.0,3.818096399307251,4.691226959228516
35345,0,calendar_2014_test,66.82186889648438,80.0,0.8870502710342407,0.0,4.170845985412598,13.178131103515625
35346,0,calendar_2014_test,87.0288314819336,99.0,0.8769003748893738,0.0,4.545646667480469,11.971168518066406
35347,0,calendar_2014_test,102.47461700439453,104.0,0.8594453930854797,0.0,5.19019889831543,1.5253829956054688
35348,0,calendar_2014_test,98.74758911132812,99.0,0.8594995737075806,0.0,5.188198089599609,0.252410888671875
35349,0,calendar_2014_test,94.02532196044922,97.0,0.8370747566223145,0.0,6.016269683837891,2.9746780395507812
35350,0,calendar_2014_test,92.8648452758789,108.0,0.8637940883636475,0.0,5.029616832733154,15.135154724121094
35351,0,calendar_2014_test,103.55011749267578,99.0,0.8380730152130127,0.0,5.9794087409973145,4.550117492675781
35352,0,calendar_2014_test,88.78962707519531,119.0,0.8302215337753296,0.0,6.269335746765137,30.210372924804688
35353,0,calendar_2014_test,114.76498413085938,93.0,0.8334957361221313,0.0,6.148430824279785,21.764984130859375
35354,0,calendar_2014_test,80.21358489990234,78.0,0.847126841545105,0.0,5.645081996917725,2.2135848999023438
35355,0,calendar_2014_test,72.40059661865234,67.0,0.8644822835922241,0.0,5.004205226898193,5.400596618652344
35356,0,calendar_2014_test,64.05467987060547,69.0,0.867617130279541,0.0,4.888445854187012,4.945320129394531
35357,0,calendar_2014_test,64.2594985961914,51.0,0.8735503554344177,0.0,4.669352054595947,13.259498596191406
35358,0,calendar_2014_test,43.37322998046875,41.0,0.9088086485862732,0.0,3.3673832416534424,2.37322998046875
35359,0,calendar_2014_test,41.12677001953125,34.0,0.9127878546714783,0.0,3.2204456329345703,7.12677001953125
35360,0,calendar_2014_test,36.54824447631836,21.0,0.8976781964302063,0.0,3.778393030166626,15.54824447631836
35361,0,calendar_2014_test,25.757091522216797,27.0,0.926709771156311,0.0,2.7063565254211426,1.2429084777832031
35362,0,calendar_2014_test,31.01478385925293,34.0,0.92214435338974,0.0,2.874941349029541,2.9852161407470703
35363,0,calendar_2014_test,39.386112213134766,37.0,0.9101089835166931,0.0,3.3193676471710205,2.3861122131347656
35364,0,calendar_2014_test,41.01662826538086,51.0,0.9042150974273682,0.0,3.537008047103882,9.98337173461914
35365,0,calendar_2014_test,54.54604721069336,61.0,0.8950899243354797,0.0,3.8739688396453857,6.453952789306641
35366,0,calendar_2014_test,65.91227722167969,63.0,0.8810217976570129,0.0,4.393456935882568,2.9122772216796875
35367,0,calendar_2014_test,65.52611541748047,59.0,0.8897354006767273,0.0,4.071694374084473,6.526115417480469
35368,0,calendar_2014_test,61.72566604614258,70.0,0.8895191550254822,0.0,4.079679489135742,8.274333953857422
35369,0,calendar_2014_test,73.82839965820312,78.0,0.8597883582115173,0.0,5.177535533905029,4.171600341796875
35370,0,calendar_2014_test,83.240234375,84.0,0.843844473361969,0.0,5.766288757324219,0.759765625
35371,0,calendar_2014_test,86.2036361694336,97.0,0.8234966993331909,0.0,6.517662525177002,10.796363830566406
35372,0,calendar_2014_test,97.41094207763672,110.0,0.8762281537055969,0.0,4.570470333099365,12.589057922363281
35373,0,calendar_2014_test,114.41136932373047,106.0,0.8501010537147522,0.0,5.535254001617432,8.411369323730469
35374,0,calendar_2014_test,104.31502532958984,92.0,0.8535804748535156,0.0,5.406772136688232,12.315025329589844
35375,0,calendar_2014_test,91.7513198852539,110.0,0.8641132712364197,0.0,5.0178303718566895,18.248680114746094
35376,0,calendar_2014_test,115.69075012207031,121.0,0.8292443752288818,0.0,6.305419445037842,5.3092498779296875
35377,0,calendar_2014_test,122.86995697021484,136.0,0.7917921543121338,0.0,7.688401222229004,13.130043029785156
35378,0,calendar_2014_test,136.9150848388672,150.0,0.8196238279342651,0.0,6.66067361831665,13.084915161132812
35379,0,calendar_2014_test,145.3132781982422,118.0,0.8055791258811951,0.0,7.179296016693115,27.313278198242188
35380,0,calendar_2014_test,110.51065063476562,91.0,0.8412895798683167,0.0,5.860630989074707,19.510650634765625
35381,0,calendar_2014_test,85.91112518310547,86.0,0.8318018913269043,0.0,6.210979461669922,0.08887481689453125
35382,0,calendar_2014_test,86.2473373413086,67.0,0.8635175228118896,0.0,5.039829254150391,19.247337341308594
35383,0,calendar_2014_test,65.9859848022461,60.0,0.8910374045372009,0.0,4.023614883422852,5.985984802246094
35384,0,calendar_2014_test,61.37995147705078,53.0,0.882438600063324,0.0,4.34113883972168,8.379951477050781
35385,0,calendar_2014_test,55.44981002807617,53.0,0.9041928648948669,0.0,3.5378289222717285,2.449810028076172
35386,0,calendar_2014_test,156.9716033935547,159.0,0.816368579864502,0.0,6.780879020690918,2.0283966064453125
35387,0,calendar_2014_test,166.85101318359375,180.0,0.736396074295044,0.0,9.733987808227539,13.14898681640625
35388,0,calendar_2014_test,188.49969482421875,200.0,0.6949367523193359,0.0,11.264938354492188,11.50030517578125
35389,0,calendar_2014_test,204.2165069580078,228.0,0.617128312587738,0.0,14.138138771057129,23.783493041992188
35390,0,calendar_2014_test,216.53761291503906,229.0,0.6487462520599365,0.0,12.970596313476562,12.462387084960938
35391,0,calendar_2014_test,222.2544403076172,200.0,0.6413185596466064,0.0,13.24487590789795,22.254440307617188
35392,0,calendar_2014_test,186.68377685546875,146.0,0.7320890426635742,0.0,9.89303207397461,40.68377685546875
35393,0,calendar_2014_test,131.72994995117188,133.0,0.8560150265693665,0.0,5.31687068939209,1.270050048828125
35394,0,calendar_2014_test,128.70217895507812,125.0,0.7819983959197998,0.0,8.050050735473633,3.702178955078125
35395,0,calendar_2014_test,120.44480895996094,79.0,0.8160353899002075,0.0,6.793182849884033,41.44480895996094
35396,0,calendar_2014_test,70.61798858642578,80.0,0.8842573165893555,0.0,4.273980617523193,9.382011413574219
35397,0,calendar_2014_test,82.93767547607422,72.0,0.864478349685669,0.0,5.004350662231445,10.937675476074219
35398,0,calendar_2014_test,73.30056762695312,59.0,0.887631356716156,0.0,4.149387836456299,14.300567626953125
35399,0,calendar_2014_test,59.37480163574219,63.0,0.8888086080551147,0.0,4.105916500091553,3.6251983642578125
35400,0,calendar_2014_test,66.69322967529297,64.0,0.8851263523101807,0.0,4.241889953613281,2.6932296752929688
35401,0,calendar_2014_test,64.3712387084961,52.0,0.8627672791481018,0.0,5.06753396987915,12.371238708496094
35402,0,calendar_2014_test,54.89888000488281,67.0,0.9133450388908386,0.0,3.1998698711395264,12.101119995117188
35403,0,calendar_2014_test,72.91423797607422,78.0,0.8915928602218628,0.0,4.003103256225586,5.085762023925781
35404,0,calendar_2014_test,85.9481430053711,89.0,0.8414105176925659,0.0,5.856164455413818,3.0518569946289062
35405,0,calendar_2014_test,96.12907409667969,88.0,0.8396832942962646,0.0,5.919947147369385,8.129074096679688
35406,0,calendar_2014_test,91.47047424316406,96.0,0.8370065689086914,0.0,6.018787860870361,4.5295257568359375
35407,0,calendar_2014_test,102.3478775024414,100.0,0.8131330013275146,0.0,6.900358200073242,2.3478775024414062
35408,0,calendar_2014_test,104.26448822021484,93.0,0.8426557779312134,0.0,5.810183048248291,11.264488220214844
35409,0,calendar_2014_test,94.09535217285156,85.0,0.8633555173873901,0.0,5.045811176300049,9.095352172851562
35410,0,calendar_2014_test,85.5679702758789,88.0,0.8698972463607788,0.0,4.804249286651611,2.4320297241210938
35411,0,calendar_2014_test,93.14889526367188,82.0,0.8649620413780212,0.0,4.986489295959473,11.148895263671875
35412,0,calendar_2014_test,81.37464141845703,80.0,0.8732558488845825,0.0,4.680228233337402,1.3746414184570312
35413,0,calendar_2014_test,79.72709655761719,59.0,0.8894463777542114,0.0,4.082366466522217,20.727096557617188
35414,0,calendar_2014_test,54.73711395263672,75.0,0.9112213850021362,0.0,3.2782888412475586,20.26288604736328
35415,0,calendar_2014_test,81.68782806396484,77.0,0.849665641784668,0.0,5.551333427429199,4.687828063964844
35416,0,calendar_2014_test,77.48704528808594,70.0,0.8749990463256836,0.0,4.615857124328613,7.4870452880859375
35417,0,calendar_2014_test,71.98845672607422,80.0,0.8851255178451538,0.0,4.241921901702881,8.011543273925781
35418,0,calendar_2014_test,82.88139343261719,81.0,0.8727119565010071,0.0,4.700310230255127,1.8813934326171875
35419,0,calendar_2014_test,82.72476196289062,79.0,0.876933217048645,0.0,4.544434070587158,3.724761962890625
35420,0,calendar_2014_test,81.66303253173828,89.0,0.8608013391494751,0.0,5.140128135681152,7.336967468261719
35421,0,calendar_2014_test,95.4288330078125,106.0,0.847543478012085,0.0,5.629696846008301,10.5711669921875
35422,0,calendar_2014_test,108.93643951416016,112.0,0.864264726638794,0.0,5.012238025665283,3.0635604858398438
35423,0,calendar_2014_test,116.55998992919922,118.0,0.8134526014328003,0.0,6.888555526733398,1.4400100708007812
35424,0,calendar_2014_test,120.22167205810547,120.0,0.8203328251838684,0.0,6.634492874145508,0.22167205810546875
35425,0,calendar_2014_test,122.0221176147461,119.0,0.8302109241485596,0.0,6.269728660583496,3.0221176147460938
35426,0,calendar_2014_test,120.67605590820312,127.0,0.8076151609420776,0.0,7.104112148284912,6.323944091796875
35427,0,calendar_2014_test,125.18131256103516,128.0,0.783354640007019,0.0,7.999969482421875,2.8186874389648438
35428,0,calendar_2014_test,126.55541229248047,135.0,0.7900549173355103,0.0,7.752552032470703,8.444587707519531
35429,0,calendar_2014_test,134.76132202148438,133.0,0.8224043846130371,0.0,6.557997703552246,1.761322021484375
35430,0,calendar_2014_test,130.9853057861328,124.0,0.7986955642700195,0.0,7.4334821701049805,6.9853057861328125
35431,0,calendar_2014_test,120.44757843017578,112.0,0.7836940884590149,0.0,7.987435340881348,8.447578430175781
35432,0,calendar_2014_test,108.76689147949219,107.0,0.8390543460845947,0.0,5.943170070648193,1.7668914794921875
35433,0,calendar_2014_test,103.7448959350586,109.0,0.8263267874717712,0.0,6.413155555725098,5.255104064941406
35434,0,calendar_2014_test,109.26615905761719,108.0,0.855591893196106,0.0,5.332496166229248,1.2661590576171875
35435,0,calendar_2014_test,102.11598205566406,119.0,0.8096566200256348,0.0,7.0287275314331055,16.884017944335938
35436,0,calendar_2014_test,116.41814422607422,117.0,0.8357060551643372,0.0,6.066812038421631,0.5818557739257812
35437,0,calendar_2014_test,116.44209289550781,120.0,0.8206321597099304,0.0,6.623439311981201,3.5579071044921875
35438,0,calendar_2014_test,121.76072692871094,123.0,0.7996935248374939,0.0,7.396630764007568,1.2392730712890625
35439,0,calendar_2014_test,121.56349182128906,114.0,0.7881009578704834,0.0,7.824704647064209,7.5634918212890625
35440,0,calendar_2014_test,111.02596282958984,109.0,0.8162540197372437,0.0,6.785109519958496,2.0259628295898438
35441,0,calendar_2014_test,100.87105560302734,96.0,0.8485202193260193,0.0,5.593628883361816,4.871055603027344
35442,0,calendar_2014_test,88.957275390625,102.0,0.8602148294448853,0.0,5.1617865562438965,13.042724609375
35443,0,calendar_2014_test,97.64317321777344,95.0,0.8430267572402954,0.0,5.796482563018799,2.6431732177734375
35444,0,calendar_2014_test,87.68418884277344,81.0,0.8468150496482849,0.0,5.656595230102539,6.6841888427734375
35445,0,calendar_2014_test,71.85585021972656,73.0,0.8673967123031616,0.0,4.896584510803223,1.1441497802734375
35446,0,calendar_2014_test,65.33932495117188,63.0,0.9036117196083069,0.0,3.5592894554138184,2.339324951171875
35447,0,calendar_2014_test,54.04119110107422,45.0,0.8789758682250977,0.0,4.469006061553955,9.041191101074219
35448,0,calendar_2014_test,37.872920989990234,51.0,0.9163992404937744,0.0,3.087090253829956,13.127079010009766
35449,0,calendar_2014_test,46.5312614440918,40.0,0.8961663246154785,0.0,3.834221839904785,6.531261444091797
35450,0,calendar_2014_test,39.8576545715332,36.0,0.89466392993927,0.0,3.8896987438201904,3.857654571533203
35451,0,calendar_2014_test,34.27153396606445,34.0,0.9033527374267578,0.0,3.568852186203003,0.2715339660644531
35452,0,calendar_2014_test,36.672828674316406,24.0,0.9168180227279663,0.0,3.071624755859375,12.672828674316406
35453,0,calendar_2014_test,27.80413246154785,27.0,0.9023709297180176,0.0,3.6051077842712402,0.8041324615478516
35454,0,calendar_2014_test,42.10652160644531,56.0,0.9163760542869568,0.0,3.0879459381103516,13.893478393554688
35455,0,calendar_2014_test,61.3645133972168,61.0,0.912290096282959,0.0,3.2388267517089844,0.3645133972167969
35456,0,calendar_2014_test,63.50559997558594,64.0,0.8941137194633484,0.0,3.9100167751312256,0.4944000244140625
35457,0,calendar_2014_test,71.20077514648438,101.0,0.8982328772544861,0.0,3.757911205291748,29.799224853515625
35458,0,calendar_2014_test,109.66446685791016,111.0,0.8098360300064087,0.0,7.0221028327941895,1.3355331420898438
35459,0,calendar_2014_test,115.16321563720703,82.0,0.7916923761367798,0.0,7.692087173461914,33.16321563720703
35460,0,calendar_2014_test,76.88839721679688,84.0,0.8735311031341553,0.0,4.6700615882873535,7.111602783203125
35461,0,calendar_2014_test,87.68540954589844,89.0,0.8732033967971802,0.0,4.682164669036865,1.3145904541015625
35462,0,calendar_2014_test,91.80220794677734,91.0,0.8397577404975891,0.0,5.9171977043151855,0.8022079467773438
35463,0,calendar_2014_test,90.5693588256836,81.0,0.8634942770004272,0.0,5.040689468383789,9.569358825683594
35464,0,calendar_2014_test,81.50284576416016,103.0,0.8905432224273682,0.0,4.041863918304443,21.497154235839844
35465,0,calendar_2014_test,109.26704406738281,99.0,0.8421979546546936,0.0,5.827088832855225,10.267044067382812
35466,0,calendar_2014_test,100.03227233886719,105.0,0.8323877453804016,0.0,6.1893463134765625,4.9677276611328125
35467,0,calendar_2014_test,107.3821029663086,121.0,0.8058980703353882,0.0,7.167519569396973,13.617897033691406
35468,0,calendar_2014_test,122.71028900146484,139.0,0.7707470655441284,0.0,8.465523719787598,16.289710998535156
35469,0,calendar_2014_test,140.32225036621094,141.0,0.7992726564407349,0.0,7.412171363830566,0.6777496337890625
35470,0,calendar_2014_test,140.674560546875,148.0,0.7837291955947876,0.0,7.98613977432251,7.325439453125
35471,0,calendar_2014_test,146.4697265625,168.0,0.7990977168083191,0.0,7.418632984161377,21.5302734375
35472,0,calendar_2014_test,169.2689971923828,157.0,0.6982704997062683,0.0,11.141836166381836,12.268997192382812
35473,0,calendar_2014_test,155.65171813964844,159.0,0.721426248550415,0.0,10.286771774291992,3.3482818603515625
35474,0,calendar_2014_test,163.13653564453125,151.0,0.6881539821624756,0.0,11.515403747558594,12.13653564453125
35475,0,calendar_2014_test,149.2810516357422,137.0,0.7771561741828918,0.0,8.228858947753906,12.281051635742188
35476,0,calendar_2014_test,136.3063507080078,128.0,0.8425673842430115,0.0,5.813446521759033,8.306350708007812
35477,0,calendar_2014_test,126.34247589111328,144.0,0.8015850186347961,0.0,7.326785564422607,17.65752410888672
35478,0,calendar_2014_test,151.95164489746094,147.0,0.8252646327018738,0.0,6.452377796173096,4.9516448974609375
35479,0,calendar_2014_test,153.13232421875,157.0,0.8019598722457886,0.0,7.312942981719971,3.86767578125
35480,0,calendar_2014_test,160.32240295410156,145.0,0.7201223373413086,0.0,10.334920883178711,15.322402954101562
35481,0,calendar_2014_test,138.77272033691406,74.0,0.8244724869728088,0.0,6.481629371643066,64.77272033691406
35482,0,calendar_2014_test,62.014034271240234,60.0,0.8762746453285217,0.0,4.568753719329834,2.0140342712402344
35483,0,calendar_2014_test,59.54304504394531,75.0,0.9045447707176208,0.0,3.524833917617798,15.456954956054688
35484,0,calendar_2014_test,78.70494842529297,86.0,0.8708664774894714,0.0,4.768458843231201,7.295051574707031
35485,0,calendar_2014_test,90.2579116821289,87.0,0.9028461575508118,0.0,3.5875580310821533,3.2579116821289062
35486,0,calendar_2014_test,89.18512725830078,99.0,0.8414560556411743,0.0,5.854485511779785,9.814872741699219
35487,0,calendar_2014_test,104.45366668701172,96.0,0.8292145133018494,0.0,6.306521892547607,8.453666687011719
35488,0,calendar_2014_test,99.1871109008789,107.0,0.825501561164856,0.0,6.443629741668701,7.812889099121094
35489,0,calendar_2014_test,110.54951477050781,111.0,0.7906258702278137,0.0,7.73146915435791,0.4504852294921875
35490,0,calendar_2014_test,112.63416290283203,120.0,0.8493214249610901,0.0,5.5640435218811035,7.365837097167969
35491,0,calendar_2014_test,123.49028015136719,121.0,0.7847350239753723,0.0,7.948997497558594,2.4902801513671875
35492,0,calendar_2014_test,119.6655044555664,126.0,0.7874717712402344,0.0,7.847938060760498,6.334495544433594
35493,0,calendar_2014_test,125.67997741699219,130.0,0.8035967946052551,0.0,7.252497673034668,4.3200225830078125
35494,0,calendar_2014_test,130.09413146972656,123.0,0.8140987157821655,0.0,6.864696979522705,7.0941314697265625
35495,0,calendar_2014_test,121.11012268066406,129.0,0.8208743333816528,0.0,6.614495754241943,7.8898773193359375
35496,0,calendar_2014_test,132.31887817382812,146.0,0.800022304058075,0.0,7.384490013122559,13.681121826171875
35497,0,calendar_2014_test,148.56448364257812,155.0,0.7828543186187744,0.0,8.018444061279297,6.435516357421875
35498,0,calendar_2014_test,159.58740234375,193.0,0.7462179660797119,0.0,9.37130069732666,33.41259765625
35499,0,calendar_2014_test,198.99374389648438,194.0,0.7351471185684204,0.0,9.780109405517578,4.993743896484375
35500,0,calendar_2014_test,193.49557495117188,203.0,0.6384302377700806,0.0,13.351530075073242,9.504425048828125
35501,0,calendar_2014_test,199.05238342285156,217.0,0.7192617654800415,0.0,10.366700172424316,17.947616577148438
35502,0,calendar_2014_test,209.533203125,219.0,0.7200391292572021,0.0,10.337994575500488,9.466796875
35503,0,calendar_2014_test,213.5343780517578,196.0,0.6897122859954834,0.0,11.457862854003906,17.534378051757812
35504,0,calendar_2014_test,185.92526245117188,166.0,0.7595629692077637,0.0,8.878515243530273,19.925262451171875
35505,0,calendar_2014_test,145.9734344482422,149.0,0.8500056266784668,0.0,5.538778781890869,3.0265655517578125
35506,0,calendar_2014_test,140.38821411132812,119.0,0.8033539056777954,0.0,7.2614665031433105,21.388214111328125
35507,0,calendar_2014_test,107.00718688964844,132.0,0.8604907989501953,0.0,5.151597023010254,24.992813110351562
35508,0,calendar_2014_test,138.123779296875,61.0,0.8306286334991455,0.0,6.254303455352783,77.123779296875
35509,0,calendar_2014_test,42.40998077392578,9.0,0.868268609046936,0.0,4.864387512207031,33.40998077392578
35510,0,calendar_2014_test,15.64140796661377,9.0,0.9392650723457336,0.0,2.2427330017089844,6.6414079666137695
35511,0,calendar_2014_test,12.622453689575195,42.0,0.929777979850769,0.0,2.5930588245391846,29.377546310424805
35512,0,calendar_2014_test,35.28672409057617,43.0,0.918565034866333,0.0,3.007112979888916,7.713275909423828
35513,0,calendar_2014_test,38.773109436035156,51.0,0.9156731963157654,0.0,3.113898992538452,12.226890563964844
35514,0,calendar_2014_test,47.345741271972656,28.0,0.8875758647918701,0.0,4.151438236236572,19.345741271972656
35515,0,calendar_2014_test,24.834674835205078,26.0,0.91075599193573,0.0,3.2954742908477783,1.1653251647949219
35516,0,calendar_2014_test,25.042020797729492,14.0,0.9119762778282166,0.0,3.2504148483276367,11.042020797729492
35517,0,calendar_2014_test,16.5802059173584,15.0,0.9005618691444397,0.0,3.6719090938568115,1.5802059173583984
35518,0,calendar_2014_test,18.373592376708984,10.0,0.9384734034538269,0.0,2.271965980529785,8.373592376708984
35519,0,calendar_2014_test,13.7877197265625,6.0,0.9376088976860046,0.0,2.303889036178589,7.7877197265625
35520,0,calendar_2014_test,13.288227081298828,10.0,0.9366219639778137,0.0,2.3403334617614746,3.288227081298828
35521,0,calendar_2014_test,15.69127368927002,10.0,0.943647563457489,0.0,2.080902099609375,5.6912736892700195
35522,0,calendar_2014_test,16.567302703857422,17.0,0.937293291091919,0.0,2.3155438899993896,0.4326972961425781
35523,0,calendar_2014_test,20.95185089111328,16.0,0.9214044809341431,0.0,2.902263879776001,4.951850891113281
35524,0,calendar_2014_test,22.057544708251953,22.0,0.9175390601158142,0.0,3.044999599456787,0.057544708251953125
35525,0,calendar_2014_test,26.516530990600586,32.0,0.9298886060714722,0.0,2.588973045349121,5.483469009399414
35526,0,calendar_2014_test,35.63722229003906,54.0,0.9074944257736206,0.0,3.415914535522461,18.362777709960938
35527,0,calendar_2014_test,59.07775115966797,52.0,0.8989027142524719,0.0,3.7331762313842773,7.077751159667969
35528,0,calendar_2014_test,54.55370330810547,59.0,0.9049500823020935,0.0,3.5098681449890137,4.446296691894531
35529,0,calendar_2014_test,59.81095504760742,59.0,0.8900773525238037,0.0,4.0590667724609375,0.8109550476074219
35530,0,calendar_2014_test,63.477455139160156,77.0,0.8868967890739441,0.0,4.176513195037842,13.522544860839844
35531,0,calendar_2014_test,82.9632339477539,83.0,0.8340006470680237,0.0,6.129786968231201,0.03676605224609375
35532,0,calendar_2014_test,89.15925598144531,83.0,0.8765954971313477,0.0,4.556904315948486,6.1592559814453125
35533,0,calendar_2014_test,84.48359680175781,66.0,0.8871794939041138,0.0,4.166073799133301,18.483596801757812
35534,0,calendar_2014_test,64.11986541748047,59.0,0.9071871638298035,0.0,3.427260637283325,5.119865417480469
35535,0,calendar_2014_test,59.67631912231445,49.0,0.8681215047836304,0.0,4.869819641113281,10.676319122314453
35536,0,calendar_2014_test,51.44403839111328,58.0,0.9062550067901611,0.0,3.4616799354553223,6.555961608886719
35537,0,calendar_2014_test,61.398555755615234,61.0,0.8603686094284058,0.0,5.15610933303833,0.3985557556152344
35538,0,calendar_2014_test,64.15213775634766,63.0,0.8889206051826477,0.0,4.101780891418457,1.1521377563476562
35539,0,calendar_2014_test,64.21393585205078,71.0,0.8841685056686401,0.0,4.277259349822998,6.786064147949219
35540,0,calendar_2014_test,73.77114868164062,82.0,0.8670312166213989,0.0,4.9100823402404785,8.228851318359375
35541,0,calendar_2014_test,86.86075592041016,87.0,0.8543682098388672,0.0,5.377683639526367,0.13924407958984375
35542,0,calendar_2014_test,91.57357025146484,98.0,0.8679765462875366,0.0,4.875174522399902,6.426429748535156
35543,0,calendar_2014_test,102.1778335571289,101.0,0.8114103674888611,0.0,6.9639692306518555,1.1778335571289062
35544,0,calendar_2014_test,104.38257598876953,69.0,0.8392575979232788,0.0,5.935666561126709,35.38257598876953
35545,0,calendar_2014_test,63.668739318847656,62.0,0.8849136233329773,0.0,4.249744415283203,1.6687393188476562
35546,0,calendar_2014_test,65.06654357910156,45.0,0.8941314220428467,0.0,3.909364700317383,20.066543579101562
35547,0,calendar_2014_test,47.11589431762695,53.0,0.9059710502624512,0.0,3.472165822982788,5.884105682373047
35548,0,calendar_2014_test,57.26243591308594,46.0,0.8945850729942322,0.0,3.892611026763916,11.262435913085938
35549,0,calendar_2014_test,47.674598693847656,57.0,0.9130948185920715,0.0,3.2091100215911865,9.325401306152344
35550,0,calendar_2014_test,62.25926971435547,53.0,0.8886606097221375,0.0,4.111382484436035,9.259269714355469
35551,0,calendar_2014_test,58.0101203918457,51.0,0.8881023526191711,0.0,4.131995677947998,7.010120391845703
35552,0,calendar_2014_test,54.46270751953125,58.0,0.8824485540390015,0.0,4.34077262878418,3.53729248046875
35553,0,calendar_2014_test,64.98126220703125,75.0,0.8921141028404236,0.0,3.9838569164276123,10.01873779296875
35554,0,calendar_2014_test,79.45979309082031,75.0,0.8642377257347107,0.0,5.013235569000244,4.4597930908203125
35555,0,calendar_2014_test,78.19120025634766,79.0,0.8745516538619995,0.0,4.632378578186035,0.8087997436523438
35556,0,calendar_2014_test,85.09929656982422,97.0,0.8523502945899963,0.0,5.4521965980529785,11.900703430175781
35557,0,calendar_2014_test,99.03607940673828,105.0,0.8573384284973145,0.0,5.268002986907959,5.963920593261719
35558,0,calendar_2014_test,108.15564727783203,105.0,0.8345292210578918,0.0,6.110267639160156,3.1556472778320312
35559,0,calendar_2014_test,106.34050750732422,107.0,0.8371968269348145,0.0,6.011763095855713,0.6594924926757812
35560,0,calendar_2014_test,107.27793884277344,103.0,0.779243528842926,0.0,8.151780128479004,4.2779388427734375
35561,0,calendar_2014_test,103.76006317138672,102.0,0.8122762441635132,0.0,6.93199348449707,1.7600631713867188
35562,0,calendar_2014_test,100.71439361572266,97.0,0.865303635597229,0.0,4.973874092102051,3.7143936157226562
35563,0,calendar_2014_test,96.13954162597656,99.0,0.830400824546814,0.0,6.2627153396606445,2.8604583740234375
35564,0,calendar_2014_test,83.70609283447266,85.0,0.8459345102310181,0.0,5.689109802246094,1.2939071655273438
35565,0,calendar_2014_test,76.09811401367188,77.0,0.8596214056015015,0.0,5.183700084686279,0.901885986328125
35566,0,calendar_2014_test,68.64192962646484,17.0,0.8612591028213501,0.0,5.123224258422852,51.641929626464844
35567,0,calendar_2014_test,17.683555603027344,13.0,0.9264777898788452,0.0,2.7149229049682617,4.683555603027344
35568,0,calendar_2014_test,15.744564056396484,10.0,0.9349672794342041,0.0,2.4014365673065186,5.744564056396484
35569,0,calendar_2014_test,15.712671279907227,10.0,0.9193475842475891,0.0,2.9782180786132812,5.712671279907227
35570,0,calendar_2014_test,12.798882484436035,12.0,0.925138533115387,0.0,2.7643778324127197,0.7988824844360352
35571,0,calendar_2014_test,13.822344779968262,13.0,0.9461824893951416,0.0,1.987296223640442,0.8223447799682617
35572,0,calendar_2014_test,15.363722801208496,12.0,0.9487622976303101,0.0,1.8920334577560425,3.363722801208496
35573,0,calendar_2014_test,19.684606552124023,12.0,0.9232083559036255,0.0,2.835651397705078,7.684606552124023
35574,0,calendar_2014_test,19.97484588623047,14.0,0.9252858757972717,0.0,2.7589356899261475,5.974845886230469
35575,0,calendar_2014_test,21.832231521606445,21.0,0.9190135598182678,0.0,2.990551710128784,0.8322315216064453
35576,0,calendar_2014_test,27.56669044494629,17.0,0.9294700622558594,0.0,2.6044297218322754,10.566690444946289
35577,0,calendar_2014_test,22.77552032470703,23.0,0.9100279211997986,0.0,3.322359800338745,0.22447967529296875
35578,0,calendar_2014_test,28.358320236206055,26.0,0.919921875,0.0,2.9570116996765137,2.3583202362060547
35579,0,calendar_2014_test,29.493385314941406,20.0,0.9160631895065308,0.0,3.099498987197876,9.493385314941406
35580,0,calendar_2014_test,25.312084197998047,24.0,0.9337387084960938,0.0,2.4468016624450684,1.3120841979980469
35581,0,calendar_2014_test,25.89004898071289,22.0,0.8975953459739685,0.0,3.7814524173736572,3.8900489807128906
35582,0,calendar_2014_test,24.678401947021484,17.0,0.925987720489502,0.0,2.733018636703491,7.678401947021484
35583,0,calendar_2014_test,21.507234573364258,17.0,0.9304074048995972,0.0,2.5698163509368896,4.507234573364258
35584,0,calendar_2014_test,20.293455123901367,20.0,0.9345481395721436,0.0,2.416912078857422,0.2934551239013672
35585,0,calendar_2014_test,22.674467086791992,13.0,0.9275244474411011,0.0,2.676274299621582,9.674467086791992
35586,0,calendar_2014_test,18.651033401489258,18.0,0.9288148880004883,0.0,2.62862229347229,0.6510334014892578
35587,0,calendar_2014_test,20.096637725830078,15.0,0.903603196144104,0.0,3.5596024990081787,5.096637725830078
35588,0,calendar_2014_test,18.169816970825195,17.0,0.9323301315307617,0.0,2.498816967010498,1.1698169708251953
35589,0,calendar_2014_test,24.385433197021484,23.0,0.9186630249023438,0.0,3.00349497795105,1.3854331970214844
35590,0,calendar_2014_test,27.548330307006836,22.0,0.9188434481620789,0.0,2.9968338012695312,5.548330307006836
35591,0,calendar_2014_test,25.040658950805664,16.0,0.9285197854042053,0.0,2.6395187377929688,9.040658950805664
35592,0,calendar_2014_test,23.424646377563477,22.0,0.9206472635269165,0.0,2.930224657058716,1.4246463775634766
35593,0,calendar_2014_test,26.033306121826172,21.0,0.9173166155815125,0.0,3.0532140731811523,5.033306121826172
35594,0,calendar_2014_test,27.61598777770996,23.0,0.915778636932373,0.0,3.1100072860717773,4.615987777709961
35595,0,calendar_2014_test,30.356184005737305,20.0,0.9227651357650757,0.0,2.852018356323242,10.356184005737305
35596,0,calendar_2014_test,27.86467170715332,26.0,0.9228613972663879,0.0,2.848463535308838,1.8646717071533203
35597,0,calendar_2014_test,33.489444732666016,31.0,0.9108608365058899,0.0,3.291604518890381,2.4894447326660156
35598,0,calendar_2014_test,38.17000198364258,44.0,0.9021410942077637,0.0,3.6135940551757812,5.829998016357422
35599,0,calendar_2014_test,51.250083923339844,53.0,0.9087928533554077,0.0,3.3679661750793457,1.7499160766601562
35600,0,calendar_2014_test,59.827354431152344,57.0,0.8855805397033691,0.0,4.225118637084961,2.8273544311523438
35601,0,calendar_2014_test,61.70663070678711,60.0,0.8881334662437439,0.0,4.130846977233887,1.7066307067871094
35602,0,calendar_2014_test,65.82738494873047,78.0,0.8802949786186218,0.0,4.420295715332031,12.172615051269531
35603,0,calendar_2014_test,85.37570190429688,85.0,0.8538153767585754,0.0,5.398096084594727,0.375701904296875
35604,0,calendar_2014_test,86.696533203125,83.0,0.8645459413528442,0.0,5.001853942871094,3.696533203125
35605,0,calendar_2014_test,85.0474624633789,89.0,0.8828749656677246,0.0,4.325026035308838,3.9525375366210938
35606,0,calendar_2014_test,91.80003356933594,80.0,0.8187626004219055,0.0,6.692475318908691,11.800033569335938
35607,0,calendar_2014_test,80.70079803466797,80.0,0.8658192157745361,0.0,4.954837322235107,0.7007980346679688
35608,0,calendar_2014_test,83.28932189941406,69.0,0.8602416515350342,0.0,5.160797119140625,14.289321899414062
35609,0,calendar_2014_test,67.3425521850586,58.0,0.8740480542182922,0.0,4.650972843170166,9.342552185058594
35610,0,calendar_2014_test,58.89261245727539,62.0,0.9005118608474731,0.0,3.673754930496216,3.1073875427246094
35611,0,calendar_2014_test,65.85742950439453,73.0,0.8752720355987549,0.0,4.605776309967041,7.142570495605469
35612,0,calendar_2014_test,76.12633514404297,77.0,0.8256508708000183,0.0,6.43811559677124,0.8736648559570312
35613,0,calendar_2014_test,77.25806427001953,90.0,0.8757850527763367,0.0,4.5868330001831055,12.741935729980469
35614,0,calendar_2014_test,87.90318298339844,91.0,0.8769119381904602,0.0,4.545220851898193,3.0968170166015625
35615,0,calendar_2014_test,92.69571685791016,96.0,0.8424257040023804,0.0,5.818678855895996,3.3042831420898438
35616,0,calendar_2014_test,94.5197982788086,71.0,0.8637292981147766,0.0,5.032010078430176,23.519798278808594
35617,0,calendar_2014_test,64.03933715820312,77.0,0.8867712020874023,0.0,4.181150913238525,12.960662841796875
35618,0,calendar_2014_test,76.05748748779297,76.0,0.870058536529541,0.0,4.798293113708496,0.05748748779296875
35619,0,calendar_2014_test,72.04298400878906,100.0,0.877778947353363,0.0,4.513204097747803,27.957015991210938
35620,0,calendar_2014_test,99.4803695678711,100.0,0.8374263048171997,0.0,6.0032877922058105,0.5196304321289062
35621,0,calendar_2014_test,101.3089828491211,97.0,0.8341699838638306,0.0,6.12353515625,4.308982849121094
35622,0,calendar_2014_test,98.25050354003906,93.0,0.8677844405174255,0.0,4.882266998291016,5.2505035400390625
35623,0,calendar_2014_test,90.37837982177734,88.0,0.8352149128913879,0.0,6.084949016571045,2.3783798217773438
35624,0,calendar_2014_test,86.77935028076172,82.0,0.8609200716018677,0.0,5.135743618011475,4.779350280761719
35625,0,calendar_2014_test,82.2332534790039,86.0,0.8824143409729004,0.0,4.34203577041626,3.7667465209960938
35626,0,calendar_2014_test,84.47257232666016,82.0,0.8683918714523315,0.0,4.859836578369141,2.4725723266601562
35627,0,calendar_2014_test,77.60066986083984,69.0,0.8442495465278625,0.0,5.7513298988342285,8.600669860839844
35628,0,calendar_2014_test,62.88536071777344,66.0,0.889007568359375,0.0,4.098569393157959,3.1146392822265625
35629,0,calendar_2014_test,61.61327362060547,59.0,0.8930637240409851,0.0,3.948789596557617,2.6132736206054688
35630,0,calendar_2014_test,54.56068801879883,62.0,0.9278052449226379,0.0,2.6659042835235596,7.439311981201172
35631,0,calendar_2014_test,59.21514129638672,73.0,0.8932451009750366,0.0,3.9420924186706543,13.784858703613281
35632,0,calendar_2014_test,70.06755828857422,80.0,0.8852598071098328,0.0,4.236961841583252,9.932441711425781
35633,0,calendar_2014_test,77.23092651367188,74.0,0.8825412392616272,0.0,4.3373494148254395,3.230926513671875
35634,0,calendar_2014_test,68.712890625,79.0,0.8757952451705933,0.0,4.586455821990967,10.287109375
35635,0,calendar_2014_test,80.58460235595703,64.0,0.8559662103652954,0.0,5.318674087524414,16.58460235595703
35636,0,calendar_2014_test,60.25995635986328,61.0,0.8855587244033813,0.0,4.225924491882324,0.7400436401367188
35637,0,calendar_2014_test,61.20359802246094,75.0,0.8987759351730347,0.0,3.7378571033477783,13.796401977539062
35638,0,calendar_2014_test,77.65859985351562,64.0,0.8221147060394287,0.0,6.568694591522217,13.658599853515625
35639,0,calendar_2014_test,62.5576057434082,39.0,0.8910319805145264,0.0,4.0238142013549805,23.557605743408203
35640,0,calendar_2014_test,42.433799743652344,31.0,0.9210240840911865,0.0,2.9163095951080322,11.433799743652344
35641,0,calendar_2014_test,35.59422302246094,27.0,0.9201523065567017,0.0,2.948502540588379,8.594223022460938
35642,0,calendar_2014_test,33.65059280395508,21.0,0.9088733792304993,0.0,3.364994525909424,12.650592803955078
35643,0,calendar_2014_test,27.77733039855957,27.0,0.9304358959197998,0.0,2.568763017654419,0.7773303985595703
35644,0,calendar_2014_test,33.392433166503906,33.0,0.9279538989067078,0.0,2.6604154109954834,0.39243316650390625
35645,0,calendar_2014_test,39.981266021728516,60.0,0.8850202560424805,0.0,4.245808124542236,20.018733978271484
35646,0,calendar_2014_test,68.48611450195312,79.0,0.8641811013221741,0.0,5.015326023101807,10.513885498046875
35647,0,calendar_2014_test,84.73975372314453,93.0,0.9025012254714966,0.0,3.6002962589263916,8.260246276855469
35648,0,calendar_2014_test,98.54730987548828,129.0,0.8331267833709717,0.0,6.162056922912598,30.45269012451172
35649,0,calendar_2014_test,135.51577758789062,132.0,0.7456640601158142,0.0,9.391754150390625,3.515777587890625
35650,0,calendar_2014_test,136.512451171875,121.0,0.8310613632202148,0.0,6.238323211669922,15.512451171875
35651,0,calendar_2014_test,118.16797637939453,115.0,0.8130540251731873,0.0,6.9032745361328125,3.1679763793945312
35652,0,calendar_2014_test,115.49288177490234,113.0,0.8429675698280334,0.0,5.798669338226318,2.4928817749023438
35653,0,calendar_2014_test,114.61284637451172,135.0,0.8306905627250671,0.0,6.252016544342041,20.38715362548828
35654,0,calendar_2014_test,142.44546508789062,115.0,0.8068677186965942,0.0,7.1317138671875,27.445465087890625
35655,0,calendar_2014_test,111.57312774658203,149.0,0.8621258735656738,0.0,5.091217994689941,37.42687225341797
35656,0,calendar_2014_test,154.51100158691406,109.0,0.7657052278518677,0.0,8.651702880859375,45.51100158691406
35657,0,calendar_2014_test,94.16108703613281,73.0,0.8441194295883179,0.0,5.756134033203125,21.161087036132812
35658,0,calendar_2014_test,61.413455963134766,57.0,0.8801718354225159,0.0,4.424843788146973,4.413455963134766
35659,0,calendar_2014_test,55.23832702636719,53.0,0.9054480195045471,0.0,3.491480588912964,2.2383270263671875
35660,0,calendar_2014_test,52.506935119628906,59.0,0.90809565782547,0.0,3.3937127590179443,6.493064880371094
35661,0,calendar_2014_test,58.57912063598633,57.0,0.8834813237190247,0.0,4.3026347160339355,1.5791206359863281
35662,0,calendar_2014_test,59.691062927246094,84.0,0.9260320663452148,0.0,2.7313811779022217,24.308937072753906
35663,0,calendar_2014_test,90.37804412841797,91.0,0.9007062315940857,0.0,3.6665782928466797,0.6219558715820312
35664,0,calendar_2014_test,99.04122161865234,133.0,0.8159506320953369,0.0,6.7963128089904785,33.958778381347656
35665,0,calendar_2014_test,143.61270141601562,172.0,0.7128208875656128,0.0,10.60453987121582,28.387298583984375
35666,0,calendar_2014_test,178.72207641601562,182.0,0.7765240669250488,0.0,8.25220012664795,3.277923583984375
35667,0,calendar_2014_test,185.41624450683594,201.0,0.7396605610847473,0.0,9.613442420959473,15.583755493164062
35668,0,calendar_2014_test,210.58360290527344,207.0,0.6643550395965576,0.0,12.394218444824219,3.5836029052734375
35669,0,calendar_2014_test,211.86862182617188,199.0,0.6632692813873291,0.0,12.434311866760254,12.868621826171875
35670,0,calendar_2014_test,201.00978088378906,177.0,0.6767741441726685,0.0,11.935622215270996,24.009780883789062
35671,0,calendar_2014_test,169.9902801513672,161.0,0.7850387096405029,0.0,7.937783718109131,8.990280151367188
35672,0,calendar_2014_test,155.89224243164062,156.0,0.7391518354415894,0.0,9.632229804992676,0.107757568359375
35673,0,calendar_2014_test,156.2106475830078,152.0,0.7479982376098633,0.0,9.305560111999512,4.2106475830078125
35674,0,calendar_2014_test,149.66754150390625,130.0,0.8132588863372803,0.0,6.895708084106445,19.66754150390625
35675,0,calendar_2014_test,120.5868148803711,94.0,0.8294524550437927,0.0,6.297736167907715,26.586814880371094
35676,0,calendar_2014_test,84.35814666748047,81.0,0.8606376051902771,0.0,5.146174907684326,3.3581466674804688
35677,0,calendar_2014_test,76.38462829589844,81.0,0.8651637434959412,0.0,4.97904109954834,4.6153717041015625
35678,0,calendar_2014_test,78.66800689697266,78.0,0.8646793365478516,0.0,4.996928691864014,0.6680068969726562
35679,0,calendar_2014_test,73.88976287841797,69.0,0.8815596103668213,0.0,4.373597621917725,4.889762878417969
35680,0,calendar_2014_test,65.06246185302734,59.0,0.868590772151947,0.0,4.852492332458496,6.062461853027344
35681,0,calendar_2014_test,59.4852294921875,55.0,0.8939445614814758,0.0,3.916264057159424,4.4852294921875
35682,0,calendar_2014_test,57.21464538574219,54.0,0.8745514154434204,0.0,4.632387161254883,3.2146453857421875
35683,0,calendar_2014_test,56.7509765625,58.0,0.8957262635231018,0.0,3.8504724502563477,1.2490234375
35684,0,calendar_2014_test,62.167808532714844,61.0,0.8917577862739563,0.0,3.9970130920410156,1.1678085327148438
35685,0,calendar_2014_test,65.99903106689453,75.0,0.8760885000228882,0.0,4.57562780380249,9.000968933105469
35686,0,calendar_2014_test,83.07719421386719,78.0,0.8758323788642883,0.0,4.585083961486816,5.0771942138671875
35687,0,calendar_2014_test,86.61829376220703,97.0,0.8500146865844727,0.0,5.538444519042969,10.381706237792969
35688,0,calendar_2014_test,106.78986358642578,105.0,0.8587229251861572,0.0,5.216878890991211,1.7898635864257812
35689,0,calendar_2014_test,112.17039489746094,103.0,0.8135466575622559,0.0,6.885082721710205,9.170394897460938
35690,0,calendar_2014_test,109.11109924316406,100.0,0.8342044353485107,0.0,6.122262954711914,9.111099243164062
35691,0,calendar_2014_test,104.61310577392578,107.0,0.8373847007751465,0.0,6.004826545715332,2.3868942260742188
35692,0,calendar_2014_test,111.86537170410156,109.0,0.8456423282623291,0.0,5.6999006271362305,2.8653717041015625
35693,0,calendar_2014_test,112.01776885986328,116.0,0.841092586517334,0.0,5.8679046630859375,3.9822311401367188
35694,0,calendar_2014_test,120.98859405517578,112.0,0.8133677244186401,0.0,6.891689300537109,8.988594055175781
35695,0,calendar_2014_test,112.20714569091797,101.0,0.8414385318756104,0.0,5.855132102966309,11.207145690917969
35696,0,calendar_2014_test,98.1834487915039,80.0,0.8517110347747803,0.0,5.475802898406982,18.183448791503906
35697,0,calendar_2014_test,75.22917175292969,77.0,0.8658822774887085,0.0,4.9525065422058105,1.7708282470703125
35698,0,calendar_2014_test,80.6426010131836,79.0,0.8572714328765869,0.0,5.270477771759033,1.6426010131835938
35699,0,calendar_2014_test,80.49109649658203,86.0,0.8726261854171753,0.0,4.703477382659912,5.508903503417969
35700,0,calendar_2014_test,88.38139343261719,72.0,0.8603782653808594,0.0,5.155751705169678,16.381393432617188
35701,0,calendar_2014_test,71.0479965209961,70.0,0.8969348669052124,0.0,3.8058412075042725,1.0479965209960938
35702,0,calendar_2014_test,73.72451782226562,64.0,0.9046270847320557,0.0,3.5217957496643066,9.724517822265625
35703,0,calendar_2014_test,64.81719207763672,67.0,0.8789987564086914,0.0,4.468160152435303,2.1828079223632812
35704,0,calendar_2014_test,70.302734375,63.0,0.8727337121963501,0.0,4.6995086669921875,7.302734375
35705,0,calendar_2014_test,56.20649719238281,54.0,0.8899624347686768,0.0,4.0633087158203125,2.2064971923828125
35706,0,calendar_2014_test,52.5830078125,50.0,0.9088436961174011,0.0,3.3660902976989746,2.5830078125
35707,0,calendar_2014_test,44.23678970336914,21.0,0.902373194694519,0.0,3.6050236225128174,23.23678970336914
35708,0,calendar_2014_test,17.68163299560547,11.0,0.93404221534729,0.0,2.435594320297241,6.681632995605469
35709,0,calendar_2014_test,13.654224395751953,10.0,0.9269091486930847,0.0,2.6989941596984863,3.654224395751953
35710,0,calendar_2014_test,12.234323501586914,8.0,0.9385959506034851,0.0,2.2674407958984375,4.234323501586914
35711,0,calendar_2014_test,11.27286148071289,7.0,0.9199824333190918,0.0,2.95477557182312,4.272861480712891
35712,0,calendar_2014_test,10.530027389526367,10.0,0.9243992567062378,0.0,2.791675090789795,0.5300273895263672
35713,0,calendar_2014_test,11.575273513793945,12.0,0.936127245426178,0.0,2.358602523803711,0.4247264862060547
35714,0,calendar_2014_test,13.391318321228027,8.0,0.9311283826828003,0.0,2.5431928634643555,5.391318321228027
35715,0,calendar_2014_test,12.68588638305664,6.0,0.9380348324775696,0.0,2.2881603240966797,6.685886383056641
35716,0,calendar_2014_test,12.01874828338623,11.0,0.9378259181976318,0.0,2.295875310897827,1.0187482833862305
35717,0,calendar_2014_test,15.992267608642578,17.0,0.9325581789016724,0.0,2.4903955459594727,1.0077323913574219
35718,0,calendar_2014_test,20.323171615600586,22.0,0.9338239431381226,0.0,2.443655490875244,1.676828384399414
35719,0,calendar_2014_test,23.957172393798828,27.0,0.9088295698165894,0.0,3.366612434387207,3.042827606201172
35720,0,calendar_2014_test,29.81467056274414,43.0,0.9304632544517517,0.0,2.567753791809082,13.18532943725586
35721,0,calendar_2014_test,41.662960052490234,34.0,0.8899572491645813,0.0,4.063502311706543,7.662960052490234
35722,0,calendar_2014_test,38.389564514160156,39.0,0.9131476879119873,0.0,3.2071571350097656,0.6104354858398438
35723,0,calendar_2014_test,41.478816986083984,32.0,0.8765865564346313,0.0,4.557235240936279,9.478816986083984
35724,0,calendar_2014_test,33.99131393432617,28.0,0.9121432900428772,0.0,3.2442476749420166,5.991313934326172
35725,0,calendar_2014_test,28.6739501953125,28.0,0.9395158290863037,0.0,2.233473539352417,0.6739501953125
35726,0,calendar_2014_test,29.319921493530273,22.0,0.9304055571556091,0.0,2.5698843002319336,7.319921493530273
35727,0,calendar_2014_test,24.231653213500977,27.0,0.9125593304634094,0.0,3.2288849353790283,2.7683467864990234
35728,0,calendar_2014_test,25.955183029174805,22.0,0.905545711517334,0.0,3.4878737926483154,3.9551830291748047
35729,0,calendar_2014_test,22.389995574951172,22.0,0.9199655055999756,0.0,2.955400228500366,0.3899955749511719
35730,0,calendar_2014_test,20.61128807067871,25.0,0.929259181022644,0.0,2.6122167110443115,4.388711929321289
35731,0,calendar_2014_test,21.07634925842285,21.0,0.9287475347518921,0.0,2.631108045578003,0.07634925842285156
35732,0,calendar_2014_test,19.394411087036133,22.0,0.924848735332489,0.0,2.775078058242798,2.605588912963867
35733,0,calendar_2014_test,25.461803436279297,18.0,0.9402477741241455,0.0,2.2064437866210938,7.461803436279297
35734,0,calendar_2014_test,19.958446502685547,18.0,0.9216652512550354,0.0,2.8926334381103516,1.9584465026855469
35735,0,calendar_2014_test,23.10599136352539,22.0,0.9320816993713379,0.0,2.5079894065856934,1.1059913635253906
35736,0,calendar_2014_test,25.042306900024414,20.0,0.9226554036140442,0.0,2.856070041656494,5.042306900024414
35737,0,calendar_2014_test,24.341630935668945,25.0,0.9307032227516174,0.0,2.5588927268981934,0.6583690643310547
35738,0,calendar_2014_test,29.259864807128906,22.0,0.9188979268074036,0.0,2.9948222637176514,7.259864807128906
35739,0,calendar_2014_test,28.09918975830078,25.0,0.9199538826942444,0.0,2.9558281898498535,3.0991897583007812
35740,0,calendar_2014_test,31.673669815063477,33.0,0.8965438604354858,0.0,3.820279836654663,1.3263301849365234
35741,0,calendar_2014_test,38.94473648071289,50.0,0.9056734442710876,0.0,3.483157157897949,11.05526351928711
35742,0,calendar_2014_test,58.536109924316406,61.0,0.8902949690818787,0.0,4.05103063583374,2.4638900756835938
35743,0,calendar_2014_test,69.7446060180664,74.0,0.8884509801864624,0.0,4.119121551513672,4.255393981933594
35744,0,calendar_2014_test,80.03083038330078,79.0,0.8850120306015015,0.0,4.2461113929748535,1.0308303833007812
35745,0,calendar_2014_test,84.45563507080078,77.0,0.858180046081543,0.0,5.236924648284912,7.455635070800781
35746,0,calendar_2014_test,79.28046417236328,91.0,0.8836480975151062,0.0,4.296475887298584,11.719535827636719
35747,0,calendar_2014_test,95.62925720214844,94.0,0.8385795950889587,0.0,5.9607014656066895,1.6292572021484375
35748,0,calendar_2014_test,96.46577453613281,107.0,0.8301863670349121,0.0,6.270635604858398,10.534225463867188
35749,0,calendar_2014_test,111.09959411621094,114.0,0.8239530324935913,0.0,6.500810623168945,2.9004058837890625
35750,0,calendar_2014_test,114.56783294677734,104.0,0.8586857318878174,0.0,5.218252658843994,10.567832946777344
35751,0,calendar_2014_test,97.92871856689453,93.0,0.8640412092208862,0.0,5.020490646362305,4.928718566894531
35752,0,calendar_2014_test,89.24415588378906,85.0,0.8669233918190002,0.0,4.914062976837158,4.2441558837890625
35753,0,calendar_2014_test,81.8737564086914,75.0,0.8347072005271912,0.0,6.103695869445801,6.873756408691406
35754,0,calendar_2014_test,74.2077407836914,75.0,0.8841294050216675,0.0,4.2787041664123535,0.7922592163085938
35755,0,calendar_2014_test,71.87288665771484,66.0,0.8793269991874695,0.0,4.456039905548096,5.872886657714844
35756,0,calendar_2014_test,62.96804428100586,66.0,0.8775308728218079,0.0,4.522365093231201,3.0319557189941406
35757,0,calendar_2014_test,67.98458862304688,82.0,0.8890115022659302,0.0,4.098423957824707,14.015411376953125
35758,0,calendar_2014_test,88.40764617919922,104.0,0.8570536375045776,0.0,5.278518199920654,15.592353820800781
35759,0,calendar_2014_test,105.98048400878906,118.0,0.8027225732803345,0.0,7.284778118133545,12.019515991210938
35760,0,calendar_2014_test,118.85507202148438,140.0,0.8292529582977295,0.0,6.305103778839111,21.144927978515625
35761,0,calendar_2014_test,147.57801818847656,158.0,0.7549335956573486,0.0,9.049461364746094,10.421981811523438
35762,0,calendar_2014_test,162.31910705566406,179.0,0.698755145072937,0.0,11.12393856048584,16.680892944335938
35763,0,calendar_2014_test,185.5880584716797,182.0,0.7344205379486084,0.0,9.806939125061035,3.5880584716796875
35764,0,calendar_2014_test,188.90164184570312,189.0,0.7074447870254517,0.0,10.803061485290527,0.098358154296875
35765,0,calendar_2014_test,193.5749969482422,220.0,0.7404443025588989,0.0,9.584500312805176,26.425003051757812
35766,0,calendar_2014_test,226.43675231933594,245.0,0.6293660402297974,0.0,13.686241149902344,18.563247680664062
35767,0,calendar_2014_test,248.9887237548828,255.0,0.6356908082962036,0.0,13.452689170837402,6.0112762451171875
35768,0,calendar_2014_test,259.6862487792969,284.0,0.6378730535507202,0.0,13.372105598449707,24.313751220703125
35769,0,calendar_2014_test,286.4441223144531,326.0,0.5966755151748657,0.0,14.893388748168945,39.555877685546875
35770,0,calendar_2014_test,319.03424072265625,301.0,0.5505940914154053,0.0,16.595020294189453,18.03424072265625
35771,0,calendar_2014_test,273.9944763183594,289.0,0.6165615320205688,0.0,14.159066200256348,15.005523681640625
35772,0,calendar_2014_test,274.4537048339844,269.0,0.7121440172195435,0.0,10.629535675048828,5.453704833984375
35773,0,calendar_2014_test,250.793212890625,249.0,0.6376315355300903,0.0,13.381025314331055,1.793212890625
35774,0,calendar_2014_test,230.3200225830078,232.0,0.7057637572288513,0.0,10.865135192871094,1.6799774169921875
35775,0,calendar_2014_test,212.02255249023438,222.0,0.6889286041259766,0.0,11.486800193786621,9.977447509765625
35776,0,calendar_2014_test,215.56170654296875,217.0,0.627943754196167,0.0,13.738760948181152,1.43829345703125
35777,0,calendar_2014_test,213.8706512451172,215.0,0.7269582748413086,0.0,10.082494735717773,1.1293487548828125
35778,0,calendar_2014_test,207.76148986816406,243.0,0.7032936811447144,0.0,10.956347465515137,35.23851013183594
35779,0,calendar_2014_test,238.56736755371094,224.0,0.5203863382339478,0.0,17.71048927307129,14.567367553710938
35780,0,calendar_2014_test,210.751708984375,236.0,0.7222580909729004,0.0,10.25605583190918,25.248291015625
35781,0,calendar_2014_test,241.13430786132812,256.0,0.7517268061637878,0.0,9.167878150939941,14.865692138671875
35782,0,calendar_2014_test,264.7276916503906,272.0,0.7268783450126648,0.0,10.08544635772705,7.272308349609375
35783,0,calendar_2014_test,276.9722900390625,266.0,0.48358845710754395,0.0,19.069307327270508,10.9722900390625
35784,0,calendar_2014_test,269.9723205566406,280.0,0.5978840589523315,0.0,14.848763465881348,10.027679443359375
35785,0,calendar_2014_test,283.0115051269531,320.0,0.5463365316390991,0.0,16.752235412597656,36.988494873046875
35786,0,calendar_2014_test,328.0549621582031,364.0,0.5082296133041382,0.0,18.159393310546875,35.945037841796875
35787,0,calendar_2014_test,361.9908447265625,383.0,0.3874465227127075,0.0,22.61949920654297,21.0091552734375
35788,0,calendar_2014_test,374.65509033203125,402.0,0.361667275428772,0.0,23.57143783569336,27.34490966796875
35789,0,calendar_2014_test,396.81109619140625,396.0,0.3451717495918274,0.0,24.180561065673828,0.81109619140625
35790,0,calendar_2014_test,385.5410461425781,419.0,0.44934308528900146,0.0,20.333871841430664,33.458953857421875
35791,0,calendar_2014_test,424.1619873046875,432.0,0.43381088972091675,0.0,20.90742301940918,7.8380126953125
35792,0,calendar_2014_test,424.70989990234375,432.0,0.3676316738128662,0.0,23.351194381713867,7.29010009765625
35793,0,calendar_2014_test,429.6273498535156,406.0,0.30421721935272217,0.0,25.692873001098633,23.627349853515625
35794,0,calendar_2014_test,381.01422119140625,388.0,0.5167092084884644,0.0,17.846271514892578,6.98577880859375
35795,0,calendar_2014_test,371.53521728515625,368.0,0.4289644956588745,0.0,21.086383819580078,3.53521728515625
35796,0,calendar_2014_test,347.84454345703125,355.0,0.275757372379303,0.0,26.743797302246094,7.15545654296875
35797,0,calendar_2014_test,343.4938049316406,349.0,0.39343684911727905,0.0,22.398296356201172,5.506195068359375
35798,0,calendar_2014_test,335.8998718261719,353.0,0.4791210889816284,0.0,19.234272003173828,17.100128173828125
35799,0,calendar_2014_test,350.3187561035156,345.0,0.4426693916320801,0.0,20.58030891418457,5.318756103515625
35800,0,calendar_2014_test,333.2565002441406,341.0,0.5733481645584106,0.0,15.754788398742676,7.743499755859375
35801,0,calendar_2014_test,329.1193542480469,337.0,0.4176502823829651,0.0,21.50417709350586,7.880645751953125
35802,0,calendar_2014_test,331.7051086425781,342.0,0.5485790371894836,0.0,16.6694278717041,10.294891357421875
35803,0,calendar_2014_test,336.43231201171875,342.0,0.5304110646247864,0.0,17.340309143066406,5.56768798828125
35804,0,calendar_2014_test,337.5169982910156,334.0,0.4501047730445862,0.0,20.30574607849121,3.516998291015625
35805,0,calendar_2014_test,326.0679626464844,337.0,0.44759172201156616,0.0,20.398542404174805,10.932037353515625
35806,0,calendar_2014_test,342.5404357910156,343.0,0.5321322679519653,0.0,17.276752471923828,0.459564208984375
35807,0,calendar_2014_test,342.3565368652344,350.0,0.5327368974685669,0.0,17.254425048828125,7.643463134765625
35808,0,calendar_2014_test,347.6319274902344,364.0,0.33619487285614014,0.0,24.512046813964844,16.368072509765625
35809,0,calendar_2014_test,365.1456604003906,373.0,0.5277953743934631,0.0,17.43689727783203,7.854339599609375
35810,0,calendar_2014_test,373.11676025390625,385.0,0.47578322887420654,0.0,19.357526779174805,11.88323974609375
35811,0,calendar_2014_test,395.4226379394531,398.0,0.43593335151672363,0.0,20.82904624938965,2.577362060546875
35812,0,calendar_2014_test,395.6343994140625,430.0,0.3580024838447571,0.0,23.70676612854004,34.3656005859375
35813,0,calendar_2014_test,422.2913513183594,442.0,0.470355749130249,0.0,19.557945251464844,19.708648681640625
35814,0,calendar_2014_test,435.5176086425781,443.0,0.3155480623245239,0.0,25.274463653564453,7.482391357421875
35815,0,calendar_2014_test,422.7997741699219,438.0,0.428555965423584,0.0,21.101469039916992,15.200225830078125
35816,0,calendar_2014_test,431.4367980957031,420.0,0.3109598159790039,0.0,25.443891525268555,11.436798095703125
35817,0,calendar_2014_test,400.0226745605469,454.0,0.3895864486694336,0.0,22.54047966003418,53.977325439453125
35818,0,calendar_2014_test,440.50714111328125,430.0,0.21762293577194214,0.0,28.8905029296875,10.50714111328125
35819,0,calendar_2014_test,411.1502685546875,396.0,0.3308788537979126,0.0,24.708349227905273,15.1502685546875
35820,0,calendar_2014_test,363.4761962890625,386.0,0.3016604781150818,0.0,25.78728485107422,22.5238037109375
35821,0,calendar_2014_test,381.7221984863281,375.0,0.40744102001190186,0.0,21.88117218017578,6.722198486328125
35822,0,calendar_2014_test,367.5047302246094,344.0,0.5004798173904419,0.0,18.445568084716797,23.504730224609375
35823,0,calendar_2014_test,326.1099548339844,348.0,0.5560286641120911,0.0,16.394338607788086,21.890045166015625
35824,0,calendar_2014_test,338.18170166015625,338.0,0.41295677423477173,0.0,21.677494049072266,0.18170166015625
35825,0,calendar_2014_test,330.8104248046875,319.0,0.4890780448913574,0.0,18.866596221923828,11.8104248046875
35826,0,calendar_2014_test,311.8536071777344,324.0,0.47923845052719116,0.0,19.229938507080078,12.146392822265625
35827,0,calendar_2014_test,331.95843505859375,323.0,0.5920423269271851,0.0,15.06447696685791,8.95843505859375
35828,0,calendar_2014_test,320.4314270019531,331.0,0.5139909982681274,0.0,17.946645736694336,10.568572998046875
35829,0,calendar_2014_test,335.0715026855469,332.0,0.46335500478744507,0.0,19.81645965576172,3.071502685546875
35830,0,calendar_2014_test,331.8645324707031,328.0,0.4168803095817566,0.0,21.532609939575195,3.864532470703125
35831,0,calendar_2014_test,321.53656005859375,310.0,0.5049380660057068,0.0,18.28093910217285,11.53656005859375
35832,0,calendar_2014_test,303.7301940917969,298.0,0.4699667692184448,0.0,19.572309494018555,5.730194091796875
35833,0,calendar_2014_test,290.17584228515625,267.0,0.42862653732299805,0.0,21.098861694335938,23.17584228515625
35834,0,calendar_2014_test,256.3340759277344,261.0,0.5843930244445801,0.0,15.346939086914062,4.665924072265625
35835,0,calendar_2014_test,256.4355773925781,243.0,0.6235290765762329,0.0,13.901779174804688,13.435577392578125
35836,0,calendar_2014_test,237.2635040283203,263.0,0.6439763307571411,0.0,13.146732330322266,25.736495971679688
35837,0,calendar_2014_test,270.6307373046875,302.0,0.5288422107696533,0.0,17.39824104309082,31.3692626953125
35838,0,calendar_2014_test,309.1241149902344,331.0,0.5288587808609009,0.0,17.397628784179688,21.875885009765625
35839,0,calendar_2014_test,329.03997802734375,330.0,0.47145384550094604,0.0,19.517396926879883,0.96002197265625
35840,0,calendar_2014_test,328.8333435058594,308.0,0.5772326588630676,0.0,15.611348152160645,20.833343505859375
35841,0,calendar_2014_test,297.31378173828125,322.0,0.49166470766067505,0.0,18.77107810974121,24.68621826171875
35842,0,calendar_2014_test,330.23583984375,328.0,0.5498310923576355,0.0,16.623193740844727,2.23583984375
35843,0,calendar_2014_test,334.07342529296875,303.0,0.48459362983703613,0.0,19.032190322875977,31.07342529296875
35844,0,calendar_2014_test,288.3479309082031,290.0,0.6346584558486938,0.0,13.49081039428711,1.652069091796875
35845,0,calendar_2014_test,288.7938537597656,317.0,0.48936182260513306,0.0,18.856117248535156,28.206146240234375
35846,0,calendar_2014_test,330.08685302734375,314.0,0.4500551223754883,0.0,20.307579040527344,16.08685302734375
35847,0,calendar_2014_test,315.1555480957031,269.0,0.5625671148300171,0.0,16.152894973754883,46.155548095703125
35848,0,calendar_2014_test,254.64617919921875,204.0,0.6117838621139526,0.0,14.335489273071289,50.64617919921875
35849,0,calendar_2014_test,193.33480834960938,217.0,0.7092177271842957,0.0,10.737591743469238,23.665191650390625
35850,0,calendar_2014_test,226.45803833007812,202.0,0.6946081519126892,0.0,11.277073860168457,24.458038330078125
35851,0,calendar_2014_test,198.59017944335938,196.0,0.6905165314674377,0.0,11.428163528442383,2.590179443359375
35852,0,calendar_2014_test,195.17926025390625,230.0,0.7002670764923096,0.0,11.068107604980469,34.82073974609375
35853,0,calendar_2014_test,234.38748168945312,256.0,0.6617047190666199,0.0,12.492084503173828,21.612518310546875
35854,0,calendar_2014_test,259.4079284667969,246.0,0.6135022640228271,0.0,14.272037506103516,13.407928466796875
35855,0,calendar_2014_test,238.6564178466797,243.0,0.6691601872444153,0.0,12.216779708862305,4.3435821533203125
35856,0,calendar_2014_test,243.04493713378906,237.0,0.6471883058547974,0.0,13.028124809265137,6.0449371337890625
35857,0,calendar_2014_test,236.96836853027344,233.0,0.5953426361083984,0.0,14.942607879638672,3.9683685302734375
35858,0,calendar_2014_test,228.39205932617188,239.0,0.625780463218689,0.0,13.818644523620605,10.607940673828125
35859,0,calendar_2014_test,238.63241577148438,253.0,0.6923433542251587,0.0,11.360706329345703,14.367584228515625
35860,0,calendar_2014_test,212.00634765625,108.0,0.6884087324142456,0.0,11.505996704101562,104.00634765625
35861,0,calendar_2014_test,74.35858917236328,21.0,0.8570436239242554,0.0,5.278889179229736,53.35858917236328
35862,0,calendar_2014_test,17.505481719970703,18.0,0.9015772342681885,0.0,3.6344149112701416,0.4945182800292969
35863,0,calendar_2014_test,15.411273956298828,5.0,0.8973508477210999,0.0,3.7904818058013916,10.411273956298828
35864,0,calendar_2014_test,8.758256912231445,6.0,0.9142528176307678,0.0,3.166349411010742,2.7582569122314453
35865,0,calendar_2014_test,7.6820831298828125,7.0,0.8985819220542908,0.0,3.7450215816497803,0.6820831298828125
35866,0,calendar_2014_test,7.868257999420166,8.0,0.929888904094696,0.0,2.5889618396759033,0.13174200057983398
35867,0,calendar_2014_test,7.5041069984436035,5.0,0.9276041388511658,0.0,2.6733312606811523,2.5041069984436035
35868,0,calendar_2014_test,6.461256504058838,7.0,0.9049419164657593,0.0,3.5101678371429443,0.5387434959411621
35869,0,calendar_2014_test,8.417984008789062,9.0,0.9204509854316711,0.0,2.937471389770508,0.5820159912109375
35870,0,calendar_2014_test,12.408829689025879,9.0,0.9261021018028259,0.0,2.7287960052490234,3.408829689025879
35871,0,calendar_2014_test,11.614644050598145,9.0,0.9048094749450684,0.0,3.515059471130371,2.6146440505981445
35872,0,calendar_2014_test,7.680278301239014,8.0,0.9355449080467224,0.0,2.380105972290039,0.31972169876098633
35873,0,calendar_2014_test,4.612913608551025,7.0,0.903877317905426,0.0,3.549480438232422,2.3870863914489746
35874,0,calendar_2014_test,9.845267295837402,4.0,0.906846284866333,0.0,3.439847469329834,5.845267295837402
35875,0,calendar_2014_test,7.27416467666626,3.0,0.9193648099899292,0.0,2.977581024169922,4.27416467666626
35876,0,calendar_2014_test,3.8340227603912354,4.0,0.8972501754760742,0.0,3.7941980361938477,0.16597723960876465
35877,0,calendar_2014_test,7.3980631828308105,6.0,0.9247918128967285,0.0,2.7771804332733154,1.3980631828308105
35878,0,calendar_2014_test,6.998342037200928,3.0,0.9266497492790222,0.0,2.7085723876953125,3.9983420372009277
35879,0,calendar_2014_test,8.30903148651123,5.0,0.9116908311843872,0.0,3.2609541416168213,3.3090314865112305
35880,0,calendar_2014_test,5.309574604034424,6.0,0.9030236005783081,0.0,3.5810067653656006,0.6904253959655762
35881,0,calendar_2014_test,7.195322513580322,6.0,0.9433472156524658,0.0,2.0919923782348633,1.1953225135803223
35882,0,calendar_2014_test,8.774935722351074,4.0,0.9376349449157715,0.0,2.302927255630493,4.774935722351074
35883,0,calendar_2014_test,6.080976963043213,7.0,0.9337149262428284,0.0,2.447681188583374,0.9190230369567871
35884,0,calendar_2014_test,9.651721954345703,6.0,0.9326119422912598,0.0,2.488410234451294,3.651721954345703
35885,0,calendar_2014_test,10.150876998901367,7.0,0.9209943413734436,0.0,2.9174087047576904,3.150876998901367
35886,0,calendar_2014_test,10.394683837890625,13.0,0.9232856035232544,0.0,2.8327999114990234,2.605316162109375
35887,0,calendar_2014_test,14.550827980041504,8.0,0.9547674655914307,0.0,1.670282006263733,6.550827980041504
35888,0,calendar_2014_test,12.04338264465332,10.0,0.9328513145446777,0.0,2.4795708656311035,2.0433826446533203
35889,0,calendar_2014_test,10.857134819030762,10.0,0.9267854690551758,0.0,2.7035610675811768,0.8571348190307617
35890,0,calendar_2014_test,12.609560012817383,7.0,0.9482953548431396,0.0,1.909274697303772,5.609560012817383
35891,0,calendar_2014_test,11.907074928283691,5.0,0.9198759198188782,0.0,2.9587080478668213,6.907074928283691
35892,0,calendar_2014_test,10.236224174499512,3.0,0.9312824606895447,0.0,2.5375030040740967,7.236224174499512
35893,0,calendar_2014_test,8.891271591186523,3.0,0.9376365542411804,0.0,2.302867889404297,5.891271591186523
35894,0,calendar_2014_test,8.737363815307617,7.0,0.93129962682724,0.0,2.5368692874908447,1.7373638153076172
35895,0,calendar_2014_test,9.96192455291748,9.0,0.9524648189544678,0.0,1.7553107738494873,0.9619245529174805
35896,0,calendar_2014_test,13.306747436523438,7.0,0.9438639283180237,0.0,2.0729124546051025,6.3067474365234375
35897,0,calendar_2014_test,13.032285690307617,5.0,0.9278674125671387,0.0,2.6636085510253906,8.032285690307617
35898,0,calendar_2014_test,8.85498332977295,5.0,0.9415110349655151,0.0,2.1597979068756104,3.854983329772949
35899,0,calendar_2014_test,6.383439540863037,7.0,0.9150782823562622,0.0,3.1358683109283447,0.6165604591369629
35900,0,calendar_2014_test,6.707486152648926,9.0,0.933350682258606,0.0,2.461129903793335,2.292513847351074
35901,0,calendar_2014_test,10.31103229522705,8.0,0.9431467056274414,0.0,2.099398136138916,2.311032295227051
35902,0,calendar_2014_test,9.806182861328125,9.0,0.9230729341506958,0.0,2.840653896331787,0.806182861328125
35903,0,calendar_2014_test,10.105643272399902,9.0,0.9417951703071594,0.0,2.1493048667907715,1.1056432723999023
35904,0,calendar_2014_test,14.351941108703613,8.0,0.9497559070587158,0.0,1.8553415536880493,6.351941108703613
35905,0,calendar_2014_test,14.024435997009277,10.0,0.9337049722671509,0.0,2.4480490684509277,4.024435997009277
35906,0,calendar_2014_test,16.772552490234375,10.0,0.9202651977539062,0.0,2.944333553314209,6.772552490234375
35907,0,calendar_2014_test,17.864463806152344,8.0,0.9359744787216187,0.0,2.364243507385254,9.864463806152344
35908,0,calendar_2014_test,18.303255081176758,13.0,0.9435855150222778,0.0,2.0831923484802246,5.303255081176758
35909,0,calendar_2014_test,23.88927459716797,24.0,0.9293045997619629,0.0,2.6105387210845947,0.11072540283203125
35910,0,calendar_2014_test,30.804567337036133,35.0,0.9137195348739624,0.0,3.186042070388794,4.195432662963867
35911,0,calendar_2014_test,41.91655349731445,35.0,0.899380624294281,0.0,3.7155284881591797,6.916553497314453
35912,0,calendar_2014_test,41.39937973022461,51.0,0.9066736698150635,0.0,3.4462215900421143,9.60062026977539
35913,0,calendar_2014_test,58.111656188964844,59.0,0.8934083580970764,0.0,3.9360647201538086,0.8883438110351562
35914,0,calendar_2014_test,64.56324768066406,61.0,0.8745049834251404,0.0,4.634099960327148,3.5632476806640625
35915,0,calendar_2014_test,64.31558227539062,47.0,0.8773928284645081,0.0,4.527462959289551,17.315582275390625
35916,0,calendar_2014_test,49.37764358520508,42.0,0.8940897583961487,0.0,3.9109013080596924,7.377643585205078
35917,0,calendar_2014_test,42.06937789916992,45.0,0.9079141616821289,0.0,3.40041446685791,2.930622100830078
35918,0,calendar_2014_test,44.162864685058594,47.0,0.9232085347175598,0.0,2.8356456756591797,2.8371353149414062
35919,0,calendar_2014_test,46.15742492675781,33.0,0.9023858308792114,0.0,3.60455584526062,13.157424926757812
35920,0,calendar_2014_test,34.391597747802734,20.0,0.9252877235412598,0.0,2.758867025375366,14.391597747802734
35921,0,calendar_2014_test,23.623775482177734,25.0,0.9125176072120667,0.0,3.230424165725708,1.3762245178222656
35922,0,calendar_2014_test,23.63627052307129,22.0,0.925570011138916,0.0,2.748443603515625,1.636270523071289
35923,0,calendar_2014_test,20.910123825073242,17.0,0.9375759959220886,0.0,2.3051035404205322,3.910123825073242
35924,0,calendar_2014_test,19.839391708374023,26.0,0.9442325830459595,0.0,2.059298515319824,6.160608291625977
35925,0,calendar_2014_test,29.09634017944336,28.0,0.9180811643600464,0.0,3.0249814987182617,1.0963401794433594
35926,0,calendar_2014_test,29.485849380493164,31.0,0.9169038534164429,0.0,3.068455934524536,1.514150619506836
35927,0,calendar_2014_test,33.0335693359375,46.0,0.8944175243377686,0.0,3.898798704147339,12.9664306640625
35928,0,calendar_2014_test,49.6543083190918,49.0,0.8996177911758423,0.0,3.7067699432373047,0.6543083190917969
35929,0,calendar_2014_test,49.1083984375,37.0,0.8928030133247375,0.0,3.958416700363159,12.1083984375
35930,0,calendar_2014_test,36.58649826049805,31.0,0.9236239194869995,0.0,2.820307731628418,5.586498260498047
35931,0,calendar_2014_test,34.772708892822266,31.0,0.8842571973800659,0.0,4.273983955383301,3.7727088928222656
35932,0,calendar_2014_test,35.15555953979492,54.0,0.9007209539413452,0.0,3.6660351753234863,18.844440460205078
35933,0,calendar_2014_test,59.808223724365234,67.0,0.8935799598693848,0.0,3.929727077484131,7.191776275634766
35934,0,calendar_2014_test,69.68446350097656,75.0,0.8575538396835327,0.0,5.260047435760498,5.3155364990234375
35935,0,calendar_2014_test,77.0942611694336,88.0,0.8790610432624817,0.0,4.465860843658447,10.905738830566406
35936,0,calendar_2014_test,93.81598663330078,114.0,0.8846926093101501,0.0,4.257906913757324,20.18401336669922
35937,0,calendar_2014_test,121.00428009033203,128.0,0.7995675206184387,0.0,7.401284694671631,6.995719909667969
35938,0,calendar_2014_test,130.9753875732422,141.0,0.8027017116546631,0.0,7.285550117492676,10.024612426757812
35939,0,calendar_2014_test,141.11404418945312,149.0,0.8024604916572571,0.0,7.29445743560791,7.885955810546875
35940,0,calendar_2014_test,148.31370544433594,149.0,0.7701871395111084,0.0,8.486200332641602,0.6862945556640625
35941,0,calendar_2014_test,143.6362762451172,125.0,0.7609383463859558,0.0,8.827727317810059,18.636276245117188
35942,0,calendar_2014_test,118.55726623535156,92.0,0.8448513746261597,0.0,5.729106903076172,26.557266235351562
35943,0,calendar_2014_test,84.7266616821289,110.0,0.8266963958740234,0.0,6.399507999420166,25.273338317871094
35944,0,calendar_2014_test,114.83716583251953,89.0,0.8578563928604126,0.0,5.248877048492432,25.83716583251953
35945,0,calendar_2014_test,82.0528793334961,84.0,0.8695336580276489,0.0,4.817674160003662,1.9471206665039062
35946,0,calendar_2014_test,84.07987976074219,95.0,0.8573116660118103,0.0,5.268990993499756,10.920120239257812
35947,0,calendar_2014_test,93.44779205322266,62.0,0.8424827456474304,0.0,5.816571235656738,31.447792053222656
35948,0,calendar_2014_test,46.93046188354492,23.0,0.8972920179367065,0.0,3.792654514312744,23.930461883544922
35949,0,calendar_2014_test,19.984712600708008,11.0,0.9251757264137268,0.0,2.7630035877227783,8.984712600708008
35950,0,calendar_2014_test,13.06408405303955,13.0,0.9258551001548767,0.0,2.7379162311553955,0.06408405303955078
35951,0,calendar_2014_test,12.894521713256836,9.0,0.9209259748458862,0.0,2.9199330806732178,3.894521713256836
35952,0,calendar_2014_test,9.750432968139648,12.0,0.9300187230110168,0.0,2.584167957305908,2.2495670318603516
35953,0,calendar_2014_test,9.964743614196777,9.0,0.9189181923866272,0.0,2.9940733909606934,0.9647436141967773
35954,0,calendar_2014_test,10.284924507141113,8.0,0.9140042662620544,0.0,3.1755282878875732,2.2849245071411133
35955,0,calendar_2014_test,11.898470878601074,9.0,0.9264827966690063,0.0,2.7147393226623535,2.898470878601074
35956,0,calendar_2014_test,12.68713665008545,8.0,0.9195660352706909,0.0,2.9701497554779053,4.687136650085449
35957,0,calendar_2014_test,10.341914176940918,7.0,0.9385964274406433,0.0,2.2674238681793213,3.341914176940918
35958,0,calendar_2014_test,12.876119613647461,16.0,0.9348657131195068,0.0,2.405186176300049,3.123880386352539
35959,0,calendar_2014_test,15.755971908569336,20.0,0.9397966861724854,0.0,2.223101854324341,4.244028091430664
35960,0,calendar_2014_test,20.61713981628418,17.0,0.906076192855835,0.0,3.468283176422119,3.6171398162841797
35961,0,calendar_2014_test,23.270360946655273,20.0,0.9067848324775696,0.0,3.4421164989471436,3.2703609466552734
35962,0,calendar_2014_test,26.444162368774414,40.0,0.9201486706733704,0.0,2.948636293411255,13.555837631225586
35963,0,calendar_2014_test,45.2298698425293,27.0,0.9161210656166077,0.0,3.0973620414733887,18.229869842529297
35964,0,calendar_2014_test,31.847070693969727,27.0,0.9145204424858093,0.0,3.156466484069824,4.847070693969727
35965,0,calendar_2014_test,31.830242156982422,29.0,0.9031083583831787,0.0,3.5778748989105225,2.830242156982422
35966,0,calendar_2014_test,33.65397262573242,31.0,0.9276430606842041,0.0,2.6718926429748535,2.653972625732422
35967,0,calendar_2014_test,34.169517517089844,37.0,0.9271242618560791,0.0,2.6910512447357178,2.8304824829101562
35968,0,calendar_2014_test,38.98881912231445,36.0,0.9137272834777832,0.0,3.185756206512451,2.988819122314453
35969,0,calendar_2014_test,38.55269241333008,43.0,0.9008926153182983,0.0,3.659695863723755,4.447307586669922
35970,0,calendar_2014_test,44.46385955810547,44.0,0.9081858396530151,0.0,3.390381097793579,0.46385955810546875
35971,0,calendar_2014_test,43.78989791870117,44.0,0.8959026336669922,0.0,3.8439581394195557,0.21010208129882812
35972,0,calendar_2014_test,42.89387893676758,25.0,0.9023711681365967,0.0,3.605098009109497,17.893878936767578
35973,0,calendar_2014_test,23.14705467224121,17.0,0.916930079460144,0.0,3.0674874782562256,6.147054672241211
35974,0,calendar_2014_test,20.998830795288086,17.0,0.9291967749595642,0.0,2.61452054977417,3.998830795288086
35975,0,calendar_2014_test,20.54019546508789,27.0,0.9424245357513428,0.0,2.126063823699951,6.459804534912109
35976,0,calendar_2014_test,28.207311630249023,29.0,0.9202917218208313,0.0,2.9433529376983643,0.7926883697509766
35977,0,calendar_2014_test,29.446453094482422,29.0,0.9222919940948486,0.0,2.8694913387298584,0.4464530944824219
35978,0,calendar_2014_test,30.59708023071289,36.0,0.9351311326026917,0.0,2.3953847885131836,5.402919769287109
35979,0,calendar_2014_test,36.9422607421875,59.0,0.9084632992744446,0.0,3.3801372051239014,22.0577392578125
35980,0,calendar_2014_test,64.94172668457031,59.0,0.8833739757537842,0.0,4.306599140167236,5.9417266845703125
35981,0,calendar_2014_test,60.13750076293945,57.0,0.8841535449028015,0.0,4.2778120040893555,3.137500762939453
35982,0,calendar_2014_test,58.83640670776367,55.0,0.8767855763435364,0.0,4.549886226654053,3.836406707763672
35983,0,calendar_2014_test,57.08986282348633,60.0,0.9046881198883057,0.0,3.519540786743164,2.910137176513672
35984,0,calendar_2014_test,66.90823364257812,70.0,0.8794922232627869,0.0,4.449939250946045,3.091766357421875
35985,0,calendar_2014_test,77.49307250976562,80.0,0.8935559988021851,0.0,3.930612564086914,2.506927490234375
35986,0,calendar_2014_test,85.66974639892578,85.0,0.7906228303909302,0.0,7.731581687927246,0.6697463989257812
35987,0,calendar_2014_test,89.05866241455078,88.0,0.8698680400848389,0.0,4.805327892303467,1.0586624145507812
35988,0,calendar_2014_test,90.17098999023438,91.0,0.853409469127655,0.0,5.4130859375,0.829010009765625
35989,0,calendar_2014_test,92.5848388671875,98.0,0.8481356501579285,0.0,5.607829570770264,5.4151611328125
35990,0,calendar_2014_test,100.14152526855469,103.0,0.8735357522964478,0.0,4.669890880584717,2.8584747314453125
35991,0,calendar_2014_test,101.22294616699219,101.0,0.8367105722427368,0.0,6.029718399047852,0.2229461669921875
35992,0,calendar_2014_test,94.6512222290039,98.0,0.8108992576599121,0.0,6.9828410148620605,3.3487777709960938
35993,0,calendar_2014_test,96.06864166259766,99.0,0.7923283576965332,0.0,7.66860294342041,2.9313583374023438
35994,0,calendar_2014_test,99.66783142089844,95.0,0.8040220141410828,0.0,7.236794471740723,4.6678314208984375
35995,0,calendar_2014_test,85.10995483398438,76.0,0.8574594259262085,0.0,5.263535499572754,9.109954833984375
35996,0,calendar_2014_test,67.02182006835938,80.0,0.8869764804840088,0.0,4.17357063293457,12.978179931640625
35997,0,calendar_2014_test,76.8615951538086,87.0,0.8713585138320923,0.0,4.750288009643555,10.138404846191406
35998,0,calendar_2014_test,88.33735656738281,87.0,0.8708245754241943,0.0,4.770005226135254,1.3373565673828125
35999,0,calendar_2014_test,86.59660339355469,82.0,0.868187427520752,0.0,4.867387294769287,4.5966033935546875
36000,0,calendar_2014_test,80.00971984863281,105.0,0.8577367067337036,0.0,5.253294467926025,24.990280151367188
36001,0,calendar_2014_test,110.57008361816406,116.0,0.8402155041694641,0.0,5.900292873382568,5.4299163818359375
36002,0,calendar_2014_test,116.30904388427734,103.0,0.7930138111114502,0.0,7.643289089202881,13.309043884277344
36003,0,calendar_2014_test,99.20411682128906,109.0,0.8326965570449829,0.0,6.177943229675293,9.795883178710938
36004,0,calendar_2014_test,113.18911743164062,118.0,0.8588560819625854,0.0,5.211960792541504,4.810882568359375
36005,0,calendar_2014_test,124.04884338378906,127.0,0.8024905920028687,0.0,7.293344497680664,2.9511566162109375
36006,0,calendar_2014_test,133.58709716796875,144.0,0.8074233531951904,0.0,7.111195087432861,10.41290283203125
36007,0,calendar_2014_test,151.93528747558594,189.0,0.7062021493911743,0.0,10.848947525024414,37.06471252441406
36008,0,calendar_2014_test,193.92230224609375,190.0,0.710093080997467,0.0,10.705267906188965,3.92230224609375
36009,0,calendar_2014_test,192.8914031982422,225.0,0.7329040765762329,0.0,9.862935066223145,32.10859680175781
36010,0,calendar_2014_test,230.80325317382812,211.0,0.6615846753120422,0.0,12.496517181396484,19.803253173828125
36011,0,calendar_2014_test,196.6549530029297,197.0,0.6785181760787964,0.0,11.871222496032715,0.3450469970703125
36012,0,calendar_2014_test,188.94308471679688,200.0,0.7792961001396179,0.0,8.1498384475708,11.056915283203125
36013,0,calendar_2014_test,199.5127716064453,197.0,0.7046533823013306,0.0,10.90613842010498,2.5127716064453125
36014,0,calendar_2014_test,188.95970153808594,193.0,0.7169236540794373,0.0,10.453039169311523,4.0402984619140625
36015,0,calendar_2014_test,191.09608459472656,180.0,0.7829788327217102,0.0,8.013847351074219,11.096084594726562
36016,0,calendar_2014_test,168.73226928710938,117.0,0.7511074542999268,0.0,9.190747261047363,51.732269287109375
36017,0,calendar_2014_test,95.53382873535156,110.0,0.8568851351737976,0.0,5.284740447998047,14.466171264648438
36018,0,calendar_2014_test,103.34928894042969,111.0,0.8235402703285217,0.0,6.516053199768066,7.6507110595703125
36019,0,calendar_2014_test,106.10625457763672,94.0,0.7915627360343933,0.0,7.696873188018799,12.106254577636719
36020,0,calendar_2014_test,92.36074829101562,112.0,0.8570475578308105,0.0,5.27874231338501,19.639251708984375
36021,0,calendar_2014_test,116.51113891601562,110.0,0.8067640662193298,0.0,7.13554048538208,6.511138916015625
36022,0,calendar_2014_test,109.0768814086914,155.0,0.8178012371063232,0.0,6.727976322174072,45.923118591308594
36023,0,calendar_2014_test,160.037841796875,186.0,0.7766367197036743,0.0,8.248039245605469,25.962158203125
36024,0,calendar_2014_test,190.42372131347656,194.0,0.6962751746177673,0.0,11.215516090393066,3.5762786865234375
36025,0,calendar_2014_test,195.91946411132812,210.0,0.712782621383667,0.0,10.605952262878418,14.080535888671875
36026,0,calendar_2014_test,214.78135681152344,215.0,0.6507138013839722,0.0,12.897941589355469,0.2186431884765625
36027,0,calendar_2014_test,218.31800842285156,230.0,0.7239624857902527,0.0,10.193119049072266,11.681991577148438
36028,0,calendar_2014_test,242.490966796875,239.0,0.6494279503822327,0.0,12.945423126220703,3.490966796875
36029,0,calendar_2014_test,246.84967041015625,272.0,0.5354084968566895,0.0,17.155771255493164,25.15032958984375
36030,0,calendar_2014_test,278.7895202636719,296.0,0.5775764584541321,0.0,15.598652839660645,17.210479736328125
36031,0,calendar_2014_test,303.22216796875,315.0,0.503321647644043,0.0,18.340627670288086,11.77783203125
36032,0,calendar_2014_test,312.1256408691406,357.0,0.4384204149246216,0.0,20.737207412719727,44.874359130859375
36033,0,calendar_2014_test,357.8464050292969,382.0,0.2375597357749939,0.0,28.15430450439453,24.153594970703125
36034,0,calendar_2014_test,379.5893859863281,406.0,0.42413270473480225,0.0,21.26480484008789,26.410614013671875
36035,0,calendar_2014_test,389.9583435058594,405.0,0.19993197917938232,0.0,29.54376792907715,15.041656494140625
36036,0,calendar_2014_test,381.275390625,389.0,0.37996500730514526,0.0,22.89576530456543,7.724609375
36037,0,calendar_2014_test,366.0096130371094,397.0,0.47587722539901733,0.0,19.35405731201172,30.990386962890625
36038,0,calendar_2014_test,383.5572509765625,413.0,0.40617692470550537,0.0,21.92784881591797,29.4427490234375
36039,0,calendar_2014_test,402.7911376953125,373.0,0.41083765029907227,0.0,21.75574493408203,29.7911376953125
36040,0,calendar_2014_test,341.5604553222656,362.0,0.47055232524871826,0.0,19.550687789916992,20.439544677734375
36041,0,calendar_2014_test,339.49798583984375,356.0,0.42206114530563354,0.0,21.34130096435547,16.50201416015625
36042,0,calendar_2014_test,342.38677978515625,344.0,0.45260167121887207,0.0,20.213542938232422,1.61322021484375
36043,0,calendar_2014_test,333.8041076660156,352.0,0.3590490221977234,0.0,23.668121337890625,18.195892333984375
36044,0,calendar_2014_test,347.8047790527344,357.0,0.44946759939193726,0.0,20.329273223876953,9.195220947265625
36045,0,calendar_2014_test,352.59747314453125,353.0,0.5154001712799072,0.0,17.894611358642578,0.40252685546875
36046,0,calendar_2014_test,335.17779541015625,292.0,0.3491173982620239,0.0,24.034862518310547,43.17779541015625
36047,0,calendar_2014_test,263.5001220703125,213.0,0.6412949562072754,0.0,13.245748519897461,50.5001220703125
36048,0,calendar_2014_test,192.2461395263672,210.0,0.7013401389122009,0.0,11.028484344482422,17.753860473632812
36049,0,calendar_2014_test,212.43788146972656,183.0,0.6975572109222412,0.0,11.168173789978027,29.437881469726562
36050,0,calendar_2014_test,173.72219848632812,161.0,0.7043360471725464,0.0,10.917856216430664,12.722198486328125
36051,0,calendar_2014_test,154.94314575195312,153.0,0.787235677242279,0.0,7.856657028198242,1.943145751953125
36052,0,calendar_2014_test,155.57357788085938,169.0,0.8070676922798157,0.0,7.12432861328125,13.426422119140625
36053,0,calendar_2014_test,181.09645080566406,196.0,0.7841512560844421,0.0,7.970553398132324,14.903549194335938
36054,0,calendar_2014_test,208.62672424316406,200.0,0.673157811164856,0.0,12.069160461425781,8.626724243164062
36055,0,calendar_2014_test,209.0612030029297,197.0,0.7599760293960571,0.0,8.863262176513672,12.061203002929688
36056,0,calendar_2014_test,201.7275848388672,178.0,0.7035351991653442,0.0,10.947427749633789,23.727584838867188
36057,0,calendar_2014_test,175.0896453857422,161.0,0.7943121790885925,0.0,7.595346450805664,14.089645385742188
36058,0,calendar_2014_test,156.34059143066406,161.0,0.7702574729919434,0.0,8.483602523803711,4.6594085693359375
36059,0,calendar_2014_test,157.58770751953125,166.0,0.7737190127372742,0.0,8.355780601501465,8.41229248046875
36060,0,calendar_2014_test,169.54425048828125,171.0,0.7544986009597778,0.0,9.065526008605957,1.45574951171875
36061,0,calendar_2014_test,173.61767578125,177.0,0.7988933324813843,0.0,7.426178932189941,3.38232421875
36062,0,calendar_2014_test,179.9058074951172,177.0,0.7664597630500793,0.0,8.623839378356934,2.9058074951171875
36063,0,calendar_2014_test,177.91949462890625,189.0,0.7813366055488586,0.0,8.074488639831543,11.08050537109375
36064,0,calendar_2014_test,196.3429412841797,187.0,0.7181756496429443,0.0,10.406805992126465,9.342941284179688
36065,0,calendar_2014_test,192.9835968017578,192.0,0.715713620185852,0.0,10.497722625732422,0.9835968017578125
36066,0,calendar_2014_test,194.58424377441406,203.0,0.7760900855064392,0.0,8.268224716186523,8.415756225585938
36067,0,calendar_2014_test,207.96078491210938,234.0,0.6687194108963013,0.0,12.233057022094727,26.039215087890625
36068,0,calendar_2014_test,224.4447479248047,261.0,0.7204114198684692,0.0,10.324246406555176,36.55525207519531
36069,0,calendar_2014_test,257.33905029296875,265.0,0.5492919683456421,0.0,16.643102645874023,7.66094970703125
36070,0,calendar_2014_test,262.8636169433594,268.0,0.5884262919425964,0.0,15.198005676269531,5.136383056640625
36071,0,calendar_2014_test,272.0815124511719,285.0,0.5890600085258484,0.0,15.174604415893555,12.918487548828125
36072,0,calendar_2014_test,280.27349853515625,264.0,0.4429517388343811,0.0,20.569881439208984,16.27349853515625
36073,0,calendar_2014_test,248.86904907226562,253.0,0.6939094066619873,0.0,11.302874565124512,4.130950927734375
36074,0,calendar_2014_test,30.996116638183594,41.0,0.9117425084114075,0.0,3.2590465545654297,10.003883361816406
36075,0,calendar_2014_test,47.39641189575195,38.0,0.899803638458252,0.0,3.699906826019287,9.396411895751953
36076,0,calendar_2014_test,42.80935287475586,51.0,0.8903548717498779,0.0,4.048818588256836,8.19064712524414
36077,0,calendar_2014_test,57.0802116394043,67.0,0.9194504618644714,0.0,2.9744184017181396,9.919788360595703
36078,0,calendar_2014_test,75.6233901977539,84.0,0.8835130333900452,0.0,4.301464557647705,8.376609802246094
36079,0,calendar_2014_test,88.80859375,91.0,0.8408836126327515,0.0,5.875622749328613,2.19140625
36080,0,calendar_2014_test,94.3330307006836,97.0,0.841065526008606,0.0,5.8689045906066895,2.6669692993164062
36081,0,calendar_2014_test,102.27730560302734,60.0,0.8681983947753906,0.0,4.866982460021973,42.277305603027344
36082,0,calendar_2014_test,55.76233673095703,50.0,0.8942800164222717,0.0,3.903876304626465,5.762336730957031
36083,0,calendar_2014_test,51.464332580566406,47.0,0.9106123447418213,0.0,3.3007795810699463,4.464332580566406
36084,0,calendar_2014_test,48.48826217651367,52.0,0.9074391722679138,0.0,3.4179537296295166,3.511737823486328
36085,0,calendar_2014_test,55.09072494506836,73.0,0.8652006387710571,0.0,4.977676868438721,17.90927505493164
36086,0,calendar_2014_test,76.84821319580078,111.0,0.8885427713394165,0.0,4.115734100341797,34.15178680419922
36087,0,calendar_2014_test,116.77293395996094,104.0,0.8323201537132263,0.0,6.191841125488281,12.772933959960938
36088,0,calendar_2014_test,104.99327087402344,90.0,0.8372848033905029,0.0,6.008513927459717,14.993270874023438
36089,0,calendar_2014_test,86.95952606201172,84.0,0.8725591897964478,0.0,4.705953121185303,2.9595260620117188
36090,0,calendar_2014_test,82.06099700927734,79.0,0.8413058519363403,0.0,5.860029697418213,3.0609970092773438
36091,0,calendar_2014_test,80.20366668701172,83.0,0.8870017528533936,0.0,4.172638893127441,2.7963333129882812
36092,0,calendar_2014_test,85.083740234375,92.0,0.8437554240226746,0.0,5.769576072692871,6.916259765625
36093,0,calendar_2014_test,96.50602722167969,104.0,0.8325718641281128,0.0,6.182547569274902,7.4939727783203125
36094,0,calendar_2014_test,107.73283386230469,100.0,0.8391118049621582,0.0,5.941050052642822,7.7328338623046875
36095,0,calendar_2014_test,99.22119903564453,101.0,0.8413030505180359,0.0,5.860134124755859,1.7788009643554688
36096,0,calendar_2014_test,100.91846466064453,86.0,0.8297216892242432,0.0,6.287794589996338,14.918464660644531
36097,0,calendar_2014_test,85.61544799804688,85.0,0.8483428359031677,0.0,5.600178241729736,0.615447998046875
36098,0,calendar_2014_test,85.91188049316406,83.0,0.8485039472579956,0.0,5.594229698181152,2.9118804931640625
36099,0,calendar_2014_test,83.03117370605469,97.0,0.88930344581604,0.0,4.087644577026367,13.968826293945312
36100,0,calendar_2014_test,105.01451873779297,117.0,0.814955472946167,0.0,6.833060264587402,11.985481262207031
36101,0,calendar_2014_test,124.43000030517578,124.0,0.7901020646095276,0.0,7.7508111000061035,0.43000030517578125
36102,0,calendar_2014_test,129.55078125,127.0,0.803182065486908,0.0,7.2678117752075195,2.55078125
36103,0,calendar_2014_test,127.86988067626953,132.0,0.7795541882514954,0.0,8.140307426452637,4.130119323730469
36104,0,calendar_2014_test,134.7156982421875,130.0,0.7915369272232056,0.0,7.697827339172363,4.7156982421875
36105,0,calendar_2014_test,133.4108428955078,126.0,0.8239998817443848,0.0,6.499079704284668,7.4108428955078125
36106,0,calendar_2014_test,126.73457336425781,119.0,0.7999702095985413,0.0,7.386415004730225,7.7345733642578125
36107,0,calendar_2014_test,117.54611206054688,108.0,0.7948445677757263,0.0,7.575686931610107,9.546112060546875
36108,0,calendar_2014_test,105.7944107055664,108.0,0.8218276500701904,0.0,6.579294681549072,2.2055892944335938
36109,0,calendar_2014_test,110.48404693603516,102.0,0.8144717216491699,0.0,6.850922107696533,8.484046936035156
36110,0,calendar_2014_test,98.10283660888672,110.0,0.8488501906394958,0.0,5.58144474029541,11.897163391113281
36111,0,calendar_2014_test,111.52864837646484,113.0,0.8648918271064758,0.0,4.989082336425781,1.4713516235351562
36112,0,calendar_2014_test,115.13504791259766,108.0,0.841147780418396,0.0,5.865866661071777,7.135047912597656
36113,0,calendar_2014_test,108.0270004272461,116.0,0.8168768882751465,0.0,6.762109279632568,7.972999572753906
36114,0,calendar_2014_test,114.39619445800781,130.0,0.8355610370635986,0.0,6.072168350219727,15.603805541992188
36115,0,calendar_2014_test,128.80111694335938,134.0,0.8201547861099243,0.0,6.641066074371338,5.198883056640625
36116,0,calendar_2014_test,137.5890350341797,136.0,0.8112141489982605,0.0,6.9712138175964355,1.5890350341796875
36117,0,calendar_2014_test,137.12977600097656,145.0,0.796836256980896,0.0,7.502139568328857,7.8702239990234375
36118,0,calendar_2014_test,148.57420349121094,149.0,0.746848464012146,0.0,9.348016738891602,0.4257965087890625
36119,0,calendar_2014_test,154.0967254638672,133.0,0.7930532097816467,0.0,7.6418352127075195,21.096725463867188
36120,0,calendar_2014_test,130.15980529785156,143.0,0.8254572153091431,0.0,6.445265293121338,12.840194702148438
36121,0,calendar_2014_test,150.5221405029297,149.0,0.7188072204589844,0.0,10.3834867477417,1.5221405029296875
36122,0,calendar_2014_test,151.49169921875,164.0,0.7703288793563843,0.0,8.48096752166748,12.50830078125
36123,0,calendar_2014_test,172.20521545410156,170.0,0.693594217300415,0.0,11.314513206481934,2.2052154541015625
36124,0,calendar_2014_test,172.4720001220703,174.0,0.7125829458236694,0.0,10.613327026367188,1.5279998779296875
36125,0,calendar_2014_test,172.4123992919922,191.0,0.7342900037765503,0.0,9.811758995056152,18.587600708007812
36126,0,calendar_2014_test,202.32310485839844,196.0,0.7539390325546265,0.0,9.086186408996582,6.3231048583984375
36127,0,calendar_2014_test,195.1877899169922,195.0,0.6835260987281799,0.0,11.686296463012695,0.1877899169921875
36128,0,calendar_2014_test,197.32293701171875,214.0,0.6906466484069824,0.0,11.423358917236328,16.67706298828125
36129,0,calendar_2014_test,221.9824981689453,227.0,0.7053970098495483,0.0,10.878679275512695,5.0175018310546875
36130,0,calendar_2014_test,229.29652404785156,217.0,0.6814589500427246,0.0,11.762628555297852,12.296524047851562
36131,0,calendar_2014_test,212.14614868164062,195.0,0.7124615907669067,0.0,10.617807388305664,17.146148681640625
36132,0,calendar_2014_test,183.09677124023438,183.0,0.721733808517456,0.0,10.27541732788086,0.096771240234375
36133,0,calendar_2014_test,173.2939453125,179.0,0.7426522970199585,0.0,9.502967834472656,5.7060546875
36134,0,calendar_2014_test,167.08836364746094,191.0,0.7632172703742981,0.0,8.743574142456055,23.911636352539062
36135,0,calendar_2014_test,188.3032684326172,178.0,0.7516735792160034,0.0,9.169842720031738,10.303268432617188
36136,0,calendar_2014_test,163.60826110839844,183.0,0.7698066234588623,0.0,8.500252723693848,19.391738891601562
36137,0,calendar_2014_test,179.94728088378906,185.0,0.7266583442687988,0.0,10.0935697555542,5.0527191162109375
36138,0,calendar_2014_test,178.1576690673828,192.0,0.7051049470901489,0.0,10.889463424682617,13.842330932617188
36139,0,calendar_2014_test,184.73802185058594,199.0,0.6917202472686768,0.0,11.38371467590332,14.261978149414062
36140,0,calendar_2014_test,193.25738525390625,231.0,0.6960936784744263,0.0,11.222217559814453,37.74261474609375
36141,0,calendar_2014_test,237.92193603515625,253.0,0.5857800841331482,0.0,15.295721054077148,15.07806396484375
36142,0,calendar_2014_test,256.80401611328125,281.0,0.5428282022476196,0.0,16.88178825378418,24.19598388671875
36143,0,calendar_2014_test,289.85589599609375,294.0,0.5546945333480835,0.0,16.443605422973633,4.14410400390625
36144,0,calendar_2014_test,298.16046142578125,317.0,0.4848790764808655,0.0,19.021650314331055,18.83953857421875
36145,0,calendar_2014_test,318.5692443847656,318.0,0.5105113983154297,0.0,18.075136184692383,0.569244384765625
36146,0,calendar_2014_test,308.0259704589844,323.0,0.47251105308532715,0.0,19.478357315063477,14.974029541015625
36147,0,calendar_2014_test,318.59600830078125,339.0,0.5459839105606079,0.0,16.7652587890625,20.40399169921875
36148,0,calendar_2014_test,342.8066101074219,341.0,0.36811375617980957,0.0,23.333393096923828,1.806610107421875
36149,0,calendar_2014_test,330.8079833984375,346.0,0.5396482944488525,0.0,16.999208450317383,15.1920166015625
36150,0,calendar_2014_test,341.6048583984375,356.0,0.42941606044769287,0.0,21.0697078704834,14.3951416015625
36151,0,calendar_2014_test,349.9544982910156,383.0,0.47827398777008057,0.0,19.265552520751953,33.045501708984375
36152,0,calendar_2014_test,373.5172119140625,363.0,0.4600820541381836,0.0,19.937318801879883,10.5172119140625
36153,0,calendar_2014_test,347.71807861328125,381.0,0.436312735080719,0.0,20.81503677368164,33.28192138671875
36154,0,calendar_2014_test,372.71624755859375,352.0,0.33140379190444946,0.0,24.68896484375,20.71624755859375
36155,0,calendar_2014_test,316.67852783203125,319.0,0.517662525177002,0.0,17.81106948852539,2.32147216796875
36156,0,calendar_2014_test,291.4229431152344,310.0,0.49981850385665894,0.0,18.469987869262695,18.577056884765625
36157,0,calendar_2014_test,291.7634582519531,331.0,0.5605267286300659,0.0,16.228240966796875,39.236541748046875
36158,0,calendar_2014_test,321.8396911621094,332.0,0.4560781717300415,0.0,20.085166931152344,10.160308837890625
36159,0,calendar_2014_test,320.0737609863281,315.0,0.569471001625061,0.0,15.897960662841797,5.073760986328125
36160,0,calendar_2014_test,293.7945861816406,312.0,0.5963569283485413,0.0,14.90515422821045,18.205413818359375
36161,0,calendar_2014_test,298.00164794921875,310.0,0.5793408751487732,0.0,15.533498764038086,11.99835205078125
36162,0,calendar_2014_test,296.8905334472656,324.0,0.4511526823043823,0.0,20.26704978942871,27.109466552734375
36163,0,calendar_2014_test,309.8746032714844,330.0,0.5407206416130066,0.0,16.959611892700195,20.125396728515625
36164,0,calendar_2014_test,333.1141052246094,324.0,0.6597690582275391,0.0,12.563560485839844,9.114105224609375
36165,0,calendar_2014_test,323.2706298828125,331.0,0.5813734531402588,0.0,15.458442687988281,7.7293701171875
36166,0,calendar_2014_test,330.19769287109375,346.0,0.5567921996116638,0.0,16.36614418029785,15.80230712890625
36167,0,calendar_2014_test,347.1683654785156,352.0,0.3400723934173584,0.0,24.368864059448242,4.831634521484375
36168,0,calendar_2014_test,354.26025390625,376.0,0.44144588708877563,0.0,20.62548828125,21.73974609375
36169,0,calendar_2014_test,376.38323974609375,402.0,0.298031210899353,0.0,25.921300888061523,25.61676025390625
36170,0,calendar_2014_test,389.95672607421875,423.0,0.30095964670181274,0.0,25.81316375732422,33.04327392578125
36171,0,calendar_2014_test,425.2633056640625,440.0,0.2912123203277588,0.0,26.173099517822266,14.7366943359375
36172,0,calendar_2014_test,433.2553405761719,449.0,0.26337504386901855,0.0,27.201034545898438,15.744659423828125
36173,0,calendar_2014_test,436.1317138671875,472.0,0.3226906657218933,0.0,25.010711669921875,35.8682861328125
36174,0,calendar_2014_test,455.11126708984375,453.0,0.17234867811203003,0.0,30.56232452392578,2.11126708984375
36175,0,calendar_2014_test,433.69036865234375,413.0,0.39126914739608765,0.0,22.478343963623047,20.69036865234375
36176,0,calendar_2014_test,397.64532470703125,396.0,0.3032469153404236,0.0,25.728702545166016,1.64532470703125
36177,0,calendar_2014_test,380.79559326171875,395.0,0.4605177044868469,0.0,19.921232223510742,14.20440673828125
36178,0,calendar_2014_test,375.6519775390625,379.0,0.44419509172439575,0.0,20.523969650268555,3.3480224609375
36179,0,calendar_2014_test,353.1261291503906,341.0,0.37863415479660034,0.0,22.944910049438477,12.126129150390625
36180,0,calendar_2014_test,290.6818542480469,312.0,0.5265029668807983,0.0,17.484621047973633,21.318145751953125
36181,0,calendar_2014_test,285.5479736328125,257.0,0.489413321018219,0.0,18.854215621948242,28.5479736328125
36182,0,calendar_2014_test,207.85533142089844,183.0,0.6353648900985718,0.0,13.464722633361816,24.855331420898438
36183,0,calendar_2014_test,150.54518127441406,39.0,0.7700690031051636,0.0,8.490562438964844,111.54518127441406
36184,0,calendar_2014_test,23.002920150756836,16.0,0.8787863850593567,0.0,4.476002216339111,7.002920150756836
36185,0,calendar_2014_test,16.964412689208984,14.0,0.9057660102844238,0.0,3.4797370433807373,2.9644126892089844
36186,0,calendar_2014_test,13.606741905212402,16.0,0.9282817244529724,0.0,2.648310899734497,2.3932580947875977
36187,0,calendar_2014_test,10.292168617248535,10.0,0.9179317951202393,0.0,3.0304970741271973,0.29216861724853516
36188,0,calendar_2014_test,10.100787162780762,10.0,0.9131696820259094,0.0,3.206345319747925,0.10078716278076172
36189,0,calendar_2014_test,11.0221586227417,9.0,0.9275556802749634,0.0,2.6751198768615723,2.022158622741699
36190,0,calendar_2014_test,11.12645435333252,7.0,0.9088457226753235,0.0,3.366014242172241,4.1264543533325195
36191,0,calendar_2014_test,9.398770332336426,9.0,0.9166380167007446,0.0,3.078272581100464,0.3987703323364258
36192,0,calendar_2014_test,13.170674324035645,9.0,0.9176011681556702,0.0,3.042705535888672,4.1706743240356445
36193,0,calendar_2014_test,10.329957962036133,10.0,0.9098622798919678,0.0,3.328477621078491,0.3299579620361328
36194,0,calendar_2014_test,12.737483978271484,8.0,0.9271540641784668,0.0,2.6899499893188477,4.737483978271484
36195,0,calendar_2014_test,11.054009437561035,9.0,0.9011994004249573,0.0,3.6483681201934814,2.054009437561035
36196,0,calendar_2014_test,10.785276412963867,17.0,0.9224240779876709,0.0,2.8646116256713867,6.214723587036133
36197,0,calendar_2014_test,16.07402992248535,15.0,0.9164304137229919,0.0,3.0859386920928955,1.0740299224853516
36198,0,calendar_2014_test,12.967472076416016,15.0,0.9364525079727173,0.0,2.3465919494628906,2.0325279235839844
36199,0,calendar_2014_test,14.957263946533203,12.0,0.9313574433326721,0.0,2.534733533859253,2.957263946533203
36200,0,calendar_2014_test,11.228255271911621,9.0,0.9149782061576843,0.0,3.1395633220672607,2.228255271911621
36201,0,calendar_2014_test,9.3330717086792,10.0,0.9177112579345703,0.0,3.038640022277832,0.6669282913208008
36202,0,calendar_2014_test,9.439984321594238,9.0,0.9312362670898438,0.0,2.5392098426818848,0.4399843215942383
36203,0,calendar_2014_test,9.909537315368652,12.0,0.9385344386100769,0.0,2.2697131633758545,2.0904626846313477
36204,0,calendar_2014_test,11.459932327270508,9.0,0.9499579668045044,0.0,1.847881555557251,2.459932327270508
36205,0,calendar_2014_test,10.813828468322754,13.0,0.9485518336296082,0.0,1.8998042345046997,2.186171531677246
36206,0,calendar_2014_test,16.889150619506836,14.0,0.9210431575775146,0.0,2.91560435295105,2.889150619506836
36207,0,calendar_2014_test,18.294954299926758,12.0,0.9296037554740906,0.0,2.5994911193847656,6.294954299926758
36208,0,calendar_2014_test,16.547378540039062,24.0,0.9208145141601562,0.0,2.9240472316741943,7.4526214599609375
36209,0,calendar_2014_test,21.710813522338867,23.0,0.9348048567771912,0.0,2.407433271408081,1.2891864776611328
36210,0,calendar_2014_test,20.668699264526367,31.0,0.9315794706344604,0.0,2.526535749435425,10.331300735473633
36211,0,calendar_2014_test,30.09674644470215,57.0,0.9258488416671753,0.0,2.7381491661071777,26.90325355529785
36212,0,calendar_2014_test,53.80630874633789,43.0,0.9150100350379944,0.0,3.1383888721466064,10.80630874633789
36213,0,calendar_2014_test,43.230464935302734,35.0,0.9218841195106506,0.0,2.884552478790283,8.230464935302734
36214,0,calendar_2014_test,35.16279983520508,31.0,0.9010124802589417,0.0,3.6552693843841553,4.162799835205078
36215,0,calendar_2014_test,32.72770690917969,30.0,0.9211338758468628,0.0,2.9122543334960938,2.7277069091796875
36216,0,calendar_2014_test,32.091129302978516,25.0,0.9079404473304749,0.0,3.399444103240967,7.091129302978516
36217,0,calendar_2014_test,28.652360916137695,33.0,0.9051318764686584,0.0,3.50315523147583,4.347639083862305
36218,0,calendar_2014_test,34.58754348754883,39.0,0.9193319082260132,0.0,2.978794813156128,4.412456512451172
36219,0,calendar_2014_test,41.00357437133789,40.0,0.8811054229736328,0.0,4.3903679847717285,1.0035743713378906
36220,0,calendar_2014_test,42.97553634643555,60.0,0.9171131253242493,0.0,3.06072735786438,17.024463653564453
36221,0,calendar_2014_test,64.49502563476562,68.0,0.8868582844734192,0.0,4.1779351234436035,3.504974365234375
36222,0,calendar_2014_test,69.93326568603516,57.0,0.9018275141716003,0.0,3.6251726150512695,12.933265686035156
36223,0,calendar_2014_test,57.8745231628418,51.0,0.8905507326126099,0.0,4.0415873527526855,6.874523162841797
36224,0,calendar_2014_test,53.32065963745117,26.0,0.8833650946617126,0.0,4.306926727294922,27.320659637451172
36225,0,calendar_2014_test,32.310829162597656,50.0,0.9140324592590332,0.0,3.1744861602783203,17.689170837402344
36226,0,calendar_2014_test,54.992431640625,42.0,0.8814677000045776,0.0,4.376992225646973,12.992431640625
36227,0,calendar_2014_test,42.67095947265625,43.0,0.919460117816925,0.0,2.974062442779541,0.32904052734375
36228,0,calendar_2014_test,48.06291198730469,74.0,0.903846800327301,0.0,3.550607681274414,25.937088012695312
36229,0,calendar_2014_test,80.49418640136719,87.0,0.8630639314651489,0.0,5.056580066680908,6.5058135986328125
36230,0,calendar_2014_test,93.07991027832031,78.0,0.8781797885894775,0.0,4.498403072357178,15.079910278320312
36231,0,calendar_2014_test,79.0753173828125,77.0,0.8855140209197998,0.0,4.227574348449707,2.0753173828125
36232,0,calendar_2014_test,78.56031799316406,91.0,0.8651232123374939,0.0,4.9805378913879395,12.439682006835938
36233,0,calendar_2014_test,97.66497039794922,99.0,0.8731420040130615,0.0,4.684431552886963,1.3350296020507812
36234,0,calendar_2014_test,98.51349639892578,92.0,0.8436527252197266,0.0,5.773367404937744,6.513496398925781
36235,0,calendar_2014_test,90.75617980957031,83.0,0.8454638719558716,0.0,5.706488609313965,7.7561798095703125
36236,0,calendar_2014_test,80.22454071044922,94.0,0.8781145215034485,0.0,4.5008134841918945,13.775459289550781
36237,0,calendar_2014_test,94.85685729980469,90.0,0.868930995464325,0.0,4.839929103851318,4.8568572998046875
36238,0,calendar_2014_test,87.8187484741211,68.0,0.869648814201355,0.0,4.8134236335754395,19.818748474121094
36239,0,calendar_2014_test,62.54488754272461,60.0,0.8887044787406921,0.0,4.109762668609619,2.5448875427246094
36240,0,calendar_2014_test,61.890357971191406,53.0,0.9075568914413452,0.0,3.4136064052581787,8.890357971191406
36241,0,calendar_2014_test,55.81330108642578,51.0,0.9024706482887268,0.0,3.6014246940612793,4.813301086425781
36242,0,calendar_2014_test,54.33788299560547,52.0,0.9049527049064636,0.0,3.509769916534424,2.3378829956054688
36243,0,calendar_2014_test,54.67568588256836,51.0,0.8939683437347412,0.0,3.9153850078582764,3.6756858825683594
36244,0,calendar_2014_test,52.81117248535156,47.0,0.917358934879303,0.0,3.051650285720825,5.8111724853515625
36245,0,calendar_2014_test,51.87859344482422,47.0,0.9060239195823669,0.0,3.47021484375,4.878593444824219
36246,0,calendar_2014_test,54.547977447509766,59.0,0.8786330223083496,0.0,4.481667518615723,4.452022552490234
36247,0,calendar_2014_test,66.10395812988281,59.0,0.8714731931686401,0.0,4.746053218841553,7.1039581298828125
36248,0,calendar_2014_test,65.51380157470703,74.0,0.8498240113258362,0.0,5.545483589172363,8.486198425292969
36249,0,calendar_2014_test,81.12582397460938,93.0,0.86581951379776,0.0,4.954824447631836,11.874176025390625
36250,0,calendar_2014_test,99.81370544433594,101.0,0.8363402485847473,0.0,6.043393135070801,1.1862945556640625
36251,0,calendar_2014_test,106.0657730102539,111.0,0.8538045287132263,0.0,5.398497581481934,4.934226989746094
36252,0,calendar_2014_test,113.33622741699219,139.0,0.8127288818359375,0.0,6.915280818939209,25.663772583007812
36253,0,calendar_2014_test,144.97259521484375,129.0,0.7912929058074951,0.0,7.706838130950928,15.97259521484375
36254,0,calendar_2014_test,123.9661636352539,127.0,0.872938334941864,0.0,4.691952228546143,3.0338363647460938
36255,0,calendar_2014_test,124.2479019165039,114.0,0.8501557111740112,0.0,5.533236980438232,10.247901916503906
36256,0,calendar_2014_test,104.94184875488281,98.0,0.8711278438568115,0.0,4.758808135986328,6.9418487548828125
36257,0,calendar_2014_test,87.38048553466797,102.0,0.8922830820083618,0.0,3.977616310119629,14.619514465332031
36258,0,calendar_2014_test,98.52682495117188,106.0,0.8531202077865601,0.0,5.423767566680908,7.473175048828125
36259,0,calendar_2014_test,96.99870300292969,111.0,0.8739493489265442,0.0,4.654618263244629,14.001296997070312
36260,0,calendar_2014_test,107.4538345336914,106.0,0.8734968304634094,0.0,4.671329021453857,1.4538345336914062
36261,0,calendar_2014_test,105.95368194580078,105.0,0.8469842076301575,0.0,5.650349140167236,0.9536819458007812
36262,0,calendar_2014_test,105.15129089355469,108.0,0.8427242040634155,0.0,5.807655334472656,2.8487091064453125
36263,0,calendar_2014_test,108.88011169433594,107.0,0.8152518272399902,0.0,6.822115421295166,1.8801116943359375
36264,0,calendar_2014_test,106.23344421386719,113.0,0.8537588119506836,0.0,5.400185585021973,6.7665557861328125
36265,0,calendar_2014_test,116.14854431152344,126.0,0.8471605777740479,0.0,5.643835067749023,9.851455688476562
36266,0,calendar_2014_test,132.91098022460938,141.0,0.7920917272567749,0.0,7.677339553833008,8.089019775390625
36267,0,calendar_2014_test,149.2249298095703,158.0,0.7526719570159912,0.0,9.132976531982422,8.775070190429688
36268,0,calendar_2014_test,167.7685089111328,170.0,0.7601648569107056,0.0,8.85628890991211,2.2314910888671875
36269,0,calendar_2014_test,179.2875518798828,176.0,0.750771164894104,0.0,9.203166961669922,3.2875518798828125
36270,0,calendar_2014_test,181.9878692626953,183.0,0.6749322414398193,0.0,12.003639221191406,1.0121307373046875
36271,0,calendar_2014_test,190.84933471679688,193.0,0.770342230796814,0.0,8.480474472045898,2.150665283203125
36272,0,calendar_2014_test,202.83961486816406,215.0,0.7065545320510864,0.0,10.83593463897705,12.160385131835938
36273,0,calendar_2014_test,221.6901092529297,215.0,0.7170727252960205,0.0,10.447534561157227,6.6901092529296875
36274,0,calendar_2014_test,220.49456787109375,210.0,0.572002112865448,0.0,15.80449390411377,10.49456787109375
36275,0,calendar_2014_test,209.41136169433594,214.0,0.7540208697319031,0.0,9.083166122436523,4.5886383056640625
36276,0,calendar_2014_test,215.12135314941406,214.0,0.659348726272583,0.0,12.579084396362305,1.1213531494140625
36277,0,calendar_2014_test,217.51412963867188,272.0,0.6774078607559204,0.0,11.912221908569336,54.485870361328125
36278,0,calendar_2014_test,266.7212829589844,198.0,0.5321354866027832,0.0,17.27663230895996,68.72128295898438
36279,0,calendar_2014_test,171.53640747070312,176.0,0.716193437576294,0.0,10.48000431060791,4.463592529296875
36280,0,calendar_2014_test,166.99349975585938,159.0,0.7379342317581177,0.0,9.677189826965332,7.993499755859375
36281,0,calendar_2014_test,152.00949096679688,158.0,0.7276512384414673,0.0,10.056904792785645,5.990509033203125
36282,0,calendar_2014_test,154.34642028808594,137.0,0.7677865624427795,0.0,8.574845314025879,17.346420288085938
36283,0,calendar_2014_test,127.49243927001953,156.0,0.8243114948272705,0.0,6.487574100494385,28.50756072998047
36284,0,calendar_2014_test,159.45277404785156,161.0,0.7500665783882141,0.0,9.2291841506958,1.5472259521484375
36285,0,calendar_2014_test,162.8015899658203,163.0,0.8003898859024048,0.0,7.37091588973999,0.1984100341796875
36286,0,calendar_2014_test,167.1442108154297,178.0,0.7813776135444641,0.0,8.072975158691406,10.855789184570312
36287,0,calendar_2014_test,183.2696075439453,180.0,0.7299245595932007,0.0,9.97296142578125,3.2696075439453125
36288,0,calendar_2014_test,182.9258575439453,179.0,0.6568037867546082,0.0,12.673059463500977,3.9258575439453125
36289,0,calendar_2014_test,181.465087890625,182.0,0.7314598560333252,0.0,9.916265487670898,0.534912109375
36290,0,calendar_2014_test,187.83297729492188,192.0,0.7121840715408325,0.0,10.62805461883545,4.167022705078125
36291,0,calendar_2014_test,203.71307373046875,199.0,0.6222900152206421,0.0,13.94753360748291,4.71307373046875
36292,0,calendar_2014_test,206.22035217285156,208.0,0.6277289390563965,0.0,13.74669361114502,1.7796478271484375
36293,0,calendar_2014_test,215.71400451660156,212.0,0.6946589946746826,0.0,11.27519702911377,3.7140045166015625
36294,0,calendar_2014_test,213.501708984375,193.0,0.6961116790771484,0.0,11.22155475616455,20.501708984375
36295,0,calendar_2014_test,187.075439453125,205.0,0.666101336479187,0.0,12.329732894897461,17.924560546875
36296,0,calendar_2014_test,211.59934997558594,206.0,0.6814415454864502,0.0,11.76327133178711,5.5993499755859375
36297,0,calendar_2014_test,209.8662872314453,212.0,0.6428239345550537,0.0,13.189286231994629,2.1337127685546875
36298,0,calendar_2014_test,211.25856018066406,216.0,0.6078468561172485,0.0,14.48087215423584,4.7414398193359375
36299,0,calendar_2014_test,215.60977172851562,232.0,0.6499066352844238,0.0,12.927745819091797,16.390228271484375
36300,0,calendar_2014_test,239.24896240234375,223.0,0.6024296283721924,0.0,14.680910110473633,16.24896240234375
36301,0,calendar_2014_test,216.12974548339844,229.0,0.7077664732933044,0.0,10.791182518005371,12.870254516601562
36302,0,calendar_2014_test,232.282958984375,206.0,0.603954017162323,0.0,14.62462043762207,26.282958984375
36303,0,calendar_2014_test,192.44168090820312,194.0,0.7540092468261719,0.0,9.083595275878906,1.558319091796875
36304,0,calendar_2014_test,189.6177215576172,211.0,0.7740349173545837,0.0,8.3441162109375,21.382278442382812
36305,0,calendar_2014_test,222.71514892578125,225.0,0.6815928220748901,0.0,11.757683753967285,2.28485107421875
36306,0,calendar_2014_test,232.43283081054688,169.0,0.7087581753730774,0.0,10.754562377929688,63.432830810546875
36307,0,calendar_2014_test,151.44996643066406,144.0,0.7241075038909912,0.0,10.187763214111328,7.4499664306640625
36308,0,calendar_2014_test,136.2073211669922,150.0,0.7830430269241333,0.0,8.011476516723633,13.792678833007812
36309,0,calendar_2014_test,155.5415496826172,144.0,0.7637094259262085,0.0,8.7253999710083,11.541549682617188
36310,0,calendar_2014_test,142.8906707763672,143.0,0.8164705038070679,0.0,6.7771148681640625,0.1093292236328125
36311,0,calendar_2014_test,141.34210205078125,143.0,0.7832163572311401,0.0,8.00507640838623,1.65789794921875
36312,0,calendar_2014_test,141.24920654296875,145.0,0.7721366286277771,0.0,8.414212226867676,3.75079345703125
36313,0,calendar_2014_test,148.62985229492188,152.0,0.7787103652954102,0.0,8.171468734741211,3.370147705078125
36314,0,calendar_2014_test,156.28933715820312,165.0,0.7908198833465576,0.0,7.724305629730225,8.710662841796875
36315,0,calendar_2014_test,169.5560760498047,176.0,0.7648515105247498,0.0,8.6832275390625,6.4439239501953125
36316,0,calendar_2014_test,182.0838165283203,209.0,0.6926652193069458,0.0,11.348819732666016,26.916183471679688
36317,0,calendar_2014_test,221.5456085205078,224.0,0.6566500663757324,0.0,12.67873477935791,2.4543914794921875
36318,0,calendar_2014_test,233.4080352783203,200.0,0.6236244440078735,0.0,13.898258209228516,33.40803527832031
36319,0,calendar_2014_test,191.0832061767578,188.0,0.6738150119781494,0.0,12.044893264770508,3.0832061767578125
36320,0,calendar_2014_test,188.62818908691406,184.0,0.7390267252922058,0.0,9.636848449707031,4.6281890869140625
36321,0,calendar_2014_test,190.12477111816406,180.0,0.6352313160896301,0.0,13.469656944274902,10.124771118164062
36322,0,calendar_2014_test,172.866943359375,189.0,0.7364996671676636,0.0,9.730164527893066,16.133056640625
36323,0,calendar_2014_test,202.06332397460938,215.0,0.7631479501724243,0.0,8.746134757995605,12.936676025390625
36324,0,calendar_2014_test,226.29823303222656,180.0,0.6424960494041443,0.0,13.201395034790039,46.29823303222656
36325,0,calendar_2014_test,161.47549438476562,81.0,0.7060869932174683,0.0,10.853199005126953,80.47549438476562
36326,0,calendar_2014_test,63.766483306884766,78.0,0.8666690587997437,0.0,4.923454284667969,14.233516693115234
36327,0,calendar_2014_test,76.90750122070312,24.0,0.8714631795883179,0.0,4.746424198150635,52.907501220703125
36328,0,calendar_2014_test,26.41379737854004,26.0,0.8886733055114746,0.0,4.1109137535095215,0.41379737854003906
36329,0,calendar_2014_test,29.636686325073242,29.0,0.9025300145149231,0.0,3.5992319583892822,0.6366863250732422
36330,0,calendar_2014_test,30.47660255432129,22.0,0.8937267065048218,0.0,3.9243080615997314,8.476602554321289
36331,0,calendar_2014_test,19.468891143798828,14.0,0.9349812865257263,0.0,2.4009177684783936,5.468891143798828
36332,0,calendar_2014_test,12.529703140258789,11.0,0.9310615658760071,0.0,2.5456595420837402,1.529703140258789
36333,0,calendar_2014_test,10.293543815612793,12.0,0.9375773668289185,0.0,2.3050549030303955,1.706456184387207
36334,0,calendar_2014_test,13.25496768951416,11.0,0.9394197463989258,0.0,2.2370200157165527,2.25496768951416
36335,0,calendar_2014_test,13.807574272155762,13.0,0.9272924661636353,0.0,2.6848387718200684,0.8075742721557617
36336,0,calendar_2014_test,14.730533599853516,12.0,0.9127028584480286,0.0,3.223583459854126,2.7305335998535156
36337,0,calendar_2014_test,13.41898250579834,9.0,0.9469597935676575,0.0,1.9585930109024048,4.41898250579834
36338,0,calendar_2014_test,12.52938175201416,10.0,0.9410114288330078,0.0,2.1782455444335938,2.52938175201416
36339,0,calendar_2014_test,13.759273529052734,10.0,0.9304452538490295,0.0,2.568418264389038,3.7592735290527344
36340,0,calendar_2014_test,13.121004104614258,15.0,0.9233132600784302,0.0,2.8317782878875732,1.8789958953857422
36341,0,calendar_2014_test,14.167179107666016,18.0,0.9244600534439087,0.0,2.7894322872161865,3.8328208923339844
36342,0,calendar_2014_test,18.448877334594727,18.0,0.9276795387268066,0.0,2.6705470085144043,0.44887733459472656
36343,0,calendar_2014_test,15.55294418334961,14.0,0.952934980392456,0.0,1.7379509210586548,1.5529441833496094
36344,0,calendar_2014_test,13.95710563659668,16.0,0.9432715177536011,0.0,2.0947885513305664,2.0428943634033203
36345,0,calendar_2014_test,13.705876350402832,10.0,0.9175311326980591,0.0,3.0452921390533447,3.705876350402832
36346,0,calendar_2014_test,11.853558540344238,9.0,0.9429804086685181,0.0,2.105538845062256,2.8535585403442383
36347,0,calendar_2014_test,10.653169631958008,6.0,0.9460052251815796,0.0,1.993842363357544,4.653169631958008
36348,0,calendar_2014_test,8.123801231384277,8.0,0.9174674153327942,0.0,3.047645330429077,0.12380123138427734
36349,0,calendar_2014_test,10.497049331665039,6.0,0.9438770413398743,0.0,2.0724287033081055,4.497049331665039
36350,0,calendar_2014_test,8.772616386413574,3.0,0.9316619038581848,0.0,2.523491621017456,5.772616386413574
36351,0,calendar_2014_test,8.095974922180176,2.0,0.9411444664001465,0.0,2.1733336448669434,6.095974922180176
36352,0,calendar_2014_test,6.573098182678223,8.0,0.9306483864784241,0.0,2.5609171390533447,1.4269018173217773
36353,0,calendar_2014_test,9.433856964111328,8.0,0.9312771558761597,0.0,2.5376994609832764,1.4338569641113281
36354,0,calendar_2014_test,9.578424453735352,7.0,0.9344688057899475,0.0,2.4198431968688965,2.5784244537353516
36355,0,calendar_2014_test,9.014293670654297,6.0,0.9244247674942017,0.0,2.7907330989837646,3.014293670654297
36356,0,calendar_2014_test,9.470224380493164,8.0,0.9338334202766418,0.0,2.443305492401123,1.470224380493164
36357,0,calendar_2014_test,10.36592960357666,6.0,0.9227315187454224,0.0,2.853259801864624,4.36592960357666
36358,0,calendar_2014_test,9.281721115112305,9.0,0.9331540465354919,0.0,2.4683923721313477,0.2817211151123047
36359,0,calendar_2014_test,11.27908992767334,8.0,0.938555121421814,0.0,2.268949270248413,3.27908992767334
36360,0,calendar_2014_test,11.44443130493164,7.0,0.9343988299369812,0.0,2.422426462173462,4.444431304931641
36361,0,calendar_2014_test,10.440840721130371,10.0,0.9346802234649658,0.0,2.412036418914795,0.4408407211303711
36362,0,calendar_2014_test,13.017731666564941,10.0,0.9233440160751343,0.0,2.830641984939575,3.0177316665649414
36363,0,calendar_2014_test,13.239652633666992,11.0,0.9431473612785339,0.0,2.099372386932373,2.239652633666992
36364,0,calendar_2014_test,12.995339393615723,10.0,0.9471038579940796,0.0,1.9532725811004639,2.9953393936157227
36365,0,calendar_2014_test,12.572111129760742,7.0,0.9419947266578674,0.0,2.1419363021850586,5.572111129760742
36366,0,calendar_2014_test,11.91761302947998,8.0,0.9161945581436157,0.0,3.094646692276001,3.9176130294799805
36367,0,calendar_2014_test,15.725207328796387,7.0,0.9273511171340942,0.0,2.6826729774475098,8.725207328796387
36368,0,calendar_2014_test,16.853527069091797,10.0,0.9217489361763,0.0,2.889542818069458,6.853527069091797
36369,0,calendar_2014_test,19.781496047973633,17.0,0.9288784265518188,0.0,2.6262755393981934,2.781496047973633
36370,0,calendar_2014_test,23.85114288330078,22.0,0.9163475036621094,0.0,3.089000940322876,1.8511428833007812
36371,0,calendar_2014_test,25.130626678466797,28.0,0.9094884395599365,0.0,3.3422813415527344,2.869373321533203
36372,0,calendar_2014_test,29.865093231201172,28.0,0.9290870428085327,0.0,2.6185719966888428,1.8650932312011719
36373,0,calendar_2014_test,33.84153747558594,26.0,0.9028980731964111,0.0,3.585641384124756,7.8415374755859375
36374,0,calendar_2014_test,28.49104118347168,25.0,0.9018497467041016,0.0,3.624351739883423,3.4910411834716797
36375,0,calendar_2014_test,28.25604820251465,20.0,0.9070143699645996,0.0,3.4336400032043457,8.256048202514648
36376,0,calendar_2014_test,25.462339401245117,11.0,0.8996925950050354,0.0,3.7040090560913086,14.462339401245117
36377,0,calendar_2014_test,21.450122833251953,28.0,0.9119032025337219,0.0,3.2531120777130127,6.549877166748047
36378,0,calendar_2014_test,26.63677215576172,39.0,0.9192665219306946,0.0,2.9812114238739014,12.363227844238281
36379,0,calendar_2014_test,35.413856506347656,38.0,0.8941431045532227,0.0,3.908931255340576,2.5861434936523438
36380,0,calendar_2014_test,39.35533142089844,14.0,0.918647289276123,0.0,3.0040764808654785,25.355331420898438
36381,0,calendar_2014_test,19.87210464477539,11.0,0.9226656556129456,0.0,2.855691432952881,8.87210464477539
36382,0,calendar_2014_test,17.662250518798828,18.0,0.9195452332496643,0.0,2.970919370651245,0.3377494812011719
36383,0,calendar_2014_test,21.248607635498047,8.0,0.9188714027404785,0.0,2.9958014488220215,13.248607635498047
36384,0,calendar_2014_test,16.416425704956055,10.0,0.930685818195343,0.0,2.559535264968872,6.416425704956055
36385,0,calendar_2014_test,17.221698760986328,10.0,0.9374064803123474,0.0,2.3113632202148438,7.221698760986328
36386,0,calendar_2014_test,17.95380401611328,11.0,0.9241265058517456,0.0,2.8017468452453613,6.953804016113281
36387,0,calendar_2014_test,17.610841751098633,23.0,0.9338951706886292,0.0,2.4410250186920166,5.389158248901367
36388,0,calendar_2014_test,27.04100227355957,34.0,0.9181766510009766,0.0,3.0214555263519287,6.95899772644043
36389,0,calendar_2014_test,41.56180191040039,40.0,0.894723653793335,0.0,3.8874940872192383,1.5618019104003906
36390,0,calendar_2014_test,48.2459716796875,43.0,0.9148890376091003,0.0,3.1428565979003906,5.2459716796875
36391,0,calendar_2014_test,51.264400482177734,48.0,0.910021185874939,0.0,3.32260799407959,3.2644004821777344
36392,0,calendar_2014_test,56.47916793823242,57.0,0.896361231803894,0.0,3.827023506164551,0.5208320617675781
36393,0,calendar_2014_test,65.93003845214844,61.0,0.8971744775772095,0.0,3.796994924545288,4.9300384521484375
36394,0,calendar_2014_test,67.7790756225586,60.0,0.9101458787918091,0.0,3.3180034160614014,7.779075622558594
36395,0,calendar_2014_test,63.37680435180664,68.0,0.8856596946716309,0.0,4.222196102142334,4.623195648193359
36396,0,calendar_2014_test,74.3993148803711,76.0,0.8875149488449097,0.0,4.153687953948975,1.6006851196289062
36397,0,calendar_2014_test,83.08494567871094,72.0,0.8561617136001587,0.0,5.3114542961120605,11.084945678710938
36398,0,calendar_2014_test,77.47093200683594,80.0,0.8765244483947754,0.0,4.5595293045043945,2.5290679931640625
36399,0,calendar_2014_test,87.58503723144531,80.0,0.8538315296173096,0.0,5.397501468658447,7.5850372314453125
36400,0,calendar_2014_test,86.69666290283203,66.0,0.8526334762573242,0.0,5.441739082336426,20.69666290283203
36401,0,calendar_2014_test,69.58567810058594,64.0,0.8982239961624146,0.0,3.758237600326538,5.5856781005859375
36402,0,calendar_2014_test,66.87210845947266,85.0,0.8862736225128174,0.0,4.199524402618408,18.127891540527344
36403,0,calendar_2014_test,91.23267364501953,96.0,0.8585001230239868,0.0,5.225105285644531,4.767326354980469
36404,0,calendar_2014_test,100.47917938232422,109.0,0.8511815071105957,0.0,5.495355606079102,8.520820617675781
36405,0,calendar_2014_test,112.90738677978516,118.0,0.816888689994812,0.0,6.761672496795654,5.092613220214844
36406,0,calendar_2014_test,117.00749206542969,141.0,0.839558482170105,0.0,5.924555778503418,23.992507934570312
36407,0,calendar_2014_test,142.52015686035156,159.0,0.8221305012702942,0.0,6.568111419677734,16.479843139648438
36408,0,calendar_2014_test,162.69216918945312,153.0,0.7793745994567871,0.0,8.146939277648926,9.692169189453125
36409,0,calendar_2014_test,153.67579650878906,153.0,0.7733972072601318,0.0,8.36766529083252,0.6757965087890625
36410,0,calendar_2014_test,159.4424591064453,152.0,0.76968914270401,0.0,8.50459098815918,7.4424591064453125
36411,0,calendar_2014_test,160.352294921875,157.0,0.7706990242004395,0.0,8.46729850769043,3.352294921875
36412,0,calendar_2014_test,164.07449340820312,159.0,0.7655436992645264,0.0,8.657668113708496,5.074493408203125
36413,0,calendar_2014_test,168.12701416015625,196.0,0.7855291962623596,0.0,7.919670581817627,27.87298583984375
36414,0,calendar_2014_test,206.72142028808594,208.0,0.6825075149536133,0.0,11.723907470703125,1.2785797119140625
36415,0,calendar_2014_test,214.97010803222656,215.0,0.6921448111534119,0.0,11.368036270141602,0.0298919677734375
36416,0,calendar_2014_test,223.76129150390625,255.0,0.6070935726165771,0.0,14.508686065673828,31.23870849609375
36417,0,calendar_2014_test,256.8982238769531,239.0,0.5964503884315491,0.0,14.901703834533691,17.898223876953125
36418,0,calendar_2014_test,229.7897491455078,232.0,0.6217596530914307,0.0,13.967118263244629,2.2102508544921875
36419,0,calendar_2014_test,233.03111267089844,210.0,0.6558144092559814,0.0,12.709593772888184,23.031112670898438
36420,0,calendar_2014_test,193.05377197265625,184.0,0.6422290802001953,0.0,13.211254119873047,9.05377197265625
36421,0,calendar_2014_test,173.5659637451172,174.0,0.6257785558700562,0.0,13.81871509552002,0.4340362548828125
36422,0,calendar_2014_test,171.31472778320312,164.0,0.7678370475769043,0.0,8.572980880737305,7.314727783203125
36423,0,calendar_2014_test,155.1445770263672,147.0,0.6979539394378662,0.0,11.153524398803711,8.144577026367188
36424,0,calendar_2014_test,135.59078979492188,98.0,0.7954026460647583,0.0,7.55507755279541,37.590789794921875
36425,0,calendar_2014_test,84.11800384521484,136.0,0.8746971487998962,0.0,4.627004146575928,51.881996154785156
36426,0,calendar_2014_test,139.23239135742188,137.0,0.8175400495529175,0.0,6.737618923187256,2.232391357421875
36427,0,calendar_2014_test,122.06358337402344,90.0,0.8021834492683411,0.0,7.304687023162842,32.06358337402344
36428,0,calendar_2014_test,75.11096954345703,14.0,0.8705843091011047,0.0,4.778877258300781,61.11096954345703
36429,0,calendar_2014_test,13.979783058166504,8.0,0.9187759160995483,0.0,2.999326229095459,5.979783058166504
36430,0,calendar_2014_test,9.59367847442627,8.0,0.9154846668243408,0.0,3.1208608150482178,1.5936784744262695
36431,0,calendar_2014_test,8.957683563232422,11.0,0.9035120010375977,0.0,3.5629711151123047,2.042316436767578
36432,0,calendar_2014_test,12.887528419494629,9.0,0.9275112152099609,0.0,2.676762819290161,3.887528419494629
36433,0,calendar_2014_test,11.766575813293457,6.0,0.9104437828063965,0.0,3.307004928588867,5.766575813293457
36434,0,calendar_2014_test,11.55853271484375,6.0,0.9526868462562561,0.0,1.7471123933792114,5.55853271484375
36435,0,calendar_2014_test,9.597224235534668,10.0,0.9355463981628418,0.0,2.380051612854004,0.40277576446533203
36436,0,calendar_2014_test,12.562779426574707,10.0,0.9164653420448303,0.0,3.0846481323242188,2.562779426574707
36437,0,calendar_2014_test,12.859070777893066,7.0,0.9304666519165039,0.0,2.5676286220550537,5.859070777893066
36438,0,calendar_2014_test,12.679439544677734,6.0,0.927480161190033,0.0,2.6779098510742188,6.679439544677734
36439,0,calendar_2014_test,11.250443458557129,5.0,0.918643593788147,0.0,3.004213809967041,6.250443458557129
36440,0,calendar_2014_test,10.4671049118042,6.0,0.932522177696228,0.0,2.4917244911193848,4.467104911804199
36441,0,calendar_2014_test,13.503849983215332,4.0,0.9391594529151917,0.0,2.2466325759887695,9.503849983215332
36442,0,calendar_2014_test,10.447623252868652,5.0,0.9479626417160034,0.0,1.9215601682662964,5.447623252868652
36443,0,calendar_2014_test,9.205595016479492,4.0,0.9215177893638611,0.0,2.8980798721313477,5.205595016479492
36444,0,calendar_2014_test,9.269129753112793,3.0,0.9359613656997681,0.0,2.36472749710083,6.269129753112793
36445,0,calendar_2014_test,9.537382125854492,8.0,0.9391911029815674,0.0,2.2454628944396973,1.5373821258544922
36446,0,calendar_2014_test,11.490243911743164,9.0,0.9352858662605286,0.0,2.3896703720092773,2.490243911743164
36447,0,calendar_2014_test,12.52314567565918,7.0,0.9284580945968628,0.0,2.6417975425720215,5.52314567565918
36448,0,calendar_2014_test,11.50035285949707,7.0,0.9115671515464783,0.0,3.2655224800109863,4.50035285949707
36449,0,calendar_2014_test,10.98084831237793,9.0,0.9330194592475891,0.0,2.473361015319824,1.9808483123779297
36450,0,calendar_2014_test,10.131763458251953,11.0,0.925060510635376,0.0,2.7672576904296875,0.8682365417480469
36451,0,calendar_2014_test,59.49177551269531,62.0,0.9034558534622192,0.0,3.565044641494751,2.5082244873046875
36452,0,calendar_2014_test,64.17957305908203,60.0,0.8998163938522339,0.0,3.6994378566741943,4.179573059082031
36453,0,calendar_2014_test,64.31928253173828,41.0,0.8809480667114258,0.0,4.39617919921875,23.31928253173828
36454,0,calendar_2014_test,42.94344711303711,38.0,0.888885498046875,0.0,4.103076934814453,4.943447113037109
36455,0,calendar_2014_test,41.19176483154297,33.0,0.9119543433189392,0.0,3.2512245178222656,8.191764831542969
36456,0,calendar_2014_test,38.613792419433594,18.0,0.9140700697898865,0.0,3.173098564147949,20.613792419433594
36457,0,calendar_2014_test,25.233675003051758,28.0,0.9291436076164246,0.0,2.616483449935913,2.766324996948242
36458,0,calendar_2014_test,33.5320930480957,46.0,0.9097191095352173,0.0,3.3337626457214355,12.467906951904297
36459,0,calendar_2014_test,52.86079406738281,51.0,0.8879409432411194,0.0,4.137956142425537,1.8607940673828125
36460,0,calendar_2014_test,58.51795959472656,57.0,0.8836329579353333,0.0,4.2970356941223145,1.5179595947265625
36461,0,calendar_2014_test,66.11921691894531,37.0,0.8760830760002136,0.0,4.575826644897461,29.119216918945312
36462,0,calendar_2014_test,42.6262321472168,35.0,0.9018990397453308,0.0,3.6225314140319824,7.626232147216797
36463,0,calendar_2014_test,43.280029296875,41.0,0.9110661745071411,0.0,3.2840218544006348,2.280029296875
36464,0,calendar_2014_test,47.01474380493164,46.0,0.9076244831085205,0.0,3.4111123085021973,1.0147438049316406
36465,0,calendar_2014_test,48.33814239501953,56.0,0.9070497155189514,0.0,3.43233585357666,7.661857604980469
36466,0,calendar_2014_test,56.39678192138672,69.0,0.9223742485046387,0.0,2.8664534091949463,12.603218078613281
36467,0,calendar_2014_test,74.55315399169922,79.0,0.8680475950241089,0.0,4.872550964355469,4.446846008300781
36468,0,calendar_2014_test,84.0771484375,76.0,0.9131903648376465,0.0,3.2055811882019043,8.0771484375
36469,0,calendar_2014_test,76.81620788574219,65.0,0.8864955902099609,0.0,4.191328525543213,11.816207885742188
36470,0,calendar_2014_test,58.540836334228516,69.0,0.8832836747169495,0.0,4.309934616088867,10.459163665771484
36471,0,calendar_2014_test,68.44975280761719,74.0,0.8959866762161255,0.0,3.8408544063568115,5.5502471923828125
36472,0,calendar_2014_test,72.51765441894531,79.0,0.8727429509162903,0.0,4.699166297912598,6.4823455810546875
36473,0,calendar_2014_test,76.7102279663086,78.0,0.8796405792236328,0.0,4.444461345672607,1.2897720336914062
36474,0,calendar_2014_test,72.60795593261719,87.0,0.8709030747413635,0.0,4.767106056213379,14.392044067382812
36475,0,calendar_2014_test,86.18938446044922,82.0,0.887017011642456,0.0,4.172074794769287,4.189384460449219
36476,0,calendar_2014_test,80.95523071289062,74.0,0.87165766954422,0.0,4.739241600036621,6.955230712890625
36477,0,calendar_2014_test,71.31600952148438,77.0,0.8556225895881653,0.0,5.331362724304199,5.683990478515625
36478,0,calendar_2014_test,80.3999252319336,84.0,0.8602594137191772,0.0,5.160140514373779,3.6000747680664062
36479,0,calendar_2014_test,89.86608123779297,87.0,0.8562421798706055,0.0,5.308483600616455,2.8660812377929688
36480,0,calendar_2014_test,91.57070922851562,91.0,0.866411030292511,0.0,4.932981967926025,0.570709228515625
36481,0,calendar_2014_test,94.7072525024414,77.0,0.8499444723129272,0.0,5.5410356521606445,17.707252502441406
36482,0,calendar_2014_test,77.08491516113281,74.0,0.8677540421485901,0.0,4.883388996124268,3.0849151611328125
36483,0,calendar_2014_test,79.239013671875,84.0,0.8727307319641113,0.0,4.699618339538574,4.760986328125
36484,0,calendar_2014_test,91.32884979248047,89.0,0.8553661108016968,0.0,5.340832710266113,2.3288497924804688
36485,0,calendar_2014_test,96.64083099365234,94.0,0.8589869737625122,0.0,5.207128524780273,2.6408309936523438
36486,0,calendar_2014_test,101.14054870605469,92.0,0.839120626449585,0.0,5.940722942352295,9.140548706054688
36487,0,calendar_2014_test,99.5219497680664,97.0,0.8380069732666016,0.0,5.981845855712891,2.5219497680664062
36488,0,calendar_2014_test,98.92411804199219,92.0,0.8388515710830688,0.0,5.95065975189209,6.9241180419921875
36489,0,calendar_2014_test,90.89827728271484,98.0,0.8516076803207397,0.0,5.479618549346924,7.101722717285156
36490,0,calendar_2014_test,99.79682922363281,116.0,0.8471193909645081,0.0,5.645356178283691,16.203170776367188
36491,0,calendar_2014_test,119.49243927001953,113.0,0.8356256484985352,0.0,6.069780349731445,6.492439270019531
36492,0,calendar_2014_test,105.0682373046875,101.0,0.8301202654838562,0.0,6.273075580596924,4.0682373046875
36493,0,calendar_2014_test,94.19723510742188,87.0,0.8283053636550903,0.0,6.340094089508057,7.197235107421875
36494,0,calendar_2014_test,79.68924713134766,54.0,0.867336094379425,0.0,4.8988237380981445,25.689247131347656
36495,0,calendar_2014_test,44.20764923095703,50.0,0.8863883018493652,0.0,4.1952900886535645,5.792350769042969
36496,0,calendar_2014_test,47.74885940551758,42.0,0.8857739567756653,0.0,4.217976093292236,5.748859405517578
36497,0,calendar_2014_test,38.14239501953125,38.0,0.9096300005912781,0.0,3.3370532989501953,0.14239501953125
36498,0,calendar_2014_test,28.628192901611328,38.0,0.920982837677002,0.0,2.9178318977355957,9.371807098388672
36499,0,calendar_2014_test,30.688825607299805,39.0,0.9256975650787354,0.0,2.7437353134155273,8.311174392700195
36500,0,calendar_2014_test,37.09785079956055,33.0,0.9095872640609741,0.0,3.338632822036743,4.097850799560547
36501,0,calendar_2014_test,33.072181701660156,34.0,0.922687828540802,0.0,2.854872703552246,0.9278182983398438
36502,0,calendar_2014_test,35.193702697753906,40.0,0.90012127161026,0.0,3.688178539276123,4.806297302246094
36503,0,calendar_2014_test,43.644535064697266,48.0,0.9171794652938843,0.0,3.0582785606384277,4.355464935302734
36504,0,calendar_2014_test,52.277976989746094,45.0,0.8708073496818542,0.0,4.770640850067139,7.277976989746094
36505,0,calendar_2014_test,48.26759719848633,39.0,0.9009580612182617,0.0,3.6572787761688232,9.267597198486328
36506,0,calendar_2014_test,45.332576751708984,44.0,0.9272419214248657,0.0,2.68670654296875,1.3325767517089844
36507,0,calendar_2014_test,53.69779968261719,57.0,0.8973777890205383,0.0,3.7894859313964844,3.3022003173828125
36508,0,calendar_2014_test,67.22300720214844,77.0,0.8870493173599243,0.0,4.170880317687988,9.776992797851562
36509,0,calendar_2014_test,84.27542877197266,76.0,0.8853427171707153,0.0,4.233899116516113,8.275428771972656
36510,0,calendar_2014_test,80.35347747802734,98.0,0.8616093993186951,0.0,5.110291004180908,17.646522521972656
36511,0,calendar_2014_test,106.39551544189453,101.0,0.849722146987915,0.0,5.549245357513428,5.395515441894531
36512,0,calendar_2014_test,106.5841064453125,104.0,0.837165117263794,0.0,6.012932777404785,2.5841064453125
36513,0,calendar_2014_test,111.9351806640625,106.0,0.8352535963058472,0.0,6.083519458770752,5.9351806640625
36514,0,calendar_2014_test,106.12911224365234,108.0,0.8195635676383972,0.0,6.662898540496826,1.8708877563476562
36515,0,calendar_2014_test,100.59178161621094,98.0,0.8348225355148315,0.0,6.099438190460205,2.5917816162109375
36516,0,calendar_2014_test,92.61685943603516,79.0,0.8695751428604126,0.0,4.816141605377197,13.616859436035156
36517,0,calendar_2014_test,72.0154800415039,44.0,0.8964258432388306,0.0,3.8246376514434814,28.015480041503906
36518,0,calendar_2014_test,38.60551834106445,33.0,0.931431770324707,0.0,2.5319900512695312,5.605518341064453
36519,0,calendar_2014_test,32.4117546081543,45.0,0.9044401049613953,0.0,3.5286998748779297,12.588245391845703
36520,0,calendar_2014_test,44.11532974243164,53.0,0.9199375510215759,0.0,2.9564309120178223,8.88467025756836
36521,0,calendar_2014_test,48.54597091674805,47.0,0.8844378590583801,0.0,4.2673139572143555,1.5459709167480469
36522,0,calendar_2014_test,41.44598388671875,42.0,0.8980240225791931,0.0,3.7656235694885254,0.55401611328125
36523,0,calendar_2014_test,42.23662185668945,34.0,0.8978831171989441,0.0,3.770826578140259,8.236621856689453
36524,0,calendar_2014_test,36.25553512573242,38.0,0.9062644243240356,0.0,3.4613332748413086,1.7444648742675781
36525,0,calendar_2014_test,43.41935348510742,41.0,0.9084492921829224,0.0,3.3806536197662354,2.419353485107422
36526,0,calendar_2014_test,42.510169982910156,56.0,0.9063258171081543,0.0,3.4590673446655273,13.489830017089844
36527,0,calendar_2014_test,61.43904495239258,59.0,0.8714565634727478,0.0,4.746668815612793,2.439044952392578
36528,0,calendar_2014_test,61.47142028808594,68.0,0.8700193166732788,0.0,4.799739837646484,6.5285797119140625
36529,0,calendar_2014_test,76.90322875976562,79.0,0.8336251974105835,0.0,6.143650054931641,2.096771240234375
36530,0,calendar_2014_test,87.26978302001953,79.0,0.8677822947502136,0.0,4.8823466300964355,8.269783020019531
36531,0,calendar_2014_test,85.78199005126953,111.0,0.9029237031936646,0.0,3.5846941471099854,25.21800994873047
36532,0,calendar_2014_test,122.36592864990234,147.0,0.8282206058502197,0.0,6.343223571777344,24.634071350097656
36533,0,calendar_2014_test,158.44143676757812,153.0,0.7917576432228088,0.0,7.689676284790039,5.441436767578125
36534,0,calendar_2014_test,158.28103637695312,145.0,0.7823237180709839,0.0,8.038039207458496,13.281036376953125
36535,0,calendar_2014_test,149.67686462402344,143.0,0.7844861745834351,0.0,7.958187103271484,6.6768646240234375
36536,0,calendar_2014_test,148.58897399902344,144.0,0.7982981204986572,0.0,7.448158264160156,4.5889739990234375
36537,0,calendar_2014_test,144.65475463867188,200.0,0.7735468149185181,0.0,8.362138748168945,55.345245361328125
36538,0,calendar_2014_test,200.57505798339844,239.0,0.6841731071472168,0.0,11.66240406036377,38.42494201660156
36539,0,calendar_2014_test,238.26551818847656,185.0,0.5645089745521545,0.0,16.08119010925293,53.26551818847656
36540,0,calendar_2014_test,171.17242431640625,163.0,0.7403134107589722,0.0,9.589335441589355,8.17242431640625
36541,0,calendar_2014_test,152.5646209716797,28.0,0.8142684102058411,0.0,6.858430862426758,124.56462097167969
36542,0,calendar_2014_test,17.695493698120117,12.0,0.9217314720153809,0.0,2.8901891708374023,5.695493698120117
36543,0,calendar_2014_test,10.11922836303711,9.0,0.9536145329475403,0.0,1.7128562927246094,1.1192283630371094
36544,0,calendar_2014_test,9.388742446899414,9.0,0.9485000967979431,0.0,1.9017143249511719,0.38874244689941406
36545,0,calendar_2014_test,9.83683967590332,11.0,0.9297747611999512,0.0,2.593177556991577,1.1631603240966797
36546,0,calendar_2014_test,9.817205429077148,15.0,0.9341866970062256,0.0,2.430260419845581,5.182794570922852
36547,0,calendar_2014_test,14.971235275268555,13.0,0.928842306137085,0.0,2.6276090145111084,1.9712352752685547
36548,0,calendar_2014_test,13.639520645141602,14.0,0.9384613633155823,0.0,2.2724099159240723,0.36047935485839844
36549,0,calendar_2014_test,15.562170028686523,17.0,0.9243819713592529,0.0,2.792313575744629,1.4378299713134766
36550,0,calendar_2014_test,17.12655258178711,18.0,0.9356843829154968,0.0,2.37495493888855,0.8734474182128906
36551,0,calendar_2014_test,18.799882888793945,16.0,0.9085927605628967,0.0,3.3753550052642822,2.7998828887939453
36552,0,calendar_2014_test,16.929203033447266,11.0,0.9459121823310852,0.0,1.997277855873108,5.929203033447266
36553,0,calendar_2014_test,15.293116569519043,7.0,0.9185642004013062,0.0,3.0071444511413574,8.293116569519043
36554,0,calendar_2014_test,12.949188232421875,9.0,0.9234529137611389,0.0,2.826622247695923,3.949188232421875
36555,0,calendar_2014_test,12.983476638793945,13.0,0.9394752979278564,0.0,2.234970808029175,0.016523361206054688
36556,0,calendar_2014_test,16.271501541137695,16.0,0.9348400235176086,0.0,2.4061336517333984,0.2715015411376953
36557,0,calendar_2014_test,14.097854614257812,8.0,0.931530773639679,0.0,2.5283329486846924,6.0978546142578125
36558,0,calendar_2014_test,10.76175594329834,19.0,0.9416866302490234,0.0,2.1533126831054688,8.23824405670166
36559,0,calendar_2014_test,15.151422500610352,8.0,0.9384557008743286,0.0,2.272620916366577,7.151422500610352
36560,0,calendar_2014_test,12.05691146850586,9.0,0.9364535212516785,0.0,2.346552848815918,3.0569114685058594
36561,0,calendar_2014_test,10.21016788482666,5.0,0.9447520971298218,0.0,2.040114641189575,5.21016788482666
36562,0,calendar_2014_test,8.827508926391602,2.0,0.9377026557922363,0.0,2.300426721572876,6.827508926391602
36563,0,calendar_2014_test,5.739468097686768,2.0,0.9131535887718201,0.0,3.2069408893585205,3.7394680976867676
36564,0,calendar_2014_test,6.901670455932617,3.0,0.9396071434020996,0.0,2.2301015853881836,3.901670455932617
36565,0,calendar_2014_test,6.789058208465576,3.0,0.9324831962585449,0.0,2.4931652545928955,3.789058208465576
36566,0,calendar_2014_test,7.006350517272949,6.0,0.911636233329773,0.0,3.262970447540283,1.0063505172729492
36567,0,calendar_2014_test,7.942949295043945,4.0,0.9166766405105591,0.0,3.07684588432312,3.9429492950439453
36568,0,calendar_2014_test,8.440827369689941,4.0,0.9202301502227783,0.0,2.945627450942993,4.440827369689941
36569,0,calendar_2014_test,6.878804683685303,5.0,0.91545569896698,0.0,3.1219303607940674,1.8788046836853027
36570,0,calendar_2014_test,6.413042068481445,6.0,0.931067705154419,0.0,2.5454328060150146,0.4130420684814453
36571,0,calendar_2014_test,9.26951789855957,6.0,0.9287222623825073,0.0,2.6320436000823975,3.2695178985595703
36572,0,calendar_2014_test,8.635910987854004,5.0,0.9416245818138123,0.0,2.155604600906372,3.635910987854004
36573,0,calendar_2014_test,8.466361999511719,4.0,0.933114230632782,0.0,2.4698615074157715,4.466361999511719
36574,0,calendar_2014_test,9.383919715881348,6.0,0.9248472452163696,0.0,2.7751331329345703,3.3839197158813477
36575,0,calendar_2014_test,10.325396537780762,5.0,0.9219932556152344,0.0,2.880520820617676,5.325396537780762
36576,0,calendar_2014_test,9.713672637939453,3.0,0.9154268503189087,0.0,3.122997522354126,6.713672637939453
36577,0,calendar_2014_test,9.653573989868164,5.0,0.9219455718994141,0.0,2.8822829723358154,4.653573989868164
36578,0,calendar_2014_test,7.709952354431152,7.0,0.9332683682441711,0.0,2.4641709327697754,0.7099523544311523
36579,0,calendar_2014_test,10.91367244720459,9.0,0.9205853939056396,0.0,2.9325082302093506,1.9136724472045898
36580,0,calendar_2014_test,12.485054969787598,11.0,0.9233964085578918,0.0,2.8287081718444824,1.4850549697875977
36581,0,calendar_2014_test,13.751314163208008,12.0,0.931978702545166,0.0,2.511793613433838,1.7513141632080078
36582,0,calendar_2014_test,14.58730411529541,15.0,0.9379439949989319,0.0,2.2915163040161133,0.41269588470458984
36583,0,calendar_2014_test,17.487682342529297,17.0,0.9226691722869873,0.0,2.8555617332458496,0.4876823425292969
36584,0,calendar_2014_test,17.007234573364258,12.0,0.9290536642074585,0.0,2.6198055744171143,5.007234573364258
36585,0,calendar_2014_test,14.48992919921875,11.0,0.9434657096862793,0.0,2.0876173973083496,3.48992919921875
36586,0,calendar_2014_test,16.802976608276367,12.0,0.9230471849441528,0.0,2.8416035175323486,4.802976608276367
36587,0,calendar_2014_test,14.570087432861328,12.0,0.9119314551353455,0.0,3.2520689964294434,2.570087432861328
36588,0,calendar_2014_test,16.319974899291992,11.0,0.9348703622817993,0.0,2.4050133228302,5.319974899291992
36589,0,calendar_2014_test,17.136564254760742,13.0,0.9301005005836487,0.0,2.581148386001587,4.136564254760742
36590,0,calendar_2014_test,17.901044845581055,15.0,0.9259742498397827,0.0,2.7335174083709717,2.9010448455810547
36591,0,calendar_2014_test,20.29014015197754,21.0,0.9204909205436707,0.0,2.9359970092773438,0.7098598480224609
36592,0,calendar_2014_test,23.472017288208008,21.0,0.9185018539428711,0.0,3.0094475746154785,2.472017288208008
36593,0,calendar_2014_test,22.364850997924805,40.0,0.9208044409751892,0.0,2.9244203567504883,17.635149002075195
36594,0,calendar_2014_test,42.82872772216797,40.0,0.8760509490966797,0.0,4.5770134925842285,2.8287277221679688
36595,0,calendar_2014_test,36.50762939453125,20.0,0.9025732278823853,0.0,3.597635507583618,16.50762939453125
36596,0,calendar_2014_test,19.9816951751709,16.0,0.9182090163230896,0.0,3.0202603340148926,3.9816951751708984
36597,0,calendar_2014_test,17.41681671142578,26.0,0.9222434759140015,0.0,2.8712828159332275,8.583183288574219
36598,0,calendar_2014_test,21.763948440551758,25.0,0.9148225784301758,0.0,3.1453092098236084,3.236051559448242
36599,0,calendar_2014_test,22.81048011779785,25.0,0.9178754687309265,0.0,3.0325770378112793,2.1895198822021484
36600,0,calendar_2014_test,22.828243255615234,35.0,0.9330002665519714,0.0,2.474069833755493,12.171756744384766
36601,0,calendar_2014_test,28.33571434020996,32.0,0.934943675994873,0.0,2.4023077487945557,3.664285659790039
36602,0,calendar_2014_test,38.258934020996094,35.0,0.9195147752761841,0.0,2.9720442295074463,3.2589340209960938
36603,0,calendar_2014_test,41.63041687011719,50.0,0.8990950584411621,0.0,3.7260732650756836,8.369583129882812
36604,0,calendar_2014_test,59.27722930908203,74.0,0.8611212372779846,0.0,5.128316879272461,14.722770690917969
36605,0,calendar_2014_test,82.68440246582031,64.0,0.8636521697044373,0.0,5.034857273101807,18.684402465820312
36606,0,calendar_2014_test,66.4104232788086,90.0,0.900337278842926,0.0,3.6802024841308594,23.589576721191406
36607,0,calendar_2014_test,99.92699432373047,138.0,0.8406515121459961,0.0,5.8841938972473145,38.07300567626953
36608,0,calendar_2014_test,149.66024780273438,182.0,0.8109247088432312,0.0,6.9819016456604,32.339752197265625
36609,0,calendar_2014_test,179.9716339111328,210.0,0.6583467125892639,0.0,12.616084098815918,30.028366088867188
36610,0,calendar_2014_test,213.522216796875,208.0,0.6467628479003906,0.0,13.04383659362793,5.522216796875
36611,0,calendar_2014_test,208.00474548339844,152.0,0.6654032468795776,0.0,12.355511665344238,56.00474548339844
36612,0,calendar_2014_test,135.66770935058594,122.0,0.823562741279602,0.0,6.51522159576416,13.667709350585938
36613,0,calendar_2014_test,112.80545043945312,87.0,0.7771764993667603,0.0,8.228108406066895,25.805450439453125
36614,0,calendar_2014_test,77.453125,62.0,0.8457640409469604,0.0,5.695404052734375,15.453125
36615,0,calendar_2014_test,58.54534912109375,52.0,0.8734134435653687,0.0,4.674407958984375,6.54534912109375
36616,0,calendar_2014_test,49.49978256225586,52.0,0.9016309976577759,0.0,3.6324291229248047,2.5002174377441406
36617,0,calendar_2014_test,54.32869338989258,59.0,0.9075796008110046,0.0,3.412769317626953,4.671306610107422
36618,0,calendar_2014_test,61.202518463134766,96.0,0.8748055696487427,0.0,4.6230010986328125,34.797481536865234
36619,0,calendar_2014_test,104.18627166748047,128.0,0.8468642234802246,0.0,5.654778957366943,23.81372833251953
36620,0,calendar_2014_test,134.6388397216797,141.0,0.7861499786376953,0.0,7.896746635437012,6.3611602783203125
36621,0,calendar_2014_test,147.98468017578125,167.0,0.7905521392822266,0.0,7.734190464019775,19.01531982421875
36622,0,calendar_2014_test,175.58590698242188,206.0,0.7640185356140137,0.0,8.713985443115234,30.414093017578125
36623,0,calendar_2014_test,211.48252868652344,227.0,0.7206112146377563,0.0,10.31687068939209,15.517471313476562
36624,0,calendar_2014_test,229.26808166503906,246.0,0.7045571804046631,0.0,10.90969181060791,16.731918334960938
36625,0,calendar_2014_test,239.1709747314453,230.0,0.6233314871788025,0.0,13.909076690673828,9.170974731445312
36626,0,calendar_2014_test,217.17698669433594,239.0,0.6511393189430237,0.0,12.88222885131836,21.823013305664062
36627,0,calendar_2014_test,243.4299774169922,238.0,0.6110135316848755,0.0,14.363937377929688,5.4299774169921875
36628,0,calendar_2014_test,230.6811065673828,250.0,0.6403269171714783,0.0,13.281494140625,19.318893432617188
36629,0,calendar_2014_test,251.19471740722656,261.0,0.5886000394821167,0.0,15.191591262817383,9.805282592773438
36630,0,calendar_2014_test,261.8779602050781,283.0,0.5729724764823914,0.0,15.768662452697754,21.122039794921875
36631,0,calendar_2014_test,294.49676513671875,273.0,0.5548684597015381,0.0,16.43718147277832,21.49676513671875
36632,0,calendar_2014_test,263.96331787109375,281.0,0.4897586703300476,0.0,18.841463088989258,17.03668212890625
36633,0,calendar_2014_test,270.833740234375,218.0,0.47005629539489746,0.0,19.56900405883789,52.833740234375
36634,0,calendar_2014_test,199.02206420898438,222.0,0.7674283385276794,0.0,8.58807373046875,22.977935791015625
36635,0,calendar_2014_test,220.30984497070312,206.0,0.6043539643287659,0.0,14.609850883483887,14.309844970703125
36636,0,calendar_2014_test,200.36351013183594,304.0,0.7657474875450134,0.0,8.650141716003418,103.63648986816406
36637,0,calendar_2014_test,289.6005859375,299.0,0.5051254034042358,0.0,18.274023056030273,9.3994140625
36638,0,calendar_2014_test,288.60614013671875,284.0,0.5924875736236572,0.0,15.048035621643066,4.60614013671875
36639,0,calendar_2014_test,278.2088928222656,266.0,0.5961982011795044,0.0,14.911015510559082,12.208892822265625
36640,0,calendar_2014_test,255.3377227783203,256.0,0.5684026479721069,0.0,15.937411308288574,0.6622772216796875
36641,0,calendar_2014_test,242.5438690185547,79.0,0.6116517782211304,0.0,14.340368270874023,163.5438690185547
36642,0,calendar_2014_test,46.95500183105469,38.0,0.8527065515518188,0.0,5.439043045043945,8.955001831054688
36643,0,calendar_2014_test,30.004478454589844,22.0,0.9143872857093811,0.0,3.1613833904266357,8.004478454589844
36644,0,calendar_2014_test,20.155256271362305,15.0,0.8918728232383728,0.0,3.992764949798584,5.155256271362305
36645,0,calendar_2014_test,15.859103202819824,21.0,0.9309000372886658,0.0,2.551623821258545,5.140896797180176
36646,0,calendar_2014_test,20.600610733032227,18.0,0.8986675143241882,0.0,3.7418603897094727,2.6006107330322266
36647,0,calendar_2014_test,18.102901458740234,19.0,0.9070989489555359,0.0,3.4305171966552734,0.8970985412597656
36648,0,calendar_2014_test,20.041606903076172,16.0,0.9287447929382324,0.0,2.6312100887298584,4.041606903076172
36649,0,calendar_2014_test,13.729899406433105,17.0,0.931205153465271,0.0,2.540358066558838,3.2701005935668945
36650,0,calendar_2014_test,17.46391487121582,15.0,0.9310905933380127,0.0,2.544588327407837,2.4639148712158203
36651,0,calendar_2014_test,15.658219337463379,24.0,0.9343218803405762,0.0,2.425267219543457,8.341780662536621
36652,0,calendar_2014_test,21.157751083374023,12.0,0.9046471118927002,0.0,3.521054744720459,9.157751083374023
36653,0,calendar_2014_test,14.26844310760498,19.0,0.9271644949913025,0.0,2.6895647048950195,4.7315568923950195
36654,0,calendar_2014_test,16.562105178833008,13.0,0.9394985437393188,0.0,2.2341105937957764,3.562105178833008
36655,0,calendar_2014_test,13.69908618927002,12.0,0.9273918867111206,0.0,2.681168556213379,1.6990861892700195
36656,0,calendar_2014_test,12.933005332946777,13.0,0.9304597973823547,0.0,2.5678818225860596,0.06699466705322266
36657,0,calendar_2014_test,11.170583724975586,12.0,0.9291250109672546,0.0,2.617170572280884,0.8294162750244141
36658,0,calendar_2014_test,12.450078964233398,13.0,0.9241193532943726,0.0,2.8020131587982178,0.5499210357666016
36659,0,calendar_2014_test,12.325556755065918,11.0,0.936711311340332,0.0,2.3370349407196045,1.325556755065918
36660,0,calendar_2014_test,15.736723899841309,11.0,0.9197121858596802,0.0,2.964754343032837,4.736723899841309
36661,0,calendar_2014_test,14.087038040161133,9.0,0.9410681128501892,0.0,2.1761529445648193,5.087038040161133
36662,0,calendar_2014_test,14.446440696716309,11.0,0.9328784942626953,0.0,2.478567123413086,3.4464406967163086
36663,0,calendar_2014_test,14.59190559387207,17.0,0.9386223554611206,0.0,2.2664663791656494,2.4080944061279297
36664,0,calendar_2014_test,15.606796264648438,19.0,0.9399403929710388,0.0,2.2177953720092773,3.3932037353515625
36665,0,calendar_2014_test,17.795963287353516,19.0,0.9413908123970032,0.0,2.1642355918884277,1.2040367126464844
36666,0,calendar_2014_test,17.588285446166992,16.0,0.9436692595481873,0.0,2.080101251602173,1.5882854461669922
36667,0,calendar_2014_test,15.245606422424316,14.0,0.9469391107559204,0.0,1.9593560695648193,1.2456064224243164
36668,0,calendar_2014_test,15.299029350280762,15.0,0.929228663444519,0.0,2.6133432388305664,0.2990293502807617
36669,0,calendar_2014_test,16.169754028320312,15.0,0.9485189318656921,0.0,1.9010200500488281,1.1697540283203125
36670,0,calendar_2014_test,14.358023643493652,8.0,0.9418450593948364,0.0,2.1474621295928955,6.358023643493652
36671,0,calendar_2014_test,11.265707969665527,13.0,0.9381415843963623,0.0,2.2842183113098145,1.7342920303344727
36672,0,calendar_2014_test,14.26495361328125,16.0,0.9468639492988586,0.0,1.9621331691741943,1.73504638671875
36673,0,calendar_2014_test,20.885250091552734,27.0,0.9297118782997131,0.0,2.595498561859131,6.114749908447266
36674,0,calendar_2014_test,32.46550750732422,47.0,0.8970001339912415,0.0,3.8034327030181885,14.534492492675781
36675,0,calendar_2014_test,55.86923599243164,54.0,0.9021034836769104,0.0,3.614983320236206,1.8692359924316406
36676,0,calendar_2014_test,62.39159393310547,62.0,0.9006273150444031,0.0,3.669492721557617,0.39159393310546875
36677,0,calendar_2014_test,72.55332946777344,66.0,0.8796284198760986,0.0,4.444910526275635,6.5533294677734375
36678,0,calendar_2014_test,72.5806884765625,72.0,0.8593711853027344,0.0,5.192941188812256,0.5806884765625
36679,0,calendar_2014_test,77.79805755615234,81.0,0.8881189823150635,0.0,4.131383419036865,3.2019424438476562
36680,0,calendar_2014_test,83.2663803100586,138.0,0.8529112339019775,0.0,5.431483268737793,54.733619689941406
36681,0,calendar_2014_test,142.44863891601562,121.0,0.7966595888137817,0.0,7.508663177490234,21.448638916015625
36682,0,calendar_2014_test,110.9677505493164,78.0,0.803327202796936,0.0,7.262452602386475,32.967750549316406
36683,0,calendar_2014_test,65.42230987548828,78.0,0.8944320678710938,0.0,3.898261070251465,12.577690124511719
36684,0,calendar_2014_test,76.69388580322266,63.0,0.89017653465271,0.0,4.055404186248779,13.693885803222656
36685,0,calendar_2014_test,57.749881744384766,45.0,0.9096598029136658,0.0,3.335953712463379,12.749881744384766
36686,0,calendar_2014_test,40.262001037597656,39.0,0.888364315032959,0.0,4.1223225593566895,1.2620010375976562
36687,0,calendar_2014_test,35.42801284790039,40.0,0.9082143306732178,0.0,3.3893301486968994,4.571987152099609
36688,0,calendar_2014_test,38.13887405395508,42.0,0.8953373432159424,0.0,3.8648319244384766,3.861125946044922
36689,0,calendar_2014_test,37.05165481567383,41.0,0.9135504961013794,0.0,3.1922836303710938,3.948345184326172
36690,0,calendar_2014_test,40.0777473449707,53.0,0.8968169689178467,0.0,3.8101961612701416,12.922252655029297
36691,0,calendar_2014_test,55.74216079711914,52.0,0.8800870180130005,0.0,4.427975654602051,3.7421607971191406
36692,0,calendar_2014_test,53.454463958740234,61.0,0.8939527273178101,0.0,3.9159610271453857,7.545536041259766
36693,0,calendar_2014_test,65.45928955078125,59.0,0.9117030501365662,0.0,3.2605042457580566,6.45928955078125
36694,0,calendar_2014_test,62.07844543457031,53.0,0.8962262272834778,0.0,3.8320093154907227,9.078445434570312
36695,0,calendar_2014_test,55.95222473144531,59.0,0.8829113245010376,0.0,4.323683738708496,3.0477752685546875
36696,0,calendar_2014_test,64.49481201171875,63.0,0.908271312713623,0.0,3.387226104736328,1.49481201171875
36697,0,calendar_2014_test,71.31108093261719,86.0,0.8828364014625549,0.0,4.326450347900391,14.688919067382812
36698,0,calendar_2014_test,97.05421447753906,106.0,0.8799331784248352,0.0,4.433655261993408,8.945785522460938
36699,0,calendar_2014_test,116.86185455322266,136.0,0.8002567291259766,0.0,7.375833511352539,19.138145446777344
36700,0,calendar_2014_test,148.36660766601562,158.0,0.8170242309570312,0.0,6.756668567657471,9.633392333984375
36701,0,calendar_2014_test,170.5047149658203,189.0,0.7582671642303467,0.0,8.926365852355957,18.495285034179688
36702,0,calendar_2014_test,200.03977966308594,203.0,0.6826081275939941,0.0,11.720192909240723,2.9602203369140625
36703,0,calendar_2014_test,212.0385284423828,221.0,0.5784249305725098,0.0,15.567320823669434,8.961471557617188
36704,0,calendar_2014_test,229.01345825195312,257.0,0.692510724067688,0.0,11.354525566101074,27.986541748046875
36705,0,calendar_2014_test,260.62933349609375,333.0,0.5942742824554443,0.0,14.982059478759766,72.37066650390625
36706,0,calendar_2014_test,315.9389343261719,371.0,0.4947868585586548,0.0,18.65578842163086,55.061065673828125
36707,0,calendar_2014_test,333.82366943359375,354.0,0.5493965148925781,0.0,16.639240264892578,20.17633056640625
36708,0,calendar_2014_test,323.9867248535156,273.0,0.5243509411811829,0.0,17.564088821411133,50.986724853515625
36709,0,calendar_2014_test,249.15782165527344,255.0,0.6417851448059082,0.0,13.22764778137207,5.8421783447265625
36710,0,calendar_2014_test,245.45260620117188,165.0,0.5680807828903198,0.0,15.949294090270996,80.45260620117188
36711,0,calendar_2014_test,150.9390106201172,198.0,0.8004503846168518,0.0,7.368682861328125,47.06098937988281
36712,0,calendar_2014_test,210.20291137695312,275.0,0.6458887457847595,0.0,13.076114654541016,64.79708862304688
36713,0,calendar_2014_test,267.5845031738281,320.0,0.6998150944709778,0.0,11.084798812866211,52.415496826171875
36714,0,calendar_2014_test,312.95855712890625,284.0,0.5188087821006775,0.0,17.768741607666016,28.95855712890625
36715,0,calendar_2014_test,255.68060302734375,346.0,0.5843181014060974,0.0,15.349706649780273,90.31939697265625
36716,0,calendar_2014_test,338.4730224609375,311.0,0.4613431692123413,0.0,19.890748977661133,27.4730224609375
36717,0,calendar_2014_test,281.93414306640625,372.0,0.4944782853126526,0.0,18.66718292236328,90.06585693359375
36718,0,calendar_2014_test,359.7762145996094,399.0,0.3246462345123291,0.0,24.938499450683594,39.223785400390625
36719,0,calendar_2014_test,391.2613525390625,370.0,0.377250611782074,0.0,22.996000289916992,21.2613525390625
36720,0,calendar_2014_test,350.6485595703125,327.0,0.42553895711898804,0.0,21.212875366210938,23.6485595703125
36721,0,calendar_2014_test,307.171875,346.0,0.5883609652519226,0.0,15.200418472290039,38.828125
36722,0,calendar_2014_test,354.5828857421875,351.0,0.4776999354362488,0.0,19.28675079345703,3.5828857421875
36723,0,calendar_2014_test,350.9787902832031,362.0,0.3681291341781616,0.0,23.33282470703125,11.021209716796875
36724,0,calendar_2014_test,366.5811462402344,394.0,0.37415969371795654,0.0,23.110136032104492,27.418853759765625
36725,0,calendar_2014_test,402.9586181640625,409.0,0.4229011535644531,0.0,21.31028175354004,6.0413818359375
36726,0,calendar_2014_test,400.00201416015625,384.0,0.41528940200805664,0.0,21.59135627746582,16.00201416015625
36727,0,calendar_2014_test,365.53033447265625,393.0,0.30420011281967163,0.0,25.693504333496094,27.46966552734375
36728,0,calendar_2014_test,377.3597717285156,380.0,0.48067617416381836,0.0,19.176847457885742,2.640228271484375
36729,0,calendar_2014_test,353.0210876464844,330.0,0.4586411118507385,0.0,19.990528106689453,23.021087646484375
36730,0,calendar_2014_test,299.4530334472656,324.0,0.630157470703125,0.0,13.657017707824707,24.546966552734375
36731,0,calendar_2014_test,316.5316467285156,334.0,0.5081275105476379,0.0,18.163164138793945,17.468353271484375
36732,0,calendar_2014_test,336.4740905761719,334.0,0.4369876980781555,0.0,20.79011344909668,2.474090576171875
36733,0,calendar_2014_test,330.40185546875,368.0,0.3663857579231262,0.0,23.397201538085938,37.59814453125
36734,0,calendar_2014_test,375.5308532714844,360.0,0.3630458116531372,0.0,23.52053451538086,15.530853271484375
36735,0,calendar_2014_test,353.7524108886719,324.0,0.4312448501586914,0.0,21.00217628479004,29.752410888671875
36736,0,calendar_2014_test,313.13201904296875,299.0,0.5352215766906738,0.0,17.16267204284668,14.13201904296875
36737,0,calendar_2014_test,287.1755676269531,305.0,0.5680912733078003,0.0,15.948906898498535,17.824432373046875
36738,0,calendar_2014_test,307.61016845703125,290.0,0.4983850121498108,0.0,18.522920608520508,17.61016845703125
36739,0,calendar_2014_test,282.02801513671875,314.0,0.5946108102798462,0.0,14.969633102416992,31.97198486328125
36740,0,calendar_2014_test,322.80767822265625,315.0,0.46471625566482544,0.0,19.766193389892578,7.80767822265625
36741,0,calendar_2014_test,310.5791320800781,306.0,0.5517158508300781,0.0,16.55359649658203,4.579132080078125
36742,0,calendar_2014_test,302.5401611328125,292.0,0.5172299146652222,0.0,17.827043533325195,10.5401611328125
36743,0,calendar_2014_test,288.3945007324219,315.0,0.587101399898529,0.0,15.246929168701172,26.605499267578125
36744,0,calendar_2014_test,327.06390380859375,332.0,0.5013681650161743,0.0,18.412763595581055,4.93609619140625
36745,0,calendar_2014_test,342.39794921875,342.0,0.4499862790107727,0.0,20.31011962890625,0.39794921875
36746,0,calendar_2014_test,354.9930725097656,338.0,0.49743902683258057,0.0,18.55785369873047,16.993072509765625
36747,0,calendar_2014_test,333.6563720703125,375.0,0.475247859954834,0.0,19.377296447753906,41.3436279296875
36748,0,calendar_2014_test,20.138391494750977,31.0,0.9273219704627991,0.0,2.6837503910064697,10.861608505249023
36749,0,calendar_2014_test,26.14602279663086,37.0,0.9222989082336426,0.0,2.8692352771759033,10.85397720336914
36750,0,calendar_2014_test,32.35390853881836,36.0,0.9151939153671265,0.0,3.1315979957580566,3.6460914611816406
36751,0,calendar_2014_test,30.906970977783203,31.0,0.9255584478378296,0.0,2.748870372772217,0.09302902221679688
36752,0,calendar_2014_test,29.076601028442383,26.0,0.9207966327667236,0.0,2.924708366394043,3.076601028442383
36753,0,calendar_2014_test,27.95395278930664,28.0,0.9121996164321899,0.0,3.2421672344207764,0.046047210693359375
36754,0,calendar_2014_test,29.158658981323242,26.0,0.9212753772735596,0.0,2.9070301055908203,3.158658981323242
36755,0,calendar_2014_test,30.025386810302734,38.0,0.9173505306243896,0.0,3.0519609451293945,7.974613189697266
36756,0,calendar_2014_test,43.18369674682617,48.0,0.9027823209762573,0.0,3.5899147987365723,4.816303253173828
36757,0,calendar_2014_test,54.45827865600586,65.0,0.9079188108444214,0.0,3.400242805480957,10.54172134399414
36758,0,calendar_2014_test,71.34228515625,79.0,0.8821349143981934,0.0,4.352353572845459,7.65771484375
36759,0,calendar_2014_test,87.51553344726562,101.0,0.8814896941184998,0.0,4.37617826461792,13.484466552734375
36760,0,calendar_2014_test,108.72280883789062,123.0,0.8473982214927673,0.0,5.635060787200928,14.277191162109375
36761,0,calendar_2014_test,130.56040954589844,146.0,0.8269146680831909,0.0,6.391447067260742,15.439590454101562
36762,0,calendar_2014_test,148.66702270507812,127.0,0.7926152944564819,0.0,7.6580071449279785,21.667022705078125
36763,0,calendar_2014_test,121.95529174804688,107.0,0.8212035298347473,0.0,6.602340221405029,14.955291748046875
36764,0,calendar_2014_test,104.54047393798828,106.0,0.8312025666236877,0.0,6.2331109046936035,1.4595260620117188
36765,0,calendar_2014_test,109.354736328125,116.0,0.8312849402427673,0.0,6.230068206787109,6.645263671875
36766,0,calendar_2014_test,121.04197692871094,100.0,0.7956261038780212,0.0,7.5468268394470215,21.041976928710938
36767,0,calendar_2014_test,96.04347229003906,91.0,0.8321370482444763,0.0,6.198602676391602,5.0434722900390625
36768,0,calendar_2014_test,92.45632934570312,91.0,0.8474717140197754,0.0,5.632346153259277,1.456329345703125
36769,0,calendar_2014_test,95.79610443115234,99.0,0.8719260692596436,0.0,4.729332447052002,3.2038955688476562
36770,0,calendar_2014_test,102.7533187866211,110.0,0.8301224708557129,0.0,6.272995948791504,7.246681213378906
36771,0,calendar_2014_test,111.10014343261719,111.0,0.8048309683799744,0.0,7.20692253112793,0.1001434326171875
36772,0,calendar_2014_test,108.30766296386719,113.0,0.8037723898887634,0.0,7.246012210845947,4.6923370361328125
36773,0,calendar_2014_test,107.8911361694336,101.0,0.8300154209136963,0.0,6.276947975158691,6.891136169433594
36774,0,calendar_2014_test,101.30160522460938,101.0,0.8283286094665527,0.0,6.339235305786133,0.301605224609375
36775,0,calendar_2014_test,106.37569427490234,111.0,0.79352867603302,0.0,7.624278545379639,4.624305725097656
36776,0,calendar_2014_test,119.53199768066406,114.0,0.847148060798645,0.0,5.6442975997924805,5.5319976806640625
36777,0,calendar_2014_test,120.70048522949219,119.0,0.8502917289733887,0.0,5.528212070465088,1.7004852294921875
36778,0,calendar_2014_test,126.1204605102539,141.0,0.7980151772499084,0.0,7.458606243133545,14.879539489746094
36779,0,calendar_2014_test,151.46420288085938,149.0,0.7374522686004639,0.0,9.694987297058105,2.464202880859375
36780,0,calendar_2014_test,159.62257385253906,134.0,0.7751642465591431,0.0,8.302413940429688,25.622573852539062
36781,0,calendar_2014_test,137.24903869628906,143.0,0.7989233136177063,0.0,7.425071716308594,5.7509613037109375
36782,0,calendar_2014_test,155.1777801513672,174.0,0.7747389078140259,0.0,8.318120956420898,18.822219848632812
36783,0,calendar_2014_test,189.57643127441406,182.0,0.7128703594207764,0.0,10.602712631225586,7.5764312744140625
36784,0,calendar_2014_test,194.00262451171875,181.0,0.7501261234283447,0.0,9.226984977722168,13.00262451171875
36785,0,calendar_2014_test,186.72976684570312,186.0,0.737277626991272,0.0,9.701436996459961,0.729766845703125
36786,0,calendar_2014_test,197.26904296875,193.0,0.7506539821624756,0.0,9.20749282836914,4.26904296875
36787,0,calendar_2014_test,185.9235382080078,240.0,0.7806011438369751,0.0,8.101648330688477,54.07646179199219
36788,0,calendar_2014_test,238.85491943359375,289.0,0.603159487247467,0.0,14.653959274291992,50.14508056640625
36789,0,calendar_2014_test,281.2032470703125,282.0,0.5312672853469849,0.0,17.308691024780273,0.7967529296875
36790,0,calendar_2014_test,258.9703369140625,188.0,0.6261821985244751,0.0,13.80380916595459,70.9703369140625
36791,0,calendar_2014_test,162.84881591796875,175.0,0.7287294864654541,0.0,10.01708984375,12.15118408203125
36792,0,calendar_2014_test,155.82627868652344,150.0,0.6949579119682312,0.0,11.264158248901367,5.8262786865234375
36793,0,calendar_2014_test,136.81817626953125,116.0,0.8214241862297058,0.0,6.594192981719971,20.81817626953125
36794,0,calendar_2014_test,98.87132263183594,100.0,0.8887740969657898,0.0,4.1071906089782715,1.1286773681640625
36795,0,calendar_2014_test,89.47264099121094,42.0,0.8885869383811951,0.0,4.114101886749268,47.47264099121094
36796,0,calendar_2014_test,35.780391693115234,41.0,0.9092669486999512,0.0,3.3504600524902344,5.219608306884766
36797,0,calendar_2014_test,30.694398880004883,30.0,0.9073767066001892,0.0,3.4202611446380615,0.6943988800048828
36798,0,calendar_2014_test,25.966402053833008,28.0,0.9289757609367371,0.0,2.6226820945739746,2.033597946166992
36799,0,calendar_2014_test,25.75370216369629,19.0,0.9109903573989868,0.0,3.28682017326355,6.753702163696289
36800,0,calendar_2014_test,21.704139709472656,22.0,0.8977550864219666,0.0,3.7755534648895264,0.29586029052734375
36801,0,calendar_2014_test,21.413707733154297,22.0,0.939066469669342,0.0,2.2500662803649902,0.5862922668457031
36802,0,calendar_2014_test,26.06893539428711,22.0,0.9186091423034668,0.0,3.005484104156494,4.068935394287109
36803,0,calendar_2014_test,25.934988021850586,31.0,0.9029290676116943,0.0,3.5844972133636475,5.065011978149414
36804,0,calendar_2014_test,35.72493362426758,31.0,0.8933364748954773,0.0,3.938718318939209,4.724933624267578
36805,0,calendar_2014_test,36.5617561340332,44.0,0.8996432423591614,0.0,3.7058303356170654,7.438243865966797
36806,0,calendar_2014_test,50.247314453125,46.0,0.914523720741272,0.0,3.1563451290130615,4.247314453125
36807,0,calendar_2014_test,54.44211196899414,62.0,0.9027643203735352,0.0,3.590580940246582,7.557888031005859
36808,0,calendar_2014_test,74.1220932006836,80.0,0.8873435258865356,0.0,4.160016059875488,5.877906799316406
36809,0,calendar_2014_test,93.13803100585938,129.0,0.8708537817001343,0.0,4.768926620483398,35.861968994140625
36810,0,calendar_2014_test,140.4720001220703,118.0,0.7650554776191711,0.0,8.675695419311523,22.472000122070312
36811,0,calendar_2014_test,119.3718490600586,90.0,0.8071749210357666,0.0,7.120368957519531,29.371849060058594
36812,0,calendar_2014_test,91.01337432861328,78.0,0.8648754954338074,0.0,4.989684104919434,13.013374328613281
36813,0,calendar_2014_test,79.04502868652344,86.0,0.8830087184906006,0.0,4.3200860023498535,6.9549713134765625
36814,0,calendar_2014_test,92.88243865966797,111.0,0.8818691968917847,0.0,4.362166404724121,18.11756134033203
36815,0,calendar_2014_test,116.93328094482422,144.0,0.8830525875091553,0.0,4.318465709686279,27.06671905517578
36816,0,calendar_2014_test,147.1428680419922,121.0,0.8055667281150818,0.0,7.179753303527832,26.142868041992188
36817,0,calendar_2014_test,114.57252502441406,112.0,0.8434625864028931,0.0,5.780391216278076,2.5725250244140625
36818,0,calendar_2014_test,114.35314178466797,111.0,0.86366206407547,0.0,5.034492015838623,3.3531417846679688
36819,0,calendar_2014_test,113.53379821777344,146.0,0.821321427822113,0.0,6.597986698150635,32.46620178222656
36820,0,calendar_2014_test,154.4226837158203,159.0,0.7640045285224915,0.0,8.71450424194336,4.5773162841796875
36821,0,calendar_2014_test,161.5261993408203,151.0,0.7297325134277344,0.0,9.980050086975098,10.526199340820312
36822,0,calendar_2014_test,154.3931427001953,143.0,0.7495340704917908,0.0,9.248847961425781,11.393142700195312
36823,0,calendar_2014_test,144.02035522460938,157.0,0.7509926557540894,0.0,9.194987297058105,12.979644775390625
36824,0,calendar_2014_test,158.84825134277344,174.0,0.7283431887626648,0.0,10.031354904174805,15.151748657226562
36825,0,calendar_2014_test,180.26231384277344,199.0,0.7315951585769653,0.0,9.911272048950195,18.737686157226562
36826,0,calendar_2014_test,208.14505004882812,192.0,0.6025400161743164,0.0,14.676833152770996,16.145050048828125
36827,0,calendar_2014_test,193.61460876464844,189.0,0.6569998860359192,0.0,12.665818214416504,4.6146087646484375
36828,0,calendar_2014_test,192.94119262695312,159.0,0.7014837265014648,0.0,11.023183822631836,33.941192626953125
36829,0,calendar_2014_test,151.78713989257812,205.0,0.7567887902259827,0.0,8.980956077575684,53.212860107421875
36830,0,calendar_2014_test,213.5253448486328,230.0,0.6834908723831177,0.0,11.687596321105957,16.474655151367188
36831,0,calendar_2014_test,243.92822265625,280.0,0.6151807308197021,0.0,14.21005630493164,36.07177734375
36832,0,calendar_2014_test,283.8151550292969,266.0,0.5757473111152649,0.0,15.666196823120117,17.815155029296875
36833,0,calendar_2014_test,252.3649444580078,311.0,0.7088470458984375,0.0,10.751280784606934,58.63505554199219
36834,0,calendar_2014_test,314.1949462890625,342.0,0.4691801071166992,0.0,19.60135841369629,27.8050537109375
36835,0,calendar_2014_test,331.4944152832031,323.0,0.3878088593482971,0.0,22.60611915588379,8.494415283203125
36836,0,calendar_2014_test,308.30523681640625,299.0,0.5751575231552124,0.0,15.687976837158203,9.30523681640625
36837,0,calendar_2014_test,291.4777526855469,283.0,0.5546332597732544,0.0,16.445865631103516,8.477752685546875
36838,0,calendar_2014_test,272.8682861328125,258.0,0.6302232146263123,0.0,13.65458869934082,14.8682861328125
36839,0,calendar_2014_test,251.89923095703125,239.0,0.6060149669647217,0.0,14.548516273498535,12.89923095703125
36840,0,calendar_2014_test,237.89883422851562,236.0,0.6915299892425537,0.0,11.390738487243652,1.898834228515625
36841,0,calendar_2014_test,234.05770874023438,241.0,0.6733503341674805,0.0,12.062051773071289,6.942291259765625
36842,0,calendar_2014_test,253.07382202148438,226.0,0.6268396377563477,0.0,13.779532432556152,27.073822021484375
36843,0,calendar_2014_test,224.2633514404297,215.0,0.6969418525695801,0.0,11.190896987915039,9.263351440429688
36844,0,calendar_2014_test,212.0105438232422,201.0,0.739539384841919,0.0,9.617918014526367,11.010543823242188
36845,0,calendar_2014_test,196.579833984375,201.0,0.6313084959983826,0.0,13.61451244354248,4.420166015625
36846,0,calendar_2014_test,203.9271697998047,234.0,0.676538348197937,0.0,11.944331169128418,30.072830200195312
36847,0,calendar_2014_test,247.87173461914062,241.0,0.6574685573577881,0.0,12.648510932922363,6.871734619140625
36848,0,calendar_2014_test,247.47103881835938,250.0,0.7309068441390991,0.0,9.936688423156738,2.528961181640625
36849,0,calendar_2014_test,261.4412841796875,259.0,0.6027044653892517,0.0,14.670762062072754,2.4412841796875
36850,0,calendar_2014_test,273.6263122558594,289.0,0.6648110151290894,0.0,12.37738037109375,15.373687744140625
36851,0,calendar_2014_test,306.0727233886719,330.0,0.4271238446235657,0.0,21.15435218811035,23.927276611328125
36852,0,calendar_2014_test,337.86907958984375,350.0,0.4636048674583435,0.0,19.807231903076172,12.13092041015625
36853,0,calendar_2014_test,352.0610046386719,350.0,0.5337649583816528,0.0,17.216461181640625,2.061004638671875
36854,0,calendar_2014_test,348.43902587890625,388.0,0.5051512718200684,0.0,18.273067474365234,39.56097412109375
36855,0,calendar_2014_test,389.3455810546875,379.0,0.4040074944496155,0.0,22.007959365844727,10.3455810546875
36856,0,calendar_2014_test,374.1300964355469,436.0,0.3044707775115967,0.0,25.683509826660156,61.869903564453125
36857,0,calendar_2014_test,428.1704406738281,502.0,0.3505926728248596,0.0,23.980384826660156,73.82955932617188
36858,0,calendar_2014_test,477.5350646972656,522.0,0.4305492639541626,0.0,21.027862548828125,44.464935302734375
36859,0,calendar_2014_test,465.4643859863281,470.0,0.3087572455406189,0.0,25.525224685668945,4.535614013671875
36860,0,calendar_2014_test,424.56890869140625,439.0,0.22558236122131348,0.0,28.596588134765625,14.43109130859375
36861,0,calendar_2014_test,411.90985107421875,362.0,0.2854986786842346,0.0,26.384082794189453,49.90985107421875
36862,0,calendar_2014_test,270.82379150390625,176.0,0.5387219190597534,0.0,17.033418655395508,94.82379150390625
36863,0,calendar_2014_test,142.3356475830078,98.0,0.7087566256523132,0.0,10.754618644714355,44.33564758300781
36864,0,calendar_2014_test,77.02659606933594,24.0,0.8734354376792908,0.0,4.673594951629639,53.02659606933594
36865,0,calendar_2014_test,19.25994110107422,20.0,0.9241232872009277,0.0,2.801865577697754,0.7400588989257812
36866,0,calendar_2014_test,18.330684661865234,11.0,0.914616048336029,0.0,3.152937173843384,7.330684661865234
36867,0,calendar_2014_test,11.241991996765137,11.0,0.9076239466667175,0.0,3.411130905151367,0.24199199676513672
36868,0,calendar_2014_test,10.273147583007812,14.0,0.8986930251121521,0.0,3.740919351577759,3.7268524169921875
36869,0,calendar_2014_test,14.311519622802734,14.0,0.9144036769866943,0.0,3.1607775688171387,0.3115196228027344
36870,0,calendar_2014_test,15.075827598571777,16.0,0.9141385555267334,0.0,3.170567750930786,0.9241724014282227
36871,0,calendar_2014_test,17.275423049926758,13.0,0.9208793640136719,0.0,2.9216527938842773,4.275423049926758
36872,0,calendar_2014_test,14.837718963623047,13.0,0.9192129969596863,0.0,2.9831879138946533,1.8377189636230469
36873,0,calendar_2014_test,15.988790512084961,14.0,0.9088375568389893,0.0,3.366316556930542,1.988790512084961
36874,0,calendar_2014_test,15.768770217895508,18.0,0.9054729342460632,0.0,3.4905598163604736,2.231229782104492
36875,0,calendar_2014_test,18.830835342407227,17.0,0.9393818974494934,0.0,2.2384183406829834,1.8308353424072266
36876,0,calendar_2014_test,17.5361328125,16.0,0.9178677201271057,0.0,3.032862663269043,1.5361328125
36877,0,calendar_2014_test,17.687746047973633,20.0,0.9167364835739136,0.0,3.0746357440948486,2.312253952026367
36878,0,calendar_2014_test,22.04448890686035,30.0,0.9074628949165344,0.0,3.417078733444214,7.955511093139648
36879,0,calendar_2014_test,28.51921272277832,24.0,0.9108463525772095,0.0,3.292137622833252,4.51921272277832
36880,0,calendar_2014_test,24.792142868041992,34.0,0.9214797019958496,0.0,2.899484395980835,9.207857131958008
36881,0,calendar_2014_test,32.6605339050293,37.0,0.9107766151428223,0.0,3.2947137355804443,4.339466094970703
36882,0,calendar_2014_test,36.71529006958008,39.0,0.8951222896575928,0.0,3.872775077819824,2.284709930419922
36883,0,calendar_2014_test,38.34073257446289,34.0,0.9064314365386963,0.0,3.4551663398742676,4.340732574462891
36884,0,calendar_2014_test,31.555097579956055,39.0,0.9050382971763611,0.0,3.5066094398498535,7.444902420043945
36885,0,calendar_2014_test,36.35219192504883,49.0,0.9202786087989807,0.0,2.9438366889953613,12.647808074951172
36886,0,calendar_2014_test,46.89389419555664,51.0,0.8929045796394348,0.0,3.9546661376953125,4.106105804443359
36887,0,calendar_2014_test,49.05634689331055,52.0,0.9092394709587097,0.0,3.351475954055786,2.943653106689453
36888,0,calendar_2014_test,51.03923416137695,70.0,0.8964537382125854,0.0,3.8236074447631836,18.960765838623047
36889,0,calendar_2014_test,71.41520690917969,83.0,0.8909838199615479,0.0,4.025592803955078,11.584793090820312
36890,0,calendar_2014_test,83.381591796875,92.0,0.8654968738555908,0.0,4.966738700866699,8.618408203125
36891,0,calendar_2014_test,91.44447326660156,95.0,0.847261369228363,0.0,5.640113353729248,3.5555267333984375
36892,0,calendar_2014_test,90.98219299316406,83.0,0.8699368834495544,0.0,4.802785396575928,7.9821929931640625
36893,0,calendar_2014_test,75.45597076416016,66.0,0.8915613293647766,0.0,4.004268169403076,9.455970764160156
36894,0,calendar_2014_test,63.47695541381836,66.0,0.9006301760673523,0.0,3.6693873405456543,2.5230445861816406
36895,0,calendar_2014_test,69.72932434082031,77.0,0.8678156137466431,0.0,4.881117343902588,7.2706756591796875
36896,0,calendar_2014_test,81.19733428955078,74.0,0.846246600151062,0.0,5.677585124969482,7.197334289550781
36897,0,calendar_2014_test,75.50062561035156,70.0,0.8866569995880127,0.0,4.185367584228516,5.5006256103515625
36898,0,calendar_2014_test,73.0535659790039,86.0,0.8897899985313416,0.0,4.069677352905273,12.946434020996094
36899,0,calendar_2014_test,92.37928771972656,90.0,0.8317484855651855,0.0,6.212951183319092,2.3792877197265625
36900,0,calendar_2014_test,94.75679779052734,91.0,0.8284852504730225,0.0,6.333452224731445,3.7567977905273438
36901,0,calendar_2014_test,96.43228149414062,99.0,0.8503477573394775,0.0,5.526144027709961,2.567718505859375
36902,0,calendar_2014_test,104.65799713134766,129.0,0.8631992340087891,0.0,5.051583290100098,24.342002868652344
36903,0,calendar_2014_test,138.24688720703125,168.0,0.8364710211753845,0.0,6.038565158843994,29.75311279296875
36904,0,calendar_2014_test,173.34315490722656,200.0,0.7260981798171997,0.0,10.114255905151367,26.656845092773438
36905,0,calendar_2014_test,204.71420288085938,214.0,0.6415929198265076,0.0,13.23474407196045,9.285797119140625
36906,0,calendar_2014_test,219.0067596435547,211.0,0.6824183464050293,0.0,11.727200508117676,8.006759643554688
36907,0,calendar_2014_test,208.9553680419922,219.0,0.6820731163024902,0.0,11.739950180053711,10.044631958007812
36908,0,calendar_2014_test,224.43556213378906,237.0,0.6917416453361511,0.0,11.38292407989502,12.564437866210938
36909,0,calendar_2014_test,252.0857696533203,248.0,0.7170088291168213,0.0,10.449893951416016,4.0857696533203125
36910,0,calendar_2014_test,250.9928741455078,254.0,0.5315740704536438,0.0,17.29736328125,3.0071258544921875
36911,0,calendar_2014_test,258.36834716796875,254.0,0.629331111907959,0.0,13.687532424926758,4.36834716796875
36912,0,calendar_2014_test,251.33670043945312,252.0,0.5592246055603027,0.0,16.276325225830078,0.663299560546875
36913,0,calendar_2014_test,249.88467407226562,277.0,0.6273839473724365,0.0,13.75943374633789,27.115325927734375
36914,0,calendar_2014_test,286.75823974609375,291.0,0.6239264011383057,0.0,13.887109756469727,4.24176025390625
36915,0,calendar_2014_test,295.4248352050781,287.0,0.5605115294456482,0.0,16.228801727294922,8.424835205078125
36916,0,calendar_2014_test,283.69476318359375,295.0,0.5696789026260376,0.0,15.89028263092041,11.30523681640625
36917,0,calendar_2014_test,291.4012756347656,287.0,0.641889214515686,0.0,13.223804473876953,4.401275634765625
36918,0,calendar_2014_test,289.8157958984375,325.0,0.5802270174026489,0.0,15.500776290893555,35.1842041015625
36919,0,calendar_2014_test,329.0069274902344,301.0,0.5790812969207764,0.0,15.543083190917969,28.006927490234375
36920,0,calendar_2014_test,282.57232666015625,311.0,0.6499707698822021,0.0,12.92538070678711,28.42767333984375
36921,0,calendar_2014_test,313.6373291015625,369.0,0.512433648109436,0.0,18.004154205322266,55.3626708984375
36922,0,calendar_2014_test,365.7294616699219,380.0,0.39715009927749634,0.0,22.261178970336914,14.270538330078125
36923,0,calendar_2014_test,383.64532470703125,393.0,0.40018993616104126,0.0,22.148929595947266,9.35467529296875
36924,0,calendar_2014_test,388.0924987792969,344.0,0.5366182327270508,0.0,17.111099243164062,44.092498779296875
36925,0,calendar_2014_test,312.48321533203125,343.0,0.4291909337043762,0.0,21.078022003173828,30.51678466796875
36926,0,calendar_2014_test,348.60919189453125,343.0,0.533090353012085,0.0,17.24137306213379,5.60919189453125
36927,0,calendar_2014_test,332.3143615722656,323.0,0.4916515350341797,0.0,18.77156639099121,9.314361572265625
36928,0,calendar_2014_test,297.1226806640625,328.0,0.5053107142448425,0.0,18.267179489135742,30.8773193359375
36929,0,calendar_2014_test,327.3692626953125,312.0,0.43183833360671997,0.0,20.980262756347656,15.3692626953125
36930,0,calendar_2014_test,298.5758972167969,264.0,0.6174502372741699,0.0,14.126249313354492,34.575897216796875
36931,0,calendar_2014_test,241.1795196533203,242.0,0.6070640683174133,0.0,14.50977611541748,0.8204803466796875
36932,0,calendar_2014_test,240.82754516601562,254.0,0.6596969366073608,0.0,12.566225051879883,13.172454833984375
36933,0,calendar_2014_test,266.1349182128906,204.0,0.6413196325302124,0.0,13.244836807250977,62.134918212890625
36934,0,calendar_2014_test,183.69349670410156,194.0,0.7485021948814392,0.0,9.286951065063477,10.306503295898438
36935,0,calendar_2014_test,186.9111328125,227.0,0.6732680797576904,0.0,12.065089225769043,40.0888671875
36936,0,calendar_2014_test,227.73143005371094,242.0,0.7161721587181091,0.0,10.480789184570312,14.268569946289062
36937,0,calendar_2014_test,248.51686096191406,235.0,0.6460723876953125,0.0,13.069334030151367,13.516860961914062
36938,0,calendar_2014_test,226.28623962402344,168.0,0.5894294381141663,0.0,15.16096305847168,58.28623962402344
36939,0,calendar_2014_test,132.48236083984375,20.0,0.7944960594177246,0.0,7.58855676651001,112.48236083984375
36940,0,calendar_2014_test,12.621212005615234,18.0,0.9063706994056702,0.0,3.457409381866455,5.378787994384766
36941,0,calendar_2014_test,16.57384490966797,16.0,0.9158250093460083,0.0,3.108293056488037,0.5738449096679688
36942,0,calendar_2014_test,9.931529998779297,24.0,0.9103664755821228,0.0,3.309859275817871,14.068470001220703
36943,0,calendar_2014_test,15.142792701721191,23.0,0.9003065228462219,0.0,3.6813387870788574,7.857207298278809
36944,0,calendar_2014_test,18.359771728515625,36.0,0.9083715081214905,0.0,3.383525848388672,17.640228271484375
36945,0,calendar_2014_test,31.584829330444336,43.0,0.9029088020324707,0.0,3.5852460861206055,11.415170669555664
36946,0,calendar_2014_test,37.0101318359375,30.0,0.8821535110473633,0.0,4.351666450500488,7.0101318359375
36947,0,calendar_2014_test,26.445140838623047,19.0,0.9107736349105835,0.0,3.2948226928710938,7.445140838623047
36948,0,calendar_2014_test,19.032236099243164,14.0,0.928047776222229,0.0,2.656949520111084,5.032236099243164
36949,0,calendar_2014_test,15.507770538330078,18.0,0.9226504564285278,0.0,2.8562541007995605,2.492229461669922
36950,0,calendar_2014_test,14.992950439453125,27.0,0.9231363534927368,0.0,2.838310956954956,12.007049560546875
36951,0,calendar_2014_test,20.386560440063477,31.0,0.9252561330795288,0.0,2.760035276412964,10.613439559936523
36952,0,calendar_2014_test,26.240673065185547,44.0,0.9318743944168091,0.0,2.5156452655792236,17.759326934814453
36953,0,calendar_2014_test,38.298667907714844,32.0,0.9207079410552979,0.0,2.9279842376708984,6.298667907714844
36954,0,calendar_2014_test,27.567476272583008,33.0,0.9225870966911316,0.0,2.8585922718048096,5.432523727416992
36955,0,calendar_2014_test,28.398975372314453,48.0,0.8987780213356018,0.0,3.737781524658203,19.601024627685547
36956,0,calendar_2014_test,44.5694694519043,36.0,0.9012377858161926,0.0,3.646949529647827,8.569469451904297
36957,0,calendar_2014_test,33.10753631591797,25.0,0.9206089973449707,0.0,2.9316368103027344,8.107536315917969
36958,0,calendar_2014_test,23.64670181274414,21.0,0.9331895112991333,0.0,2.4670822620391846,2.6467018127441406
36959,0,calendar_2014_test,19.167539596557617,13.0,0.9300108551979065,0.0,2.5844593048095703,6.167539596557617
36960,0,calendar_2014_test,12.595023155212402,13.0,0.9251041412353516,0.0,2.7656476497650146,0.40497684478759766
36961,0,calendar_2014_test,11.925418853759766,12.0,0.92298424243927,0.0,2.8439271450042725,0.07458114624023438
36962,0,calendar_2014_test,13.103943824768066,13.0,0.9421983361244202,0.0,2.134417772293091,0.1039438247680664
36963,0,calendar_2014_test,14.646587371826172,12.0,0.9233106970787048,0.0,2.831873893737793,2.646587371826172
36964,0,calendar_2014_test,13.223695755004883,11.0,0.938866138458252,0.0,2.2574644088745117,2.223695755004883
36965,0,calendar_2014_test,13.569269180297852,10.0,0.9367343187332153,0.0,2.336183786392212,3.5692691802978516
36966,0,calendar_2014_test,12.6373872756958,12.0,0.9226298928260803,0.0,2.85701322555542,0.6373872756958008
36967,0,calendar_2014_test,13.60208511352539,14.0,0.9328722953796387,0.0,2.4787960052490234,0.3979148864746094
36968,0,calendar_2014_test,14.692153930664062,11.0,0.9450018405914307,0.0,2.0308923721313477,3.6921539306640625
36969,0,calendar_2014_test,12.220526695251465,10.0,0.9327080845832825,0.0,2.4848592281341553,2.220526695251465
36970,0,calendar_2014_test,13.060014724731445,9.0,0.9511477947235107,0.0,1.8039454221725464,4.060014724731445
36971,0,calendar_2014_test,11.426506996154785,9.0,0.9208989143371582,0.0,2.9209320545196533,2.426506996154785
36972,0,calendar_2014_test,13.78565502166748,8.0,0.9324490427970886,0.0,2.494424343109131,5.7856550216674805
36973,0,calendar_2014_test,10.774481773376465,9.0,0.9393761157989502,0.0,2.238633155822754,1.7744817733764648
36974,0,calendar_2014_test,12.356146812438965,15.0,0.9273841381072998,0.0,2.681454658508301,2.643853187561035
36975,0,calendar_2014_test,15.427282333374023,19.0,0.917841374874115,0.0,3.033837080001831,3.5727176666259766
36976,0,calendar_2014_test,18.852567672729492,8.0,0.9201303720474243,0.0,2.9493112564086914,10.852567672729492
36977,0,calendar_2014_test,12.137520790100098,15.0,0.9372923374176025,0.0,2.315577745437622,2.8624792098999023
36978,0,calendar_2014_test,16.192821502685547,8.0,0.9363174438476562,0.0,2.3515775203704834,8.192821502685547
36979,0,calendar_2014_test,12.554656982421875,15.0,0.942260205745697,0.0,2.1321325302124023,2.445343017578125
36980,0,calendar_2014_test,16.125036239624023,11.0,0.9398768544197083,0.0,2.220142126083374,5.125036239624023
36981,0,calendar_2014_test,14.23243522644043,13.0,0.9361671209335327,0.0,2.357130527496338,1.2324352264404297
36982,0,calendar_2014_test,16.163043975830078,11.0,0.9214500188827515,0.0,2.9005813598632812,5.163043975830078
36983,0,calendar_2014_test,15.152679443359375,13.0,0.9278163313865662,0.0,2.665494680404663,2.152679443359375
36984,0,calendar_2014_test,15.065893173217773,11.0,0.9418031573295593,0.0,2.149010181427002,4.065893173217773
36985,0,calendar_2014_test,15.4736967086792,12.0,0.9245434999465942,0.0,2.7863500118255615,3.473696708679199
36986,0,calendar_2014_test,16.133268356323242,13.0,0.9413854479789734,0.0,2.1644341945648193,3.133268356323242
36987,0,calendar_2014_test,15.052578926086426,11.0,0.927763819694519,0.0,2.667433261871338,4.052578926086426
36988,0,calendar_2014_test,14.768488883972168,26.0,0.9257348775863647,0.0,2.7423558235168457,11.231511116027832
36989,0,calendar_2014_test,21.075876235961914,23.0,0.9309757351875305,0.0,2.5488288402557373,1.924123764038086
36990,0,calendar_2014_test,25.50469207763672,43.0,0.9259124398231506,0.0,2.7357990741729736,17.49530792236328
36991,0,calendar_2014_test,47.09621047973633,52.0,0.8987141847610474,0.0,3.740138053894043,4.903789520263672
36992,0,calendar_2014_test,55.58864212036133,76.0,0.8844096660614014,0.0,4.268355369567871,20.411357879638672
36993,0,calendar_2014_test,77.30672454833984,66.0,0.8923996090888977,0.0,3.9733142852783203,11.306724548339844
36994,0,calendar_2014_test,69.37358093261719,40.0,0.8811517357826233,0.0,4.388659477233887,29.373580932617188
36995,0,calendar_2014_test,43.633670806884766,67.0,0.9199038147926331,0.0,2.9576783180236816,23.366329193115234
36996,0,calendar_2014_test,74.01313781738281,81.0,0.8691110610961914,0.0,4.833279132843018,6.9868621826171875
36997,0,calendar_2014_test,86.01594543457031,96.0,0.8376545906066895,0.0,5.99485969543457,9.984054565429688
36998,0,calendar_2014_test,102.11622619628906,108.0,0.8464899063110352,0.0,5.668602466583252,5.8837738037109375
36999,0,calendar_2014_test,112.61701202392578,99.0,0.8338465690612793,0.0,6.135475158691406,13.617012023925781
37000,0,calendar_2014_test,102.06998443603516,111.0,0.8622031807899475,0.0,5.0883636474609375,8.930015563964844
37001,0,calendar_2014_test,117.48551177978516,120.0,0.8285843133926392,0.0,6.329794406890869,2.5144882202148438
37002,0,calendar_2014_test,119.57151794433594,125.0,0.8077918291091919,0.0,7.097589015960693,5.4284820556640625
37003,0,calendar_2014_test,119.22761535644531,123.0,0.8707171082496643,0.0,4.7739739418029785,3.7723846435546875
37004,0,calendar_2014_test,118.5333023071289,126.0,0.822558581829071,0.0,6.552303791046143,7.466697692871094
37005,0,calendar_2014_test,120.56949615478516,111.0,0.8219367265701294,0.0,6.5752668380737305,9.569496154785156
37006,0,calendar_2014_test,107.43443298339844,26.0,0.8299093246459961,0.0,6.280864715576172,81.43443298339844
37007,0,calendar_2014_test,19.43064308166504,11.0,0.9214093685150146,0.0,2.9020814895629883,8.430643081665039
37008,0,calendar_2014_test,12.614826202392578,13.0,0.9469224214553833,0.0,1.9599725008010864,0.3851737976074219
37009,0,calendar_2014_test,12.845273971557617,9.0,0.925582230091095,0.0,2.7479937076568604,3.845273971557617
37010,0,calendar_2014_test,10.656460762023926,9.0,0.9334553480148315,0.0,2.4572653770446777,1.6564607620239258
37011,0,calendar_2014_test,10.787919998168945,13.0,0.9499443769454956,0.0,1.8483818769454956,2.2120800018310547
37012,0,calendar_2014_test,13.20045280456543,17.0,0.9393181800842285,0.0,2.2407712936401367,3.7995471954345703
37013,0,calendar_2014_test,16.97563934326172,16.0,0.9225128293037415,0.0,2.861335515975952,0.9756393432617188
37014,0,calendar_2014_test,15.253692626953125,11.0,0.9456260204315186,0.0,2.0078444480895996,4.253692626953125
37015,0,calendar_2014_test,12.853341102600098,11.0,0.9331784248352051,0.0,2.4674923419952393,1.8533411026000977
37016,0,calendar_2014_test,13.591214179992676,17.0,0.9382935166358948,0.0,2.278608560562134,3.408785820007324
37017,0,calendar_2014_test,18.43861198425293,9.0,0.9318690896034241,0.0,2.5158402919769287,9.43861198425293
37018,0,calendar_2014_test,13.093721389770508,9.0,0.9376941919326782,0.0,2.3007407188415527,4.093721389770508
37019,0,calendar_2014_test,13.81710147857666,11.0,0.9332337379455566,0.0,2.4654483795166016,2.81710147857666
37020,0,calendar_2014_test,13.913354873657227,8.0,0.9418298006057739,0.0,2.148026943206787,5.913354873657227
37021,0,calendar_2014_test,13.688583374023438,15.0,0.9407681226730347,0.0,2.1872310638427734,1.3114166259765625
37022,0,calendar_2014_test,15.884760856628418,14.0,0.9226188659667969,0.0,2.8574204444885254,1.884760856628418
37023,0,calendar_2014_test,16.290124893188477,9.0,0.9367189407348633,0.0,2.336751699447632,7.290124893188477
37024,0,calendar_2014_test,12.79513931274414,7.0,0.9308255910873413,0.0,2.554373025894165,5.795139312744141
37025,0,calendar_2014_test,12.546074867248535,6.0,0.9388421773910522,0.0,2.258347511291504,6.546074867248535
37026,0,calendar_2014_test,10.598177909851074,8.0,0.9354433417320251,0.0,2.3838558197021484,2.598177909851074
37027,0,calendar_2014_test,9.521807670593262,11.0,0.943159282207489,0.0,2.0989327430725098,1.4781923294067383
37028,0,calendar_2014_test,12.730005264282227,9.0,0.9185319542884827,0.0,3.008335828781128,3.7300052642822266
37029,0,calendar_2014_test,12.580617904663086,11.0,0.9216182827949524,0.0,2.8943681716918945,1.580617904663086
37030,0,calendar_2014_test,13.058854103088379,9.0,0.9375296831130981,0.0,2.306814670562744,4.058854103088379
37031,0,calendar_2014_test,12.358746528625488,8.0,0.939676821231842,0.0,2.227527141571045,4.358746528625488
37032,0,calendar_2014_test,11.731338500976562,5.0,0.9344475269317627,0.0,2.4206271171569824,6.7313385009765625
37033,0,calendar_2014_test,11.978717803955078,6.0,0.9420915842056274,0.0,2.1383588314056396,5.978717803955078
37034,0,calendar_2014_test,10.734991073608398,9.0,0.9378277063369751,0.0,2.295809030532837,1.7349910736083984
37035,0,calendar_2014_test,12.071905136108398,6.0,0.9400016069412231,0.0,2.215535879135132,6.071905136108398
37036,0,calendar_2014_test,10.089010238647461,7.0,0.9306308031082153,0.0,2.561567783355713,3.089010238647461
37037,0,calendar_2014_test,10.51640510559082,7.0,0.9207033514976501,0.0,2.9281539916992188,3.5164051055908203
37038,0,calendar_2014_test,10.825960159301758,6.0,0.9399101734161377,0.0,2.218912363052368,4.825960159301758
37039,0,calendar_2014_test,7.720154285430908,9.0,0.9246646165847778,0.0,2.7818763256073,1.2798457145690918
37040,0,calendar_2014_test,11.799440383911133,11.0,0.9296019077301025,0.0,2.599560022354126,0.7994403839111328
37041,0,calendar_2014_test,13.317614555358887,10.0,0.9468861222267151,0.0,1.9613126516342163,3.3176145553588867
37042,0,calendar_2014_test,13.053997039794922,10.0,0.9197290539741516,0.0,2.96412992477417,3.053997039794922
37043,0,calendar_2014_test,12.844629287719727,8.0,0.9310125112533569,0.0,2.5474705696105957,4.844629287719727
37044,0,calendar_2014_test,11.55210018157959,7.0,0.9469923377037048,0.0,1.9573922157287598,4.55210018157959
37045,0,calendar_2014_test,11.39447021484375,10.0,0.9263181686401367,0.0,2.7208166122436523,1.39447021484375
37046,0,calendar_2014_test,13.98643684387207,8.0,0.915866494178772,0.0,3.1067628860473633,5.98643684387207
37047,0,calendar_2014_test,13.301206588745117,17.0,0.936404287815094,0.0,2.3483715057373047,3.698793411254883
37048,0,calendar_2014_test,18.70075798034668,9.0,0.9135125875473022,0.0,3.1936841011047363,9.70075798034668
37049,0,calendar_2014_test,12.389019012451172,18.0,0.9212334752082825,0.0,2.9085772037506104,5.610980987548828
37050,0,calendar_2014_test,17.590024948120117,10.0,0.9285447001457214,0.0,2.6385984420776367,7.590024948120117
37051,0,calendar_2014_test,14.32433795928955,6.0,0.9311487674713135,0.0,2.5424389839172363,8.32433795928955
37052,0,calendar_2014_test,10.833538055419922,6.0,0.9391379952430725,0.0,2.247424602508545,4.833538055419922
37053,0,calendar_2014_test,11.426661491394043,9.0,0.9241985082626343,0.0,2.7990882396698,2.426661491394043
37054,0,calendar_2014_test,10.723484992980957,8.0,0.9415714144706726,0.0,2.157567262649536,2.723484992980957
37055,0,calendar_2014_test,12.272103309631348,7.0,0.9293461441993713,0.0,2.609004020690918,5.272103309631348
37056,0,calendar_2014_test,13.931096076965332,8.0,0.9254143238067627,0.0,2.7541940212249756,5.931096076965332
37057,0,calendar_2014_test,13.08091926574707,14.0,0.9383254051208496,0.0,2.277430772781372,0.9190807342529297
37058,0,calendar_2014_test,15.275114059448242,12.0,0.9518716335296631,0.0,1.7772166728973389,3.275114059448242
37059,0,calendar_2014_test,15.701990127563477,25.0,0.9368318915367126,0.0,2.332580804824829,9.298009872436523
37060,0,calendar_2014_test,20.20541000366211,11.0,0.9397649765014648,0.0,2.224273920059204,9.20541000366211
37061,0,calendar_2014_test,14.91012191772461,16.0,0.9538007974624634,0.0,1.7059781551361084,1.0898780822753906
37062,0,calendar_2014_test,13.344228744506836,17.0,0.9312229156494141,0.0,2.539700746536255,3.655771255493164
37063,0,calendar_2014_test,15.875585556030273,13.0,0.9380009174346924,0.0,2.289414167404175,2.8755855560302734
37064,0,calendar_2014_test,14.807859420776367,9.0,0.9463838338851929,0.0,1.9798600673675537,5.807859420776367
37065,0,calendar_2014_test,35.09939956665039,71.0,0.8949142098426819,0.0,3.880458354949951,35.90060043334961
37066,0,calendar_2014_test,81.59387969970703,66.0,0.8833456635475159,0.0,4.307644367218018,15.593879699707031
37067,0,calendar_2014_test,69.16634368896484,61.0,0.8974175453186035,0.0,3.788017511367798,8.166343688964844
37068,0,calendar_2014_test,64.90933227539062,83.0,0.9184659719467163,0.0,3.010772705078125,18.090667724609375
37069,0,calendar_2014_test,91.02603149414062,122.0,0.8649643063545227,0.0,4.9864044189453125,30.973968505859375
37070,0,calendar_2014_test,135.00791931152344,119.0,0.7754668593406677,0.0,8.291238784790039,16.007919311523438
37071,0,calendar_2014_test,123.06954956054688,95.0,0.8218889236450195,0.0,6.57703161239624,28.069549560546875
37072,0,calendar_2014_test,91.61659240722656,93.0,0.858871579170227,0.0,5.21138858795166,1.3834075927734375
37073,0,calendar_2014_test,95.36412048339844,102.0,0.878761887550354,0.0,4.476907253265381,6.6358795166015625
37074,0,calendar_2014_test,108.89352416992188,174.0,0.8647448420524597,0.0,4.994509696960449,65.10647583007812
37075,0,calendar_2014_test,174.75900268554688,137.0,0.7116159200668335,0.0,10.649033546447754,37.759002685546875
37076,0,calendar_2014_test,130.71304321289062,80.0,0.7717419862747192,0.0,8.428784370422363,50.713043212890625
37077,0,calendar_2014_test,73.42674255371094,63.0,0.8761942982673645,0.0,4.571720600128174,10.426742553710938
37078,0,calendar_2014_test,67.32695770263672,72.0,0.8743549585342407,0.0,4.639639854431152,4.673042297363281
37079,0,calendar_2014_test,79.9635238647461,59.0,0.8790858387947083,0.0,4.464944839477539,20.963523864746094
37080,0,calendar_2014_test,63.17539978027344,59.0,0.8791801333427429,0.0,4.461463928222656,4.1753997802734375
37081,0,calendar_2014_test,65.39991760253906,72.0,0.8592918515205383,0.0,5.195868968963623,6.6000823974609375
37082,0,calendar_2014_test,79.62714385986328,79.0,0.8429003357887268,0.0,5.801151752471924,0.6271438598632812
37083,0,calendar_2014_test,84.37957000732422,77.0,0.8372587561607361,0.0,6.0094757080078125,7.379570007324219
37084,0,calendar_2014_test,66.54745483398438,96.0,0.8791019916534424,0.0,4.464348793029785,29.452545166015625
37085,0,calendar_2014_test,89.5250015258789,54.0,0.8514137268066406,0.0,5.486781597137451,35.525001525878906
37086,0,calendar_2014_test,44.196163177490234,34.0,0.9005768895149231,0.0,3.6713554859161377,10.196163177490234
37087,0,calendar_2014_test,29.72608184814453,18.0,0.9027721285820007,0.0,3.5902926921844482,11.726081848144531
37088,0,calendar_2014_test,18.943431854248047,22.0,0.9334204196929932,0.0,2.4585564136505127,3.056568145751953
37089,0,calendar_2014_test,22.538188934326172,21.0,0.9397984743118286,0.0,2.2230355739593506,1.5381889343261719
37090,0,calendar_2014_test,21.246479034423828,15.0,0.9236956834793091,0.0,2.8176565170288086,6.246479034423828
37091,0,calendar_2014_test,16.828075408935547,13.0,0.9286327362060547,0.0,2.635347366333008,3.828075408935547
37092,0,calendar_2014_test,16.229005813598633,11.0,0.9370346665382385,0.0,2.3250932693481445,5.229005813598633
37093,0,calendar_2014_test,13.805878639221191,17.0,0.93057781457901,0.0,2.563523530960083,3.1941213607788086
37094,0,calendar_2014_test,17.06582260131836,18.0,0.9338877201080322,0.0,2.441298723220825,0.9341773986816406
37095,0,calendar_2014_test,19.2409725189209,16.0,0.9288071990013123,0.0,2.6289050579071045,3.2409725189208984
37096,0,calendar_2014_test,18.040075302124023,17.0,0.9302588105201721,0.0,2.575303316116333,1.0400753021240234
37097,0,calendar_2014_test,18.61178207397461,18.0,0.9285937547683716,0.0,2.6367881298065186,0.6117820739746094
37098,0,calendar_2014_test,21.05221176147461,16.0,0.915479302406311,0.0,3.1210598945617676,5.052211761474609
37099,0,calendar_2014_test,19.612979888916016,15.0,0.9337436556816101,0.0,2.4466190338134766,4.612979888916016
37100,0,calendar_2014_test,18.604713439941406,17.0,0.9292913675308228,0.0,2.6110281944274902,1.6047134399414062
37101,0,calendar_2014_test,17.421220779418945,19.0,0.9334291815757751,0.0,2.4582326412200928,1.5787792205810547
37102,0,calendar_2014_test,20.80168914794922,15.0,0.9342002868652344,0.0,2.4297566413879395,5.801689147949219
37103,0,calendar_2014_test,17.080690383911133,22.0,0.9291249513626099,0.0,2.617172956466675,4.919309616088867
37104,0,calendar_2014_test,21.62836265563965,20.0,0.919245719909668,0.0,2.9819796085357666,1.6283626556396484
37105,0,calendar_2014_test,24.250492095947266,21.0,0.9014886617660522,0.0,3.6376852989196777,3.2504920959472656
37106,0,calendar_2014_test,22.717557907104492,32.0,0.9308406114578247,0.0,2.5538196563720703,9.282442092895508
37107,0,calendar_2014_test,28.331979751586914,20.0,0.9291621446609497,0.0,2.615798234939575,8.331979751586914
37108,0,calendar_2014_test,23.13724136352539,31.0,0.9170832633972168,0.0,3.061830759048462,7.862758636474609
37109,0,calendar_2014_test,34.3337287902832,40.0,0.8879083395004272,0.0,4.13916015625,5.666271209716797
37110,0,calendar_2014_test,43.628604888916016,102.0,0.9296002388000488,0.0,2.599621295928955,58.371395111083984
37111,0,calendar_2014_test,107.22532653808594,117.0,0.7938922643661499,0.0,7.610851764678955,9.774673461914062
37112,0,calendar_2014_test,119.91746520996094,100.0,0.7689579725265503,0.0,8.53158950805664,19.917465209960938
37113,0,calendar_2014_test,49.966365814208984,63.0,0.8982685804367065,0.0,3.756591796875,13.033634185791016
37114,0,calendar_2014_test,60.159400939941406,62.0,0.88872891664505,0.0,4.108860492706299,1.8405990600585938
37115,0,calendar_2014_test,55.89469909667969,45.0,0.8834629058837891,0.0,4.303314208984375,10.894699096679688
37116,0,calendar_2014_test,42.40452575683594,19.0,0.9033480286598206,0.0,3.569026231765747,23.404525756835938
37117,0,calendar_2014_test,20.11962127685547,21.0,0.9219801425933838,0.0,2.8810062408447266,0.8803787231445312
37118,0,calendar_2014_test,19.714168548583984,13.0,0.9316976070404053,0.0,2.5221734046936035,6.714168548583984
37119,0,calendar_2014_test,15.2053804397583,31.0,0.9327688217163086,0.0,2.482617139816284,15.7946195602417
37120,0,calendar_2014_test,25.64511489868164,17.0,0.8835963606834412,0.0,4.298386573791504,8.64511489868164
37121,0,calendar_2014_test,17.859386444091797,14.0,0.9206451773643494,0.0,2.9303014278411865,3.859386444091797
37122,0,calendar_2014_test,15.072518348693848,13.0,0.9311327338218689,0.0,2.543032646179199,2.0725183486938477
37123,0,calendar_2014_test,15.112347602844238,16.0,0.9285656213760376,0.0,2.6378262042999268,0.8876523971557617
37124,0,calendar_2014_test,15.39846420288086,18.0,0.9199694991111755,0.0,2.9552512168884277,2.6015357971191406
37125,0,calendar_2014_test,15.990596771240234,18.0,0.928866982460022,0.0,2.626699209213257,2.0094032287597656
37126,0,calendar_2014_test,16.575349807739258,20.0,0.9281541705131531,0.0,2.6530203819274902,3.424650192260742
37127,0,calendar_2014_test,18.338603973388672,17.0,0.9207984209060669,0.0,2.9246420860290527,1.3386039733886719
37128,0,calendar_2014_test,16.030780792236328,9.0,0.9114311933517456,0.0,3.2705416679382324,7.030780792236328
37129,0,calendar_2014_test,12.069144248962402,16.0,0.9275253415107727,0.0,2.676241397857666,3.9308557510375977
37130,0,calendar_2014_test,13.422600746154785,14.0,0.9413973093032837,0.0,2.163996696472168,0.5773992538452148
37131,0,calendar_2014_test,13.750455856323242,7.0,0.9456861615180969,0.0,2.005624771118164,6.750455856323242
37132,0,calendar_2014_test,10.250205039978027,15.0,0.9342131614685059,0.0,2.429281234741211,4.749794960021973
37133,0,calendar_2014_test,14.77082347869873,11.0,0.9437743425369263,0.0,2.076220750808716,3.7708234786987305
37134,0,calendar_2014_test,14.75052547454834,13.0,0.9459549784660339,0.0,1.9956969022750854,1.7505254745483398
37135,0,calendar_2014_test,15.680790901184082,16.0,0.9443469047546387,0.0,2.055076837539673,0.31920909881591797
37136,0,calendar_2014_test,16.467206954956055,14.0,0.930762767791748,0.0,2.556692361831665,2.4672069549560547
37137,0,calendar_2014_test,14.302409172058105,14.0,0.9354034066200256,0.0,2.3853302001953125,0.30240917205810547
37138,0,calendar_2014_test,14.833344459533691,14.0,0.9378536939620972,0.0,2.2948503494262695,0.8333444595336914
37139,0,calendar_2014_test,15.101984977722168,14.0,0.9483418464660645,0.0,1.9075589179992676,1.101984977722168
37140,0,calendar_2014_test,16.09374237060547,12.0,0.9413636922836304,0.0,2.1652376651763916,4.093742370605469
37141,0,calendar_2014_test,18.595998764038086,29.0,0.9452085494995117,0.0,2.023261070251465,10.404001235961914
37142,0,calendar_2014_test,31.74748992919922,40.0,0.931703507900238,0.0,2.521955728530884,8.252510070800781
37143,0,calendar_2014_test,47.18357849121094,92.0,0.895759642124176,0.0,3.8492391109466553,44.81642150878906
37144,0,calendar_2014_test,103.11929321289062,76.0,0.8381707668304443,0.0,5.9757981300354,27.119293212890625
37145,0,calendar_2014_test,73.87081909179688,81.0,0.8603910207748413,0.0,5.155279636383057,7.129180908203125
37146,0,calendar_2014_test,71.62159729003906,32.0,0.8869017958641052,0.0,4.176328182220459,39.62159729003906
37147,0,calendar_2014_test,28.358083724975586,9.0,0.9293841123580933,0.0,2.6076035499572754,19.358083724975586
37148,0,calendar_2014_test,14.809718132019043,12.0,0.9316732883453369,0.0,2.5230700969696045,2.809718132019043
37149,0,calendar_2014_test,14.390438079833984,8.0,0.9327794313430786,0.0,2.482224941253662,6.390438079833984
37150,0,calendar_2014_test,11.434306144714355,8.0,0.942717969417572,0.0,2.1152284145355225,3.4343061447143555
37151,0,calendar_2014_test,10.185503959655762,8.0,0.9232490658760071,0.0,2.834149122238159,2.1855039596557617
37152,0,calendar_2014_test,11.071633338928223,9.0,0.9160429239273071,0.0,3.100245952606201,2.0716333389282227
37153,0,calendar_2014_test,11.58259391784668,12.0,0.9326322078704834,0.0,2.4876620769500732,0.4174060821533203
37154,0,calendar_2014_test,11.98187255859375,14.0,0.945001482963562,0.0,2.0309059619903564,2.01812744140625
37155,0,calendar_2014_test,12.892071723937988,9.0,0.9419569373130798,0.0,2.1433322429656982,3.8920717239379883
37156,0,calendar_2014_test,11.757447242736816,7.0,0.9269232153892517,0.0,2.6984755992889404,4.757447242736816
37157,0,calendar_2014_test,10.21243953704834,8.0,0.937740683555603,0.0,2.299023389816284,2.21243953704834
37158,0,calendar_2014_test,11.466293334960938,12.0,0.9375046491622925,0.0,2.3077392578125,0.5337066650390625
37159,0,calendar_2014_test,11.886052131652832,13.0,0.9450835585594177,0.0,2.027876615524292,1.113947868347168
37160,0,calendar_2014_test,12.809137344360352,9.0,0.9346551895141602,0.0,2.412959575653076,3.8091373443603516
37161,0,calendar_2014_test,11.653865814208984,17.0,0.9305511713027954,0.0,2.5645079612731934,5.346134185791016
37162,0,calendar_2014_test,17.536081314086914,18.0,0.9308596849441528,0.0,2.5531156063079834,0.46391868591308594
37163,0,calendar_2014_test,17.383459091186523,14.0,0.9469318389892578,0.0,1.9596253633499146,3.3834590911865234
37164,0,calendar_2014_test,15.939937591552734,10.0,0.933463454246521,0.0,2.456967353820801,5.939937591552734
37165,0,calendar_2014_test,14.565672874450684,12.0,0.9422738552093506,0.0,2.1316282749176025,2.5656728744506836
37166,0,calendar_2014_test,14.384211540222168,9.0,0.9389627575874329,0.0,2.253896474838257,5.384211540222168
37167,0,calendar_2014_test,14.793649673461914,14.0,0.9351580739021301,0.0,2.3943896293640137,0.7936496734619141
37168,0,calendar_2014_test,19.295711517333984,17.0,0.9410415887832642,0.0,2.1771323680877686,2.2957115173339844
37169,0,calendar_2014_test,22.782203674316406,21.0,0.9390273094177246,0.0,2.2515134811401367,1.7822036743164062
37170,0,calendar_2014_test,29.85089874267578,47.0,0.9045968651771545,0.0,3.5229098796844482,17.14910125732422
37171,0,calendar_2014_test,55.030704498291016,18.0,0.8971751928329468,0.0,3.796966314315796,37.030704498291016
37172,0,calendar_2014_test,26.802587509155273,15.0,0.9110413193702698,0.0,3.284938335418701,11.802587509155273
37173,0,calendar_2014_test,21.18243980407715,12.0,0.9226856827735901,0.0,2.854952573776245,9.182439804077148
37174,0,calendar_2014_test,19.28812026977539,16.0,0.9325320720672607,0.0,2.4913580417633057,3.2881202697753906
37175,0,calendar_2014_test,23.567852020263672,15.0,0.9297029972076416,0.0,2.5958263874053955,8.567852020263672
37176,0,calendar_2014_test,20.91910743713379,13.0,0.9237122535705566,0.0,2.817044734954834,7.919107437133789
37177,0,calendar_2014_test,22.201993942260742,16.0,0.9414075613021851,0.0,2.1636180877685547,6.201993942260742
37178,0,calendar_2014_test,21.79877471923828,16.0,0.9429300427436829,0.0,2.1073977947235107,5.798774719238281
37179,0,calendar_2014_test,22.07578468322754,10.0,0.9142857789993286,0.0,3.1651313304901123,12.075784683227539
37180,0,calendar_2014_test,16.547260284423828,13.0,0.9423295259475708,0.0,2.129572629928589,3.547260284423828
37181,0,calendar_2014_test,16.091175079345703,33.0,0.9338321089744568,0.0,2.4433531761169434,16.908824920654297
37182,0,calendar_2014_test,36.388187408447266,37.0,0.9048301577568054,0.0,3.514295816421509,0.6118125915527344
37183,0,calendar_2014_test,33.390804290771484,36.0,0.9107991456985474,0.0,3.293882131576538,2.6091957092285156
37184,0,calendar_2014_test,39.12056350708008,53.0,0.8913374543190002,0.0,4.0125346183776855,13.879436492919922
37185,0,calendar_2014_test,55.893428802490234,58.0,0.8738622069358826,0.0,4.657835960388184,2.1065711975097656
37186,0,calendar_2014_test,61.741634368896484,46.0,0.8710048198699951,0.0,4.763348579406738,15.741634368896484
37187,0,calendar_2014_test,43.390254974365234,43.0,0.9174721240997314,0.0,3.0474705696105957,0.3902549743652344
37188,0,calendar_2014_test,46.55867385864258,41.0,0.9164738059043884,0.0,3.084336519241333,5.558673858642578
37189,0,calendar_2014_test,44.73460006713867,44.0,0.8962233662605286,0.0,3.832115888595581,0.7346000671386719
37190,0,calendar_2014_test,47.70515060424805,72.0,0.8998661637306213,0.0,3.697598934173584,24.294849395751953
37191,0,calendar_2014_test,79.87398529052734,80.0,0.884358286857605,0.0,4.270252227783203,0.12601470947265625
37192,0,calendar_2014_test,82.61331939697266,86.0,0.875017523765564,0.0,4.615174293518066,3.3866806030273438
37193,0,calendar_2014_test,93.1742935180664,82.0,0.8532609343528748,0.0,5.418570041656494,11.174293518066406
37194,0,calendar_2014_test,85.57079315185547,86.0,0.8589087128639221,0.0,5.210017681121826,0.42920684814453125
37195,0,calendar_2014_test,92.45399475097656,98.0,0.8727850914001465,0.0,4.697610378265381,5.5460052490234375
37196,0,calendar_2014_test,103.00070190429688,112.0,0.8503050208091736,0.0,5.5277228355407715,8.999298095703125
37197,0,calendar_2014_test,118.52383422851562,126.0,0.7893096208572388,0.0,7.780073165893555,7.476165771484375
37198,0,calendar_2014_test,132.73287963867188,192.0,0.7844091057777405,0.0,7.961032867431641,59.267120361328125
37199,0,calendar_2014_test,199.91619873046875,212.0,0.6634606719017029,0.0,12.42724323272705,12.08380126953125
37200,0,calendar_2014_test,207.12808227539062,144.0,0.7123578786849976,0.0,10.621638298034668,63.128082275390625
37201,0,calendar_2014_test,126.83040618896484,107.0,0.7954587340354919,0.0,7.55300760269165,19.830406188964844
37202,0,calendar_2014_test,97.4830093383789,86.0,0.8334304094314575,0.0,6.150845050811768,11.483009338378906
37203,0,calendar_2014_test,76.7634506225586,90.0,0.8802169561386108,0.0,4.423176288604736,13.236549377441406
37204,0,calendar_2014_test,87.38749694824219,95.0,0.891157329082489,0.0,4.019186973571777,7.6125030517578125
37205,0,calendar_2014_test,94.20499420166016,71.0,0.848778486251831,0.0,5.58409309387207,23.204994201660156
37206,0,calendar_2014_test,63.787960052490234,76.0,0.8933461904525757,0.0,3.9383585453033447,12.212039947509766
37207,0,calendar_2014_test,71.16548919677734,75.0,0.8613449931144714,0.0,5.120053291320801,3.8345108032226562
37208,0,calendar_2014_test,66.15890502929688,58.0,0.8544538021087646,0.0,5.374521732330322,8.158905029296875
37209,0,calendar_2014_test,53.67588806152344,53.0,0.9149782657623291,0.0,3.139561414718628,0.6758880615234375
37210,0,calendar_2014_test,53.81697082519531,59.0,0.9122104644775391,0.0,3.2417662143707275,5.1830291748046875
37211,0,calendar_2014_test,60.84540939331055,49.0,0.882635235786438,0.0,4.333878993988037,11.845409393310547
37212,0,calendar_2014_test,50.286800384521484,44.0,0.9048560857772827,0.0,3.5133373737335205,6.286800384521484
37213,0,calendar_2014_test,49.134437561035156,50.0,0.8946959376335144,0.0,3.888517141342163,0.8655624389648438
37214,0,calendar_2014_test,55.796424865722656,68.0,0.8847004175186157,0.0,4.2576189041137695,12.203575134277344
37215,0,calendar_2014_test,77.33515930175781,110.0,0.8534316420555115,0.0,5.412267208099365,32.66484069824219
37216,0,calendar_2014_test,121.3188247680664,129.0,0.8309231996536255,0.0,6.2434258460998535,7.681175231933594
37217,0,calendar_2014_test,137.4137420654297,123.0,0.7741749882698059,0.0,8.338942527770996,14.413742065429688
37218,0,calendar_2014_test,129.50770568847656,109.0,0.775185227394104,0.0,8.301639556884766,20.507705688476562
37219,0,calendar_2014_test,111.59886169433594,132.0,0.8138479590415955,0.0,6.873956203460693,20.401138305664062
37220,0,calendar_2014_test,140.02011108398438,160.0,0.7369908094406128,0.0,9.712027549743652,19.979888916015625
37221,0,calendar_2014_test,168.3889923095703,167.0,0.7436039447784424,0.0,9.467827796936035,1.3889923095703125
37222,0,calendar_2014_test,173.44882202148438,257.0,0.7423281669616699,0.0,9.514937400817871,83.55117797851562
37223,0,calendar_2014_test,249.77285766601562,291.0,0.5593446493148804,0.0,16.271892547607422,41.227142333984375
37224,0,calendar_2014_test,284.4398498535156,305.0,0.5592937469482422,0.0,16.27376937866211,20.560150146484375
37225,0,calendar_2014_test,298.01611328125,307.0,0.6419618129730225,0.0,13.221121788024902,8.98388671875
37226,0,calendar_2014_test,282.8955993652344,293.0,0.5371159315109253,0.0,17.092721939086914,10.104400634765625
37227,0,calendar_2014_test,280.2688903808594,269.0,0.6150597333908081,0.0,14.214524269104004,11.268890380859375
37228,0,calendar_2014_test,223.3367156982422,47.0,0.6671496629714966,0.0,12.291022300720215,176.3367156982422
37229,0,calendar_2014_test,18.610048294067383,24.0,0.8863051533699036,0.0,4.198360443115234,5.389951705932617
37230,0,calendar_2014_test,20.56581687927246,17.0,0.9340205192565918,0.0,2.4363958835601807,3.565816879272461
37231,0,calendar_2014_test,15.091588020324707,12.0,0.927128255367279,0.0,2.690904140472412,3.091588020324707
37232,0,calendar_2014_test,11.487065315246582,9.0,0.9387047290802002,0.0,2.2634236812591553,2.487065315246582
37233,0,calendar_2014_test,10.57699966430664,10.0,0.9291527271270752,0.0,2.616145610809326,0.5769996643066406
37234,0,calendar_2014_test,10.517203330993652,9.0,0.9320683479309082,0.0,2.5084824562072754,1.5172033309936523
37235,0,calendar_2014_test,9.637615203857422,11.0,0.9162141680717468,0.0,3.0939226150512695,1.3623847961425781
37236,0,calendar_2014_test,13.218500137329102,8.0,0.9384526610374451,0.0,2.272731304168701,5.218500137329102
37237,0,calendar_2014_test,11.325664520263672,13.0,0.9336753487586975,0.0,2.44914174079895,1.6743354797363281
37238,0,calendar_2014_test,15.618500709533691,12.0,0.9247516989707947,0.0,2.7786622047424316,3.6185007095336914
37239,0,calendar_2014_test,13.022858619689941,10.0,0.9252116084098816,0.0,2.7616796493530273,3.0228586196899414
37240,0,calendar_2014_test,13.511055946350098,9.0,0.9226179122924805,0.0,2.857454299926758,4.511055946350098
37241,0,calendar_2014_test,12.940657615661621,18.0,0.9217058420181274,0.0,2.8911359310150146,5.059342384338379
37242,0,calendar_2014_test,17.54100227355957,10.0,0.9312387108802795,0.0,2.5391178131103516,7.54100227355957
37243,0,calendar_2014_test,12.317336082458496,11.0,0.9387620687484741,0.0,2.261305809020996,1.317336082458496
37244,0,calendar_2014_test,12.752346992492676,11.0,0.9314497709274292,0.0,2.5313241481781006,1.7523469924926758
37245,0,calendar_2014_test,12.450571060180664,6.0,0.9400430917739868,0.0,2.214003324508667,6.450571060180664
37246,0,calendar_2014_test,8.677153587341309,6.0,0.9307369589805603,0.0,2.5576462745666504,2.6771535873413086
37247,0,calendar_2014_test,8.70312213897705,6.0,0.9222679138183594,0.0,2.870380401611328,2.703122138977051
37248,0,calendar_2014_test,7.813910961151123,5.0,0.9336763620376587,0.0,2.449103832244873,2.813910961151123
37249,0,calendar_2014_test,7.348586082458496,10.0,0.9511393308639526,0.0,1.8042559623718262,2.651413917541504
37250,0,calendar_2014_test,9.880834579467773,9.0,0.9439425468444824,0.0,2.0700087547302246,0.8808345794677734
37251,0,calendar_2014_test,11.248170852661133,11.0,0.9340552687644958,0.0,2.435112237930298,0.2481708526611328
37252,0,calendar_2014_test,12.212603569030762,11.0,0.931266725063324,0.0,2.53808331489563,1.2126035690307617
37253,0,calendar_2014_test,13.4239501953125,8.0,0.9191715121269226,0.0,2.9847183227539062,5.4239501953125
37254,0,calendar_2014_test,11.26298999786377,12.0,0.9283837676048279,0.0,2.644542694091797,0.7370100021362305
37255,0,calendar_2014_test,12.991288185119629,15.0,0.9299231171607971,0.0,2.587698221206665,2.008711814880371
37256,0,calendar_2014_test,14.927638053894043,11.0,0.9415735602378845,0.0,2.157487630844116,3.927638053894043
37257,0,calendar_2014_test,13.823201179504395,9.0,0.9415681958198547,0.0,2.1576852798461914,4.8232011795043945
37258,0,calendar_2014_test,11.764192581176758,25.0,0.9339550137519836,0.0,2.4388139247894287,13.235807418823242
37259,0,calendar_2014_test,21.5340576171875,23.0,0.9439563155174255,0.0,2.069502115249634,1.4659423828125
37260,0,calendar_2014_test,21.285850524902344,13.0,0.9175479412078857,0.0,3.0446720123291016,8.285850524902344
37261,0,calendar_2014_test,16.454593658447266,8.0,0.9358787536621094,0.0,2.3677785396575928,8.454593658447266
37262,0,calendar_2014_test,13.831918716430664,10.0,0.947802722454071,0.0,1.9274663925170898,3.831918716430664
37263,0,calendar_2014_test,14.026566505432129,11.0,0.9228464365005493,0.0,2.8490161895751953,3.026566505432129
37264,0,calendar_2014_test,12.939499855041504,12.0,0.9332413077354431,0.0,2.4651694297790527,0.9394998550415039
37265,0,calendar_2014_test,16.068655014038086,14.0,0.9353204965591431,0.0,2.3883931636810303,2.068655014038086
37266,0,calendar_2014_test,15.722249031066895,14.0,0.921038806438446,0.0,2.9157657623291016,1.7222490310668945
37267,0,calendar_2014_test,15.23157024383545,10.0,0.9129037857055664,0.0,3.2161648273468018,5.231570243835449
37268,0,calendar_2014_test,14.933581352233887,8.0,0.947704553604126,0.0,1.931091547012329,6.933581352233887
37269,0,calendar_2014_test,12.143312454223633,9.0,0.949176013469696,0.0,1.876755714416504,3.143312454223633
37270,0,calendar_2014_test,12.418732643127441,9.0,0.9365604519844055,0.0,2.342604398727417,3.4187326431274414
37271,0,calendar_2014_test,18.356897354125977,8.0,0.9335500597953796,0.0,2.4537675380706787,10.356897354125977
37272,0,calendar_2014_test,18.777307510375977,17.0,0.9248772859573364,0.0,2.7740254402160645,1.7773075103759766
37273,0,calendar_2014_test,23.953672409057617,30.0,0.9296152591705322,0.0,2.599067449569702,6.046327590942383
37274,0,calendar_2014_test,30.898792266845703,43.0,0.9185472130775452,0.0,3.007772445678711,12.101207733154297
37275,0,calendar_2014_test,48.20830154418945,57.0,0.9014319777488708,0.0,3.6397790908813477,8.791698455810547
37276,0,calendar_2014_test,61.82393264770508,65.0,0.901217520236969,0.0,3.6476974487304688,3.176067352294922
37277,0,calendar_2014_test,73.1333999633789,80.0,0.904085099697113,0.0,3.541808605194092,6.866600036621094
37278,0,calendar_2014_test,87.03490447998047,88.0,0.8329127430915833,0.0,6.169960021972656,0.9650955200195312
37279,0,calendar_2014_test,90.70252227783203,96.0,0.8600386381149292,0.0,5.16829252243042,5.297477722167969
37280,0,calendar_2014_test,99.9114990234375,121.0,0.8572596907615662,0.0,5.270910263061523,21.0885009765625
37281,0,calendar_2014_test,125.91389465332031,152.0,0.8099947571754456,0.0,7.016242027282715,26.086105346679688
37282,0,calendar_2014_test,150.70323181152344,172.0,0.7031772136688232,0.0,10.960648536682129,21.296768188476562
37283,0,calendar_2014_test,175.93478393554688,128.0,0.7897751927375793,0.0,7.762881278991699,47.934783935546875
37284,0,calendar_2014_test,118.13479614257812,77.0,0.8438092470169067,0.0,5.767587661743164,41.134796142578125
37285,0,calendar_2014_test,69.14253997802734,65.0,0.8822677731513977,0.0,4.347448348999023,4.142539978027344
37286,0,calendar_2014_test,66.57893371582031,79.0,0.8586874008178711,0.0,5.218188762664795,12.421066284179688
37287,0,calendar_2014_test,85.1001968383789,93.0,0.8592687249183655,0.0,5.196723937988281,7.899803161621094
37288,0,calendar_2014_test,94.96379852294922,104.0,0.867041289806366,0.0,4.909709453582764,9.036201477050781
37289,0,calendar_2014_test,108.232666015625,202.0,0.8398653268814087,0.0,5.913223743438721,93.767333984375
37290,0,calendar_2014_test,202.18209838867188,245.0,0.6594334840774536,0.0,12.575953483581543,42.817901611328125
37291,0,calendar_2014_test,242.72837829589844,225.0,0.621462881565094,0.0,13.97807788848877,17.728378295898438
37292,0,calendar_2014_test,219.69155883789062,180.0,0.6933242678642273,0.0,11.324482917785645,39.691558837890625
37293,0,calendar_2014_test,167.29074096679688,180.0,0.7258919477462769,0.0,10.121870994567871,12.709259033203125
37294,0,calendar_2014_test,183.1720733642578,170.0,0.7059774398803711,0.0,10.857245445251465,13.172073364257812
37295,0,calendar_2014_test,161.74472045898438,160.0,0.7796939611434937,0.0,8.13514518737793,1.744720458984375
37296,0,calendar_2014_test,149.06390380859375,146.0,0.7365992069244385,0.0,9.726489067077637,3.06390380859375
37297,0,calendar_2014_test,137.97633361816406,125.0,0.7819900512695312,0.0,8.050358772277832,12.976333618164062
37298,0,calendar_2014_test,116.24959564208984,130.0,0.8278810977935791,0.0,6.355759620666504,13.750404357910156
37299,0,calendar_2014_test,124.30177307128906,138.0,0.7825087904930115,0.0,8.031205177307129,13.698226928710938
37300,0,calendar_2014_test,138.0362091064453,147.0,0.79058837890625,0.0,7.73285436630249,8.963790893554688
37301,0,calendar_2014_test,146.1927032470703,135.0,0.7731936573982239,0.0,8.3751802444458,11.192703247070312
37302,0,calendar_2014_test,125.95896911621094,136.0,0.8230819702148438,0.0,6.532975673675537,10.041030883789062
37303,0,calendar_2014_test,136.9353485107422,124.0,0.8375365138053894,0.0,5.99921989440918,12.935348510742188
37304,0,calendar_2014_test,120.5692138671875,135.0,0.8544763922691345,0.0,5.373687267303467,14.4307861328125
37305,0,calendar_2014_test,137.64837646484375,132.0,0.8146249055862427,0.0,6.845265865325928,5.64837646484375
37306,0,calendar_2014_test,135.0133514404297,133.0,0.7591085433959961,0.0,8.895295143127441,2.0133514404296875
37307,0,calendar_2014_test,138.23428344726562,142.0,0.7727928757667542,0.0,8.389979362487793,3.765716552734375
37308,0,calendar_2014_test,149.99325561523438,163.0,0.7807055711746216,0.0,8.097790718078613,13.006744384765625
37309,0,calendar_2014_test,170.9645233154297,166.0,0.7233841419219971,0.0,10.214476585388184,4.9645233154296875
37310,0,calendar_2014_test,178.45042419433594,189.0,0.7133355140686035,0.0,10.585535049438477,10.549575805664062
37311,0,calendar_2014_test,202.4978790283203,202.0,0.74835604429245,0.0,9.292348861694336,0.4978790283203125
37312,0,calendar_2014_test,219.00193786621094,228.0,0.6482442617416382,0.0,12.989134788513184,8.998062133789062
37313,0,calendar_2014_test,237.63294982910156,240.0,0.6591798067092896,0.0,12.585321426391602,2.3670501708984375
37314,0,calendar_2014_test,253.02503967285156,235.0,0.6065949201583862,0.0,14.527099609375,18.025039672851562
37315,0,calendar_2014_test,237.6807098388672,252.0,0.584389865398407,0.0,15.347057342529297,14.319290161132812
37316,0,calendar_2014_test,263.63592529296875,254.0,0.6420556306838989,0.0,13.217657089233398,9.63592529296875
37317,0,calendar_2014_test,254.4268035888672,274.0,0.6679109930992126,0.0,12.262907981872559,19.573196411132812
37318,0,calendar_2014_test,268.3489685058594,253.0,0.6699429750442505,0.0,12.187873840332031,15.348968505859375
37319,0,calendar_2014_test,234.96531677246094,248.0,0.6487396955490112,0.0,12.97083854675293,13.034683227539062
37320,0,calendar_2014_test,245.39857482910156,219.0,0.7373776435852051,0.0,9.697741508483887,26.398574829101562
37321,0,calendar_2014_test,196.2734832763672,199.0,0.7274742126464844,0.0,10.063444137573242,2.7265167236328125
37322,0,calendar_2014_test,183.86834716796875,198.0,0.7258243560791016,0.0,10.124364852905273,14.13165283203125
37323,0,calendar_2014_test,191.2451934814453,204.0,0.7175731658935547,0.0,10.429054260253906,12.754806518554688
37324,0,calendar_2014_test,176.9953155517578,66.0,0.7708612084388733,0.0,8.461309432983398,110.99531555175781
37325,0,calendar_2014_test,35.54319763183594,22.0,0.8750998377799988,0.0,4.6121344566345215,13.543197631835938
37326,0,calendar_2014_test,19.53226661682129,19.0,0.9146841764450073,0.0,3.1504199504852295,0.5322666168212891
37327,0,calendar_2014_test,16.030113220214844,16.0,0.9187536239624023,0.0,3.000150442123413,0.03011322021484375
37328,0,calendar_2014_test,14.569052696228027,11.0,0.9084606170654297,0.0,3.3802361488342285,3.5690526962280273
37329,0,calendar_2014_test,11.761688232421875,17.0,0.9363752603530884,0.0,2.3494439125061035,5.238311767578125
37330,0,calendar_2014_test,13.83677864074707,15.0,0.9499249458312988,0.0,1.8491005897521973,1.1632213592529297
37331,0,calendar_2014_test,16.51955223083496,14.0,0.9261109232902527,0.0,2.7284703254699707,2.519552230834961
37332,0,calendar_2014_test,14.590780258178711,12.0,0.9183061718940735,0.0,3.016672134399414,2.590780258178711
37333,0,calendar_2014_test,13.491446495056152,7.0,0.944640040397644,0.0,2.044252872467041,6.491446495056152
37334,0,calendar_2014_test,11.254902839660645,7.0,0.9121078848838806,0.0,3.245553493499756,4.2549028396606445
37335,0,calendar_2014_test,11.010586738586426,15.0,0.9284319877624512,0.0,2.64276123046875,3.989413261413574
37336,0,calendar_2014_test,14.443853378295898,7.0,0.9171763062477112,0.0,3.05839467048645,7.443853378295898
37337,0,calendar_2014_test,11.921515464782715,10.0,0.9240354299545288,0.0,2.805110454559326,1.9215154647827148
37338,0,calendar_2014_test,12.957073211669922,8.0,0.9375022053718567,0.0,2.3078298568725586,4.957073211669922
37339,0,calendar_2014_test,11.611111640930176,12.0,0.926058292388916,0.0,2.730412721633911,0.3888883590698242
37340,0,calendar_2014_test,12.546849250793457,11.0,0.9432558417320251,0.0,2.095367431640625,1.546849250793457
37341,0,calendar_2014_test,13.127654075622559,9.0,0.9401050209999084,0.0,2.2117159366607666,4.127654075622559
37342,0,calendar_2014_test,10.467620849609375,14.0,0.9220063090324402,0.0,2.880039691925049,3.532379150390625
37343,0,calendar_2014_test,13.7410888671875,8.0,0.9443872570991516,0.0,2.0535879135131836,5.7410888671875
37344,0,calendar_2014_test,10.97154426574707,12.0,0.9295750856399536,0.0,2.6005501747131348,1.0284557342529297
37345,0,calendar_2014_test,11.972359657287598,11.0,0.9138010144233704,0.0,3.183032989501953,0.9723596572875977
37346,0,calendar_2014_test,11.032878875732422,12.0,0.9385921955108643,0.0,2.2675788402557373,0.9671211242675781
37347,0,calendar_2014_test,13.023649215698242,15.0,0.937515377998352,0.0,2.307342290878296,1.9763507843017578
37348,0,calendar_2014_test,14.622068405151367,12.0,0.9256819486618042,0.0,2.744309663772583,2.622068405151367
37349,0,calendar_2014_test,16.05634880065918,14.0,0.9375409483909607,0.0,2.306398391723633,2.0563488006591797
37350,0,calendar_2014_test,15.274805068969727,20.0,0.9207251667976379,0.0,2.9273481369018555,4.725194931030273
37351,0,calendar_2014_test,20.98284339904785,32.0,0.9202257990837097,0.0,2.945787191390991,11.017156600952148
37352,0,calendar_2014_test,34.62175750732422,33.0,0.8992675542831421,0.0,3.71970272064209,1.6217575073242188
37353,0,calendar_2014_test,38.47980499267578,46.0,0.8915324211120605,0.0,4.005335330963135,7.520195007324219
37354,0,calendar_2014_test,52.277164459228516,53.0,0.8766679167747498,0.0,4.5542311668396,0.7228355407714844
37355,0,calendar_2014_test,59.89841842651367,64.0,0.8762747645378113,0.0,4.56874942779541,4.101581573486328
37356,0,calendar_2014_test,70.34713745117188,53.0,0.858446478843689,0.0,5.227086544036865,17.347137451171875
37357,0,calendar_2014_test,57.27147674560547,72.0,0.9119618535041809,0.0,3.250946283340454,14.728523254394531
37358,0,calendar_2014_test,80.10360717773438,85.0,0.8733943700790405,0.0,4.675110816955566,4.896392822265625
37359,0,calendar_2014_test,91.2085189819336,95.0,0.8555527925491333,0.0,5.333940029144287,3.7914810180664062
37360,0,calendar_2014_test,98.17244720458984,98.0,0.8518539071083069,0.0,5.470526695251465,0.17244720458984375
37361,0,calendar_2014_test,101.57408142089844,105.0,0.8520334959030151,0.0,5.46389627456665,3.4259185791015625
37362,0,calendar_2014_test,107.65262603759766,117.0,0.845740020275116,0.0,5.696292877197266,9.347373962402344
37363,0,calendar_2014_test,123.34712982177734,117.0,0.8239618539810181,0.0,6.500483989715576,6.347129821777344
37364,0,calendar_2014_test,118.15110778808594,126.0,0.8109983801841736,0.0,6.979181289672852,7.8488922119140625
37365,0,calendar_2014_test,131.37574768066406,145.0,0.8025638461112976,0.0,7.290640830993652,13.624252319335938
37366,0,calendar_2014_test,149.02627563476562,136.0,0.747660756111145,0.0,9.318021774291992,13.026275634765625
37367,0,calendar_2014_test,126.71930694580078,95.0,0.8084002137184143,0.0,7.0751237869262695,31.71930694580078
37368,0,calendar_2014_test,86.52725219726562,80.0,0.850387692451477,0.0,5.524670124053955,6.527252197265625
37369,0,calendar_2014_test,77.43395233154297,51.0,0.8662328720092773,0.0,4.939561367034912,26.43395233154297
37370,0,calendar_2014_test,47.52946853637695,67.0,0.8871074318885803,0.0,4.168735504150391,19.470531463623047
37371,0,calendar_2014_test,71.69102478027344,71.0,0.8918169736862183,0.0,3.9948294162750244,0.6910247802734375
37372,0,calendar_2014_test,75.06580352783203,63.0,0.8885324597358704,0.0,4.116114616394043,12.065803527832031
37373,0,calendar_2014_test,63.95825958251953,80.0,0.8621797561645508,0.0,5.08922815322876,16.04174041748047
37374,0,calendar_2014_test,85.53087615966797,75.0,0.865431547164917,0.0,4.969152450561523,10.530876159667969
37375,0,calendar_2014_test,81.70291137695312,87.0,0.8622664213180542,0.0,5.0860276222229,5.297088623046875
37376,0,calendar_2014_test,96.82228088378906,105.0,0.8432269096374512,0.0,5.78909158706665,8.177719116210938
37377,0,calendar_2014_test,117.55941009521484,125.0,0.8170549273490906,0.0,6.755534648895264,7.440589904785156
37378,0,calendar_2014_test,137.4923553466797,115.0,0.7839052677154541,0.0,7.9796366691589355,22.492355346679688
37379,0,calendar_2014_test,118.01322174072266,123.0,0.8003330826759338,0.0,7.373013973236084,4.986778259277344
37380,0,calendar_2014_test,130.03416442871094,142.0,0.8403395414352417,0.0,5.895712375640869,11.965835571289062
37381,0,calendar_2014_test,154.58993530273438,178.0,0.8218909502029419,0.0,6.576956748962402,23.410064697265625
37382,0,calendar_2014_test,188.4748077392578,163.0,0.7070027589797974,0.0,10.819384574890137,25.474807739257812
37383,0,calendar_2014_test,160.3949737548828,162.0,0.7783668041229248,0.0,8.18415355682373,1.6050262451171875
37384,0,calendar_2014_test,160.31671142578125,145.0,0.7459639310836792,0.0,9.380681991577148,15.31671142578125
37385,0,calendar_2014_test,134.1804656982422,114.0,0.7653918862342834,0.0,8.663272857666016,20.180465698242188
37386,0,calendar_2014_test,101.95298767089844,84.0,0.7909358143806458,0.0,7.7200236320495605,17.952987670898438
37387,0,calendar_2014_test,71.56468963623047,102.0,0.889055609703064,0.0,4.09679651260376,30.43531036376953
37388,0,calendar_2014_test,100.09886932373047,82.0,0.8427781462669373,0.0,5.805664539337158,18.09886932373047
37389,0,calendar_2014_test,73.42855834960938,88.0,0.8835581541061401,0.0,4.299798011779785,14.571441650390625
37390,0,calendar_2014_test,79.88688659667969,90.0,0.8662091493606567,0.0,4.9404377937316895,10.113113403320312
37391,0,calendar_2014_test,86.43682098388672,88.0,0.8816725611686707,0.0,4.369426250457764,1.5631790161132812
37392,0,calendar_2014_test,79.10213470458984,95.0,0.874969482421875,0.0,4.616949081420898,15.897865295410156
37393,0,calendar_2014_test,91.054931640625,81.0,0.8507496118545532,0.0,5.511303901672363,10.054931640625
37394,0,calendar_2014_test,72.35496520996094,89.0,0.8700898885726929,0.0,4.7971343994140625,16.645034790039062
37395,0,calendar_2014_test,77.83560943603516,95.0,0.8649466037750244,0.0,4.987059116363525,17.164390563964844
37396,0,calendar_2014_test,92.16768646240234,57.0,0.8411555886268616,0.0,5.865580081939697,35.167686462402344
37397,0,calendar_2014_test,52.97107696533203,62.0,0.8729891777038574,0.0,4.690075397491455,9.028923034667969
37398,0,calendar_2014_test,70.10450744628906,234.0,0.8861252069473267,0.0,4.205005645751953,163.89549255371094
37399,0,calendar_2014_test,216.34103393554688,118.0,0.6524643898010254,0.0,12.833297729492188,98.34103393554688
37400,0,calendar_2014_test,87.5360336303711,108.0,0.8536868095397949,0.0,5.402843952178955,20.463966369628906
37401,0,calendar_2014_test,105.62850189208984,33.0,0.8539648056030273,0.0,5.392578601837158,72.62850189208984
37402,0,calendar_2014_test,27.874919891357422,21.0,0.9139276146888733,0.0,3.1783576011657715,6.874919891357422
37403,0,calendar_2014_test,23.26056480407715,14.0,0.9305428266525269,0.0,2.5648157596588135,9.260564804077148
37404,0,calendar_2014_test,19.045076370239258,13.0,0.9325856566429138,0.0,2.4893798828125,6.045076370239258
37405,0,calendar_2014_test,17.08785057067871,9.0,0.9295536279678345,0.0,2.6013431549072266,8.087850570678711
37406,0,calendar_2014_test,11.153321266174316,10.0,0.9207130074501038,0.0,2.9277966022491455,1.1533212661743164
37407,0,calendar_2014_test,14.074634552001953,11.0,0.9199161529541016,0.0,2.957221269607544,3.074634552001953
37408,0,calendar_2014_test,12.460390090942383,9.0,0.9270858764648438,0.0,2.6924684047698975,3.460390090942383
37409,0,calendar_2014_test,13.848682403564453,15.0,0.9353533387184143,0.0,2.387179374694824,1.1513175964355469
37410,0,calendar_2014_test,15.641775131225586,13.0,0.9265000820159912,0.0,2.714099884033203,2.641775131225586
37411,0,calendar_2014_test,14.900155067443848,12.0,0.9260658025741577,0.0,2.730137348175049,2.9001550674438477
37412,0,calendar_2014_test,15.23048210144043,11.0,0.9163544178009033,0.0,3.088744878768921,4.23048210144043
37413,0,calendar_2014_test,14.679669380187988,18.0,0.936305820941925,0.0,2.3520078659057617,3.3203306198120117
37414,0,calendar_2014_test,19.500246047973633,17.0,0.9250731468200684,0.0,2.7667925357818604,2.500246047973633
37415,0,calendar_2014_test,17.13429832458496,11.0,0.9390866160392761,0.0,2.2493231296539307,6.134298324584961
37416,0,calendar_2014_test,15.58444595336914,12.0,0.922231912612915,0.0,2.871709108352661,3.5844459533691406
37417,0,calendar_2014_test,13.216018676757812,14.0,0.9218137860298157,0.0,2.8871490955352783,0.7839813232421875
37418,0,calendar_2014_test,16.35196304321289,14.0,0.9280931353569031,0.0,2.655273914337158,2.3519630432128906
37419,0,calendar_2014_test,15.918343544006348,12.0,0.9315593838691711,0.0,2.5272769927978516,3.9183435440063477
37420,0,calendar_2014_test,15.450536727905273,16.0,0.9427937865257263,0.0,2.112429618835449,0.5494632720947266
37421,0,calendar_2014_test,17.253948211669922,16.0,0.922390341758728,0.0,2.865858793258667,1.2539482116699219
37422,0,calendar_2014_test,16.821489334106445,12.0,0.922282874584198,0.0,2.8698275089263916,4.821489334106445
37423,0,calendar_2014_test,14.649918556213379,20.0,0.9210841059684753,0.0,2.914093255996704,5.350081443786621
37424,0,calendar_2014_test,19.485456466674805,23.0,0.9319091439247131,0.0,2.514362096786499,3.5145435333251953
37425,0,calendar_2014_test,21.21564483642578,16.0,0.9284279346466064,0.0,2.642911672592163,5.215644836425781
37426,0,calendar_2014_test,18.713226318359375,17.0,0.9295983910560608,0.0,2.5996909141540527,1.713226318359375
37427,0,calendar_2014_test,17.12270164489746,18.0,0.9262264966964722,0.0,2.7242021560668945,0.8772983551025391
37428,0,calendar_2014_test,18.66478729248047,20.0,0.9324340224266052,0.0,2.494980812072754,1.3352127075195312
37429,0,calendar_2014_test,20.000322341918945,22.0,0.9305919408798218,0.0,2.563000440597534,1.9996776580810547
37430,0,calendar_2014_test,19.754627227783203,22.0,0.9242027997970581,0.0,2.7989304065704346,2.245372772216797
37431,0,calendar_2014_test,21.628196716308594,10.0,0.943440854549408,0.0,2.088534355163574,11.628196716308594
37432,0,calendar_2014_test,13.462019920349121,14.0,0.9387625455856323,0.0,2.2612903118133545,0.5379800796508789
37433,0,calendar_2014_test,15.91750431060791,14.0,0.9395233988761902,0.0,2.2331929206848145,1.9175043106079102
37434,0,calendar_2014_test,17.14641571044922,18.0,0.9301707744598389,0.0,2.578554391860962,0.8535842895507812
37435,0,calendar_2014_test,19.95575523376465,13.0,0.9369098544120789,0.0,2.329702138900757,6.955755233764648
37436,0,calendar_2014_test,17.399227142333984,18.0,0.9246753454208374,0.0,2.781482219696045,0.6007728576660156
37437,0,calendar_2014_test,18.188825607299805,27.0,0.9270006418228149,0.0,2.695615768432617,8.811174392700195
37438,0,calendar_2014_test,25.52475929260254,38.0,0.9185158014297485,0.0,3.0089311599731445,12.475240707397461
37439,0,calendar_2014_test,36.718631744384766,25.0,0.9286212921142578,0.0,2.6357715129852295,11.718631744384766
37440,0,calendar_2014_test,24.2607364654541,16.0,0.924631655216217,0.0,2.783094644546509,8.260736465454102
37441,0,calendar_2014_test,17.412456512451172,16.0,0.923842191696167,0.0,2.8122477531433105,1.4124565124511719
37442,0,calendar_2014_test,18.206457138061523,9.0,0.9246089458465576,0.0,2.7839324474334717,9.206457138061523
37443,0,calendar_2014_test,14.322566032409668,8.0,0.9319648146629333,0.0,2.5123069286346436,6.322566032409668
37444,0,calendar_2014_test,17.618921279907227,18.0,0.9311082363128662,0.0,2.543936014175415,0.38107872009277344
37445,0,calendar_2014_test,24.28165054321289,31.0,0.9369442462921143,0.0,2.3284332752227783,6.718349456787109
37446,0,calendar_2014_test,38.92292404174805,38.0,0.9017569422721863,0.0,3.627779483795166,0.9229240417480469
37447,0,calendar_2014_test,46.86004638671875,49.0,0.90735924243927,0.0,3.420905351638794,2.13995361328125
37448,0,calendar_2014_test,59.6520881652832,52.0,0.8802191019058228,0.0,4.423098564147949,7.652088165283203
37449,0,calendar_2014_test,59.52214813232422,50.0,0.9037925004959106,0.0,3.552612066268921,9.522148132324219
37450,0,calendar_2014_test,58.01898193359375,51.0,0.9076172113418579,0.0,3.4113786220550537,7.01898193359375
37451,0,calendar_2014_test,60.16610336303711,69.0,0.8870410323143005,0.0,4.171187400817871,8.83389663696289
37452,0,calendar_2014_test,78.76209259033203,93.0,0.8621610403060913,0.0,5.089919090270996,14.237907409667969
37453,0,calendar_2014_test,103.01454162597656,94.0,0.8619135022163391,0.0,5.099060535430908,9.014541625976562
37454,0,calendar_2014_test,99.8860855102539,147.0,0.8376123309135437,0.0,5.9964189529418945,47.113914489746094
37455,0,calendar_2014_test,155.033935546875,226.0,0.7386119365692139,0.0,9.652166366577148,70.966064453125
37456,0,calendar_2014_test,218.0990447998047,179.0,0.6447196006774902,0.0,13.119287490844727,39.09904479980469
37457,0,calendar_2014_test,160.05319213867188,153.0,0.7186720371246338,0.0,10.388476371765137,7.053192138671875
37458,0,calendar_2014_test,144.47723388671875,133.0,0.7878395915031433,0.0,7.83435583114624,11.47723388671875
37459,0,calendar_2014_test,122.80525207519531,127.0,0.7688980102539062,0.0,8.533804893493652,4.1947479248046875
37460,0,calendar_2014_test,123.93294525146484,119.0,0.8166364431381226,0.0,6.770987033843994,4.932945251464844
37461,0,calendar_2014_test,120.37293243408203,111.0,0.8449923992156982,0.0,5.723898410797119,9.372932434082031
37462,0,calendar_2014_test,110.07695770263672,118.0,0.8222768902778625,0.0,6.5627055168151855,7.923042297363281
37463,0,calendar_2014_test,123.8189926147461,116.0,0.8243631720542908,0.0,6.485666275024414,7.818992614746094
37464,0,calendar_2014_test,116.43510437011719,131.0,0.7887171506881714,0.0,7.801950931549072,14.564895629882812
37465,0,calendar_2014_test,136.48489379882812,152.0,0.7584710121154785,0.0,8.91883659362793,15.515106201171875
37466,0,calendar_2014_test,158.28536987304688,163.0,0.7551475763320923,0.0,9.041559219360352,4.714630126953125
37467,0,calendar_2014_test,166.56539916992188,171.0,0.6519824266433716,0.0,12.851094245910645,4.434600830078125
37468,0,calendar_2014_test,175.14437866210938,198.0,0.7412319183349609,0.0,9.55541706085205,22.855621337890625
37469,0,calendar_2014_test,202.77420043945312,234.0,0.7348042726516724,0.0,9.792768478393555,31.225799560546875
37470,0,calendar_2014_test,246.50228881835938,260.0,0.6388850212097168,0.0,13.334736824035645,13.497711181640625
37471,0,calendar_2014_test,266.8252258300781,271.0,0.586290180683136,0.0,15.276885032653809,4.174774169921875
37472,0,calendar_2014_test,278.0501708984375,244.0,0.6595883369445801,0.0,12.570234298706055,34.0501708984375
37473,0,calendar_2014_test,232.5170440673828,242.0,0.6662073135375977,0.0,12.325818061828613,9.482955932617188
37474,0,calendar_2014_test,247.1322784423828,210.0,0.6265453100204468,0.0,13.790400505065918,37.13227844238281
37475,0,calendar_2014_test,200.1807098388672,194.0,0.6969215869903564,0.0,11.191646575927734,6.1807098388671875
37476,0,calendar_2014_test,195.3408203125,163.0,0.7062263488769531,0.0,10.848054885864258,32.3408203125
37477,0,calendar_2014_test,155.5885772705078,194.0,0.8486745357513428,0.0,5.587929725646973,38.41142272949219
37478,0,calendar_2014_test,194.43777465820312,187.0,0.660062313079834,0.0,12.55273151397705,7.437774658203125
37479,0,calendar_2014_test,173.58302307128906,216.0,0.7302191257476807,0.0,9.962080955505371,42.41697692871094
37480,0,calendar_2014_test,219.47921752929688,225.0,0.6648298501968384,0.0,12.37668514251709,5.520782470703125
37481,0,calendar_2014_test,221.87994384765625,199.0,0.7168973684310913,0.0,10.454010009765625,22.87994384765625
37482,0,calendar_2014_test,183.81890869140625,207.0,0.7213497161865234,0.0,10.289600372314453,23.18109130859375
37483,0,calendar_2014_test,200.15554809570312,227.0,0.6846064329147339,0.0,11.646401405334473,26.844451904296875
37484,0,calendar_2014_test,224.43006896972656,259.0,0.6677564382553101,0.0,12.268613815307617,34.56993103027344
37485,0,calendar_2014_test,257.810546875,182.0,0.6105983257293701,0.0,14.379267692565918,75.810546875
37486,0,calendar_2014_test,153.56039428710938,185.0,0.7781973481178284,0.0,8.190411567687988,31.439605712890625
37487,0,calendar_2014_test,176.53684997558594,191.0,0.7462958097457886,0.0,9.368426322937012,14.463150024414062
37488,0,calendar_2014_test,187.14111328125,194.0,0.7007200717926025,0.0,11.051383018493652,6.85888671875
37489,0,calendar_2014_test,191.27890014648438,194.0,0.7403939962387085,0.0,9.586358070373535,2.721099853515625
37490,0,calendar_2014_test,195.08811950683594,192.0,0.7006301879882812,0.0,11.054699897766113,3.0881195068359375
37491,0,calendar_2014_test,192.54937744140625,208.0,0.6829706430435181,0.0,11.706808090209961,15.45062255859375
37492,0,calendar_2014_test,215.46730041503906,224.0,0.6934062838554382,0.0,11.321455001831055,8.532699584960938
37493,0,calendar_2014_test,228.4918975830078,249.0,0.6216112971305847,0.0,13.972597122192383,20.508102416992188
37494,0,calendar_2014_test,257.99041748046875,317.0,0.5448541641235352,0.0,16.806974411010742,59.00958251953125
37495,0,calendar_2014_test,324.5224304199219,328.0,0.4054850935935974,0.0,21.953397750854492,3.477569580078125
37496,0,calendar_2014_test,326.08978271484375,349.0,0.3499011993408203,0.0,24.005918502807617,22.91021728515625
37497,0,calendar_2014_test,351.11968994140625,327.0,0.4556090235710144,0.0,20.10249137878418,24.11968994140625
37498,0,calendar_2014_test,314.7962646484375,348.0,0.4908929467201233,0.0,18.799577713012695,33.2037353515625
37499,0,calendar_2014_test,340.71466064453125,363.0,0.44201356172561646,0.0,20.60452651977539,22.28533935546875
37500,0,calendar_2014_test,359.6737976074219,385.0,0.435285747051239,0.0,20.85296058654785,25.326202392578125
37501,0,calendar_2014_test,389.26129150390625,393.0,0.47265881299972534,0.0,19.472902297973633,3.73870849609375
37502,0,calendar_2014_test,392.23248291015625,388.0,0.5104988813400269,0.0,18.075597763061523,4.23248291015625
37503,0,calendar_2014_test,359.1946716308594,444.0,0.4413195252418518,0.0,20.63015365600586,84.80532836914062
37504,0,calendar_2014_test,416.73468017578125,334.0,0.2024708390235901,0.0,29.45001792907715,82.73468017578125
37505,0,calendar_2014_test,268.7825927734375,284.0,0.4722738265991211,0.0,19.487117767333984,15.2174072265625
37506,0,calendar_2014_test,254.1611785888672,264.0,0.5879446268081665,0.0,15.215790748596191,9.838821411132812
37507,0,calendar_2014_test,241.09353637695312,221.0,0.6825928688049316,0.0,11.720755577087402,20.093536376953125
37508,0,calendar_2014_test,205.9739227294922,160.0,0.6917089223861694,0.0,11.384132385253906,45.97392272949219
37509,0,calendar_2014_test,144.32748413085938,160.0,0.7837082147598267,0.0,7.986912727355957,15.672515869140625
37510,0,calendar_2014_test,149.63973999023438,92.0,0.770977258682251,0.0,8.457024574279785,57.639739990234375
37511,0,calendar_2014_test,71.98868560791016,59.0,0.8708124160766602,0.0,4.7704548835754395,12.988685607910156
37512,0,calendar_2014_test,51.16850662231445,69.0,0.8807928562164307,0.0,4.401912212371826,17.831493377685547
37513,0,calendar_2014_test,70.01110076904297,48.0,0.8404790163040161,0.0,5.890563011169434,22.01110076904297
37514,0,calendar_2014_test,44.42536544799805,32.0,0.8922511339187622,0.0,3.978797197341919,12.425365447998047
37515,0,calendar_2014_test,31.239498138427734,33.0,0.914749801158905,0.0,3.147996664047241,1.7605018615722656
37516,0,calendar_2014_test,32.263057708740234,45.0,0.9071525931358337,0.0,3.4285354614257812,12.736942291259766
37517,0,calendar_2014_test,45.279659271240234,42.0,0.877339243888855,0.0,4.529441833496094,3.2796592712402344
37518,0,calendar_2014_test,40.42618179321289,41.0,0.9184859991073608,0.0,3.0100321769714355,0.5738182067871094
37519,0,calendar_2014_test,40.4533805847168,110.0,0.8959415555000305,0.0,3.8425209522247314,69.5466194152832
37520,0,calendar_2014_test,122.15709686279297,175.0,0.8513859510421753,0.0,5.487807750701904,52.84290313720703
37521,0,calendar_2014_test,183.5661163330078,293.0,0.710521936416626,0.0,10.689431190490723,109.43388366699219
37522,0,calendar_2014_test,277.8620910644531,324.0,0.612034261226654,0.0,14.326244354248047,46.137908935546875
37523,0,calendar_2014_test,315.6062927246094,341.0,0.5838326215744019,0.0,15.367635726928711,25.393707275390625
37524,0,calendar_2014_test,333.3277282714844,362.0,0.4889404773712158,0.0,18.871675491333008,28.672271728515625
37525,0,calendar_2014_test,350.2107849121094,372.0,0.5052528977394104,0.0,18.26931381225586,21.789215087890625
37526,0,calendar_2014_test,348.5123291015625,373.0,0.3502456545829773,0.0,23.993200302124023,24.4876708984375
37527,0,calendar_2014_test,353.3113708496094,372.0,0.38875699043273926,0.0,22.571107864379883,18.688629150390625
37528,0,calendar_2014_test,342.2279052734375,318.0,0.5055290460586548,0.0,18.259117126464844,24.2279052734375
37529,0,calendar_2014_test,280.4940185546875,188.0,0.5578041076660156,0.0,16.328779220581055,92.4940185546875
37530,0,calendar_2014_test,167.8109588623047,171.0,0.7413913011550903,0.0,9.549531936645508,3.1890411376953125
37531,0,calendar_2014_test,162.14794921875,136.0,0.7944985628128052,0.0,7.5884623527526855,26.14794921875
37532,0,calendar_2014_test,125.60957336425781,124.0,0.8195784687995911,0.0,6.662347793579102,1.6095733642578125
37533,0,calendar_2014_test,125.44658660888672,141.0,0.803372859954834,0.0,7.26076602935791,15.553413391113281
37534,0,calendar_2014_test,141.44313049316406,132.0,0.7583303451538086,0.0,8.924031257629395,9.443130493164062
37535,0,calendar_2014_test,128.19204711914062,134.0,0.8290040493011475,0.0,6.314295291900635,5.807952880859375
37536,0,calendar_2014_test,129.45565795898438,56.0,0.8344700932502747,0.0,6.112452030181885,73.45565795898438
37537,0,calendar_2014_test,42.17071533203125,48.0,0.8953720927238464,0.0,3.8635494709014893,5.82928466796875
37538,0,calendar_2014_test,44.7318115234375,27.0,0.8563070297241211,0.0,5.306088924407959,17.7318115234375
37539,0,calendar_2014_test,28.109880447387695,28.0,0.9165803790092468,0.0,3.0804004669189453,0.10988044738769531
37540,0,calendar_2014_test,24.96735382080078,20.0,0.9236972332000732,0.0,2.817598581314087,4.967353820800781
37541,0,calendar_2014_test,22.77672004699707,22.0,0.9233329892158508,0.0,2.831050395965576,0.7767200469970703
37542,0,calendar_2014_test,24.558412551879883,120.0,0.924921989440918,0.0,2.772372245788574,95.44158744812012
37543,0,calendar_2014_test,132.81410217285156,109.0,0.8068965673446655,0.0,7.1306471824646,23.814102172851562
37544,0,calendar_2014_test,114.36123657226562,112.0,0.8351585865020752,0.0,6.087028980255127,2.361236572265625
37545,0,calendar_2014_test,119.2423324584961,128.0,0.8016965389251709,0.0,7.322667598724365,8.757667541503906
37546,0,calendar_2014_test,140.15663146972656,164.0,0.7990399599075317,0.0,7.420764923095703,23.843368530273438
37547,0,calendar_2014_test,178.156005859375,159.0,0.7199174165725708,0.0,10.342488288879395,19.156005859375
37548,0,calendar_2014_test,157.18557739257812,189.0,0.7609190344810486,0.0,8.828439712524414,31.814422607421875
37549,0,calendar_2014_test,194.50413513183594,97.0,0.743480920791626,0.0,9.472371101379395,97.50413513183594
37550,0,calendar_2014_test,75.02387237548828,81.0,0.8306934833526611,0.0,6.251908779144287,5.976127624511719
37551,0,calendar_2014_test,71.57518005371094,28.0,0.90784752368927,0.0,3.4028751850128174,43.57518005371094
37552,0,calendar_2014_test,22.6844425201416,25.0,0.9368656277656555,0.0,2.3313355445861816,2.3155574798583984
37553,0,calendar_2014_test,23.59330177307129,9.0,0.9080533385276794,0.0,3.3952741622924805,14.593301773071289
37554,0,calendar_2014_test,12.299735069274902,9.0,0.9223984479904175,0.0,2.865558385848999,3.2997350692749023
37555,0,calendar_2014_test,14.902571678161621,13.0,0.9353214502334595,0.0,2.388356924057007,1.902571678161621
37556,0,calendar_2014_test,14.7236967086792,17.0,0.9239144921302795,0.0,2.809576988220215,2.276303291320801
37557,0,calendar_2014_test,19.296674728393555,16.0,0.9347829222679138,0.0,2.4082424640655518,3.2966747283935547
37558,0,calendar_2014_test,15.004444122314453,25.0,0.9235323071479797,0.0,2.823690414428711,9.995555877685547
37559,0,calendar_2014_test,28.01812744140625,48.0,0.9172700643539429,0.0,3.054931879043579,19.98187255859375
37560,0,calendar_2014_test,50.68280029296875,49.0,0.8960838913917542,0.0,3.837266445159912,1.68280029296875
37561,0,calendar_2014_test,52.71928787231445,73.0,0.8848380446434021,0.0,4.252535343170166,20.280712127685547
37562,0,calendar_2014_test,82.29127502441406,65.0,0.879882276058197,0.0,4.435535907745361,17.291275024414062
37563,0,calendar_2014_test,66.31400299072266,55.0,0.8961911201477051,0.0,3.8333070278167725,11.314002990722656
37564,0,calendar_2014_test,58.83210372924805,60.0,0.8999356627464294,0.0,3.695032835006714,1.1678962707519531
37565,0,calendar_2014_test,64.6584243774414,63.0,0.868894100189209,0.0,4.841290473937988,1.6584243774414062
37566,0,calendar_2014_test,69.01679992675781,79.0,0.8845400810241699,0.0,4.263537883758545,9.983200073242188
37567,0,calendar_2014_test,85.5302963256836,35.0,0.8511272668838501,0.0,5.497358322143555,50.530296325683594
37568,0,calendar_2014_test,28.309816360473633,26.0,0.8981639742851257,0.0,3.7604546546936035,2.309816360473633
37569,0,calendar_2014_test,26.134084701538086,20.0,0.916466474533081,0.0,3.084606885910034,6.134084701538086
37570,0,calendar_2014_test,16.447978973388672,8.0,0.9411956071853638,0.0,2.17144513130188,8.447978973388672
37571,0,calendar_2014_test,11.440375328063965,16.0,0.9219063520431519,0.0,2.883729934692383,4.559624671936035
37572,0,calendar_2014_test,15.518878936767578,10.0,0.921313464641571,0.0,2.9056239128112793,5.518878936767578
37573,0,calendar_2014_test,14.243163108825684,11.0,0.920402467250824,0.0,2.9392645359039307,3.2431631088256836
37574,0,calendar_2014_test,13.091511726379395,20.0,0.9419281482696533,0.0,2.1443939208984375,6.9084882736206055
37575,0,calendar_2014_test,17.728168487548828,9.0,0.936588704586029,0.0,2.3415613174438477,8.728168487548828
37576,0,calendar_2014_test,11.648187637329102,8.0,0.9339835047721863,0.0,2.4377634525299072,3.6481876373291016
37577,0,calendar_2014_test,9.91729736328125,9.0,0.9176607131958008,0.0,3.0405077934265137,0.91729736328125
37578,0,calendar_2014_test,10.67056941986084,8.0,0.9387847781181335,0.0,2.2604682445526123,2.67056941986084
37579,0,calendar_2014_test,11.11453628540039,8.0,0.9294916391372681,0.0,2.6036319732666016,3.1145362854003906
37580,0,calendar_2014_test,10.627469062805176,8.0,0.9360198974609375,0.0,2.3625664710998535,2.627469062805176
37581,0,calendar_2014_test,11.013958930969238,8.0,0.9260327219963074,0.0,2.7313578128814697,3.0139589309692383
37582,0,calendar_2014_test,11.048914909362793,7.0,0.9310884475708008,0.0,2.544668436050415,4.048914909362793
37583,0,calendar_2014_test,10.5153169631958,12.0,0.9375211000442505,0.0,2.307131052017212,1.4846830368041992
37584,0,calendar_2014_test,13.172571182250977,17.0,0.9383561015129089,0.0,2.2762978076934814,3.8274288177490234
37585,0,calendar_2014_test,13.313234329223633,11.0,0.9265990257263184,0.0,2.7104456424713135,2.313234329223633
37586,0,calendar_2014_test,14.168336868286133,9.0,0.9490920305252075,0.0,1.8798565864562988,5.168336868286133
37587,0,calendar_2014_test,11.754759788513184,11.0,0.9104952812194824,0.0,3.3051021099090576,0.7547597885131836
37588,0,calendar_2014_test,14.23132610321045,8.0,0.9287258982658386,0.0,2.631909132003784,6.231326103210449
37589,0,calendar_2014_test,10.913131713867188,9.0,0.9248442053794861,0.0,2.7752456665039062,1.9131317138671875
37590,0,calendar_2014_test,12.16226577758789,10.0,0.9333685636520386,0.0,2.460470199584961,2.1622657775878906
37591,0,calendar_2014_test,12.687382698059082,8.0,0.9386816024780273,0.0,2.2642788887023926,4.687382698059082
37592,0,calendar_2014_test,12.11036491394043,10.0,0.9191193580627441,0.0,2.9866440296173096,2.1103649139404297
37593,0,calendar_2014_test,13.438752174377441,10.0,0.9373618364334106,0.0,2.3130128383636475,3.4387521743774414
37594,0,calendar_2014_test,13.469343185424805,8.0,0.9369005560874939,0.0,2.3300461769104004,5.469343185424805
37595,0,calendar_2014_test,13.224503517150879,12.0,0.9497696757316589,0.0,1.8548336029052734,1.224503517150879
