index,fold,regime,prediction,actual,confidence,aleatoric,epistemic,abs_error
29646,0,calendar_2014_test,21.57144651538978,24.0,0.5,0.0,0.0,2.4285534846102195
29647,0,calendar_2014_test,21.36833524436412,53.0,0.5,0.0,0.0,31.63166475563588
29648,0,calendar_2014_test,42.06635177248967,65.0,0.5,0.0,0.0,22.933648227510332
29649,0,calendar_2014_test,61.78344407822807,70.0,0.5,0.0,0.0,8.216555921771928
29650,0,calendar_2014_test,74.10043112290879,79.0,0.5,0.0,0.0,4.8995688770912125
29651,0,calendar_2014_test,78.76768969500739,92.0,0.5,0.0,0.0,13.232310304992609
29652,0,calendar_2014_test,86.54431842920376,106.0,0.5,0.0,0.0,19.455681570796244
29653,0,calendar_2014_test,98.31452065579528,75.0,0.5,0.0,0.0,23.314520655795278
29654,0,calendar_2014_test,61.5956380295935,58.0,0.5,0.0,0.0,3.595638029593502
29655,0,calendar_2014_test,52.72122559667272,33.0,0.5,0.0,0.0,19.721225596672717
29656,0,calendar_2014_test,30.45685607051037,51.0,0.5,0.0,0.0,20.54314392948963
29657,0,calendar_2014_test,48.29289992311376,32.0,0.5,0.0,0.0,16.292899923113758
29658,0,calendar_2014_test,28.355749161498906,23.0,0.5,0.0,0.0,5.355749161498906
29659,0,calendar_2014_test,21.631128470026496,28.0,0.5,0.0,0.0,6.368871529973504
29660,0,calendar_2014_test,28.55821115184817,23.0,0.5,0.0,0.0,5.55821115184817
29661,0,calendar_2014_test,22.782496405888168,24.0,0.5,0.0,0.0,1.2175035941118324
29662,0,calendar_2014_test,24.119930883132852,26.0,0.5,0.0,0.0,1.8800691168671477
29663,0,calendar_2014_test,26.88380927899395,26.0,0.5,0.0,0.0,0.8838092789939509
29664,0,calendar_2014_test,27.080944499423566,27.0,0.5,0.0,0.0,0.08094449942356619
29665,0,calendar_2014_test,36.246011167149376,43.0,0.5,0.0,0.0,6.753988832850624
29666,0,calendar_2014_test,55.31734188555265,62.0,0.5,0.0,0.0,6.682658114447349
29667,0,calendar_2014_test,73.60754043006499,70.0,0.5,0.0,0.0,3.6075404300649865
29668,0,calendar_2014_test,79.00530060134821,81.0,0.5,0.0,0.0,1.9946993986517896
29669,0,calendar_2014_test,88.1477189543651,111.0,0.5,0.0,0.0,22.852281045634896
29670,0,calendar_2014_test,121.88465735107894,144.0,0.5,0.0,0.0,22.115342648921057
29671,0,calendar_2014_test,154.33913771036853,170.0,0.5,0.0,0.0,15.660862289631467
29672,0,calendar_2014_test,178.5730392981661,174.0,0.5,0.0,0.0,4.573039298166094
29673,0,calendar_2014_test,171.09699909088465,174.0,0.5,0.0,0.0,2.903000909115349
29674,0,calendar_2014_test,172.273490796327,172.0,0.5,0.0,0.0,0.27349079632699613
29675,0,calendar_2014_test,173.53311378147697,149.0,0.5,0.0,0.0,24.53311378147697
29676,0,calendar_2014_test,138.55430049693337,166.0,0.5,0.0,0.0,27.445699503066635
29677,0,calendar_2014_test,166.98395408308394,187.0,0.5,0.0,0.0,20.016045916916056
29678,0,calendar_2014_test,187.8119379725478,107.0,0.5,0.0,0.0,80.81193797254781
29679,0,calendar_2014_test,84.60301500312208,114.0,0.5,0.0,0.0,29.39698499687792
29680,0,calendar_2014_test,113.42088490780091,108.0,0.5,0.0,0.0,5.420884907800911
29681,0,calendar_2014_test,110.51549232498166,102.0,0.5,0.0,0.0,8.515492324981665
29682,0,calendar_2014_test,103.04287019162894,95.0,0.5,0.0,0.0,8.042870191628936
29683,0,calendar_2014_test,92.46227560597873,127.0,0.5,0.0,0.0,34.53772439402127
29684,0,calendar_2014_test,133.7696552067807,125.0,0.5,0.0,0.0,8.769655206780698
29685,0,calendar_2014_test,121.0826308339429,128.0,0.5,0.0,0.0,6.9173691660570995
29686,0,calendar_2014_test,128.9473252904982,146.0,0.5,0.0,0.0,17.052674709501787
29687,0,calendar_2014_test,154.4968751427609,165.0,0.5,0.0,0.0,10.5031248572391
29688,0,calendar_2014_test,175.71697352210833,173.0,0.5,0.0,0.0,2.716973522108333
29689,0,calendar_2014_test,177.24601100447777,195.0,0.5,0.0,0.0,17.753988995522235
29690,0,calendar_2014_test,205.336843511918,239.0,0.5,0.0,0.0,33.663156488081995
29691,0,calendar_2014_test,256.69685589388587,232.0,0.5,0.0,0.0,24.696855893885868
29692,0,calendar_2014_test,236.0741279845595,242.0,0.5,0.0,0.0,5.92587201544049
29693,0,calendar_2014_test,243.41557018407758,269.0,0.5,0.0,0.0,25.58442981592242
29694,0,calendar_2014_test,246.73998418455932,264.0,0.5,0.0,0.0,17.26001581544068
29695,0,calendar_2014_test,259.71970018389413,220.0,0.5,0.0,0.0,39.71970018389413
29696,0,calendar_2014_test,200.01723530078573,146.0,0.5,0.0,0.0,54.01723530078573
29697,0,calendar_2014_test,118.20926921742907,34.0,0.5,0.0,0.0,84.20926921742907
29698,0,calendar_2014_test,25.88811233828487,34.0,0.5,0.0,0.0,8.11188766171513
29699,0,calendar_2014_test,35.734222530462446,35.0,0.5,0.0,0.0,0.7342225304624463
29700,0,calendar_2014_test,31.460208186564543,45.0,0.5,0.0,0.0,13.539791813435457
29701,0,calendar_2014_test,47.0575953818713,43.0,0.5,0.0,0.0,4.057595381871302
29702,0,calendar_2014_test,45.1215930018353,43.0,0.5,0.0,0.0,2.1215930018353006
29703,0,calendar_2014_test,40.76084448676063,36.0,0.5,0.0,0.0,4.760844486760632
29704,0,calendar_2014_test,35.35258872340579,36.0,0.5,0.0,0.0,0.6474112765942124
29705,0,calendar_2014_test,35.91482061872965,23.0,0.5,0.0,0.0,12.91482061872965
29706,0,calendar_2014_test,23.555520188742406,25.0,0.5,0.0,0.0,1.4444798112575938
29707,0,calendar_2014_test,24.418326364497347,29.0,0.5,0.0,0.0,4.5816736355026535
29708,0,calendar_2014_test,32.00076868190739,26.0,0.5,0.0,0.0,6.000768681907388
29709,0,calendar_2014_test,31.853965246915607,21.0,0.5,0.0,0.0,10.853965246915607
29710,0,calendar_2014_test,30.516007784798333,25.0,0.5,0.0,0.0,5.516007784798333
29711,0,calendar_2014_test,34.642675175381456,31.0,0.5,0.0,0.0,3.6426751753814557
29712,0,calendar_2014_test,39.999547987442845,43.0,0.5,0.0,0.0,3.0004520125571545
29713,0,calendar_2014_test,52.65339850137204,46.0,0.5,0.0,0.0,6.653398501372038
29714,0,calendar_2014_test,54.612656367435434,50.0,0.5,0.0,0.0,4.612656367435434
29715,0,calendar_2014_test,59.407937509067374,68.0,0.5,0.0,0.0,8.592062490932626
29716,0,calendar_2014_test,83.75169196728703,60.0,0.5,0.0,0.0,23.75169196728703
29717,0,calendar_2014_test,66.13508688254919,103.0,0.5,0.0,0.0,36.86491311745081
29718,0,calendar_2014_test,111.42473092258592,85.0,0.5,0.0,0.0,26.424730922585923
29719,0,calendar_2014_test,84.62741422208104,86.0,0.5,0.0,0.0,1.3725857779189568
29720,0,calendar_2014_test,88.44896483190601,89.0,0.5,0.0,0.0,0.5510351680939891
29721,0,calendar_2014_test,94.85430015337256,77.0,0.5,0.0,0.0,17.854300153372563
29722,0,calendar_2014_test,77.63858825987842,77.0,0.5,0.0,0.0,0.6385882598784178
29723,0,calendar_2014_test,83.87951363910767,75.0,0.5,0.0,0.0,8.879513639107671
29724,0,calendar_2014_test,77.15930765195,80.0,0.5,0.0,0.0,2.8406923480499984
29725,0,calendar_2014_test,89.53885913390818,86.0,0.5,0.0,0.0,3.5388591339081756
29726,0,calendar_2014_test,93.61896703075688,95.0,0.5,0.0,0.0,1.3810329692431225
29727,0,calendar_2014_test,102.47990328815129,101.0,0.5,0.0,0.0,1.4799032881512915
29728,0,calendar_2014_test,107.21853912759084,132.0,0.5,0.0,0.0,24.781460872409156
29729,0,calendar_2014_test,146.30402279071706,153.0,0.5,0.0,0.0,6.695977209282944
29730,0,calendar_2014_test,159.95259816232075,173.0,0.5,0.0,0.0,13.047401837679246
29731,0,calendar_2014_test,179.6447649280763,178.0,0.5,0.0,0.0,1.644764928076313
29732,0,calendar_2014_test,178.67722801947696,176.0,0.5,0.0,0.0,2.6772280194769564
29733,0,calendar_2014_test,174.55531080307745,209.0,0.5,0.0,0.0,34.44468919692255
29734,0,calendar_2014_test,218.71684421160967,219.0,0.5,0.0,0.0,0.2831557883903315
29735,0,calendar_2014_test,220.76608567128176,224.0,0.5,0.0,0.0,3.2339143287182424
29736,0,calendar_2014_test,216.89838771851169,212.0,0.5,0.0,0.0,4.898387718511685
29737,0,calendar_2014_test,202.53401436303358,221.0,0.5,0.0,0.0,18.465985636966423
29738,0,calendar_2014_test,223.99313575709306,221.0,0.5,0.0,0.0,2.9931357570930572
29739,0,calendar_2014_test,232.2346678874622,217.0,0.5,0.0,0.0,15.234667887462194
29740,0,calendar_2014_test,224.88559544482916,203.0,0.5,0.0,0.0,21.885595444829164
29741,0,calendar_2014_test,199.7581195180372,221.0,0.5,0.0,0.0,21.241880481962795
29742,0,calendar_2014_test,230.12706443759907,192.0,0.5,0.0,0.0,38.127064437599074
29743,0,calendar_2014_test,162.0088498538492,183.0,0.5,0.0,0.0,20.9911501461508
29744,0,calendar_2014_test,170.47521623045202,175.0,0.5,0.0,0.0,4.52478376954798
29745,0,calendar_2014_test,164.27798217952073,177.0,0.5,0.0,0.0,12.722017820479266
29746,0,calendar_2014_test,169.6659880629817,183.0,0.5,0.0,0.0,13.334011937018289
29747,0,calendar_2014_test,177.13918920609774,155.0,0.5,0.0,0.0,22.13918920609774
29748,0,calendar_2014_test,141.39035708278658,151.0,0.5,0.0,0.0,9.60964291721342
29749,0,calendar_2014_test,146.65847456520657,137.0,0.5,0.0,0.0,9.658474565206575
29750,0,calendar_2014_test,130.3469186008813,109.0,0.5,0.0,0.0,21.34691860088131
29751,0,calendar_2014_test,100.05896917648236,140.0,0.5,0.0,0.0,39.941030823517636
29752,0,calendar_2014_test,145.72255519362113,117.0,0.5,0.0,0.0,28.722555193621133
29753,0,calendar_2014_test,80.58658266343424,128.0,0.5,0.0,0.0,47.41341733656576
29754,0,calendar_2014_test,121.59979850224917,54.0,0.5,0.0,0.0,67.59979850224917
29755,0,calendar_2014_test,32.9556424467836,34.0,0.5,0.0,0.0,1.0443575532164004
29756,0,calendar_2014_test,29.247213929632352,32.0,0.5,0.0,0.0,2.752786070367648
29757,0,calendar_2014_test,30.592250238545162,28.0,0.5,0.0,0.0,2.5922502385451622
29758,0,calendar_2014_test,34.6147874522992,29.0,0.5,0.0,0.0,5.614787452299197
29759,0,calendar_2014_test,35.0205331789642,37.0,0.5,0.0,0.0,1.9794668210357997
29760,0,calendar_2014_test,48.50145143056336,46.0,0.5,0.0,0.0,2.501451430563357
29761,0,calendar_2014_test,58.6301671477284,54.0,0.5,0.0,0.0,4.6301671477284
29762,0,calendar_2014_test,63.538086398070114,53.0,0.5,0.0,0.0,10.538086398070114
29763,0,calendar_2014_test,59.11443839909221,47.0,0.5,0.0,0.0,12.114438399092208
29764,0,calendar_2014_test,53.57095094804996,112.0,0.5,0.0,0.0,58.42904905195004
29765,0,calendar_2014_test,130.83676137478002,125.0,0.5,0.0,0.0,5.836761374780025
29766,0,calendar_2014_test,134.95505165512134,128.0,0.5,0.0,0.0,6.955051655121338
29767,0,calendar_2014_test,134.22299609689398,126.0,0.5,0.0,0.0,8.22299609689398
29768,0,calendar_2014_test,125.60147874289572,153.0,0.5,0.0,0.0,27.398521257104278
29769,0,calendar_2014_test,158.8094578278475,157.0,0.5,0.0,0.0,1.8094578278474955
29770,0,calendar_2014_test,163.52255871389775,144.0,0.5,0.0,0.0,19.52255871389775
29771,0,calendar_2014_test,139.2222435720094,138.0,0.5,0.0,0.0,1.222243572009404
29772,0,calendar_2014_test,140.71341498405192,128.0,0.5,0.0,0.0,12.713414984051923
29773,0,calendar_2014_test,127.32200901772933,126.0,0.5,0.0,0.0,1.3220090177293287
29774,0,calendar_2014_test,126.6316523953816,126.0,0.5,0.0,0.0,0.6316523953815931
29775,0,calendar_2014_test,123.28693008990909,159.0,0.5,0.0,0.0,35.71306991009091
29776,0,calendar_2014_test,167.3932939628454,149.0,0.5,0.0,0.0,18.393293962845405
29777,0,calendar_2014_test,142.04668636895212,123.0,0.5,0.0,0.0,19.046686368952123
29778,0,calendar_2014_test,116.05127205689638,150.0,0.5,0.0,0.0,33.94872794310362
29779,0,calendar_2014_test,158.90719394632964,146.0,0.5,0.0,0.0,12.907193946329642
29780,0,calendar_2014_test,143.93839631474225,145.0,0.5,0.0,0.0,1.0616036852577508
29781,0,calendar_2014_test,145.1031698757306,160.0,0.5,0.0,0.0,14.8968301242694
29782,0,calendar_2014_test,166.48000204977052,148.0,0.5,0.0,0.0,18.48000204977052
29783,0,calendar_2014_test,143.6246339761612,156.0,0.5,0.0,0.0,12.375366023838808
29784,0,calendar_2014_test,157.5555115075408,158.0,0.5,0.0,0.0,0.4444884924591861
29785,0,calendar_2014_test,172.0325901239129,167.0,0.5,0.0,0.0,5.032590123912911
29786,0,calendar_2014_test,186.73454980024616,171.0,0.5,0.0,0.0,15.734549800246157
29787,0,calendar_2014_test,183.5667695022966,177.0,0.5,0.0,0.0,6.566769502296609
29788,0,calendar_2014_test,185.61634041083016,185.0,0.5,0.0,0.0,0.616340410830162
29789,0,calendar_2014_test,194.73048680003703,201.0,0.5,0.0,0.0,6.269513199962972
29790,0,calendar_2014_test,213.05441482815235,217.0,0.5,0.0,0.0,3.945585171847654
29791,0,calendar_2014_test,232.41014512463,208.0,0.5,0.0,0.0,24.41014512462999
29792,0,calendar_2014_test,212.09540098657413,204.0,0.5,0.0,0.0,8.095400986574134
29793,0,calendar_2014_test,207.02299693387414,213.0,0.5,0.0,0.0,5.97700306612586
29794,0,calendar_2014_test,221.40168468969242,256.0,0.5,0.0,0.0,34.598315310307584
29795,0,calendar_2014_test,245.739599694162,211.0,0.5,0.0,0.0,34.739599694161996
29796,0,calendar_2014_test,161.50265246189971,203.0,0.5,0.0,0.0,41.497347538100286
29797,0,calendar_2014_test,197.87753275836235,212.0,0.5,0.0,0.0,14.12246724163765
29798,0,calendar_2014_test,206.18633330484226,205.0,0.5,0.0,0.0,1.1863333048422646
29799,0,calendar_2014_test,190.50883579316513,196.0,0.5,0.0,0.0,5.491164206834867
29800,0,calendar_2014_test,177.2300197871304,182.0,0.5,0.0,0.0,4.769980212869598
29801,0,calendar_2014_test,147.79166820650545,124.0,0.5,0.0,0.0,23.79166820650545
29802,0,calendar_2014_test,63.010472668330586,102.0,0.5,0.0,0.0,38.989527331669414
29803,0,calendar_2014_test,78.56956260580667,77.0,0.5,0.0,0.0,1.5695626058066665
29804,0,calendar_2014_test,56.200708342921274,48.0,0.5,0.0,0.0,8.200708342921274
29805,0,calendar_2014_test,44.5075162799572,38.0,0.5,0.0,0.0,6.507516279957201
29806,0,calendar_2014_test,43.2363711801319,31.0,0.5,0.0,0.0,12.236371180131897
29807,0,calendar_2014_test,34.23208070467439,27.0,0.5,0.0,0.0,7.232080704674388
29808,0,calendar_2014_test,31.013861315170345,33.0,0.5,0.0,0.0,1.9861386848296547
29809,0,calendar_2014_test,39.64520530844213,35.0,0.5,0.0,0.0,4.645205308442129
29810,0,calendar_2014_test,33.099462951422936,29.0,0.5,0.0,0.0,4.099462951422936
29811,0,calendar_2014_test,28.41656827889632,24.0,0.5,0.0,0.0,4.416568278896321
29812,0,calendar_2014_test,21.356956695230778,26.0,0.5,0.0,0.0,4.643043304769222
29813,0,calendar_2014_test,27.875102153647717,11.0,0.5,0.0,0.0,16.875102153647717
29814,0,calendar_2014_test,13.407543765256506,14.0,0.5,0.0,0.0,0.5924562347434943
29815,0,calendar_2014_test,16.78887890794394,12.0,0.5,0.0,0.0,4.788878907943939
29816,0,calendar_2014_test,11.47147843655651,9.0,0.5,0.0,0.0,2.4714784365565095
29817,0,calendar_2014_test,9.47773955208018,11.0,0.5,0.0,0.0,1.5222604479198196
29818,0,calendar_2014_test,9.20196923568355,15.0,0.5,0.0,0.0,5.798030764316451
29819,0,calendar_2014_test,16.996006714886704,13.0,0.5,0.0,0.0,3.996006714886704
29820,0,calendar_2014_test,13.453391127640757,15.0,0.5,0.0,0.0,1.5466088723592435
29821,0,calendar_2014_test,14.783807591740398,17.0,0.5,0.0,0.0,2.2161924082596016
29822,0,calendar_2014_test,17.085649453756233,19.0,0.5,0.0,0.0,1.9143505462437673
29823,0,calendar_2014_test,17.37271759074072,18.0,0.5,0.0,0.0,0.6272824092592799
29824,0,calendar_2014_test,16.80434302824068,21.0,0.5,0.0,0.0,4.19565697175932
29825,0,calendar_2014_test,23.82672559436891,17.0,0.5,0.0,0.0,6.826725594368909
29826,0,calendar_2014_test,18.676757523177713,22.0,0.5,0.0,0.0,3.323242476822287
29827,0,calendar_2014_test,21.141236759561508,23.0,0.5,0.0,0.0,1.858763240438492
29828,0,calendar_2014_test,20.74347747348773,16.0,0.5,0.0,0.0,4.743477473487729
29829,0,calendar_2014_test,17.413927649093566,22.0,0.5,0.0,0.0,4.586072350906434
29830,0,calendar_2014_test,22.793983700146356,18.0,0.5,0.0,0.0,4.793983700146356
29831,0,calendar_2014_test,17.6677268941404,17.0,0.5,0.0,0.0,0.6677268941404009
29832,0,calendar_2014_test,18.962402656538416,21.0,0.5,0.0,0.0,2.0375973434615844
29833,0,calendar_2014_test,22.972704357503545,23.0,0.5,0.0,0.0,0.027295642496454775
29834,0,calendar_2014_test,22.47389233910215,22.0,0.5,0.0,0.0,0.4738923391021501
29835,0,calendar_2014_test,22.06240854673068,21.0,0.5,0.0,0.0,1.0624085467306799
29836,0,calendar_2014_test,20.461739891511712,23.0,0.5,0.0,0.0,2.538260108488288
29837,0,calendar_2014_test,28.323710326766957,53.0,0.5,0.0,0.0,24.676289673233043
29838,0,calendar_2014_test,55.39143214373791,66.0,0.5,0.0,0.0,10.608567856262091
29839,0,calendar_2014_test,68.52721372786297,52.0,0.5,0.0,0.0,16.52721372786297
29840,0,calendar_2014_test,47.653878581676054,30.0,0.5,0.0,0.0,17.653878581676054
29841,0,calendar_2014_test,30.108736559278526,10.0,0.5,0.0,0.0,20.108736559278526
29842,0,calendar_2014_test,15.090778243380456,10.0,0.5,0.0,0.0,5.090778243380456
29843,0,calendar_2014_test,14.392521130597217,13.0,0.5,0.0,0.0,1.392521130597217
29844,0,calendar_2014_test,14.113342062947538,11.0,0.5,0.0,0.0,3.113342062947538
29845,0,calendar_2014_test,12.61368969555032,14.0,0.5,0.0,0.0,1.3863103044496796
29846,0,calendar_2014_test,14.01540596220299,20.0,0.5,0.0,0.0,5.9845940377970095
29847,0,calendar_2014_test,16.59645420089764,22.0,0.5,0.0,0.0,5.4035457991023605
29848,0,calendar_2014_test,18.024771385049775,23.0,0.5,0.0,0.0,4.975228614950225
29849,0,calendar_2014_test,19.964588889455214,20.0,0.5,0.0,0.0,0.03541111054478563
29850,0,calendar_2014_test,18.44154505027356,17.0,0.5,0.0,0.0,1.441545050273561
29851,0,calendar_2014_test,17.717016975591534,14.0,0.5,0.0,0.0,3.717016975591534
29852,0,calendar_2014_test,15.385158548123286,10.0,0.5,0.0,0.0,5.385158548123286
29853,0,calendar_2014_test,12.706137408495252,10.0,0.5,0.0,0.0,2.706137408495252
29854,0,calendar_2014_test,13.194118642647524,27.0,0.5,0.0,0.0,13.805881357352476
29855,0,calendar_2014_test,34.39558236138231,44.0,0.5,0.0,0.0,9.60441763861769
29856,0,calendar_2014_test,48.35735672846707,53.0,0.5,0.0,0.0,4.642643271532933
29857,0,calendar_2014_test,56.185985299017965,59.0,0.5,0.0,0.0,2.8140147009820353
29858,0,calendar_2014_test,63.91417807030923,56.0,0.5,0.0,0.0,7.914178070309227
29859,0,calendar_2014_test,58.48903985720993,58.0,0.5,0.0,0.0,0.4890398572099315
29860,0,calendar_2014_test,63.05967457869763,66.0,0.5,0.0,0.0,2.9403254213023686
29861,0,calendar_2014_test,76.56304778240045,73.0,0.5,0.0,0.0,3.563047782400446
29862,0,calendar_2014_test,77.19640914876581,83.0,0.5,0.0,0.0,5.8035908512341905
29863,0,calendar_2014_test,92.0731027267779,81.0,0.5,0.0,0.0,11.073102726777904
29864,0,calendar_2014_test,78.24026377223402,91.0,0.5,0.0,0.0,12.759736227765984
29865,0,calendar_2014_test,90.09526009299803,104.0,0.5,0.0,0.0,13.904739907001968
29866,0,calendar_2014_test,101.41564701535094,88.0,0.5,0.0,0.0,13.415647015350942
29867,0,calendar_2014_test,75.25763078263506,85.0,0.5,0.0,0.0,9.742369217364939
29868,0,calendar_2014_test,78.71550037513109,66.0,0.5,0.0,0.0,12.715500375131086
29869,0,calendar_2014_test,60.92755949904575,47.0,0.5,0.0,0.0,13.92755949904575
29870,0,calendar_2014_test,46.9621208568934,70.0,0.5,0.0,0.0,23.0378791431066
29871,0,calendar_2014_test,72.44820813801925,61.0,0.5,0.0,0.0,11.448208138019254
29872,0,calendar_2014_test,59.053222902124396,47.0,0.5,0.0,0.0,12.053222902124396
29873,0,calendar_2014_test,43.597143797415754,61.0,0.5,0.0,0.0,17.402856202584246
29874,0,calendar_2014_test,62.928115074944614,69.0,0.5,0.0,0.0,6.071884925055386
29875,0,calendar_2014_test,64.66346409064582,66.0,0.5,0.0,0.0,1.3365359093541826
29876,0,calendar_2014_test,67.48333397390407,63.0,0.5,0.0,0.0,4.483333973904067
29877,0,calendar_2014_test,70.4456695007072,43.0,0.5,0.0,0.0,27.445669500707197
29878,0,calendar_2014_test,37.76721120677369,48.0,0.5,0.0,0.0,10.232788793226312
29879,0,calendar_2014_test,53.82393026332393,67.0,0.5,0.0,0.0,13.17606973667607
29880,0,calendar_2014_test,75.53527261981502,87.0,0.5,0.0,0.0,11.464727380184982
29881,0,calendar_2014_test,99.17201443556267,127.0,0.5,0.0,0.0,27.827985564437327
29882,0,calendar_2014_test,138.96387230725247,126.0,0.5,0.0,0.0,12.963872307252473
29883,0,calendar_2014_test,110.7194296681883,126.0,0.5,0.0,0.0,15.280570331811703
29884,0,calendar_2014_test,128.63056198687252,106.0,0.5,0.0,0.0,22.63056198687252
29885,0,calendar_2014_test,102.0783469272894,104.0,0.5,0.0,0.0,1.9216530727105976
29886,0,calendar_2014_test,106.98013119495442,118.0,0.5,0.0,0.0,11.019868805045576
29887,0,calendar_2014_test,123.13150409818314,141.0,0.5,0.0,0.0,17.868495901816857
29888,0,calendar_2014_test,142.97202718199605,199.0,0.5,0.0,0.0,56.027972818003946
29889,0,calendar_2014_test,199.9403546626509,262.0,0.5,0.0,0.0,62.05964533734911
29890,0,calendar_2014_test,251.42955559630715,234.0,0.5,0.0,0.0,17.429555596307154
29891,0,calendar_2014_test,211.30455333450809,221.0,0.5,0.0,0.0,9.695446665491914
29892,0,calendar_2014_test,194.82332870760118,177.0,0.5,0.0,0.0,17.823328707601178
29893,0,calendar_2014_test,145.49189470831206,135.0,0.5,0.0,0.0,10.49189470831206
29894,0,calendar_2014_test,119.15414995503671,108.0,0.5,0.0,0.0,11.154149955036715
29895,0,calendar_2014_test,101.33973635407966,97.0,0.5,0.0,0.0,4.339736354079662
29896,0,calendar_2014_test,81.70661326387918,87.0,0.5,0.0,0.0,5.293386736120823
29897,0,calendar_2014_test,78.37455591731289,85.0,0.5,0.0,0.0,6.62544408268711
29898,0,calendar_2014_test,72.8680449624191,81.0,0.5,0.0,0.0,8.131955037580894
29899,0,calendar_2014_test,82.92900718538903,82.0,0.5,0.0,0.0,0.9290071853890254
29900,0,calendar_2014_test,80.16757891444648,81.0,0.5,0.0,0.0,0.8324210855535199
29901,0,calendar_2014_test,82.59683861751591,111.0,0.5,0.0,0.0,28.403161382484086
29902,0,calendar_2014_test,136.97105194430992,143.0,0.5,0.0,0.0,6.02894805569008
29903,0,calendar_2014_test,149.5894037524002,153.0,0.5,0.0,0.0,3.4105962475998126
29904,0,calendar_2014_test,151.33769700944381,189.0,0.5,0.0,0.0,37.662302990556185
29905,0,calendar_2014_test,189.94925108667894,244.0,0.5,0.0,0.0,54.05074891332106
29906,0,calendar_2014_test,246.02883949139402,273.0,0.5,0.0,0.0,26.971160508605976
29907,0,calendar_2014_test,256.7214805569512,218.0,0.5,0.0,0.0,38.72148055695118
29908,0,calendar_2014_test,167.33440481800577,227.0,0.5,0.0,0.0,59.665595181994235
29909,0,calendar_2014_test,215.3777254136025,95.0,0.5,0.0,0.0,120.37772541360249
29910,0,calendar_2014_test,35.26790030445081,20.0,0.5,0.0,0.0,15.267900304450812
29911,0,calendar_2014_test,108.77282549381393,84.0,0.5,0.0,0.0,24.772825493813926
29912,0,calendar_2014_test,79.1270656317069,106.0,0.5,0.0,0.0,26.8729343682931
29913,0,calendar_2014_test,113.73236368917993,112.0,0.5,0.0,0.0,1.7323636891799339
29914,0,calendar_2014_test,113.99783325667167,120.0,0.5,0.0,0.0,6.002166743328331
29915,0,calendar_2014_test,117.64383929813464,117.0,0.5,0.0,0.0,0.6438392981346368
29916,0,calendar_2014_test,110.53720053222123,118.0,0.5,0.0,0.0,7.4627994677787655
29917,0,calendar_2014_test,108.9757853525174,106.0,0.5,0.0,0.0,2.9757853525174056
29918,0,calendar_2014_test,87.63222903057826,96.0,0.5,0.0,0.0,8.367770969421741
29919,0,calendar_2014_test,87.55342995393528,82.0,0.5,0.0,0.0,5.553429953935279
29920,0,calendar_2014_test,77.36763755067841,63.0,0.5,0.0,0.0,14.36763755067841
29921,0,calendar_2014_test,62.980444861732295,79.0,0.5,0.0,0.0,16.019555138267705
29922,0,calendar_2014_test,87.70055248197907,125.0,0.5,0.0,0.0,37.299447518020926
29923,0,calendar_2014_test,135.20330033295585,119.0,0.5,0.0,0.0,16.20330033295585
29924,0,calendar_2014_test,119.66892080473784,115.0,0.5,0.0,0.0,4.668920804737837
29925,0,calendar_2014_test,122.92339093484308,131.0,0.5,0.0,0.0,8.076609065156916
29926,0,calendar_2014_test,135.60409232586875,177.0,0.5,0.0,0.0,41.39590767413125
29927,0,calendar_2014_test,192.62640432774174,287.0,0.5,0.0,0.0,94.37359567225826
29928,0,calendar_2014_test,330.7229777276451,299.0,0.5,0.0,0.0,31.722977727645116
29929,0,calendar_2014_test,271.77338727194285,250.0,0.5,0.0,0.0,21.773387271942852
29930,0,calendar_2014_test,196.43230539329136,159.0,0.5,0.0,0.0,37.43230539329136
29931,0,calendar_2014_test,103.48213028542231,124.0,0.5,0.0,0.0,20.517869714577685
29932,0,calendar_2014_test,94.36139182531889,123.0,0.5,0.0,0.0,28.63860817468111
29933,0,calendar_2014_test,101.21471848278642,49.0,0.5,0.0,0.0,52.214718482786424
29934,0,calendar_2014_test,33.40806100494491,36.0,0.5,0.0,0.0,2.591938995055088
29935,0,calendar_2014_test,38.13024162478581,59.0,0.5,0.0,0.0,20.86975837521419
29936,0,calendar_2014_test,67.75412778405392,85.0,0.5,0.0,0.0,17.24587221594608
29937,0,calendar_2014_test,91.93814758605077,170.0,0.5,0.0,0.0,78.06185241394923
29938,0,calendar_2014_test,189.15554948761212,180.0,0.5,0.0,0.0,9.15554948761212
29939,0,calendar_2014_test,177.62567255071073,227.0,0.5,0.0,0.0,49.37432744928927
29940,0,calendar_2014_test,232.59888493997343,199.0,0.5,0.0,0.0,33.59888493997343
29941,0,calendar_2014_test,165.6374402068089,168.0,0.5,0.0,0.0,2.36255979319111
29942,0,calendar_2014_test,152.405204291074,93.0,0.5,0.0,0.0,59.405204291074
29943,0,calendar_2014_test,62.575809131639346,80.0,0.5,0.0,0.0,17.424190868360654
29944,0,calendar_2014_test,75.56847736430984,111.0,0.5,0.0,0.0,35.43152263569016
29945,0,calendar_2014_test,122.14038924650956,133.0,0.5,0.0,0.0,10.859610753490443
29946,0,calendar_2014_test,143.5645679706284,135.0,0.5,0.0,0.0,8.564567970628389
29947,0,calendar_2014_test,138.43679104238302,94.0,0.5,0.0,0.0,44.43679104238302
29948,0,calendar_2014_test,84.08896637989722,103.0,0.5,0.0,0.0,18.911033620102785
29949,0,calendar_2014_test,111.01272176117271,92.0,0.5,0.0,0.0,19.012721761172713
29950,0,calendar_2014_test,95.11353548335674,93.0,0.5,0.0,0.0,2.113535483356742
29951,0,calendar_2014_test,96.25162630446674,109.0,0.5,0.0,0.0,12.74837369553326
29952,0,calendar_2014_test,118.98339994431197,122.0,0.5,0.0,0.0,3.0166000556880306
29953,0,calendar_2014_test,131.6663990961095,123.0,0.5,0.0,0.0,8.666399096109501
29954,0,calendar_2014_test,121.01039082060481,122.0,0.5,0.0,0.0,0.9896091793951882
29955,0,calendar_2014_test,118.29549467276449,172.0,0.5,0.0,0.0,53.70450532723551
29956,0,calendar_2014_test,175.79910193063918,213.0,0.5,0.0,0.0,37.20089806936082
29957,0,calendar_2014_test,217.59668820055424,196.0,0.5,0.0,0.0,21.59668820055424
29958,0,calendar_2014_test,180.87467662659017,158.0,0.5,0.0,0.0,22.874676626590173
29959,0,calendar_2014_test,143.57491341809182,103.0,0.5,0.0,0.0,40.574913418091825
29960,0,calendar_2014_test,84.25351579043124,90.0,0.5,0.0,0.0,5.746484209568763
29961,0,calendar_2014_test,80.5829903524876,70.0,0.5,0.0,0.0,10.582990352487599
29962,0,calendar_2014_test,60.916793206621946,67.0,0.5,0.0,0.0,6.083206793378054
29963,0,calendar_2014_test,64.07418467001682,66.0,0.5,0.0,0.0,1.9258153299831804
29964,0,calendar_2014_test,60.89689598724698,52.0,0.5,0.0,0.0,8.896895987246978
29965,0,calendar_2014_test,46.64567296889681,55.0,0.5,0.0,0.0,8.354327031103189
29966,0,calendar_2014_test,51.079457909766624,51.0,0.5,0.0,0.0,0.07945790976662437
29967,0,calendar_2014_test,48.74290547323592,47.0,0.5,0.0,0.0,1.742905473235922
29968,0,calendar_2014_test,46.17241863778244,48.0,0.5,0.0,0.0,1.8275813622175576
29969,0,calendar_2014_test,45.68466883882014,60.0,0.5,0.0,0.0,14.315331161179863
29970,0,calendar_2014_test,67.97501124822563,88.0,0.5,0.0,0.0,20.024988751774373
29971,0,calendar_2014_test,100.73210312908776,279.0,0.5,0.0,0.0,178.26789687091224
29972,0,calendar_2014_test,244.59839303935885,435.0,0.5,0.0,0.0,190.40160696064115
29973,0,calendar_2014_test,414.77245844777275,489.0,0.5,0.0,0.0,74.22754155222725
29974,0,calendar_2014_test,447.51301854707157,513.0,0.5,0.0,0.0,65.48698145292843
29975,0,calendar_2014_test,474.62977164582287,539.0,0.5,0.0,0.0,64.37022835417713
29976,0,calendar_2014_test,495.0875073479361,567.0,0.5,0.0,0.0,71.91249265206392
29977,0,calendar_2014_test,497.3266149882818,569.0,0.5,0.0,0.0,71.67338501171821
29978,0,calendar_2014_test,475.9754033210122,659.0,0.5,0.0,0.0,183.0245966789878
29979,0,calendar_2014_test,476.23603977915747,648.0,0.5,0.0,0.0,171.76396022084253
29980,0,calendar_2014_test,450.2208262964688,651.0,0.5,0.0,0.0,200.77917370353123
29981,0,calendar_2014_test,470.84422165146225,671.0,0.5,0.0,0.0,200.15577834853775
29982,0,calendar_2014_test,482.91428028528674,623.0,0.5,0.0,0.0,140.08571971471326
29983,0,calendar_2014_test,453.16294012701877,618.0,0.5,0.0,0.0,164.83705987298123
29984,0,calendar_2014_test,485.8053276954594,532.0,0.5,0.0,0.0,46.194672304540575
29985,0,calendar_2014_test,441.00969860455194,477.0,0.5,0.0,0.0,35.99030139544806
29986,0,calendar_2014_test,441.88082783164657,479.0,0.5,0.0,0.0,37.11917216835343
29987,0,calendar_2014_test,497.39572054466976,490.0,0.5,0.0,0.0,7.395720544669757
29988,0,calendar_2014_test,469.6373578805244,476.0,0.5,0.0,0.0,6.362642119475595
29989,0,calendar_2014_test,457.4377740987719,457.0,0.5,0.0,0.0,0.43777409877191076
29990,0,calendar_2014_test,434.31656794559177,327.0,0.5,0.0,0.0,107.31656794559177
29991,0,calendar_2014_test,276.3674622920877,161.0,0.5,0.0,0.0,115.36746229208768
29992,0,calendar_2014_test,106.41155643900215,286.0,0.5,0.0,0.0,179.58844356099786
29993,0,calendar_2014_test,284.80891577110503,298.0,0.5,0.0,0.0,13.191084228894965
29994,0,calendar_2014_test,285.7200136506976,310.0,0.5,0.0,0.0,24.27998634930242
29995,0,calendar_2014_test,321.3649506155473,332.0,0.5,0.0,0.0,10.635049384452714
29996,0,calendar_2014_test,353.83507928050346,391.0,0.5,0.0,0.0,37.164920719496536
29997,0,calendar_2014_test,436.72583745750893,437.0,0.5,0.0,0.0,0.2741625424910694
29998,0,calendar_2014_test,484.376220270774,422.0,0.5,0.0,0.0,62.37622027077401
29999,0,calendar_2014_test,421.5866008032476,320.0,0.5,0.0,0.0,101.58660080324762
30000,0,calendar_2014_test,286.48875121344406,346.0,0.5,0.0,0.0,59.51124878655594
30001,0,calendar_2014_test,366.06957862608147,351.0,0.5,0.0,0.0,15.069578626081466
30002,0,calendar_2014_test,356.8425127132691,297.0,0.5,0.0,0.0,59.842512713269116
30003,0,calendar_2014_test,285.29008693237677,290.0,0.5,0.0,0.0,4.7099130676232335
30004,0,calendar_2014_test,252.08052116602187,250.0,0.5,0.0,0.0,2.0805211660218674
30005,0,calendar_2014_test,186.3087781539522,170.0,0.5,0.0,0.0,16.308778153952204
30006,0,calendar_2014_test,145.53932040516926,103.0,0.5,0.0,0.0,42.53932040516926
30007,0,calendar_2014_test,85.07269253249014,79.0,0.5,0.0,0.0,6.072692532490137
30008,0,calendar_2014_test,76.5172393423758,73.0,0.5,0.0,0.0,3.5172393423758024
30009,0,calendar_2014_test,76.70206180420983,74.0,0.5,0.0,0.0,2.7020618042098334
30010,0,calendar_2014_test,76.82481976815758,77.0,0.5,0.0,0.0,0.17518023184241827
30011,0,calendar_2014_test,87.51988693283192,81.0,0.5,0.0,0.0,6.519886932831923
30012,0,calendar_2014_test,91.69225039354903,95.0,0.5,0.0,0.0,3.307749606450969
30013,0,calendar_2014_test,108.53288219504446,115.0,0.5,0.0,0.0,6.467117804955535
30014,0,calendar_2014_test,126.99508637602766,77.0,0.5,0.0,0.0,49.99508637602766
30015,0,calendar_2014_test,67.21943748709734,67.0,0.5,0.0,0.0,0.21943748709733768
30016,0,calendar_2014_test,54.76824302680957,13.0,0.5,0.0,0.0,41.76824302680957
30017,0,calendar_2014_test,19.66669010058493,12.0,0.5,0.0,0.0,7.66669010058493
30018,0,calendar_2014_test,14.000066482010595,10.0,0.5,0.0,0.0,4.000066482010595
30019,0,calendar_2014_test,12.056353659693684,195.0,0.5,0.0,0.0,182.94364634030632
30020,0,calendar_2014_test,131.382526058008,238.0,0.5,0.0,0.0,106.61747394199199
30021,0,calendar_2014_test,183.54166725175577,293.0,0.5,0.0,0.0,109.45833274824423
30022,0,calendar_2014_test,238.58833999019564,384.0,0.5,0.0,0.0,145.41166000980436
30023,0,calendar_2014_test,210.9180258895263,381.0,0.5,0.0,0.0,170.0819741104737
30024,0,calendar_2014_test,251.4185219495993,296.0,0.5,0.0,0.0,44.581478050400705
30025,0,calendar_2014_test,180.6364915369333,38.0,0.5,0.0,0.0,142.6364915369333
30026,0,calendar_2014_test,19.850335341992533,19.0,0.5,0.0,0.0,0.8503353419925332
30027,0,calendar_2014_test,12.470901994681242,22.0,0.5,0.0,0.0,9.529098005318758
30028,0,calendar_2014_test,18.663978569127664,20.0,0.5,0.0,0.0,1.3360214308723357
30029,0,calendar_2014_test,13.690759997934563,14.0,0.5,0.0,0.0,0.30924000206543667
30030,0,calendar_2014_test,21.80612295129326,23.0,0.5,0.0,0.0,1.1938770487067387
30031,0,calendar_2014_test,32.38795471573461,19.0,0.5,0.0,0.0,13.387954715734608
30032,0,calendar_2014_test,23.55470755843193,22.0,0.5,0.0,0.0,1.5547075584319288
30033,0,calendar_2014_test,29.583465586509035,33.0,0.5,0.0,0.0,3.4165344134909645
30034,0,calendar_2014_test,42.763221546543726,42.0,0.5,0.0,0.0,0.7632215465437255
30035,0,calendar_2014_test,36.75424783257824,40.0,0.5,0.0,0.0,3.245752167421763
30036,0,calendar_2014_test,36.744443619990186,43.0,0.5,0.0,0.0,6.255556380009814
30037,0,calendar_2014_test,45.27547207736403,56.0,0.5,0.0,0.0,10.724527922635971
30038,0,calendar_2014_test,63.042842960399305,57.0,0.5,0.0,0.0,6.042842960399305
30039,0,calendar_2014_test,64.25314126503227,153.0,0.5,0.0,0.0,88.74685873496773
30040,0,calendar_2014_test,169.62913512385566,108.0,0.5,0.0,0.0,61.62913512385566
30041,0,calendar_2014_test,99.12484333058512,89.0,0.5,0.0,0.0,10.124843330585122
30042,0,calendar_2014_test,82.53867080654089,87.0,0.5,0.0,0.0,4.4613291934591075
30043,0,calendar_2014_test,83.97202515419067,95.0,0.5,0.0,0.0,11.027974845809325
30044,0,calendar_2014_test,101.49773134859886,111.0,0.5,0.0,0.0,9.502268651401138
30045,0,calendar_2014_test,117.69665412934957,112.0,0.5,0.0,0.0,5.696654129349568
30046,0,calendar_2014_test,112.12574309247962,145.0,0.5,0.0,0.0,32.874256907520376
30047,0,calendar_2014_test,151.21584924031114,184.0,0.5,0.0,0.0,32.784150759688856
30048,0,calendar_2014_test,187.99935931284003,178.0,0.5,0.0,0.0,9.999359312840028
30049,0,calendar_2014_test,169.43995067370375,170.0,0.5,0.0,0.0,0.5600493262962516
30050,0,calendar_2014_test,157.60219202365568,161.0,0.5,0.0,0.0,3.3978079763443247
30051,0,calendar_2014_test,151.11919800361164,133.0,0.5,0.0,0.0,18.119198003611643
30052,0,calendar_2014_test,121.6050506007341,114.0,0.5,0.0,0.0,7.605050600734103
30053,0,calendar_2014_test,109.56170036082705,112.0,0.5,0.0,0.0,2.4382996391729534
30054,0,calendar_2014_test,113.78977058781246,114.0,0.5,0.0,0.0,0.21022941218754454
30055,0,calendar_2014_test,118.08109590491689,130.0,0.5,0.0,0.0,11.918904095083107
30056,0,calendar_2014_test,138.92081475500893,133.0,0.5,0.0,0.0,5.920814755008934
30057,0,calendar_2014_test,138.6245799566061,143.0,0.5,0.0,0.0,4.375420043393888
30058,0,calendar_2014_test,151.73811623560803,137.0,0.5,0.0,0.0,14.738116235608032
30059,0,calendar_2014_test,136.9520560826423,143.0,0.5,0.0,0.0,6.047943917357713
30060,0,calendar_2014_test,148.1733973920677,145.0,0.5,0.0,0.0,3.1733973920676988
30061,0,calendar_2014_test,147.0450428905266,185.0,0.5,0.0,0.0,37.95495710947341
30062,0,calendar_2014_test,198.56156096600535,198.0,0.5,0.0,0.0,0.5615609660053451
30063,0,calendar_2014_test,204.700513215628,205.0,0.5,0.0,0.0,0.29948678437199305
30064,0,calendar_2014_test,212.52758546646447,195.0,0.5,0.0,0.0,17.527585466464473
30065,0,calendar_2014_test,191.42608980418908,203.0,0.5,0.0,0.0,11.573910195810925
30066,0,calendar_2014_test,211.96289434196513,209.0,0.5,0.0,0.0,2.962894341965125
30067,0,calendar_2014_test,223.61188100870038,202.0,0.5,0.0,0.0,21.61188100870038
30068,0,calendar_2014_test,149.65978867677433,28.0,0.5,0.0,0.0,121.65978867677433
30069,0,calendar_2014_test,16.478043286644677,26.0,0.5,0.0,0.0,9.521956713355323
30070,0,calendar_2014_test,23.349295708783032,22.0,0.5,0.0,0.0,1.349295708783032
30071,0,calendar_2014_test,16.87629845667196,24.0,0.5,0.0,0.0,7.123701543328039
30072,0,calendar_2014_test,21.803745918982415,16.0,0.5,0.0,0.0,5.803745918982415
30073,0,calendar_2014_test,17.769989411720957,16.0,0.5,0.0,0.0,1.7699894117209567
30074,0,calendar_2014_test,13.232711959505693,17.0,0.5,0.0,0.0,3.767288040494307
30075,0,calendar_2014_test,12.492842623577019,7.0,0.5,0.0,0.0,5.492842623577019
30076,0,calendar_2014_test,8.43371586652917,9.0,0.5,0.0,0.0,0.5662841334708304
30077,0,calendar_2014_test,11.135572756931225,10.0,0.5,0.0,0.0,1.135572756931225
30078,0,calendar_2014_test,11.673779384140005,8.0,0.5,0.0,0.0,3.673779384140005
30079,0,calendar_2014_test,8.126138692608365,7.0,0.5,0.0,0.0,1.1261386926083645
30080,0,calendar_2014_test,8.536630404047372,10.0,0.5,0.0,0.0,1.4633695959526278
30081,0,calendar_2014_test,11.571589576225747,11.0,0.5,0.0,0.0,0.5715895762257475
30082,0,calendar_2014_test,10.851903214245098,11.0,0.5,0.0,0.0,0.14809678575490182
30083,0,calendar_2014_test,10.627794963319445,10.0,0.5,0.0,0.0,0.6277949633194453
30084,0,calendar_2014_test,11.219791178169189,7.0,0.5,0.0,0.0,4.219791178169189
30085,0,calendar_2014_test,8.97726980274048,9.0,0.5,0.0,0.0,0.02273019725951997
30086,0,calendar_2014_test,12.856804313850304,14.0,0.5,0.0,0.0,1.1431956861496957
30087,0,calendar_2014_test,15.021770149844116,13.0,0.5,0.0,0.0,2.021770149844116
30088,0,calendar_2014_test,13.708623351577742,14.0,0.5,0.0,0.0,0.29137664842225774
30089,0,calendar_2014_test,14.452073226458353,9.0,0.5,0.0,0.0,5.452073226458353
30090,0,calendar_2014_test,12.575197743876217,14.0,0.5,0.0,0.0,1.4248022561237832
30091,0,calendar_2014_test,15.773119340783197,9.0,0.5,0.0,0.0,6.773119340783197
30092,0,calendar_2014_test,13.940665244621172,8.0,0.5,0.0,0.0,5.940665244621172
30093,0,calendar_2014_test,12.798676040180126,10.0,0.5,0.0,0.0,2.7986760401801263
30094,0,calendar_2014_test,13.639954350008239,8.0,0.5,0.0,0.0,5.639954350008239
30095,0,calendar_2014_test,9.97887239603115,9.0,0.5,0.0,0.0,0.9788723960311501
30096,0,calendar_2014_test,10.585455046767834,11.0,0.5,0.0,0.0,0.41454495323216634
30097,0,calendar_2014_test,12.149454380640734,11.0,0.5,0.0,0.0,1.1494543806407336
30098,0,calendar_2014_test,11.538794897957672,10.0,0.5,0.0,0.0,1.538794897957672
30099,0,calendar_2014_test,9.520512766123403,15.0,0.5,0.0,0.0,5.479487233876597
30100,0,calendar_2014_test,12.979044525131869,13.0,0.5,0.0,0.0,0.02095547486813132
30101,0,calendar_2014_test,11.878058669609615,16.0,0.5,0.0,0.0,4.121941330390385
30102,0,calendar_2014_test,12.902510249044454,13.0,0.5,0.0,0.0,0.09748975095554613
30103,0,calendar_2014_test,12.02591653946213,18.0,0.5,0.0,0.0,5.974083460537869
30104,0,calendar_2014_test,14.794750696758115,18.0,0.5,0.0,0.0,3.205249303241885
30105,0,calendar_2014_test,18.19000474503916,22.0,0.5,0.0,0.0,3.809995254960839
30106,0,calendar_2014_test,21.718070618210447,23.0,0.5,0.0,0.0,1.2819293817895527
30107,0,calendar_2014_test,20.518674555087003,24.0,0.5,0.0,0.0,3.481325444912997
30108,0,calendar_2014_test,20.416666416240986,24.0,0.5,0.0,0.0,3.583333583759014
30109,0,calendar_2014_test,23.89608242678804,23.0,0.5,0.0,0.0,0.8960824267880412
30110,0,calendar_2014_test,22.208387450235634,23.0,0.5,0.0,0.0,0.7916125497643662
30111,0,calendar_2014_test,24.367821087796884,42.0,0.5,0.0,0.0,17.632178912203116
30112,0,calendar_2014_test,47.80339445965193,54.0,0.5,0.0,0.0,6.196605540348067
30113,0,calendar_2014_test,53.8067070903782,48.0,0.5,0.0,0.0,5.806707090378197
30114,0,calendar_2014_test,45.442496024215245,66.0,0.5,0.0,0.0,20.557503975784755
30115,0,calendar_2014_test,74.79898499193837,56.0,0.5,0.0,0.0,18.79898499193837
30116,0,calendar_2014_test,58.6431713864577,67.0,0.5,0.0,0.0,8.356828613542298
30117,0,calendar_2014_test,75.19424631860056,95.0,0.5,0.0,0.0,19.805753681399437
30118,0,calendar_2014_test,100.91386560914577,111.0,0.5,0.0,0.0,10.086134390854227
30119,0,calendar_2014_test,116.09554137860799,112.0,0.5,0.0,0.0,4.09554137860799
30120,0,calendar_2014_test,111.712198185964,113.0,0.5,0.0,0.0,1.2878018140360012
30121,0,calendar_2014_test,115.75414774576355,127.0,0.5,0.0,0.0,11.245852254236453
30122,0,calendar_2014_test,129.64298619709618,137.0,0.5,0.0,0.0,7.357013802903822
30123,0,calendar_2014_test,135.81188340072265,164.0,0.5,0.0,0.0,28.18811659927735
30124,0,calendar_2014_test,160.924215141957,190.0,0.5,0.0,0.0,29.075784858042994
30125,0,calendar_2014_test,181.69150073880155,175.0,0.5,0.0,0.0,6.691500738801551
30126,0,calendar_2014_test,154.21101431051724,142.0,0.5,0.0,0.0,12.211014310517243
30127,0,calendar_2014_test,119.18249557808599,107.0,0.5,0.0,0.0,12.182495578085991
30128,0,calendar_2014_test,78.25823085189128,101.0,0.5,0.0,0.0,22.741769148108716
30129,0,calendar_2014_test,93.39709240329844,100.0,0.5,0.0,0.0,6.602907596701556
30130,0,calendar_2014_test,102.49768800225407,97.0,0.5,0.0,0.0,5.4976880022540655
30131,0,calendar_2014_test,85.74868949690911,101.0,0.5,0.0,0.0,15.251310503090892
30132,0,calendar_2014_test,89.02373013612902,105.0,0.5,0.0,0.0,15.976269863870982
30133,0,calendar_2014_test,104.99027191782008,117.0,0.5,0.0,0.0,12.009728082179919
30134,0,calendar_2014_test,121.33597727918276,119.0,0.5,0.0,0.0,2.3359772791827567
30135,0,calendar_2014_test,115.17558712761807,115.0,0.5,0.0,0.0,0.1755871276180727
30136,0,calendar_2014_test,110.24007201698919,125.0,0.5,0.0,0.0,14.759927983010812
30137,0,calendar_2014_test,297.5710223528109,310.0,0.5,0.0,0.0,12.428977647189072
30138,0,calendar_2014_test,328.37499834311745,295.0,0.5,0.0,0.0,33.374998343117454
30139,0,calendar_2014_test,295.550362188935,301.0,0.5,0.0,0.0,5.449637811064974
30140,0,calendar_2014_test,324.6658250698797,325.0,0.5,0.0,0.0,0.3341749301202981
30141,0,calendar_2014_test,337.79442811001536,319.0,0.5,0.0,0.0,18.79442811001536
30142,0,calendar_2014_test,326.74315319895413,335.0,0.5,0.0,0.0,8.256846801045867
30143,0,calendar_2014_test,339.5134953875895,301.0,0.5,0.0,0.0,38.5134953875895
30144,0,calendar_2014_test,275.51167902896117,312.0,0.5,0.0,0.0,36.48832097103883
30145,0,calendar_2014_test,294.21287565146656,316.0,0.5,0.0,0.0,21.78712434853344
30146,0,calendar_2014_test,308.0759274825289,296.0,0.5,0.0,0.0,12.075927482528925
30147,0,calendar_2014_test,265.84624633927854,270.0,0.5,0.0,0.0,4.153753660721463
30148,0,calendar_2014_test,234.11588805698221,252.0,0.5,0.0,0.0,17.884111943017786
30149,0,calendar_2014_test,217.56926841020146,234.0,0.5,0.0,0.0,16.43073158979854
30150,0,calendar_2014_test,226.64654456629262,233.0,0.5,0.0,0.0,6.353455433707381
30151,0,calendar_2014_test,230.53541915253007,241.0,0.5,0.0,0.0,10.464580847469932
30152,0,calendar_2014_test,233.932884854108,231.0,0.5,0.0,0.0,2.9328848541080106
30153,0,calendar_2014_test,205.51767374420018,214.0,0.5,0.0,0.0,8.48232625579982
30154,0,calendar_2014_test,167.56378593015663,210.0,0.5,0.0,0.0,42.43621406984337
30155,0,calendar_2014_test,181.4951762906478,178.0,0.5,0.0,0.0,3.495176290647805
30156,0,calendar_2014_test,132.7316725815033,142.0,0.5,0.0,0.0,9.26832741849671
30157,0,calendar_2014_test,93.50885179596592,122.0,0.5,0.0,0.0,28.491148204034076
30158,0,calendar_2014_test,101.32216850989457,59.0,0.5,0.0,0.0,42.32216850989457
30159,0,calendar_2014_test,41.42634782379254,47.0,0.5,0.0,0.0,5.57365217620746
30160,0,calendar_2014_test,38.24007761233775,40.0,0.5,0.0,0.0,1.7599223876622503
30161,0,calendar_2014_test,39.28630119117804,32.0,0.5,0.0,0.0,7.28630119117804
30162,0,calendar_2014_test,32.62654049992646,48.0,0.5,0.0,0.0,15.373459500073537
30163,0,calendar_2014_test,49.038585334548806,32.0,0.5,0.0,0.0,17.038585334548806
30164,0,calendar_2014_test,38.11124471153803,25.0,0.5,0.0,0.0,13.111244711538028
30165,0,calendar_2014_test,29.85160660704048,26.0,0.5,0.0,0.0,3.8516066070404804
30166,0,calendar_2014_test,31.275583205710987,43.0,0.5,0.0,0.0,11.724416794289013
30167,0,calendar_2014_test,51.955871087192726,54.0,0.5,0.0,0.0,2.044128912807274
30168,0,calendar_2014_test,57.056025113179714,55.0,0.5,0.0,0.0,2.0560251131797145
30169,0,calendar_2014_test,56.56536851874388,53.0,0.5,0.0,0.0,3.565368518743881
30170,0,calendar_2014_test,53.033678005398734,60.0,0.5,0.0,0.0,6.966321994601266
30171,0,calendar_2014_test,61.55994659284042,55.0,0.5,0.0,0.0,6.559946592840419
30172,0,calendar_2014_test,52.58306305688387,42.0,0.5,0.0,0.0,10.583063056883873
30173,0,calendar_2014_test,29.56636571870908,36.0,0.5,0.0,0.0,6.433634281290921
30174,0,calendar_2014_test,32.853713673388796,32.0,0.5,0.0,0.0,0.8537136733887962
30175,0,calendar_2014_test,28.89060216522425,14.0,0.5,0.0,0.0,14.890602165224252
30176,0,calendar_2014_test,12.846592850342873,15.0,0.5,0.0,0.0,2.153407149657127
30177,0,calendar_2014_test,18.439413433210788,18.0,0.5,0.0,0.0,0.4394134332107882
30178,0,calendar_2014_test,15.683928089765587,14.0,0.5,0.0,0.0,1.6839280897655868
30179,0,calendar_2014_test,12.490085431902784,15.0,0.5,0.0,0.0,2.5099145680972157
30180,0,calendar_2014_test,14.737001011830671,15.0,0.5,0.0,0.0,0.2629989881693291
30181,0,calendar_2014_test,13.407866254725619,14.0,0.5,0.0,0.0,0.5921337452743813
30182,0,calendar_2014_test,15.118606620513049,19.0,0.5,0.0,0.0,3.8813933794869513
30183,0,calendar_2014_test,18.382966868950447,17.0,0.5,0.0,0.0,1.3829668689504473
30184,0,calendar_2014_test,24.057555985616986,16.0,0.5,0.0,0.0,8.057555985616986
30185,0,calendar_2014_test,23.911532451638152,14.0,0.5,0.0,0.0,9.911532451638152
30186,0,calendar_2014_test,20.46810875271126,33.0,0.5,0.0,0.0,12.53189124728874
30187,0,calendar_2014_test,34.131228506985806,45.0,0.5,0.0,0.0,10.868771493014194
30188,0,calendar_2014_test,54.00523931657846,55.0,0.5,0.0,0.0,0.9947606834215392
30189,0,calendar_2014_test,61.399137901699575,71.0,0.5,0.0,0.0,9.600862098300425
30190,0,calendar_2014_test,74.3839423511371,59.0,0.5,0.0,0.0,15.383942351137094
30191,0,calendar_2014_test,62.1955531119733,42.0,0.5,0.0,0.0,20.195553111973297
30192,0,calendar_2014_test,45.21966513662814,31.0,0.5,0.0,0.0,14.219665136628137
30193,0,calendar_2014_test,38.65352526787197,30.0,0.5,0.0,0.0,8.65352526787197
30194,0,calendar_2014_test,37.74686184283023,39.0,0.5,0.0,0.0,1.2531381571697722
30195,0,calendar_2014_test,44.75723177465666,23.0,0.5,0.0,0.0,21.75723177465666
30196,0,calendar_2014_test,29.76938616172626,26.0,0.5,0.0,0.0,3.76938616172626
30197,0,calendar_2014_test,31.91825824809446,25.0,0.5,0.0,0.0,6.91825824809446
30198,0,calendar_2014_test,30.027777634156678,26.0,0.5,0.0,0.0,4.027777634156678
30199,0,calendar_2014_test,32.49322680575976,24.0,0.5,0.0,0.0,8.493226805759761
30200,0,calendar_2014_test,30.036612391179347,29.0,0.5,0.0,0.0,1.0366123911793466
30201,0,calendar_2014_test,34.4015092694181,28.0,0.5,0.0,0.0,6.401509269418099
30202,0,calendar_2014_test,31.46706494387736,35.0,0.5,0.0,0.0,3.532935056122639
30203,0,calendar_2014_test,39.135770145594286,35.0,0.5,0.0,0.0,4.135770145594286
30204,0,calendar_2014_test,37.59982272757683,38.0,0.5,0.0,0.0,0.40017727242317136
30205,0,calendar_2014_test,41.584551613574604,49.0,0.5,0.0,0.0,7.415448386425396
30206,0,calendar_2014_test,52.43642634729046,65.0,0.5,0.0,0.0,12.563573652709543
30207,0,calendar_2014_test,71.22172310307982,72.0,0.5,0.0,0.0,0.7782768969201754
30208,0,calendar_2014_test,75.5842660990584,74.0,0.5,0.0,0.0,1.5842660990583965
30209,0,calendar_2014_test,82.23976000161258,80.0,0.5,0.0,0.0,2.2397600016125807
30210,0,calendar_2014_test,92.76345016661506,88.0,0.5,0.0,0.0,4.763450166615058
30211,0,calendar_2014_test,98.0265580851171,106.0,0.5,0.0,0.0,7.973441914882898
30212,0,calendar_2014_test,118.04138455165099,113.0,0.5,0.0,0.0,5.041384551650992
30213,0,calendar_2014_test,118.02860434299859,139.0,0.5,0.0,0.0,20.97139565700141
30214,0,calendar_2014_test,149.27052090399883,119.0,0.5,0.0,0.0,30.27052090399883
30215,0,calendar_2014_test,110.62990306740485,122.0,0.5,0.0,0.0,11.370096932595146
30216,0,calendar_2014_test,127.43250775801536,116.0,0.5,0.0,0.0,11.432507758015362
30217,0,calendar_2014_test,117.8260832696038,132.0,0.5,0.0,0.0,14.1739167303962
30218,0,calendar_2014_test,141.1837711461327,120.0,0.5,0.0,0.0,21.1837711461327
30219,0,calendar_2014_test,114.13413012936243,111.0,0.5,0.0,0.0,3.1341301293624326
30220,0,calendar_2014_test,108.20775056650336,108.0,0.5,0.0,0.0,0.2077505665033641
30221,0,calendar_2014_test,104.47838345583827,110.0,0.5,0.0,0.0,5.521616544161731
30222,0,calendar_2014_test,109.49605317806831,119.0,0.5,0.0,0.0,9.503946821931692
30223,0,calendar_2014_test,117.19286587095307,125.0,0.5,0.0,0.0,7.807134129046929
30224,0,calendar_2014_test,124.17612241254199,143.0,0.5,0.0,0.0,18.823877587458014
30225,0,calendar_2014_test,143.76049207938047,149.0,0.5,0.0,0.0,5.2395079206195305
30226,0,calendar_2014_test,129.47736153720314,133.0,0.5,0.0,0.0,3.5226384627968628
30227,0,calendar_2014_test,113.71044213120913,136.0,0.5,0.0,0.0,22.289557868790865
30228,0,calendar_2014_test,127.08843295306494,149.0,0.5,0.0,0.0,21.911567046935062
30229,0,calendar_2014_test,134.07465270633037,161.0,0.5,0.0,0.0,26.92534729366963
30230,0,calendar_2014_test,147.52392253050155,167.0,0.5,0.0,0.0,19.47607746949845
30231,0,calendar_2014_test,155.58689813375196,167.0,0.5,0.0,0.0,11.413101866248041
30232,0,calendar_2014_test,169.19111536412686,53.0,0.5,0.0,0.0,116.19111536412686
30233,0,calendar_2014_test,13.549115088248598,19.0,0.5,0.0,0.0,5.450884911751402
30234,0,calendar_2014_test,9.393404287159811,32.0,0.5,0.0,0.0,22.60659571284019
30235,0,calendar_2014_test,33.9571627439438,15.0,0.5,0.0,0.0,18.957162743943798
30236,0,calendar_2014_test,16.19237945819168,11.0,0.5,0.0,0.0,5.192379458191681
30237,0,calendar_2014_test,13.474295300852447,10.0,0.5,0.0,0.0,3.4742953008524466
30238,0,calendar_2014_test,13.80420956108901,11.0,0.5,0.0,0.0,2.80420956108901
30239,0,calendar_2014_test,14.050051828020017,11.0,0.5,0.0,0.0,3.050051828020017
30240,0,calendar_2014_test,14.728904845523957,9.0,0.5,0.0,0.0,5.728904845523957
30241,0,calendar_2014_test,9.983362167491222,19.0,0.5,0.0,0.0,9.016637832508778
30242,0,calendar_2014_test,17.341406205985194,13.0,0.5,0.0,0.0,4.341406205985194
30243,0,calendar_2014_test,14.204830667812658,13.0,0.5,0.0,0.0,1.204830667812658
30244,0,calendar_2014_test,17.09562424385281,14.0,0.5,0.0,0.0,3.0956242438528108
30245,0,calendar_2014_test,15.125402944424124,17.0,0.5,0.0,0.0,1.874597055575876
30246,0,calendar_2014_test,20.38035138832295,16.0,0.5,0.0,0.0,4.38035138832295
30247,0,calendar_2014_test,18.528983260767816,18.0,0.5,0.0,0.0,0.5289832607678164
30248,0,calendar_2014_test,20.685659370863476,31.0,0.5,0.0,0.0,10.314340629136524
30249,0,calendar_2014_test,32.059717574483145,23.0,0.5,0.0,0.0,9.059717574483145
30250,0,calendar_2014_test,29.96111296727686,15.0,0.5,0.0,0.0,14.961112967276861
30251,0,calendar_2014_test,21.172720403139394,57.0,0.5,0.0,0.0,35.827279596860606
30252,0,calendar_2014_test,54.1651463191762,65.0,0.5,0.0,0.0,10.834853680823798
30253,0,calendar_2014_test,64.6247633222369,64.0,0.5,0.0,0.0,0.6247633222369018
30254,0,calendar_2014_test,65.4365619316085,65.0,0.5,0.0,0.0,0.43656193160849455
30255,0,calendar_2014_test,66.07605400784809,64.0,0.5,0.0,0.0,2.076054007848086
30256,0,calendar_2014_test,65.6863208812541,81.0,0.5,0.0,0.0,15.313679118745895
30257,0,calendar_2014_test,85.90599583087237,75.0,0.5,0.0,0.0,10.90599583087237
30258,0,calendar_2014_test,80.07739602449064,70.0,0.5,0.0,0.0,10.077396024490639
30259,0,calendar_2014_test,76.13333675477632,71.0,0.5,0.0,0.0,5.133336754776323
30260,0,calendar_2014_test,76.96770732818548,83.0,0.5,0.0,0.0,6.032292671814517
30261,0,calendar_2014_test,92.79123980172574,74.0,0.5,0.0,0.0,18.791239801725737
30262,0,calendar_2014_test,74.03465447374364,86.0,0.5,0.0,0.0,11.965345526256357
30263,0,calendar_2014_test,93.48816969692813,75.0,0.5,0.0,0.0,18.488169696928125
30264,0,calendar_2014_test,75.63022061866508,72.0,0.5,0.0,0.0,3.630220618665078
30265,0,calendar_2014_test,78.31550554067624,74.0,0.5,0.0,0.0,4.3155055406762415
30266,0,calendar_2014_test,79.65613475284654,76.0,0.5,0.0,0.0,3.6561347528465404
30267,0,calendar_2014_test,81.42422463415704,84.0,0.5,0.0,0.0,2.575775365842958
30268,0,calendar_2014_test,93.87464762961012,81.0,0.5,0.0,0.0,12.874647629610124
30269,0,calendar_2014_test,86.32199693573628,86.0,0.5,0.0,0.0,0.32199693573627997
30270,0,calendar_2014_test,94.66060614310598,84.0,0.5,0.0,0.0,10.66060614310598
30271,0,calendar_2014_test,92.08106481904672,88.0,0.5,0.0,0.0,4.081064819046716
30272,0,calendar_2014_test,95.01912320349443,91.0,0.5,0.0,0.0,4.019123203494431
30273,0,calendar_2014_test,98.0901241782188,102.0,0.5,0.0,0.0,3.909875821781199
30274,0,calendar_2014_test,110.4988251882746,121.0,0.5,0.0,0.0,10.501174811725406
30275,0,calendar_2014_test,127.47184649175051,132.0,0.5,0.0,0.0,4.528153508249488
30276,0,calendar_2014_test,139.19402234122373,163.0,0.5,0.0,0.0,23.80597765877627
30277,0,calendar_2014_test,170.05135788056714,175.0,0.5,0.0,0.0,4.948642119432861
30278,0,calendar_2014_test,181.62628953370552,190.0,0.5,0.0,0.0,8.373710466294483
30279,0,calendar_2014_test,197.35297102350836,203.0,0.5,0.0,0.0,5.64702897649164
30280,0,calendar_2014_test,213.8281139195259,205.0,0.5,0.0,0.0,8.82811391952589
30281,0,calendar_2014_test,217.05157296630549,217.0,0.5,0.0,0.0,0.05157296630548558
30282,0,calendar_2014_test,228.6952365657617,241.0,0.5,0.0,0.0,12.30476343423831
30283,0,calendar_2014_test,243.67587150178113,226.0,0.5,0.0,0.0,17.67587150178113
30284,0,calendar_2014_test,218.73319139808552,225.0,0.5,0.0,0.0,6.266808601914477
30285,0,calendar_2014_test,215.63213098912212,205.0,0.5,0.0,0.0,10.632130989122118
30286,0,calendar_2014_test,207.93685144737395,213.0,0.5,0.0,0.0,5.063148552626046
30287,0,calendar_2014_test,218.02070733515723,229.0,0.5,0.0,0.0,10.979292664842774
30288,0,calendar_2014_test,238.26388023688617,217.0,0.5,0.0,0.0,21.263880236886166
30289,0,calendar_2014_test,217.47126397150845,218.0,0.5,0.0,0.0,0.5287360284915508
30290,0,calendar_2014_test,219.64049053412083,128.0,0.5,0.0,0.0,91.64049053412083
30291,0,calendar_2014_test,64.16299348577789,88.0,0.5,0.0,0.0,23.83700651422211
30292,0,calendar_2014_test,74.44725802930523,20.0,0.5,0.0,0.0,54.44725802930523
30293,0,calendar_2014_test,2.822704982751219,16.0,0.5,0.0,0.0,13.177295017248781
30294,0,calendar_2014_test,19.111280649231176,6.0,0.5,0.0,0.0,13.111280649231176
30295,0,calendar_2014_test,12.182958346811276,12.0,0.5,0.0,0.0,0.18295834681127587
30296,0,calendar_2014_test,17.01034524094915,20.0,0.5,0.0,0.0,2.9896547590508504
30297,0,calendar_2014_test,20.71815000505518,26.0,0.5,0.0,0.0,5.281849994944821
30298,0,calendar_2014_test,23.356619587762395,16.0,0.5,0.0,0.0,7.356619587762395
30299,0,calendar_2014_test,15.73479771422889,16.0,0.5,0.0,0.0,0.26520228577111027
30300,0,calendar_2014_test,22.93047234251155,16.0,0.5,0.0,0.0,6.93047234251155
30301,0,calendar_2014_test,22.3802527588537,12.0,0.5,0.0,0.0,10.3802527588537
30302,0,calendar_2014_test,20.688600566063855,17.0,0.5,0.0,0.0,3.6886005660638546
30303,0,calendar_2014_test,22.800923779774294,17.0,0.5,0.0,0.0,5.800923779774294
30304,0,calendar_2014_test,22.744130957373784,25.0,0.5,0.0,0.0,2.255869042626216
30305,0,calendar_2014_test,30.170856697110736,39.0,0.5,0.0,0.0,8.829143302889264
30306,0,calendar_2014_test,46.232578381972864,54.0,0.5,0.0,0.0,7.767421618027136
30307,0,calendar_2014_test,58.77596648742158,123.0,0.5,0.0,0.0,64.22403351257842
30308,0,calendar_2014_test,124.18663245217826,142.0,0.5,0.0,0.0,17.81336754782174
30309,0,calendar_2014_test,149.68061210842376,157.0,0.5,0.0,0.0,7.319387891576241
30310,0,calendar_2014_test,160.3755872118473,190.0,0.5,0.0,0.0,29.62441278815271
30311,0,calendar_2014_test,193.92005772487065,137.0,0.5,0.0,0.0,56.920057724870645
30312,0,calendar_2014_test,119.87613945501448,469.0,0.5,0.0,0.0,349.1238605449855
30313,0,calendar_2014_test,477.2216504583177,344.0,0.5,0.0,0.0,133.2216504583177
30314,0,calendar_2014_test,308.90962619407816,281.0,0.5,0.0,0.0,27.909626194078157
30315,0,calendar_2014_test,264.0972961944608,209.0,0.5,0.0,0.0,55.097296194460796
30316,0,calendar_2014_test,192.39725612884996,150.0,0.5,0.0,0.0,42.39725612884996
30317,0,calendar_2014_test,126.8948229364263,138.0,0.5,0.0,0.0,11.105177063573706
30318,0,calendar_2014_test,121.46956604404258,133.0,0.5,0.0,0.0,11.53043395595742
30319,0,calendar_2014_test,123.25050045528658,130.0,0.5,0.0,0.0,6.749499544713416
30320,0,calendar_2014_test,123.9263761900127,143.0,0.5,0.0,0.0,19.073623809987296
30321,0,calendar_2014_test,136.87103754386195,103.0,0.5,0.0,0.0,33.871037543861945
30322,0,calendar_2014_test,89.54648327876336,81.0,0.5,0.0,0.0,8.546483278763361
30323,0,calendar_2014_test,88.87297373732646,70.0,0.5,0.0,0.0,18.87297373732646
30324,0,calendar_2014_test,77.434225950237,81.0,0.5,0.0,0.0,3.565774049762993
30325,0,calendar_2014_test,93.93799388317154,117.0,0.5,0.0,0.0,23.062006116828456
30326,0,calendar_2014_test,142.55204940428155,130.0,0.5,0.0,0.0,12.552049404281547
30327,0,calendar_2014_test,147.44596846240546,146.0,0.5,0.0,0.0,1.4459684624054603
30328,0,calendar_2014_test,158.7318774186004,144.0,0.5,0.0,0.0,14.73187741860039
30329,0,calendar_2014_test,156.47262736732853,147.0,0.5,0.0,0.0,9.472627367328528
30330,0,calendar_2014_test,166.0816686763492,140.0,0.5,0.0,0.0,26.08166867634921
30331,0,calendar_2014_test,154.59585880064463,148.0,0.5,0.0,0.0,6.595858800644635
30332,0,calendar_2014_test,159.65470087333304,155.0,0.5,0.0,0.0,4.6547008733330415
30333,0,calendar_2014_test,163.37870572644698,167.0,0.5,0.0,0.0,3.621294273553019
30334,0,calendar_2014_test,179.56369591344023,180.0,0.5,0.0,0.0,0.4363040865597725
30335,0,calendar_2014_test,186.86530870695475,183.0,0.5,0.0,0.0,3.8653087069547496
30336,0,calendar_2014_test,185.01197831634244,181.0,0.5,0.0,0.0,4.011978316342436
30337,0,calendar_2014_test,173.9228098079284,172.0,0.5,0.0,0.0,1.9228098079283882
30338,0,calendar_2014_test,169.68631099591173,167.0,0.5,0.0,0.0,2.6863109959117253
30339,0,calendar_2014_test,168.0107831493441,171.0,0.5,0.0,0.0,2.9892168506559074
30340,0,calendar_2014_test,170.88842607123198,179.0,0.5,0.0,0.0,8.111573928768024
30341,0,calendar_2014_test,171.62693829984167,175.0,0.5,0.0,0.0,3.373061700158331
30342,0,calendar_2014_test,162.23549906231975,190.0,0.5,0.0,0.0,27.764500937680253
30343,0,calendar_2014_test,184.60842708201085,189.0,0.5,0.0,0.0,4.391572917989151
30344,0,calendar_2014_test,177.2561498801846,187.0,0.5,0.0,0.0,9.743850119815392
30345,0,calendar_2014_test,175.94860699607145,178.0,0.5,0.0,0.0,2.0513930039285526
30346,0,calendar_2014_test,177.48720400537212,184.0,0.5,0.0,0.0,6.512795994627879
30347,0,calendar_2014_test,193.62668026834353,152.0,0.5,0.0,0.0,41.626680268343534
30348,0,calendar_2014_test,148.84872491921402,124.0,0.5,0.0,0.0,24.84872491921402
30349,0,calendar_2014_test,126.18777784010771,163.0,0.5,0.0,0.0,36.812222159892286
30350,0,calendar_2014_test,182.03327000447695,143.0,0.5,0.0,0.0,39.03327000447695
30351,0,calendar_2014_test,145.01637125679585,127.0,0.5,0.0,0.0,18.01637125679585
30352,0,calendar_2014_test,127.93500389118333,109.0,0.5,0.0,0.0,18.935003891183328
30353,0,calendar_2014_test,112.81703702622353,120.0,0.5,0.0,0.0,7.182962973776469
30354,0,calendar_2014_test,132.47274953396277,135.0,0.5,0.0,0.0,2.5272504660372306
30355,0,calendar_2014_test,149.54563052471082,118.0,0.5,0.0,0.0,31.545630524710816
30356,0,calendar_2014_test,119.66113716020263,132.0,0.5,0.0,0.0,12.338862839797372
30357,0,calendar_2014_test,141.79537148278683,141.0,0.5,0.0,0.0,0.7953714827868339
30358,0,calendar_2014_test,149.23927239905788,144.0,0.5,0.0,0.0,5.239272399057882
30359,0,calendar_2014_test,148.05989596011065,141.0,0.5,0.0,0.0,7.0598959601106515
30360,0,calendar_2014_test,144.44217911508684,144.0,0.5,0.0,0.0,0.4421791150868444
30361,0,calendar_2014_test,146.95155330226112,159.0,0.5,0.0,0.0,12.048446697738882
30362,0,calendar_2014_test,165.46492275662257,163.0,0.5,0.0,0.0,2.4649227566225704
30363,0,calendar_2014_test,162.82616225873278,174.0,0.5,0.0,0.0,11.17383774126722
30364,0,calendar_2014_test,181.04093851592575,164.0,0.5,0.0,0.0,17.040938515925745
30365,0,calendar_2014_test,163.65806966543843,171.0,0.5,0.0,0.0,7.341930334561567
30366,0,calendar_2014_test,171.51242752998067,162.0,0.5,0.0,0.0,9.51242752998067
30367,0,calendar_2014_test,153.71853124146483,152.0,0.5,0.0,0.0,1.7185312414648308
30368,0,calendar_2014_test,130.6884055593197,141.0,0.5,0.0,0.0,10.311594440680295
30369,0,calendar_2014_test,110.35817401272871,66.0,0.5,0.0,0.0,44.35817401272871
30370,0,calendar_2014_test,22.095508059188717,22.0,0.5,0.0,0.0,0.09550805918871674
30371,0,calendar_2014_test,15.408072638121396,15.0,0.5,0.0,0.0,0.4080726381213964
30372,0,calendar_2014_test,14.375578100352115,13.0,0.5,0.0,0.0,1.375578100352115
30373,0,calendar_2014_test,13.425734476624982,13.0,0.5,0.0,0.0,0.42573447662498154
30374,0,calendar_2014_test,10.459806336731063,12.0,0.5,0.0,0.0,1.540193663268937
30375,0,calendar_2014_test,12.689353847796653,13.0,0.5,0.0,0.0,0.310646152203347
30376,0,calendar_2014_test,11.82771245918515,10.0,0.5,0.0,0.0,1.8277124591851504
30377,0,calendar_2014_test,12.135247501670065,9.0,0.5,0.0,0.0,3.135247501670065
30378,0,calendar_2014_test,14.748893132533013,8.0,0.5,0.0,0.0,6.748893132533013
30379,0,calendar_2014_test,13.42639263291882,9.0,0.5,0.0,0.0,4.4263926329188195
30380,0,calendar_2014_test,13.566703255350461,7.0,0.5,0.0,0.0,6.566703255350461
30381,0,calendar_2014_test,10.722459949733718,9.0,0.5,0.0,0.0,1.722459949733718
30382,0,calendar_2014_test,10.887637226421361,8.0,0.5,0.0,0.0,2.8876372264213614
30383,0,calendar_2014_test,10.392441051411296,10.0,0.5,0.0,0.0,0.39244105141129637
30384,0,calendar_2014_test,12.126870181906213,8.0,0.5,0.0,0.0,4.126870181906213
30385,0,calendar_2014_test,10.977011418875648,10.0,0.5,0.0,0.0,0.977011418875648
30386,0,calendar_2014_test,15.171556232694215,9.0,0.5,0.0,0.0,6.171556232694215
30387,0,calendar_2014_test,10.997553685799417,6.0,0.5,0.0,0.0,4.997553685799417
30388,0,calendar_2014_test,8.388582712417588,6.0,0.5,0.0,0.0,2.3885827124175876
30389,0,calendar_2014_test,7.8310287901123985,7.0,0.5,0.0,0.0,0.8310287901123985
30390,0,calendar_2014_test,9.338117039046438,5.0,0.5,0.0,0.0,4.338117039046438
30391,0,calendar_2014_test,8.449631910780312,6.0,0.5,0.0,0.0,2.4496319107803117
30392,0,calendar_2014_test,9.72588298078405,6.0,0.5,0.0,0.0,3.72588298078405
30393,0,calendar_2014_test,9.630390420455043,4.0,0.5,0.0,0.0,5.6303904204550435
30394,0,calendar_2014_test,8.807502584766056,4.0,0.5,0.0,0.0,4.8075025847660555
30395,0,calendar_2014_test,9.987377359863245,6.0,0.5,0.0,0.0,3.9873773598632454
30396,0,calendar_2014_test,9.63223798644853,6.0,0.5,0.0,0.0,3.63223798644853
30397,0,calendar_2014_test,9.840345473768537,6.0,0.5,0.0,0.0,3.8403454737685365
30398,0,calendar_2014_test,10.775485779023654,4.0,0.5,0.0,0.0,6.775485779023654
30399,0,calendar_2014_test,9.393077066884814,6.0,0.5,0.0,0.0,3.393077066884814
30400,0,calendar_2014_test,11.301613025991443,6.0,0.5,0.0,0.0,5.301613025991443
30401,0,calendar_2014_test,11.400142844282868,6.0,0.5,0.0,0.0,5.400142844282868
30402,0,calendar_2014_test,10.891301412885156,6.0,0.5,0.0,0.0,4.891301412885156
30403,0,calendar_2014_test,11.212181093138241,11.0,0.5,0.0,0.0,0.2121810931382413
30404,0,calendar_2014_test,16.916375326471908,11.0,0.5,0.0,0.0,5.916375326471908
30405,0,calendar_2014_test,13.176780730156096,13.0,0.5,0.0,0.0,0.1767807301560964
30406,0,calendar_2014_test,14.924070126516185,16.0,0.5,0.0,0.0,1.0759298734838154
30407,0,calendar_2014_test,15.274746915507592,3.0,0.5,0.0,0.0,12.274746915507592
30408,0,calendar_2014_test,7.209735576934321,7.0,0.5,0.0,0.0,0.209735576934321
30409,0,calendar_2014_test,9.153903465819695,6.0,0.5,0.0,0.0,3.1539034658196954
30410,0,calendar_2014_test,7.524517465655336,6.0,0.5,0.0,0.0,1.524517465655336
30411,0,calendar_2014_test,7.617925183722008,6.0,0.5,0.0,0.0,1.6179251837220079
30412,0,calendar_2014_test,7.375748061501639,6.0,0.5,0.0,0.0,1.375748061501639
30413,0,calendar_2014_test,6.875207962971345,7.0,0.5,0.0,0.0,0.12479203702865505
30414,0,calendar_2014_test,8.197588203673035,10.0,0.5,0.0,0.0,1.8024117963269646
30415,0,calendar_2014_test,11.254491367734289,10.0,0.5,0.0,0.0,1.254491367734289
30416,0,calendar_2014_test,10.896960422713391,9.0,0.5,0.0,0.0,1.8969604227133914
30417,0,calendar_2014_test,10.275526098561329,12.0,0.5,0.0,0.0,1.724473901438671
30418,0,calendar_2014_test,14.363449436271438,12.0,0.5,0.0,0.0,2.3634494362714378
30419,0,calendar_2014_test,14.692713557233304,11.0,0.5,0.0,0.0,3.6927135572333043
30420,0,calendar_2014_test,12.806716998572028,10.0,0.5,0.0,0.0,2.8067169985720284
30421,0,calendar_2014_test,11.570928612740659,6.0,0.5,0.0,0.0,5.5709286127406585
30422,0,calendar_2014_test,10.189140328099725,8.0,0.5,0.0,0.0,2.1891403280997253
30423,0,calendar_2014_test,16.028169811302092,7.0,0.5,0.0,0.0,9.028169811302092
30424,0,calendar_2014_test,14.660044562888203,18.0,0.5,0.0,0.0,3.339955437111797
30425,0,calendar_2014_test,24.94895080021365,17.0,0.5,0.0,0.0,7.948950800213652
30426,0,calendar_2014_test,24.227098895714448,50.0,0.5,0.0,0.0,25.772901104285552
30427,0,calendar_2014_test,58.251646345148046,71.0,0.5,0.0,0.0,12.748353654851954
30428,0,calendar_2014_test,76.68286466488635,91.0,0.5,0.0,0.0,14.317135335113647
30429,0,calendar_2014_test,100.35373872425832,109.0,0.5,0.0,0.0,8.64626127574168
30430,0,calendar_2014_test,117.93105173395224,126.0,0.5,0.0,0.0,8.068948266047755
30431,0,calendar_2014_test,125.19535455290062,104.0,0.5,0.0,0.0,21.195354552900625
30432,0,calendar_2014_test,93.94521805649613,80.0,0.5,0.0,0.0,13.945218056496131
30433,0,calendar_2014_test,71.14716254056034,69.0,0.5,0.0,0.0,2.1471625405603447
30434,0,calendar_2014_test,67.57166453117797,62.0,0.5,0.0,0.0,5.571664531177973
30435,0,calendar_2014_test,60.47996798526988,73.0,0.5,0.0,0.0,12.52003201473012
30436,0,calendar_2014_test,70.20261064043365,115.0,0.5,0.0,0.0,44.79738935956635
30437,0,calendar_2014_test,165.03928999414578,155.0,0.5,0.0,0.0,10.039289994145776
30438,0,calendar_2014_test,158.8654237038892,148.0,0.5,0.0,0.0,10.865423703889206
30439,0,calendar_2014_test,137.76033868788898,114.0,0.5,0.0,0.0,23.760338687888975
30440,0,calendar_2014_test,91.65436765961407,94.0,0.5,0.0,0.0,2.345632340385933
30441,0,calendar_2014_test,86.87813846277567,117.0,0.5,0.0,0.0,30.121861537224333
30442,0,calendar_2014_test,119.57254145376929,118.0,0.5,0.0,0.0,1.5725414537692899
30443,0,calendar_2014_test,111.84625659213283,116.0,0.5,0.0,0.0,4.153743407867168
30444,0,calendar_2014_test,111.03923507929237,96.0,0.5,0.0,0.0,15.039235079292368
30445,0,calendar_2014_test,91.28159237018815,96.0,0.5,0.0,0.0,4.71840762981185
30446,0,calendar_2014_test,94.5224921849814,102.0,0.5,0.0,0.0,7.477507815018598
30447,0,calendar_2014_test,103.86777586516854,99.0,0.5,0.0,0.0,4.867775865168539
30448,0,calendar_2014_test,101.387064216929,104.0,0.5,0.0,0.0,2.612935783070995
30449,0,calendar_2014_test,110.58191517157096,101.0,0.5,0.0,0.0,9.581915171570955
30450,0,calendar_2014_test,104.67930431524746,92.0,0.5,0.0,0.0,12.679304315247464
30451,0,calendar_2014_test,94.75598616625065,76.0,0.5,0.0,0.0,18.75598616625065
30452,0,calendar_2014_test,76.75390824096202,90.0,0.5,0.0,0.0,13.24609175903798
30453,0,calendar_2014_test,99.21493838073805,111.0,0.5,0.0,0.0,11.785061619261953
30454,0,calendar_2014_test,122.30126052064715,125.0,0.5,0.0,0.0,2.6987394793528523
30455,0,calendar_2014_test,135.29200316788604,139.0,0.5,0.0,0.0,3.707996832113963
30456,0,calendar_2014_test,151.23722904252298,151.0,0.5,0.0,0.0,0.2372290425229835
30457,0,calendar_2014_test,160.04755389453373,204.0,0.5,0.0,0.0,43.952446105466265
30458,0,calendar_2014_test,218.22711302215922,203.0,0.5,0.0,0.0,15.227113022159216
30459,0,calendar_2014_test,197.2634266260153,200.0,0.5,0.0,0.0,2.7365733739846974
30460,0,calendar_2014_test,193.95903380851286,187.0,0.5,0.0,0.0,6.9590338085128565
30461,0,calendar_2014_test,177.91654610518998,168.0,0.5,0.0,0.0,9.91654610518998
30462,0,calendar_2014_test,164.70808077932134,158.0,0.5,0.0,0.0,6.708080779321335
30463,0,calendar_2014_test,160.62674920106969,155.0,0.5,0.0,0.0,5.626749201069686
30464,0,calendar_2014_test,151.19137507567027,154.0,0.5,0.0,0.0,2.8086249243297345
30465,0,calendar_2014_test,145.37721279832886,146.0,0.5,0.0,0.0,0.6227872016711444
30466,0,calendar_2014_test,132.6504602375848,150.0,0.5,0.0,0.0,17.34953976241519
30467,0,calendar_2014_test,136.50626336533384,136.0,0.5,0.0,0.0,0.5062633653338366
30468,0,calendar_2014_test,126.89892876460637,130.0,0.5,0.0,0.0,3.1010712353936327
30469,0,calendar_2014_test,120.9263772835772,122.0,0.5,0.0,0.0,1.073622716422804
30470,0,calendar_2014_test,117.99794460924083,125.0,0.5,0.0,0.0,7.002055390759168
30471,0,calendar_2014_test,129.07158098957555,121.0,0.5,0.0,0.0,8.071580989575551
30472,0,calendar_2014_test,114.84501085940866,108.0,0.5,0.0,0.0,6.84501085940866
30473,0,calendar_2014_test,106.97324602675539,102.0,0.5,0.0,0.0,4.97324602675539
30474,0,calendar_2014_test,110.25690455792204,118.0,0.5,0.0,0.0,7.7430954420779585
30475,0,calendar_2014_test,134.01362708132845,130.0,0.5,0.0,0.0,4.013627081328451
30476,0,calendar_2014_test,146.8319555736169,155.0,0.5,0.0,0.0,8.16804442638309
30477,0,calendar_2014_test,171.01561773511628,131.0,0.5,0.0,0.0,40.01561773511628
30478,0,calendar_2014_test,129.72436881138557,93.0,0.5,0.0,0.0,36.724368811385574
30479,0,calendar_2014_test,86.20600394040065,91.0,0.5,0.0,0.0,4.793996059599351
30480,0,calendar_2014_test,93.49441042852192,86.0,0.5,0.0,0.0,7.494410428521917
30481,0,calendar_2014_test,89.13753533754068,101.0,0.5,0.0,0.0,11.862464662459317
30482,0,calendar_2014_test,104.58532588661087,105.0,0.5,0.0,0.0,0.4146741133891254
30483,0,calendar_2014_test,101.75550804672598,110.0,0.5,0.0,0.0,8.244491953274022
30484,0,calendar_2014_test,110.83441074976645,112.0,0.5,0.0,0.0,1.1655892502335519
30485,0,calendar_2014_test,113.40641555779192,119.0,0.5,0.0,0.0,5.593584442208083
30486,0,calendar_2014_test,122.84198360510521,100.0,0.5,0.0,0.0,22.841983605105213
30487,0,calendar_2014_test,95.2926373702658,105.0,0.5,0.0,0.0,9.707362629734206
30488,0,calendar_2014_test,107.38378794947037,105.0,0.5,0.0,0.0,2.383787949470374
30489,0,calendar_2014_test,104.84943826127824,112.0,0.5,0.0,0.0,7.150561738721763
30490,0,calendar_2014_test,113.44665656500895,107.0,0.5,0.0,0.0,6.446656565008951
30491,0,calendar_2014_test,108.92366226987943,94.0,0.5,0.0,0.0,14.92366226987943
30492,0,calendar_2014_test,92.54284015062711,84.0,0.5,0.0,0.0,8.542840150627114
30493,0,calendar_2014_test,82.65563607086808,89.0,0.5,0.0,0.0,6.344363929131916
30494,0,calendar_2014_test,95.28761591538276,90.0,0.5,0.0,0.0,5.287615915382759
30495,0,calendar_2014_test,90.49381551484991,98.0,0.5,0.0,0.0,7.5061844851500865
30496,0,calendar_2014_test,104.5363424371208,100.0,0.5,0.0,0.0,4.536342437120794
30497,0,calendar_2014_test,101.88781189727554,109.0,0.5,0.0,0.0,7.11218810272446
30498,0,calendar_2014_test,117.1433865182807,107.0,0.5,0.0,0.0,10.143386518280707
30499,0,calendar_2014_test,112.27539782570216,107.0,0.5,0.0,0.0,5.275397825702157
30500,0,calendar_2014_test,114.43942610500683,106.0,0.5,0.0,0.0,8.43942610500683
30501,0,calendar_2014_test,107.54341243678148,108.0,0.5,0.0,0.0,0.4565875632185197
30502,0,calendar_2014_test,111.9201297756663,109.0,0.5,0.0,0.0,2.9201297756662967
30503,0,calendar_2014_test,109.6786523565407,106.0,0.5,0.0,0.0,3.6786523565406952
30504,0,calendar_2014_test,104.24991059130248,95.0,0.5,0.0,0.0,9.24991059130248
30505,0,calendar_2014_test,89.42575173855973,94.0,0.5,0.0,0.0,4.574248261440275
30506,0,calendar_2014_test,91.61169555430212,88.0,0.5,0.0,0.0,3.6116955543021163
30507,0,calendar_2014_test,87.66240117120716,115.0,0.5,0.0,0.0,27.337598828792835
30508,0,calendar_2014_test,127.08206895620653,133.0,0.5,0.0,0.0,5.917931043793473
30509,0,calendar_2014_test,143.0083090113526,132.0,0.5,0.0,0.0,11.008309011352594
30510,0,calendar_2014_test,133.62950969468108,147.0,0.5,0.0,0.0,13.370490305318924
30511,0,calendar_2014_test,148.72481458434765,147.0,0.5,0.0,0.0,1.724814584347655
30512,0,calendar_2014_test,142.32498775284438,146.0,0.5,0.0,0.0,3.675012247155621
30513,0,calendar_2014_test,147.4669316344575,79.0,0.5,0.0,0.0,68.4669316344575
30514,0,calendar_2014_test,57.35032196885417,38.0,0.5,0.0,0.0,19.350321968854168
30515,0,calendar_2014_test,29.89083385802232,20.0,0.5,0.0,0.0,9.890833858022319
30516,0,calendar_2014_test,23.936265605684937,14.0,0.5,0.0,0.0,9.936265605684937
30517,0,calendar_2014_test,19.431144315859044,10.0,0.5,0.0,0.0,9.431144315859044
30518,0,calendar_2014_test,15.45222521429092,6.0,0.5,0.0,0.0,9.45222521429092
30519,0,calendar_2014_test,9.915057569399906,9.0,0.5,0.0,0.0,0.9150575693999059
30520,0,calendar_2014_test,10.8682723141833,7.0,0.5,0.0,0.0,3.868272314183301
30521,0,calendar_2014_test,10.310373700333244,10.0,0.5,0.0,0.0,0.3103737003332441
30522,0,calendar_2014_test,12.872258714532379,8.0,0.5,0.0,0.0,4.872258714532379
30523,0,calendar_2014_test,12.439400869303768,7.0,0.5,0.0,0.0,5.439400869303768
30524,0,calendar_2014_test,10.357399451079061,14.0,0.5,0.0,0.0,3.6426005489209388
30525,0,calendar_2014_test,15.15704310190597,10.0,0.5,0.0,0.0,5.15704310190597
30526,0,calendar_2014_test,12.498060714145382,6.0,0.5,0.0,0.0,6.498060714145382
30527,0,calendar_2014_test,8.491035772814683,9.0,0.5,0.0,0.0,0.5089642271853165
30528,0,calendar_2014_test,10.911129333395621,13.0,0.5,0.0,0.0,2.088870666604379
30529,0,calendar_2014_test,12.524345199765122,9.0,0.5,0.0,0.0,3.524345199765122
30530,0,calendar_2014_test,9.564277478321586,10.0,0.5,0.0,0.0,0.4357225216784144
30531,0,calendar_2014_test,9.232309842884007,9.0,0.5,0.0,0.0,0.2323098428840069
30532,0,calendar_2014_test,9.988095514092123,10.0,0.5,0.0,0.0,0.01190448590787696
30533,0,calendar_2014_test,9.416079167043478,10.0,0.5,0.0,0.0,0.5839208329565224
30534,0,calendar_2014_test,9.570084149672667,11.0,0.5,0.0,0.0,1.4299158503273333
30535,0,calendar_2014_test,12.37410178789753,12.0,0.5,0.0,0.0,0.3741017878975299
30536,0,calendar_2014_test,11.878543742578046,16.0,0.5,0.0,0.0,4.121456257421954
30537,0,calendar_2014_test,12.737075607339406,12.0,0.5,0.0,0.0,0.7370756073394062
30538,0,calendar_2014_test,12.951324741015853,17.0,0.5,0.0,0.0,4.048675258984147
30539,0,calendar_2014_test,14.884102973910402,14.0,0.5,0.0,0.0,0.8841029739104016
30540,0,calendar_2014_test,13.942293887835831,14.0,0.5,0.0,0.0,0.0577061121641691
30541,0,calendar_2014_test,13.82438339565168,12.0,0.5,0.0,0.0,1.8243833956516795
30542,0,calendar_2014_test,11.81241523457561,14.0,0.5,0.0,0.0,2.18758476542439
30543,0,calendar_2014_test,18.756743823259896,10.0,0.5,0.0,0.0,8.756743823259896
30544,0,calendar_2014_test,14.2883322593907,11.0,0.5,0.0,0.0,3.2883322593906996
30545,0,calendar_2014_test,13.786184940282766,11.0,0.5,0.0,0.0,2.786184940282766
30546,0,calendar_2014_test,14.72366632029673,14.0,0.5,0.0,0.0,0.7236663202967293
30547,0,calendar_2014_test,16.301964914771347,15.0,0.5,0.0,0.0,1.3019649147713466
30548,0,calendar_2014_test,16.81819250487615,26.0,0.5,0.0,0.0,9.181807495123849
30549,0,calendar_2014_test,26.099600563732082,24.0,0.5,0.0,0.0,2.099600563732082
30550,0,calendar_2014_test,21.012522080262556,18.0,0.5,0.0,0.0,3.0125220802625563
30551,0,calendar_2014_test,20.126061513903906,11.0,0.5,0.0,0.0,9.126061513903906
30552,0,calendar_2014_test,15.46218454986743,12.0,0.5,0.0,0.0,3.4621845498674304
30553,0,calendar_2014_test,14.228800130101348,9.0,0.5,0.0,0.0,5.228800130101348
30554,0,calendar_2014_test,10.996275157484234,9.0,0.5,0.0,0.0,1.9962751574842343
30555,0,calendar_2014_test,10.929633560068964,13.0,0.5,0.0,0.0,2.0703664399310355
30556,0,calendar_2014_test,14.348341663614846,9.0,0.5,0.0,0.0,5.348341663614846
30557,0,calendar_2014_test,14.097857177418831,8.0,0.5,0.0,0.0,6.097857177418831
30558,0,calendar_2014_test,12.60676490986485,7.0,0.5,0.0,0.0,5.60676490986485
30559,0,calendar_2014_test,12.555751853420816,13.0,0.5,0.0,0.0,0.4442481465791843
30560,0,calendar_2014_test,16.95086070795942,13.0,0.5,0.0,0.0,3.9508607079594213
30561,0,calendar_2014_test,13.537822762044001,22.0,0.5,0.0,0.0,8.462177237955999
30562,0,calendar_2014_test,20.159638913386516,10.0,0.5,0.0,0.0,10.159638913386516
30563,0,calendar_2014_test,11.972678618670912,18.0,0.5,0.0,0.0,6.027321381329088
30564,0,calendar_2014_test,24.591724684919285,20.0,0.5,0.0,0.0,4.591724684919285
30565,0,calendar_2014_test,24.42564813725437,20.0,0.5,0.0,0.0,4.42564813725437
30566,0,calendar_2014_test,25.21526186705863,26.0,0.5,0.0,0.0,0.7847381329413707
30567,0,calendar_2014_test,31.331070644959382,24.0,0.5,0.0,0.0,7.331070644959382
30568,0,calendar_2014_test,28.523086810926074,25.0,0.5,0.0,0.0,3.523086810926074
30569,0,calendar_2014_test,29.396575593018227,34.0,0.5,0.0,0.0,4.603424406981773
30570,0,calendar_2014_test,42.052495278004855,42.0,0.5,0.0,0.0,0.052495278004855095
30571,0,calendar_2014_test,47.376387746352854,47.0,0.5,0.0,0.0,0.37638774635285444
30572,0,calendar_2014_test,53.28046822783504,53.0,0.5,0.0,0.0,0.280468227835037
30573,0,calendar_2014_test,57.77853764680051,64.0,0.5,0.0,0.0,6.221462353199492
30574,0,calendar_2014_test,74.14962883919497,65.0,0.5,0.0,0.0,9.149628839194975
30575,0,calendar_2014_test,72.7665863742051,66.0,0.5,0.0,0.0,6.7665863742051044
30576,0,calendar_2014_test,77.70572097533427,76.0,0.5,0.0,0.0,1.7057209753342732
30577,0,calendar_2014_test,82.74478101502501,83.0,0.5,0.0,0.0,0.25521898497498796
30578,0,calendar_2014_test,90.26765049818923,120.0,0.5,0.0,0.0,29.732349501810774
30579,0,calendar_2014_test,124.994181063395,121.0,0.5,0.0,0.0,3.994181063395004
30580,0,calendar_2014_test,115.92467992198382,111.0,0.5,0.0,0.0,4.924679921983824
30581,0,calendar_2014_test,103.81441816639938,112.0,0.5,0.0,0.0,8.185581833600622
30582,0,calendar_2014_test,106.21024901913543,100.0,0.5,0.0,0.0,6.210249019135432
30583,0,calendar_2014_test,91.29751959323546,84.0,0.5,0.0,0.0,7.297519593235464
30584,0,calendar_2014_test,78.19779176804376,66.0,0.5,0.0,0.0,12.197791768043757
30585,0,calendar_2014_test,62.98987338439516,64.0,0.5,0.0,0.0,1.0101266156048396
30586,0,calendar_2014_test,67.39445885613537,73.0,0.5,0.0,0.0,5.605541143864627
30587,0,calendar_2014_test,75.9979738121821,90.0,0.5,0.0,0.0,14.002026187817904
30588,0,calendar_2014_test,98.26989897610932,103.0,0.5,0.0,0.0,4.730101023890683
30589,0,calendar_2014_test,104.20290738496081,126.0,0.5,0.0,0.0,21.79709261503919
30590,0,calendar_2014_test,130.24966780839682,146.0,0.5,0.0,0.0,15.750332191603178
30591,0,calendar_2014_test,145.38886427342064,143.0,0.5,0.0,0.0,2.388864273420637
30592,0,calendar_2014_test,135.7058833825849,135.0,0.5,0.0,0.0,0.7058833825848865
30593,0,calendar_2014_test,133.84712764393578,188.0,0.5,0.0,0.0,54.15287235606422
30594,0,calendar_2014_test,203.7786352038642,221.0,0.5,0.0,0.0,17.221364796135788
30595,0,calendar_2014_test,235.11061930176658,203.0,0.5,0.0,0.0,32.110619301766576
30596,0,calendar_2014_test,205.01688039557044,204.0,0.5,0.0,0.0,1.016880395570439
30597,0,calendar_2014_test,210.55685211524667,184.0,0.5,0.0,0.0,26.55685211524667
30598,0,calendar_2014_test,180.69018218477282,177.0,0.5,0.0,0.0,3.690182184772823
30599,0,calendar_2014_test,177.75070337905345,220.0,0.5,0.0,0.0,42.24929662094655
30600,0,calendar_2014_test,231.50497439910802,268.0,0.5,0.0,0.0,36.49502560089198
30601,0,calendar_2014_test,250.90650889361183,255.0,0.5,0.0,0.0,4.093491106388171
30602,0,calendar_2014_test,227.39156055581049,241.0,0.5,0.0,0.0,13.608439444189514
30603,0,calendar_2014_test,212.34610300340813,181.0,0.5,0.0,0.0,31.346103003408132
30604,0,calendar_2014_test,143.08908443476997,146.0,0.5,0.0,0.0,2.9109155652300274
30605,0,calendar_2014_test,107.571351401018,141.0,0.5,0.0,0.0,33.428648598981994
30606,0,calendar_2014_test,137.83709405265606,136.0,0.5,0.0,0.0,1.837094052656056
30607,0,calendar_2014_test,131.33660876336876,124.0,0.5,0.0,0.0,7.3366087633687584
30608,0,calendar_2014_test,98.90646729813164,87.0,0.5,0.0,0.0,11.906467298131645
30609,0,calendar_2014_test,71.56255342404985,66.0,0.5,0.0,0.0,5.562553424049852
30610,0,calendar_2014_test,51.57066521993433,44.0,0.5,0.0,0.0,7.570665219934327
30611,0,calendar_2014_test,36.79746641425928,36.0,0.5,0.0,0.0,0.7974664142592829
30612,0,calendar_2014_test,44.59154184346261,39.0,0.5,0.0,0.0,5.591541843462608
30613,0,calendar_2014_test,43.79501233752248,55.0,0.5,0.0,0.0,11.20498766247752
30614,0,calendar_2014_test,62.34028105857837,114.0,0.5,0.0,0.0,51.65971894142163
30615,0,calendar_2014_test,131.51456478259303,100.0,0.5,0.0,0.0,31.514564782593027
30616,0,calendar_2014_test,99.99544835970936,95.0,0.5,0.0,0.0,4.995448359709357
30617,0,calendar_2014_test,96.39049482028781,162.0,0.5,0.0,0.0,65.60950517971219
30618,0,calendar_2014_test,178.05063791523065,237.0,0.5,0.0,0.0,58.94936208476935
30619,0,calendar_2014_test,241.2922140697655,229.0,0.5,0.0,0.0,12.292214069765492
30620,0,calendar_2014_test,227.43898679421196,175.0,0.5,0.0,0.0,52.43898679421196
30621,0,calendar_2014_test,151.02141969322696,150.0,0.5,0.0,0.0,1.0214196932269601
30622,0,calendar_2014_test,141.04911378213146,145.0,0.5,0.0,0.0,3.9508862178685433
30623,0,calendar_2014_test,139.92097936927053,268.0,0.5,0.0,0.0,128.07902063072947
30624,0,calendar_2014_test,182.52920640198386,237.0,0.5,0.0,0.0,54.470793598016144
30625,0,calendar_2014_test,206.5971463473356,208.0,0.5,0.0,0.0,1.4028536526643904
30626,0,calendar_2014_test,192.56836593343291,193.0,0.5,0.0,0.0,0.43163406656708503
30627,0,calendar_2014_test,171.12401690222316,175.0,0.5,0.0,0.0,3.875983097776839
30628,0,calendar_2014_test,154.41925539355395,160.0,0.5,0.0,0.0,5.580744606446046
30629,0,calendar_2014_test,137.6906811868563,176.0,0.5,0.0,0.0,38.309318813143705
30630,0,calendar_2014_test,171.52138461706213,181.0,0.5,0.0,0.0,9.478615382937875
30631,0,calendar_2014_test,168.40842518681885,185.0,0.5,0.0,0.0,16.591574813181154
30632,0,calendar_2014_test,177.4534065710411,198.0,0.5,0.0,0.0,20.546593428958886
30633,0,calendar_2014_test,199.60037780523484,205.0,0.5,0.0,0.0,5.399622194765158
30634,0,calendar_2014_test,200.98322477433337,206.0,0.5,0.0,0.0,5.016775225666635
30635,0,calendar_2014_test,196.9735744974459,214.0,0.5,0.0,0.0,17.026425502554105
30636,0,calendar_2014_test,214.04315142661744,214.0,0.5,0.0,0.0,0.04315142661744176
30637,0,calendar_2014_test,208.37188606901015,204.0,0.5,0.0,0.0,4.371886069010145
30638,0,calendar_2014_test,203.08064506977914,208.0,0.5,0.0,0.0,4.919354930220862
30639,0,calendar_2014_test,215.8170612384601,200.0,0.5,0.0,0.0,15.817061238460099
30640,0,calendar_2014_test,196.02256588076602,197.0,0.5,0.0,0.0,0.9774341192339762
30641,0,calendar_2014_test,186.75593776795074,220.0,0.5,0.0,0.0,33.24406223204926
30642,0,calendar_2014_test,240.18653881850733,236.0,0.5,0.0,0.0,4.18653881850733
30643,0,calendar_2014_test,252.860665337522,239.0,0.5,0.0,0.0,13.860665337521993
30644,0,calendar_2014_test,245.14458274606986,250.0,0.5,0.0,0.0,4.855417253930142
30645,0,calendar_2014_test,247.91468685458116,243.0,0.5,0.0,0.0,4.914686854581163
30646,0,calendar_2014_test,235.5862556126559,251.0,0.5,0.0,0.0,15.41374438734411
30647,0,calendar_2014_test,244.15492291987488,263.0,0.5,0.0,0.0,18.845077080125122
30648,0,calendar_2014_test,273.48009924857195,262.0,0.5,0.0,0.0,11.480099248571946
30649,0,calendar_2014_test,266.4341395605976,261.0,0.5,0.0,0.0,5.4341395605976
30650,0,calendar_2014_test,266.76207071770784,276.0,0.5,0.0,0.0,9.237929282292157
30651,0,calendar_2014_test,282.22957627906175,264.0,0.5,0.0,0.0,18.229576279061746
30652,0,calendar_2014_test,252.88811973331374,259.0,0.5,0.0,0.0,6.111880266686256
30653,0,calendar_2014_test,248.56616062901568,250.0,0.5,0.0,0.0,1.433839370984316
30654,0,calendar_2014_test,236.76666068947927,235.0,0.5,0.0,0.0,1.7666606894792665
30655,0,calendar_2014_test,230.9121248109778,222.0,0.5,0.0,0.0,8.912124810977787
30656,0,calendar_2014_test,224.4332793188813,206.0,0.5,0.0,0.0,18.43327931888129
30657,0,calendar_2014_test,208.43355483515967,205.0,0.5,0.0,0.0,3.4335548351596685
30658,0,calendar_2014_test,212.24005940255438,196.0,0.5,0.0,0.0,16.24005940255438
30659,0,calendar_2014_test,190.2313676609798,218.0,0.5,0.0,0.0,27.7686323390202
30660,0,calendar_2014_test,233.22677777168994,234.0,0.5,0.0,0.0,0.7732222283100612
30661,0,calendar_2014_test,241.41792441981482,264.0,0.5,0.0,0.0,22.582075580185176
30662,0,calendar_2014_test,277.9039592350931,272.0,0.5,0.0,0.0,5.903959235093112
30663,0,calendar_2014_test,283.4269688030057,307.0,0.5,0.0,0.0,23.573031196994293
30664,0,calendar_2014_test,316.4013829619581,323.0,0.5,0.0,0.0,6.59861703804188
30665,0,calendar_2014_test,340.2227215115096,311.0,0.5,0.0,0.0,29.222721511509576
30666,0,calendar_2014_test,309.0346301086603,327.0,0.5,0.0,0.0,17.96536989133972
30667,0,calendar_2014_test,344.3484293499961,362.0,0.5,0.0,0.0,17.65157065000392
30668,0,calendar_2014_test,378.97404663876404,487.0,0.5,0.0,0.0,108.02595336123596
30669,0,calendar_2014_test,481.81950369143476,436.0,0.5,0.0,0.0,45.81950369143476
30670,0,calendar_2014_test,387.59208938100653,436.0,0.5,0.0,0.0,48.40791061899347
30671,0,calendar_2014_test,407.0793110659404,579.0,0.5,0.0,0.0,171.92068893405963
30672,0,calendar_2014_test,484.14703630235874,649.0,0.5,0.0,0.0,164.85296369764126
30673,0,calendar_2014_test,480.4443901463834,457.0,0.5,0.0,0.0,23.444390146383398
30674,0,calendar_2014_test,392.108304894798,466.0,0.5,0.0,0.0,73.89169510520202
30675,0,calendar_2014_test,433.45618797482643,408.0,0.5,0.0,0.0,25.456187974826435
30676,0,calendar_2014_test,349.6054411820088,344.0,0.5,0.0,0.0,5.6054411820088035
30677,0,calendar_2014_test,291.0906698158444,322.0,0.5,0.0,0.0,30.90933018415558
30678,0,calendar_2014_test,297.7941007171123,287.0,0.5,0.0,0.0,10.794100717112315
30679,0,calendar_2014_test,277.6591614593475,319.0,0.5,0.0,0.0,41.3408385406525
30680,0,calendar_2014_test,327.249409235716,282.0,0.5,0.0,0.0,45.24940923571597
30681,0,calendar_2014_test,253.2746525821215,277.0,0.5,0.0,0.0,23.72534741787851
30682,0,calendar_2014_test,256.3305662084989,277.0,0.5,0.0,0.0,20.669433791501092
30683,0,calendar_2014_test,275.48457885211883,279.0,0.5,0.0,0.0,3.5154211478811703
30684,0,calendar_2014_test,268.43807796702833,327.0,0.5,0.0,0.0,58.561922032971665
30685,0,calendar_2014_test,334.35156267608977,348.0,0.5,0.0,0.0,13.64843732391023
30686,0,calendar_2014_test,364.873349173723,418.0,0.5,0.0,0.0,53.126650826277
30687,0,calendar_2014_test,431.34043369609265,423.0,0.5,0.0,0.0,8.340433696092646
30688,0,calendar_2014_test,411.1763028001997,366.0,0.5,0.0,0.0,45.17630280019972
30689,0,calendar_2014_test,349.92780741665086,338.0,0.5,0.0,0.0,11.927807416650865
30690,0,calendar_2014_test,338.4010298474449,347.0,0.5,0.0,0.0,8.598970152555125
30691,0,calendar_2014_test,379.7087438165785,336.0,0.5,0.0,0.0,43.708743816578476
30692,0,calendar_2014_test,341.3704315995868,351.0,0.5,0.0,0.0,9.629568400413177
30693,0,calendar_2014_test,376.73554950131285,353.0,0.5,0.0,0.0,23.735549501312846
30694,0,calendar_2014_test,367.20703591449217,375.0,0.5,0.0,0.0,7.792964085507833
30695,0,calendar_2014_test,370.99165793749785,382.0,0.5,0.0,0.0,11.008342062502152
30696,0,calendar_2014_test,357.13874983896613,393.0,0.5,0.0,0.0,35.861250161033865
30697,0,calendar_2014_test,396.88797542022155,388.0,0.5,0.0,0.0,8.88797542022155
30698,0,calendar_2014_test,381.97162018849946,376.0,0.5,0.0,0.0,5.9716201884994575
30699,0,calendar_2014_test,329.85293527246006,382.0,0.5,0.0,0.0,52.14706472753994
30700,0,calendar_2014_test,336.9857248157761,362.0,0.5,0.0,0.0,25.01427518422389
30701,0,calendar_2014_test,323.35803110569395,345.0,0.5,0.0,0.0,21.641968894306046
30702,0,calendar_2014_test,312.2287593476548,328.0,0.5,0.0,0.0,15.771240652345227
30703,0,calendar_2014_test,298.3165934145329,323.0,0.5,0.0,0.0,24.683406585467083
30704,0,calendar_2014_test,303.04529469738867,297.0,0.5,0.0,0.0,6.04529469738867
30705,0,calendar_2014_test,160.72149843642302,280.0,0.5,0.0,0.0,119.27850156357698
30706,0,calendar_2014_test,255.2291088980289,267.0,0.5,0.0,0.0,11.770891101971102
30707,0,calendar_2014_test,199.44792057517637,259.0,0.5,0.0,0.0,59.55207942482363
30708,0,calendar_2014_test,229.06669767048288,177.0,0.5,0.0,0.0,52.06669767048288
30709,0,calendar_2014_test,132.16957925672108,161.0,0.5,0.0,0.0,28.83042074327892
30710,0,calendar_2014_test,146.72223790518512,120.0,0.5,0.0,0.0,26.722237905185125
30711,0,calendar_2014_test,104.82562014401552,185.0,0.5,0.0,0.0,80.17437985598448
30712,0,calendar_2014_test,201.50360892502846,211.0,0.5,0.0,0.0,9.496391074971541
30713,0,calendar_2014_test,229.8500316707215,169.0,0.5,0.0,0.0,60.850031670721506
30714,0,calendar_2014_test,169.02819787231374,242.0,0.5,0.0,0.0,72.97180212768626
30715,0,calendar_2014_test,265.47800530862753,247.0,0.5,0.0,0.0,18.47800530862753
30716,0,calendar_2014_test,248.67331558400082,238.0,0.5,0.0,0.0,10.673315584000818
30717,0,calendar_2014_test,226.37604965630774,225.0,0.5,0.0,0.0,1.3760496563077425
30718,0,calendar_2014_test,217.6268047179112,216.0,0.5,0.0,0.0,1.6268047179111988
30719,0,calendar_2014_test,226.92270923665268,165.0,0.5,0.0,0.0,61.92270923665268
30720,0,calendar_2014_test,145.60139662914833,142.0,0.5,0.0,0.0,3.6013966291483257
30721,0,calendar_2014_test,141.7674341980528,136.0,0.5,0.0,0.0,5.767434198052797
30722,0,calendar_2014_test,136.82566815252613,117.0,0.5,0.0,0.0,19.825668152526134
30723,0,calendar_2014_test,113.30310050255409,119.0,0.5,0.0,0.0,5.696899497445912
30724,0,calendar_2014_test,122.45701938543695,52.0,0.5,0.0,0.0,70.45701938543695
30725,0,calendar_2014_test,41.42117059181812,46.0,0.5,0.0,0.0,4.578829408181882
30726,0,calendar_2014_test,46.82505026288486,53.0,0.5,0.0,0.0,6.174949737115142
30727,0,calendar_2014_test,59.41183220009512,67.0,0.5,0.0,0.0,7.58816779990488
30728,0,calendar_2014_test,74.18946012443554,70.0,0.5,0.0,0.0,4.189460124435541
30729,0,calendar_2014_test,68.57598704376578,61.0,0.5,0.0,0.0,7.575987043765778
30730,0,calendar_2014_test,60.551587095238155,78.0,0.5,0.0,0.0,17.448412904761845
30731,0,calendar_2014_test,84.4715961107702,88.0,0.5,0.0,0.0,3.528403889229807
30732,0,calendar_2014_test,88.7079312343361,75.0,0.5,0.0,0.0,13.707931234336101
30733,0,calendar_2014_test,70.24760585874077,73.0,0.5,0.0,0.0,2.7523941412592308
30734,0,calendar_2014_test,70.62604031571065,79.0,0.5,0.0,0.0,8.373959684289346
30735,0,calendar_2014_test,84.79158779128946,67.0,0.5,0.0,0.0,17.79158779128946
30736,0,calendar_2014_test,69.40491972997832,73.0,0.5,0.0,0.0,3.5950802700216826
30737,0,calendar_2014_test,76.99781080839796,71.0,0.5,0.0,0.0,5.997810808397958
30738,0,calendar_2014_test,73.99348215667034,66.0,0.5,0.0,0.0,7.993482156670339
30739,0,calendar_2014_test,73.69654619862366,66.0,0.5,0.0,0.0,7.696546198623665
30740,0,calendar_2014_test,72.7094258679924,75.0,0.5,0.0,0.0,2.290574132007606
30741,0,calendar_2014_test,73.64559467725056,59.0,0.5,0.0,0.0,14.645594677250557
30742,0,calendar_2014_test,61.10876600144574,41.0,0.5,0.0,0.0,20.108766001445737
30743,0,calendar_2014_test,41.89476066270039,45.0,0.5,0.0,0.0,3.105239337299608
30744,0,calendar_2014_test,48.428230500986764,28.0,0.5,0.0,0.0,20.428230500986764
30745,0,calendar_2014_test,29.94478594675263,27.0,0.5,0.0,0.0,2.9447859467526314
30746,0,calendar_2014_test,32.42881603173036,27.0,0.5,0.0,0.0,5.4288160317303635
30747,0,calendar_2014_test,34.84204718550863,46.0,0.5,0.0,0.0,11.157952814491367
30748,0,calendar_2014_test,51.028703889998084,65.0,0.5,0.0,0.0,13.971296110001916
30749,0,calendar_2014_test,74.17342384357183,60.0,0.5,0.0,0.0,14.173423843571825
30750,0,calendar_2014_test,63.36253424713543,54.0,0.5,0.0,0.0,9.362534247135429
30751,0,calendar_2014_test,55.66867231384678,63.0,0.5,0.0,0.0,7.331327686153223
30752,0,calendar_2014_test,69.22363610003535,71.0,0.5,0.0,0.0,1.7763638999646503
30753,0,calendar_2014_test,74.443789431586,69.0,0.5,0.0,0.0,5.443789431585998
30754,0,calendar_2014_test,74.6642359922607,76.0,0.5,0.0,0.0,1.3357640077393
30755,0,calendar_2014_test,75.88349087371634,82.0,0.5,0.0,0.0,6.11650912628366
30756,0,calendar_2014_test,85.88702202283805,63.0,0.5,0.0,0.0,22.887022022838053
30757,0,calendar_2014_test,63.76998471140418,63.0,0.5,0.0,0.0,0.7699847114041773
30758,0,calendar_2014_test,67.04200894263434,63.0,0.5,0.0,0.0,4.0420089426343395
30759,0,calendar_2014_test,66.91623379184882,64.0,0.5,0.0,0.0,2.916233791848825
30760,0,calendar_2014_test,23.115419908598426,15.0,0.5,0.0,0.0,8.115419908598426
30761,0,calendar_2014_test,25.523454547779934,34.0,0.5,0.0,0.0,8.476545452220066
30762,0,calendar_2014_test,46.974887948958234,39.0,0.5,0.0,0.0,7.974887948958234
30763,0,calendar_2014_test,41.51796521187534,89.0,0.5,0.0,0.0,47.48203478812466
30764,0,calendar_2014_test,94.14300995965723,124.0,0.5,0.0,0.0,29.856990040342765
30765,0,calendar_2014_test,124.66310391794192,142.0,0.5,0.0,0.0,17.336896082058075
30766,0,calendar_2014_test,148.76902339090964,152.0,0.5,0.0,0.0,3.230976609090362
30767,0,calendar_2014_test,152.49587296116496,156.0,0.5,0.0,0.0,3.504127038835037
30768,0,calendar_2014_test,157.83028028241785,152.0,0.5,0.0,0.0,5.830280282417846
30769,0,calendar_2014_test,145.3042723764554,160.0,0.5,0.0,0.0,14.695727623544599
30770,0,calendar_2014_test,158.93460531145863,173.0,0.5,0.0,0.0,14.065394688541375
30771,0,calendar_2014_test,176.79524498000438,174.0,0.5,0.0,0.0,2.7952449800043837
30772,0,calendar_2014_test,173.68396032198862,180.0,0.5,0.0,0.0,6.3160396780113786
30773,0,calendar_2014_test,182.47284108246072,185.0,0.5,0.0,0.0,2.527158917539282
30774,0,calendar_2014_test,186.7813085428723,184.0,0.5,0.0,0.0,2.7813085428722957
30775,0,calendar_2014_test,182.13654365523553,190.0,0.5,0.0,0.0,7.863456344764472
30776,0,calendar_2014_test,180.98597249046963,196.0,0.5,0.0,0.0,15.014027509530365
30777,0,calendar_2014_test,244.62051594972314,267.0,0.5,0.0,0.0,22.379484050276858
30778,0,calendar_2014_test,278.6230441692583,334.0,0.5,0.0,0.0,55.37695583074168
30779,0,calendar_2014_test,351.5588201358573,328.0,0.5,0.0,0.0,23.558820135857275
30780,0,calendar_2014_test,330.238534088463,327.0,0.5,0.0,0.0,3.238534088462984
30781,0,calendar_2014_test,329.21439070263114,326.0,0.5,0.0,0.0,3.2143907026311354
30782,0,calendar_2014_test,331.4181862097414,309.0,0.5,0.0,0.0,22.418186209741407
30783,0,calendar_2014_test,311.81726949717415,321.0,0.5,0.0,0.0,9.182730502825848
30784,0,calendar_2014_test,344.117320027098,340.0,0.5,0.0,0.0,4.117320027098003
30785,0,calendar_2014_test,354.4463287200064,346.0,0.5,0.0,0.0,8.44632872000642
30786,0,calendar_2014_test,374.0858559179792,330.0,0.5,0.0,0.0,44.08585591797919
30787,0,calendar_2014_test,323.36810527152466,340.0,0.5,0.0,0.0,16.631894728475345
30788,0,calendar_2014_test,339.5094235261978,353.0,0.5,0.0,0.0,13.490576473802207
30789,0,calendar_2014_test,362.85228829561163,384.0,0.5,0.0,0.0,21.14771170438837
30790,0,calendar_2014_test,374.90043043989385,383.0,0.5,0.0,0.0,8.099569560106147
30791,0,calendar_2014_test,350.00462628666935,399.0,0.5,0.0,0.0,48.99537371333065
30792,0,calendar_2014_test,394.87631382509244,340.0,0.5,0.0,0.0,54.87631382509244
30793,0,calendar_2014_test,270.7822915640445,327.0,0.5,0.0,0.0,56.2177084359555
30794,0,calendar_2014_test,290.1324747612116,295.0,0.5,0.0,0.0,4.867525238788403
30795,0,calendar_2014_test,242.42538835753817,296.0,0.5,0.0,0.0,53.57461164246183
30796,0,calendar_2014_test,281.701559672107,333.0,0.5,0.0,0.0,51.29844032789299
30797,0,calendar_2014_test,316.173958061494,336.0,0.5,0.0,0.0,19.826041938506023
30798,0,calendar_2014_test,308.5801227655006,350.0,0.5,0.0,0.0,41.41987723449938
30799,0,calendar_2014_test,344.6753683794159,305.0,0.5,0.0,0.0,39.675368379415886
30800,0,calendar_2014_test,281.9194304097263,283.0,0.5,0.0,0.0,1.080569590273683
30801,0,calendar_2014_test,281.1814636593888,323.0,0.5,0.0,0.0,41.81853634061122
30802,0,calendar_2014_test,342.7666563047277,377.0,0.5,0.0,0.0,34.23334369527231
30803,0,calendar_2014_test,387.3608250439819,357.0,0.5,0.0,0.0,30.36082504398189
30804,0,calendar_2014_test,349.17620315017007,360.0,0.5,0.0,0.0,10.823796849829932
30805,0,calendar_2014_test,361.03849814519936,350.0,0.5,0.0,0.0,11.038498145199355
30806,0,calendar_2014_test,365.7271065023801,339.0,0.5,0.0,0.0,26.72710650238008
30807,0,calendar_2014_test,340.0564135550593,335.0,0.5,0.0,0.0,5.056413555059294
30808,0,calendar_2014_test,340.40800457252544,341.0,0.5,0.0,0.0,0.5919954274745578
30809,0,calendar_2014_test,346.28296986708347,352.0,0.5,0.0,0.0,5.717030132916534
30810,0,calendar_2014_test,364.84758312110586,355.0,0.5,0.0,0.0,9.847583121105856
30811,0,calendar_2014_test,364.1140070224861,327.0,0.5,0.0,0.0,37.11400702248608
30812,0,calendar_2014_test,314.0606325738646,303.0,0.5,0.0,0.0,11.06063257386461
30813,0,calendar_2014_test,287.905371754143,287.0,0.5,0.0,0.0,0.9053717541430046
30814,0,calendar_2014_test,274.18500084848927,279.0,0.5,0.0,0.0,4.814999151510733
30815,0,calendar_2014_test,321.25435729557887,339.0,0.5,0.0,0.0,17.74564270442113
30816,0,calendar_2014_test,313.53938296328954,339.0,0.5,0.0,0.0,25.46061703671046
30817,0,calendar_2014_test,309.04628445269486,341.0,0.5,0.0,0.0,31.953715547305137
30818,0,calendar_2014_test,308.3543606737376,344.0,0.5,0.0,0.0,35.645639326262426
30819,0,calendar_2014_test,338.38338218856745,335.0,0.5,0.0,0.0,3.3833821885674524
30820,0,calendar_2014_test,320.77100786657763,329.0,0.5,0.0,0.0,8.228992133422366
30821,0,calendar_2014_test,321.60400236767543,323.0,0.5,0.0,0.0,1.3959976323245655
30822,0,calendar_2014_test,317.4460957696783,350.0,0.5,0.0,0.0,32.55390423032168
30823,0,calendar_2014_test,360.1961558390899,341.0,0.5,0.0,0.0,19.196155839089897
30824,0,calendar_2014_test,311.6104988816303,347.0,0.5,0.0,0.0,35.38950111836971
30825,0,calendar_2014_test,358.91291083928365,356.0,0.5,0.0,0.0,2.9129108392836542
30826,0,calendar_2014_test,363.65124564627655,342.0,0.5,0.0,0.0,21.65124564627655
30827,0,calendar_2014_test,328.7636160629766,366.0,0.5,0.0,0.0,37.23638393702339
30828,0,calendar_2014_test,375.6340806723783,358.0,0.5,0.0,0.0,17.634080672378275
30829,0,calendar_2014_test,361.27015681221854,391.0,0.5,0.0,0.0,29.729843187781455
30830,0,calendar_2014_test,420.92356728439546,425.0,0.5,0.0,0.0,4.07643271560454
30831,0,calendar_2014_test,433.17229224518434,387.0,0.5,0.0,0.0,46.17229224518434
30832,0,calendar_2014_test,361.59731300527073,363.0,0.5,0.0,0.0,1.4026869947292653
30833,0,calendar_2014_test,364.86279570478644,343.0,0.5,0.0,0.0,21.862795704786436
30834,0,calendar_2014_test,332.5187797389158,353.0,0.5,0.0,0.0,20.481220261084218
30835,0,calendar_2014_test,372.1899093806774,357.0,0.5,0.0,0.0,15.18990938067742
30836,0,calendar_2014_test,372.0441260945841,371.0,0.5,0.0,0.0,1.0441260945841009
30837,0,calendar_2014_test,377.2284342612958,394.0,0.5,0.0,0.0,16.771565738704226
30838,0,calendar_2014_test,419.3556068091828,453.0,0.5,0.0,0.0,33.6443931908172
30839,0,calendar_2014_test,463.45073717918024,453.0,0.5,0.0,0.0,10.450737179180237
30840,0,calendar_2014_test,454.7537282113136,485.0,0.5,0.0,0.0,30.246271788686386
30841,0,calendar_2014_test,478.6532705648141,463.0,0.5,0.0,0.0,15.653270564814079
30842,0,calendar_2014_test,434.04799714624426,463.0,0.5,0.0,0.0,28.952002853755744
30843,0,calendar_2014_test,462.2538118498985,418.0,0.5,0.0,0.0,44.25381184989851
30844,0,calendar_2014_test,361.4378579127418,384.0,0.5,0.0,0.0,22.562142087258223
30845,0,calendar_2014_test,324.9542783673537,371.0,0.5,0.0,0.0,46.04572163264629
30846,0,calendar_2014_test,353.31863288584884,369.0,0.5,0.0,0.0,15.681367114151158
30847,0,calendar_2014_test,366.05473063887746,374.0,0.5,0.0,0.0,7.945269361122541
30848,0,calendar_2014_test,372.3034241196019,397.0,0.5,0.0,0.0,24.696575880398086
30849,0,calendar_2014_test,422.7268879204509,397.0,0.5,0.0,0.0,25.726887920450906
30850,0,calendar_2014_test,407.5361352492905,389.0,0.5,0.0,0.0,18.53613524929051
30851,0,calendar_2014_test,401.34856711607154,410.0,0.5,0.0,0.0,8.651432883928464
30852,0,calendar_2014_test,422.3212883308719,436.0,0.5,0.0,0.0,13.67871166912812
30853,0,calendar_2014_test,424.0108416176956,462.0,0.5,0.0,0.0,37.989158382304424
30854,0,calendar_2014_test,465.21576929495836,482.0,0.5,0.0,0.0,16.784230705041637
30855,0,calendar_2014_test,498.61608611900465,501.0,0.5,0.0,0.0,2.383913880995351
30856,0,calendar_2014_test,484.95886564786565,507.0,0.5,0.0,0.0,22.04113435213435
30857,0,calendar_2014_test,494.0415738289984,523.0,0.5,0.0,0.0,28.958426171001577
30858,0,calendar_2014_test,495.3441408792884,545.0,0.5,0.0,0.0,49.655859120711625
30859,0,calendar_2014_test,506.71182031971847,577.0,0.5,0.0,0.0,70.28817968028153
30860,0,calendar_2014_test,511.1990490966705,541.0,0.5,0.0,0.0,29.80095090332952
30861,0,calendar_2014_test,462.92107326002804,532.0,0.5,0.0,0.0,69.07892673997196
30862,0,calendar_2014_test,470.7510423410945,534.0,0.5,0.0,0.0,63.24895765890551
30863,0,calendar_2014_test,486.7436041126452,495.0,0.5,0.0,0.0,8.256395887354813
30864,0,calendar_2014_test,439.2397247121623,483.0,0.5,0.0,0.0,43.760275287837715
30865,0,calendar_2014_test,461.5768543524291,474.0,0.5,0.0,0.0,12.423145647570891
30866,0,calendar_2014_test,485.6938391721861,478.0,0.5,0.0,0.0,7.693839172186074
30867,0,calendar_2014_test,489.02482661768295,496.0,0.5,0.0,0.0,6.9751733823170525
30868,0,calendar_2014_test,504.79815318729555,519.0,0.5,0.0,0.0,14.201846812704446
30869,0,calendar_2014_test,505.5723426028466,526.0,0.5,0.0,0.0,20.427657397153382
30870,0,calendar_2014_test,500.49443676019513,512.0,0.5,0.0,0.0,11.505563239804872
30871,0,calendar_2014_test,469.7380725772324,557.0,0.5,0.0,0.0,87.2619274227676
30872,0,calendar_2014_test,517.4998301236452,551.0,0.5,0.0,0.0,33.50016987635479
30873,0,calendar_2014_test,482.1839276261108,562.0,0.5,0.0,0.0,79.8160723738892
30874,0,calendar_2014_test,478.74746203173447,542.0,0.5,0.0,0.0,63.25253796826553
30875,0,calendar_2014_test,458.53512095215865,502.0,0.5,0.0,0.0,43.46487904784135
30876,0,calendar_2014_test,438.92345939259724,525.0,0.5,0.0,0.0,86.07654060740276
30877,0,calendar_2014_test,484.7789511134689,446.0,0.5,0.0,0.0,38.778951113468906
30878,0,calendar_2014_test,375.18012745844754,188.0,0.5,0.0,0.0,187.18012745844754
30879,0,calendar_2014_test,122.70072072232597,111.0,0.5,0.0,0.0,11.700720722325968
30880,0,calendar_2014_test,86.41113420320936,82.0,0.5,0.0,0.0,4.4111342032093575
30881,0,calendar_2014_test,85.57999284903728,58.0,0.5,0.0,0.0,27.579992849037282
30882,0,calendar_2014_test,60.87816130251924,43.0,0.5,0.0,0.0,17.87816130251924
30883,0,calendar_2014_test,46.642828763465786,27.0,0.5,0.0,0.0,19.642828763465786
30884,0,calendar_2014_test,14.138356288827609,31.0,0.5,0.0,0.0,16.86164371117239
30885,0,calendar_2014_test,28.518064725861933,15.0,0.5,0.0,0.0,13.518064725861933
30886,0,calendar_2014_test,12.689977819700275,17.0,0.5,0.0,0.0,4.310022180299725
30887,0,calendar_2014_test,17.919405606861716,17.0,0.5,0.0,0.0,0.9194056068617158
30888,0,calendar_2014_test,16.060246082066854,21.0,0.5,0.0,0.0,4.939753917933146
30889,0,calendar_2014_test,14.146740541252598,17.0,0.5,0.0,0.0,2.8532594587474023
30890,0,calendar_2014_test,10.414276522374678,13.0,0.5,0.0,0.0,2.585723477625322
30891,0,calendar_2014_test,10.758654837837113,11.0,0.5,0.0,0.0,0.2413451621628866
30892,0,calendar_2014_test,10.263824346109644,12.0,0.5,0.0,0.0,1.7361756538903563
30893,0,calendar_2014_test,9.15818471170057,10.0,0.5,0.0,0.0,0.8418152882994292
30894,0,calendar_2014_test,10.592797687697484,13.0,0.5,0.0,0.0,2.407202312302516
30895,0,calendar_2014_test,13.870861617987543,13.0,0.5,0.0,0.0,0.8708616179875435
30896,0,calendar_2014_test,14.363140247046402,8.0,0.5,0.0,0.0,6.3631402470464025
30897,0,calendar_2014_test,11.035299059730235,12.0,0.5,0.0,0.0,0.9647009402697648
30898,0,calendar_2014_test,17.448626076516675,12.0,0.5,0.0,0.0,5.448626076516675
30899,0,calendar_2014_test,16.686490725395558,14.0,0.5,0.0,0.0,2.686490725395558
30900,0,calendar_2014_test,16.223743524683996,17.0,0.5,0.0,0.0,0.7762564753160035
30901,0,calendar_2014_test,17.008759108801712,18.0,0.5,0.0,0.0,0.991240891198288
30902,0,calendar_2014_test,25.179531369851475,17.0,0.5,0.0,0.0,8.179531369851475
30903,0,calendar_2014_test,26.222641623619594,19.0,0.5,0.0,0.0,7.2226416236195945
30904,0,calendar_2014_test,25.274331523572386,31.0,0.5,0.0,0.0,5.7256684764276145
30905,0,calendar_2014_test,38.6614563191383,45.0,0.5,0.0,0.0,6.338543680861697
30906,0,calendar_2014_test,50.43001367455183,42.0,0.5,0.0,0.0,8.43001367455183
30907,0,calendar_2014_test,42.7908155973394,53.0,0.5,0.0,0.0,10.209184402660597
30908,0,calendar_2014_test,56.76145057189339,42.0,0.5,0.0,0.0,14.761450571893391
30909,0,calendar_2014_test,43.475905670730086,34.0,0.5,0.0,0.0,9.475905670730086
30910,0,calendar_2014_test,44.835529231651044,130.0,0.5,0.0,0.0,85.16447076834896
30911,0,calendar_2014_test,126.52819774987071,114.0,0.5,0.0,0.0,12.528197749870714
30912,0,calendar_2014_test,101.74072512812909,61.0,0.5,0.0,0.0,40.740725128129085
30913,0,calendar_2014_test,55.15559519641908,48.0,0.5,0.0,0.0,7.155595196419078
30914,0,calendar_2014_test,49.961461958188394,48.0,0.5,0.0,0.0,1.9614619581883943
30915,0,calendar_2014_test,50.15820601080358,54.0,0.5,0.0,0.0,3.841793989196418
30916,0,calendar_2014_test,59.85020537628215,57.0,0.5,0.0,0.0,2.8502053762821475
30917,0,calendar_2014_test,58.875271003050045,63.0,0.5,0.0,0.0,4.124728996949955
30918,0,calendar_2014_test,72.04657971356478,81.0,0.5,0.0,0.0,8.953420286435218
30919,0,calendar_2014_test,91.77455483482218,98.0,0.5,0.0,0.0,6.225445165177817
30920,0,calendar_2014_test,98.888951442748,106.0,0.5,0.0,0.0,7.111048557252005
30921,0,calendar_2014_test,107.84767911820985,97.0,0.5,0.0,0.0,10.847679118209854
30922,0,calendar_2014_test,94.96602222832021,108.0,0.5,0.0,0.0,13.033977771679787
30923,0,calendar_2014_test,115.44683881020495,103.0,0.5,0.0,0.0,12.446838810204952
30924,0,calendar_2014_test,106.3397359977347,96.0,0.5,0.0,0.0,10.339735997734707
30925,0,calendar_2014_test,97.80250498924732,84.0,0.5,0.0,0.0,13.802504989247325
30926,0,calendar_2014_test,85.5038077692973,118.0,0.5,0.0,0.0,32.496192230702704
30927,0,calendar_2014_test,126.87998945494402,116.0,0.5,0.0,0.0,10.879989454944024
30928,0,calendar_2014_test,122.8701314174225,158.0,0.5,0.0,0.0,35.1298685825775
30929,0,calendar_2014_test,178.87212086299377,171.0,0.5,0.0,0.0,7.872120862993768
30930,0,calendar_2014_test,178.19751795500324,179.0,0.5,0.0,0.0,0.8024820449967649
30931,0,calendar_2014_test,180.22795429809526,172.0,0.5,0.0,0.0,8.227954298095256
30932,0,calendar_2014_test,162.9001142410416,168.0,0.5,0.0,0.0,5.099885758958408
30933,0,calendar_2014_test,170.62954319958726,188.0,0.5,0.0,0.0,17.37045680041274
30934,0,calendar_2014_test,185.97333900379894,206.0,0.5,0.0,0.0,20.02666099620106
30935,0,calendar_2014_test,212.40216194720148,210.0,0.5,0.0,0.0,2.4021619472014777
30936,0,calendar_2014_test,206.4638723418372,180.0,0.5,0.0,0.0,26.463872341837202
30937,0,calendar_2014_test,161.63892923499324,181.0,0.5,0.0,0.0,19.361070765006758
30938,0,calendar_2014_test,167.22684855822183,149.0,0.5,0.0,0.0,18.226848558221832
30939,0,calendar_2014_test,127.69242049250028,100.0,0.5,0.0,0.0,27.692420492500275
30940,0,calendar_2014_test,64.08436689363707,83.0,0.5,0.0,0.0,18.915633106362932
30941,0,calendar_2014_test,75.17695684696031,45.0,0.5,0.0,0.0,30.17695684696031
30942,0,calendar_2014_test,16.962272425944704,29.0,0.5,0.0,0.0,12.037727574055296
30943,0,calendar_2014_test,23.290375764588788,15.0,0.5,0.0,0.0,8.290375764588788
30944,0,calendar_2014_test,11.557207123412837,14.0,0.5,0.0,0.0,2.4427928765871627
30945,0,calendar_2014_test,15.405157855949042,17.0,0.5,0.0,0.0,1.5948421440509577
30946,0,calendar_2014_test,16.151833606558768,12.0,0.5,0.0,0.0,4.1518336065587675
30947,0,calendar_2014_test,20.072449748139533,10.0,0.5,0.0,0.0,10.072449748139533
30948,0,calendar_2014_test,10.951222435271475,10.0,0.5,0.0,0.0,0.9512224352714753
30949,0,calendar_2014_test,14.940585549517692,14.0,0.5,0.0,0.0,0.9405855495176922
30950,0,calendar_2014_test,25.180398009338916,29.0,0.5,0.0,0.0,3.8196019906610843
30951,0,calendar_2014_test,38.68135817141463,51.0,0.5,0.0,0.0,12.31864182858537
30952,0,calendar_2014_test,58.60602972956356,48.0,0.5,0.0,0.0,10.60602972956356
30953,0,calendar_2014_test,49.89530541576554,74.0,0.5,0.0,0.0,24.10469458423446
30954,0,calendar_2014_test,75.50814155209565,93.0,0.5,0.0,0.0,17.49185844790435
30955,0,calendar_2014_test,97.10154232538711,112.0,0.5,0.0,0.0,14.898457674612885
30956,0,calendar_2014_test,120.18028204559882,125.0,0.5,0.0,0.0,4.819717954401185
30957,0,calendar_2014_test,131.55391312965168,133.0,0.5,0.0,0.0,1.4460868703483243
30958,0,calendar_2014_test,133.15296144635374,150.0,0.5,0.0,0.0,16.847038553646257
30959,0,calendar_2014_test,155.38982102131303,124.0,0.5,0.0,0.0,31.389821021313026
30960,0,calendar_2014_test,116.51497792248884,135.0,0.5,0.0,0.0,18.48502207751116
30961,0,calendar_2014_test,137.22481138235054,143.0,0.5,0.0,0.0,5.775188617649462
30962,0,calendar_2014_test,145.6768515280059,139.0,0.5,0.0,0.0,6.676851528005898
30963,0,calendar_2014_test,138.11346858454718,128.0,0.5,0.0,0.0,10.113468584547178
30964,0,calendar_2014_test,125.08147547624974,134.0,0.5,0.0,0.0,8.918524523750264
30965,0,calendar_2014_test,132.70703086118857,146.0,0.5,0.0,0.0,13.29296913881143
30966,0,calendar_2014_test,148.94325739636108,154.0,0.5,0.0,0.0,5.056742603638924
30967,0,calendar_2014_test,152.74578964306664,157.0,0.5,0.0,0.0,4.254210356933356
30968,0,calendar_2014_test,157.92708661980453,174.0,0.5,0.0,0.0,16.072913380195473
30969,0,calendar_2014_test,166.4363933081617,158.0,0.5,0.0,0.0,8.436393308161712
30970,0,calendar_2014_test,146.1254035300188,151.0,0.5,0.0,0.0,4.874596469981213
30971,0,calendar_2014_test,141.32176884038438,141.0,0.5,0.0,0.0,0.3217688403843795
30972,0,calendar_2014_test,131.2992176376814,137.0,0.5,0.0,0.0,5.700782362318591
30973,0,calendar_2014_test,132.2043809545898,144.0,0.5,0.0,0.0,11.795619045410206
30974,0,calendar_2014_test,143.40942414356664,144.0,0.5,0.0,0.0,0.590575856433361
30975,0,calendar_2014_test,148.41677556668043,159.0,0.5,0.0,0.0,10.583224433319572
30976,0,calendar_2014_test,168.92616469778238,166.0,0.5,0.0,0.0,2.926164697782383
30977,0,calendar_2014_test,172.07366422261487,183.0,0.5,0.0,0.0,10.926335777385134
30978,0,calendar_2014_test,185.7514956311917,228.0,0.5,0.0,0.0,42.24850436880831
30979,0,calendar_2014_test,237.13952746168417,257.0,0.5,0.0,0.0,19.860472538315832
30980,0,calendar_2014_test,257.5167115424404,306.0,0.5,0.0,0.0,48.48328845755958
30981,0,calendar_2014_test,314.00776771379947,222.0,0.5,0.0,0.0,92.00776771379947
30982,0,calendar_2014_test,197.89401757759504,193.0,0.5,0.0,0.0,4.8940175775950365
30983,0,calendar_2014_test,193.55774924090855,188.0,0.5,0.0,0.0,5.557749240908549
30984,0,calendar_2014_test,183.92784068652858,182.0,0.5,0.0,0.0,1.927840686528583
30985,0,calendar_2014_test,181.4389746232315,184.0,0.5,0.0,0.0,2.561025376768498
30986,0,calendar_2014_test,190.61435797840153,209.0,0.5,0.0,0.0,18.38564202159847
30987,0,calendar_2014_test,222.89543663172182,225.0,0.5,0.0,0.0,2.1045633682781784
30988,0,calendar_2014_test,235.4664446883492,238.0,0.5,0.0,0.0,2.5335553116507867
30989,0,calendar_2014_test,246.91491798009423,246.0,0.5,0.0,0.0,0.9149179800942306
30990,0,calendar_2014_test,252.71955159703697,269.0,0.5,0.0,0.0,16.28044840296303
30991,0,calendar_2014_test,264.0188516843249,284.0,0.5,0.0,0.0,19.981148315675114
30992,0,calendar_2014_test,289.0719624381808,260.0,0.5,0.0,0.0,29.071962438180776
30993,0,calendar_2014_test,251.63678057423388,295.0,0.5,0.0,0.0,43.36321942576612
30994,0,calendar_2014_test,293.60760779195255,322.0,0.5,0.0,0.0,28.392392208047454
30995,0,calendar_2014_test,324.3167156753355,308.0,0.5,0.0,0.0,16.3167156753355
30996,0,calendar_2014_test,290.4396258151553,271.0,0.5,0.0,0.0,19.439625815155296
30997,0,calendar_2014_test,250.2872973153955,240.0,0.5,0.0,0.0,10.287297315395506
30998,0,calendar_2014_test,227.46452707222454,230.0,0.5,0.0,0.0,2.5354729277754586
30999,0,calendar_2014_test,224.83564705424072,237.0,0.5,0.0,0.0,12.164352945759276
31000,0,calendar_2014_test,232.84608570756535,242.0,0.5,0.0,0.0,9.15391429243465
31001,0,calendar_2014_test,228.89116721014608,241.0,0.5,0.0,0.0,12.10883278985392
31002,0,calendar_2014_test,221.00200388543053,238.0,0.5,0.0,0.0,16.997996114569474
31003,0,calendar_2014_test,217.79765659407735,255.0,0.5,0.0,0.0,37.20234340592265
31004,0,calendar_2014_test,235.00919651306899,266.0,0.5,0.0,0.0,30.990803486931014
31005,0,calendar_2014_test,242.88800654421053,255.0,0.5,0.0,0.0,12.111993455789474
31006,0,calendar_2014_test,229.69862712732493,232.0,0.5,0.0,0.0,2.301372872675074
31007,0,calendar_2014_test,206.2148166979964,226.0,0.5,0.0,0.0,19.78518330200359
31008,0,calendar_2014_test,212.01859563634974,215.0,0.5,0.0,0.0,2.981404363650256
31009,0,calendar_2014_test,219.65834060980967,75.0,0.5,0.0,0.0,144.65834060980967
31010,0,calendar_2014_test,45.045486838873764,3.0,0.5,0.0,0.0,42.045486838873764
31011,0,calendar_2014_test,18.587764551241662,4.0,0.5,0.0,0.0,14.587764551241662
31012,0,calendar_2014_test,7.899156717341469,7.0,0.5,0.0,0.0,0.8991567173414694
31013,0,calendar_2014_test,9.555724295946533,6.0,0.5,0.0,0.0,3.5557242959465327
31014,0,calendar_2014_test,7.170282305396739,14.0,0.5,0.0,0.0,6.829717694603261
31015,0,calendar_2014_test,15.516535157961556,13.0,0.5,0.0,0.0,2.516535157961556
31016,0,calendar_2014_test,10.637105251459005,8.0,0.5,0.0,0.0,2.6371052514590048
31017,0,calendar_2014_test,6.826693354987597,11.0,0.5,0.0,0.0,4.173306645012403
31018,0,calendar_2014_test,11.41595435873883,13.0,0.5,0.0,0.0,1.58404564126117
31019,0,calendar_2014_test,12.235875491611324,11.0,0.5,0.0,0.0,1.2358754916113242
31020,0,calendar_2014_test,14.337070064878702,7.0,0.5,0.0,0.0,7.337070064878702
31021,0,calendar_2014_test,11.801813794008623,8.0,0.5,0.0,0.0,3.8018137940086234
31022,0,calendar_2014_test,11.312717395226542,11.0,0.5,0.0,0.0,0.3127173952265423
31023,0,calendar_2014_test,14.561594304497689,12.0,0.5,0.0,0.0,2.5615943044976888
31024,0,calendar_2014_test,15.315495316438415,13.0,0.5,0.0,0.0,2.3154953164384153
31025,0,calendar_2014_test,15.846405899165134,9.0,0.5,0.0,0.0,6.846405899165134
31026,0,calendar_2014_test,11.301801443063084,9.0,0.5,0.0,0.0,2.301801443063084
31027,0,calendar_2014_test,9.995576233955404,7.0,0.5,0.0,0.0,2.995576233955404
31028,0,calendar_2014_test,7.564405086026241,14.0,0.5,0.0,0.0,6.435594913973759
31029,0,calendar_2014_test,12.843107107745027,10.0,0.5,0.0,0.0,2.843107107745027
31030,0,calendar_2014_test,10.88832656051882,9.0,0.5,0.0,0.0,1.88832656051882
31031,0,calendar_2014_test,9.73176274896825,18.0,0.5,0.0,0.0,8.26823725103175
31032,0,calendar_2014_test,21.780580459623692,14.0,0.5,0.0,0.0,7.7805804596236925
31033,0,calendar_2014_test,21.83549671830528,12.0,0.5,0.0,0.0,9.83549671830528
31034,0,calendar_2014_test,17.931887172487677,26.0,0.5,0.0,0.0,8.068112827512323
31035,0,calendar_2014_test,29.840782436264178,30.0,0.5,0.0,0.0,0.1592175637358224
31036,0,calendar_2014_test,30.335470212317688,35.0,0.5,0.0,0.0,4.664529787682312
31037,0,calendar_2014_test,38.3528721210742,27.0,0.5,0.0,0.0,11.3528721210742
31038,0,calendar_2014_test,27.59804388738314,13.0,0.5,0.0,0.0,14.598043887383142
31039,0,calendar_2014_test,20.678538972547784,18.0,0.5,0.0,0.0,2.678538972547784
31040,0,calendar_2014_test,22.42614340963037,27.0,0.5,0.0,0.0,4.57385659036963
31041,0,calendar_2014_test,28.024926954818014,23.0,0.5,0.0,0.0,5.024926954818014
31042,0,calendar_2014_test,24.795896922670863,25.0,0.5,0.0,0.0,0.2041030773291368
31043,0,calendar_2014_test,27.385022922726776,27.0,0.5,0.0,0.0,0.3850229227267761
31044,0,calendar_2014_test,30.030702175875717,26.0,0.5,0.0,0.0,4.030702175875717
31045,0,calendar_2014_test,31.045584547816986,32.0,0.5,0.0,0.0,0.9544154521830137
31046,0,calendar_2014_test,37.66095042463486,39.0,0.5,0.0,0.0,1.339049575365138
31047,0,calendar_2014_test,44.104622019712465,49.0,0.5,0.0,0.0,4.895377980287535
31048,0,calendar_2014_test,52.696209749003195,48.0,0.5,0.0,0.0,4.696209749003195
31049,0,calendar_2014_test,43.5821810934816,49.0,0.5,0.0,0.0,5.417818906518399
31050,0,calendar_2014_test,41.40373050047386,16.0,0.5,0.0,0.0,25.403730500473863
31051,0,calendar_2014_test,16.370075427744453,12.0,0.5,0.0,0.0,4.370075427744453
31052,0,calendar_2014_test,16.6768389725852,12.0,0.5,0.0,0.0,4.676838972585202
31053,0,calendar_2014_test,14.717094586801267,11.0,0.5,0.0,0.0,3.7170945868012666
31054,0,calendar_2014_test,12.858463714813965,8.0,0.5,0.0,0.0,4.858463714813965
31055,0,calendar_2014_test,9.327680396849047,11.0,0.5,0.0,0.0,1.672319603150953
31056,0,calendar_2014_test,12.950815824401644,9.0,0.5,0.0,0.0,3.9508158244016442
31057,0,calendar_2014_test,13.77148323101386,9.0,0.5,0.0,0.0,4.77148323101386
31058,0,calendar_2014_test,11.05262782895882,12.0,0.5,0.0,0.0,0.9473721710411809
31059,0,calendar_2014_test,15.375710150561147,16.0,0.5,0.0,0.0,0.6242898494388527
31060,0,calendar_2014_test,14.373397599842932,14.0,0.5,0.0,0.0,0.3733975998429315
31061,0,calendar_2014_test,14.342913115787809,23.0,0.5,0.0,0.0,8.657086884212191
31062,0,calendar_2014_test,21.543724362898885,16.0,0.5,0.0,0.0,5.543724362898885
31063,0,calendar_2014_test,17.861126055513452,10.0,0.5,0.0,0.0,7.861126055513452
31064,0,calendar_2014_test,13.17032823804901,13.0,0.5,0.0,0.0,0.17032823804900943
31065,0,calendar_2014_test,16.71995322901992,15.0,0.5,0.0,0.0,1.7199532290199215
31066,0,calendar_2014_test,16.07828978988033,12.0,0.5,0.0,0.0,4.07828978988033
31067,0,calendar_2014_test,13.955664995325336,11.0,0.5,0.0,0.0,2.9556649953253356
31068,0,calendar_2014_test,13.714955483298127,12.0,0.5,0.0,0.0,1.7149554832981266
31069,0,calendar_2014_test,14.361288012463206,12.0,0.5,0.0,0.0,2.3612880124632056
31070,0,calendar_2014_test,14.342873734414894,17.0,0.5,0.0,0.0,2.657126265585106
31071,0,calendar_2014_test,24.307949198441648,27.0,0.5,0.0,0.0,2.692050801558352
31072,0,calendar_2014_test,32.2567051136993,29.0,0.5,0.0,0.0,3.2567051136992973
31073,0,calendar_2014_test,30.751348504148737,41.0,0.5,0.0,0.0,10.248651495851263
31074,0,calendar_2014_test,43.68086187942433,41.0,0.5,0.0,0.0,2.6808618794243273
31075,0,calendar_2014_test,44.02155967334223,53.0,0.5,0.0,0.0,8.978440326657768
31076,0,calendar_2014_test,55.48872291516522,67.0,0.5,0.0,0.0,11.51127708483478
31077,0,calendar_2014_test,72.4320359452229,70.0,0.5,0.0,0.0,2.432035945222907
31078,0,calendar_2014_test,73.39002718009145,84.0,0.5,0.0,0.0,10.609972819908549
31079,0,calendar_2014_test,89.12236673816045,91.0,0.5,0.0,0.0,1.8776332618395486
31080,0,calendar_2014_test,91.09314403291135,99.0,0.5,0.0,0.0,7.906855967088646
31081,0,calendar_2014_test,97.75252500580144,97.0,0.5,0.0,0.0,0.752525005801445
31082,0,calendar_2014_test,95.62022031376726,100.0,0.5,0.0,0.0,4.379779686232737
31083,0,calendar_2014_test,97.43269341069377,97.0,0.5,0.0,0.0,0.43269341069377276
31084,0,calendar_2014_test,92.06518582484368,86.0,0.5,0.0,0.0,6.065185824843681
31085,0,calendar_2014_test,76.42261425998893,92.0,0.5,0.0,0.0,15.577385740011067
31086,0,calendar_2014_test,83.91250273632515,64.0,0.5,0.0,0.0,19.912502736325152
31087,0,calendar_2014_test,53.14969468141134,40.0,0.5,0.0,0.0,13.14969468141134
31088,0,calendar_2014_test,32.223535485692125,26.0,0.5,0.0,0.0,6.223535485692125
31089,0,calendar_2014_test,25.98961087637582,21.0,0.5,0.0,0.0,4.989610876375821
31090,0,calendar_2014_test,21.718360913814976,14.0,0.5,0.0,0.0,7.718360913814976
31091,0,calendar_2014_test,20.97420483266596,17.0,0.5,0.0,0.0,3.9742048326659614
31092,0,calendar_2014_test,23.108763521650246,20.0,0.5,0.0,0.0,3.1087635216502463
31093,0,calendar_2014_test,22.504902924157335,31.0,0.5,0.0,0.0,8.495097075842665
31094,0,calendar_2014_test,36.00919288661167,40.0,0.5,0.0,0.0,3.9908071133883283
31095,0,calendar_2014_test,45.1446466466487,38.0,0.5,0.0,0.0,7.144646646648702
31096,0,calendar_2014_test,43.53597494534384,41.0,0.5,0.0,0.0,2.5359749453438383
31097,0,calendar_2014_test,48.40894560038793,51.0,0.5,0.0,0.0,2.5910543996120694
31098,0,calendar_2014_test,59.7322839579668,69.0,0.5,0.0,0.0,9.2677160420332
31099,0,calendar_2014_test,76.18015669769694,77.0,0.5,0.0,0.0,0.819843302303056
31100,0,calendar_2014_test,83.36168789703177,111.0,0.5,0.0,0.0,27.63831210296823
31101,0,calendar_2014_test,117.96979815369238,144.0,0.5,0.0,0.0,26.03020184630762
31102,0,calendar_2014_test,145.90132838660298,133.0,0.5,0.0,0.0,12.901328386602984
31103,0,calendar_2014_test,125.37690535190157,110.0,0.5,0.0,0.0,15.37690535190157
31104,0,calendar_2014_test,103.61294921921878,143.0,0.5,0.0,0.0,39.38705078078122
31105,0,calendar_2014_test,148.73375393150243,136.0,0.5,0.0,0.0,12.733753931502434
31106,0,calendar_2014_test,131.28244850954,141.0,0.5,0.0,0.0,9.71755149046001
31107,0,calendar_2014_test,142.4301926864408,160.0,0.5,0.0,0.0,17.56980731355921
31108,0,calendar_2014_test,165.332073499701,159.0,0.5,0.0,0.0,6.332073499701011
31109,0,calendar_2014_test,160.56726494307054,167.0,0.5,0.0,0.0,6.4327350569294595
31110,0,calendar_2014_test,171.55182137142256,188.0,0.5,0.0,0.0,16.448178628577438
31111,0,calendar_2014_test,191.493634549764,196.0,0.5,0.0,0.0,4.50636545023599
31112,0,calendar_2014_test,187.35626661909384,205.0,0.5,0.0,0.0,17.643733380906156
31113,0,calendar_2014_test,199.28193182553892,201.0,0.5,0.0,0.0,1.7180681744610808
31114,0,calendar_2014_test,188.21604218467883,201.0,0.5,0.0,0.0,12.783957815321173
31115,0,calendar_2014_test,191.02103572232176,202.0,0.5,0.0,0.0,10.978964277678244
31116,0,calendar_2014_test,189.13938186038334,201.0,0.5,0.0,0.0,11.860618139616662
31117,0,calendar_2014_test,188.8888140309573,187.0,0.5,0.0,0.0,1.8888140309572918
31118,0,calendar_2014_test,167.31165568380158,187.0,0.5,0.0,0.0,19.688344316198425
31119,0,calendar_2014_test,189.81002823672605,199.0,0.5,0.0,0.0,9.189971763273945
31120,0,calendar_2014_test,207.28484766804368,206.0,0.5,0.0,0.0,1.2848476680436818
31121,0,calendar_2014_test,217.50706818877148,213.0,0.5,0.0,0.0,4.507068188771484
31122,0,calendar_2014_test,226.67552137054815,187.0,0.5,0.0,0.0,39.675521370548154
31123,0,calendar_2014_test,184.92014963882303,218.0,0.5,0.0,0.0,33.079850361176966
31124,0,calendar_2014_test,222.3562506797742,134.0,0.5,0.0,0.0,88.3562506797742
31125,0,calendar_2014_test,105.13421490660899,131.0,0.5,0.0,0.0,25.86578509339101
31126,0,calendar_2014_test,130.6459167823112,154.0,0.5,0.0,0.0,23.35408321768881
31127,0,calendar_2014_test,164.4373813536204,112.0,0.5,0.0,0.0,52.437381353620395
31128,0,calendar_2014_test,97.27622941931689,55.0,0.5,0.0,0.0,42.27622941931689
31129,0,calendar_2014_test,61.758620697205096,172.0,0.5,0.0,0.0,110.24137930279491
31130,0,calendar_2014_test,191.13476085934417,143.0,0.5,0.0,0.0,48.13476085934417
31131,0,calendar_2014_test,139.81623125445543,122.0,0.5,0.0,0.0,17.81623125445543
31132,0,calendar_2014_test,122.97342115052335,114.0,0.5,0.0,0.0,8.97342115052335
31133,0,calendar_2014_test,102.40262067657244,100.0,0.5,0.0,0.0,2.4026206765724396
31134,0,calendar_2014_test,99.28534752409637,119.0,0.5,0.0,0.0,19.714652475903634
31135,0,calendar_2014_test,124.1982071575937,130.0,0.5,0.0,0.0,5.8017928424063
31136,0,calendar_2014_test,133.14222854829052,145.0,0.5,0.0,0.0,11.857771451709482
31137,0,calendar_2014_test,136.94290411786048,149.0,0.5,0.0,0.0,12.05709588213952
31138,0,calendar_2014_test,140.18960678212943,163.0,0.5,0.0,0.0,22.81039321787057
31139,0,calendar_2014_test,154.39184535013953,147.0,0.5,0.0,0.0,7.391845350139533
31140,0,calendar_2014_test,133.5423246741817,133.0,0.5,0.0,0.0,0.5423246741817138
31141,0,calendar_2014_test,118.80909803832505,126.0,0.5,0.0,0.0,7.190901961674953
31142,0,calendar_2014_test,123.3252670950585,124.0,0.5,0.0,0.0,0.674732904941493
31143,0,calendar_2014_test,116.26244479686942,122.0,0.5,0.0,0.0,5.737555203130583
31144,0,calendar_2014_test,115.43956555542317,91.0,0.5,0.0,0.0,24.439565555423172
31145,0,calendar_2014_test,89.13578788935699,98.0,0.5,0.0,0.0,8.86421211064301
31146,0,calendar_2014_test,101.93013114651507,91.0,0.5,0.0,0.0,10.930131146515066
31147,0,calendar_2014_test,91.33245493083425,78.0,0.5,0.0,0.0,13.332454930834245
31148,0,calendar_2014_test,77.88106232666934,55.0,0.5,0.0,0.0,22.881062326669337
31149,0,calendar_2014_test,53.86103276928262,40.0,0.5,0.0,0.0,13.861032769282623
31150,0,calendar_2014_test,44.016667325191655,36.0,0.5,0.0,0.0,8.016667325191655
31151,0,calendar_2014_test,41.53624896287764,48.0,0.5,0.0,0.0,6.463751037122357
31152,0,calendar_2014_test,53.29466816912682,54.0,0.5,0.0,0.0,0.7053318308731775
31153,0,calendar_2014_test,53.83778568256521,63.0,0.5,0.0,0.0,9.162214317434788
31154,0,calendar_2014_test,71.10889976892173,78.0,0.5,0.0,0.0,6.891100231078269
31155,0,calendar_2014_test,88.83889994058808,74.0,0.5,0.0,0.0,14.838899940588078
31156,0,calendar_2014_test,79.13189397908258,76.0,0.5,0.0,0.0,3.1318939790825766
31157,0,calendar_2014_test,81.94491073870715,81.0,0.5,0.0,0.0,0.9449107387071507
31158,0,calendar_2014_test,90.45325666613645,86.0,0.5,0.0,0.0,4.453256666136454
31159,0,calendar_2014_test,92.56626585604168,89.0,0.5,0.0,0.0,3.5662658560416816
31160,0,calendar_2014_test,93.28682191024122,96.0,0.5,0.0,0.0,2.7131780897587845
31161,0,calendar_2014_test,97.89010989859482,99.0,0.5,0.0,0.0,1.1098901014051847
31162,0,calendar_2014_test,99.022778082027,102.0,0.5,0.0,0.0,2.9772219179729973
31163,0,calendar_2014_test,101.43692604371714,111.0,0.5,0.0,0.0,9.563073956282864
31164,0,calendar_2014_test,114.24193325697668,121.0,0.5,0.0,0.0,6.7580667430233206
31165,0,calendar_2014_test,122.43822201970151,122.0,0.5,0.0,0.0,0.438222019701513
31166,0,calendar_2014_test,123.44372125212622,135.0,0.5,0.0,0.0,11.556278747873776
31167,0,calendar_2014_test,143.7818412165027,145.0,0.5,0.0,0.0,1.2181587834973016
31168,0,calendar_2014_test,154.32000239004998,159.0,0.5,0.0,0.0,4.679997609950021
31169,0,calendar_2014_test,170.78390829305715,183.0,0.5,0.0,0.0,12.216091706942848
31170,0,calendar_2014_test,186.76665137231961,187.0,0.5,0.0,0.0,0.23334862768038533
31171,0,calendar_2014_test,186.81990683299253,195.0,0.5,0.0,0.0,8.18009316700747
31172,0,calendar_2014_test,194.9829828903977,224.0,0.5,0.0,0.0,29.017017109602307
31173,0,calendar_2014_test,232.15362198209823,259.0,0.5,0.0,0.0,26.84637801790177
31174,0,calendar_2014_test,255.20792268379495,260.0,0.5,0.0,0.0,4.792077316205052
31175,0,calendar_2014_test,258.33521101138365,257.0,0.5,0.0,0.0,1.3352110113836488
31176,0,calendar_2014_test,248.92427699511515,267.0,0.5,0.0,0.0,18.07572300488485
31177,0,calendar_2014_test,257.910053267678,260.0,0.5,0.0,0.0,2.089946732322005
31178,0,calendar_2014_test,256.60610563530645,259.0,0.5,0.0,0.0,2.3938943646935513
31179,0,calendar_2014_test,243.79947193011122,270.0,0.5,0.0,0.0,26.200528069888776
31180,0,calendar_2014_test,255.50420044219626,234.0,0.5,0.0,0.0,21.504200442196264
31181,0,calendar_2014_test,201.97586777512214,245.0,0.5,0.0,0.0,43.02413222487786
31182,0,calendar_2014_test,220.81689209257206,269.0,0.5,0.0,0.0,48.18310790742794
31183,0,calendar_2014_test,232.83232828477134,303.0,0.5,0.0,0.0,70.16767171522866
31184,0,calendar_2014_test,266.58758584742804,272.0,0.5,0.0,0.0,5.412414152571955
31185,0,calendar_2014_test,240.15921795835888,234.0,0.5,0.0,0.0,6.15921795835888
31186,0,calendar_2014_test,219.81940219743922,214.0,0.5,0.0,0.0,5.819402197439217
31187,0,calendar_2014_test,209.88884184377875,225.0,0.5,0.0,0.0,15.11115815622125
31188,0,calendar_2014_test,216.91609120726054,220.0,0.5,0.0,0.0,3.0839087927394644
31189,0,calendar_2014_test,218.38373199648706,209.0,0.5,0.0,0.0,9.383731996487057
31190,0,calendar_2014_test,198.35896162825213,202.0,0.5,0.0,0.0,3.641038371747868
31191,0,calendar_2014_test,153.60094379885203,168.0,0.5,0.0,0.0,14.399056201147971
31192,0,calendar_2014_test,132.05168843030472,13.0,0.5,0.0,0.0,119.05168843030472
31193,0,calendar_2014_test,18.27330602051552,18.0,0.5,0.0,0.0,0.2733060205155198
31194,0,calendar_2014_test,20.611579269505498,18.0,0.5,0.0,0.0,2.611579269505498
31195,0,calendar_2014_test,17.230277215342426,13.0,0.5,0.0,0.0,4.230277215342426
31196,0,calendar_2014_test,14.606473519390534,10.0,0.5,0.0,0.0,4.6064735193905335
31197,0,calendar_2014_test,14.465014237402471,11.0,0.5,0.0,0.0,3.465014237402471
31198,0,calendar_2014_test,10.626356930636632,14.0,0.5,0.0,0.0,3.373643069363368
31199,0,calendar_2014_test,14.613000156980888,13.0,0.5,0.0,0.0,1.6130001569808883
31200,0,calendar_2014_test,10.41157981233944,10.0,0.5,0.0,0.0,0.41157981233943985
31201,0,calendar_2014_test,10.358732783432089,10.0,0.5,0.0,0.0,0.3587327834320888
31202,0,calendar_2014_test,5.912149786904251,10.0,0.5,0.0,0.0,4.087850213095749
31203,0,calendar_2014_test,8.504198936919877,11.0,0.5,0.0,0.0,2.4958010630801226
31204,0,calendar_2014_test,10.056730722783158,11.0,0.5,0.0,0.0,0.9432692772168423
31205,0,calendar_2014_test,10.01403900691649,11.0,0.5,0.0,0.0,0.9859609930835092
31206,0,calendar_2014_test,10.970687947574575,12.0,0.5,0.0,0.0,1.029312052425425
31207,0,calendar_2014_test,10.97487231105164,13.0,0.5,0.0,0.0,2.025127688948359
31208,0,calendar_2014_test,13.855901236876974,11.0,0.5,0.0,0.0,2.8559012368769743
31209,0,calendar_2014_test,12.083554765767062,10.0,0.5,0.0,0.0,2.0835547657670617
31210,0,calendar_2014_test,15.513012142110938,9.0,0.5,0.0,0.0,6.513012142110938
31211,0,calendar_2014_test,13.692204053629183,13.0,0.5,0.0,0.0,0.6922040536291831
31212,0,calendar_2014_test,15.89665389039763,13.0,0.5,0.0,0.0,2.89665389039763
31213,0,calendar_2014_test,17.258456724948786,13.0,0.5,0.0,0.0,4.258456724948786
31214,0,calendar_2014_test,20.519259904979023,15.0,0.5,0.0,0.0,5.519259904979023
31215,0,calendar_2014_test,22.458022767870588,20.0,0.5,0.0,0.0,2.458022767870588
31216,0,calendar_2014_test,25.67964169270759,41.0,0.5,0.0,0.0,15.320358307292409
31217,0,calendar_2014_test,48.02019876358733,35.0,0.5,0.0,0.0,13.02019876358733
31218,0,calendar_2014_test,33.99392549936725,52.0,0.5,0.0,0.0,18.00607450063275
31219,0,calendar_2014_test,46.4148049124888,66.0,0.5,0.0,0.0,19.585195087511202
31220,0,calendar_2014_test,65.5761542923789,36.0,0.5,0.0,0.0,29.576154292378902
31221,0,calendar_2014_test,31.309320070131207,18.0,0.5,0.0,0.0,13.309320070131207
31222,0,calendar_2014_test,19.434017548119314,20.0,0.5,0.0,0.0,0.5659824518806857
31223,0,calendar_2014_test,19.835107357817677,20.0,0.5,0.0,0.0,0.16489264218232336
31224,0,calendar_2014_test,23.398442982110595,14.0,0.5,0.0,0.0,9.398442982110595
31225,0,calendar_2014_test,21.87942690432763,15.0,0.5,0.0,0.0,6.87942690432763
31226,0,calendar_2014_test,12.36036080058821,18.0,0.5,0.0,0.0,5.639639199411789
31227,0,calendar_2014_test,23.293559244137057,21.0,0.5,0.0,0.0,2.2935592441370574
31228,0,calendar_2014_test,20.237033786331267,32.0,0.5,0.0,0.0,11.762966213668733
31229,0,calendar_2014_test,30.35201048047888,21.0,0.5,0.0,0.0,9.352010480478882
31230,0,calendar_2014_test,25.407082500384078,19.0,0.5,0.0,0.0,6.407082500384078
31231,0,calendar_2014_test,19.639028154907507,12.0,0.5,0.0,0.0,7.639028154907507
31232,0,calendar_2014_test,19.700298183824785,15.0,0.5,0.0,0.0,4.700298183824785
31233,0,calendar_2014_test,18.6706107703381,16.0,0.5,0.0,0.0,2.670610770338101
31234,0,calendar_2014_test,20.727809582441097,14.0,0.5,0.0,0.0,6.727809582441097
31235,0,calendar_2014_test,19.666319569992595,18.0,0.5,0.0,0.0,1.666319569992595
31236,0,calendar_2014_test,22.495577594107147,20.0,0.5,0.0,0.0,2.4955775941071465
31237,0,calendar_2014_test,24.590849133527925,19.0,0.5,0.0,0.0,5.590849133527925
31238,0,calendar_2014_test,25.915880422824927,28.0,0.5,0.0,0.0,2.0841195771750733
31239,0,calendar_2014_test,35.349675994918876,32.0,0.5,0.0,0.0,3.3496759949188757
31240,0,calendar_2014_test,37.87015656791484,40.0,0.5,0.0,0.0,2.12984343208516
31241,0,calendar_2014_test,46.445418891323854,39.0,0.5,0.0,0.0,7.445418891323854
31242,0,calendar_2014_test,37.18653247208629,22.0,0.5,0.0,0.0,15.186532472086292
31243,0,calendar_2014_test,17.25308422694401,37.0,0.5,0.0,0.0,19.74691577305599
31244,0,calendar_2014_test,37.057321901661986,24.0,0.5,0.0,0.0,13.057321901661986
31245,0,calendar_2014_test,22.372270205821096,19.0,0.5,0.0,0.0,3.3722702058210956
31246,0,calendar_2014_test,20.28994095098524,11.0,0.5,0.0,0.0,9.28994095098524
31247,0,calendar_2014_test,17.228681496014147,13.0,0.5,0.0,0.0,4.228681496014147
31248,0,calendar_2014_test,15.71893612512001,11.0,0.5,0.0,0.0,4.71893612512001
31249,0,calendar_2014_test,13.078355610012395,10.0,0.5,0.0,0.0,3.0783556100123945
31250,0,calendar_2014_test,11.332335084086637,7.0,0.5,0.0,0.0,4.332335084086637
31251,0,calendar_2014_test,10.686226280434013,12.0,0.5,0.0,0.0,1.3137737195659867
31252,0,calendar_2014_test,15.664272035916127,15.0,0.5,0.0,0.0,0.6642720359161274
31253,0,calendar_2014_test,14.75832621721824,12.0,0.5,0.0,0.0,2.75832621721824
31254,0,calendar_2014_test,15.04255457594138,16.0,0.5,0.0,0.0,0.9574454240586192
31255,0,calendar_2014_test,14.81273148468729,7.0,0.5,0.0,0.0,7.812731484687291
31256,0,calendar_2014_test,13.81725350857937,12.0,0.5,0.0,0.0,1.8172535085793697
31257,0,calendar_2014_test,16.54612477422843,19.0,0.5,0.0,0.0,2.4538752257715686
31258,0,calendar_2014_test,23.139373656762388,22.0,0.5,0.0,0.0,1.1393736567623876
31259,0,calendar_2014_test,25.19403696824338,22.0,0.5,0.0,0.0,3.194036968243381
31260,0,calendar_2014_test,26.742116022138603,16.0,0.5,0.0,0.0,10.742116022138603
31261,0,calendar_2014_test,22.934560941070828,20.0,0.5,0.0,0.0,2.9345609410708278
31262,0,calendar_2014_test,26.37816403940046,30.0,0.5,0.0,0.0,3.6218359605995403
31263,0,calendar_2014_test,36.1933998930068,32.0,0.5,0.0,0.0,4.193399893006799
31264,0,calendar_2014_test,37.81569891544373,38.0,0.5,0.0,0.0,0.18430108455626737
31265,0,calendar_2014_test,40.782365883387996,52.0,0.5,0.0,0.0,11.217634116612004
31266,0,calendar_2014_test,54.39448087453057,63.0,0.5,0.0,0.0,8.605519125469428
31267,0,calendar_2014_test,66.7197297172073,66.0,0.5,0.0,0.0,0.7197297172073007
31268,0,calendar_2014_test,70.34113124255487,72.0,0.5,0.0,0.0,1.6588687574451342
31269,0,calendar_2014_test,74.02884373256863,63.0,0.5,0.0,0.0,11.028843732568632
31270,0,calendar_2014_test,67.3339972380448,69.0,0.5,0.0,0.0,1.6660027619551983
31271,0,calendar_2014_test,72.13123602869503,78.0,0.5,0.0,0.0,5.868763971304972
31272,0,calendar_2014_test,80.01174164358052,85.0,0.5,0.0,0.0,4.988258356419479
31273,0,calendar_2014_test,91.42555817066727,82.0,0.5,0.0,0.0,9.425558170667273
31274,0,calendar_2014_test,80.80460187033353,87.0,0.5,0.0,0.0,6.195398129666472
31275,0,calendar_2014_test,92.77317253956471,93.0,0.5,0.0,0.0,0.22682746043528823
31276,0,calendar_2014_test,88.90494541793288,116.0,0.5,0.0,0.0,27.09505458206712
31277,0,calendar_2014_test,111.59468098816008,99.0,0.5,0.0,0.0,12.594680988160079
31278,0,calendar_2014_test,94.28582253742466,88.0,0.5,0.0,0.0,6.285822537424664
31279,0,calendar_2014_test,80.57318910929558,91.0,0.5,0.0,0.0,10.426810890704417
31280,0,calendar_2014_test,92.53400810049477,109.0,0.5,0.0,0.0,16.465991899505227
31281,0,calendar_2014_test,112.92822031720988,110.0,0.5,0.0,0.0,2.9282203172098775
31282,0,calendar_2014_test,103.75655188663184,109.0,0.5,0.0,0.0,5.24344811336816
31283,0,calendar_2014_test,106.35599566417203,123.0,0.5,0.0,0.0,16.644004335827972
31284,0,calendar_2014_test,123.27517284451139,136.0,0.5,0.0,0.0,12.724827155488612
31285,0,calendar_2014_test,135.36480139465695,119.0,0.5,0.0,0.0,16.36480139465695
31286,0,calendar_2014_test,110.34929308232842,116.0,0.5,0.0,0.0,5.6507069176715845
31287,0,calendar_2014_test,114.77506775376551,101.0,0.5,0.0,0.0,13.775067753765512
31288,0,calendar_2014_test,96.16532569271077,131.0,0.5,0.0,0.0,34.834674307289234
31289,0,calendar_2014_test,134.57583941715694,168.0,0.5,0.0,0.0,33.42416058284306
31290,0,calendar_2014_test,170.16433868700778,189.0,0.5,0.0,0.0,18.835661312992215
31291,0,calendar_2014_test,188.4022471811544,183.0,0.5,0.0,0.0,5.402247181154394
31292,0,calendar_2014_test,152.52651768239463,205.0,0.5,0.0,0.0,52.473482317605374
31293,0,calendar_2014_test,192.8068748850078,188.0,0.5,0.0,0.0,4.806874885007801
31294,0,calendar_2014_test,171.11992694337152,148.0,0.5,0.0,0.0,23.119926943371524
31295,0,calendar_2014_test,128.2429015992435,137.0,0.5,0.0,0.0,8.75709840075649
31296,0,calendar_2014_test,132.3186947291204,140.0,0.5,0.0,0.0,7.681305270879591
31297,0,calendar_2014_test,141.6666429417418,141.0,0.5,0.0,0.0,0.6666429417417987
31298,0,calendar_2014_test,129.93147122062769,121.0,0.5,0.0,0.0,8.931471220627685
31299,0,calendar_2014_test,112.46897178311595,109.0,0.5,0.0,0.0,3.468971783115947
31300,0,calendar_2014_test,105.76819756632602,83.0,0.5,0.0,0.0,22.768197566326023
31301,0,calendar_2014_test,72.7468938387388,78.0,0.5,0.0,0.0,5.253106161261201
31302,0,calendar_2014_test,80.0478788361666,77.0,0.5,0.0,0.0,3.0478788361666034
31303,0,calendar_2014_test,79.67975787957067,79.0,0.5,0.0,0.0,0.6797578795706727
31304,0,calendar_2014_test,80.42100529195653,73.0,0.5,0.0,0.0,7.421005291956533
31305,0,calendar_2014_test,76.48810681909126,75.0,0.5,0.0,0.0,1.4881068190912572
31306,0,calendar_2014_test,77.3479445482363,91.0,0.5,0.0,0.0,13.652055451763701
31307,0,calendar_2014_test,98.56915263297022,104.0,0.5,0.0,0.0,5.430847367029784
31308,0,calendar_2014_test,108.7110095342488,116.0,0.5,0.0,0.0,7.288990465751198
31309,0,calendar_2014_test,120.28204425194048,121.0,0.5,0.0,0.0,0.7179557480595236
31310,0,calendar_2014_test,122.80031984755665,137.0,0.5,0.0,0.0,14.19968015244335
31311,0,calendar_2014_test,142.69854353850604,151.0,0.5,0.0,0.0,8.301456461493956
31312,0,calendar_2014_test,153.90608201241423,159.0,0.5,0.0,0.0,5.093917987585769
31313,0,calendar_2014_test,159.52210634864494,157.0,0.5,0.0,0.0,2.5221063486449395
31314,0,calendar_2014_test,152.46063967519785,151.0,0.5,0.0,0.0,1.4606396751978536
31315,0,calendar_2014_test,150.5969226484618,150.0,0.5,0.0,0.0,0.5969226484617991
31316,0,calendar_2014_test,153.89890489907756,149.0,0.5,0.0,0.0,4.898904899077564
31317,0,calendar_2014_test,148.3850964354477,141.0,0.5,0.0,0.0,7.385096435447707
31318,0,calendar_2014_test,139.80375424037624,144.0,0.5,0.0,0.0,4.196245759623764
31319,0,calendar_2014_test,147.51195688606148,148.0,0.5,0.0,0.0,0.4880431139385166
31320,0,calendar_2014_test,149.12043122432752,144.0,0.5,0.0,0.0,5.120431224327518
31321,0,calendar_2014_test,145.35030415071898,150.0,0.5,0.0,0.0,4.6496958492810165
31322,0,calendar_2014_test,152.59520402554253,152.0,0.5,0.0,0.0,0.5952040255425288
31323,0,calendar_2014_test,150.91193668267096,155.0,0.5,0.0,0.0,4.088063317329045
31324,0,calendar_2014_test,149.97763852435457,165.0,0.5,0.0,0.0,15.022361475645425
31325,0,calendar_2014_test,155.508288219784,181.0,0.5,0.0,0.0,25.491711780216008
31326,0,calendar_2014_test,168.29368420515334,191.0,0.5,0.0,0.0,22.70631579484666
31327,0,calendar_2014_test,162.22225773208794,124.0,0.5,0.0,0.0,38.22225773208794
31328,0,calendar_2014_test,77.54482180105572,36.0,0.5,0.0,0.0,41.54482180105572
31329,0,calendar_2014_test,27.101939448970953,40.0,0.5,0.0,0.0,12.898060551029047
31330,0,calendar_2014_test,37.156179543313,49.0,0.5,0.0,0.0,11.843820456686998
31331,0,calendar_2014_test,43.894970538807094,30.0,0.5,0.0,0.0,13.894970538807094
31332,0,calendar_2014_test,25.913600811173353,27.0,0.5,0.0,0.0,1.0863991888266469
31333,0,calendar_2014_test,27.39620858575657,27.0,0.5,0.0,0.0,0.39620858575656825
31334,0,calendar_2014_test,28.294065083395495,22.0,0.5,0.0,0.0,6.294065083395495
31335,0,calendar_2014_test,21.448382445285887,24.0,0.5,0.0,0.0,2.551617554714113
31336,0,calendar_2014_test,25.67452115453665,21.0,0.5,0.0,0.0,4.674521154536649
31337,0,calendar_2014_test,22.19861126639192,26.0,0.5,0.0,0.0,3.8013887336080785
31338,0,calendar_2014_test,24.179154958643778,17.0,0.5,0.0,0.0,7.179154958643778
31339,0,calendar_2014_test,17.38044560393189,23.0,0.5,0.0,0.0,5.619554396068111
31340,0,calendar_2014_test,21.881567696444222,23.0,0.5,0.0,0.0,1.1184323035557782
31341,0,calendar_2014_test,20.243649856546654,21.0,0.5,0.0,0.0,0.7563501434533464
31342,0,calendar_2014_test,16.59258756385094,21.0,0.5,0.0,0.0,4.407412436149059
31343,0,calendar_2014_test,19.154890678219573,17.0,0.5,0.0,0.0,2.154890678219573
31344,0,calendar_2014_test,16.10525663864405,15.0,0.5,0.0,0.0,1.1052566386440503
31345,0,calendar_2014_test,18.635641163786545,13.0,0.5,0.0,0.0,5.635641163786545
31346,0,calendar_2014_test,14.220635003842332,17.0,0.5,0.0,0.0,2.7793649961576676
31347,0,calendar_2014_test,17.820114230193226,14.0,0.5,0.0,0.0,3.8201142301932265
31348,0,calendar_2014_test,11.61796825278077,20.0,0.5,0.0,0.0,8.38203174721923
31349,0,calendar_2014_test,16.913305331314163,18.0,0.5,0.0,0.0,1.086694668685837
31350,0,calendar_2014_test,21.135252908731402,16.0,0.5,0.0,0.0,5.1352529087314025
31351,0,calendar_2014_test,22.209944945973064,27.0,0.5,0.0,0.0,4.790055054026936
31352,0,calendar_2014_test,31.448554510527785,52.0,0.5,0.0,0.0,20.551445489472215
31353,0,calendar_2014_test,50.27702747690905,67.0,0.5,0.0,0.0,16.722972523090952
31354,0,calendar_2014_test,69.73946710960327,76.0,0.5,0.0,0.0,6.260532890396732
31355,0,calendar_2014_test,72.24714202451197,79.0,0.5,0.0,0.0,6.752857975488027
31356,0,calendar_2014_test,81.53254466705808,76.0,0.5,0.0,0.0,5.532544667058076
31357,0,calendar_2014_test,74.1847656885816,66.0,0.5,0.0,0.0,8.184765688581606
31358,0,calendar_2014_test,68.86105951253879,60.0,0.5,0.0,0.0,8.861059512538787
31359,0,calendar_2014_test,61.731174318062415,66.0,0.5,0.0,0.0,4.268825681937585
31360,0,calendar_2014_test,70.1194607210582,61.0,0.5,0.0,0.0,9.119460721058203
31361,0,calendar_2014_test,63.031380934848826,57.0,0.5,0.0,0.0,6.031380934848826
31362,0,calendar_2014_test,54.45358328909832,47.0,0.5,0.0,0.0,7.453583289098319
31363,0,calendar_2014_test,46.23638228568131,30.0,0.5,0.0,0.0,16.23638228568131
31364,0,calendar_2014_test,34.392877987194964,34.0,0.5,0.0,0.0,0.39287798719496436
31365,0,calendar_2014_test,38.62104964698987,29.0,0.5,0.0,0.0,9.621049646989867
31366,0,calendar_2014_test,34.056272536016394,47.0,0.5,0.0,0.0,12.943727463983606
31367,0,calendar_2014_test,51.37985110064255,72.0,0.5,0.0,0.0,20.620148899357453
31368,0,calendar_2014_test,75.78961634585806,73.0,0.5,0.0,0.0,2.7896163458580645
31369,0,calendar_2014_test,74.31037924293315,70.0,0.5,0.0,0.0,4.310379242933152
31370,0,calendar_2014_test,76.4362704470568,78.0,0.5,0.0,0.0,1.563729552943201
31371,0,calendar_2014_test,85.40594329857635,90.0,0.5,0.0,0.0,4.5940567014236535
31372,0,calendar_2014_test,95.45033960521896,92.0,0.5,0.0,0.0,3.450339605218957
31373,0,calendar_2014_test,92.45702306894832,94.0,0.5,0.0,0.0,1.5429769310516832
31374,0,calendar_2014_test,93.63532094401353,96.0,0.5,0.0,0.0,2.364679055986471
31375,0,calendar_2014_test,90.02335990009325,77.0,0.5,0.0,0.0,13.023359900093254
31376,0,calendar_2014_test,67.36855055726352,79.0,0.5,0.0,0.0,11.631449442736482
31377,0,calendar_2014_test,77.2555013073534,79.0,0.5,0.0,0.0,1.7444986926466015
31378,0,calendar_2014_test,76.73399506433775,74.0,0.5,0.0,0.0,2.7339950643377477
31379,0,calendar_2014_test,70.86291309940799,76.0,0.5,0.0,0.0,5.13708690059201
31380,0,calendar_2014_test,74.41842910040664,66.0,0.5,0.0,0.0,8.418429100406641
31381,0,calendar_2014_test,74.19598159556833,44.0,0.5,0.0,0.0,30.195981595568327
31382,0,calendar_2014_test,45.966189788789876,48.0,0.5,0.0,0.0,2.033810211210124
31383,0,calendar_2014_test,50.37611189383584,52.0,0.5,0.0,0.0,1.6238881061641592
31384,0,calendar_2014_test,51.531575974918965,20.0,0.5,0.0,0.0,31.531575974918965
31385,0,calendar_2014_test,14.941510248035357,15.0,0.5,0.0,0.0,0.05848975196464323
31386,0,calendar_2014_test,16.322804122035606,13.0,0.5,0.0,0.0,3.322804122035606
31387,0,calendar_2014_test,15.84306816700908,14.0,0.5,0.0,0.0,1.8430681670090792
31388,0,calendar_2014_test,14.736745878790913,10.0,0.5,0.0,0.0,4.736745878790913
31389,0,calendar_2014_test,11.727959791333703,7.0,0.5,0.0,0.0,4.727959791333703
31390,0,calendar_2014_test,7.921815656266787,5.0,0.5,0.0,0.0,2.921815656266787
31391,0,calendar_2014_test,7.976136777157237,6.0,0.5,0.0,0.0,1.9761367771572367
31392,0,calendar_2014_test,7.683327639732539,7.0,0.5,0.0,0.0,0.6833276397325392
31393,0,calendar_2014_test,7.7027992137369665,10.0,0.5,0.0,0.0,2.2972007862630335
31394,0,calendar_2014_test,10.54278490179496,9.0,0.5,0.0,0.0,1.5427849017949598
31395,0,calendar_2014_test,10.69608751102632,11.0,0.5,0.0,0.0,0.30391248897367973
31396,0,calendar_2014_test,10.38814406969216,9.0,0.5,0.0,0.0,1.38814406969216
31397,0,calendar_2014_test,9.72237518075869,11.0,0.5,0.0,0.0,1.2776248192413107
31398,0,calendar_2014_test,11.574175179601454,13.0,0.5,0.0,0.0,1.425824820398546
31399,0,calendar_2014_test,11.974034009121866,11.0,0.5,0.0,0.0,0.9740340091218656
31400,0,calendar_2014_test,11.382482934438272,17.0,0.5,0.0,0.0,5.617517065561728
31401,0,calendar_2014_test,17.524614007061317,14.0,0.5,0.0,0.0,3.5246140070613166
31402,0,calendar_2014_test,17.947721259554754,13.0,0.5,0.0,0.0,4.947721259554754
31403,0,calendar_2014_test,17.41533879634258,9.0,0.5,0.0,0.0,8.415338796342581
31404,0,calendar_2014_test,15.53480217868956,7.0,0.5,0.0,0.0,8.53480217868956
31405,0,calendar_2014_test,12.07537982681717,9.0,0.5,0.0,0.0,3.0753798268171693
31406,0,calendar_2014_test,16.749181068823972,11.0,0.5,0.0,0.0,5.749181068823972
31407,0,calendar_2014_test,19.842875374322034,12.0,0.5,0.0,0.0,7.842875374322034
31408,0,calendar_2014_test,19.200939554366173,18.0,0.5,0.0,0.0,1.2009395543661725
31409,0,calendar_2014_test,18.949662986080696,11.0,0.5,0.0,0.0,7.949662986080696
31410,0,calendar_2014_test,16.68998540227676,11.0,0.5,0.0,0.0,5.689985402276761
31411,0,calendar_2014_test,16.203923910767926,7.0,0.5,0.0,0.0,9.203923910767926
31412,0,calendar_2014_test,9.859894238908424,6.0,0.5,0.0,0.0,3.8598942389084243
31413,0,calendar_2014_test,8.209776596509897,5.0,0.5,0.0,0.0,3.209776596509897
31414,0,calendar_2014_test,6.9985288799467185,7.0,0.5,0.0,0.0,0.0014711200532815383
31415,0,calendar_2014_test,8.51750195554628,12.0,0.5,0.0,0.0,3.4824980444537204
31416,0,calendar_2014_test,13.380361346084001,13.0,0.5,0.0,0.0,0.3803613460840012
31417,0,calendar_2014_test,12.318159741242582,17.0,0.5,0.0,0.0,4.681840258757418
31418,0,calendar_2014_test,21.057768322563092,16.0,0.5,0.0,0.0,5.057768322563092
31419,0,calendar_2014_test,17.914565424479605,26.0,0.5,0.0,0.0,8.085434575520395
31420,0,calendar_2014_test,26.22025571270123,18.0,0.5,0.0,0.0,8.220255712701231
31421,0,calendar_2014_test,19.536144124252388,19.0,0.5,0.0,0.0,0.5361441242523881
31422,0,calendar_2014_test,21.281626970922986,21.0,0.5,0.0,0.0,0.2816269709229857
31423,0,calendar_2014_test,24.83888941020936,24.0,0.5,0.0,0.0,0.8388894102093616
31424,0,calendar_2014_test,25.399888549055262,20.0,0.5,0.0,0.0,5.399888549055262
31425,0,calendar_2014_test,18.024662828138034,22.0,0.5,0.0,0.0,3.975337171861966
31426,0,calendar_2014_test,24.687232248358768,18.0,0.5,0.0,0.0,6.687232248358768
31427,0,calendar_2014_test,22.9455317099238,19.0,0.5,0.0,0.0,3.9455317099237988
31428,0,calendar_2014_test,13.84450780126069,16.0,0.5,0.0,0.0,2.15549219873931
31429,0,calendar_2014_test,18.867853415204266,11.0,0.5,0.0,0.0,7.867853415204266
31430,0,calendar_2014_test,23.851815208432114,17.0,0.5,0.0,0.0,6.8518152084321144
31431,0,calendar_2014_test,26.785448866580154,31.0,0.5,0.0,0.0,4.214551133419846
31432,0,calendar_2014_test,38.16950547104956,61.0,0.5,0.0,0.0,22.83049452895044
31433,0,calendar_2014_test,65.14705016650153,151.0,0.5,0.0,0.0,85.85294983349847
31434,0,calendar_2014_test,131.31405072938526,163.0,0.5,0.0,0.0,31.685949270614742
31435,0,calendar_2014_test,156.87563718377257,98.0,0.5,0.0,0.0,58.87563718377257
31436,0,calendar_2014_test,71.32816371979268,96.0,0.5,0.0,0.0,24.671836280207316
31437,0,calendar_2014_test,95.23498140544973,119.0,0.5,0.0,0.0,23.76501859455027
31438,0,calendar_2014_test,123.20913299431932,125.0,0.5,0.0,0.0,1.7908670056806812
31439,0,calendar_2014_test,126.26002981124276,136.0,0.5,0.0,0.0,9.73997018875724
31440,0,calendar_2014_test,139.61593758943937,147.0,0.5,0.0,0.0,7.384062410560631
31441,0,calendar_2014_test,144.8892963633291,150.0,0.5,0.0,0.0,5.110703636670905
31442,0,calendar_2014_test,147.39177430501815,150.0,0.5,0.0,0.0,2.6082256949818543
31443,0,calendar_2014_test,145.31661685330633,173.0,0.5,0.0,0.0,27.68338314669367
31444,0,calendar_2014_test,171.9618722472119,184.0,0.5,0.0,0.0,12.038127752788114
31445,0,calendar_2014_test,181.15576907755354,191.0,0.5,0.0,0.0,9.844230922446457
31446,0,calendar_2014_test,175.8043809242414,166.0,0.5,0.0,0.0,9.8043809242414
31447,0,calendar_2014_test,133.59578296422822,128.0,0.5,0.0,0.0,5.595782964228221
31448,0,calendar_2014_test,107.49842447668506,141.0,0.5,0.0,0.0,33.50157552331494
31449,0,calendar_2014_test,139.5815574701802,141.0,0.5,0.0,0.0,1.4184425298197993
31450,0,calendar_2014_test,136.095931049223,145.0,0.5,0.0,0.0,8.904068950777003
31451,0,calendar_2014_test,139.65096427433656,156.0,0.5,0.0,0.0,16.34903572566344
31452,0,calendar_2014_test,156.48228034960488,160.0,0.5,0.0,0.0,3.5177196503951222
31453,0,calendar_2014_test,156.76609241139485,165.0,0.5,0.0,0.0,8.233907588605149
31454,0,calendar_2014_test,165.64824179241364,155.0,0.5,0.0,0.0,10.648241792413643
31455,0,calendar_2014_test,148.0683032085974,118.0,0.5,0.0,0.0,30.0683032085974
31456,0,calendar_2014_test,107.02572135995062,152.0,0.5,0.0,0.0,44.97427864004938
31457,0,calendar_2014_test,160.18849575983302,214.0,0.5,0.0,0.0,53.81150424016698
31458,0,calendar_2014_test,219.47599929950684,249.0,0.5,0.0,0.0,29.52400070049316
31459,0,calendar_2014_test,247.89805002203624,247.0,0.5,0.0,0.0,0.8980500220362444
31460,0,calendar_2014_test,245.67397665404528,248.0,0.5,0.0,0.0,2.3260233459547237
31461,0,calendar_2014_test,246.0425778607609,253.0,0.5,0.0,0.0,6.9574221392391
31462,0,calendar_2014_test,251.60361793290758,261.0,0.5,0.0,0.0,9.396382067092418
31463,0,calendar_2014_test,266.17011549994896,257.0,0.5,0.0,0.0,9.170115499948963
31464,0,calendar_2014_test,251.3478794425237,262.0,0.5,0.0,0.0,10.652120557476309
31465,0,calendar_2014_test,265.8181924903186,270.0,0.5,0.0,0.0,4.181807509681391
31466,0,calendar_2014_test,264.44679620253453,262.0,0.5,0.0,0.0,2.4467962025345287
31467,0,calendar_2014_test,260.03518411494707,260.0,0.5,0.0,0.0,0.03518411494707152
31468,0,calendar_2014_test,255.51822086251795,271.0,0.5,0.0,0.0,15.48177913748205
31469,0,calendar_2014_test,270.67582688163577,281.0,0.5,0.0,0.0,10.324173118364229
31470,0,calendar_2014_test,270.42157512959295,280.0,0.5,0.0,0.0,9.578424870407048
31471,0,calendar_2014_test,244.70498523034,270.0,0.5,0.0,0.0,25.295014769660014
31472,0,calendar_2014_test,234.4019143833023,277.0,0.5,0.0,0.0,42.59808561669769
31473,0,calendar_2014_test,238.45693873040253,249.0,0.5,0.0,0.0,10.543061269597473
31474,0,calendar_2014_test,208.6596069039802,242.0,0.5,0.0,0.0,33.340393096019795
31475,0,calendar_2014_test,226.9157059532055,192.0,0.5,0.0,0.0,34.9157059532055
31476,0,calendar_2014_test,172.40499406715008,167.0,0.5,0.0,0.0,5.404994067150085
31477,0,calendar_2014_test,154.9831745440489,168.0,0.5,0.0,0.0,13.016825455951107
31478,0,calendar_2014_test,167.52457249471013,184.0,0.5,0.0,0.0,16.475427505289872
31479,0,calendar_2014_test,187.28225999607133,199.0,0.5,0.0,0.0,11.717740003928668
31480,0,calendar_2014_test,208.77516681958278,225.0,0.5,0.0,0.0,16.22483318041722
31481,0,calendar_2014_test,233.16408549151845,252.0,0.5,0.0,0.0,18.83591450848155
31482,0,calendar_2014_test,265.824968221485,277.0,0.5,0.0,0.0,11.175031778515006
31483,0,calendar_2014_test,287.16028892553993,290.0,0.5,0.0,0.0,2.8397110744600695
31484,0,calendar_2014_test,289.7952711151455,299.0,0.5,0.0,0.0,9.20472888485449
31485,0,calendar_2014_test,301.0530710651947,326.0,0.5,0.0,0.0,24.946928934805328
31486,0,calendar_2014_test,321.5575077223428,324.0,0.5,0.0,0.0,2.442492277657209
31487,0,calendar_2014_test,313.6469347072216,320.0,0.5,0.0,0.0,6.35306529277841
31488,0,calendar_2014_test,311.10626827353923,279.0,0.5,0.0,0.0,32.10626827353923
31489,0,calendar_2014_test,247.60213513366276,250.0,0.5,0.0,0.0,2.397864866337244
31490,0,calendar_2014_test,222.77253962854803,228.0,0.5,0.0,0.0,5.2274603714519685
31491,0,calendar_2014_test,208.765461789656,232.0,0.5,0.0,0.0,23.234538210344
31492,0,calendar_2014_test,202.64026818916074,233.0,0.5,0.0,0.0,30.359731810839264
31493,0,calendar_2014_test,220.76646170844884,239.0,0.5,0.0,0.0,18.233538291551156
31494,0,calendar_2014_test,225.86598366748632,235.0,0.5,0.0,0.0,9.134016332513681
31495,0,calendar_2014_test,225.4559220479831,226.0,0.5,0.0,0.0,0.5440779520168917
31496,0,calendar_2014_test,210.75847802339072,223.0,0.5,0.0,0.0,12.241521976609278
31497,0,calendar_2014_test,209.22583855060333,229.0,0.5,0.0,0.0,19.774161449396672
31498,0,calendar_2014_test,225.5904979043601,206.0,0.5,0.0,0.0,19.59049790436009
31499,0,calendar_2014_test,185.75764430806777,189.0,0.5,0.0,0.0,3.2423556919322323
31500,0,calendar_2014_test,177.3848257378359,188.0,0.5,0.0,0.0,10.61517426216409
31501,0,calendar_2014_test,185.1134731110743,163.0,0.5,0.0,0.0,22.113473111074313
31502,0,calendar_2014_test,156.6116096078629,165.0,0.5,0.0,0.0,8.388390392137097
31503,0,calendar_2014_test,174.65224330651307,152.0,0.5,0.0,0.0,22.65224330651307
31504,0,calendar_2014_test,158.02615017090218,147.0,0.5,0.0,0.0,11.026150170902184
31505,0,calendar_2014_test,149.74686384263873,157.0,0.5,0.0,0.0,7.2531361573612685
31506,0,calendar_2014_test,172.22315983250928,181.0,0.5,0.0,0.0,8.776840167490718
31507,0,calendar_2014_test,194.54094481347943,190.0,0.5,0.0,0.0,4.5409448134794275
31508,0,calendar_2014_test,198.62599394931493,201.0,0.5,0.0,0.0,2.374006050685068
31509,0,calendar_2014_test,208.4720426595154,226.0,0.5,0.0,0.0,17.52795734048459
31510,0,calendar_2014_test,237.8086917100108,248.0,0.5,0.0,0.0,10.191308289989195
31511,0,calendar_2014_test,255.3933885271871,269.0,0.5,0.0,0.0,13.606611472812887
31512,0,calendar_2014_test,269.64298461188446,275.0,0.5,0.0,0.0,5.357015388115542
31513,0,calendar_2014_test,275.207902314111,311.0,0.5,0.0,0.0,35.79209768588902
31514,0,calendar_2014_test,300.9470556854602,300.0,0.5,0.0,0.0,0.9470556854602137
31515,0,calendar_2014_test,286.16553087744654,317.0,0.5,0.0,0.0,30.834469122553458
31516,0,calendar_2014_test,319.63422657486285,330.0,0.5,0.0,0.0,10.36577342513715
31517,0,calendar_2014_test,317.78284640814604,346.0,0.5,0.0,0.0,28.217153591853958
31518,0,calendar_2014_test,344.36577204579436,350.0,0.5,0.0,0.0,5.634227954205642
31519,0,calendar_2014_test,353.7356858950727,331.0,0.5,0.0,0.0,22.73568589507272
31520,0,calendar_2014_test,304.6626971475561,327.0,0.5,0.0,0.0,22.337302852443884
31521,0,calendar_2014_test,286.11086365159554,327.0,0.5,0.0,0.0,40.88913634840446
31522,0,calendar_2014_test,287.68727799444656,286.0,0.5,0.0,0.0,1.6872779944465606
31523,0,calendar_2014_test,239.8995387265707,246.0,0.5,0.0,0.0,6.100461273429289
31524,0,calendar_2014_test,212.55236448173096,269.0,0.5,0.0,0.0,56.44763551826904
31525,0,calendar_2014_test,262.2089032606482,309.0,0.5,0.0,0.0,46.791096739351815
31526,0,calendar_2014_test,302.1352071387114,336.0,0.5,0.0,0.0,33.864792861288606
31527,0,calendar_2014_test,328.1846700359539,360.0,0.5,0.0,0.0,31.8153299640461
31528,0,calendar_2014_test,375.8019196722466,387.0,0.5,0.0,0.0,11.198080327753416
31529,0,calendar_2014_test,379.1841643809356,399.0,0.5,0.0,0.0,19.815835619064387
31530,0,calendar_2014_test,409.7514264932189,414.0,0.5,0.0,0.0,4.248573506781099
31531,0,calendar_2014_test,412.68602690417845,465.0,0.5,0.0,0.0,52.31397309582155
31532,0,calendar_2014_test,447.1106324327532,436.0,0.5,0.0,0.0,11.11063243275322
31533,0,calendar_2014_test,395.9209082016838,435.0,0.5,0.0,0.0,39.0790917983162
31534,0,calendar_2014_test,411.4004657749264,426.0,0.5,0.0,0.0,14.599534225073626
31535,0,calendar_2014_test,411.2888005143015,413.0,0.5,0.0,0.0,1.7111994856985007
31536,0,calendar_2014_test,399.7660204558719,358.0,0.5,0.0,0.0,41.76602045587191
31537,0,calendar_2014_test,330.41535648840016,389.0,0.5,0.0,0.0,58.584643511599836
31538,0,calendar_2014_test,416.2386881639555,349.0,0.5,0.0,0.0,67.23868816395549
31539,0,calendar_2014_test,350.8136895070181,340.0,0.5,0.0,0.0,10.813689507018125
31540,0,calendar_2014_test,326.11822262875603,336.0,0.5,0.0,0.0,9.88177737124397
31541,0,calendar_2014_test,313.87911909943125,369.0,0.5,0.0,0.0,55.12088090056875
31542,0,calendar_2014_test,358.82551742357117,403.0,0.5,0.0,0.0,44.17448257642883
31543,0,calendar_2014_test,390.24738466721385,444.0,0.5,0.0,0.0,53.75261533278615
31544,0,calendar_2014_test,418.72041904329444,306.0,0.5,0.0,0.0,112.72041904329444
31545,0,calendar_2014_test,211.8883354078264,115.0,0.5,0.0,0.0,96.88833540782639
31546,0,calendar_2014_test,96.8275331507209,90.0,0.5,0.0,0.0,6.827533150720896
31547,0,calendar_2014_test,91.4867633037611,82.0,0.5,0.0,0.0,9.486763303761094
31548,0,calendar_2014_test,84.74623922541026,85.0,0.5,0.0,0.0,0.2537607745897361
31549,0,calendar_2014_test,98.60624019538825,95.0,0.5,0.0,0.0,3.606240195388253
31550,0,calendar_2014_test,98.79540365779238,96.0,0.5,0.0,0.0,2.7954036577923773
31551,0,calendar_2014_test,99.37515615015045,107.0,0.5,0.0,0.0,7.6248438498495545
31552,0,calendar_2014_test,118.39419819500257,111.0,0.5,0.0,0.0,7.3941981950025735
31553,0,calendar_2014_test,123.21549233354895,125.0,0.5,0.0,0.0,1.7845076664510486
31554,0,calendar_2014_test,136.5557869082427,123.0,0.5,0.0,0.0,13.555786908242709
31555,0,calendar_2014_test,125.92990637757333,145.0,0.5,0.0,0.0,19.07009362242667
31556,0,calendar_2014_test,161.56145196500657,153.0,0.5,0.0,0.0,8.561451965006569
31557,0,calendar_2014_test,160.7280412000973,159.0,0.5,0.0,0.0,1.7280412000972944
31558,0,calendar_2014_test,168.28975197433945,154.0,0.5,0.0,0.0,14.289751974339453
31559,0,calendar_2014_test,156.19119155067676,191.0,0.5,0.0,0.0,34.80880844932324
31560,0,calendar_2014_test,197.93040144935526,195.0,0.5,0.0,0.0,2.9304014493552586
31561,0,calendar_2014_test,193.21767146910446,194.0,0.5,0.0,0.0,0.7823285308955406
31562,0,calendar_2014_test,178.72855796806545,193.0,0.5,0.0,0.0,14.271442031934555
31563,0,calendar_2014_test,184.9272100454775,175.0,0.5,0.0,0.0,9.927210045477494
31564,0,calendar_2014_test,155.1933654825934,194.0,0.5,0.0,0.0,38.80663451740659
31565,0,calendar_2014_test,190.25418957322535,165.0,0.5,0.0,0.0,25.254189573225347
31566,0,calendar_2014_test,143.38760552397082,138.0,0.5,0.0,0.0,5.387605523970819
31567,0,calendar_2014_test,119.33412822477325,100.0,0.5,0.0,0.0,19.334128224773252
31568,0,calendar_2014_test,74.85777937408287,83.0,0.5,0.0,0.0,8.142220625917133
31569,0,calendar_2014_test,81.17874614419046,53.0,0.5,0.0,0.0,28.178746144190455
31570,0,calendar_2014_test,55.94760949603518,52.0,0.5,0.0,0.0,3.9476094960351773
31571,0,calendar_2014_test,54.99250701507185,60.0,0.5,0.0,0.0,5.007492984928149
31572,0,calendar_2014_test,67.05045707018303,100.0,0.5,0.0,0.0,32.94954292981697
31573,0,calendar_2014_test,112.06770101667824,142.0,0.5,0.0,0.0,29.932298983321758
31574,0,calendar_2014_test,161.9922288418009,140.0,0.5,0.0,0.0,21.99222884180091
31575,0,calendar_2014_test,146.94991684664234,148.0,0.5,0.0,0.0,1.0500831533576616
31576,0,calendar_2014_test,152.58378786442532,183.0,0.5,0.0,0.0,30.416212135574682
31577,0,calendar_2014_test,192.79675135105546,217.0,0.5,0.0,0.0,24.203248648944538
31578,0,calendar_2014_test,230.75356007541367,224.0,0.5,0.0,0.0,6.753560075413674
31579,0,calendar_2014_test,230.7098720527513,222.0,0.5,0.0,0.0,8.709872052751308
31580,0,calendar_2014_test,228.89758562475822,219.0,0.5,0.0,0.0,9.897585624758221
31581,0,calendar_2014_test,201.11707242716875,65.0,0.5,0.0,0.0,136.11707242716875
31582,0,calendar_2014_test,55.44807244727047,22.0,0.5,0.0,0.0,33.44807244727047
31583,0,calendar_2014_test,24.432488168584882,16.0,0.5,0.0,0.0,8.432488168584882
31584,0,calendar_2014_test,19.511791471500757,16.0,0.5,0.0,0.0,3.511791471500757
31585,0,calendar_2014_test,14.471214811170285,28.0,0.5,0.0,0.0,13.528785188829715
31586,0,calendar_2014_test,28.701610166679373,32.0,0.5,0.0,0.0,3.298389833320627
31587,0,calendar_2014_test,26.267030911913565,25.0,0.5,0.0,0.0,1.2670309119135652
31588,0,calendar_2014_test,21.07494699605698,25.0,0.5,0.0,0.0,3.9250530039430203
31589,0,calendar_2014_test,26.231049587005344,22.0,0.5,0.0,0.0,4.231049587005344
31590,0,calendar_2014_test,26.981349186733624,18.0,0.5,0.0,0.0,8.981349186733624
31591,0,calendar_2014_test,22.271788947703257,23.0,0.5,0.0,0.0,0.7282110522967429
31592,0,calendar_2014_test,28.188836724286233,23.0,0.5,0.0,0.0,5.188836724286233
31593,0,calendar_2014_test,25.361201177614575,25.0,0.5,0.0,0.0,0.36120117761457493
31594,0,calendar_2014_test,25.677102258692912,18.0,0.5,0.0,0.0,7.677102258692912
31595,0,calendar_2014_test,22.415405289530497,23.0,0.5,0.0,0.0,0.5845947104695028
31596,0,calendar_2014_test,30.41447152176687,25.0,0.5,0.0,0.0,5.41447152176687
31597,0,calendar_2014_test,31.973708483415308,26.0,0.5,0.0,0.0,5.973708483415308
31598,0,calendar_2014_test,33.72712265815207,27.0,0.5,0.0,0.0,6.727122658152069
31599,0,calendar_2014_test,30.526836017906263,36.0,0.5,0.0,0.0,5.4731639820937374
31600,0,calendar_2014_test,41.708404410826205,47.0,0.5,0.0,0.0,5.291595589173795
31601,0,calendar_2014_test,47.88488240686181,59.0,0.5,0.0,0.0,11.115117593138187
31602,0,calendar_2014_test,63.830909270056516,50.0,0.5,0.0,0.0,13.830909270056516
31603,0,calendar_2014_test,52.18318045640036,61.0,0.5,0.0,0.0,8.816819543599642
31604,0,calendar_2014_test,69.53232748356518,58.0,0.5,0.0,0.0,11.532327483565183
31605,0,calendar_2014_test,56.53395587978333,66.0,0.5,0.0,0.0,9.466044120216672
31606,0,calendar_2014_test,73.44886161437324,63.0,0.5,0.0,0.0,10.448861614373243
31607,0,calendar_2014_test,65.52750993118529,51.0,0.5,0.0,0.0,14.527509931185293
31608,0,calendar_2014_test,47.4895224814562,39.0,0.5,0.0,0.0,8.489522481456198
31609,0,calendar_2014_test,38.1982321559392,42.0,0.5,0.0,0.0,3.801767844060798
31610,0,calendar_2014_test,44.66408764750151,44.0,0.5,0.0,0.0,0.6640876475015105
31611,0,calendar_2014_test,41.75773287343076,44.0,0.5,0.0,0.0,2.2422671265692387
31612,0,calendar_2014_test,39.49085450522138,35.0,0.5,0.0,0.0,4.490854505221378
31613,0,calendar_2014_test,34.68499522935055,30.0,0.5,0.0,0.0,4.684995229350548
31614,0,calendar_2014_test,26.664253511455513,34.0,0.5,0.0,0.0,7.335746488544487
31615,0,calendar_2014_test,35.429676116311384,21.0,0.5,0.0,0.0,14.429676116311384
31616,0,calendar_2014_test,22.90392086663148,14.0,0.5,0.0,0.0,8.90392086663148
31617,0,calendar_2014_test,19.442108594190287,11.0,0.5,0.0,0.0,8.442108594190287
31618,0,calendar_2014_test,17.903778754282925,9.0,0.5,0.0,0.0,8.903778754282925
31619,0,calendar_2014_test,15.88394060643445,12.0,0.5,0.0,0.0,3.88394060643445
31620,0,calendar_2014_test,17.837562112559098,13.0,0.5,0.0,0.0,4.837562112559098
31621,0,calendar_2014_test,17.963111040511322,18.0,0.5,0.0,0.0,0.0368889594886781
31622,0,calendar_2014_test,24.202545023947266,21.0,0.5,0.0,0.0,3.202545023947266
31623,0,calendar_2014_test,27.0969411494507,24.0,0.5,0.0,0.0,3.0969411494507
31624,0,calendar_2014_test,27.591945055639357,27.0,0.5,0.0,0.0,0.5919450556393571
31625,0,calendar_2014_test,31.53058857565783,39.0,0.5,0.0,0.0,7.469411424342169
31626,0,calendar_2014_test,42.903107965639684,44.0,0.5,0.0,0.0,1.096892034360316
31627,0,calendar_2014_test,46.051839194998344,64.0,0.5,0.0,0.0,17.948160805001656
31628,0,calendar_2014_test,69.33624253813055,106.0,0.5,0.0,0.0,36.66375746186945
31629,0,calendar_2014_test,101.51696123246228,137.0,0.5,0.0,0.0,35.48303876753772
31630,0,calendar_2014_test,133.58953350521932,165.0,0.5,0.0,0.0,31.410466494780678
31631,0,calendar_2014_test,161.04401481649364,153.0,0.5,0.0,0.0,8.044014816493643
31632,0,calendar_2014_test,139.41809684583322,116.0,0.5,0.0,0.0,23.41809684583322
31633,0,calendar_2014_test,100.41347988728545,127.0,0.5,0.0,0.0,26.586520112714553
31634,0,calendar_2014_test,125.4160787890514,147.0,0.5,0.0,0.0,21.583921210948603
31635,0,calendar_2014_test,147.75139136015622,180.0,0.5,0.0,0.0,32.24860863984378
31636,0,calendar_2014_test,175.4293057053834,199.0,0.5,0.0,0.0,23.5706942946166
31637,0,calendar_2014_test,198.6143403533634,209.0,0.5,0.0,0.0,10.385659646636611
31638,0,calendar_2014_test,228.7441087372656,235.0,0.5,0.0,0.0,6.255891262734394
31639,0,calendar_2014_test,248.8564519186532,254.0,0.5,0.0,0.0,5.1435480813468075
31640,0,calendar_2014_test,243.52585732203414,250.0,0.5,0.0,0.0,6.474142677965858
31641,0,calendar_2014_test,217.59153533489228,235.0,0.5,0.0,0.0,17.408464665107715
31642,0,calendar_2014_test,209.65063826291052,210.0,0.5,0.0,0.0,0.34936173708948104
31643,0,calendar_2014_test,178.014034634697,127.0,0.5,0.0,0.0,51.014034634697
31644,0,calendar_2014_test,73.29811410389841,72.0,0.5,0.0,0.0,1.2981141038984134
31645,0,calendar_2014_test,55.64015788186613,27.0,0.5,0.0,0.0,28.64015788186613
31646,0,calendar_2014_test,44.44134943934883,70.0,0.5,0.0,0.0,25.558650560651166
31647,0,calendar_2014_test,82.96154711704949,113.0,0.5,0.0,0.0,30.03845288295051
31648,0,calendar_2014_test,131.98662768926982,118.0,0.5,0.0,0.0,13.986627689269824
31649,0,calendar_2014_test,122.78613309360325,143.0,0.5,0.0,0.0,20.213866906396746
31650,0,calendar_2014_test,159.28101841744996,175.0,0.5,0.0,0.0,15.718981582550043
31651,0,calendar_2014_test,187.42974933979818,159.0,0.5,0.0,0.0,28.429749339798178
31652,0,calendar_2014_test,160.60968989756276,161.0,0.5,0.0,0.0,0.3903101024372404
31653,0,calendar_2014_test,165.12878843139052,174.0,0.5,0.0,0.0,8.871211568609482
31654,0,calendar_2014_test,181.950422051416,177.0,0.5,0.0,0.0,4.950422051416012
31655,0,calendar_2014_test,176.95283060985025,174.0,0.5,0.0,0.0,2.9528306098502526
31656,0,calendar_2014_test,176.52322187182648,180.0,0.5,0.0,0.0,3.476778128173521
31657,0,calendar_2014_test,173.09167563461034,196.0,0.5,0.0,0.0,22.90832436538966
31658,0,calendar_2014_test,197.6627823398009,214.0,0.5,0.0,0.0,16.337217660199087
31659,0,calendar_2014_test,224.9697114074953,220.0,0.5,0.0,0.0,4.969711407495311
31660,0,calendar_2014_test,212.9934117865088,216.0,0.5,0.0,0.0,3.0065882134911988
31661,0,calendar_2014_test,214.90526614852257,199.0,0.5,0.0,0.0,15.905266148522571
31662,0,calendar_2014_test,190.5164225239629,168.0,0.5,0.0,0.0,22.516422523962888
31663,0,calendar_2014_test,143.21324726043468,121.0,0.5,0.0,0.0,22.213247260434684
31664,0,calendar_2014_test,94.9692390181597,124.0,0.5,0.0,0.0,29.030760981840302
31665,0,calendar_2014_test,111.58375408682092,94.0,0.5,0.0,0.0,17.583754086820917
31666,0,calendar_2014_test,86.4547651777446,63.0,0.5,0.0,0.0,23.454765177744605
31667,0,calendar_2014_test,63.18435079111142,52.0,0.5,0.0,0.0,11.18435079111142
31668,0,calendar_2014_test,52.8193433487311,64.0,0.5,0.0,0.0,11.180656651268897
31669,0,calendar_2014_test,73.47433356214512,48.0,0.5,0.0,0.0,25.47433356214512
31670,0,calendar_2014_test,49.42866880263868,69.0,0.5,0.0,0.0,19.571331197361317
31671,0,calendar_2014_test,83.10312395004131,65.0,0.5,0.0,0.0,18.103123950041308
31672,0,calendar_2014_test,75.05972033477633,83.0,0.5,0.0,0.0,7.94027966522367
31673,0,calendar_2014_test,96.65348506350514,90.0,0.5,0.0,0.0,6.653485063505144
31674,0,calendar_2014_test,97.50673392202287,80.0,0.5,0.0,0.0,17.506733922022875
31675,0,calendar_2014_test,83.05349103284448,95.0,0.5,0.0,0.0,11.946508967155523
31676,0,calendar_2014_test,103.90793200588116,99.0,0.5,0.0,0.0,4.907932005881165
31677,0,calendar_2014_test,106.20972196576565,103.0,0.5,0.0,0.0,3.2097219657656524
31678,0,calendar_2014_test,107.99762290669159,119.0,0.5,0.0,0.0,11.00237709330841
31679,0,calendar_2014_test,123.26752258635338,121.0,0.5,0.0,0.0,2.2675225863533797
31680,0,calendar_2014_test,124.38047870421096,113.0,0.5,0.0,0.0,11.380478704210958
31681,0,calendar_2014_test,111.72612167772424,124.0,0.5,0.0,0.0,12.273878322275763
31682,0,calendar_2014_test,131.27034993270848,138.0,0.5,0.0,0.0,6.729650067291516
31683,0,calendar_2014_test,141.7145709245637,160.0,0.5,0.0,0.0,18.285429075436298
31684,0,calendar_2014_test,154.7585138027514,163.0,0.5,0.0,0.0,8.241486197248605
31685,0,calendar_2014_test,127.89142940057957,119.0,0.5,0.0,0.0,8.891429400579568
31686,0,calendar_2014_test,80.96700006619501,80.0,0.5,0.0,0.0,0.9670000661950127
31687,0,calendar_2014_test,53.37533434935976,84.0,0.5,0.0,0.0,30.62466565064024
31688,0,calendar_2014_test,77.04859565366513,76.0,0.5,0.0,0.0,1.0485956536651315
31689,0,calendar_2014_test,76.42638772381456,98.0,0.5,0.0,0.0,21.573612276185443
31690,0,calendar_2014_test,92.4056354359405,105.0,0.5,0.0,0.0,12.594364564059504
31691,0,calendar_2014_test,106.99059781943335,86.0,0.5,0.0,0.0,20.990597819433347
31692,0,calendar_2014_test,82.22706011500635,132.0,0.5,0.0,0.0,49.77293988499365
31693,0,calendar_2014_test,136.8802132832894,116.0,0.5,0.0,0.0,20.880213283289407
31694,0,calendar_2014_test,111.49167778688296,105.0,0.5,0.0,0.0,6.49167778688296
31695,0,calendar_2014_test,101.70659774590457,97.0,0.5,0.0,0.0,4.706597745904574
31696,0,calendar_2014_test,99.41348463485625,87.0,0.5,0.0,0.0,12.413484634856246
31697,0,calendar_2014_test,88.77679528510384,72.0,0.5,0.0,0.0,16.776795285103844
31698,0,calendar_2014_test,66.13704155870909,70.0,0.5,0.0,0.0,3.862958441290914
31699,0,calendar_2014_test,74.54914851599156,64.0,0.5,0.0,0.0,10.549148515991561
31700,0,calendar_2014_test,66.3292362138792,55.0,0.5,0.0,0.0,11.329236213879199
31701,0,calendar_2014_test,57.63468032832605,58.0,0.5,0.0,0.0,0.3653196716739515
31702,0,calendar_2014_test,60.123498584207454,52.0,0.5,0.0,0.0,8.123498584207454
31703,0,calendar_2014_test,53.02381141805982,52.0,0.5,0.0,0.0,1.0238114180598217
31704,0,calendar_2014_test,42.99379011261769,53.0,0.5,0.0,0.0,10.006209887382312
31705,0,calendar_2014_test,45.94026654577239,12.0,0.5,0.0,0.0,33.94026654577239
31706,0,calendar_2014_test,14.238297674535644,15.0,0.5,0.0,0.0,0.7617023254643556
31707,0,calendar_2014_test,17.523137965568637,9.0,0.5,0.0,0.0,8.523137965568637
31708,0,calendar_2014_test,12.080378832905978,6.0,0.5,0.0,0.0,6.0803788329059785
31709,0,calendar_2014_test,9.21717467164909,9.0,0.5,0.0,0.0,0.2171746716490901
31710,0,calendar_2014_test,10.565641704434924,14.0,0.5,0.0,0.0,3.434358295565076
31711,0,calendar_2014_test,12.858689853773853,14.0,0.5,0.0,0.0,1.1413101462261466
31712,0,calendar_2014_test,11.701115057897582,11.0,0.5,0.0,0.0,0.7011150578975816
31713,0,calendar_2014_test,13.213883566006785,12.0,0.5,0.0,0.0,1.2138835660067855
31714,0,calendar_2014_test,12.798994490186615,14.0,0.5,0.0,0.0,1.2010055098133847
31715,0,calendar_2014_test,13.764259023612581,9.0,0.5,0.0,0.0,4.764259023612581
31716,0,calendar_2014_test,10.965887037732244,7.0,0.5,0.0,0.0,3.9658870377322444
31717,0,calendar_2014_test,10.042650246081976,7.0,0.5,0.0,0.0,3.042650246081976
31718,0,calendar_2014_test,17.23508050186274,19.0,0.5,0.0,0.0,1.7649194981372602
31719,0,calendar_2014_test,29.498456010152353,18.0,0.5,0.0,0.0,11.498456010152353
31720,0,calendar_2014_test,25.94120579080287,22.0,0.5,0.0,0.0,3.9412057908028686
31721,0,calendar_2014_test,24.929488277447902,20.0,0.5,0.0,0.0,4.929488277447902
31722,0,calendar_2014_test,21.896143685471372,33.0,0.5,0.0,0.0,11.103856314528628
31723,0,calendar_2014_test,37.90827673196899,40.0,0.5,0.0,0.0,2.0917232680310107
31724,0,calendar_2014_test,38.965841024646,35.0,0.5,0.0,0.0,3.9658410246459965
31725,0,calendar_2014_test,37.7433473443149,28.0,0.5,0.0,0.0,9.743347344314898
31726,0,calendar_2014_test,31.37823898899778,29.0,0.5,0.0,0.0,2.3782389889977793
31727,0,calendar_2014_test,32.59940388002539,32.0,0.5,0.0,0.0,0.5994038800253918
31728,0,calendar_2014_test,37.56028009842775,36.0,0.5,0.0,0.0,1.5602800984277465
31729,0,calendar_2014_test,38.76931169115969,37.0,0.5,0.0,0.0,1.7693116911596931
31730,0,calendar_2014_test,37.98959630918503,42.0,0.5,0.0,0.0,4.010403690814968
31731,0,calendar_2014_test,44.146817575071005,59.0,0.5,0.0,0.0,14.853182424928995
31732,0,calendar_2014_test,63.158468604711615,60.0,0.5,0.0,0.0,3.158468604711615
31733,0,calendar_2014_test,57.30170516315381,53.0,0.5,0.0,0.0,4.301705163153812
31734,0,calendar_2014_test,53.35886246818822,55.0,0.5,0.0,0.0,1.6411375318117791
31735,0,calendar_2014_test,56.22686896623521,41.0,0.5,0.0,0.0,15.226868966235209
31736,0,calendar_2014_test,37.35094201931919,31.0,0.5,0.0,0.0,6.3509420193191914
31737,0,calendar_2014_test,29.841908529190462,29.0,0.5,0.0,0.0,0.8419085291904622
31738,0,calendar_2014_test,27.925921153552167,24.0,0.5,0.0,0.0,3.925921153552167
31739,0,calendar_2014_test,24.208774570881076,13.0,0.5,0.0,0.0,11.208774570881076
31740,0,calendar_2014_test,20.41693138959397,11.0,0.5,0.0,0.0,9.41693138959397
31741,0,calendar_2014_test,18.87401967499305,16.0,0.5,0.0,0.0,2.8740196749930504
31742,0,calendar_2014_test,19.896043067699154,14.0,0.5,0.0,0.0,5.8960430676991535
31743,0,calendar_2014_test,16.61776827255602,20.0,0.5,0.0,0.0,3.3822317274439797
31744,0,calendar_2014_test,21.956079036548886,14.0,0.5,0.0,0.0,7.956079036548886
31745,0,calendar_2014_test,20.611990413220283,31.0,0.5,0.0,0.0,10.388009586779717
31746,0,calendar_2014_test,36.15517591498801,31.0,0.5,0.0,0.0,5.155175914988007
31747,0,calendar_2014_test,31.683870792524843,34.0,0.5,0.0,0.0,2.316129207475157
31748,0,calendar_2014_test,40.71625988307004,33.0,0.5,0.0,0.0,7.7162598830700375
31749,0,calendar_2014_test,38.40601683425877,34.0,0.5,0.0,0.0,4.4060168342587716
31750,0,calendar_2014_test,39.06242354956002,28.0,0.5,0.0,0.0,11.062423549560023
31751,0,calendar_2014_test,32.92593753982203,32.0,0.5,0.0,0.0,0.92593753982203
31752,0,calendar_2014_test,37.52070101735083,37.0,0.5,0.0,0.0,0.5207010173508309
31753,0,calendar_2014_test,40.71373637986388,36.0,0.5,0.0,0.0,4.713736379863882
31754,0,calendar_2014_test,41.17689785303215,49.0,0.5,0.0,0.0,7.823102146967848
31755,0,calendar_2014_test,44.66969035296205,16.0,0.5,0.0,0.0,28.66969035296205
31756,0,calendar_2014_test,17.52903338653377,8.0,0.5,0.0,0.0,9.529033386533769
31757,0,calendar_2014_test,14.641693033184623,6.0,0.5,0.0,0.0,8.641693033184623
31758,0,calendar_2014_test,10.550731754539896,11.0,0.5,0.0,0.0,0.4492682454601038
31759,0,calendar_2014_test,14.03578133213756,8.0,0.5,0.0,0.0,6.03578133213756
31760,0,calendar_2014_test,13.765539736844289,4.0,0.5,0.0,0.0,9.765539736844289
31761,0,calendar_2014_test,9.304017507721142,6.0,0.5,0.0,0.0,3.3040175077211416
31762,0,calendar_2014_test,14.385223075045886,14.0,0.5,0.0,0.0,0.3852230750458858
31763,0,calendar_2014_test,20.463481688829177,10.0,0.5,0.0,0.0,10.463481688829177
31764,0,calendar_2014_test,18.318995377075765,10.0,0.5,0.0,0.0,8.318995377075765
31765,0,calendar_2014_test,17.65242173447473,25.0,0.5,0.0,0.0,7.3475782655252715
31766,0,calendar_2014_test,31.786214543689184,30.0,0.5,0.0,0.0,1.7862145436891836
31767,0,calendar_2014_test,34.657996269445746,37.0,0.5,0.0,0.0,2.3420037305542536
31768,0,calendar_2014_test,42.33764857195077,48.0,0.5,0.0,0.0,5.662351428049227
31769,0,calendar_2014_test,48.837002954979006,48.0,0.5,0.0,0.0,0.8370029549790061
31770,0,calendar_2014_test,48.42556934099488,49.0,0.5,0.0,0.0,0.5744306590051167
31771,0,calendar_2014_test,50.998717474229444,57.0,0.5,0.0,0.0,6.001282525770556
31772,0,calendar_2014_test,63.43081401527853,58.0,0.5,0.0,0.0,5.4308140152785285
31773,0,calendar_2014_test,56.08366391204431,64.0,0.5,0.0,0.0,7.916336087955692
31774,0,calendar_2014_test,70.40923991250023,65.0,0.5,0.0,0.0,5.409239912500226
31775,0,calendar_2014_test,66.30220723212723,61.0,0.5,0.0,0.0,5.30220723212723
31776,0,calendar_2014_test,66.74325137080892,61.0,0.5,0.0,0.0,5.74325137080892
31777,0,calendar_2014_test,66.82567389071869,71.0,0.5,0.0,0.0,4.17432610928131
31778,0,calendar_2014_test,77.03769415749665,102.0,0.5,0.0,0.0,24.962305842503355
31779,0,calendar_2014_test,106.79952972097159,91.0,0.5,0.0,0.0,15.799529720971591
31780,0,calendar_2014_test,80.03737897677584,84.0,0.5,0.0,0.0,3.962621023224159
31781,0,calendar_2014_test,79.7357668770506,51.0,0.5,0.0,0.0,28.735766877050594
31782,0,calendar_2014_test,48.83861140796401,27.0,0.5,0.0,0.0,21.83861140796401
31783,0,calendar_2014_test,29.916108024985533,39.0,0.5,0.0,0.0,9.083891975014467
31784,0,calendar_2014_test,42.67970786126942,33.0,0.5,0.0,0.0,9.67970786126942
31785,0,calendar_2014_test,36.0192631640238,32.0,0.5,0.0,0.0,4.019263164023798
31786,0,calendar_2014_test,33.83168100054125,41.0,0.5,0.0,0.0,7.168318999458748
31787,0,calendar_2014_test,44.92351185294586,40.0,0.5,0.0,0.0,4.9235118529458575
31788,0,calendar_2014_test,43.581029548443695,45.0,0.5,0.0,0.0,1.418970451556305
31789,0,calendar_2014_test,48.62014262648954,45.0,0.5,0.0,0.0,3.620142626489539
31790,0,calendar_2014_test,49.97214237411888,59.0,0.5,0.0,0.0,9.027857625881119
31791,0,calendar_2014_test,62.59460628262899,59.0,0.5,0.0,0.0,3.5946062826289875
31792,0,calendar_2014_test,63.76652572555208,82.0,0.5,0.0,0.0,18.23347427444792
31793,0,calendar_2014_test,86.51598540971459,58.0,0.5,0.0,0.0,28.515985409714588
31794,0,calendar_2014_test,58.3087945921014,65.0,0.5,0.0,0.0,6.6912054078986
31795,0,calendar_2014_test,73.4202718800016,54.0,0.5,0.0,0.0,19.420271880001593
31796,0,calendar_2014_test,57.88346591378803,55.0,0.5,0.0,0.0,2.8834659137880294
31797,0,calendar_2014_test,58.35269738618666,63.0,0.5,0.0,0.0,4.647302613813338
31798,0,calendar_2014_test,69.7265498531356,70.0,0.5,0.0,0.0,0.2734501468644055
31799,0,calendar_2014_test,75.49302498955956,74.0,0.5,0.0,0.0,1.493024989559558
31800,0,calendar_2014_test,77.9147964328181,80.0,0.5,0.0,0.0,2.0852035671819067
31801,0,calendar_2014_test,85.11110596494436,87.0,0.5,0.0,0.0,1.8888940350556425
31802,0,calendar_2014_test,95.08168626640612,93.0,0.5,0.0,0.0,2.0816862664061233
31803,0,calendar_2014_test,95.6189962613945,105.0,0.5,0.0,0.0,9.3810037386055
31804,0,calendar_2014_test,108.9534114082847,92.0,0.5,0.0,0.0,16.953411408284694
31805,0,calendar_2014_test,85.00295012067714,103.0,0.5,0.0,0.0,17.99704987932286
31806,0,calendar_2014_test,102.99841009789462,97.0,0.5,0.0,0.0,5.99841009789462
31807,0,calendar_2014_test,94.17017208259978,110.0,0.5,0.0,0.0,15.829827917400223
31808,0,calendar_2014_test,108.45982726413916,92.0,0.5,0.0,0.0,16.459827264139165
31809,0,calendar_2014_test,84.61124306265414,93.0,0.5,0.0,0.0,8.38875693734586
31810,0,calendar_2014_test,86.21250823853441,97.0,0.5,0.0,0.0,10.787491761465589
31811,0,calendar_2014_test,94.65148127360706,95.0,0.5,0.0,0.0,0.348518726392939
31812,0,calendar_2014_test,92.0016498856047,88.0,0.5,0.0,0.0,4.0016498856047065
31813,0,calendar_2014_test,86.00048704698709,98.0,0.5,0.0,0.0,11.99951295301291
31814,0,calendar_2014_test,100.64524775558914,105.0,0.5,0.0,0.0,4.354752244410861
31815,0,calendar_2014_test,110.29476865510912,111.0,0.5,0.0,0.0,0.7052313448908762
31816,0,calendar_2014_test,117.1629896009623,123.0,0.5,0.0,0.0,5.837010399037695
31817,0,calendar_2014_test,131.53436044653694,147.0,0.5,0.0,0.0,15.465639553463063
31818,0,calendar_2014_test,152.842549600602,155.0,0.5,0.0,0.0,2.1574503993979874
31819,0,calendar_2014_test,155.14091830357302,166.0,0.5,0.0,0.0,10.859081696426983
31820,0,calendar_2014_test,167.19336737422225,194.0,0.5,0.0,0.0,26.806632625777752
31821,0,calendar_2014_test,194.95309551482353,191.0,0.5,0.0,0.0,3.9530955148235307
31822,0,calendar_2014_test,185.1120500178253,180.0,0.5,0.0,0.0,5.112050017825311
31823,0,calendar_2014_test,175.7924720522539,187.0,0.5,0.0,0.0,11.207527947746087
31824,0,calendar_2014_test,188.71151351043545,195.0,0.5,0.0,0.0,6.288486489564548
31825,0,calendar_2014_test,196.05390943845936,174.0,0.5,0.0,0.0,22.053909438459357
31826,0,calendar_2014_test,169.5200435732551,171.0,0.5,0.0,0.0,1.4799564267449057
31827,0,calendar_2014_test,174.10550276505631,181.0,0.5,0.0,0.0,6.894497234943685
31828,0,calendar_2014_test,180.1090999588855,193.0,0.5,0.0,0.0,12.890900041114492
31829,0,calendar_2014_test,187.90913505098027,196.0,0.5,0.0,0.0,8.090864949019732
31830,0,calendar_2014_test,188.4940057364819,199.0,0.5,0.0,0.0,10.50599426351809
31831,0,calendar_2014_test,192.51569303721192,206.0,0.5,0.0,0.0,13.484306962788082
31832,0,calendar_2014_test,195.77466074681018,175.0,0.5,0.0,0.0,20.774660746810184
31833,0,calendar_2014_test,140.56966794752827,158.0,0.5,0.0,0.0,17.430332052471726
31834,0,calendar_2014_test,134.3172910035747,152.0,0.5,0.0,0.0,17.682708996425305
31835,0,calendar_2014_test,143.67465369721396,158.0,0.5,0.0,0.0,14.325346302786045
31836,0,calendar_2014_test,156.21845848263615,139.0,0.5,0.0,0.0,17.21845848263615
31837,0,calendar_2014_test,129.00081718680354,138.0,0.5,0.0,0.0,8.999182813196455
31838,0,calendar_2014_test,141.8041026243698,151.0,0.5,0.0,0.0,9.19589737563021
31839,0,calendar_2014_test,154.7777498763973,146.0,0.5,0.0,0.0,8.777749876397309
31840,0,calendar_2014_test,141.72006912314052,139.0,0.5,0.0,0.0,2.7200691231405187
31841,0,calendar_2014_test,137.45709167042,136.0,0.5,0.0,0.0,1.4570916704199988
31842,0,calendar_2014_test,137.06879123480059,138.0,0.5,0.0,0.0,0.9312087651994148
31843,0,calendar_2014_test,142.8087474401382,136.0,0.5,0.0,0.0,6.808747440138205
31844,0,calendar_2014_test,137.66204567389676,136.0,0.5,0.0,0.0,1.6620456738967562
31845,0,calendar_2014_test,138.67639810176584,140.0,0.5,0.0,0.0,1.323601898234159
31846,0,calendar_2014_test,144.8107598266202,145.0,0.5,0.0,0.0,0.18924017337980104
31847,0,calendar_2014_test,147.49733299275843,147.0,0.5,0.0,0.0,0.49733299275843024
31848,0,calendar_2014_test,147.46869774376916,151.0,0.5,0.0,0.0,3.5313022562308447
31849,0,calendar_2014_test,156.62472162452246,153.0,0.5,0.0,0.0,3.624721624522465
31850,0,calendar_2014_test,158.92480536944217,196.0,0.5,0.0,0.0,37.07519463055783
31851,0,calendar_2014_test,203.33988280016024,182.0,0.5,0.0,0.0,21.33988280016024
31852,0,calendar_2014_test,171.49082621103273,162.0,0.5,0.0,0.0,9.490826211032726
31853,0,calendar_2014_test,152.05986601827308,164.0,0.5,0.0,0.0,11.940133981726916
31854,0,calendar_2014_test,141.52717230777128,133.0,0.5,0.0,0.0,8.52717230777128
31855,0,calendar_2014_test,82.77811575169042,62.0,0.5,0.0,0.0,20.77811575169042
31856,0,calendar_2014_test,36.14640783104733,60.0,0.5,0.0,0.0,23.853592168952673
31857,0,calendar_2014_test,58.184562293451684,49.0,0.5,0.0,0.0,9.184562293451684
31858,0,calendar_2014_test,38.010818580382995,62.0,0.5,0.0,0.0,23.989181419617005
31859,0,calendar_2014_test,57.21931806883003,56.0,0.5,0.0,0.0,1.2193180688300274
31860,0,calendar_2014_test,50.43112076896844,65.0,0.5,0.0,0.0,14.56887923103156
31861,0,calendar_2014_test,64.00582733347994,73.0,0.5,0.0,0.0,8.994172666520058
31862,0,calendar_2014_test,79.75109620567238,80.0,0.5,0.0,0.0,0.24890379432761733
31863,0,calendar_2014_test,80.4146104616557,580.0,0.5,0.0,0.0,499.5853895383443
31864,0,calendar_2014_test,449.71156496597587,217.0,0.5,0.0,0.0,232.71156496597587
31865,0,calendar_2014_test,153.58779545391673,159.0,0.5,0.0,0.0,5.412204546083274
31866,0,calendar_2014_test,136.06363695170765,181.0,0.5,0.0,0.0,44.93636304829235
31867,0,calendar_2014_test,179.7750999405518,165.0,0.5,0.0,0.0,14.775099940551797
31868,0,calendar_2014_test,155.3312986871103,175.0,0.5,0.0,0.0,19.66870131288971
31869,0,calendar_2014_test,170.4405007648629,112.0,0.5,0.0,0.0,58.44050076486289
31870,0,calendar_2014_test,89.84652835316484,101.0,0.5,0.0,0.0,11.153471646835158
31871,0,calendar_2014_test,102.23979772183515,111.0,0.5,0.0,0.0,8.760202278164854
31872,0,calendar_2014_test,119.27050914001694,102.0,0.5,0.0,0.0,17.27050914001694
31873,0,calendar_2014_test,98.57193860555675,106.0,0.5,0.0,0.0,7.428061394443247
31874,0,calendar_2014_test,104.03308509161563,95.0,0.5,0.0,0.0,9.033085091615632
31875,0,calendar_2014_test,89.07358649282361,101.0,0.5,0.0,0.0,11.926413507176392
31876,0,calendar_2014_test,91.87528133371595,88.0,0.5,0.0,0.0,3.8752813337159466
31877,0,calendar_2014_test,80.02315517568249,125.0,0.5,0.0,0.0,44.97684482431751
31878,0,calendar_2014_test,131.95868092500018,93.0,0.5,0.0,0.0,38.95868092500018
31879,0,calendar_2014_test,81.89355098837726,71.0,0.5,0.0,0.0,10.893550988377257
31880,0,calendar_2014_test,75.77532106447677,74.0,0.5,0.0,0.0,1.7753210644767705
31881,0,calendar_2014_test,77.32967104291541,68.0,0.5,0.0,0.0,9.329671042915407
31882,0,calendar_2014_test,45.031062891051796,39.0,0.5,0.0,0.0,6.031062891051796
31883,0,calendar_2014_test,43.287309891046085,52.0,0.5,0.0,0.0,8.712690108953915
31884,0,calendar_2014_test,56.62291693848296,59.0,0.5,0.0,0.0,2.377083061517041
31885,0,calendar_2014_test,65.85037630626022,60.0,0.5,0.0,0.0,5.850376306260216
31886,0,calendar_2014_test,64.64142845501958,68.0,0.5,0.0,0.0,3.358571544980421
31887,0,calendar_2014_test,76.68281128355002,83.0,0.5,0.0,0.0,6.3171887164499765
31888,0,calendar_2014_test,89.96451535435442,103.0,0.5,0.0,0.0,13.035484645645582
31889,0,calendar_2014_test,109.41345682143262,98.0,0.5,0.0,0.0,11.413456821432618
31890,0,calendar_2014_test,95.86130459565135,78.0,0.5,0.0,0.0,17.861304595651347
31891,0,calendar_2014_test,79.19091678042494,82.0,0.5,0.0,0.0,2.809083219575058
31892,0,calendar_2014_test,89.38516399748188,88.0,0.5,0.0,0.0,1.3851639974818823
31893,0,calendar_2014_test,91.84706500726674,96.0,0.5,0.0,0.0,4.152934992733265
31894,0,calendar_2014_test,98.31755615351668,118.0,0.5,0.0,0.0,19.682443846483324
31895,0,calendar_2014_test,125.30222593692787,128.0,0.5,0.0,0.0,2.6977740630721314
31896,0,calendar_2014_test,127.13769582405983,143.0,0.5,0.0,0.0,15.862304175940167
31897,0,calendar_2014_test,149.0480163927327,158.0,0.5,0.0,0.0,8.951983607267294
31898,0,calendar_2014_test,155.9003526495805,143.0,0.5,0.0,0.0,12.900352649580498
31899,0,calendar_2014_test,128.6095180347794,190.0,0.5,0.0,0.0,61.3904819652206
31900,0,calendar_2014_test,192.46160602593415,151.0,0.5,0.0,0.0,41.461606025934145
31901,0,calendar_2014_test,130.05787161949974,187.0,0.5,0.0,0.0,56.942128380500264
31902,0,calendar_2014_test,183.37380683803892,114.0,0.5,0.0,0.0,69.37380683803892
31903,0,calendar_2014_test,77.473647064945,88.0,0.5,0.0,0.0,10.526352935055002
31904,0,calendar_2014_test,82.97047862139925,78.0,0.5,0.0,0.0,4.970478621399252
31905,0,calendar_2014_test,76.40144216252122,75.0,0.5,0.0,0.0,1.4014421625212208
31906,0,calendar_2014_test,74.99562326305093,89.0,0.5,0.0,0.0,14.00437673694907
31907,0,calendar_2014_test,93.1704006460216,91.0,0.5,0.0,0.0,2.170400646021605
31908,0,calendar_2014_test,94.77364993484734,109.0,0.5,0.0,0.0,14.226350065152658
31909,0,calendar_2014_test,120.30499308361749,119.0,0.5,0.0,0.0,1.3049930836174894
31910,0,calendar_2014_test,123.04116488404577,119.0,0.5,0.0,0.0,4.04116488404577
31911,0,calendar_2014_test,118.62202458769056,110.0,0.5,0.0,0.0,8.62202458769056
31912,0,calendar_2014_test,109.03771024244665,120.0,0.5,0.0,0.0,10.96228975755335
31913,0,calendar_2014_test,126.1978380872006,155.0,0.5,0.0,0.0,28.802161912799406
31914,0,calendar_2014_test,162.63822467195172,120.0,0.5,0.0,0.0,42.63822467195172
31915,0,calendar_2014_test,110.54101486603687,128.0,0.5,0.0,0.0,17.458985133963125
31916,0,calendar_2014_test,135.26564424646307,131.0,0.5,0.0,0.0,4.265644246463069
31917,0,calendar_2014_test,133.90509225615577,142.0,0.5,0.0,0.0,8.094907743844232
31918,0,calendar_2014_test,149.02879459729292,144.0,0.5,0.0,0.0,5.028794597292915
31919,0,calendar_2014_test,144.85193638786882,150.0,0.5,0.0,0.0,5.148063612131182
31920,0,calendar_2014_test,157.97271783857838,151.0,0.5,0.0,0.0,6.972717838578376
31921,0,calendar_2014_test,154.45674441652932,149.0,0.5,0.0,0.0,5.456744416529318
31922,0,calendar_2014_test,148.21040925499744,157.0,0.5,0.0,0.0,8.789590745002556
31923,0,calendar_2014_test,162.8989890605588,173.0,0.5,0.0,0.0,10.10101093944121
31924,0,calendar_2014_test,177.00100223254142,182.0,0.5,0.0,0.0,4.998997767458576
31925,0,calendar_2014_test,175.1138422797423,188.0,0.5,0.0,0.0,12.8861577202577
31926,0,calendar_2014_test,179.94205212342086,175.0,0.5,0.0,0.0,4.942052123420865
31927,0,calendar_2014_test,155.6460299423541,167.0,0.5,0.0,0.0,11.35397005764591
31928,0,calendar_2014_test,157.197316644488,162.0,0.5,0.0,0.0,4.802683355511988
31929,0,calendar_2014_test,149.3247430024604,157.0,0.5,0.0,0.0,7.675256997539606
31930,0,calendar_2014_test,150.6741800157676,147.0,0.5,0.0,0.0,3.674180015767604
31931,0,calendar_2014_test,137.85943072073513,157.0,0.5,0.0,0.0,19.140569279264867
31932,0,calendar_2014_test,159.11581971425434,159.0,0.5,0.0,0.0,0.1158197142543429
31933,0,calendar_2014_test,157.04766617396578,134.0,0.5,0.0,0.0,23.04766617396578
31934,0,calendar_2014_test,128.32255935961572,136.0,0.5,0.0,0.0,7.677440640384276
31935,0,calendar_2014_test,139.5781666392954,158.0,0.5,0.0,0.0,18.421833360704596
31936,0,calendar_2014_test,168.78274803533623,186.0,0.5,0.0,0.0,17.217251964663774
31937,0,calendar_2014_test,190.7572461283509,231.0,0.5,0.0,0.0,40.242753871649086
31938,0,calendar_2014_test,234.57432260782144,254.0,0.5,0.0,0.0,19.425677392178557
31939,0,calendar_2014_test,248.70638386311325,249.0,0.5,0.0,0.0,0.2936161368867545
31940,0,calendar_2014_test,245.2373935201653,262.0,0.5,0.0,0.0,16.762606479834687
31941,0,calendar_2014_test,267.88113827942345,282.0,0.5,0.0,0.0,14.118861720576547
31942,0,calendar_2014_test,279.3957659334454,280.0,0.5,0.0,0.0,0.6042340665546249
31943,0,calendar_2014_test,270.6318287413217,268.0,0.5,0.0,0.0,2.6318287413217263
31944,0,calendar_2014_test,255.65482781359978,255.0,0.5,0.0,0.0,0.6548278135997805
31945,0,calendar_2014_test,248.07174034257653,247.0,0.5,0.0,0.0,1.0717403425765326
31946,0,calendar_2014_test,243.55176889800194,244.0,0.5,0.0,0.0,0.4482311019980614
31947,0,calendar_2014_test,243.8482023069853,270.0,0.5,0.0,0.0,26.151797693014686
31948,0,calendar_2014_test,264.29489101842734,280.0,0.5,0.0,0.0,15.705108981572664
31949,0,calendar_2014_test,273.22704373638464,274.0,0.5,0.0,0.0,0.772956263615356
31950,0,calendar_2014_test,264.5508390067613,280.0,0.5,0.0,0.0,15.449160993238706
31951,0,calendar_2014_test,239.92944898900873,266.0,0.5,0.0,0.0,26.070551010991267
31952,0,calendar_2014_test,233.912023766793,239.0,0.5,0.0,0.0,5.0879762332070015
31953,0,calendar_2014_test,215.96496338026105,225.0,0.5,0.0,0.0,9.035036619738946
31954,0,calendar_2014_test,36.153223405839796,40.0,0.5,0.0,0.0,3.846776594160204
31955,0,calendar_2014_test,39.65223580112387,34.0,0.5,0.0,0.0,5.652235801123872
31956,0,calendar_2014_test,37.18529255019302,47.0,0.5,0.0,0.0,9.814707449806981
31957,0,calendar_2014_test,51.04739414405123,54.0,0.5,0.0,0.0,2.952605855948768
31958,0,calendar_2014_test,53.649945167124585,65.0,0.5,0.0,0.0,11.350054832875415
31959,0,calendar_2014_test,73.5212121317831,41.0,0.5,0.0,0.0,32.5212121317831
31960,0,calendar_2014_test,49.33037486474372,39.0,0.5,0.0,0.0,10.330374864743717
31961,0,calendar_2014_test,46.84636914116366,35.0,0.5,0.0,0.0,11.846369141163663
31962,0,calendar_2014_test,41.996017459298,51.0,0.5,0.0,0.0,9.003982540701998
31963,0,calendar_2014_test,52.49629555754046,54.0,0.5,0.0,0.0,1.5037044424595365
31964,0,calendar_2014_test,56.31860607387688,69.0,0.5,0.0,0.0,12.681393926123121
31965,0,calendar_2014_test,77.41437718043404,59.0,0.5,0.0,0.0,18.414377180434045
31966,0,calendar_2014_test,62.1107801490199,51.0,0.5,0.0,0.0,11.110780149019902
31967,0,calendar_2014_test,55.35446031224339,45.0,0.5,0.0,0.0,10.35446031224339
31968,0,calendar_2014_test,49.98273782759908,44.0,0.5,0.0,0.0,5.982737827599081
31969,0,calendar_2014_test,44.051290674307424,52.0,0.5,0.0,0.0,7.948709325692576
31970,0,calendar_2014_test,51.31031549833626,52.0,0.5,0.0,0.0,0.6896845016637414
31971,0,calendar_2014_test,48.767358025727994,47.0,0.5,0.0,0.0,1.7673580257279937
31972,0,calendar_2014_test,47.27384196175816,51.0,0.5,0.0,0.0,3.7261580382418416
31973,0,calendar_2014_test,50.25249225292267,85.0,0.5,0.0,0.0,34.74750774707733
31974,0,calendar_2014_test,84.75607581039597,80.0,0.5,0.0,0.0,4.75607581039597
31975,0,calendar_2014_test,78.23223686077455,62.0,0.5,0.0,0.0,16.23223686077455
31976,0,calendar_2014_test,61.61694430717306,57.0,0.5,0.0,0.0,4.616944307173057
31977,0,calendar_2014_test,62.447399903966705,56.0,0.5,0.0,0.0,6.447399903966705
31978,0,calendar_2014_test,55.756832395001744,67.0,0.5,0.0,0.0,11.243167604998256
31979,0,calendar_2014_test,75.40298723634922,96.0,0.5,0.0,0.0,20.59701276365078
31980,0,calendar_2014_test,99.25511545651747,91.0,0.5,0.0,0.0,8.255115456517473
31981,0,calendar_2014_test,92.51802948283893,84.0,0.5,0.0,0.0,8.518029482838926
31982,0,calendar_2014_test,86.34229953840727,101.0,0.5,0.0,0.0,14.657700461592725
31983,0,calendar_2014_test,106.1030535408908,134.0,0.5,0.0,0.0,27.896946459109202
31984,0,calendar_2014_test,138.2600439156311,127.0,0.5,0.0,0.0,11.260043915631087
31985,0,calendar_2014_test,126.60356939766515,123.0,0.5,0.0,0.0,3.6035693976651544
31986,0,calendar_2014_test,112.6447506132261,112.0,0.5,0.0,0.0,0.6447506132260941
31987,0,calendar_2014_test,107.00916485282431,109.0,0.5,0.0,0.0,1.9908351471756873
31988,0,calendar_2014_test,105.19651320316966,145.0,0.5,0.0,0.0,39.80348679683034
31989,0,calendar_2014_test,145.58981031919632,124.0,0.5,0.0,0.0,21.589810319196317
31990,0,calendar_2014_test,112.78870026179376,107.0,0.5,0.0,0.0,5.788700261793764
31991,0,calendar_2014_test,102.39945671116631,109.0,0.5,0.0,0.0,6.600543288833691
31992,0,calendar_2014_test,109.1176701723587,110.0,0.5,0.0,0.0,0.8823298276412999
31993,0,calendar_2014_test,107.90803331993001,116.0,0.5,0.0,0.0,8.091966680069987
31994,0,calendar_2014_test,113.19657133539644,105.0,0.5,0.0,0.0,8.196571335396442
31995,0,calendar_2014_test,100.80179679480224,93.0,0.5,0.0,0.0,7.801796794802243
31996,0,calendar_2014_test,85.01930870403925,106.0,0.5,0.0,0.0,20.980691295960753
31997,0,calendar_2014_test,110.67247208885362,103.0,0.5,0.0,0.0,7.672472088853624
31998,0,calendar_2014_test,104.17979090751791,102.0,0.5,0.0,0.0,2.179790907517912
31999,0,calendar_2014_test,102.62462946816687,101.0,0.5,0.0,0.0,1.624629468166873
32000,0,calendar_2014_test,105.5150373127454,101.0,0.5,0.0,0.0,4.515037312745406
32001,0,calendar_2014_test,105.41615656524114,117.0,0.5,0.0,0.0,11.583843434758862
32002,0,calendar_2014_test,128.9809180553603,131.0,0.5,0.0,0.0,2.0190819446397086
32003,0,calendar_2014_test,139.6808392308162,128.0,0.5,0.0,0.0,11.68083923081619
32004,0,calendar_2014_test,132.73847294667593,127.0,0.5,0.0,0.0,5.738472946675927
32005,0,calendar_2014_test,129.65448715815424,141.0,0.5,0.0,0.0,11.34551284184576
32006,0,calendar_2014_test,148.93358671698851,137.0,0.5,0.0,0.0,11.933586716988515
32007,0,calendar_2014_test,136.39601918649248,151.0,0.5,0.0,0.0,14.603980813507519
32008,0,calendar_2014_test,155.81321448970616,152.0,0.5,0.0,0.0,3.813214489706155
32009,0,calendar_2014_test,151.3102050089387,148.0,0.5,0.0,0.0,3.310205008938709
32010,0,calendar_2014_test,143.3308548941617,151.0,0.5,0.0,0.0,7.669145105838311
32011,0,calendar_2014_test,151.3154482764538,156.0,0.5,0.0,0.0,4.684551723546207
32012,0,calendar_2014_test,163.5081367555563,143.0,0.5,0.0,0.0,20.508136755556308
32013,0,calendar_2014_test,140.9764860026443,141.0,0.5,0.0,0.0,0.023513997355706806
32014,0,calendar_2014_test,144.81802082366434,140.0,0.5,0.0,0.0,4.818020823664341
32015,0,calendar_2014_test,144.99799475090472,150.0,0.5,0.0,0.0,5.002005249095276
32016,0,calendar_2014_test,157.63779705440624,162.0,0.5,0.0,0.0,4.362202945593765
32017,0,calendar_2014_test,164.39781119091674,171.0,0.5,0.0,0.0,6.602188809083259
32018,0,calendar_2014_test,176.91041652704828,179.0,0.5,0.0,0.0,2.089583472951716
32019,0,calendar_2014_test,179.1830497342773,193.0,0.5,0.0,0.0,13.81695026572271
32020,0,calendar_2014_test,197.85280713243412,170.0,0.5,0.0,0.0,27.852807132434123
32021,0,calendar_2014_test,160.24101434990456,167.0,0.5,0.0,0.0,6.75898565009544
32022,0,calendar_2014_test,169.05683988554205,158.0,0.5,0.0,0.0,11.056839885542047
32023,0,calendar_2014_test,157.49824718347602,158.0,0.5,0.0,0.0,0.5017528165239753
32024,0,calendar_2014_test,161.2468419505741,176.0,0.5,0.0,0.0,14.753158049425906
32025,0,calendar_2014_test,181.1494257888922,162.0,0.5,0.0,0.0,19.149425788892188
32026,0,calendar_2014_test,157.09891171029403,153.0,0.5,0.0,0.0,4.098911710294033
32027,0,calendar_2014_test,123.27032306498917,129.0,0.5,0.0,0.0,5.729676935010829
32028,0,calendar_2014_test,124.77453163713568,92.0,0.5,0.0,0.0,32.77453163713568
32029,0,calendar_2014_test,84.91972185883321,83.0,0.5,0.0,0.0,1.9197218588332134
32030,0,calendar_2014_test,84.1410660842327,74.0,0.5,0.0,0.0,10.141066084232705
32031,0,calendar_2014_test,72.83183875172823,86.0,0.5,0.0,0.0,13.168161248271772
32032,0,calendar_2014_test,94.32026623622708,83.0,0.5,0.0,0.0,11.320266236227084
32033,0,calendar_2014_test,90.26309252312657,84.0,0.5,0.0,0.0,6.2630925231265735
32034,0,calendar_2014_test,84.50032509829296,84.0,0.5,0.0,0.0,0.5003250982929615
32035,0,calendar_2014_test,90.62527156347478,77.0,0.5,0.0,0.0,13.625271563474783
32036,0,calendar_2014_test,82.34781430174142,75.0,0.5,0.0,0.0,7.347814301741423
32037,0,calendar_2014_test,82.07881851130956,64.0,0.5,0.0,0.0,18.078818511309564
32038,0,calendar_2014_test,70.69775489642717,59.0,0.5,0.0,0.0,11.69775489642717
32039,0,calendar_2014_test,64.17174390875255,59.0,0.5,0.0,0.0,5.171743908752546
32040,0,calendar_2014_test,65.75133877462702,72.0,0.5,0.0,0.0,6.2486612253729845
32041,0,calendar_2014_test,77.31285032099012,69.0,0.5,0.0,0.0,8.312850320990123
32042,0,calendar_2014_test,72.4185583706529,69.0,0.5,0.0,0.0,3.418558370652903
32043,0,calendar_2014_test,58.23485163123678,56.0,0.5,0.0,0.0,2.234851631236779
32044,0,calendar_2014_test,48.9151458051278,44.0,0.5,0.0,0.0,4.9151458051278
32045,0,calendar_2014_test,41.501983639258896,48.0,0.5,0.0,0.0,6.498016360741104
32046,0,calendar_2014_test,51.90946063137882,40.0,0.5,0.0,0.0,11.90946063137882
32047,0,calendar_2014_test,43.20830957353734,46.0,0.5,0.0,0.0,2.791690426462658
32048,0,calendar_2014_test,43.87850628807353,55.0,0.5,0.0,0.0,11.121493711926469
32049,0,calendar_2014_test,55.04386572763247,57.0,0.5,0.0,0.0,1.9561342723675281
32050,0,calendar_2014_test,59.775754936480446,52.0,0.5,0.0,0.0,7.775754936480446
32051,0,calendar_2014_test,58.26517224829148,55.0,0.5,0.0,0.0,3.265172248291478
32052,0,calendar_2014_test,60.74100651195429,59.0,0.5,0.0,0.0,1.7410065119542892
32053,0,calendar_2014_test,65.7145551837703,67.0,0.5,0.0,0.0,1.285444816229699
32054,0,calendar_2014_test,76.7171080619585,72.0,0.5,0.0,0.0,4.717108061958498
32055,0,calendar_2014_test,79.39206906519848,78.0,0.5,0.0,0.0,1.3920690651984842
32056,0,calendar_2014_test,87.01010010373194,95.0,0.5,0.0,0.0,7.9898998962680565
32057,0,calendar_2014_test,103.20733930378385,105.0,0.5,0.0,0.0,1.7926606962161458
32058,0,calendar_2014_test,108.5970208150941,112.0,0.5,0.0,0.0,3.4029791849059023
32059,0,calendar_2014_test,114.66340615777199,128.0,0.5,0.0,0.0,13.336593842228012
32060,0,calendar_2014_test,134.49982809822066,127.0,0.5,0.0,0.0,7.499828098220661
32061,0,calendar_2014_test,118.16555793387015,128.0,0.5,0.0,0.0,9.834442066129853
32062,0,calendar_2014_test,124.40282820895763,121.0,0.5,0.0,0.0,3.4028282089576294
32063,0,calendar_2014_test,111.8946594907465,84.0,0.5,0.0,0.0,27.894659490746506
32064,0,calendar_2014_test,72.84480882749739,87.0,0.5,0.0,0.0,14.155191172502612
32065,0,calendar_2014_test,82.31265455290406,64.0,0.5,0.0,0.0,18.312654552904064
32066,0,calendar_2014_test,54.295907280109155,52.0,0.5,0.0,0.0,2.295907280109155
32067,0,calendar_2014_test,41.102171692405506,30.0,0.5,0.0,0.0,11.102171692405506
32068,0,calendar_2014_test,25.391008632071376,23.0,0.5,0.0,0.0,2.391008632071376
32069,0,calendar_2014_test,28.143507616589076,22.0,0.5,0.0,0.0,6.143507616589076
32070,0,calendar_2014_test,27.301695264271174,17.0,0.5,0.0,0.0,10.301695264271174
32071,0,calendar_2014_test,19.45013074740335,22.0,0.5,0.0,0.0,2.5498692525966504
32072,0,calendar_2014_test,28.85948389996331,33.0,0.5,0.0,0.0,4.140516100036692
32073,0,calendar_2014_test,39.388570153276156,43.0,0.5,0.0,0.0,3.611429846723844
32074,0,calendar_2014_test,48.85261393838012,49.0,0.5,0.0,0.0,0.14738606161988344
32075,0,calendar_2014_test,53.49802646007357,56.0,0.5,0.0,0.0,2.501973539926432
32076,0,calendar_2014_test,62.07272801077023,59.0,0.5,0.0,0.0,3.072728010770227
32077,0,calendar_2014_test,64.59487086301728,69.0,0.5,0.0,0.0,4.405129136982723
32078,0,calendar_2014_test,76.19032210377244,59.0,0.5,0.0,0.0,17.190322103772445
32079,0,calendar_2014_test,64.248395565752,72.0,0.5,0.0,0.0,7.751604434247994
32080,0,calendar_2014_test,71.55460948751572,76.0,0.5,0.0,0.0,4.4453905124842805
32081,0,calendar_2014_test,81.95744310156483,90.0,0.5,0.0,0.0,8.042556898435166
32082,0,calendar_2014_test,90.5732869607331,91.0,0.5,0.0,0.0,0.4267130392669003
32083,0,calendar_2014_test,85.61179417888955,90.0,0.5,0.0,0.0,4.388205821110446
32084,0,calendar_2014_test,82.69282733466066,91.0,0.5,0.0,0.0,8.307172665339337
32085,0,calendar_2014_test,85.43896282384384,66.0,0.5,0.0,0.0,19.438962823843838
32086,0,calendar_2014_test,61.53288586252191,46.0,0.5,0.0,0.0,15.532885862521908
32087,0,calendar_2014_test,49.323844205768104,49.0,0.5,0.0,0.0,0.32384420576810413
32088,0,calendar_2014_test,51.47999862374091,48.0,0.5,0.0,0.0,3.4799986237409115
32089,0,calendar_2014_test,43.27333657274911,45.0,0.5,0.0,0.0,1.726663427250891
32090,0,calendar_2014_test,42.9705071407209,44.0,0.5,0.0,0.0,1.0294928592791024
32091,0,calendar_2014_test,41.55288711641256,39.0,0.5,0.0,0.0,2.5528871164125633
32092,0,calendar_2014_test,42.204913869258235,23.0,0.5,0.0,0.0,19.204913869258235
32093,0,calendar_2014_test,28.411524325596417,26.0,0.5,0.0,0.0,2.4115243255964174
32094,0,calendar_2014_test,32.540268660411144,24.0,0.5,0.0,0.0,8.540268660411144
32095,0,calendar_2014_test,28.61225817067013,25.0,0.5,0.0,0.0,3.612258170670131
32096,0,calendar_2014_test,28.493565957575115,30.0,0.5,0.0,0.0,1.5064340424248854
32097,0,calendar_2014_test,33.78411456598539,44.0,0.5,0.0,0.0,10.21588543401461
32098,0,calendar_2014_test,48.033298549701115,30.0,0.5,0.0,0.0,18.033298549701115
32099,0,calendar_2014_test,35.32003810687615,32.0,0.5,0.0,0.0,3.3200381068761473
32100,0,calendar_2014_test,38.040332359707136,36.0,0.5,0.0,0.0,2.0403323597071363
32101,0,calendar_2014_test,45.15339732365757,43.0,0.5,0.0,0.0,2.153397323657572
32102,0,calendar_2014_test,43.255788252511856,66.0,0.5,0.0,0.0,22.744211747488144
32103,0,calendar_2014_test,78.28403050735102,68.0,0.5,0.0,0.0,10.28403050735102
32104,0,calendar_2014_test,75.63736888664988,73.0,0.5,0.0,0.0,2.637368886649881
32105,0,calendar_2014_test,78.34808470141755,90.0,0.5,0.0,0.0,11.651915298582452
32106,0,calendar_2014_test,91.62030524368143,106.0,0.5,0.0,0.0,14.379694756318571
32107,0,calendar_2014_test,106.88803324049323,102.0,0.5,0.0,0.0,4.888033240493229
32108,0,calendar_2014_test,94.71034798962343,66.0,0.5,0.0,0.0,28.71034798962343
32109,0,calendar_2014_test,62.67169463263952,65.0,0.5,0.0,0.0,2.3283053673604783
32110,0,calendar_2014_test,62.74252531356122,52.0,0.5,0.0,0.0,10.742525313561217
32111,0,calendar_2014_test,48.94670644614341,68.0,0.5,0.0,0.0,19.05329355385659
32112,0,calendar_2014_test,63.662346038101596,104.0,0.5,0.0,0.0,40.337653961898404
32113,0,calendar_2014_test,92.21916711202249,84.0,0.5,0.0,0.0,8.21916711202249
32114,0,calendar_2014_test,70.40281448313102,42.0,0.5,0.0,0.0,28.402814483131024
32115,0,calendar_2014_test,42.91519630438153,36.0,0.5,0.0,0.0,6.915196304381531
32116,0,calendar_2014_test,40.01310265384198,56.0,0.5,0.0,0.0,15.986897346158017
32117,0,calendar_2014_test,58.36936413395796,51.0,0.5,0.0,0.0,7.3693641339579585
32118,0,calendar_2014_test,48.838299690770214,170.0,0.5,0.0,0.0,121.16170030922979
32119,0,calendar_2014_test,136.20020739806043,87.0,0.5,0.0,0.0,49.20020739806043
32120,0,calendar_2014_test,70.43374247721908,55.0,0.5,0.0,0.0,15.433742477219084
32121,0,calendar_2014_test,51.131159488857236,107.0,0.5,0.0,0.0,55.868840511142764
32122,0,calendar_2014_test,103.96646364374439,105.0,0.5,0.0,0.0,1.0335363562556097
32123,0,calendar_2014_test,102.85217524108575,66.0,0.5,0.0,0.0,36.852175241085746
32124,0,calendar_2014_test,67.90458011962252,73.0,0.5,0.0,0.0,5.095419880377477
32125,0,calendar_2014_test,76.89854667608338,76.0,0.5,0.0,0.0,0.8985466760833845
32126,0,calendar_2014_test,75.55938921273952,60.0,0.5,0.0,0.0,15.559389212739518
32127,0,calendar_2014_test,64.10178195598976,64.0,0.5,0.0,0.0,0.10178195598976458
32128,0,calendar_2014_test,68.5646766249455,73.0,0.5,0.0,0.0,4.4353233750544945
32129,0,calendar_2014_test,74.50944299524471,81.0,0.5,0.0,0.0,6.4905570047552885
32130,0,calendar_2014_test,87.51774807165808,88.0,0.5,0.0,0.0,0.482251928341924
32131,0,calendar_2014_test,92.42651687396092,98.0,0.5,0.0,0.0,5.573483126039079
32132,0,calendar_2014_test,100.2330283845316,99.0,0.5,0.0,0.0,1.2330283845315932
32133,0,calendar_2014_test,100.23089162811496,99.0,0.5,0.0,0.0,1.2308916281149607
32134,0,calendar_2014_test,100.95169395422353,108.0,0.5,0.0,0.0,7.048306045776471
32135,0,calendar_2014_test,114.26952939821494,129.0,0.5,0.0,0.0,14.730470601785058
32136,0,calendar_2014_test,134.45483396592505,136.0,0.5,0.0,0.0,1.5451660340749527
32137,0,calendar_2014_test,138.91977089687083,151.0,0.5,0.0,0.0,12.08022910312917
32138,0,calendar_2014_test,156.24759898630438,162.0,0.5,0.0,0.0,5.752401013695618
32139,0,calendar_2014_test,160.8445927462715,164.0,0.5,0.0,0.0,3.155407253728498
32140,0,calendar_2014_test,160.92231153981828,174.0,0.5,0.0,0.0,13.077688460181719
32141,0,calendar_2014_test,173.41818076376623,185.0,0.5,0.0,0.0,11.58181923623377
32142,0,calendar_2014_test,182.73138362639634,168.0,0.5,0.0,0.0,14.731383626396337
32143,0,calendar_2014_test,157.51649604100348,154.0,0.5,0.0,0.0,3.516496041003478
32144,0,calendar_2014_test,134.11199847458397,143.0,0.5,0.0,0.0,8.88800152541603
32145,0,calendar_2014_test,141.41612743859108,139.0,0.5,0.0,0.0,2.416127438591076
32146,0,calendar_2014_test,141.63388689164174,126.0,0.5,0.0,0.0,15.633886891641737
32147,0,calendar_2014_test,120.61995565851711,98.0,0.5,0.0,0.0,22.619955658517114
32148,0,calendar_2014_test,79.83577045655454,101.0,0.5,0.0,0.0,21.164229543445458
32149,0,calendar_2014_test,107.98963111584843,71.0,0.5,0.0,0.0,36.989631115848425
32150,0,calendar_2014_test,71.27947894157452,73.0,0.5,0.0,0.0,1.7205210584254758
32151,0,calendar_2014_test,78.61375326025868,80.0,0.5,0.0,0.0,1.386246739741324
32152,0,calendar_2014_test,89.38335210373083,82.0,0.5,0.0,0.0,7.383352103730829
32153,0,calendar_2014_test,87.82524934257869,76.0,0.5,0.0,0.0,11.825249342578687
32154,0,calendar_2014_test,77.28445319256274,84.0,0.5,0.0,0.0,6.7155468074372635
32155,0,calendar_2014_test,92.60899953359373,89.0,0.5,0.0,0.0,3.6089995335937317
32156,0,calendar_2014_test,94.06581547294356,91.0,0.5,0.0,0.0,3.065815472943555
32157,0,calendar_2014_test,94.27913432355916,96.0,0.5,0.0,0.0,1.7208656764408374
32158,0,calendar_2014_test,99.7111314287005,107.0,0.5,0.0,0.0,7.288868571299503
32159,0,calendar_2014_test,115.8883912184229,109.0,0.5,0.0,0.0,6.888391218422896
32160,0,calendar_2014_test,112.98286304895818,112.0,0.5,0.0,0.0,0.9828630489581798
32161,0,calendar_2014_test,114.21402052511999,119.0,0.5,0.0,0.0,4.785979474880008
32162,0,calendar_2014_test,120.39951530032012,122.0,0.5,0.0,0.0,1.6004846996798818
32163,0,calendar_2014_test,126.79664098975744,125.0,0.5,0.0,0.0,1.7966409897574351
32164,0,calendar_2014_test,129.5531527359194,121.0,0.5,0.0,0.0,8.553152735919411
32165,0,calendar_2014_test,121.78838081281577,128.0,0.5,0.0,0.0,6.211619187184226
32166,0,calendar_2014_test,129.6793073878257,135.0,0.5,0.0,0.0,5.320692612174298
32167,0,calendar_2014_test,136.47598570213665,136.0,0.5,0.0,0.0,0.47598570213665425
32168,0,calendar_2014_test,130.79474012603166,121.0,0.5,0.0,0.0,9.794740126031655
32169,0,calendar_2014_test,113.8280715418004,117.0,0.5,0.0,0.0,3.171928458199602
32170,0,calendar_2014_test,114.10717295157917,105.0,0.5,0.0,0.0,9.107172951579173
32171,0,calendar_2014_test,105.46890574492457,100.0,0.5,0.0,0.0,5.4689057449245695
32172,0,calendar_2014_test,101.66490233367355,117.0,0.5,0.0,0.0,15.335097666326448
32173,0,calendar_2014_test,129.66417709133958,118.0,0.5,0.0,0.0,11.664177091339582
32174,0,calendar_2014_test,114.30578749798639,121.0,0.5,0.0,0.0,6.694212502013613
32175,0,calendar_2014_test,121.1101820265942,140.0,0.5,0.0,0.0,18.889817973405798
32176,0,calendar_2014_test,145.42529053077385,139.0,0.5,0.0,0.0,6.42529053077385
32177,0,calendar_2014_test,144.29403275388327,136.0,0.5,0.0,0.0,8.294032753883272
32178,0,calendar_2014_test,140.37576439248897,143.0,0.5,0.0,0.0,2.624235607511025
32179,0,calendar_2014_test,148.09060472791558,155.0,0.5,0.0,0.0,6.909395272084424
32180,0,calendar_2014_test,160.4440859650326,141.0,0.5,0.0,0.0,19.4440859650326
32181,0,calendar_2014_test,142.17048872403527,110.0,0.5,0.0,0.0,32.170488724035266
32182,0,calendar_2014_test,107.5554779997521,118.0,0.5,0.0,0.0,10.4445220002479
32183,0,calendar_2014_test,127.0918174697222,124.0,0.5,0.0,0.0,3.0918174697222014
32184,0,calendar_2014_test,129.09374201553842,135.0,0.5,0.0,0.0,5.9062579844615755
32185,0,calendar_2014_test,141.40014072338616,156.0,0.5,0.0,0.0,14.599859276613842
32186,0,calendar_2014_test,168.0092228493765,163.0,0.5,0.0,0.0,5.009222849376499
32187,0,calendar_2014_test,162.7566451313686,167.0,0.5,0.0,0.0,4.2433548686314
32188,0,calendar_2014_test,169.70024970919872,169.0,0.5,0.0,0.0,0.7002497091987152
32189,0,calendar_2014_test,160.9985656797668,177.0,0.5,0.0,0.0,16.001434320233187
32190,0,calendar_2014_test,172.2821247554935,131.0,0.5,0.0,0.0,41.2821247554935
32191,0,calendar_2014_test,97.13398906941775,102.0,0.5,0.0,0.0,4.866010930582249
32192,0,calendar_2014_test,89.52049112039059,90.0,0.5,0.0,0.0,0.479508879609412
32193,0,calendar_2014_test,82.16536116128279,96.0,0.5,0.0,0.0,13.834638838717211
32194,0,calendar_2014_test,88.07946343605745,112.0,0.5,0.0,0.0,23.920536563942548
32195,0,calendar_2014_test,110.9598637907982,101.0,0.5,0.0,0.0,9.959863790798195
32196,0,calendar_2014_test,85.57180637548859,101.0,0.5,0.0,0.0,15.428193624511408
32197,0,calendar_2014_test,98.41029171471598,104.0,0.5,0.0,0.0,5.5897082852840185
32198,0,calendar_2014_test,100.28991534700042,92.0,0.5,0.0,0.0,8.289915347000417
32199,0,calendar_2014_test,79.4301513218705,55.0,0.5,0.0,0.0,24.430151321870497
32200,0,calendar_2014_test,42.011352447222045,27.0,0.5,0.0,0.0,15.011352447222045
32201,0,calendar_2014_test,29.027220504029444,30.0,0.5,0.0,0.0,0.9727794959705562
32202,0,calendar_2014_test,21.447606285772693,27.0,0.5,0.0,0.0,5.552393714227307
32203,0,calendar_2014_test,22.638219578920058,21.0,0.5,0.0,0.0,1.638219578920058
32204,0,calendar_2014_test,8.621492695483568,25.0,0.5,0.0,0.0,16.378507304516432
32205,0,calendar_2014_test,26.76297415783705,23.0,0.5,0.0,0.0,3.76297415783705
32206,0,calendar_2014_test,24.735378063240447,28.0,0.5,0.0,0.0,3.2646219367595535
32207,0,calendar_2014_test,31.628713503658958,29.0,0.5,0.0,0.0,2.6287135036589575
32208,0,calendar_2014_test,28.29123763321452,31.0,0.5,0.0,0.0,2.7087623667854785
32209,0,calendar_2014_test,33.27138613021228,38.0,0.5,0.0,0.0,4.728613869787722
32210,0,calendar_2014_test,34.34083344150359,39.0,0.5,0.0,0.0,4.659166558496409
32211,0,calendar_2014_test,35.71172800548307,61.0,0.5,0.0,0.0,25.288271994516933
32212,0,calendar_2014_test,55.81491635364326,42.0,0.5,0.0,0.0,13.814916353643262
32213,0,calendar_2014_test,42.38429212561611,47.0,0.5,0.0,0.0,4.615707874383887
32214,0,calendar_2014_test,49.54294420122827,52.0,0.5,0.0,0.0,2.4570557987717265
32215,0,calendar_2014_test,54.880349643997306,47.0,0.5,0.0,0.0,7.880349643997306
32216,0,calendar_2014_test,46.50699499325024,42.0,0.5,0.0,0.0,4.506994993250238
32217,0,calendar_2014_test,48.618547726096324,48.0,0.5,0.0,0.0,0.6185477260963239
32218,0,calendar_2014_test,52.305388655761085,52.0,0.5,0.0,0.0,0.3053886557610852
32219,0,calendar_2014_test,55.344429937001465,48.0,0.5,0.0,0.0,7.344429937001465
32220,0,calendar_2014_test,51.18164854421116,59.0,0.5,0.0,0.0,7.818351455788843
32221,0,calendar_2014_test,69.04555097485809,48.0,0.5,0.0,0.0,21.045550974858088
32222,0,calendar_2014_test,49.40295466188776,35.0,0.5,0.0,0.0,14.402954661887762
32223,0,calendar_2014_test,44.0637480032832,41.0,0.5,0.0,0.0,3.0637480032832016
32224,0,calendar_2014_test,50.56760265441653,36.0,0.5,0.0,0.0,14.567602654416532
32225,0,calendar_2014_test,44.66993035084382,41.0,0.5,0.0,0.0,3.6699303508438206
32226,0,calendar_2014_test,48.66892012770397,49.0,0.5,0.0,0.0,0.33107987229603
32227,0,calendar_2014_test,53.79555321874253,59.0,0.5,0.0,0.0,5.204446781257467
32228,0,calendar_2014_test,60.763775818088064,72.0,0.5,0.0,0.0,11.236224181911936
32229,0,calendar_2014_test,70.94141687949707,80.0,0.5,0.0,0.0,9.05858312050293
32230,0,calendar_2014_test,79.18697765028588,58.0,0.5,0.0,0.0,21.186977650285883
32231,0,calendar_2014_test,56.41064447251897,46.0,0.5,0.0,0.0,10.410644472518968
32232,0,calendar_2014_test,39.2767808573051,54.0,0.5,0.0,0.0,14.723219142694902
32233,0,calendar_2014_test,44.867358548708346,43.0,0.5,0.0,0.0,1.8673585487083457
32234,0,calendar_2014_test,34.35052597418748,35.0,0.5,0.0,0.0,0.6494740258125233
32235,0,calendar_2014_test,34.30719159791627,39.0,0.5,0.0,0.0,4.6928084020837275
32236,0,calendar_2014_test,34.63673406360519,20.0,0.5,0.0,0.0,14.63673406360519
32237,0,calendar_2014_test,17.822352609142555,78.0,0.5,0.0,0.0,60.177647390857445
32238,0,calendar_2014_test,71.99252708009361,72.0,0.5,0.0,0.0,0.007472919906390985
32239,0,calendar_2014_test,72.70034600655958,84.0,0.5,0.0,0.0,11.299653993440415
32240,0,calendar_2014_test,88.0806551525846,55.0,0.5,0.0,0.0,33.0806551525846
32241,0,calendar_2014_test,59.88540489494218,77.0,0.5,0.0,0.0,17.114595105057823
32242,0,calendar_2014_test,82.52317001652318,135.0,0.5,0.0,0.0,52.47682998347682
32243,0,calendar_2014_test,142.56682369648013,76.0,0.5,0.0,0.0,66.56682369648013
32244,0,calendar_2014_test,70.44495567304055,75.0,0.5,0.0,0.0,4.555044326959447
32245,0,calendar_2014_test,76.25406319505139,98.0,0.5,0.0,0.0,21.745936804948613
32246,0,calendar_2014_test,104.66490348254104,116.0,0.5,0.0,0.0,11.335096517458965
32247,0,calendar_2014_test,120.56828362933618,106.0,0.5,0.0,0.0,14.568283629336179
32248,0,calendar_2014_test,96.88320781100276,48.0,0.5,0.0,0.0,48.88320781100276
32249,0,calendar_2014_test,45.47482771212781,37.0,0.5,0.0,0.0,8.474827712127812
32250,0,calendar_2014_test,45.714332040109284,39.0,0.5,0.0,0.0,6.714332040109284
32251,0,calendar_2014_test,44.55638600211426,38.0,0.5,0.0,0.0,6.556386002114259
32252,0,calendar_2014_test,43.88260202094779,64.0,0.5,0.0,0.0,20.117397979052207
32253,0,calendar_2014_test,70.95221408740514,73.0,0.5,0.0,0.0,2.047785912594861
32254,0,calendar_2014_test,70.59803177251064,73.0,0.5,0.0,0.0,2.4019682274893626
32255,0,calendar_2014_test,72.50557459982403,80.0,0.5,0.0,0.0,7.49442540017597
32256,0,calendar_2014_test,80.15560250100222,86.0,0.5,0.0,0.0,5.844397498997779
32257,0,calendar_2014_test,82.79463186060958,106.0,0.5,0.0,0.0,23.205368139390416
32258,0,calendar_2014_test,108.53940406935875,132.0,0.5,0.0,0.0,23.460595930641247
32259,0,calendar_2014_test,127.87272416382133,101.0,0.5,0.0,0.0,26.87272416382133
32260,0,calendar_2014_test,83.03740862597647,68.0,0.5,0.0,0.0,15.037408625976468
32261,0,calendar_2014_test,67.48933660299397,51.0,0.5,0.0,0.0,16.489336602993973
32262,0,calendar_2014_test,49.24183368323981,47.0,0.5,0.0,0.0,2.241833683239811
32263,0,calendar_2014_test,45.888002613568105,41.0,0.5,0.0,0.0,4.888002613568105
32264,0,calendar_2014_test,39.38480448812612,42.0,0.5,0.0,0.0,2.6151955118738783
32265,0,calendar_2014_test,44.99367906292077,49.0,0.5,0.0,0.0,4.006320937079231
32266,0,calendar_2014_test,51.77052260742757,58.0,0.5,0.0,0.0,6.229477392572427
32267,0,calendar_2014_test,63.52379361193308,63.0,0.5,0.0,0.0,0.5237936119330797
32268,0,calendar_2014_test,68.34083247817475,67.0,0.5,0.0,0.0,1.3408324781747467
32269,0,calendar_2014_test,77.10905198682482,72.0,0.5,0.0,0.0,5.109051986824824
32270,0,calendar_2014_test,78.79665511099516,105.0,0.5,0.0,0.0,26.20334488900484
32271,0,calendar_2014_test,118.12104985148004,86.0,0.5,0.0,0.0,32.12104985148004
32272,0,calendar_2014_test,86.52085072905814,81.0,0.5,0.0,0.0,5.5208507290581394
32273,0,calendar_2014_test,81.62621706876669,92.0,0.5,0.0,0.0,10.373782931233308
32274,0,calendar_2014_test,97.86160292640012,93.0,0.5,0.0,0.0,4.861602926400124
32275,0,calendar_2014_test,90.85897695618617,105.0,0.5,0.0,0.0,14.141023043813831
32276,0,calendar_2014_test,111.12868601443772,94.0,0.5,0.0,0.0,17.12868601443772
32277,0,calendar_2014_test,93.52049562569586,91.0,0.5,0.0,0.0,2.520495625695858
32278,0,calendar_2014_test,93.35105939353068,83.0,0.5,0.0,0.0,10.351059393530676
32279,0,calendar_2014_test,86.33361005175809,96.0,0.5,0.0,0.0,9.666389948241914
32280,0,calendar_2014_test,94.49542703200302,113.0,0.5,0.0,0.0,18.504572967996978
32281,0,calendar_2014_test,117.30606582850659,121.0,0.5,0.0,0.0,3.69393417149341
32282,0,calendar_2014_test,119.71889851382292,136.0,0.5,0.0,0.0,16.28110148617708
32283,0,calendar_2014_test,136.80096946141003,132.0,0.5,0.0,0.0,4.800969461410034
32284,0,calendar_2014_test,127.93384147322472,133.0,0.5,0.0,0.0,5.066158526775283
32285,0,calendar_2014_test,129.164941782326,136.0,0.5,0.0,0.0,6.835058217674003
32286,0,calendar_2014_test,129.44850213121146,111.0,0.5,0.0,0.0,18.448502131211455
32287,0,calendar_2014_test,97.16662816263417,106.0,0.5,0.0,0.0,8.833371837365831
32288,0,calendar_2014_test,101.27625973785554,104.0,0.5,0.0,0.0,2.72374026214446
32289,0,calendar_2014_test,96.33850082457035,98.0,0.5,0.0,0.0,1.661499175429654
32290,0,calendar_2014_test,95.42029360980693,99.0,0.5,0.0,0.0,3.579706390193067
32291,0,calendar_2014_test,100.379468327642,90.0,0.5,0.0,0.0,10.379468327642002
32292,0,calendar_2014_test,89.30263730032819,95.0,0.5,0.0,0.0,5.697362699671814
32293,0,calendar_2014_test,98.8776079956191,105.0,0.5,0.0,0.0,6.122392004380899
32294,0,calendar_2014_test,109.38829813536849,99.0,0.5,0.0,0.0,10.388298135368487
32295,0,calendar_2014_test,99.53273137574232,102.0,0.5,0.0,0.0,2.4672686242576845
32296,0,calendar_2014_test,104.19780907472122,103.0,0.5,0.0,0.0,1.1978090747212207
32297,0,calendar_2014_test,104.50035846493152,89.0,0.5,0.0,0.0,15.500358464931523
32298,0,calendar_2014_test,88.84181288219462,89.0,0.5,0.0,0.0,0.15818711780538308
32299,0,calendar_2014_test,91.74729215779935,94.0,0.5,0.0,0.0,2.2527078422006497
32300,0,calendar_2014_test,99.55125268311672,97.0,0.5,0.0,0.0,2.551252683116715
32301,0,calendar_2014_test,100.60648767480163,100.0,0.5,0.0,0.0,0.6064876748016275
32302,0,calendar_2014_test,103.51385983708327,111.0,0.5,0.0,0.0,7.486140162916726
32303,0,calendar_2014_test,116.83887035771994,115.0,0.5,0.0,0.0,1.8388703577199408
32304,0,calendar_2014_test,120.73037026386223,146.0,0.5,0.0,0.0,25.269629736137773
32305,0,calendar_2014_test,154.18841381656367,156.0,0.5,0.0,0.0,1.811586183436333
32306,0,calendar_2014_test,162.73189874517806,221.0,0.5,0.0,0.0,58.26810125482194
32307,0,calendar_2014_test,221.7409987061717,170.0,0.5,0.0,0.0,51.740998706171695
32308,0,calendar_2014_test,142.89437486911984,135.0,0.5,0.0,0.0,7.894374869119844
32309,0,calendar_2014_test,122.01005993582771,98.0,0.5,0.0,0.0,24.010059935827712
32310,0,calendar_2014_test,83.9888451166263,86.0,0.5,0.0,0.0,2.011154883373706
32311,0,calendar_2014_test,82.33976846579445,81.0,0.5,0.0,0.0,1.3397684657944495
32312,0,calendar_2014_test,79.83591812655445,79.0,0.5,0.0,0.0,0.8359181265544464
32313,0,calendar_2014_test,78.83794047077426,153.0,0.5,0.0,0.0,74.16205952922574
32314,0,calendar_2014_test,151.58043175696378,119.0,0.5,0.0,0.0,32.580431756963776
32315,0,calendar_2014_test,109.49846570706424,94.0,0.5,0.0,0.0,15.498465707064241
32316,0,calendar_2014_test,92.44213212078229,91.0,0.5,0.0,0.0,1.44213212078229
32317,0,calendar_2014_test,92.65902866365789,90.0,0.5,0.0,0.0,2.6590286636578924
32318,0,calendar_2014_test,90.6205682329098,90.0,0.5,0.0,0.0,0.6205682329098039
32319,0,calendar_2014_test,92.05672535227019,87.0,0.5,0.0,0.0,5.056725352270192
32320,0,calendar_2014_test,89.54238470326524,94.0,0.5,0.0,0.0,4.457615296734758
32321,0,calendar_2014_test,98.69022849976601,97.0,0.5,0.0,0.0,1.6902284997660075
32322,0,calendar_2014_test,99.83030016511462,107.0,0.5,0.0,0.0,7.169699834885378
32323,0,calendar_2014_test,116.23652975732477,112.0,0.5,0.0,0.0,4.236529757324774
32324,0,calendar_2014_test,113.14903909323941,152.0,0.5,0.0,0.0,38.85096090676059
32325,0,calendar_2014_test,160.01710706057804,129.0,0.5,0.0,0.0,31.01710706057804
32326,0,calendar_2014_test,126.20539101660755,135.0,0.5,0.0,0.0,8.79460898339245
32327,0,calendar_2014_test,141.93032155364787,135.0,0.5,0.0,0.0,6.930321553647872
32328,0,calendar_2014_test,137.0009581996637,150.0,0.5,0.0,0.0,12.9990418003363
32329,0,calendar_2014_test,153.43278929192684,162.0,0.5,0.0,0.0,8.567210708073162
32330,0,calendar_2014_test,163.52139993806833,155.0,0.5,0.0,0.0,8.521399938068328
32331,0,calendar_2014_test,148.9031695804916,143.0,0.5,0.0,0.0,5.903169580491607
32332,0,calendar_2014_test,136.64361693822855,144.0,0.5,0.0,0.0,7.356383061771453
32333,0,calendar_2014_test,142.5120598256491,158.0,0.5,0.0,0.0,15.48794017435091
32334,0,calendar_2014_test,158.50441946001337,202.0,0.5,0.0,0.0,43.49558053998663
32335,0,calendar_2014_test,193.83980861250518,143.0,0.5,0.0,0.0,50.83980861250518
32336,0,calendar_2014_test,123.53985112988167,147.0,0.5,0.0,0.0,23.46014887011833
32337,0,calendar_2014_test,121.66600361290054,136.0,0.5,0.0,0.0,14.333996387099461
32338,0,calendar_2014_test,109.75179812477934,130.0,0.5,0.0,0.0,20.24820187522066
32339,0,calendar_2014_test,125.77893197785315,68.0,0.5,0.0,0.0,57.77893197785315
32340,0,calendar_2014_test,50.61343386007525,113.0,0.5,0.0,0.0,62.38656613992475
32341,0,calendar_2014_test,113.35533692573257,54.0,0.5,0.0,0.0,59.35533692573257
32342,0,calendar_2014_test,40.253916143304366,51.0,0.5,0.0,0.0,10.746083856695634
32343,0,calendar_2014_test,43.552855539573834,48.0,0.5,0.0,0.0,4.447144460426166
32344,0,calendar_2014_test,43.419898061133345,47.0,0.5,0.0,0.0,3.5801019388666546
32345,0,calendar_2014_test,40.45486653710589,44.0,0.5,0.0,0.0,3.545133462894107
32346,0,calendar_2014_test,40.61473871120396,34.0,0.5,0.0,0.0,6.614738711203962
32347,0,calendar_2014_test,33.10524906284709,28.0,0.5,0.0,0.0,5.1052490628470935
32348,0,calendar_2014_test,26.39392829387384,34.0,0.5,0.0,0.0,7.6060717061261585
32349,0,calendar_2014_test,32.10312444798869,34.0,0.5,0.0,0.0,1.8968755520113092
32350,0,calendar_2014_test,31.826394519448087,25.0,0.5,0.0,0.0,6.826394519448087
32351,0,calendar_2014_test,22.207014680280494,26.0,0.5,0.0,0.0,3.792985319719506
32352,0,calendar_2014_test,22.45964555045518,39.0,0.5,0.0,0.0,16.54035444954482
32353,0,calendar_2014_test,35.429143311065104,52.0,0.5,0.0,0.0,16.570856688934896
32354,0,calendar_2014_test,45.79112117697923,54.0,0.5,0.0,0.0,8.208878823020768
32355,0,calendar_2014_test,43.38825906146807,50.0,0.5,0.0,0.0,6.611740938531931
32356,0,calendar_2014_test,38.99422836445749,50.0,0.5,0.0,0.0,11.005771635542509
32357,0,calendar_2014_test,45.14611284549306,60.0,0.5,0.0,0.0,14.853887154506943
32358,0,calendar_2014_test,55.89503496756377,59.0,0.5,0.0,0.0,3.1049650324362332
32359,0,calendar_2014_test,52.78932369294073,49.0,0.5,0.0,0.0,3.7893236929407266
32360,0,calendar_2014_test,44.29420662566394,37.0,0.5,0.0,0.0,7.294206625663939
32361,0,calendar_2014_test,36.302606628627345,32.0,0.5,0.0,0.0,4.302606628627345
32362,0,calendar_2014_test,31.710944954348037,24.0,0.5,0.0,0.0,7.710944954348037
32363,0,calendar_2014_test,27.209033543353215,17.0,0.5,0.0,0.0,10.209033543353215
32364,0,calendar_2014_test,28.660717792420044,21.0,0.5,0.0,0.0,7.660717792420044
32365,0,calendar_2014_test,25.040357685207397,27.0,0.5,0.0,0.0,1.9596423147926032
32366,0,calendar_2014_test,32.6347470112062,27.0,0.5,0.0,0.0,5.634747011206201
32367,0,calendar_2014_test,32.7965333858416,42.0,0.5,0.0,0.0,9.203466614158401
32368,0,calendar_2014_test,49.78164502523834,42.0,0.5,0.0,0.0,7.7816450252383405
32369,0,calendar_2014_test,49.69608726052724,55.0,0.5,0.0,0.0,5.303912739472757
32370,0,calendar_2014_test,57.60981819868535,48.0,0.5,0.0,0.0,9.609818198685353
32371,0,calendar_2014_test,48.35767975300732,40.0,0.5,0.0,0.0,8.357679753007318
32372,0,calendar_2014_test,47.849854261576375,42.0,0.5,0.0,0.0,5.849854261576375
32373,0,calendar_2014_test,47.673796161497854,39.0,0.5,0.0,0.0,8.673796161497854
32374,0,calendar_2014_test,43.619246683191086,64.0,0.5,0.0,0.0,20.380753316808914
32375,0,calendar_2014_test,71.85886667883113,88.0,0.5,0.0,0.0,16.141133321168866
32376,0,calendar_2014_test,92.46652158779034,104.0,0.5,0.0,0.0,11.53347841220966
32377,0,calendar_2014_test,101.80960906435374,122.0,0.5,0.0,0.0,20.190390935646263
32378,0,calendar_2014_test,122.85151924567677,167.0,0.5,0.0,0.0,44.14848075432323
32379,0,calendar_2014_test,167.25866759640886,116.0,0.5,0.0,0.0,51.258667596408856
32380,0,calendar_2014_test,86.07155852813732,121.0,0.5,0.0,0.0,34.92844147186268
32381,0,calendar_2014_test,107.76674582498583,113.0,0.5,0.0,0.0,5.233254175014167
32382,0,calendar_2014_test,100.2425585409518,90.0,0.5,0.0,0.0,10.242558540951805
32383,0,calendar_2014_test,69.49103842098113,59.0,0.5,0.0,0.0,10.491038420981127
32384,0,calendar_2014_test,48.41245914488088,66.0,0.5,0.0,0.0,17.587540855119123
32385,0,calendar_2014_test,60.9940758241382,95.0,0.5,0.0,0.0,34.0059241758618
32386,0,calendar_2014_test,83.46263320654298,104.0,0.5,0.0,0.0,20.537366793457025
32387,0,calendar_2014_test,97.87017072913815,117.0,0.5,0.0,0.0,19.129829270861848
32388,0,calendar_2014_test,113.80105371075237,96.0,0.5,0.0,0.0,17.80105371075237
32389,0,calendar_2014_test,81.65306221570457,50.0,0.5,0.0,0.0,31.653062215704566
32390,0,calendar_2014_test,36.39656256424771,50.0,0.5,0.0,0.0,13.60343743575229
32391,0,calendar_2014_test,46.349723530149284,48.0,0.5,0.0,0.0,1.6502764698507164
32392,0,calendar_2014_test,41.44778401861426,52.0,0.5,0.0,0.0,10.552215981385743
32393,0,calendar_2014_test,46.494084335304635,39.0,0.5,0.0,0.0,7.494084335304635
32394,0,calendar_2014_test,34.13788953631992,35.0,0.5,0.0,0.0,0.8621104636800823
32395,0,calendar_2014_test,32.45340060557781,50.0,0.5,0.0,0.0,17.546599394422188
32396,0,calendar_2014_test,46.068083772891555,38.0,0.5,0.0,0.0,8.068083772891555
32397,0,calendar_2014_test,34.755359121487025,41.0,0.5,0.0,0.0,6.244640878512975
32398,0,calendar_2014_test,38.08553733292861,46.0,0.5,0.0,0.0,7.9144626670713905
32399,0,calendar_2014_test,40.17340313354603,51.0,0.5,0.0,0.0,10.826596866453968
32400,0,calendar_2014_test,43.95925455817053,51.0,0.5,0.0,0.0,7.040745441829472
32401,0,calendar_2014_test,41.10492479459621,59.0,0.5,0.0,0.0,17.895075205403792
32402,0,calendar_2014_test,52.59069311659761,57.0,0.5,0.0,0.0,4.409306883402387
32403,0,calendar_2014_test,50.395354114508905,56.0,0.5,0.0,0.0,5.604645885491095
32404,0,calendar_2014_test,49.044065781417,46.0,0.5,0.0,0.0,3.0440657814169967
32405,0,calendar_2014_test,40.21757838983454,50.0,0.5,0.0,0.0,9.782421610165457
32406,0,calendar_2014_test,45.372415194612806,52.0,0.5,0.0,0.0,6.627584805387194
32407,0,calendar_2014_test,45.65106680150889,49.0,0.5,0.0,0.0,3.3489331984911104
32408,0,calendar_2014_test,39.17962165017766,43.0,0.5,0.0,0.0,3.8203783498223416
32409,0,calendar_2014_test,40.44554979657053,43.0,0.5,0.0,0.0,2.554450203429468
32410,0,calendar_2014_test,39.984166562512314,32.0,0.5,0.0,0.0,7.984166562512314
32411,0,calendar_2014_test,33.18834699702579,26.0,0.5,0.0,0.0,7.188346997025789
32412,0,calendar_2014_test,30.032278553064174,31.0,0.5,0.0,0.0,0.9677214469358262
32413,0,calendar_2014_test,38.58657541739925,32.0,0.5,0.0,0.0,6.586575417399253
32414,0,calendar_2014_test,36.62090046043814,46.0,0.5,0.0,0.0,9.379099539561857
32415,0,calendar_2014_test,48.84828748327636,98.0,0.5,0.0,0.0,49.15171251672364
32416,0,calendar_2014_test,100.236103366346,67.0,0.5,0.0,0.0,33.236103366346
32417,0,calendar_2014_test,63.74689450282674,82.0,0.5,0.0,0.0,18.25310549717326
32418,0,calendar_2014_test,90.78504597823263,65.0,0.5,0.0,0.0,25.78504597823263
32419,0,calendar_2014_test,66.18862817011254,85.0,0.5,0.0,0.0,18.811371829887463
32420,0,calendar_2014_test,91.68454815893394,63.0,0.5,0.0,0.0,28.684548158933936
32421,0,calendar_2014_test,63.141347966671844,48.0,0.5,0.0,0.0,15.141347966671844
32422,0,calendar_2014_test,46.015961005248506,36.0,0.5,0.0,0.0,10.015961005248506
32423,0,calendar_2014_test,32.74012242578496,44.0,0.5,0.0,0.0,11.25987757421504
32424,0,calendar_2014_test,37.90824410484542,49.0,0.5,0.0,0.0,11.091755895154577
32425,0,calendar_2014_test,40.715788144094354,35.0,0.5,0.0,0.0,5.715788144094354
32426,0,calendar_2014_test,34.58439546032153,39.0,0.5,0.0,0.0,4.415604539678469
32427,0,calendar_2014_test,40.85079743738226,52.0,0.5,0.0,0.0,11.149202562617738
32428,0,calendar_2014_test,54.73957399750398,31.0,0.5,0.0,0.0,23.73957399750398
32429,0,calendar_2014_test,32.30012097938811,39.0,0.5,0.0,0.0,6.699879020611888
32430,0,calendar_2014_test,39.23023321708812,36.0,0.5,0.0,0.0,3.23023321708812
32431,0,calendar_2014_test,35.215332447996495,33.0,0.5,0.0,0.0,2.215332447996495
32432,0,calendar_2014_test,38.38069195105599,33.0,0.5,0.0,0.0,5.3806919510559865
32433,0,calendar_2014_test,38.018118398516954,38.0,0.5,0.0,0.0,0.01811839851695396
32434,0,calendar_2014_test,43.72962168323021,32.0,0.5,0.0,0.0,11.729621683230206
32435,0,calendar_2014_test,39.131439030594045,39.0,0.5,0.0,0.0,0.13143903059404494
32436,0,calendar_2014_test,46.546498746972965,38.0,0.5,0.0,0.0,8.546498746972965
32437,0,calendar_2014_test,43.82904144290616,34.0,0.5,0.0,0.0,9.82904144290616
32438,0,calendar_2014_test,40.49916467712065,50.0,0.5,0.0,0.0,9.500835322879347
32439,0,calendar_2014_test,56.7745274867215,59.0,0.5,0.0,0.0,2.225472513278497
32440,0,calendar_2014_test,66.30164347464293,59.0,0.5,0.0,0.0,7.30164347464293
32441,0,calendar_2014_test,64.95775938904661,56.0,0.5,0.0,0.0,8.957759389046615
32442,0,calendar_2014_test,61.729113168137715,63.0,0.5,0.0,0.0,1.2708868318622848
32443,0,calendar_2014_test,67.58475510881254,72.0,0.5,0.0,0.0,4.415244891187456
32444,0,calendar_2014_test,75.96759336222209,71.0,0.5,0.0,0.0,4.96759336222209
32445,0,calendar_2014_test,75.60420433200173,75.0,0.5,0.0,0.0,0.6042043320017285
32446,0,calendar_2014_test,77.60923962622452,71.0,0.5,0.0,0.0,6.609239626224522
32447,0,calendar_2014_test,72.09372832892646,61.0,0.5,0.0,0.0,11.09372832892646
32448,0,calendar_2014_test,63.48438202729823,93.0,0.5,0.0,0.0,29.51561797270177
32449,0,calendar_2014_test,97.7099155598365,97.0,0.5,0.0,0.0,0.709915559836503
32450,0,calendar_2014_test,98.19467226839153,110.0,0.5,0.0,0.0,11.805327731608472
32451,0,calendar_2014_test,111.49820961976934,95.0,0.5,0.0,0.0,16.49820961976934
32452,0,calendar_2014_test,92.10503752212881,103.0,0.5,0.0,0.0,10.89496247787119
32453,0,calendar_2014_test,104.17205841954902,123.0,0.5,0.0,0.0,18.827941580450982
32454,0,calendar_2014_test,124.03798411125933,138.0,0.5,0.0,0.0,13.962015888740666
32455,0,calendar_2014_test,141.86009316555248,111.0,0.5,0.0,0.0,30.860093165552485
32456,0,calendar_2014_test,103.93667526689643,110.0,0.5,0.0,0.0,6.0633247331035705
32457,0,calendar_2014_test,110.43583119726925,108.0,0.5,0.0,0.0,2.435831197269252
32458,0,calendar_2014_test,113.16088656918397,106.0,0.5,0.0,0.0,7.1608865691839725
32459,0,calendar_2014_test,110.46943995570005,108.0,0.5,0.0,0.0,2.4694399557000537
32460,0,calendar_2014_test,115.41238580018572,120.0,0.5,0.0,0.0,4.587614199814283
32461,0,calendar_2014_test,128.93315744734684,154.0,0.5,0.0,0.0,25.066842552653156
32462,0,calendar_2014_test,159.9147562817047,134.0,0.5,0.0,0.0,25.91475628170471
32463,0,calendar_2014_test,126.27660691441555,133.0,0.5,0.0,0.0,6.723393085584448
32464,0,calendar_2014_test,135.81034287794262,124.0,0.5,0.0,0.0,11.810342877942617
32465,0,calendar_2014_test,124.53857424346707,126.0,0.5,0.0,0.0,1.4614257565329325
32466,0,calendar_2014_test,129.63567268338736,127.0,0.5,0.0,0.0,2.635672683387355
32467,0,calendar_2014_test,130.1728272106549,132.0,0.5,0.0,0.0,1.8271727893450986
32468,0,calendar_2014_test,135.28220551886628,132.0,0.5,0.0,0.0,3.2822055188662773
32469,0,calendar_2014_test,132.3009404852032,135.0,0.5,0.0,0.0,2.699059514796801
32470,0,calendar_2014_test,141.7481895003541,159.0,0.5,0.0,0.0,17.2518104996459
32471,0,calendar_2014_test,163.12907781516137,151.0,0.5,0.0,0.0,12.129077815161367
32472,0,calendar_2014_test,145.02348508422173,148.0,0.5,0.0,0.0,2.9765149157782673
32473,0,calendar_2014_test,120.59815818941519,140.0,0.5,0.0,0.0,19.401841810584813
32474,0,calendar_2014_test,123.46884861165174,105.0,0.5,0.0,0.0,18.468848611651737
32475,0,calendar_2014_test,73.07268805827405,85.0,0.5,0.0,0.0,11.927311941725947
32476,0,calendar_2014_test,69.56010660440488,84.0,0.5,0.0,0.0,14.43989339559512
32477,0,calendar_2014_test,76.40837566251767,114.0,0.5,0.0,0.0,37.59162433748233
32478,0,calendar_2014_test,95.02105902173912,112.0,0.5,0.0,0.0,16.97894097826088
32479,0,calendar_2014_test,100.62736542646067,111.0,0.5,0.0,0.0,10.37263457353933
32480,0,calendar_2014_test,98.81364387019272,36.0,0.5,0.0,0.0,62.81364387019272
32481,0,calendar_2014_test,29.460826856975885,12.0,0.5,0.0,0.0,17.460826856975885
32482,0,calendar_2014_test,18.124999766575783,12.0,0.5,0.0,0.0,6.124999766575783
32483,0,calendar_2014_test,22.665244724230533,15.0,0.5,0.0,0.0,7.665244724230533
32484,0,calendar_2014_test,20.1073076556125,23.0,0.5,0.0,0.0,2.8926923443874983
32485,0,calendar_2014_test,28.779278479943926,24.0,0.5,0.0,0.0,4.779278479943926
32486,0,calendar_2014_test,28.739151932294035,16.0,0.5,0.0,0.0,12.739151932294035
32487,0,calendar_2014_test,25.3557808338757,63.0,0.5,0.0,0.0,37.6442191661243
32488,0,calendar_2014_test,71.75256621256247,84.0,0.5,0.0,0.0,12.24743378743753
32489,0,calendar_2014_test,93.19118748716724,93.0,0.5,0.0,0.0,0.191187487167241
32490,0,calendar_2014_test,97.55446093253762,109.0,0.5,0.0,0.0,11.445539067462377
32491,0,calendar_2014_test,114.08081730417456,128.0,0.5,0.0,0.0,13.919182695825441
32492,0,calendar_2014_test,135.0958792321738,125.0,0.5,0.0,0.0,10.095879232173786
32493,0,calendar_2014_test,125.36641880187233,125.0,0.5,0.0,0.0,0.366418801872328
32494,0,calendar_2014_test,124.58879974271721,126.0,0.5,0.0,0.0,1.4112002572827862
32495,0,calendar_2014_test,126.69272417771111,136.0,0.5,0.0,0.0,9.307275822288887
32496,0,calendar_2014_test,138.89964883157592,147.0,0.5,0.0,0.0,8.100351168424083
32497,0,calendar_2014_test,143.6171373568509,95.0,0.5,0.0,0.0,48.61713735685089
32498,0,calendar_2014_test,84.87120327295348,72.0,0.5,0.0,0.0,12.87120327295348
32499,0,calendar_2014_test,66.86567968488959,64.0,0.5,0.0,0.0,2.865679684889585
32500,0,calendar_2014_test,64.01628876552472,61.0,0.5,0.0,0.0,3.0162887655247204
32501,0,calendar_2014_test,57.321836687146224,58.0,0.5,0.0,0.0,0.6781633128537763
32502,0,calendar_2014_test,59.63476256050596,65.0,0.5,0.0,0.0,5.365237439494038
32503,0,calendar_2014_test,69.35369942903445,62.0,0.5,0.0,0.0,7.3536994290344495
32504,0,calendar_2014_test,63.92998589977934,79.0,0.5,0.0,0.0,15.07001410022066
32505,0,calendar_2014_test,83.5411515915586,74.0,0.5,0.0,0.0,9.541151591558602
32506,0,calendar_2014_test,75.34775827491188,67.0,0.5,0.0,0.0,8.347758274911882
32507,0,calendar_2014_test,74.2366223743216,80.0,0.5,0.0,0.0,5.763377625678402
32508,0,calendar_2014_test,84.58432483302462,68.0,0.5,0.0,0.0,16.584324833024624
32509,0,calendar_2014_test,72.8348290473133,63.0,0.5,0.0,0.0,9.834829047313306
32510,0,calendar_2014_test,68.8644076136703,55.0,0.5,0.0,0.0,13.864407613670295
32511,0,calendar_2014_test,57.21575898413419,70.0,0.5,0.0,0.0,12.78424101586581
32512,0,calendar_2014_test,74.91961990987805,84.0,0.5,0.0,0.0,9.080380090121949
32513,0,calendar_2014_test,89.92717139694368,65.0,0.5,0.0,0.0,24.927171396943677
32514,0,calendar_2014_test,68.13207420373432,65.0,0.5,0.0,0.0,3.1320742037343194
32515,0,calendar_2014_test,71.73182360746806,70.0,0.5,0.0,0.0,1.7318236074680584
32516,0,calendar_2014_test,73.39993726436843,70.0,0.5,0.0,0.0,3.3999372643684325
32517,0,calendar_2014_test,71.25698329526145,75.0,0.5,0.0,0.0,3.743016704738551
32518,0,calendar_2014_test,76.66992304243581,90.0,0.5,0.0,0.0,13.330076957564188
32519,0,calendar_2014_test,93.13779468202128,91.0,0.5,0.0,0.0,2.13779468202128
32520,0,calendar_2014_test,89.74858879764719,87.0,0.5,0.0,0.0,2.748588797647187
32521,0,calendar_2014_test,89.19700761357939,80.0,0.5,0.0,0.0,9.197007613579387
32522,0,calendar_2014_test,81.4537387301172,83.0,0.5,0.0,0.0,1.5462612698828053
32523,0,calendar_2014_test,88.41146798660884,79.0,0.5,0.0,0.0,9.41146798660884
32524,0,calendar_2014_test,80.8956799292595,69.0,0.5,0.0,0.0,11.8956799292595
32525,0,calendar_2014_test,70.84290490581446,70.0,0.5,0.0,0.0,0.8429049058144642
32526,0,calendar_2014_test,72.1109934404642,72.0,0.5,0.0,0.0,0.11099344046419901
32527,0,calendar_2014_test,73.36048402332698,74.0,0.5,0.0,0.0,0.6395159766730245
32528,0,calendar_2014_test,69.18524833976214,71.0,0.5,0.0,0.0,1.8147516602378602
32529,0,calendar_2014_test,69.46590024228826,48.0,0.5,0.0,0.0,21.465900242288257
32530,0,calendar_2014_test,50.09637690053212,43.0,0.5,0.0,0.0,7.096376900532121
32531,0,calendar_2014_test,48.55542536132785,45.0,0.5,0.0,0.0,3.555425361327849
32532,0,calendar_2014_test,49.62845550047675,47.0,0.5,0.0,0.0,2.628455500476747
32533,0,calendar_2014_test,50.61617058606784,56.0,0.5,0.0,0.0,5.383829413932162
32534,0,calendar_2014_test,60.62305706702013,59.0,0.5,0.0,0.0,1.6230570670201274
32535,0,calendar_2014_test,61.904064847906696,59.0,0.5,0.0,0.0,2.904064847906696
32536,0,calendar_2014_test,63.721792869937744,55.0,0.5,0.0,0.0,8.721792869937744
32537,0,calendar_2014_test,58.05670864419906,50.0,0.5,0.0,0.0,8.056708644199063
32538,0,calendar_2014_test,53.53034524582328,46.0,0.5,0.0,0.0,7.530345245823277
32539,0,calendar_2014_test,49.91336862284782,40.0,0.5,0.0,0.0,9.91336862284782
32540,0,calendar_2014_test,44.9573105573807,46.0,0.5,0.0,0.0,1.0426894426192987
32541,0,calendar_2014_test,50.36706882337961,47.0,0.5,0.0,0.0,3.3670688233796113
32542,0,calendar_2014_test,49.91370128993224,50.0,0.5,0.0,0.0,0.08629871006775858
32543,0,calendar_2014_test,54.51646372768051,46.0,0.5,0.0,0.0,8.51646372768051
32544,0,calendar_2014_test,48.97723884078982,47.0,0.5,0.0,0.0,1.9772388407898234
32545,0,calendar_2014_test,50.275976305161805,55.0,0.5,0.0,0.0,4.724023694838195
32546,0,calendar_2014_test,57.98487642090029,51.0,0.5,0.0,0.0,6.984876420900292
32547,0,calendar_2014_test,52.92665965076958,63.0,0.5,0.0,0.0,10.07334034923042
32548,0,calendar_2014_test,67.76937679416133,62.0,0.5,0.0,0.0,5.769376794161332
32549,0,calendar_2014_test,66.88113645849215,64.0,0.5,0.0,0.0,2.8811364584921506
32550,0,calendar_2014_test,68.67210869615047,63.0,0.5,0.0,0.0,5.672108696150474
32551,0,calendar_2014_test,67.3925462402772,63.0,0.5,0.0,0.0,4.392546240277198
32552,0,calendar_2014_test,66.19760466212247,59.0,0.5,0.0,0.0,7.1976046621224725
32553,0,calendar_2014_test,57.907293836128886,70.0,0.5,0.0,0.0,12.092706163871114
32554,0,calendar_2014_test,80.02157006921917,71.0,0.5,0.0,0.0,9.021570069219166
32555,0,calendar_2014_test,71.83844508943855,69.0,0.5,0.0,0.0,2.838445089438551
32556,0,calendar_2014_test,70.31028883862997,65.0,0.5,0.0,0.0,5.3102888386299725
32557,0,calendar_2014_test,66.03678890566502,54.0,0.5,0.0,0.0,12.03678890566502
32558,0,calendar_2014_test,53.381947456847705,40.0,0.5,0.0,0.0,13.381947456847705
32559,0,calendar_2014_test,40.144446455452375,42.0,0.5,0.0,0.0,1.8555535445476252
32560,0,calendar_2014_test,44.738855879212295,42.0,0.5,0.0,0.0,2.738855879212295
32561,0,calendar_2014_test,39.60829905441406,48.0,0.5,0.0,0.0,8.391700945585939
32562,0,calendar_2014_test,42.98101588701271,51.0,0.5,0.0,0.0,8.01898411298729
32563,0,calendar_2014_test,44.97808471577418,57.0,0.5,0.0,0.0,12.02191528422582
32564,0,calendar_2014_test,52.61731785749612,49.0,0.5,0.0,0.0,3.6173178574961184
32565,0,calendar_2014_test,40.58133784906792,46.0,0.5,0.0,0.0,5.418662150932079
32566,0,calendar_2014_test,40.222407129997855,40.0,0.5,0.0,0.0,0.22240712999785472
32567,0,calendar_2014_test,36.57956997829873,39.0,0.5,0.0,0.0,2.4204300217012715
32568,0,calendar_2014_test,35.17849475123694,33.0,0.5,0.0,0.0,2.17849475123694
32569,0,calendar_2014_test,30.891248571062448,26.0,0.5,0.0,0.0,4.891248571062448
32570,0,calendar_2014_test,25.3865829281133,34.0,0.5,0.0,0.0,8.613417071886701
32571,0,calendar_2014_test,33.85488099401239,22.0,0.5,0.0,0.0,11.85488099401239
32572,0,calendar_2014_test,19.30156135762924,22.0,0.5,0.0,0.0,2.6984386423707605
32573,0,calendar_2014_test,19.85245151916949,21.0,0.5,0.0,0.0,1.1475484808305083
32574,0,calendar_2014_test,18.292646090562386,16.0,0.5,0.0,0.0,2.2926460905623856
32575,0,calendar_2014_test,15.320923416425586,17.0,0.5,0.0,0.0,1.679076583574414
32576,0,calendar_2014_test,14.596717937913184,8.0,0.5,0.0,0.0,6.5967179379131835
32577,0,calendar_2014_test,12.765543392462135,17.0,0.5,0.0,0.0,4.234456607537865
32578,0,calendar_2014_test,17.635187084920318,15.0,0.5,0.0,0.0,2.635187084920318
32579,0,calendar_2014_test,20.61545218654564,20.0,0.5,0.0,0.0,0.6154521865456388
32580,0,calendar_2014_test,23.867675270980882,22.0,0.5,0.0,0.0,1.8676752709808824
32581,0,calendar_2014_test,30.022197621867917,30.0,0.5,0.0,0.0,0.022197621867917405
32582,0,calendar_2014_test,36.8613724913052,28.0,0.5,0.0,0.0,8.861372491305197
32583,0,calendar_2014_test,33.260861733669216,35.0,0.5,0.0,0.0,1.7391382663307837
32584,0,calendar_2014_test,41.84636582086093,40.0,0.5,0.0,0.0,1.8463658208609317
32585,0,calendar_2014_test,49.473059625107624,46.0,0.5,0.0,0.0,3.4730596251076236
32586,0,calendar_2014_test,53.89854160289695,45.0,0.5,0.0,0.0,8.898541602896948
32587,0,calendar_2014_test,54.27515767521547,47.0,0.5,0.0,0.0,7.275157675215468
32588,0,calendar_2014_test,54.67541906241748,47.0,0.5,0.0,0.0,7.6754190624174825
32589,0,calendar_2014_test,60.43403974618879,57.0,0.5,0.0,0.0,3.4340397461887875
32590,0,calendar_2014_test,56.87152875026378,65.0,0.5,0.0,0.0,8.128471249736222
32591,0,calendar_2014_test,67.56973589919423,72.0,0.5,0.0,0.0,4.430264100805772
32592,0,calendar_2014_test,75.63028003389721,75.0,0.5,0.0,0.0,0.6302800338972077
32593,0,calendar_2014_test,76.15914035613193,82.0,0.5,0.0,0.0,5.840859643868072
32594,0,calendar_2014_test,81.12911735901523,53.0,0.5,0.0,0.0,28.129117359015225
32595,0,calendar_2014_test,42.08778953039835,21.0,0.5,0.0,0.0,21.087789530398346
32596,0,calendar_2014_test,17.36687514407231,23.0,0.5,0.0,0.0,5.63312485592769
32597,0,calendar_2014_test,27.17868423583134,23.0,0.5,0.0,0.0,4.178684235831341
32598,0,calendar_2014_test,23.23626940222708,23.0,0.5,0.0,0.0,0.23626940222708015
32599,0,calendar_2014_test,24.62199597336712,23.0,0.5,0.0,0.0,1.6219959733671203
32600,0,calendar_2014_test,25.038809461495305,30.0,0.5,0.0,0.0,4.961190538504695
32601,0,calendar_2014_test,32.57285211370041,29.0,0.5,0.0,0.0,3.5728521137004066
32602,0,calendar_2014_test,30.699444556140136,40.0,0.5,0.0,0.0,9.300555443859864
32603,0,calendar_2014_test,45.34258125951151,52.0,0.5,0.0,0.0,6.657418740488488
32604,0,calendar_2014_test,56.161992824785024,64.0,0.5,0.0,0.0,7.838007175214976
32605,0,calendar_2014_test,69.69998868880215,65.0,0.5,0.0,0.0,4.699988688802151
32606,0,calendar_2014_test,67.03895894421554,58.0,0.5,0.0,0.0,9.038958944215537
32607,0,calendar_2014_test,57.3048715163704,54.0,0.5,0.0,0.0,3.3048715163703974
32608,0,calendar_2014_test,49.47195484522208,42.0,0.5,0.0,0.0,7.471954845222079
32609,0,calendar_2014_test,45.102446576050035,43.0,0.5,0.0,0.0,2.102446576050035
32610,0,calendar_2014_test,48.93754617228856,40.0,0.5,0.0,0.0,8.937546172288563
32611,0,calendar_2014_test,41.84802833867044,50.0,0.5,0.0,0.0,8.151971661329561
32612,0,calendar_2014_test,54.83648238032678,47.0,0.5,0.0,0.0,7.836482380326778
32613,0,calendar_2014_test,52.9964412716413,57.0,0.5,0.0,0.0,4.003558728358698
32614,0,calendar_2014_test,57.86852454764325,80.0,0.5,0.0,0.0,22.131475452356753
32615,0,calendar_2014_test,80.36343345946267,108.0,0.5,0.0,0.0,27.63656654053733
32616,0,calendar_2014_test,109.64777594702603,106.0,0.5,0.0,0.0,3.647775947026034
32617,0,calendar_2014_test,107.67959162342463,98.0,0.5,0.0,0.0,9.679591623424628
32618,0,calendar_2014_test,96.07283007657828,112.0,0.5,0.0,0.0,15.927169923421715
32619,0,calendar_2014_test,114.55071565648913,104.0,0.5,0.0,0.0,10.550715656489132
32620,0,calendar_2014_test,99.9748581535815,86.0,0.5,0.0,0.0,13.974858153581494
32621,0,calendar_2014_test,72.00211218663335,82.0,0.5,0.0,0.0,9.997887813366646
32622,0,calendar_2014_test,68.12391737251824,52.0,0.5,0.0,0.0,16.123917372518235
32623,0,calendar_2014_test,38.344722576141926,42.0,0.5,0.0,0.0,3.655277423858074
32624,0,calendar_2014_test,32.25544255829611,45.0,0.5,0.0,0.0,12.74455744170389
32625,0,calendar_2014_test,38.01340209579118,34.0,0.5,0.0,0.0,4.013402095791179
32626,0,calendar_2014_test,28.219092475780656,30.0,0.5,0.0,0.0,1.7809075242193444
32627,0,calendar_2014_test,29.021240611706006,30.0,0.5,0.0,0.0,0.9787593882939944
32628,0,calendar_2014_test,28.058079670957454,40.0,0.5,0.0,0.0,11.941920329042546
32629,0,calendar_2014_test,39.285908588533324,36.0,0.5,0.0,0.0,3.2859085885333243
32630,0,calendar_2014_test,34.80322222591452,29.0,0.5,0.0,0.0,5.803222225914517
32631,0,calendar_2014_test,26.261372060018715,25.0,0.5,0.0,0.0,1.261372060018715
32632,0,calendar_2014_test,27.52553147673531,32.0,0.5,0.0,0.0,4.47446852326469
32633,0,calendar_2014_test,31.860215482836594,38.0,0.5,0.0,0.0,6.139784517163406
32634,0,calendar_2014_test,36.848425587541676,34.0,0.5,0.0,0.0,2.8484255875416764
32635,0,calendar_2014_test,33.22489976389798,32.0,0.5,0.0,0.0,1.2248997638979802
32636,0,calendar_2014_test,29.60017277005602,34.0,0.5,0.0,0.0,4.3998272299439805
32637,0,calendar_2014_test,33.11490793678507,29.0,0.5,0.0,0.0,4.114907936785073
32638,0,calendar_2014_test,25.72163871869813,26.0,0.5,0.0,0.0,0.2783612813018692
32639,0,calendar_2014_test,24.335313505359125,23.0,0.5,0.0,0.0,1.3353135053591245
32640,0,calendar_2014_test,21.82962085996452,22.0,0.5,0.0,0.0,0.17037914003547883
32641,0,calendar_2014_test,20.679827240500842,17.0,0.5,0.0,0.0,3.679827240500842
32642,0,calendar_2014_test,18.993042978799124,11.0,0.5,0.0,0.0,7.993042978799124
32643,0,calendar_2014_test,14.437456729606836,20.0,0.5,0.0,0.0,5.562543270393164
32644,0,calendar_2014_test,17.491036860786735,14.0,0.5,0.0,0.0,3.4910368607867355
32645,0,calendar_2014_test,13.787967362014456,16.0,0.5,0.0,0.0,2.212032637985544
32646,0,calendar_2014_test,15.523595040391115,14.0,0.5,0.0,0.0,1.5235950403911147
32647,0,calendar_2014_test,14.419237664012101,14.0,0.5,0.0,0.0,0.41923766401210116
32648,0,calendar_2014_test,18.00165097592496,18.0,0.5,0.0,0.0,0.0016509759249601075
32649,0,calendar_2014_test,20.243948751917088,12.0,0.5,0.0,0.0,8.243948751917088
32650,0,calendar_2014_test,22.3635217446476,19.0,0.5,0.0,0.0,3.363521744647599
32651,0,calendar_2014_test,27.288864030014196,19.0,0.5,0.0,0.0,8.288864030014196
32652,0,calendar_2014_test,27.068234986652044,25.0,0.5,0.0,0.0,2.068234986652044
32653,0,calendar_2014_test,34.18299584292362,30.0,0.5,0.0,0.0,4.182995842923617
32654,0,calendar_2014_test,32.22527468402521,25.0,0.5,0.0,0.0,7.225274684025209
32655,0,calendar_2014_test,31.49378512716578,27.0,0.5,0.0,0.0,4.493785127165779
32656,0,calendar_2014_test,33.54328637990568,30.0,0.5,0.0,0.0,3.5432863799056804
32657,0,calendar_2014_test,35.49449053213105,76.0,0.5,0.0,0.0,40.50550946786895
32658,0,calendar_2014_test,70.75576245124535,68.0,0.5,0.0,0.0,2.755762451245346
32659,0,calendar_2014_test,69.72930162519523,77.0,0.5,0.0,0.0,7.270698374804766
32660,0,calendar_2014_test,79.87521895428637,68.0,0.5,0.0,0.0,11.875218954286368
32661,0,calendar_2014_test,67.97924938044747,59.0,0.5,0.0,0.0,8.97924938044747
32662,0,calendar_2014_test,58.2010792870245,45.0,0.5,0.0,0.0,13.201079287024498
32663,0,calendar_2014_test,39.752828421488296,37.0,0.5,0.0,0.0,2.752828421488296
32664,0,calendar_2014_test,36.369212482108544,89.0,0.5,0.0,0.0,52.630787517891456
32665,0,calendar_2014_test,82.37853375964757,52.0,0.5,0.0,0.0,30.378533759647567
32666,0,calendar_2014_test,45.140381221631905,40.0,0.5,0.0,0.0,5.140381221631905
32667,0,calendar_2014_test,34.72082347744015,45.0,0.5,0.0,0.0,10.279176522559851
32668,0,calendar_2014_test,45.017337639489284,69.0,0.5,0.0,0.0,23.982662360510716
32669,0,calendar_2014_test,69.00347461111674,80.0,0.5,0.0,0.0,10.996525388883256
32670,0,calendar_2014_test,78.00725347816561,96.0,0.5,0.0,0.0,17.99274652183439
32671,0,calendar_2014_test,88.45425145060143,107.0,0.5,0.0,0.0,18.545748549398567
32672,0,calendar_2014_test,107.38676319822461,111.0,0.5,0.0,0.0,3.613236801775386
32673,0,calendar_2014_test,108.56268049107601,121.0,0.5,0.0,0.0,12.437319508923991
32674,0,calendar_2014_test,118.79510258542582,109.0,0.5,0.0,0.0,9.795102585425823
32675,0,calendar_2014_test,93.82660434582772,94.0,0.5,0.0,0.0,0.17339565417228187
32676,0,calendar_2014_test,89.15306831013768,95.0,0.5,0.0,0.0,5.846931689862316
32677,0,calendar_2014_test,93.32513501811664,105.0,0.5,0.0,0.0,11.67486498188336
32678,0,calendar_2014_test,106.32899805994211,94.0,0.5,0.0,0.0,12.328998059942109
32679,0,calendar_2014_test,85.97981942253338,121.0,0.5,0.0,0.0,35.02018057746662
32680,0,calendar_2014_test,117.73994118998665,203.0,0.5,0.0,0.0,85.26005881001335
32681,0,calendar_2014_test,206.41151015808592,84.0,0.5,0.0,0.0,122.41151015808592
32682,0,calendar_2014_test,64.52709701235909,96.0,0.5,0.0,0.0,31.472902987640907
32683,0,calendar_2014_test,100.58141140241742,83.0,0.5,0.0,0.0,17.581411402417416
32684,0,calendar_2014_test,84.24379402347739,85.0,0.5,0.0,0.0,0.7562059765226081
32685,0,calendar_2014_test,89.27759705733867,93.0,0.5,0.0,0.0,3.7224029426613328
32686,0,calendar_2014_test,92.67519488817096,89.0,0.5,0.0,0.0,3.6751948881709637
32687,0,calendar_2014_test,78.7896140650097,75.0,0.5,0.0,0.0,3.789614065009701
32688,0,calendar_2014_test,63.74630273254842,57.0,0.5,0.0,0.0,6.746302732548422
32689,0,calendar_2014_test,48.269261882641935,271.0,0.5,0.0,0.0,222.73073811735807
32690,0,calendar_2014_test,175.62004303208903,50.0,0.5,0.0,0.0,125.62004303208903
32691,0,calendar_2014_test,19.321252880850864,74.0,0.5,0.0,0.0,54.678747119149136
32692,0,calendar_2014_test,70.85763411816299,56.0,0.5,0.0,0.0,14.857634118162991
32693,0,calendar_2014_test,43.10373695184836,48.0,0.5,0.0,0.0,4.8962630481516385
32694,0,calendar_2014_test,42.35290168544953,60.0,0.5,0.0,0.0,17.64709831455047
32695,0,calendar_2014_test,58.065735603534996,49.0,0.5,0.0,0.0,9.065735603534996
32696,0,calendar_2014_test,49.13611955792548,45.0,0.5,0.0,0.0,4.136119557925483
32697,0,calendar_2014_test,46.934707576808144,42.0,0.5,0.0,0.0,4.934707576808144
32698,0,calendar_2014_test,43.3742779043976,38.0,0.5,0.0,0.0,5.3742779043976014
32699,0,calendar_2014_test,45.21154002019243,43.0,0.5,0.0,0.0,2.2115400201924302
32700,0,calendar_2014_test,49.41297478945344,47.0,0.5,0.0,0.0,2.4129747894534432
32701,0,calendar_2014_test,48.1973450369001,63.0,0.5,0.0,0.0,14.802654963099897
32702,0,calendar_2014_test,66.94400787313246,71.0,0.5,0.0,0.0,4.055992126867537
32703,0,calendar_2014_test,75.25200958491473,105.0,0.5,0.0,0.0,29.74799041508527
32704,0,calendar_2014_test,112.70507563189113,74.0,0.5,0.0,0.0,38.705075631891134
32705,0,calendar_2014_test,72.48083548540527,71.0,0.5,0.0,0.0,1.4808354854052652
32706,0,calendar_2014_test,75.19931161226661,80.0,0.5,0.0,0.0,4.800688387733388
32707,0,calendar_2014_test,87.01988501484674,79.0,0.5,0.0,0.0,8.019885014846736
32708,0,calendar_2014_test,84.55545107730894,76.0,0.5,0.0,0.0,8.555451077308945
32709,0,calendar_2014_test,89.22341132740613,69.0,0.5,0.0,0.0,20.223411327406126
32710,0,calendar_2014_test,74.35790441910933,68.0,0.5,0.0,0.0,6.357904419109332
32711,0,calendar_2014_test,69.38095767291738,94.0,0.5,0.0,0.0,24.619042327082624
32712,0,calendar_2014_test,87.36046087955188,96.0,0.5,0.0,0.0,8.63953912044812
32713,0,calendar_2014_test,88.81239859003438,98.0,0.5,0.0,0.0,9.187601409965623
32714,0,calendar_2014_test,97.44586021334831,98.0,0.5,0.0,0.0,0.5541397866516888
32715,0,calendar_2014_test,95.28788765450442,109.0,0.5,0.0,0.0,13.712112345495584
32716,0,calendar_2014_test,104.09651638312778,95.0,0.5,0.0,0.0,9.096516383127778
32717,0,calendar_2014_test,86.69146477923728,87.0,0.5,0.0,0.0,0.308535220762721
32718,0,calendar_2014_test,82.07025970886502,90.0,0.5,0.0,0.0,7.929740291134976
32719,0,calendar_2014_test,86.52857218405313,69.0,0.5,0.0,0.0,17.528572184053132
32720,0,calendar_2014_test,65.45444956360981,54.0,0.5,0.0,0.0,11.454449563609813
32721,0,calendar_2014_test,50.57068013253446,52.0,0.5,0.0,0.0,1.4293198674655372
32722,0,calendar_2014_test,50.66415329624119,48.0,0.5,0.0,0.0,2.6641532962411887
32723,0,calendar_2014_test,48.14192846575513,40.0,0.5,0.0,0.0,8.141928465755129
32724,0,calendar_2014_test,43.85398505335014,41.0,0.5,0.0,0.0,2.8539850533501365
32725,0,calendar_2014_test,45.000929416774284,21.0,0.5,0.0,0.0,24.000929416774284
32726,0,calendar_2014_test,28.697910139272977,28.0,0.5,0.0,0.0,0.6979101392729774
32727,0,calendar_2014_test,32.97244456854801,28.0,0.5,0.0,0.0,4.972444568548013
32728,0,calendar_2014_test,32.907622142436736,34.0,0.5,0.0,0.0,1.0923778575632639
32729,0,calendar_2014_test,40.850675431897315,58.0,0.5,0.0,0.0,17.149324568102685
32730,0,calendar_2014_test,63.3770171077649,64.0,0.5,0.0,0.0,0.6229828922351004
32731,0,calendar_2014_test,69.6736666387952,68.0,0.5,0.0,0.0,1.673666638795197
32732,0,calendar_2014_test,77.29709139559685,70.0,0.5,0.0,0.0,7.297091395596851
32733,0,calendar_2014_test,75.50769914356621,68.0,0.5,0.0,0.0,7.507699143566214
32734,0,calendar_2014_test,73.33041145155593,77.0,0.5,0.0,0.0,3.669588548444068
32735,0,calendar_2014_test,83.11542453420641,84.0,0.5,0.0,0.0,0.8845754657935885
32736,0,calendar_2014_test,90.79606034828994,89.0,0.5,0.0,0.0,1.7960603482899415
32737,0,calendar_2014_test,91.53080185070479,103.0,0.5,0.0,0.0,11.46919814929521
32738,0,calendar_2014_test,105.18830384095874,99.0,0.5,0.0,0.0,6.1883038409587385
32739,0,calendar_2014_test,98.33549376784624,100.0,0.5,0.0,0.0,1.6645062321537551
32740,0,calendar_2014_test,96.75335789706973,132.0,0.5,0.0,0.0,35.24664210293027
32741,0,calendar_2014_test,131.12796746932764,198.0,0.5,0.0,0.0,66.87203253067236
32742,0,calendar_2014_test,190.66486839172558,119.0,0.5,0.0,0.0,71.66486839172558
32743,0,calendar_2014_test,94.23879384217825,137.0,0.5,0.0,0.0,42.761206157821746
32744,0,calendar_2014_test,132.29352266473094,77.0,0.5,0.0,0.0,55.29352266473094
32745,0,calendar_2014_test,70.96742300596286,93.0,0.5,0.0,0.0,22.032576994037143
32746,0,calendar_2014_test,95.27515435323127,124.0,0.5,0.0,0.0,28.724845646768728
32747,0,calendar_2014_test,128.12988909287847,146.0,0.5,0.0,0.0,17.87011090712153
32748,0,calendar_2014_test,144.12583599585278,143.0,0.5,0.0,0.0,1.125835995852782
32749,0,calendar_2014_test,140.43176564832436,115.0,0.5,0.0,0.0,25.431765648324358
32750,0,calendar_2014_test,105.42275213871082,107.0,0.5,0.0,0.0,1.5772478612891803
32751,0,calendar_2014_test,107.16026101728245,99.0,0.5,0.0,0.0,8.160261017282451
32752,0,calendar_2014_test,99.1767936627077,100.0,0.5,0.0,0.0,0.8232063372923051
32753,0,calendar_2014_test,99.5197613582647,103.0,0.5,0.0,0.0,3.4802386417352977
32754,0,calendar_2014_test,101.48850705655275,75.0,0.5,0.0,0.0,26.48850705655275
32755,0,calendar_2014_test,61.158065518168414,61.0,0.5,0.0,0.0,0.15806551816841363
32756,0,calendar_2014_test,60.28278546050621,83.0,0.5,0.0,0.0,22.71721453949379
32757,0,calendar_2014_test,93.91322394720545,90.0,0.5,0.0,0.0,3.913223947205452
32758,0,calendar_2014_test,92.17451160545889,70.0,0.5,0.0,0.0,22.17451160545889
32759,0,calendar_2014_test,71.13003383617135,75.0,0.5,0.0,0.0,3.86996616382865
32760,0,calendar_2014_test,74.76384298738498,83.0,0.5,0.0,0.0,8.236157012615024
32761,0,calendar_2014_test,95.1796815586103,79.0,0.5,0.0,0.0,16.179681558610298
32762,0,calendar_2014_test,83.7472053072624,95.0,0.5,0.0,0.0,11.252794692737595
32763,0,calendar_2014_test,100.33239993217762,134.0,0.5,0.0,0.0,33.66760006782238
32764,0,calendar_2014_test,137.9770413921074,161.0,0.5,0.0,0.0,23.022958607892605
32765,0,calendar_2014_test,162.17379043898728,151.0,0.5,0.0,0.0,11.173790438987282
32766,0,calendar_2014_test,145.82286259420692,147.0,0.5,0.0,0.0,1.1771374057930757
32767,0,calendar_2014_test,137.48909854328048,143.0,0.5,0.0,0.0,5.510901456719523
32768,0,calendar_2014_test,140.57170926539297,132.0,0.5,0.0,0.0,8.571709265392968
32769,0,calendar_2014_test,125.63345105574095,119.0,0.5,0.0,0.0,6.633451055740949
32770,0,calendar_2014_test,114.10428303660596,102.0,0.5,0.0,0.0,12.104283036605963
32771,0,calendar_2014_test,99.86792396453588,97.0,0.5,0.0,0.0,2.8679239645358763
32772,0,calendar_2014_test,100.97132976534778,104.0,0.5,0.0,0.0,3.0286702346522247
32773,0,calendar_2014_test,111.94785245506108,123.0,0.5,0.0,0.0,11.052147544938919
32774,0,calendar_2014_test,131.57316927449637,141.0,0.5,0.0,0.0,9.426830725503635
32775,0,calendar_2014_test,151.43606555509382,167.0,0.5,0.0,0.0,15.563934444906181
32776,0,calendar_2014_test,178.03173194560873,174.0,0.5,0.0,0.0,4.031731945608726
32777,0,calendar_2014_test,176.89035610572188,196.0,0.5,0.0,0.0,19.109643894278122
32778,0,calendar_2014_test,196.1760409634769,215.0,0.5,0.0,0.0,18.823959036523092
32779,0,calendar_2014_test,218.98952861537322,214.0,0.5,0.0,0.0,4.989528615373217
32780,0,calendar_2014_test,210.2861623548102,197.0,0.5,0.0,0.0,13.286162354810187
32781,0,calendar_2014_test,177.173759554603,168.0,0.5,0.0,0.0,9.17375955460301
32782,0,calendar_2014_test,132.8791160451422,122.0,0.5,0.0,0.0,10.879116045142212
32783,0,calendar_2014_test,77.70999650159405,66.0,0.5,0.0,0.0,11.709996501594048
32784,0,calendar_2014_test,49.58791256028075,36.0,0.5,0.0,0.0,13.58791256028075
32785,0,calendar_2014_test,35.48128943412011,20.0,0.5,0.0,0.0,15.481289434120107
32786,0,calendar_2014_test,21.171199292459107,17.0,0.5,0.0,0.0,4.171199292459107
32787,0,calendar_2014_test,80.97356794466603,90.0,0.5,0.0,0.0,9.02643205533397
32788,0,calendar_2014_test,88.77350142443623,97.0,0.5,0.0,0.0,8.226498575563767
32789,0,calendar_2014_test,96.1506799483007,103.0,0.5,0.0,0.0,6.849320051699294
32790,0,calendar_2014_test,102.75068673486975,115.0,0.5,0.0,0.0,12.249313265130255
32791,0,calendar_2014_test,116.79818580108825,117.0,0.5,0.0,0.0,0.20181419891174812
32792,0,calendar_2014_test,116.8378638705735,130.0,0.5,0.0,0.0,13.1621361294265
32793,0,calendar_2014_test,134.61846343332178,132.0,0.5,0.0,0.0,2.6184634333217787
32794,0,calendar_2014_test,130.4506471499444,136.0,0.5,0.0,0.0,5.549352850055612
32795,0,calendar_2014_test,137.58601131682843,150.0,0.5,0.0,0.0,12.413988683171567
32796,0,calendar_2014_test,152.75135211282702,128.0,0.5,0.0,0.0,24.75135211282702
32797,0,calendar_2014_test,121.95409717332191,144.0,0.5,0.0,0.0,22.045902826678088
32798,0,calendar_2014_test,148.0648735086623,146.0,0.5,0.0,0.0,2.064873508662288
32799,0,calendar_2014_test,141.652224439834,152.0,0.5,0.0,0.0,10.347775560166014
32800,0,calendar_2014_test,151.6126262534282,165.0,0.5,0.0,0.0,13.387373746571797
32801,0,calendar_2014_test,169.5103918637039,178.0,0.5,0.0,0.0,8.489608136296113
32802,0,calendar_2014_test,180.87439613168738,196.0,0.5,0.0,0.0,15.125603868312623
32803,0,calendar_2014_test,196.11304000370473,215.0,0.5,0.0,0.0,18.886959996295275
32804,0,calendar_2014_test,221.21262287568106,242.0,0.5,0.0,0.0,20.787377124318937
32805,0,calendar_2014_test,235.5497652615207,249.0,0.5,0.0,0.0,13.45023473847931
32806,0,calendar_2014_test,244.65279117449356,258.0,0.5,0.0,0.0,13.347208825506442
32807,0,calendar_2014_test,250.50224647361875,259.0,0.5,0.0,0.0,8.497753526381246
32808,0,calendar_2014_test,249.7327845682327,239.0,0.5,0.0,0.0,10.732784568232688
32809,0,calendar_2014_test,220.99707149713305,224.0,0.5,0.0,0.0,3.0029285028669506
32810,0,calendar_2014_test,202.3281428461038,182.0,0.5,0.0,0.0,20.328142846103788
32811,0,calendar_2014_test,139.5005539111356,111.0,0.5,0.0,0.0,28.500553911135597
32812,0,calendar_2014_test,61.73457269361941,59.0,0.5,0.0,0.0,2.7345726936194126
32813,0,calendar_2014_test,57.542128750862126,43.0,0.5,0.0,0.0,14.542128750862126
32814,0,calendar_2014_test,44.21367078658896,50.0,0.5,0.0,0.0,5.786329213411037
32815,0,calendar_2014_test,50.59614913453918,54.0,0.5,0.0,0.0,3.403850865460818
32816,0,calendar_2014_test,51.5907780735854,38.0,0.5,0.0,0.0,13.590778073585398
32817,0,calendar_2014_test,42.773276923753286,40.0,0.5,0.0,0.0,2.7732769237532864
32818,0,calendar_2014_test,47.47987150574784,56.0,0.5,0.0,0.0,8.520128494252162
32819,0,calendar_2014_test,67.20145830311458,64.0,0.5,0.0,0.0,3.2014583031145776
32820,0,calendar_2014_test,68.74875170329267,65.0,0.5,0.0,0.0,3.748751703292669
32821,0,calendar_2014_test,68.59210552297493,63.0,0.5,0.0,0.0,5.592105522974933
32822,0,calendar_2014_test,72.16039305839107,73.0,0.5,0.0,0.0,0.8396069416089347
32823,0,calendar_2014_test,71.54403172293414,74.0,0.5,0.0,0.0,2.455968277065864
32824,0,calendar_2014_test,77.05976517356015,84.0,0.5,0.0,0.0,6.940234826439848
32825,0,calendar_2014_test,91.8164785596732,80.0,0.5,0.0,0.0,11.8164785596732
32826,0,calendar_2014_test,83.0270281489954,96.0,0.5,0.0,0.0,12.972971851004601
32827,0,calendar_2014_test,97.53271927364874,109.0,0.5,0.0,0.0,11.467280726351262
32828,0,calendar_2014_test,118.69036982102824,110.0,0.5,0.0,0.0,8.690369821028241
32829,0,calendar_2014_test,115.31877680386008,102.0,0.5,0.0,0.0,13.318776803860075
32830,0,calendar_2014_test,99.20490204803,105.0,0.5,0.0,0.0,5.795097951970007
32831,0,calendar_2014_test,106.47346145689683,105.0,0.5,0.0,0.0,1.4734614568968283
32832,0,calendar_2014_test,92.12937170311714,94.0,0.5,0.0,0.0,1.870628296882856
32833,0,calendar_2014_test,86.35093976911485,92.0,0.5,0.0,0.0,5.649060230885155
32834,0,calendar_2014_test,83.66931247414041,85.0,0.5,0.0,0.0,1.330687525859588
32835,0,calendar_2014_test,75.82884394387244,61.0,0.5,0.0,0.0,14.828843943872442
32836,0,calendar_2014_test,58.26088663604426,54.0,0.5,0.0,0.0,4.260886636044262
32837,0,calendar_2014_test,50.03769991986635,46.0,0.5,0.0,0.0,4.037699919866348
32838,0,calendar_2014_test,41.38665428977876,46.0,0.5,0.0,0.0,4.613345710221239
32839,0,calendar_2014_test,45.664308409521844,56.0,0.5,0.0,0.0,10.335691590478156
32840,0,calendar_2014_test,58.11116558516031,57.0,0.5,0.0,0.0,1.1111655851603075
32841,0,calendar_2014_test,55.47014065096805,59.0,0.5,0.0,0.0,3.529859349031952
32842,0,calendar_2014_test,68.36357538596594,61.0,0.5,0.0,0.0,7.3635753859659445
32843,0,calendar_2014_test,69.25080580793662,76.0,0.5,0.0,0.0,6.749194192063385
32844,0,calendar_2014_test,77.1167829917932,87.0,0.5,0.0,0.0,9.883217008206799
32845,0,calendar_2014_test,93.580384875878,99.0,0.5,0.0,0.0,5.419615124122004
32846,0,calendar_2014_test,102.85729732366444,104.0,0.5,0.0,0.0,1.1427026763355599
32847,0,calendar_2014_test,105.24982697578275,92.0,0.5,0.0,0.0,13.249826975782753
32848,0,calendar_2014_test,89.55335161190506,89.0,0.5,0.0,0.0,0.5533516119050574
32849,0,calendar_2014_test,91.6037459654403,85.0,0.5,0.0,0.0,6.603745965440297
32850,0,calendar_2014_test,86.40292241812347,99.0,0.5,0.0,0.0,12.597077581876533
32851,0,calendar_2014_test,98.88226443019019,98.0,0.5,0.0,0.0,0.8822644301901903
32852,0,calendar_2014_test,90.28373657614564,84.0,0.5,0.0,0.0,6.2837365761456425
32853,0,calendar_2014_test,78.61357443028334,83.0,0.5,0.0,0.0,4.386425569716664
32854,0,calendar_2014_test,82.09590375270874,102.0,0.5,0.0,0.0,19.904096247291264
32855,0,calendar_2014_test,106.95575526126957,84.0,0.5,0.0,0.0,22.955755261269573
32856,0,calendar_2014_test,83.67595023317877,91.0,0.5,0.0,0.0,7.324049766821233
32857,0,calendar_2014_test,92.72287111274633,104.0,0.5,0.0,0.0,11.277128887253667
32858,0,calendar_2014_test,107.86518875388725,95.0,0.5,0.0,0.0,12.865188753887253
32859,0,calendar_2014_test,93.98208491649757,88.0,0.5,0.0,0.0,5.98208491649757
32860,0,calendar_2014_test,87.99493277955382,78.0,0.5,0.0,0.0,9.994932779553821
32861,0,calendar_2014_test,81.10032741216257,84.0,0.5,0.0,0.0,2.899672587837429
32862,0,calendar_2014_test,93.4729470548592,99.0,0.5,0.0,0.0,5.527052945140795
32863,0,calendar_2014_test,107.05009777532713,93.0,0.5,0.0,0.0,14.050097775327131
32864,0,calendar_2014_test,91.42591481411277,79.0,0.5,0.0,0.0,12.425914814112772
32865,0,calendar_2014_test,81.7894255886734,79.0,0.5,0.0,0.0,2.789425588673396
32866,0,calendar_2014_test,85.96277803852745,79.0,0.5,0.0,0.0,6.962778038527446
32867,0,calendar_2014_test,85.48082898378362,91.0,0.5,0.0,0.0,5.519171016216376
32868,0,calendar_2014_test,97.32101738242825,88.0,0.5,0.0,0.0,9.321017382428252
32869,0,calendar_2014_test,89.58593981592605,92.0,0.5,0.0,0.0,2.4140601840739464
32870,0,calendar_2014_test,94.9642685387217,95.0,0.5,0.0,0.0,0.035731461278302845
32871,0,calendar_2014_test,98.09200694724437,107.0,0.5,0.0,0.0,8.907993052755629
32872,0,calendar_2014_test,116.79158469976227,123.0,0.5,0.0,0.0,6.208415300237732
32873,0,calendar_2014_test,131.1416484259678,117.0,0.5,0.0,0.0,14.141648425967787
32874,0,calendar_2014_test,119.02890406132157,140.0,0.5,0.0,0.0,20.97109593867843
32875,0,calendar_2014_test,147.97440268050948,150.0,0.5,0.0,0.0,2.0255973194905152
32876,0,calendar_2014_test,154.57340682990298,150.0,0.5,0.0,0.0,4.573406829902979
32877,0,calendar_2014_test,150.0644791786371,132.0,0.5,0.0,0.0,18.0644791786371
32878,0,calendar_2014_test,129.36737413230617,160.0,0.5,0.0,0.0,30.632625867693832
32879,0,calendar_2014_test,135.87295777626437,158.0,0.5,0.0,0.0,22.12704222373563
32880,0,calendar_2014_test,140.82719161081667,157.0,0.5,0.0,0.0,16.17280838918333
32881,0,calendar_2014_test,140.26204679969953,113.0,0.5,0.0,0.0,27.262046799699533
32882,0,calendar_2014_test,80.0170423653422,51.0,0.5,0.0,0.0,29.017042365342206
32883,0,calendar_2014_test,30.316562399669152,13.0,0.5,0.0,0.0,17.316562399669152
32884,0,calendar_2014_test,14.206866256653129,12.0,0.5,0.0,0.0,2.2068662566531287
32885,0,calendar_2014_test,13.998954286688047,7.0,0.5,0.0,0.0,6.998954286688047
32886,0,calendar_2014_test,8.977072617414578,10.0,0.5,0.0,0.0,1.0229273825854222
32887,0,calendar_2014_test,12.626250987779201,8.0,0.5,0.0,0.0,4.626250987779201
32888,0,calendar_2014_test,10.816453445256556,8.0,0.5,0.0,0.0,2.816453445256556
32889,0,calendar_2014_test,12.063023730023431,10.0,0.5,0.0,0.0,2.0630237300234313
32890,0,calendar_2014_test,20.128951316488084,13.0,0.5,0.0,0.0,7.1289513164880844
32891,0,calendar_2014_test,19.107470707053665,18.0,0.5,0.0,0.0,1.1074707070536647
32892,0,calendar_2014_test,27.056420768749163,21.0,0.5,0.0,0.0,6.056420768749163
32893,0,calendar_2014_test,28.213759907175188,21.0,0.5,0.0,0.0,7.213759907175188
32894,0,calendar_2014_test,27.435019119088665,15.0,0.5,0.0,0.0,12.435019119088665
32895,0,calendar_2014_test,20.540607618147448,10.0,0.5,0.0,0.0,10.540607618147448
32896,0,calendar_2014_test,18.799387877372467,8.0,0.5,0.0,0.0,10.799387877372467
32897,0,calendar_2014_test,12.56257870361108,9.0,0.5,0.0,0.0,3.5625787036110808
32898,0,calendar_2014_test,14.64844149523205,8.0,0.5,0.0,0.0,6.648441495232049
32899,0,calendar_2014_test,12.356285914636189,15.0,0.5,0.0,0.0,2.6437140853638113
32900,0,calendar_2014_test,18.37584166579677,20.0,0.5,0.0,0.0,1.62415833420323
32901,0,calendar_2014_test,21.967927391081957,20.0,0.5,0.0,0.0,1.9679273910819575
32902,0,calendar_2014_test,18.184170993242418,18.0,0.5,0.0,0.0,0.18417099324241804
32903,0,calendar_2014_test,19.548012618132404,15.0,0.5,0.0,0.0,4.548012618132404
32904,0,calendar_2014_test,15.718508573742682,15.0,0.5,0.0,0.0,0.7185085737426817
32905,0,calendar_2014_test,14.837835619056918,16.0,0.5,0.0,0.0,1.1621643809430822
32906,0,calendar_2014_test,14.58027225612058,19.0,0.5,0.0,0.0,4.41972774387942
32907,0,calendar_2014_test,17.30745835860914,23.0,0.5,0.0,0.0,5.692541641390861
32908,0,calendar_2014_test,22.171429074643655,24.0,0.5,0.0,0.0,1.8285709253563454
32909,0,calendar_2014_test,22.141385358512863,26.0,0.5,0.0,0.0,3.8586146414871365
32910,0,calendar_2014_test,24.935819422273937,27.0,0.5,0.0,0.0,2.064180577726063
32911,0,calendar_2014_test,26.05783724106277,27.0,0.5,0.0,0.0,0.9421627589372292
32912,0,calendar_2014_test,21.306775779703713,26.0,0.5,0.0,0.0,4.693224220296287
32913,0,calendar_2014_test,26.706472594077383,23.0,0.5,0.0,0.0,3.7064725940773826
32914,0,calendar_2014_test,18.383675704349372,28.0,0.5,0.0,0.0,9.616324295650628
32915,0,calendar_2014_test,29.516798580983277,27.0,0.5,0.0,0.0,2.516798580983277
32916,0,calendar_2014_test,25.15507450005093,29.0,0.5,0.0,0.0,3.8449254999490705
32917,0,calendar_2014_test,23.12463930359455,31.0,0.5,0.0,0.0,7.875360696405451
32918,0,calendar_2014_test,34.825970970726914,26.0,0.5,0.0,0.0,8.825970970726914
32919,0,calendar_2014_test,27.28292039235788,26.0,0.5,0.0,0.0,1.2829203923578802
32920,0,calendar_2014_test,31.554121840909133,23.0,0.5,0.0,0.0,8.554121840909133
32921,0,calendar_2014_test,28.08170101645871,39.0,0.5,0.0,0.0,10.918298983541291
32922,0,calendar_2014_test,37.61076700813588,39.0,0.5,0.0,0.0,1.3892329918641195
32923,0,calendar_2014_test,33.89720633649644,40.0,0.5,0.0,0.0,6.102793663503562
32924,0,calendar_2014_test,42.019760361172274,40.0,0.5,0.0,0.0,2.019760361172274
32925,0,calendar_2014_test,37.04792105981437,94.0,0.5,0.0,0.0,56.95207894018563
32926,0,calendar_2014_test,75.80951948132824,102.0,0.5,0.0,0.0,26.190480518671762
32927,0,calendar_2014_test,81.62152604486954,100.0,0.5,0.0,0.0,18.37847395513046
32928,0,calendar_2014_test,80.83710800191118,26.0,0.5,0.0,0.0,54.837108001911176
32929,0,calendar_2014_test,21.318635298186322,19.0,0.5,0.0,0.0,2.3186352981863223
32930,0,calendar_2014_test,18.434667453144243,13.0,0.5,0.0,0.0,5.434667453144243
32931,0,calendar_2014_test,14.007538176353677,17.0,0.5,0.0,0.0,2.992461823646323
32932,0,calendar_2014_test,15.75508165524576,12.0,0.5,0.0,0.0,3.7550816552457604
32933,0,calendar_2014_test,13.551179463814194,16.0,0.5,0.0,0.0,2.4488205361858064
32934,0,calendar_2014_test,11.866631544963298,12.0,0.5,0.0,0.0,0.13336845503670247
32935,0,calendar_2014_test,9.572030317751725,13.0,0.5,0.0,0.0,3.427969682248275
32936,0,calendar_2014_test,10.004622564675756,12.0,0.5,0.0,0.0,1.9953774353242437
32937,0,calendar_2014_test,13.747165563565574,14.0,0.5,0.0,0.0,0.2528344364344264
32938,0,calendar_2014_test,13.83326776382141,11.0,0.5,0.0,0.0,2.8332677638214108
32939,0,calendar_2014_test,18.403164755460935,8.0,0.5,0.0,0.0,10.403164755460935
32940,0,calendar_2014_test,13.967183583939274,17.0,0.5,0.0,0.0,3.032816416060726
32941,0,calendar_2014_test,18.12359436278858,13.0,0.5,0.0,0.0,5.12359436278858
32942,0,calendar_2014_test,20.143151910468845,12.0,0.5,0.0,0.0,8.143151910468845
32943,0,calendar_2014_test,12.326617437532576,13.0,0.5,0.0,0.0,0.6733825624674239
32944,0,calendar_2014_test,15.854549857035437,19.0,0.5,0.0,0.0,3.145450142964563
32945,0,calendar_2014_test,23.52525633966887,27.0,0.5,0.0,0.0,3.4747436603311286
32946,0,calendar_2014_test,30.810660150931724,27.0,0.5,0.0,0.0,3.8106601509317244
32947,0,calendar_2014_test,28.933000973791124,38.0,0.5,0.0,0.0,9.066999026208876
32948,0,calendar_2014_test,41.30350033212764,44.0,0.5,0.0,0.0,2.6964996678723594
32949,0,calendar_2014_test,43.74980031234517,44.0,0.5,0.0,0.0,0.2501996876548276
32950,0,calendar_2014_test,42.83419178531683,43.0,0.5,0.0,0.0,0.16580821468316742
32951,0,calendar_2014_test,41.40313421927953,49.0,0.5,0.0,0.0,7.596865780720471
32952,0,calendar_2014_test,48.49134285691784,35.0,0.5,0.0,0.0,13.49134285691784
32953,0,calendar_2014_test,32.62405972856071,18.0,0.5,0.0,0.0,14.62405972856071
32954,0,calendar_2014_test,19.03072852440178,15.0,0.5,0.0,0.0,4.0307285244017805
32955,0,calendar_2014_test,18.641787304218965,21.0,0.5,0.0,0.0,2.3582126957810345
32956,0,calendar_2014_test,21.51512868239506,29.0,0.5,0.0,0.0,7.4848713176049415
32957,0,calendar_2014_test,26.620023660506234,21.0,0.5,0.0,0.0,5.620023660506234
32958,0,calendar_2014_test,22.41307153969248,34.0,0.5,0.0,0.0,11.586928460307519
32959,0,calendar_2014_test,34.49752243741369,32.0,0.5,0.0,0.0,2.497522437413693
32960,0,calendar_2014_test,29.992035269966323,24.0,0.5,0.0,0.0,5.992035269966323
32961,0,calendar_2014_test,28.764188245066492,32.0,0.5,0.0,0.0,3.2358117549335077
32962,0,calendar_2014_test,35.59365317695496,32.0,0.5,0.0,0.0,3.593653176954959
32963,0,calendar_2014_test,33.71741307777785,34.0,0.5,0.0,0.0,0.2825869222221513
32964,0,calendar_2014_test,35.08393454210035,39.0,0.5,0.0,0.0,3.9160654578996485
32965,0,calendar_2014_test,36.21367368272674,40.0,0.5,0.0,0.0,3.7863263172732573
32966,0,calendar_2014_test,43.78317352996868,44.0,0.5,0.0,0.0,0.2168264700313216
32967,0,calendar_2014_test,48.03291631600158,38.0,0.5,0.0,0.0,10.032916316001582
32968,0,calendar_2014_test,44.37381413324029,38.0,0.5,0.0,0.0,6.373814133240288
32969,0,calendar_2014_test,41.84682414695032,42.0,0.5,0.0,0.0,0.15317585304968162
32970,0,calendar_2014_test,48.0113489225908,44.0,0.5,0.0,0.0,4.011348922590798
32971,0,calendar_2014_test,47.644978552878214,54.0,0.5,0.0,0.0,6.355021447121786
32972,0,calendar_2014_test,56.350115698299795,62.0,0.5,0.0,0.0,5.6498843017002045
32973,0,calendar_2014_test,63.619674340269306,78.0,0.5,0.0,0.0,14.380325659730694
32974,0,calendar_2014_test,76.36568371115958,77.0,0.5,0.0,0.0,0.6343162888404237
32975,0,calendar_2014_test,74.04794569122004,75.0,0.5,0.0,0.0,0.9520543087799638
32976,0,calendar_2014_test,65.27807225404439,67.0,0.5,0.0,0.0,1.721927745955611
32977,0,calendar_2014_test,67.61140821862463,52.0,0.5,0.0,0.0,15.611408218624632
32978,0,calendar_2014_test,47.1988568462128,41.0,0.5,0.0,0.0,6.198856846212799
32979,0,calendar_2014_test,37.65728258154182,29.0,0.5,0.0,0.0,8.657282581541821
32980,0,calendar_2014_test,28.010569837246024,21.0,0.5,0.0,0.0,7.010569837246024
32981,0,calendar_2014_test,18.75136084406961,19.0,0.5,0.0,0.0,0.2486391559303911
32982,0,calendar_2014_test,21.271806120007795,8.0,0.5,0.0,0.0,13.271806120007795
32983,0,calendar_2014_test,16.196804665234424,14.0,0.5,0.0,0.0,2.196804665234424
32984,0,calendar_2014_test,21.992780081231643,30.0,0.5,0.0,0.0,8.007219918768357
32985,0,calendar_2014_test,32.10995462557722,29.0,0.5,0.0,0.0,3.109954625577217
32986,0,calendar_2014_test,30.263260219458445,38.0,0.5,0.0,0.0,7.736739780541555
32987,0,calendar_2014_test,45.10224746913867,63.0,0.5,0.0,0.0,17.897752530861332
32988,0,calendar_2014_test,65.99660487340843,63.0,0.5,0.0,0.0,2.9966048734084296
32989,0,calendar_2014_test,64.0929923877199,63.0,0.5,0.0,0.0,1.092992387719903
32990,0,calendar_2014_test,68.81237726114905,79.0,0.5,0.0,0.0,10.187622738850948
32991,0,calendar_2014_test,84.83041824689239,71.0,0.5,0.0,0.0,13.830418246892393
32992,0,calendar_2014_test,72.0677957001264,96.0,0.5,0.0,0.0,23.932204299873604
32993,0,calendar_2014_test,93.20470520184038,102.0,0.5,0.0,0.0,8.795294798159617
32994,0,calendar_2014_test,94.25538880139975,113.0,0.5,0.0,0.0,18.744611198600253
32995,0,calendar_2014_test,106.14948777526355,73.0,0.5,0.0,0.0,33.14948777526355
32996,0,calendar_2014_test,61.3184918771723,67.0,0.5,0.0,0.0,5.681508122827701
32997,0,calendar_2014_test,65.77472551258208,67.0,0.5,0.0,0.0,1.22527448741792
32998,0,calendar_2014_test,67.55123048227574,88.0,0.5,0.0,0.0,20.44876951772426
32999,0,calendar_2014_test,88.48680201792227,85.0,0.5,0.0,0.0,3.4868020179222725
33000,0,calendar_2014_test,82.23129646919519,88.0,0.5,0.0,0.0,5.768703530804814
33001,0,calendar_2014_test,84.62690224767849,104.0,0.5,0.0,0.0,19.373097752321513
33002,0,calendar_2014_test,102.00731197767844,100.0,0.5,0.0,0.0,2.007311977678441
33003,0,calendar_2014_test,91.74988920392514,99.0,0.5,0.0,0.0,7.250110796074864
33004,0,calendar_2014_test,92.65041960484456,100.0,0.5,0.0,0.0,7.349580395155442
33005,0,calendar_2014_test,94.86073799568487,107.0,0.5,0.0,0.0,12.139262004315128
33006,0,calendar_2014_test,106.8738189602036,104.0,0.5,0.0,0.0,2.873818960203593
33007,0,calendar_2014_test,95.92962126474292,90.0,0.5,0.0,0.0,5.92962126474292
33008,0,calendar_2014_test,82.12678698005762,100.0,0.5,0.0,0.0,17.873213019942384
33009,0,calendar_2014_test,102.36974339576662,99.0,0.5,0.0,0.0,3.369743395766619
33010,0,calendar_2014_test,97.46665355857576,95.0,0.5,0.0,0.0,2.466653558575757
33011,0,calendar_2014_test,95.06556270173955,97.0,0.5,0.0,0.0,1.9344372982604483
33012,0,calendar_2014_test,88.53569916244896,90.0,0.5,0.0,0.0,1.4643008375510362
33013,0,calendar_2014_test,88.99791482121357,76.0,0.5,0.0,0.0,12.99791482121357
33014,0,calendar_2014_test,74.94803631696567,72.0,0.5,0.0,0.0,2.94803631696567
33015,0,calendar_2014_test,74.76195049203331,81.0,0.5,0.0,0.0,6.238049507966693
33016,0,calendar_2014_test,89.34470680704257,84.0,0.5,0.0,0.0,5.34470680704257
33017,0,calendar_2014_test,89.82966323033278,90.0,0.5,0.0,0.0,0.170336769667216
33018,0,calendar_2014_test,93.7559641288388,96.0,0.5,0.0,0.0,2.244035871161202
33019,0,calendar_2014_test,101.04905578504898,115.0,0.5,0.0,0.0,13.950944214951022
33020,0,calendar_2014_test,125.5167436583031,115.0,0.5,0.0,0.0,10.516743658303099
33021,0,calendar_2014_test,116.48629908809598,108.0,0.5,0.0,0.0,8.486299088095976
33022,0,calendar_2014_test,107.84675917375974,125.0,0.5,0.0,0.0,17.153240826240264
33023,0,calendar_2014_test,128.1666815514588,123.0,0.5,0.0,0.0,5.166681551458794
33024,0,calendar_2014_test,121.62480627227016,127.0,0.5,0.0,0.0,5.375193727729837
33025,0,calendar_2014_test,127.3297832598415,132.0,0.5,0.0,0.0,4.670216740158494
33026,0,calendar_2014_test,129.33684142305523,125.0,0.5,0.0,0.0,4.336841423055233
33027,0,calendar_2014_test,120.9159552045594,119.0,0.5,0.0,0.0,1.9159552045593955
33028,0,calendar_2014_test,115.24649094118331,127.0,0.5,0.0,0.0,11.75350905881669
33029,0,calendar_2014_test,115.62409226395685,139.0,0.5,0.0,0.0,23.375907736043146
33030,0,calendar_2014_test,141.8817944956804,134.0,0.5,0.0,0.0,7.881794495680396
33031,0,calendar_2014_test,129.5297729429772,131.0,0.5,0.0,0.0,1.4702270570228109
33032,0,calendar_2014_test,127.08834277563398,135.0,0.5,0.0,0.0,7.911657224366024
33033,0,calendar_2014_test,138.11786628728046,137.0,0.5,0.0,0.0,1.1178662872804637
33034,0,calendar_2014_test,138.46515800783158,143.0,0.5,0.0,0.0,4.534841992168424
33035,0,calendar_2014_test,144.4551002699997,140.0,0.5,0.0,0.0,4.45510026999969
33036,0,calendar_2014_test,138.29937998708175,86.0,0.5,0.0,0.0,52.29937998708175
33037,0,calendar_2014_test,66.20784580552737,83.0,0.5,0.0,0.0,16.79215419447263
33038,0,calendar_2014_test,82.8889219306314,83.0,0.5,0.0,0.0,0.11107806936860243
33039,0,calendar_2014_test,91.57211225419557,68.0,0.5,0.0,0.0,23.572112254195574
33040,0,calendar_2014_test,70.19460513325502,53.0,0.5,0.0,0.0,17.194605133255024
33041,0,calendar_2014_test,47.535243082518015,52.0,0.5,0.0,0.0,4.464756917481985
33042,0,calendar_2014_test,56.17974290938463,46.0,0.5,0.0,0.0,10.179742909384629
33043,0,calendar_2014_test,43.877198414205814,49.0,0.5,0.0,0.0,5.1228015857941855
33044,0,calendar_2014_test,45.86416529889852,59.0,0.5,0.0,0.0,13.13583470110148
33045,0,calendar_2014_test,60.635481348994084,52.0,0.5,0.0,0.0,8.635481348994084
33046,0,calendar_2014_test,45.883910981604295,43.0,0.5,0.0,0.0,2.883910981604295
33047,0,calendar_2014_test,41.764859667473665,46.0,0.5,0.0,0.0,4.235140332526335
33048,0,calendar_2014_test,42.8057448833003,40.0,0.5,0.0,0.0,2.8057448833002994
33049,0,calendar_2014_test,34.915956253235294,32.0,0.5,0.0,0.0,2.9159562532352936
33050,0,calendar_2014_test,34.31006003031038,29.0,0.5,0.0,0.0,5.310060030310382
33051,0,calendar_2014_test,24.22572818268111,33.0,0.5,0.0,0.0,8.77427181731889
33052,0,calendar_2014_test,33.38498488517014,37.0,0.5,0.0,0.0,3.615015114829859
33053,0,calendar_2014_test,45.192569391418566,37.0,0.5,0.0,0.0,8.192569391418566
33054,0,calendar_2014_test,43.10728682184211,62.0,0.5,0.0,0.0,18.89271317815789
33055,0,calendar_2014_test,69.61768477459188,80.0,0.5,0.0,0.0,10.38231522540812
33056,0,calendar_2014_test,81.52020615889194,62.0,0.5,0.0,0.0,19.520206158891938
33057,0,calendar_2014_test,57.715065892674986,53.0,0.5,0.0,0.0,4.7150658926749855
33058,0,calendar_2014_test,49.6383306241659,59.0,0.5,0.0,0.0,9.361669375834097
33059,0,calendar_2014_test,61.81457963402305,51.0,0.5,0.0,0.0,10.814579634023048
33060,0,calendar_2014_test,53.002400929874206,60.0,0.5,0.0,0.0,6.997599070125794
33061,0,calendar_2014_test,66.68166705052931,59.0,0.5,0.0,0.0,7.681667050529313
33062,0,calendar_2014_test,60.37733568700924,55.0,0.5,0.0,0.0,5.377335687009243
33063,0,calendar_2014_test,58.026963274711854,49.0,0.5,0.0,0.0,9.026963274711854
33064,0,calendar_2014_test,53.30787615103674,52.0,0.5,0.0,0.0,1.3078761510367372
33065,0,calendar_2014_test,56.11908501452756,55.0,0.5,0.0,0.0,1.1190850145275633
33066,0,calendar_2014_test,56.912583365879115,24.0,0.5,0.0,0.0,32.912583365879115
33067,0,calendar_2014_test,31.709453695427797,21.0,0.5,0.0,0.0,10.709453695427797
33068,0,calendar_2014_test,26.704386595149728,18.0,0.5,0.0,0.0,8.704386595149728
33069,0,calendar_2014_test,25.65035765067644,25.0,0.5,0.0,0.0,0.6503576506764404
33070,0,calendar_2014_test,27.918495366678314,25.0,0.5,0.0,0.0,2.9184953666783144
33071,0,calendar_2014_test,24.80976009302087,18.0,0.5,0.0,0.0,6.80976009302087
33072,0,calendar_2014_test,26.20587334204484,18.0,0.5,0.0,0.0,8.205873342044839
33073,0,calendar_2014_test,23.30164197114776,24.0,0.5,0.0,0.0,0.6983580288522404
33074,0,calendar_2014_test,27.555302060814753,20.0,0.5,0.0,0.0,7.555302060814753
33075,0,calendar_2014_test,22.036823034369732,31.0,0.5,0.0,0.0,8.963176965630268
33076,0,calendar_2014_test,34.8498485701647,31.0,0.5,0.0,0.0,3.8498485701647027
33077,0,calendar_2014_test,34.88283641425111,28.0,0.5,0.0,0.0,6.882836414251109
33078,0,calendar_2014_test,30.16230856236534,31.0,0.5,0.0,0.0,0.8376914376346605
33079,0,calendar_2014_test,34.92392455551449,28.0,0.5,0.0,0.0,6.923924555514489
33080,0,calendar_2014_test,34.82081260248658,34.0,0.5,0.0,0.0,0.8208126024865834
33081,0,calendar_2014_test,42.3138968864474,32.0,0.5,0.0,0.0,10.313896886447402
33082,0,calendar_2014_test,34.101490681201625,44.0,0.5,0.0,0.0,9.898509318798375
33083,0,calendar_2014_test,44.20627037894672,46.0,0.5,0.0,0.0,1.7937296210532807
33084,0,calendar_2014_test,42.66644988293816,43.0,0.5,0.0,0.0,0.33355011706184
33085,0,calendar_2014_test,41.92233071656253,48.0,0.5,0.0,0.0,6.077669283437473
33086,0,calendar_2014_test,45.85897163090982,57.0,0.5,0.0,0.0,11.14102836909018
33087,0,calendar_2014_test,55.56450572326885,53.0,0.5,0.0,0.0,2.5645057232688515
33088,0,calendar_2014_test,48.69870749038768,64.0,0.5,0.0,0.0,15.301292509612317
33089,0,calendar_2014_test,64.07094825211612,52.0,0.5,0.0,0.0,12.070948252116125
33090,0,calendar_2014_test,47.33349868956093,37.0,0.5,0.0,0.0,10.333498689560933
33091,0,calendar_2014_test,43.039575182757225,35.0,0.5,0.0,0.0,8.039575182757225
33092,0,calendar_2014_test,38.28580819031036,39.0,0.5,0.0,0.0,0.7141918096896376
33093,0,calendar_2014_test,38.08545753103485,31.0,0.5,0.0,0.0,7.085457531034848
33094,0,calendar_2014_test,29.45784262702273,29.0,0.5,0.0,0.0,0.45784262702272827
33095,0,calendar_2014_test,28.088220138009262,28.0,0.5,0.0,0.0,0.08822013800926243
33096,0,calendar_2014_test,25.846845209105595,32.0,0.5,0.0,0.0,6.153154790894405
33097,0,calendar_2014_test,34.12048478322943,33.0,0.5,0.0,0.0,1.1204847832294291
33098,0,calendar_2014_test,35.08784123821796,25.0,0.5,0.0,0.0,10.087841238217962
33099,0,calendar_2014_test,27.68312758568534,30.0,0.5,0.0,0.0,2.316872414314659
33100,0,calendar_2014_test,31.84008153488999,28.0,0.5,0.0,0.0,3.8400815348899897
33101,0,calendar_2014_test,29.696202965144096,36.0,0.5,0.0,0.0,6.303797034855904
33102,0,calendar_2014_test,37.32944045220875,43.0,0.5,0.0,0.0,5.67055954779125
33103,0,calendar_2014_test,43.50104140265125,43.0,0.5,0.0,0.0,0.5010414026512535
33104,0,calendar_2014_test,43.4062964084743,54.0,0.5,0.0,0.0,10.593703591525703
33105,0,calendar_2014_test,57.61971376340146,56.0,0.5,0.0,0.0,1.6197137634014567
33106,0,calendar_2014_test,58.77435536583858,45.0,0.5,0.0,0.0,13.77435536583858
33107,0,calendar_2014_test,47.91551271722269,48.0,0.5,0.0,0.0,0.08448728277731021
33108,0,calendar_2014_test,51.62207063470603,57.0,0.5,0.0,0.0,5.377929365293973
33109,0,calendar_2014_test,59.85829044288523,50.0,0.5,0.0,0.0,9.858290442885227
33110,0,calendar_2014_test,51.22423460641765,47.0,0.5,0.0,0.0,4.224234606417653
33111,0,calendar_2014_test,50.760760077032614,48.0,0.5,0.0,0.0,2.7607600770326144
33112,0,calendar_2014_test,49.430708236923,62.0,0.5,0.0,0.0,12.569291763076997
33113,0,calendar_2014_test,65.3388882110888,77.0,0.5,0.0,0.0,11.6611117889112
33114,0,calendar_2014_test,80.08856196230094,83.0,0.5,0.0,0.0,2.9114380376990567
33115,0,calendar_2014_test,89.89704961688254,87.0,0.5,0.0,0.0,2.8970496168825406
33116,0,calendar_2014_test,91.12291224498996,88.0,0.5,0.0,0.0,3.122912244989962
33117,0,calendar_2014_test,88.95782800876347,107.0,0.5,0.0,0.0,18.04217199123653
33118,0,calendar_2014_test,112.66336088957215,88.0,0.5,0.0,0.0,24.663360889572147
33119,0,calendar_2014_test,82.62170708859945,88.0,0.5,0.0,0.0,5.37829291140055
33120,0,calendar_2014_test,88.30447633736298,79.0,0.5,0.0,0.0,9.304476337362985
33121,0,calendar_2014_test,78.43572749959543,60.0,0.5,0.0,0.0,18.43572749959543
33122,0,calendar_2014_test,59.969344624267386,48.0,0.5,0.0,0.0,11.969344624267386
33123,0,calendar_2014_test,45.44858034921644,38.0,0.5,0.0,0.0,7.448580349216442
33124,0,calendar_2014_test,40.29131807095353,42.0,0.5,0.0,0.0,1.7086819290464703
33125,0,calendar_2014_test,42.75423019066107,47.0,0.5,0.0,0.0,4.245769809338931
33126,0,calendar_2014_test,45.82123004597379,53.0,0.5,0.0,0.0,7.178769954026208
33127,0,calendar_2014_test,54.190857254720875,52.0,0.5,0.0,0.0,2.190857254720875
33128,0,calendar_2014_test,52.57216141620063,51.0,0.5,0.0,0.0,1.572161416200629
33129,0,calendar_2014_test,54.68608777665431,53.0,0.5,0.0,0.0,1.6860877766543112
33130,0,calendar_2014_test,55.695894996581,51.0,0.5,0.0,0.0,4.6958949965810035
33131,0,calendar_2014_test,51.79030910454271,54.0,0.5,0.0,0.0,2.2096908954572925
33132,0,calendar_2014_test,53.02853298519418,54.0,0.5,0.0,0.0,0.9714670148058175
33133,0,calendar_2014_test,55.130075039554036,54.0,0.5,0.0,0.0,1.1300750395540362
33134,0,calendar_2014_test,104.20997943853742,78.0,0.5,0.0,0.0,26.209979438537417
33135,0,calendar_2014_test,75.07517351001678,80.0,0.5,0.0,0.0,4.924826489983218
33136,0,calendar_2014_test,82.08856775960699,77.0,0.5,0.0,0.0,5.088567759606988
33137,0,calendar_2014_test,78.74020780695062,79.0,0.5,0.0,0.0,0.2597921930493783
33138,0,calendar_2014_test,84.22221595569563,79.0,0.5,0.0,0.0,5.222215955695631
33139,0,calendar_2014_test,81.75666222027834,59.0,0.5,0.0,0.0,22.756662220278344
33140,0,calendar_2014_test,60.81593352032478,75.0,0.5,0.0,0.0,14.184066479675216
33141,0,calendar_2014_test,78.25498117437022,94.0,0.5,0.0,0.0,15.745018825629785
33142,0,calendar_2014_test,102.57950011702103,88.0,0.5,0.0,0.0,14.579500117021027
33143,0,calendar_2014_test,91.6925768785135,88.0,0.5,0.0,0.0,3.6925768785135062
33144,0,calendar_2014_test,93.71973745144487,85.0,0.5,0.0,0.0,8.719737451444871
33145,0,calendar_2014_test,90.23013560530661,87.0,0.5,0.0,0.0,3.2301356053066144
33146,0,calendar_2014_test,92.57531692048484,94.0,0.5,0.0,0.0,1.4246830795151624
33147,0,calendar_2014_test,100.24893680896724,103.0,0.5,0.0,0.0,2.751063191032756
33148,0,calendar_2014_test,108.48623062398455,101.0,0.5,0.0,0.0,7.486230623984554
33149,0,calendar_2014_test,99.72950227942556,114.0,0.5,0.0,0.0,14.27049772057444
33150,0,calendar_2014_test,115.1928350744463,123.0,0.5,0.0,0.0,7.807164925553707
33151,0,calendar_2014_test,121.84388632387885,122.0,0.5,0.0,0.0,0.15611367612115146
33152,0,calendar_2014_test,117.19057912598983,96.0,0.5,0.0,0.0,21.190579125989828
33153,0,calendar_2014_test,84.76658274963417,51.0,0.5,0.0,0.0,33.76658274963417
33154,0,calendar_2014_test,47.721702637573976,23.0,0.5,0.0,0.0,24.721702637573976
33155,0,calendar_2014_test,26.14015238404717,59.0,0.5,0.0,0.0,32.85984761595283
33156,0,calendar_2014_test,53.83840308243583,43.0,0.5,0.0,0.0,10.838403082435832
33157,0,calendar_2014_test,41.52787183698229,13.0,0.5,0.0,0.0,28.527871836982293
33158,0,calendar_2014_test,22.03443562550089,13.0,0.5,0.0,0.0,9.03443562550089
33159,0,calendar_2014_test,15.88171910247172,16.0,0.5,0.0,0.0,0.11828089752827964
33160,0,calendar_2014_test,14.359646771196694,13.0,0.5,0.0,0.0,1.3596467711966937
33161,0,calendar_2014_test,14.136596126062713,12.0,0.5,0.0,0.0,2.136596126062713
33162,0,calendar_2014_test,15.679784679981793,18.0,0.5,0.0,0.0,2.3202153200182067
33163,0,calendar_2014_test,17.94514727321065,16.0,0.5,0.0,0.0,1.945147273210651
33164,0,calendar_2014_test,17.89260808753143,15.0,0.5,0.0,0.0,2.8926080875314284
33165,0,calendar_2014_test,18.07988614373228,20.0,0.5,0.0,0.0,1.9201138562677187
33166,0,calendar_2014_test,25.11016668076097,17.0,0.5,0.0,0.0,8.110166680760969
33167,0,calendar_2014_test,24.714586136307716,19.0,0.5,0.0,0.0,5.714586136307716
33168,0,calendar_2014_test,25.98097498534611,40.0,0.5,0.0,0.0,14.019025014653892
33169,0,calendar_2014_test,42.9270666315493,44.0,0.5,0.0,0.0,1.0729333684506983
33170,0,calendar_2014_test,46.584088471569,33.0,0.5,0.0,0.0,13.584088471568997
33171,0,calendar_2014_test,39.99739133649088,33.0,0.5,0.0,0.0,6.997391336490878
33172,0,calendar_2014_test,38.28619745561058,37.0,0.5,0.0,0.0,1.2861974556105835
33173,0,calendar_2014_test,41.382910600821205,37.0,0.5,0.0,0.0,4.382910600821205
33174,0,calendar_2014_test,38.64406824202019,50.0,0.5,0.0,0.0,11.35593175797981
33175,0,calendar_2014_test,48.35395089327689,51.0,0.5,0.0,0.0,2.6460491067231118
33176,0,calendar_2014_test,47.936110333370245,39.0,0.5,0.0,0.0,8.936110333370245
33177,0,calendar_2014_test,35.091921172588194,28.0,0.5,0.0,0.0,7.091921172588194
33178,0,calendar_2014_test,26.764407527727244,35.0,0.5,0.0,0.0,8.235592472272756
33179,0,calendar_2014_test,37.607608999998526,31.0,0.5,0.0,0.0,6.607608999998526
33180,0,calendar_2014_test,28.935028405461836,31.0,0.5,0.0,0.0,2.0649715945381644
33181,0,calendar_2014_test,30.180494982045204,27.0,0.5,0.0,0.0,3.1804949820452038
33182,0,calendar_2014_test,28.115098972834403,23.0,0.5,0.0,0.0,5.115098972834403
33183,0,calendar_2014_test,20.559631768473125,18.0,0.5,0.0,0.0,2.5596317684731247
33184,0,calendar_2014_test,20.85298575757338,16.0,0.5,0.0,0.0,4.852985757573379
33185,0,calendar_2014_test,15.401467522961298,12.0,0.5,0.0,0.0,3.4014675229612976
33186,0,calendar_2014_test,16.881341155305535,14.0,0.5,0.0,0.0,2.8813411553055346
33187,0,calendar_2014_test,14.916610490720146,14.0,0.5,0.0,0.0,0.9166104907201458
33188,0,calendar_2014_test,17.784368171289557,10.0,0.5,0.0,0.0,7.784368171289557
33189,0,calendar_2014_test,16.05432814203651,20.0,0.5,0.0,0.0,3.9456718579634895
33190,0,calendar_2014_test,24.85037601563168,30.0,0.5,0.0,0.0,5.1496239843683185
33191,0,calendar_2014_test,34.271715685268376,40.0,0.5,0.0,0.0,5.728284314731624
33192,0,calendar_2014_test,41.07943699985297,44.0,0.5,0.0,0.0,2.920563000147027
33193,0,calendar_2014_test,46.345846938040445,38.0,0.5,0.0,0.0,8.345846938040445
33194,0,calendar_2014_test,43.926274470407954,50.0,0.5,0.0,0.0,6.073725529592046
33195,0,calendar_2014_test,54.87089102315337,64.0,0.5,0.0,0.0,9.12910897684663
33196,0,calendar_2014_test,68.06657530910576,99.0,0.5,0.0,0.0,30.933424690894242
33197,0,calendar_2014_test,98.27385872201165,110.0,0.5,0.0,0.0,11.726141277988347
33198,0,calendar_2014_test,113.13269945991223,105.0,0.5,0.0,0.0,8.132699459912232
33199,0,calendar_2014_test,103.13553233498786,108.0,0.5,0.0,0.0,4.864467665012143
33200,0,calendar_2014_test,108.70834298318194,121.0,0.5,0.0,0.0,12.291657016818064
33201,0,calendar_2014_test,121.8652920280744,126.0,0.5,0.0,0.0,4.134707971925593
33202,0,calendar_2014_test,121.89019579144053,103.0,0.5,0.0,0.0,18.890195791440533
33203,0,calendar_2014_test,93.87026497890645,78.0,0.5,0.0,0.0,15.870264978906448
33204,0,calendar_2014_test,72.3828642860106,93.0,0.5,0.0,0.0,20.6171357139894
33205,0,calendar_2014_test,95.83469879413286,49.0,0.5,0.0,0.0,46.83469879413286
33206,0,calendar_2014_test,43.24337746302324,29.0,0.5,0.0,0.0,14.243377463023243
33207,0,calendar_2014_test,33.61511302036453,25.0,0.5,0.0,0.0,8.615113020364532
33208,0,calendar_2014_test,29.126300338196287,34.0,0.5,0.0,0.0,4.8736996618037125
33209,0,calendar_2014_test,37.2133158511895,39.0,0.5,0.0,0.0,1.786684148810501
33210,0,calendar_2014_test,41.35713083920524,41.0,0.5,0.0,0.0,0.35713083920524014
33211,0,calendar_2014_test,43.10790461853554,48.0,0.5,0.0,0.0,4.892095381464458
33212,0,calendar_2014_test,42.58278192857099,49.0,0.5,0.0,0.0,6.417218071429012
33213,0,calendar_2014_test,49.13011896475702,19.0,0.5,0.0,0.0,30.130118964757017
33214,0,calendar_2014_test,29.664932683986137,14.0,0.5,0.0,0.0,15.664932683986137
33215,0,calendar_2014_test,27.548058966154088,24.0,0.5,0.0,0.0,3.5480589661540876
33216,0,calendar_2014_test,29.94295964913654,22.0,0.5,0.0,0.0,7.94295964913654
33217,0,calendar_2014_test,23.79729745851151,30.0,0.5,0.0,0.0,6.202702541488492
33218,0,calendar_2014_test,36.436378951860995,30.0,0.5,0.0,0.0,6.436378951860995
33219,0,calendar_2014_test,35.135575274903275,37.0,0.5,0.0,0.0,1.8644247250967254
33220,0,calendar_2014_test,38.653100443282405,35.0,0.5,0.0,0.0,3.653100443282405
33221,0,calendar_2014_test,41.28826706959611,39.0,0.5,0.0,0.0,2.2882670695961096
33222,0,calendar_2014_test,43.42953708656564,38.0,0.5,0.0,0.0,5.429537086565638
33223,0,calendar_2014_test,40.04427087802649,35.0,0.5,0.0,0.0,5.044270878026488
33224,0,calendar_2014_test,37.63293211459653,29.0,0.5,0.0,0.0,8.632932114596528
33225,0,calendar_2014_test,31.438106482937883,28.0,0.5,0.0,0.0,3.438106482937883
33226,0,calendar_2014_test,31.351964542592683,18.0,0.5,0.0,0.0,13.351964542592683
33227,0,calendar_2014_test,21.43288160970839,25.0,0.5,0.0,0.0,3.5671183902916113
33228,0,calendar_2014_test,26.796318592154748,34.0,0.5,0.0,0.0,7.203681407845252
33229,0,calendar_2014_test,32.197419422611006,24.0,0.5,0.0,0.0,8.197419422611006
33230,0,calendar_2014_test,28.12453865788882,23.0,0.5,0.0,0.0,5.12453865788882
33231,0,calendar_2014_test,25.268120920205163,30.0,0.5,0.0,0.0,4.731879079794837
33232,0,calendar_2014_test,30.581799270762048,35.0,0.5,0.0,0.0,4.418200729237952
33233,0,calendar_2014_test,36.55822908340145,46.0,0.5,0.0,0.0,9.44177091659855
33234,0,calendar_2014_test,43.09901634788577,47.0,0.5,0.0,0.0,3.9009836521142276
33235,0,calendar_2014_test,46.01352009167875,39.0,0.5,0.0,0.0,7.01352009167875
33236,0,calendar_2014_test,39.03650731981759,50.0,0.5,0.0,0.0,10.963492680182412
33237,0,calendar_2014_test,52.427145477730136,54.0,0.5,0.0,0.0,1.5728545222698642
33238,0,calendar_2014_test,54.064998498465286,59.0,0.5,0.0,0.0,4.935001501534714
33239,0,calendar_2014_test,64.81722680597161,58.0,0.5,0.0,0.0,6.817226805971615
33240,0,calendar_2014_test,62.90681333637798,70.0,0.5,0.0,0.0,7.093186663622021
33241,0,calendar_2014_test,73.4198028246232,90.0,0.5,0.0,0.0,16.580197175376796
33242,0,calendar_2014_test,93.14464748047223,106.0,0.5,0.0,0.0,12.85535251952777
33243,0,calendar_2014_test,106.76168319395191,128.0,0.5,0.0,0.0,21.23831680604809
33244,0,calendar_2014_test,133.10947862354337,118.0,0.5,0.0,0.0,15.109478623543367
33245,0,calendar_2014_test,114.47417804972295,111.0,0.5,0.0,0.0,3.4741780497229513
33246,0,calendar_2014_test,111.61927957429897,131.0,0.5,0.0,0.0,19.38072042570103
33247,0,calendar_2014_test,133.1378717405057,153.0,0.5,0.0,0.0,19.862128259494312
33248,0,calendar_2014_test,157.0234194325639,169.0,0.5,0.0,0.0,11.976580567436088
33249,0,calendar_2014_test,170.97449006436324,161.0,0.5,0.0,0.0,9.974490064363238
33250,0,calendar_2014_test,154.08146499300392,141.0,0.5,0.0,0.0,13.08146499300392
33251,0,calendar_2014_test,133.3753518199283,117.0,0.5,0.0,0.0,16.375351819928312
33252,0,calendar_2014_test,108.11913172775604,117.0,0.5,0.0,0.0,8.880868272243958
33253,0,calendar_2014_test,118.6052917863583,101.0,0.5,0.0,0.0,17.605291786358293
33254,0,calendar_2014_test,96.87907298803286,94.0,0.5,0.0,0.0,2.87907298803286
33255,0,calendar_2014_test,88.36370714278007,89.0,0.5,0.0,0.0,0.636292857219928
33256,0,calendar_2014_test,86.50207995853864,82.0,0.5,0.0,0.0,4.502079958538644
33257,0,calendar_2014_test,81.7182625718886,105.0,0.5,0.0,0.0,23.2817374281114
33258,0,calendar_2014_test,109.03166233638713,130.0,0.5,0.0,0.0,20.96833766361287
33259,0,calendar_2014_test,133.499002605394,161.0,0.5,0.0,0.0,27.500997394606003
33260,0,calendar_2014_test,162.65278367713887,156.0,0.5,0.0,0.0,6.652783677138871
33261,0,calendar_2014_test,152.02993100872663,100.0,0.5,0.0,0.0,52.029931008726635
33262,0,calendar_2014_test,79.16514351410692,62.0,0.5,0.0,0.0,17.165143514106916
33263,0,calendar_2014_test,58.17102133191502,84.0,0.5,0.0,0.0,25.82897866808498
33264,0,calendar_2014_test,89.0797058484637,61.0,0.5,0.0,0.0,28.079705848463703
33265,0,calendar_2014_test,68.11606078183152,80.0,0.5,0.0,0.0,11.883939218168479
33266,0,calendar_2014_test,83.19130670626868,113.0,0.5,0.0,0.0,29.808693293731324
33267,0,calendar_2014_test,125.61378799368738,140.0,0.5,0.0,0.0,14.386212006312618
33268,0,calendar_2014_test,151.04424609818116,134.0,0.5,0.0,0.0,17.044246098181162
33269,0,calendar_2014_test,133.61345767222704,117.0,0.5,0.0,0.0,16.613457672227042
33270,0,calendar_2014_test,118.35978334087324,112.0,0.5,0.0,0.0,6.359783340873236
33271,0,calendar_2014_test,115.23412308620136,130.0,0.5,0.0,0.0,14.765876913798635
33272,0,calendar_2014_test,135.0837615494497,148.0,0.5,0.0,0.0,12.91623845055031
33273,0,calendar_2014_test,149.9899146602512,162.0,0.5,0.0,0.0,12.010085339748798
33274,0,calendar_2014_test,158.9072854195982,169.0,0.5,0.0,0.0,10.092714580401804
33275,0,calendar_2014_test,173.58583834356764,164.0,0.5,0.0,0.0,9.585838343567644
33276,0,calendar_2014_test,164.9895794125377,169.0,0.5,0.0,0.0,4.010420587462306
33277,0,calendar_2014_test,170.8092280256812,155.0,0.5,0.0,0.0,15.809228025681193
33278,0,calendar_2014_test,153.78901546405416,178.0,0.5,0.0,0.0,24.21098453594584
33279,0,calendar_2014_test,178.18787693503958,191.0,0.5,0.0,0.0,12.812123064960417
33280,0,calendar_2014_test,190.1692298604132,196.0,0.5,0.0,0.0,5.830770139586804
33281,0,calendar_2014_test,193.37254750028126,138.0,0.5,0.0,0.0,55.37254750028126
33282,0,calendar_2014_test,136.39667204032844,132.0,0.5,0.0,0.0,4.39667204032844
33283,0,calendar_2014_test,121.66044671550856,105.0,0.5,0.0,0.0,16.660446715508556
33284,0,calendar_2014_test,101.26537688983991,111.0,0.5,0.0,0.0,9.734623110160086
33285,0,calendar_2014_test,116.67599780881034,96.0,0.5,0.0,0.0,20.675997808810337
33286,0,calendar_2014_test,96.2350078639575,105.0,0.5,0.0,0.0,8.764992136042494
33287,0,calendar_2014_test,115.39680633963495,108.0,0.5,0.0,0.0,7.396806339634949
33288,0,calendar_2014_test,117.3164929271444,111.0,0.5,0.0,0.0,6.316492927144395
33289,0,calendar_2014_test,117.34061631968234,103.0,0.5,0.0,0.0,14.34061631968234
33290,0,calendar_2014_test,107.08194339909753,114.0,0.5,0.0,0.0,6.918056600902474
33291,0,calendar_2014_test,119.51383254576936,176.0,0.5,0.0,0.0,56.48616745423064
33292,0,calendar_2014_test,188.47227547326463,221.0,0.5,0.0,0.0,32.52772452673537
33293,0,calendar_2014_test,209.41068624746782,225.0,0.5,0.0,0.0,15.589313752532178
33294,0,calendar_2014_test,216.18524435198412,84.0,0.5,0.0,0.0,132.18524435198412
33295,0,calendar_2014_test,60.256222449036144,13.0,0.5,0.0,0.0,47.256222449036144
33296,0,calendar_2014_test,20.017157634977778,20.0,0.5,0.0,0.0,0.017157634977778002
33297,0,calendar_2014_test,28.57142982100514,28.0,0.5,0.0,0.0,0.5714298210051396
33298,0,calendar_2014_test,35.399177395985156,29.0,0.5,0.0,0.0,6.399177395985156
33299,0,calendar_2014_test,29.634542844634993,24.0,0.5,0.0,0.0,5.634542844634993
33300,0,calendar_2014_test,30.092658814448114,32.0,0.5,0.0,0.0,1.9073411855518856
33301,0,calendar_2014_test,38.95372350579691,40.0,0.5,0.0,0.0,1.0462764942030915
33302,0,calendar_2014_test,48.8207739970817,47.0,0.5,0.0,0.0,1.8207739970817016
33303,0,calendar_2014_test,50.95562043701556,49.0,0.5,0.0,0.0,1.9556204370155612
33304,0,calendar_2014_test,51.289118961505096,77.0,0.5,0.0,0.0,25.710881038494904
33305,0,calendar_2014_test,84.5212711412238,103.0,0.5,0.0,0.0,18.478728858776194
33306,0,calendar_2014_test,111.5208051053264,119.0,0.5,0.0,0.0,7.479194894673597
33307,0,calendar_2014_test,120.72615953560644,132.0,0.5,0.0,0.0,11.273840464393558
33308,0,calendar_2014_test,130.72279805816765,148.0,0.5,0.0,0.0,17.277201941832345
33309,0,calendar_2014_test,132.41459293164866,38.0,0.5,0.0,0.0,94.41459293164866
33310,0,calendar_2014_test,45.835669497715855,60.0,0.5,0.0,0.0,14.164330502284145
33311,0,calendar_2014_test,72.11764778118948,76.0,0.5,0.0,0.0,3.8823522188105244
33312,0,calendar_2014_test,84.86287825484152,56.0,0.5,0.0,0.0,28.86287825484152
33313,0,calendar_2014_test,62.34302675017532,62.0,0.5,0.0,0.0,0.34302675017531925
33314,0,calendar_2014_test,67.05697080749674,63.0,0.5,0.0,0.0,4.056970807496739
33315,0,calendar_2014_test,66.36514485950853,75.0,0.5,0.0,0.0,8.634855140491467
33316,0,calendar_2014_test,75.40891839506382,67.0,0.5,0.0,0.0,8.408918395063822
33317,0,calendar_2014_test,74.00414070823524,74.0,0.5,0.0,0.0,0.004140708235240709
33318,0,calendar_2014_test,77.95027670978897,71.0,0.5,0.0,0.0,6.950276709788966
33319,0,calendar_2014_test,76.15276265873604,76.0,0.5,0.0,0.0,0.15276265873603734
33320,0,calendar_2014_test,76.93479858226351,79.0,0.5,0.0,0.0,2.065201417736489
33321,0,calendar_2014_test,84.60908630641683,82.0,0.5,0.0,0.0,2.6090863064168275
33322,0,calendar_2014_test,82.83173022437157,53.0,0.5,0.0,0.0,29.83173022437157
33323,0,calendar_2014_test,50.53489910857166,46.0,0.5,0.0,0.0,4.534899108571658
33324,0,calendar_2014_test,43.626071092335394,46.0,0.5,0.0,0.0,2.373928907664606
33325,0,calendar_2014_test,50.73963986510014,45.0,0.5,0.0,0.0,5.739639865100138
33326,0,calendar_2014_test,42.204370411251034,24.0,0.5,0.0,0.0,18.204370411251034
33327,0,calendar_2014_test,27.62001942290256,11.0,0.5,0.0,0.0,16.62001942290256
33328,0,calendar_2014_test,17.31301750124902,22.0,0.5,0.0,0.0,4.686982498750979
33329,0,calendar_2014_test,91.52347278721344,65.0,0.5,0.0,0.0,26.523472787213436
33330,0,calendar_2014_test,72.04021040179931,71.0,0.5,0.0,0.0,1.040210401799314
33331,0,calendar_2014_test,80.3284645773137,79.0,0.5,0.0,0.0,1.3284645773136958
33332,0,calendar_2014_test,90.38634353043831,73.0,0.5,0.0,0.0,17.38634353043831
33333,0,calendar_2014_test,77.99334461324904,72.0,0.5,0.0,0.0,5.993344613249036
33334,0,calendar_2014_test,73.019815133328,74.0,0.5,0.0,0.0,0.9801848666720048
33335,0,calendar_2014_test,82.22010802656773,78.0,0.5,0.0,0.0,4.220108026567729
33336,0,calendar_2014_test,83.82385705064958,89.0,0.5,0.0,0.0,5.176142949350421
33337,0,calendar_2014_test,87.95023705504134,86.0,0.5,0.0,0.0,1.9502370550413417
33338,0,calendar_2014_test,84.6601018273971,59.0,0.5,0.0,0.0,25.6601018273971
33339,0,calendar_2014_test,57.758095565509024,39.0,0.5,0.0,0.0,18.758095565509024
33340,0,calendar_2014_test,40.726651977923616,48.0,0.5,0.0,0.0,7.273348022076384
33341,0,calendar_2014_test,44.88188548177304,41.0,0.5,0.0,0.0,3.8818854817730397
33342,0,calendar_2014_test,37.921322976554976,63.0,0.5,0.0,0.0,25.078677023445024
33343,0,calendar_2014_test,61.82194276090237,59.0,0.5,0.0,0.0,2.821942760902367
33344,0,calendar_2014_test,57.82285687281729,35.0,0.5,0.0,0.0,22.82285687281729
33345,0,calendar_2014_test,36.09139153522617,22.0,0.5,0.0,0.0,14.091391535226172
33346,0,calendar_2014_test,24.074410078167347,13.0,0.5,0.0,0.0,11.074410078167347
33347,0,calendar_2014_test,14.926488520148183,19.0,0.5,0.0,0.0,4.073511479851817
33348,0,calendar_2014_test,25.167753133372756,12.0,0.5,0.0,0.0,13.167753133372756
33349,0,calendar_2014_test,17.988537819824316,10.0,0.5,0.0,0.0,7.988537819824316
33350,0,calendar_2014_test,17.599750540367367,11.0,0.5,0.0,0.0,6.599750540367367
33351,0,calendar_2014_test,15.68581223693306,17.0,0.5,0.0,0.0,1.3141877630669399
33352,0,calendar_2014_test,24.351479606470576,20.0,0.5,0.0,0.0,4.351479606470576
33353,0,calendar_2014_test,26.029567020129832,20.0,0.5,0.0,0.0,6.029567020129832
33354,0,calendar_2014_test,27.519834724309334,38.0,0.5,0.0,0.0,10.480165275690666
33355,0,calendar_2014_test,46.370791797650995,61.0,0.5,0.0,0.0,14.629208202349005
33356,0,calendar_2014_test,69.08768629274266,94.0,0.5,0.0,0.0,24.91231370725734
33357,0,calendar_2014_test,97.65733584823647,89.0,0.5,0.0,0.0,8.657335848236471
33358,0,calendar_2014_test,88.57237321769782,82.0,0.5,0.0,0.0,6.572373217697816
33359,0,calendar_2014_test,83.06291759198264,74.0,0.5,0.0,0.0,9.06291759198264
33360,0,calendar_2014_test,73.75982142723385,70.0,0.5,0.0,0.0,3.7598214272338453
33361,0,calendar_2014_test,72.70132698784562,70.0,0.5,0.0,0.0,2.7013269878456185
33362,0,calendar_2014_test,71.21357642545208,71.0,0.5,0.0,0.0,0.2135764254520751
33363,0,calendar_2014_test,72.0885776007625,76.0,0.5,0.0,0.0,3.9114223992374946
33364,0,calendar_2014_test,79.05675349113511,72.0,0.5,0.0,0.0,7.056753491135112
33365,0,calendar_2014_test,72.81981394587402,60.0,0.5,0.0,0.0,12.819813945874017
33366,0,calendar_2014_test,65.32868117194424,64.0,0.5,0.0,0.0,1.3286811719442397
33367,0,calendar_2014_test,70.1760471236266,73.0,0.5,0.0,0.0,2.823952876373397
33368,0,calendar_2014_test,74.64977631247639,70.0,0.5,0.0,0.0,4.649776312476391
33369,0,calendar_2014_test,74.31044401952158,74.0,0.5,0.0,0.0,0.31044401952158296
33370,0,calendar_2014_test,76.80151054746511,57.0,0.5,0.0,0.0,19.801510547465114
33371,0,calendar_2014_test,59.6178739004576,62.0,0.5,0.0,0.0,2.382126099542397
33372,0,calendar_2014_test,67.57775101235345,61.0,0.5,0.0,0.0,6.5777510123534455
33373,0,calendar_2014_test,65.37639301114689,54.0,0.5,0.0,0.0,11.376393011146888
33374,0,calendar_2014_test,51.263599774026744,51.0,0.5,0.0,0.0,0.26359977402674417
33375,0,calendar_2014_test,49.573824867240184,53.0,0.5,0.0,0.0,3.426175132759816
33376,0,calendar_2014_test,54.561662575488164,57.0,0.5,0.0,0.0,2.438337424511836
33377,0,calendar_2014_test,56.782472009990734,66.0,0.5,0.0,0.0,9.217527990009266
33378,0,calendar_2014_test,63.781347278148935,66.0,0.5,0.0,0.0,2.2186527218510648
33379,0,calendar_2014_test,76.30265486673038,15.0,0.5,0.0,0.0,61.30265486673038
33380,0,calendar_2014_test,22.515957997871453,18.0,0.5,0.0,0.0,4.515957997871453
33381,0,calendar_2014_test,18.505956387234832,18.0,0.5,0.0,0.0,0.505956387234832
33382,0,calendar_2014_test,15.114762741808875,15.0,0.5,0.0,0.0,0.11476274180887458
33383,0,calendar_2014_test,18.257329344682304,16.0,0.5,0.0,0.0,2.2573293446823044
33384,0,calendar_2014_test,15.494863002656473,18.0,0.5,0.0,0.0,2.505136997343527
33385,0,calendar_2014_test,23.70564281899631,23.0,0.5,0.0,0.0,0.70564281899631
33386,0,calendar_2014_test,28.304204081738874,23.0,0.5,0.0,0.0,5.304204081738874
33387,0,calendar_2014_test,25.315906854586018,23.0,0.5,0.0,0.0,2.315906854586018
33388,0,calendar_2014_test,24.766194304844916,15.0,0.5,0.0,0.0,9.766194304844916
33389,0,calendar_2014_test,18.406318705174854,18.0,0.5,0.0,0.0,0.40631870517485424
33390,0,calendar_2014_test,20.95525590202243,20.0,0.5,0.0,0.0,0.9552559020224294
33391,0,calendar_2014_test,19.732279107967315,38.0,0.5,0.0,0.0,18.267720892032685
33392,0,calendar_2014_test,44.375384921068516,51.0,0.5,0.0,0.0,6.624615078931484
33393,0,calendar_2014_test,52.80602815314226,49.0,0.5,0.0,0.0,3.8060281531422575
33394,0,calendar_2014_test,47.94485319740359,51.0,0.5,0.0,0.0,3.0551468025964112
33395,0,calendar_2014_test,49.675466355795415,40.0,0.5,0.0,0.0,9.675466355795415
33396,0,calendar_2014_test,44.80764666865596,50.0,0.5,0.0,0.0,5.192353331344037
33397,0,calendar_2014_test,51.25232074259078,50.0,0.5,0.0,0.0,1.2523207425907827
33398,0,calendar_2014_test,49.92631544701169,38.0,0.5,0.0,0.0,11.926315447011689
33399,0,calendar_2014_test,36.83544245516714,36.0,0.5,0.0,0.0,0.83544245516714
33400,0,calendar_2014_test,37.669361030098905,41.0,0.5,0.0,0.0,3.330638969901095
33401,0,calendar_2014_test,38.70900152355861,34.0,0.5,0.0,0.0,4.709001523558612
33402,0,calendar_2014_test,45.26160727034346,13.0,0.5,0.0,0.0,32.26160727034346
33403,0,calendar_2014_test,26.238355767646013,29.0,0.5,0.0,0.0,2.761644232353987
33404,0,calendar_2014_test,39.553230441759894,34.0,0.5,0.0,0.0,5.553230441759894
33405,0,calendar_2014_test,40.87636321830402,39.0,0.5,0.0,0.0,1.8763632183040215
33406,0,calendar_2014_test,42.910257417763354,42.0,0.5,0.0,0.0,0.9102574177633542
33407,0,calendar_2014_test,44.15759246061319,36.0,0.5,0.0,0.0,8.157592460613188
33408,0,calendar_2014_test,38.6977793507369,31.0,0.5,0.0,0.0,7.6977793507369014
33409,0,calendar_2014_test,32.09474833939028,25.0,0.5,0.0,0.0,7.094748339390279
33410,0,calendar_2014_test,27.592830278967583,27.0,0.5,0.0,0.0,0.5928302789675826
33411,0,calendar_2014_test,28.419873849285977,23.0,0.5,0.0,0.0,5.4198738492859775
33412,0,calendar_2014_test,24.565038406080475,21.0,0.5,0.0,0.0,3.5650384060804754
33413,0,calendar_2014_test,21.465423561544682,25.0,0.5,0.0,0.0,3.5345764384553178
33414,0,calendar_2014_test,25.264203340304533,18.0,0.5,0.0,0.0,7.264203340304533
33415,0,calendar_2014_test,20.812711106302217,18.0,0.5,0.0,0.0,2.812711106302217
33416,0,calendar_2014_test,19.54818613171871,15.0,0.5,0.0,0.0,4.548186131718708
33417,0,calendar_2014_test,15.34506995169356,19.0,0.5,0.0,0.0,3.65493004830644
33418,0,calendar_2014_test,22.467480626598686,8.0,0.5,0.0,0.0,14.467480626598686
33419,0,calendar_2014_test,10.894014378908182,16.0,0.5,0.0,0.0,5.105985621091818
33420,0,calendar_2014_test,18.470247754678425,17.0,0.5,0.0,0.0,1.4702477546784252
33421,0,calendar_2014_test,17.799609793727484,18.0,0.5,0.0,0.0,0.20039020627251602
33422,0,calendar_2014_test,19.537831683096684,17.0,0.5,0.0,0.0,2.537831683096684
33423,0,calendar_2014_test,17.822786356231546,16.0,0.5,0.0,0.0,1.8227863562315463
33424,0,calendar_2014_test,16.456715103634878,26.0,0.5,0.0,0.0,9.543284896365122
33425,0,calendar_2014_test,30.08620594762357,24.0,0.5,0.0,0.0,6.086205947623569
33426,0,calendar_2014_test,26.509540158269587,28.0,0.5,0.0,0.0,1.490459841730413
33427,0,calendar_2014_test,32.656815672577125,27.0,0.5,0.0,0.0,5.656815672577125
33428,0,calendar_2014_test,31.82072823205506,34.0,0.5,0.0,0.0,2.1792717679449396
33429,0,calendar_2014_test,38.87461169559918,28.0,0.5,0.0,0.0,10.874611695599178
33430,0,calendar_2014_test,31.43007064836891,29.0,0.5,0.0,0.0,2.430070648368911
33431,0,calendar_2014_test,32.93229035991949,43.0,0.5,0.0,0.0,10.067709640080508
33432,0,calendar_2014_test,48.45171637818686,44.0,0.5,0.0,0.0,4.451716378186859
33433,0,calendar_2014_test,45.68161946220861,50.0,0.5,0.0,0.0,4.318380537791391
33434,0,calendar_2014_test,51.34843709488149,59.0,0.5,0.0,0.0,7.65156290511851
33435,0,calendar_2014_test,62.03150861159665,66.0,0.5,0.0,0.0,3.9684913884033506
33436,0,calendar_2014_test,71.37973615517407,66.0,0.5,0.0,0.0,5.379736155174072
33437,0,calendar_2014_test,67.94540581006181,66.0,0.5,0.0,0.0,1.9454058100618141
33438,0,calendar_2014_test,72.449928529671,63.0,0.5,0.0,0.0,9.449928529670999
33439,0,calendar_2014_test,69.08789231677655,64.0,0.5,0.0,0.0,5.087892316776546
33440,0,calendar_2014_test,66.46001582274977,68.0,0.5,0.0,0.0,1.5399841772502327
33441,0,calendar_2014_test,71.51196384807267,64.0,0.5,0.0,0.0,7.511963848072668
33442,0,calendar_2014_test,64.94345226160159,50.0,0.5,0.0,0.0,14.943452261601593
33443,0,calendar_2014_test,45.22901816336484,47.0,0.5,0.0,0.0,1.7709818366351584
33444,0,calendar_2014_test,45.87736311481636,37.0,0.5,0.0,0.0,8.877363114816362
33445,0,calendar_2014_test,38.856287853678616,40.0,0.5,0.0,0.0,1.1437121463213842
33446,0,calendar_2014_test,40.221499197903,47.0,0.5,0.0,0.0,6.778500802097
33447,0,calendar_2014_test,47.66886491276839,54.0,0.5,0.0,0.0,6.331135087231608
33448,0,calendar_2014_test,50.419678469194196,48.0,0.5,0.0,0.0,2.4196784691941957
33449,0,calendar_2014_test,47.11605387692646,47.0,0.5,0.0,0.0,0.11605387692645763
33450,0,calendar_2014_test,49.02598599184131,41.0,0.5,0.0,0.0,8.02598599184131
33451,0,calendar_2014_test,46.83035321395242,50.0,0.5,0.0,0.0,3.169646786047579
33452,0,calendar_2014_test,53.374497068349584,57.0,0.5,0.0,0.0,3.6255029316504164
33453,0,calendar_2014_test,59.83409929907842,64.0,0.5,0.0,0.0,4.165900700921583
33454,0,calendar_2014_test,69.30486327501315,54.0,0.5,0.0,0.0,15.304863275013147
33455,0,calendar_2014_test,54.533685680937936,52.0,0.5,0.0,0.0,2.5336856809379356
33456,0,calendar_2014_test,54.03356127652792,54.0,0.5,0.0,0.0,0.033561276527919404
33457,0,calendar_2014_test,55.204003508754845,62.0,0.5,0.0,0.0,6.795996491245155
33458,0,calendar_2014_test,65.95978067573758,58.0,0.5,0.0,0.0,7.959780675737576
33459,0,calendar_2014_test,62.64213204959461,69.0,0.5,0.0,0.0,6.357867950405392
33460,0,calendar_2014_test,75.78954675688259,77.0,0.5,0.0,0.0,1.2104532431174135
33461,0,calendar_2014_test,82.45114518533941,89.0,0.5,0.0,0.0,6.5488548146605865
33462,0,calendar_2014_test,96.33752032035785,90.0,0.5,0.0,0.0,6.337520320357854
33463,0,calendar_2014_test,91.26986332904998,86.0,0.5,0.0,0.0,5.269863329049983
33464,0,calendar_2014_test,87.92428207010092,74.0,0.5,0.0,0.0,13.924282070100915
33465,0,calendar_2014_test,72.50061521807991,74.0,0.5,0.0,0.0,1.4993847819200852
33466,0,calendar_2014_test,75.82651048485111,75.0,0.5,0.0,0.0,0.8265104848511129
33467,0,calendar_2014_test,75.23534317584173,85.0,0.5,0.0,0.0,9.764656824158266
33468,0,calendar_2014_test,89.95597981657701,93.0,0.5,0.0,0.0,3.0440201834229867
33469,0,calendar_2014_test,93.18991416946164,96.0,0.5,0.0,0.0,2.8100858305383554
33470,0,calendar_2014_test,95.69892144945794,109.0,0.5,0.0,0.0,13.301078550542059
33471,0,calendar_2014_test,110.64873248763516,98.0,0.5,0.0,0.0,12.648732487635158
33472,0,calendar_2014_test,95.43380170386001,113.0,0.5,0.0,0.0,17.566198296139987
33473,0,calendar_2014_test,119.05160745447782,128.0,0.5,0.0,0.0,8.948392545522182
33474,0,calendar_2014_test,134.90947439555873,117.0,0.5,0.0,0.0,17.909474395558732
33475,0,calendar_2014_test,116.29604510802382,116.0,0.5,0.0,0.0,0.29604510802381867
33476,0,calendar_2014_test,117.65001750413384,127.0,0.5,0.0,0.0,9.349982495866158
33477,0,calendar_2014_test,130.41344058990117,133.0,0.5,0.0,0.0,2.586559410098829
33478,0,calendar_2014_test,135.4020995096647,150.0,0.5,0.0,0.0,14.597900490335292
33479,0,calendar_2014_test,155.43402102922022,159.0,0.5,0.0,0.0,3.5659789707797813
33480,0,calendar_2014_test,158.62502821416592,185.0,0.5,0.0,0.0,26.374971785834077
33481,0,calendar_2014_test,189.3826813602885,178.0,0.5,0.0,0.0,11.382681360288501
33482,0,calendar_2014_test,170.67244203389276,193.0,0.5,0.0,0.0,22.327557966107236
33483,0,calendar_2014_test,195.75852825473822,191.0,0.5,0.0,0.0,4.7585282547382235
33484,0,calendar_2014_test,189.81739054145555,199.0,0.5,0.0,0.0,9.182609458544448
33485,0,calendar_2014_test,202.64134642807187,196.0,0.5,0.0,0.0,6.64134642807187
33486,0,calendar_2014_test,192.08198003995236,190.0,0.5,0.0,0.0,2.081980039952356
33487,0,calendar_2014_test,189.2632761674882,168.0,0.5,0.0,0.0,21.263276167488186
33488,0,calendar_2014_test,164.2852066554322,128.0,0.5,0.0,0.0,36.285206655432205
33489,0,calendar_2014_test,118.22144348120045,100.0,0.5,0.0,0.0,18.221443481200453
33490,0,calendar_2014_test,94.70158365191894,91.0,0.5,0.0,0.0,3.701583651918938
33491,0,calendar_2014_test,84.99650183807952,87.0,0.5,0.0,0.0,2.0034981619204757
33492,0,calendar_2014_test,83.334800001952,73.0,0.5,0.0,0.0,10.334800001952004
33493,0,calendar_2014_test,73.31185403944991,62.0,0.5,0.0,0.0,11.311854039449912
33494,0,calendar_2014_test,66.94505830270207,66.0,0.5,0.0,0.0,0.9450583027020656
33495,0,calendar_2014_test,76.51649660488404,106.0,0.5,0.0,0.0,29.48350339511596
33496,0,calendar_2014_test,110.95498408089952,95.0,0.5,0.0,0.0,15.954984080899521
33497,0,calendar_2014_test,97.92401001876327,93.0,0.5,0.0,0.0,4.924010018763269
33498,0,calendar_2014_test,98.05891173391817,75.0,0.5,0.0,0.0,23.058911733918166
33499,0,calendar_2014_test,77.96670528320575,62.0,0.5,0.0,0.0,15.966705283205755
33500,0,calendar_2014_test,70.4730766616431,61.0,0.5,0.0,0.0,9.473076661643105
33501,0,calendar_2014_test,68.71995761067443,68.0,0.5,0.0,0.0,0.7199576106744274
33502,0,calendar_2014_test,71.99797849516938,75.0,0.5,0.0,0.0,3.0020215048306227
33503,0,calendar_2014_test,73.13973384617543,62.0,0.5,0.0,0.0,11.139733846175432
33504,0,calendar_2014_test,54.26695173805295,31.0,0.5,0.0,0.0,23.266951738052953
33505,0,calendar_2014_test,29.96796784663985,39.0,0.5,0.0,0.0,9.032032153360149
33506,0,calendar_2014_test,36.72321531706719,46.0,0.5,0.0,0.0,9.276784682932806
33507,0,calendar_2014_test,49.53114511239813,17.0,0.5,0.0,0.0,32.53114511239813
33508,0,calendar_2014_test,24.3053556862137,6.0,0.5,0.0,0.0,18.3053556862137
33509,0,calendar_2014_test,15.170980973720873,4.0,0.5,0.0,0.0,11.170980973720873
33510,0,calendar_2014_test,8.553502252762556,4.0,0.5,0.0,0.0,4.553502252762556
33511,0,calendar_2014_test,7.917289260185157,15.0,0.5,0.0,0.0,7.082710739814843
33512,0,calendar_2014_test,12.285705025762908,10.0,0.5,0.0,0.0,2.2857050257629083
33513,0,calendar_2014_test,9.080438668568505,16.0,0.5,0.0,0.0,6.919561331431495
33514,0,calendar_2014_test,10.188191035316507,7.0,0.5,0.0,0.0,3.188191035316507
33515,0,calendar_2014_test,10.268957803158528,11.0,0.5,0.0,0.0,0.7310421968414715
33516,0,calendar_2014_test,11.358490433049795,12.0,0.5,0.0,0.0,0.6415095669502051
33517,0,calendar_2014_test,8.34315811690783,7.0,0.5,0.0,0.0,1.34315811690783
33518,0,calendar_2014_test,7.13860536368783,10.0,0.5,0.0,0.0,2.86139463631217
33519,0,calendar_2014_test,14.027971285683961,11.0,0.5,0.0,0.0,3.027971285683961
33520,0,calendar_2014_test,13.832041366997174,13.0,0.5,0.0,0.0,0.8320413669971742
33521,0,calendar_2014_test,16.584647506100325,13.0,0.5,0.0,0.0,3.5846475061003247
33522,0,calendar_2014_test,17.7090998008954,11.0,0.5,0.0,0.0,6.709099800895402
33523,0,calendar_2014_test,14.260413384047354,18.0,0.5,0.0,0.0,3.7395866159526463
33524,0,calendar_2014_test,20.467680806469716,27.0,0.5,0.0,0.0,6.5323191935302845
33525,0,calendar_2014_test,27.51035736875103,32.0,0.5,0.0,0.0,4.4896426312489695
33526,0,calendar_2014_test,33.58001333388104,25.0,0.5,0.0,0.0,8.580013333881041
33527,0,calendar_2014_test,24.42988669314859,28.0,0.5,0.0,0.0,3.570113306851411
33528,0,calendar_2014_test,26.41240954565258,22.0,0.5,0.0,0.0,4.412409545652579
33529,0,calendar_2014_test,19.77421695820499,35.0,0.5,0.0,0.0,15.225783041795012
33530,0,calendar_2014_test,33.92113488160359,32.0,0.5,0.0,0.0,1.9211348816035922
33531,0,calendar_2014_test,28.93770508358827,28.0,0.5,0.0,0.0,0.9377050835882699
33532,0,calendar_2014_test,26.863069967800413,22.0,0.5,0.0,0.0,4.8630699678004135
33533,0,calendar_2014_test,21.31885325020275,17.0,0.5,0.0,0.0,4.31885325020275
33534,0,calendar_2014_test,19.263928597588077,26.0,0.5,0.0,0.0,6.736071402411923
33535,0,calendar_2014_test,22.828095120780887,24.0,0.5,0.0,0.0,1.1719048792191131
33536,0,calendar_2014_test,17.975728279286287,17.0,0.5,0.0,0.0,0.9757282792862867
33537,0,calendar_2014_test,16.02248073107107,16.0,0.5,0.0,0.0,0.02248073107107018
33538,0,calendar_2014_test,13.324709324458212,13.0,0.5,0.0,0.0,0.32470932445821177
33539,0,calendar_2014_test,9.690432090419293,14.0,0.5,0.0,0.0,4.309567909580707
33540,0,calendar_2014_test,10.758255284333416,9.0,0.5,0.0,0.0,1.7582552843334156
33541,0,calendar_2014_test,8.734726519820683,15.0,0.5,0.0,0.0,6.265273480179317
33542,0,calendar_2014_test,16.11304364926356,15.0,0.5,0.0,0.0,1.1130436492635596
33543,0,calendar_2014_test,13.737183228126199,15.0,0.5,0.0,0.0,1.2628167718738013
33544,0,calendar_2014_test,15.752737700310917,6.0,0.5,0.0,0.0,9.752737700310917
33545,0,calendar_2014_test,13.426045008898726,15.0,0.5,0.0,0.0,1.5739549911012745
33546,0,calendar_2014_test,20.54810418425923,15.0,0.5,0.0,0.0,5.5481041842592305
33547,0,calendar_2014_test,15.648508066580831,26.0,0.5,0.0,0.0,10.351491933419169
33548,0,calendar_2014_test,30.901102952818974,21.0,0.5,0.0,0.0,9.901102952818974
33549,0,calendar_2014_test,22.347617378408458,25.0,0.5,0.0,0.0,2.652382621591542
33550,0,calendar_2014_test,31.596319677111396,28.0,0.5,0.0,0.0,3.5963196771113957
33551,0,calendar_2014_test,29.282555604412153,30.0,0.5,0.0,0.0,0.7174443955878473
33552,0,calendar_2014_test,32.8365875236432,54.0,0.5,0.0,0.0,21.163412476356797
33553,0,calendar_2014_test,54.01030381189946,43.0,0.5,0.0,0.0,11.010303811899462
33554,0,calendar_2014_test,43.095226034341366,32.0,0.5,0.0,0.0,11.095226034341366
33555,0,calendar_2014_test,37.27963768328977,37.0,0.5,0.0,0.0,0.2796376832897707
33556,0,calendar_2014_test,40.94120209434576,30.0,0.5,0.0,0.0,10.941202094345762
33557,0,calendar_2014_test,31.653317963007197,26.0,0.5,0.0,0.0,5.653317963007197
33558,0,calendar_2014_test,30.297587192124695,50.0,0.5,0.0,0.0,19.702412807875305
33559,0,calendar_2014_test,48.457311807602856,77.0,0.5,0.0,0.0,28.542688192397144
33560,0,calendar_2014_test,77.44789648402114,45.0,0.5,0.0,0.0,32.44789648402114
33561,0,calendar_2014_test,42.164326802420184,36.0,0.5,0.0,0.0,6.1643268024201845
33562,0,calendar_2014_test,38.07323405229538,48.0,0.5,0.0,0.0,9.926765947704617
33563,0,calendar_2014_test,46.48612411403828,60.0,0.5,0.0,0.0,13.513875885961717
33564,0,calendar_2014_test,57.39843291662312,48.0,0.5,0.0,0.0,9.398432916623122
33565,0,calendar_2014_test,43.8031070091633,59.0,0.5,0.0,0.0,15.196892990836702
33566,0,calendar_2014_test,59.50157407225432,61.0,0.5,0.0,0.0,1.4984259277456786
33567,0,calendar_2014_test,59.80703087018069,59.0,0.5,0.0,0.0,0.8070308701806894
33568,0,calendar_2014_test,54.55595517416353,31.0,0.5,0.0,0.0,23.55595517416353
33569,0,calendar_2014_test,36.2663508890986,39.0,0.5,0.0,0.0,2.7336491109014034
33570,0,calendar_2014_test,41.682342026467374,33.0,0.5,0.0,0.0,8.682342026467374
33571,0,calendar_2014_test,39.46509321012826,62.0,0.5,0.0,0.0,22.53490678987174
33572,0,calendar_2014_test,65.42942241074161,59.0,0.5,0.0,0.0,6.4294224107416085
33573,0,calendar_2014_test,62.580710222469854,66.0,0.5,0.0,0.0,3.419289777530146
33574,0,calendar_2014_test,72.42788864774194,69.0,0.5,0.0,0.0,3.4278886477419377
33575,0,calendar_2014_test,75.45841817457469,70.0,0.5,0.0,0.0,5.458418174574689
33576,0,calendar_2014_test,74.46742696197177,67.0,0.5,0.0,0.0,7.467426961971768
33577,0,calendar_2014_test,72.65410714722285,59.0,0.5,0.0,0.0,13.654107147222845
33578,0,calendar_2014_test,63.30440279824384,68.0,0.5,0.0,0.0,4.695597201756158
33579,0,calendar_2014_test,73.294575844361,84.0,0.5,0.0,0.0,10.705424155638994
33580,0,calendar_2014_test,86.45814494196381,104.0,0.5,0.0,0.0,17.54185505803619
33581,0,calendar_2014_test,104.89077084698292,94.0,0.5,0.0,0.0,10.890770846982917
33582,0,calendar_2014_test,90.8732357010392,80.0,0.5,0.0,0.0,10.873235701039206
33583,0,calendar_2014_test,78.72545967836909,65.0,0.5,0.0,0.0,13.725459678369091
33584,0,calendar_2014_test,69.40446324574654,61.0,0.5,0.0,0.0,8.404463245746541
33585,0,calendar_2014_test,63.05653391570428,64.0,0.5,0.0,0.0,0.9434660842957214
33586,0,calendar_2014_test,66.8580057807238,71.0,0.5,0.0,0.0,4.141994219276199
33587,0,calendar_2014_test,66.88960773657145,93.0,0.5,0.0,0.0,26.11039226342855
33588,0,calendar_2014_test,93.23144758819458,104.0,0.5,0.0,0.0,10.768552411805416
33589,0,calendar_2014_test,102.34455436489179,95.0,0.5,0.0,0.0,7.344554364891792
33590,0,calendar_2014_test,85.58297263727364,74.0,0.5,0.0,0.0,11.582972637273642
33591,0,calendar_2014_test,62.212064835999904,72.0,0.5,0.0,0.0,9.787935164000096
33592,0,calendar_2014_test,70.62894021251863,51.0,0.5,0.0,0.0,19.62894021251863
33593,0,calendar_2014_test,46.522208779646306,54.0,0.5,0.0,0.0,7.477791220353694
33594,0,calendar_2014_test,51.09169527820989,40.0,0.5,0.0,0.0,11.09169527820989
33595,0,calendar_2014_test,41.962342748471,45.0,0.5,0.0,0.0,3.037657251528998
33596,0,calendar_2014_test,45.880739188401364,51.0,0.5,0.0,0.0,5.119260811598636
33597,0,calendar_2014_test,53.258914665286035,59.0,0.5,0.0,0.0,5.741085334713965
33598,0,calendar_2014_test,63.11655397331371,57.0,0.5,0.0,0.0,6.116553973313707
33599,0,calendar_2014_test,57.913899692256415,59.0,0.5,0.0,0.0,1.0861003077435853
33600,0,calendar_2014_test,65.70087009681797,58.0,0.5,0.0,0.0,7.700870096817965
33601,0,calendar_2014_test,61.399905386927074,59.0,0.5,0.0,0.0,2.399905386927074
33602,0,calendar_2014_test,63.51942345751477,63.0,0.5,0.0,0.0,0.5194234575147689
33603,0,calendar_2014_test,68.88404614241583,76.0,0.5,0.0,0.0,7.115953857584174
33604,0,calendar_2014_test,80.24302748781811,86.0,0.5,0.0,0.0,5.756972512181889
33605,0,calendar_2014_test,91.78768102057121,100.0,0.5,0.0,0.0,8.212318979428787
33606,0,calendar_2014_test,104.5194186900121,108.0,0.5,0.0,0.0,3.4805813099878975
33607,0,calendar_2014_test,114.49252947180209,108.0,0.5,0.0,0.0,6.4925294718020865
33608,0,calendar_2014_test,110.85472463503991,101.0,0.5,0.0,0.0,9.854724635039915
33609,0,calendar_2014_test,96.27881295614856,105.0,0.5,0.0,0.0,8.721187043851444
33610,0,calendar_2014_test,102.23140729937505,105.0,0.5,0.0,0.0,2.76859270062495
33611,0,calendar_2014_test,103.46726639149945,102.0,0.5,0.0,0.0,1.4672663914994502
33612,0,calendar_2014_test,97.58861235014885,116.0,0.5,0.0,0.0,18.41138764985115
33613,0,calendar_2014_test,116.88796788654034,124.0,0.5,0.0,0.0,7.112032113459662
33614,0,calendar_2014_test,123.41964895836942,122.0,0.5,0.0,0.0,1.4196489583694216
33615,0,calendar_2014_test,120.20855387214894,122.0,0.5,0.0,0.0,1.79144612785106
33616,0,calendar_2014_test,121.25625767609183,121.0,0.5,0.0,0.0,0.2562576760918347
33617,0,calendar_2014_test,118.27507686590175,141.0,0.5,0.0,0.0,22.724923134098248
33618,0,calendar_2014_test,149.1830561422388,163.0,0.5,0.0,0.0,13.816943857761203
33619,0,calendar_2014_test,163.11330527339493,168.0,0.5,0.0,0.0,4.8866947266050715
33620,0,calendar_2014_test,171.50801360627383,149.0,0.5,0.0,0.0,22.508013606273835
33621,0,calendar_2014_test,117.44768737362635,66.0,0.5,0.0,0.0,51.44768737362635
33622,0,calendar_2014_test,53.06196375900344,48.0,0.5,0.0,0.0,5.06196375900344
33623,0,calendar_2014_test,47.01979016105074,27.0,0.5,0.0,0.0,20.019790161050743
33624,0,calendar_2014_test,31.913058127348734,30.0,0.5,0.0,0.0,1.9130581273487337
33625,0,calendar_2014_test,36.608407174501,34.0,0.5,0.0,0.0,2.6084071745009965
33626,0,calendar_2014_test,41.96896567760434,43.0,0.5,0.0,0.0,1.0310343223956622
33627,0,calendar_2014_test,45.89956391902271,45.0,0.5,0.0,0.0,0.8995639190227109
33628,0,calendar_2014_test,42.15424794016251,65.0,0.5,0.0,0.0,22.845752059837487
33629,0,calendar_2014_test,77.14383838237578,59.0,0.5,0.0,0.0,18.143838382375776
33630,0,calendar_2014_test,67.6522526835647,58.0,0.5,0.0,0.0,9.652252683564697
33631,0,calendar_2014_test,62.203091091585804,57.0,0.5,0.0,0.0,5.203091091585804
33632,0,calendar_2014_test,59.10506652903236,52.0,0.5,0.0,0.0,7.1050665290323565
33633,0,calendar_2014_test,56.79445521469229,33.0,0.5,0.0,0.0,23.79445521469229
33634,0,calendar_2014_test,42.03396846906903,50.0,0.5,0.0,0.0,7.9660315309309695
33635,0,calendar_2014_test,55.20976150814569,56.0,0.5,0.0,0.0,0.7902384918543106
33636,0,calendar_2014_test,61.308016650134995,64.0,0.5,0.0,0.0,2.691983349865005
33637,0,calendar_2014_test,68.40094062125084,66.0,0.5,0.0,0.0,2.4009406212508395
33638,0,calendar_2014_test,74.11653911712398,72.0,0.5,0.0,0.0,2.1165391171239776
33639,0,calendar_2014_test,77.48280205527547,78.0,0.5,0.0,0.0,0.5171979447245292
33640,0,calendar_2014_test,87.50637573648015,78.0,0.5,0.0,0.0,9.506375736480152
33641,0,calendar_2014_test,85.28640836131977,84.0,0.5,0.0,0.0,1.286408361319772
33642,0,calendar_2014_test,89.87631423802345,98.0,0.5,0.0,0.0,8.123685761976546
33643,0,calendar_2014_test,102.51672703143863,110.0,0.5,0.0,0.0,7.483272968561366
33644,0,calendar_2014_test,115.99424934202813,114.0,0.5,0.0,0.0,1.9942493420281266
33645,0,calendar_2014_test,117.43827250463343,101.0,0.5,0.0,0.0,16.43827250463343
33646,0,calendar_2014_test,98.972201961875,111.0,0.5,0.0,0.0,12.027798038124999
33647,0,calendar_2014_test,116.53861568179713,110.0,0.5,0.0,0.0,6.5386156817971255
33648,0,calendar_2014_test,111.82247207637647,134.0,0.5,0.0,0.0,22.17752792362353
33649,0,calendar_2014_test,137.7119182200567,169.0,0.5,0.0,0.0,31.288081779943298
33650,0,calendar_2014_test,172.53244638188625,190.0,0.5,0.0,0.0,17.467553618113755
33651,0,calendar_2014_test,192.58642430790235,214.0,0.5,0.0,0.0,21.413575692097652
33652,0,calendar_2014_test,216.3475303319041,239.0,0.5,0.0,0.0,22.652469668095904
33653,0,calendar_2014_test,232.07631431553227,250.0,0.5,0.0,0.0,17.923685684467728
33654,0,calendar_2014_test,241.11796951996973,259.0,0.5,0.0,0.0,17.882030480030267
33655,0,calendar_2014_test,245.4813035327777,263.0,0.5,0.0,0.0,17.5186964672223
33656,0,calendar_2014_test,250.68288375032887,280.0,0.5,0.0,0.0,29.31711624967113
33657,0,calendar_2014_test,263.61477076556696,277.0,0.5,0.0,0.0,13.38522923443304
33658,0,calendar_2014_test,254.26166296783447,274.0,0.5,0.0,0.0,19.738337032165532
33659,0,calendar_2014_test,261.9724962745847,256.0,0.5,0.0,0.0,5.972496274584728
33660,0,calendar_2014_test,241.07831357403848,232.0,0.5,0.0,0.0,9.078313574038475
33661,0,calendar_2014_test,223.14172639436288,212.0,0.5,0.0,0.0,11.141726394362877
33662,0,calendar_2014_test,205.54592675383844,177.0,0.5,0.0,0.0,28.545926753838444
33663,0,calendar_2014_test,166.32208054077753,175.0,0.5,0.0,0.0,8.677919459222466
33664,0,calendar_2014_test,174.17653662607168,167.0,0.5,0.0,0.0,7.17653662607168
33665,0,calendar_2014_test,169.5571544379935,161.0,0.5,0.0,0.0,8.55715443799349
33666,0,calendar_2014_test,163.2534434161045,150.0,0.5,0.0,0.0,13.253443416104489
33667,0,calendar_2014_test,150.51284062956447,153.0,0.5,0.0,0.0,2.487159370435535
33668,0,calendar_2014_test,165.29648739277073,206.0,0.5,0.0,0.0,40.70351260722927
33669,0,calendar_2014_test,231.7861573306423,237.0,0.5,0.0,0.0,5.213842669357689
33670,0,calendar_2014_test,245.08823549718156,250.0,0.5,0.0,0.0,4.911764502818443
33671,0,calendar_2014_test,254.0867446729349,295.0,0.5,0.0,0.0,40.91325532706509
33672,0,calendar_2014_test,306.57244482788656,291.0,0.5,0.0,0.0,15.572444827886557
33673,0,calendar_2014_test,282.61657408779,299.0,0.5,0.0,0.0,16.383425912209987
33674,0,calendar_2014_test,294.50776446350756,303.0,0.5,0.0,0.0,8.492235536492444
33675,0,calendar_2014_test,292.04096926303947,293.0,0.5,0.0,0.0,0.9590307369605284
33676,0,calendar_2014_test,278.68020812999043,281.0,0.5,0.0,0.0,2.319791870009567
33677,0,calendar_2014_test,254.7198598853071,259.0,0.5,0.0,0.0,4.280140114692898
33678,0,calendar_2014_test,230.32272613299307,226.0,0.5,0.0,0.0,4.322726132993068
33679,0,calendar_2014_test,220.0632478015433,201.0,0.5,0.0,0.0,19.063247801543298
33680,0,calendar_2014_test,193.0164536429435,185.0,0.5,0.0,0.0,8.016453642943503
33681,0,calendar_2014_test,184.21891548894644,153.0,0.5,0.0,0.0,31.218915488946436
33682,0,calendar_2014_test,147.58393608551745,145.0,0.5,0.0,0.0,2.5839360855174505
33683,0,calendar_2014_test,140.39170490258547,152.0,0.5,0.0,0.0,11.608295097414526
33684,0,calendar_2014_test,155.27286678240435,137.0,0.5,0.0,0.0,18.27286678240435
33685,0,calendar_2014_test,131.18678373320577,137.0,0.5,0.0,0.0,5.813216266794228
33686,0,calendar_2014_test,139.9856958347567,139.0,0.5,0.0,0.0,0.9856958347567115
33687,0,calendar_2014_test,144.39405986775944,178.0,0.5,0.0,0.0,33.60594013224056
33688,0,calendar_2014_test,190.83129480195979,200.0,0.5,0.0,0.0,9.168705198040215
33689,0,calendar_2014_test,211.38509219302725,213.0,0.5,0.0,0.0,1.6149078069727523
33690,0,calendar_2014_test,223.838217659687,148.0,0.5,0.0,0.0,75.83821765968699
33691,0,calendar_2014_test,143.8279072793591,194.0,0.5,0.0,0.0,50.172092720640904
33692,0,calendar_2014_test,210.25244851706415,172.0,0.5,0.0,0.0,38.25244851706415
33693,0,calendar_2014_test,174.0793986374509,151.0,0.5,0.0,0.0,23.079398637450907
33694,0,calendar_2014_test,153.13004662208647,156.0,0.5,0.0,0.0,2.869953377913532
33695,0,calendar_2014_test,167.363774885128,168.0,0.5,0.0,0.0,0.6362251148719906
33696,0,calendar_2014_test,176.5573387942071,172.0,0.5,0.0,0.0,4.557338794207112
33697,0,calendar_2014_test,180.9589590850696,174.0,0.5,0.0,0.0,6.958959085069608
33698,0,calendar_2014_test,179.4399174119973,169.0,0.5,0.0,0.0,10.4399174119973
33699,0,calendar_2014_test,173.29866839016404,158.0,0.5,0.0,0.0,15.298668390164039
33700,0,calendar_2014_test,163.14613842185486,152.0,0.5,0.0,0.0,11.146138421854857
33701,0,calendar_2014_test,153.36718813804055,149.0,0.5,0.0,0.0,4.367188138040547
33702,0,calendar_2014_test,149.01206572318404,148.0,0.5,0.0,0.0,1.0120657231840369
33703,0,calendar_2014_test,147.79563617437694,125.0,0.5,0.0,0.0,22.795636174376938
33704,0,calendar_2014_test,124.87037506628288,112.0,0.5,0.0,0.0,12.870375066282875
33705,0,calendar_2014_test,111.14788868294002,105.0,0.5,0.0,0.0,6.147888682940021
33706,0,calendar_2014_test,106.57574792148992,114.0,0.5,0.0,0.0,7.424252078510079
33707,0,calendar_2014_test,113.5707025972056,96.0,0.5,0.0,0.0,17.570702597205596
33708,0,calendar_2014_test,93.18822265525971,80.0,0.5,0.0,0.0,13.188222655259707
33709,0,calendar_2014_test,80.49778256689203,71.0,0.5,0.0,0.0,9.497782566892027
33710,0,calendar_2014_test,74.20052975333643,67.0,0.5,0.0,0.0,7.200529753336426
33711,0,calendar_2014_test,73.32909509136238,74.0,0.5,0.0,0.0,0.670904908637624
33712,0,calendar_2014_test,78.78563565864123,70.0,0.5,0.0,0.0,8.785635658641226
33713,0,calendar_2014_test,76.62237112075006,77.0,0.5,0.0,0.0,0.37762887924994004
33714,0,calendar_2014_test,86.21761278217613,77.0,0.5,0.0,0.0,9.217612782176133
33715,0,calendar_2014_test,84.78014355093038,91.0,0.5,0.0,0.0,6.219856449069624
33716,0,calendar_2014_test,99.38560077513569,107.0,0.5,0.0,0.0,7.614399224864314
33717,0,calendar_2014_test,115.80250993143223,157.0,0.5,0.0,0.0,41.197490068567774
33718,0,calendar_2014_test,169.72494619183948,184.0,0.5,0.0,0.0,14.275053808160521
33719,0,calendar_2014_test,189.53520512531378,182.0,0.5,0.0,0.0,7.53520512531378
33720,0,calendar_2014_test,176.13657304614878,207.0,0.5,0.0,0.0,30.863426953851217
33721,0,calendar_2014_test,213.34320516279348,233.0,0.5,0.0,0.0,19.65679483720652
33722,0,calendar_2014_test,226.7399222715189,212.0,0.5,0.0,0.0,14.739922271518907
33723,0,calendar_2014_test,196.11430136776085,209.0,0.5,0.0,0.0,12.885698632239155
33724,0,calendar_2014_test,205.69042388652457,237.0,0.5,0.0,0.0,31.30957611347543
33725,0,calendar_2014_test,228.8813689694831,252.0,0.5,0.0,0.0,23.118631030516894
33726,0,calendar_2014_test,239.95406796966438,233.0,0.5,0.0,0.0,6.954067969664379
33727,0,calendar_2014_test,211.605826900523,240.0,0.5,0.0,0.0,28.394173099477
33728,0,calendar_2014_test,230.33333187532065,218.0,0.5,0.0,0.0,12.333331875320653
33729,0,calendar_2014_test,201.5917679104276,217.0,0.5,0.0,0.0,15.408232089572408
33730,0,calendar_2014_test,210.02326737474255,196.0,0.5,0.0,0.0,14.023267374742545
33731,0,calendar_2014_test,180.52463458973682,180.0,0.5,0.0,0.0,0.5246345897368201
33732,0,calendar_2014_test,170.79213708655516,157.0,0.5,0.0,0.0,13.792137086555158
33733,0,calendar_2014_test,152.97208418052045,153.0,0.5,0.0,0.0,0.02791581947954569
33734,0,calendar_2014_test,153.6819882122304,153.0,0.5,0.0,0.0,0.681988212230408
33735,0,calendar_2014_test,155.79344064839685,150.0,0.5,0.0,0.0,5.793440648396853
33736,0,calendar_2014_test,155.91702998479138,158.0,0.5,0.0,0.0,2.082970015208616
33737,0,calendar_2014_test,165.57133171351782,168.0,0.5,0.0,0.0,2.4286682864821785
33738,0,calendar_2014_test,180.25984342787277,167.0,0.5,0.0,0.0,13.259843427872767
33739,0,calendar_2014_test,177.3797255903943,184.0,0.5,0.0,0.0,6.620274409605713
33740,0,calendar_2014_test,195.53976622902707,194.0,0.5,0.0,0.0,1.539766229027066
33741,0,calendar_2014_test,199.96350838416606,181.0,0.5,0.0,0.0,18.96350838416606
33742,0,calendar_2014_test,179.73857553860068,153.0,0.5,0.0,0.0,26.738575538600685
33743,0,calendar_2014_test,151.18392454156307,139.0,0.5,0.0,0.0,12.183924541563073
33744,0,calendar_2014_test,142.499247453065,133.0,0.5,0.0,0.0,9.49924745306501
33745,0,calendar_2014_test,132.61856769617893,130.0,0.5,0.0,0.0,2.6185676961789284
33746,0,calendar_2014_test,133.45285301302079,116.0,0.5,0.0,0.0,17.452853013020786
33747,0,calendar_2014_test,117.11981980326897,114.0,0.5,0.0,0.0,3.1198198032689675
33748,0,calendar_2014_test,118.71083533716529,99.0,0.5,0.0,0.0,19.710835337165292
33749,0,calendar_2014_test,101.33625222162486,94.0,0.5,0.0,0.0,7.336252221624861
33750,0,calendar_2014_test,98.89145329263206,84.0,0.5,0.0,0.0,14.891453292632065
33751,0,calendar_2014_test,87.48068498954892,80.0,0.5,0.0,0.0,7.480684989548919
33752,0,calendar_2014_test,83.50452153778062,80.0,0.5,0.0,0.0,3.5045215377806187
33753,0,calendar_2014_test,84.37886482705201,88.0,0.5,0.0,0.0,3.6211351729479873
33754,0,calendar_2014_test,92.9345745234266,103.0,0.5,0.0,0.0,10.065425476573395
33755,0,calendar_2014_test,108.47498258535687,132.0,0.5,0.0,0.0,23.52501741464313
33756,0,calendar_2014_test,138.34974528525194,151.0,0.5,0.0,0.0,12.650254714748058
33757,0,calendar_2014_test,155.25856160553312,165.0,0.5,0.0,0.0,9.741438394466883
33758,0,calendar_2014_test,168.86474888880446,182.0,0.5,0.0,0.0,13.135251111195544
33759,0,calendar_2014_test,182.51847316993334,191.0,0.5,0.0,0.0,8.481526830066656
33760,0,calendar_2014_test,190.57771431209284,193.0,0.5,0.0,0.0,2.422285687907163
33761,0,calendar_2014_test,192.49406148475515,192.0,0.5,0.0,0.0,0.4940614847551501
33762,0,calendar_2014_test,190.348481348125,189.0,0.5,0.0,0.0,1.3484813481250058
33763,0,calendar_2014_test,186.46682999762822,188.0,0.5,0.0,0.0,1.5331700023717758
33764,0,calendar_2014_test,189.1380805738558,223.0,0.5,0.0,0.0,33.8619194261442
33765,0,calendar_2014_test,225.5064920391087,239.0,0.5,0.0,0.0,13.493507960891293
33766,0,calendar_2014_test,232.15322151111468,235.0,0.5,0.0,0.0,2.8467784888853203
33767,0,calendar_2014_test,234.84468802840388,196.0,0.5,0.0,0.0,38.84468802840388
33768,0,calendar_2014_test,187.01676212851567,180.0,0.5,0.0,0.0,7.016762128515666
33769,0,calendar_2014_test,175.6626952490326,192.0,0.5,0.0,0.0,16.337304750967405
33770,0,calendar_2014_test,192.46826785902772,187.0,0.5,0.0,0.0,5.468267859027719
33771,0,calendar_2014_test,184.47422725326123,164.0,0.5,0.0,0.0,20.474227253261233
33772,0,calendar_2014_test,162.47650815074198,156.0,0.5,0.0,0.0,6.476508150741978
33773,0,calendar_2014_test,154.99408419504948,163.0,0.5,0.0,0.0,8.005915804950519
33774,0,calendar_2014_test,165.36149169014678,144.0,0.5,0.0,0.0,21.361491690146778
33775,0,calendar_2014_test,136.89983599421726,137.0,0.5,0.0,0.0,0.10016400578274443
33776,0,calendar_2014_test,134.0111195898802,131.0,0.5,0.0,0.0,3.0111195898801952
33777,0,calendar_2014_test,117.04219733359764,115.0,0.5,0.0,0.0,2.0421973335976418
33778,0,calendar_2014_test,112.79200358709187,68.0,0.5,0.0,0.0,44.79200358709187
33779,0,calendar_2014_test,50.78366444963962,26.0,0.5,0.0,0.0,24.783664449639623
33780,0,calendar_2014_test,27.909564446168545,16.0,0.5,0.0,0.0,11.909564446168545
33781,0,calendar_2014_test,19.187064786609895,15.0,0.5,0.0,0.0,4.187064786609895
33782,0,calendar_2014_test,14.312718711290543,10.0,0.5,0.0,0.0,4.312718711290543
33783,0,calendar_2014_test,13.93205166316082,13.0,0.5,0.0,0.0,0.93205166316082
33784,0,calendar_2014_test,14.47680614518454,11.0,0.5,0.0,0.0,3.47680614518454
33785,0,calendar_2014_test,20.98479350604677,8.0,0.5,0.0,0.0,12.98479350604677
33786,0,calendar_2014_test,18.253137992600188,10.0,0.5,0.0,0.0,8.253137992600188
33787,0,calendar_2014_test,21.69404597879253,16.0,0.5,0.0,0.0,5.694045978792531
33788,0,calendar_2014_test,20.895386776251883,49.0,0.5,0.0,0.0,28.104613223748117
33789,0,calendar_2014_test,54.66780463720286,45.0,0.5,0.0,0.0,9.667804637202863
33790,0,calendar_2014_test,46.843021947663104,42.0,0.5,0.0,0.0,4.843021947663104
33791,0,calendar_2014_test,47.186615842968045,55.0,0.5,0.0,0.0,7.813384157031955
33792,0,calendar_2014_test,56.81420782042662,53.0,0.5,0.0,0.0,3.814207820426617
33793,0,calendar_2014_test,48.21584916052903,85.0,0.5,0.0,0.0,36.78415083947097
33794,0,calendar_2014_test,83.0949254551198,37.0,0.5,0.0,0.0,46.09492545511981
33795,0,calendar_2014_test,36.98980416203701,19.0,0.5,0.0,0.0,17.98980416203701
33796,0,calendar_2014_test,20.969075081636007,21.0,0.5,0.0,0.0,0.03092491836399347
33797,0,calendar_2014_test,19.639290952851212,16.0,0.5,0.0,0.0,3.639290952851212
33798,0,calendar_2014_test,15.857852752875814,17.0,0.5,0.0,0.0,1.1421472471241856
33799,0,calendar_2014_test,15.295721874648649,17.0,0.5,0.0,0.0,1.704278125351351
33800,0,calendar_2014_test,15.0112895175413,16.0,0.5,0.0,0.0,0.9887104824586999
33801,0,calendar_2014_test,15.791407534134919,11.0,0.5,0.0,0.0,4.791407534134919
33802,0,calendar_2014_test,8.455028944275156,11.0,0.5,0.0,0.0,2.5449710557248437
33803,0,calendar_2014_test,10.518065477623267,14.0,0.5,0.0,0.0,3.481934522376733
33804,0,calendar_2014_test,13.189750749308729,9.0,0.5,0.0,0.0,4.189750749308729
33805,0,calendar_2014_test,9.109597971808498,8.0,0.5,0.0,0.0,1.1095979718084976
33806,0,calendar_2014_test,10.586704298949712,10.0,0.5,0.0,0.0,0.5867042989497122
33807,0,calendar_2014_test,15.064567245007552,14.0,0.5,0.0,0.0,1.0645672450075523
33808,0,calendar_2014_test,17.570469201568798,14.0,0.5,0.0,0.0,3.570469201568798
33809,0,calendar_2014_test,16.102616288468482,22.0,0.5,0.0,0.0,5.897383711531518
33810,0,calendar_2014_test,23.977636433251348,32.0,0.5,0.0,0.0,8.022363566748652
33811,0,calendar_2014_test,35.17396209102851,36.0,0.5,0.0,0.0,0.8260379089714931
33812,0,calendar_2014_test,36.21831819507952,29.0,0.5,0.0,0.0,7.218318195079519
33813,0,calendar_2014_test,29.808729078627252,31.0,0.5,0.0,0.0,1.1912709213727481
33814,0,calendar_2014_test,30.625610033365334,35.0,0.5,0.0,0.0,4.374389966634666
33815,0,calendar_2014_test,38.792435047472246,34.0,0.5,0.0,0.0,4.792435047472246
33816,0,calendar_2014_test,38.54746707841491,28.0,0.5,0.0,0.0,10.547467078414911
33817,0,calendar_2014_test,32.41036441240877,52.0,0.5,0.0,0.0,19.589635587591232
33818,0,calendar_2014_test,53.60742177136442,70.0,0.5,0.0,0.0,16.39257822863558
33819,0,calendar_2014_test,68.21223778849743,52.0,0.5,0.0,0.0,16.212237788497433
33820,0,calendar_2014_test,47.33346585012202,39.0,0.5,0.0,0.0,8.333465850122018
33821,0,calendar_2014_test,39.20954484874986,31.0,0.5,0.0,0.0,8.209544848749857
33822,0,calendar_2014_test,28.286172976818293,25.0,0.5,0.0,0.0,3.2861729768182926
33823,0,calendar_2014_test,24.745593672310335,25.0,0.5,0.0,0.0,0.2544063276896651
33824,0,calendar_2014_test,20.68475502423408,28.0,0.5,0.0,0.0,7.315244975765921
33825,0,calendar_2014_test,24.159765486519404,28.0,0.5,0.0,0.0,3.8402345134805955
33826,0,calendar_2014_test,26.92775381988828,25.0,0.5,0.0,0.0,1.9277538198882809
33827,0,calendar_2014_test,23.236661460747882,15.0,0.5,0.0,0.0,8.236661460747882
33828,0,calendar_2014_test,17.807363032864046,17.0,0.5,0.0,0.0,0.8073630328640462
33829,0,calendar_2014_test,20.799150069004483,18.0,0.5,0.0,0.0,2.799150069004483
33830,0,calendar_2014_test,19.40898442640281,35.0,0.5,0.0,0.0,15.59101557359719
33831,0,calendar_2014_test,35.96164455785071,17.0,0.5,0.0,0.0,18.96164455785071
33832,0,calendar_2014_test,21.337390312282892,17.0,0.5,0.0,0.0,4.337390312282892
33833,0,calendar_2014_test,22.353559275015968,18.0,0.5,0.0,0.0,4.353559275015968
33834,0,calendar_2014_test,21.454901232942248,24.0,0.5,0.0,0.0,2.545098767057752
33835,0,calendar_2014_test,28.20294163118318,28.0,0.5,0.0,0.0,0.20294163118317954
33836,0,calendar_2014_test,30.946823977707297,31.0,0.5,0.0,0.0,0.05317602229270335
33837,0,calendar_2014_test,31.467537875730585,40.0,0.5,0.0,0.0,8.532462124269415
33838,0,calendar_2014_test,42.15753465748478,42.0,0.5,0.0,0.0,0.15753465748478135
33839,0,calendar_2014_test,45.080149627530844,48.0,0.5,0.0,0.0,2.9198503724691562
33840,0,calendar_2014_test,51.71642298407618,52.0,0.5,0.0,0.0,0.283577015923818
33841,0,calendar_2014_test,55.46310627249105,53.0,0.5,0.0,0.0,2.4631062724910535
33842,0,calendar_2014_test,53.64878901460455,58.0,0.5,0.0,0.0,4.351210985395447
33843,0,calendar_2014_test,60.35977433031865,58.0,0.5,0.0,0.0,2.3597743303186505
33844,0,calendar_2014_test,56.848500128311485,64.0,0.5,0.0,0.0,7.1514998716885145
33845,0,calendar_2014_test,65.2070271816017,61.0,0.5,0.0,0.0,4.207027181601703
33846,0,calendar_2014_test,53.94922111241194,41.0,0.5,0.0,0.0,12.94922111241194
33847,0,calendar_2014_test,39.33812789559405,35.0,0.5,0.0,0.0,4.338127895594049
33848,0,calendar_2014_test,32.62400707594057,18.0,0.5,0.0,0.0,14.624007075940568
33849,0,calendar_2014_test,17.44111956662468,11.0,0.5,0.0,0.0,6.441119566624678
33850,0,calendar_2014_test,18.07674578731543,13.0,0.5,0.0,0.0,5.076745787315431
33851,0,calendar_2014_test,14.252247474449334,12.0,0.5,0.0,0.0,2.2522474744493337
33852,0,calendar_2014_test,15.648472501626514,9.0,0.5,0.0,0.0,6.6484725016265145
33853,0,calendar_2014_test,9.329222589004132,9.0,0.5,0.0,0.0,0.32922258900413226
33854,0,calendar_2014_test,8.255974218660583,16.0,0.5,0.0,0.0,7.744025781339417
33855,0,calendar_2014_test,15.604211346634912,13.0,0.5,0.0,0.0,2.604211346634912
33856,0,calendar_2014_test,16.464731411514393,16.0,0.5,0.0,0.0,0.4647314115143928
33857,0,calendar_2014_test,19.769961540390625,9.0,0.5,0.0,0.0,10.769961540390625
33858,0,calendar_2014_test,16.36092913410809,18.0,0.5,0.0,0.0,1.6390708658919095
33859,0,calendar_2014_test,24.11268137658763,28.0,0.5,0.0,0.0,3.8873186234123693
33860,0,calendar_2014_test,33.22639365682326,32.0,0.5,0.0,0.0,1.2263936568232623
33861,0,calendar_2014_test,34.755907017479934,33.0,0.5,0.0,0.0,1.7559070174799345
33862,0,calendar_2014_test,37.42143392641563,35.0,0.5,0.0,0.0,2.421433926415631
33863,0,calendar_2014_test,32.848361240362905,46.0,0.5,0.0,0.0,13.151638759637095
33864,0,calendar_2014_test,47.554267233001504,19.0,0.5,0.0,0.0,28.554267233001504
33865,0,calendar_2014_test,25.21169152712858,21.0,0.5,0.0,0.0,4.211691527128579
33866,0,calendar_2014_test,20.355846223103086,9.0,0.5,0.0,0.0,11.355846223103086
33867,0,calendar_2014_test,11.251318727535718,12.0,0.5,0.0,0.0,0.7486812724642817
33868,0,calendar_2014_test,14.877946456092062,9.0,0.5,0.0,0.0,5.877946456092062
33869,0,calendar_2014_test,10.379145447039448,10.0,0.5,0.0,0.0,0.3791454470394484
33870,0,calendar_2014_test,11.476739972399827,12.0,0.5,0.0,0.0,0.5232600276001733
33871,0,calendar_2014_test,12.236707552317668,10.0,0.5,0.0,0.0,2.236707552317668
33872,0,calendar_2014_test,10.911902246297288,10.0,0.5,0.0,0.0,0.9119022462972879
33873,0,calendar_2014_test,9.284037159330467,9.0,0.5,0.0,0.0,0.2840371593304667
33874,0,calendar_2014_test,8.074174441714817,7.0,0.5,0.0,0.0,1.074174441714817
33875,0,calendar_2014_test,5.52913572300227,6.0,0.5,0.0,0.0,0.47086427699773026
33876,0,calendar_2014_test,24.151413505600672,21.0,0.5,0.0,0.0,3.1514135056006722
33877,0,calendar_2014_test,23.62272600013725,20.0,0.5,0.0,0.0,3.6227260001372485
33878,0,calendar_2014_test,26.134526563951397,26.0,0.5,0.0,0.0,0.13452656395139684
33879,0,calendar_2014_test,32.936583725456,35.0,0.5,0.0,0.0,2.0634162745439966
33880,0,calendar_2014_test,39.31476414174623,58.0,0.5,0.0,0.0,18.68523585825377
33881,0,calendar_2014_test,63.36450826743074,45.0,0.5,0.0,0.0,18.364508267430743
33882,0,calendar_2014_test,40.27149549905837,50.0,0.5,0.0,0.0,9.728504500941632
33883,0,calendar_2014_test,53.74250521211893,58.0,0.5,0.0,0.0,4.257494787881072
33884,0,calendar_2014_test,58.230886320016786,44.0,0.5,0.0,0.0,14.230886320016786
33885,0,calendar_2014_test,40.69491888614943,46.0,0.5,0.0,0.0,5.305081113850569
33886,0,calendar_2014_test,45.88470685698019,31.0,0.5,0.0,0.0,14.884706856980188
33887,0,calendar_2014_test,30.657341705224653,23.0,0.5,0.0,0.0,7.657341705224653
33888,0,calendar_2014_test,24.63289135861841,21.0,0.5,0.0,0.0,3.6328913586184086
33889,0,calendar_2014_test,21.753379630508007,24.0,0.5,0.0,0.0,2.2466203694919926
33890,0,calendar_2014_test,24.447243266156917,19.0,0.5,0.0,0.0,5.447243266156917
33891,0,calendar_2014_test,18.97149891927809,22.0,0.5,0.0,0.0,3.0285010807219095
33892,0,calendar_2014_test,16.93557803821065,18.0,0.5,0.0,0.0,1.0644219617893498
33893,0,calendar_2014_test,19.207879658583536,19.0,0.5,0.0,0.0,0.2078796585835363
33894,0,calendar_2014_test,18.570254406205677,21.0,0.5,0.0,0.0,2.4297455937943226
33895,0,calendar_2014_test,23.0243908668738,22.0,0.5,0.0,0.0,1.0243908668738015
33896,0,calendar_2014_test,21.586571192539054,29.0,0.5,0.0,0.0,7.413428807460946
33897,0,calendar_2014_test,29.048069613217223,36.0,0.5,0.0,0.0,6.951930386782777
33898,0,calendar_2014_test,37.05808162985538,39.0,0.5,0.0,0.0,1.94191837014462
33899,0,calendar_2014_test,37.56592603742132,36.0,0.5,0.0,0.0,1.5659260374213204
33900,0,calendar_2014_test,37.50169035587942,42.0,0.5,0.0,0.0,4.498309644120582
33901,0,calendar_2014_test,47.22831958738975,38.0,0.5,0.0,0.0,9.228319587389748
33902,0,calendar_2014_test,44.5660532609169,36.0,0.5,0.0,0.0,8.566053260916902
33903,0,calendar_2014_test,32.83629805526493,30.0,0.5,0.0,0.0,2.8362980552649333
33904,0,calendar_2014_test,28.295653903612134,15.0,0.5,0.0,0.0,13.295653903612134
33905,0,calendar_2014_test,19.62556370472106,19.0,0.5,0.0,0.0,0.6255637047210598
33906,0,calendar_2014_test,26.210491517818355,30.0,0.5,0.0,0.0,3.7895084821816454
33907,0,calendar_2014_test,34.41766743903267,60.0,0.5,0.0,0.0,25.58233256096733
33908,0,calendar_2014_test,58.47457842182658,40.0,0.5,0.0,0.0,18.47457842182658
33909,0,calendar_2014_test,40.71650882329437,29.0,0.5,0.0,0.0,11.716508823294369
33910,0,calendar_2014_test,34.47269790712792,35.0,0.5,0.0,0.0,0.5273020928720769
33911,0,calendar_2014_test,43.14975924866989,40.0,0.5,0.0,0.0,3.1497592486698878
33912,0,calendar_2014_test,45.00096365353384,42.0,0.5,0.0,0.0,3.0009636535338373
33913,0,calendar_2014_test,45.534770496935565,37.0,0.5,0.0,0.0,8.534770496935565
33914,0,calendar_2014_test,40.198742783865185,44.0,0.5,0.0,0.0,3.8012572161348146
33915,0,calendar_2014_test,46.93328479814359,49.0,0.5,0.0,0.0,2.066715201856411
33916,0,calendar_2014_test,52.78708187693141,50.0,0.5,0.0,0.0,2.78708187693141
33917,0,calendar_2014_test,48.98818208178682,52.0,0.5,0.0,0.0,3.0118179182131826
33918,0,calendar_2014_test,49.279197038072866,50.0,0.5,0.0,0.0,0.7208029619271343
33919,0,calendar_2014_test,47.04387020654888,52.0,0.5,0.0,0.0,4.956129793451119
33920,0,calendar_2014_test,50.193102907565944,50.0,0.5,0.0,0.0,0.19310290756594384
33921,0,calendar_2014_test,47.62385399813687,55.0,0.5,0.0,0.0,7.376146001863127
33922,0,calendar_2014_test,53.909424364319115,57.0,0.5,0.0,0.0,3.090575635680885
33923,0,calendar_2014_test,55.5835730140775,45.0,0.5,0.0,0.0,10.583573014077501
33924,0,calendar_2014_test,47.11154124205897,51.0,0.5,0.0,0.0,3.888458757941031
33925,0,calendar_2014_test,55.466203433004715,49.0,0.5,0.0,0.0,6.466203433004715
33926,0,calendar_2014_test,49.58790096558956,54.0,0.5,0.0,0.0,4.4120990344104385
33927,0,calendar_2014_test,55.45119845927877,62.0,0.5,0.0,0.0,6.548801540721229
33928,0,calendar_2014_test,61.53118691372436,73.0,0.5,0.0,0.0,11.468813086275638
33929,0,calendar_2014_test,75.0513092703067,81.0,0.5,0.0,0.0,5.948690729693297
33930,0,calendar_2014_test,88.16205396663187,93.0,0.5,0.0,0.0,4.837946033368127
33931,0,calendar_2014_test,96.62238560406799,108.0,0.5,0.0,0.0,11.377614395932014
33932,0,calendar_2014_test,115.16630816645305,112.0,0.5,0.0,0.0,3.1663081664530495
33933,0,calendar_2014_test,115.08269589475748,113.0,0.5,0.0,0.0,2.082695894757478
33934,0,calendar_2014_test,114.45185725143486,85.0,0.5,0.0,0.0,29.45185725143486
33935,0,calendar_2014_test,87.06372864146402,90.0,0.5,0.0,0.0,2.9362713585359757
33936,0,calendar_2014_test,92.80315706263153,85.0,0.5,0.0,0.0,7.803157062631527
33937,0,calendar_2014_test,87.7565212848482,121.0,0.5,0.0,0.0,33.243478715151795
33938,0,calendar_2014_test,126.0491180138888,130.0,0.5,0.0,0.0,3.950881986111199
33939,0,calendar_2014_test,132.2062206117001,133.0,0.5,0.0,0.0,0.793779388299896
33940,0,calendar_2014_test,132.06863437372073,148.0,0.5,0.0,0.0,15.931365626279273
33941,0,calendar_2014_test,146.54160636615597,160.0,0.5,0.0,0.0,13.458393633844025
33942,0,calendar_2014_test,154.7630656474316,159.0,0.5,0.0,0.0,4.236934352568397
33943,0,calendar_2014_test,153.92799064541802,172.0,0.5,0.0,0.0,18.07200935458198
33944,0,calendar_2014_test,169.58436427119088,142.0,0.5,0.0,0.0,27.58436427119088
33945,0,calendar_2014_test,137.6320857871596,146.0,0.5,0.0,0.0,8.36791421284039
33946,0,calendar_2014_test,144.42758925033456,134.0,0.5,0.0,0.0,10.427589250334563
33947,0,calendar_2014_test,126.19534444580262,111.0,0.5,0.0,0.0,15.195344445802618
33948,0,calendar_2014_test,105.81018394950458,90.0,0.5,0.0,0.0,15.810183949504577
33949,0,calendar_2014_test,86.98561133411748,60.0,0.5,0.0,0.0,26.98561133411748
33950,0,calendar_2014_test,61.064057480201285,60.0,0.5,0.0,0.0,1.064057480201285
33951,0,calendar_2014_test,64.48831432678736,70.0,0.5,0.0,0.0,5.511685673212639
33952,0,calendar_2014_test,78.35112798004465,80.0,0.5,0.0,0.0,1.6488720199553484
33953,0,calendar_2014_test,82.09892789116503,74.0,0.5,0.0,0.0,8.098927891165033
33954,0,calendar_2014_test,76.36231813026038,64.0,0.5,0.0,0.0,12.362318130260377
33955,0,calendar_2014_test,69.40726055195367,82.0,0.5,0.0,0.0,12.59273944804633
33956,0,calendar_2014_test,91.93891670555355,111.0,0.5,0.0,0.0,19.061083294446448
33957,0,calendar_2014_test,119.27113566091282,112.0,0.5,0.0,0.0,7.271135660912819
33958,0,calendar_2014_test,116.51180159103771,128.0,0.5,0.0,0.0,11.48819840896229
33959,0,calendar_2014_test,136.0743921134486,126.0,0.5,0.0,0.0,10.074392113448596
33960,0,calendar_2014_test,128.41423153120292,147.0,0.5,0.0,0.0,18.585768468797085
33961,0,calendar_2014_test,150.2848640332003,135.0,0.5,0.0,0.0,15.284864033200307
33962,0,calendar_2014_test,135.53562490025766,142.0,0.5,0.0,0.0,6.464375099742341
33963,0,calendar_2014_test,146.27189823271544,144.0,0.5,0.0,0.0,2.2718982327154436
33964,0,calendar_2014_test,147.2661602657001,142.0,0.5,0.0,0.0,5.266160265700108
33965,0,calendar_2014_test,143.4490185567432,139.0,0.5,0.0,0.0,4.449018556743198
33966,0,calendar_2014_test,139.79432675921,129.0,0.5,0.0,0.0,10.794326759210009
33967,0,calendar_2014_test,124.63354728431962,132.0,0.5,0.0,0.0,7.366452715680381
33968,0,calendar_2014_test,133.4999973123139,130.0,0.5,0.0,0.0,3.4999973123138943
33969,0,calendar_2014_test,127.86898739527412,162.0,0.5,0.0,0.0,34.13101260472588
33970,0,calendar_2014_test,164.4147302962267,162.0,0.5,0.0,0.0,2.4147302962267077
33971,0,calendar_2014_test,161.58229200399884,163.0,0.5,0.0,0.0,1.4177079960011554
33972,0,calendar_2014_test,162.9366749812145,152.0,0.5,0.0,0.0,10.936674981214509
33973,0,calendar_2014_test,152.95543337292207,150.0,0.5,0.0,0.0,2.955433372922073
33974,0,calendar_2014_test,152.39759199183797,160.0,0.5,0.0,0.0,7.60240800816203
33975,0,calendar_2014_test,168.35779191421312,172.0,0.5,0.0,0.0,3.6422080857868764
33976,0,calendar_2014_test,179.99120313531193,188.0,0.5,0.0,0.0,8.008796864688065
33977,0,calendar_2014_test,196.44845442151114,195.0,0.5,0.0,0.0,1.4484544215111441
33978,0,calendar_2014_test,196.83557487712858,220.0,0.5,0.0,0.0,23.16442512287142
33979,0,calendar_2014_test,230.32832369508745,191.0,0.5,0.0,0.0,39.32832369508745
33980,0,calendar_2014_test,186.97357432242313,154.0,0.5,0.0,0.0,32.97357432242313
33981,0,calendar_2014_test,146.67765158005307,158.0,0.5,0.0,0.0,11.322348419946934
33982,0,calendar_2014_test,163.9068389411379,131.0,0.5,0.0,0.0,32.90683894113789
33983,0,calendar_2014_test,126.37127695740645,128.0,0.5,0.0,0.0,1.628723042593549
33984,0,calendar_2014_test,132.65201444011495,123.0,0.5,0.0,0.0,9.652014440114954
33985,0,calendar_2014_test,125.23237234709607,112.0,0.5,0.0,0.0,13.232372347096074
33986,0,calendar_2014_test,112.85188947394838,122.0,0.5,0.0,0.0,9.148110526051624
33987,0,calendar_2014_test,128.5714732562953,113.0,0.5,0.0,0.0,15.571473256295292
33988,0,calendar_2014_test,112.58698436346528,109.0,0.5,0.0,0.0,3.5869843634652767
33989,0,calendar_2014_test,111.10521451656086,120.0,0.5,0.0,0.0,8.894785483439136
33990,0,calendar_2014_test,125.38332213113827,125.0,0.5,0.0,0.0,0.3833221311382715
33991,0,calendar_2014_test,129.7447834971358,127.0,0.5,0.0,0.0,2.7447834971358134
33992,0,calendar_2014_test,127.06916214226737,143.0,0.5,0.0,0.0,15.930837857732627
33993,0,calendar_2014_test,148.5613240364687,109.0,0.5,0.0,0.0,39.561324036468704
33994,0,calendar_2014_test,105.44905761547051,96.0,0.5,0.0,0.0,9.449057615470508
33995,0,calendar_2014_test,91.86965188139904,80.0,0.5,0.0,0.0,11.869651881399037
33996,0,calendar_2014_test,81.9265012908852,96.0,0.5,0.0,0.0,14.073498709114801
33997,0,calendar_2014_test,104.55814922163928,106.0,0.5,0.0,0.0,1.4418507783607168
33998,0,calendar_2014_test,112.13426944018553,103.0,0.5,0.0,0.0,9.134269440185534
33999,0,calendar_2014_test,108.9968546127964,84.0,0.5,0.0,0.0,24.996854612796398
34000,0,calendar_2014_test,87.22221609719341,80.0,0.5,0.0,0.0,7.22221609719341
34001,0,calendar_2014_test,85.10996185014977,81.0,0.5,0.0,0.0,4.109961850149773
34002,0,calendar_2014_test,87.59889291435346,87.0,0.5,0.0,0.0,0.5988929143534563
34003,0,calendar_2014_test,94.07096568258392,69.0,0.5,0.0,0.0,25.070965682583918
34004,0,calendar_2014_test,68.16251614690758,73.0,0.5,0.0,0.0,4.837483853092422
34005,0,calendar_2014_test,76.06339749736456,72.0,0.5,0.0,0.0,4.063397497364562
34006,0,calendar_2014_test,75.66855918037317,77.0,0.5,0.0,0.0,1.3314408196268346
34007,0,calendar_2014_test,83.86086064392474,77.0,0.5,0.0,0.0,6.860860643924738
34008,0,calendar_2014_test,83.63266893440294,75.0,0.5,0.0,0.0,8.632668934402943
34009,0,calendar_2014_test,78.50074185735279,72.0,0.5,0.0,0.0,6.500741857352793
34010,0,calendar_2014_test,76.45049416036456,68.0,0.5,0.0,0.0,8.450494160364556
34011,0,calendar_2014_test,74.44187336636688,60.0,0.5,0.0,0.0,14.441873366366877
34012,0,calendar_2014_test,63.5085518246495,48.0,0.5,0.0,0.0,15.508551824649501
34013,0,calendar_2014_test,46.239530852307446,52.0,0.5,0.0,0.0,5.760469147692554
34014,0,calendar_2014_test,52.544509165307446,66.0,0.5,0.0,0.0,13.455490834692554
34015,0,calendar_2014_test,69.20536566577314,57.0,0.5,0.0,0.0,12.205365665773144
34016,0,calendar_2014_test,56.96363231136422,51.0,0.5,0.0,0.0,5.963632311364222
34017,0,calendar_2014_test,52.9403704901921,45.0,0.5,0.0,0.0,7.940370490192102
34018,0,calendar_2014_test,44.86444156701645,38.0,0.5,0.0,0.0,6.864441567016449
34019,0,calendar_2014_test,41.33979447927743,45.0,0.5,0.0,0.0,3.6602055207225703
34020,0,calendar_2014_test,48.39706473304571,48.0,0.5,0.0,0.0,0.3970647330457098
34021,0,calendar_2014_test,50.757072743701286,53.0,0.5,0.0,0.0,2.2429272562987137
34022,0,calendar_2014_test,56.902284336988714,64.0,0.5,0.0,0.0,7.097715663011286
34023,0,calendar_2014_test,70.4299768104488,72.0,0.5,0.0,0.0,1.5700231895511934
34024,0,calendar_2014_test,74.44834402968591,81.0,0.5,0.0,0.0,6.551655970314087
34025,0,calendar_2014_test,87.03619339274063,66.0,0.5,0.0,0.0,21.03619339274063
34026,0,calendar_2014_test,68.80273332702859,41.0,0.5,0.0,0.0,27.80273332702859
34027,0,calendar_2014_test,41.91122847134446,46.0,0.5,0.0,0.0,4.088771528655542
34028,0,calendar_2014_test,53.87015931895904,60.0,0.5,0.0,0.0,6.12984068104096
34029,0,calendar_2014_test,66.64741436842425,57.0,0.5,0.0,0.0,9.64741436842425
34030,0,calendar_2014_test,59.436728693847556,65.0,0.5,0.0,0.0,5.563271306152444
34031,0,calendar_2014_test,71.5083595855361,64.0,0.5,0.0,0.0,7.508359585536098
34032,0,calendar_2014_test,70.98535593479674,62.0,0.5,0.0,0.0,8.985355934796743
34033,0,calendar_2014_test,66.55868463129113,55.0,0.5,0.0,0.0,11.558684631291129
34034,0,calendar_2014_test,55.78560770631899,52.0,0.5,0.0,0.0,3.7856077063189915
34035,0,calendar_2014_test,52.240944995778285,55.0,0.5,0.0,0.0,2.7590550042217146
34036,0,calendar_2014_test,55.878138780917155,60.0,0.5,0.0,0.0,4.121861219082845
34037,0,calendar_2014_test,60.16535637650948,52.0,0.5,0.0,0.0,8.165356376509479
34038,0,calendar_2014_test,51.125748583221025,55.0,0.5,0.0,0.0,3.874251416778975
34039,0,calendar_2014_test,56.08789796412672,67.0,0.5,0.0,0.0,10.912102035873282
34040,0,calendar_2014_test,69.90665467179296,85.0,0.5,0.0,0.0,15.093345328207036
34041,0,calendar_2014_test,87.25178602341066,87.0,0.5,0.0,0.0,0.25178602341065925
34042,0,calendar_2014_test,87.7785517252162,79.0,0.5,0.0,0.0,8.778551725216204
34043,0,calendar_2014_test,76.1039858329813,60.0,0.5,0.0,0.0,16.103985832981294
34044,0,calendar_2014_test,61.64784186106563,69.0,0.5,0.0,0.0,7.352158138934371
34045,0,calendar_2014_test,74.29988066459174,59.0,0.5,0.0,0.0,15.29988066459174
34046,0,calendar_2014_test,63.67854080780448,53.0,0.5,0.0,0.0,10.678540807804481
34047,0,calendar_2014_test,54.99506831865992,55.0,0.5,0.0,0.0,0.00493168134008215
34048,0,calendar_2014_test,56.0126532191711,52.0,0.5,0.0,0.0,4.012653219171099
34049,0,calendar_2014_test,52.33705518633087,48.0,0.5,0.0,0.0,4.337055186330872
34050,0,calendar_2014_test,50.108404789946015,56.0,0.5,0.0,0.0,5.8915952100539855
34051,0,calendar_2014_test,60.476247879854554,59.0,0.5,0.0,0.0,1.4762478798545544
34052,0,calendar_2014_test,61.77826313782507,60.0,0.5,0.0,0.0,1.7782631378250713
34053,0,calendar_2014_test,63.971032780801764,55.0,0.5,0.0,0.0,8.971032780801764
34054,0,calendar_2014_test,57.19831084023061,59.0,0.5,0.0,0.0,1.8016891597693885
34055,0,calendar_2014_test,63.47226080163391,59.0,0.5,0.0,0.0,4.472260801633908
34056,0,calendar_2014_test,49.8066548499417,53.0,0.5,0.0,0.0,3.193345150058299
34057,0,calendar_2014_test,48.460356278073085,20.0,0.5,0.0,0.0,28.460356278073085
34058,0,calendar_2014_test,23.630570729089243,20.0,0.5,0.0,0.0,3.630570729089243
34059,0,calendar_2014_test,24.170398526654523,20.0,0.5,0.0,0.0,4.170398526654523
34060,0,calendar_2014_test,19.993835731101,11.0,0.5,0.0,0.0,8.993835731101
34061,0,calendar_2014_test,15.456007347208683,15.0,0.5,0.0,0.0,0.45600734720868275
34062,0,calendar_2014_test,16.61889152925056,12.0,0.5,0.0,0.0,4.618891529250561
34063,0,calendar_2014_test,9.874120882281204,15.0,0.5,0.0,0.0,5.125879117718796
34064,0,calendar_2014_test,12.163653901126054,14.0,0.5,0.0,0.0,1.8363460988739462
34065,0,calendar_2014_test,11.72122960368337,15.0,0.5,0.0,0.0,3.278770396316631
34066,0,calendar_2014_test,16.4357645062706,13.0,0.5,0.0,0.0,3.4357645062706013
34067,0,calendar_2014_test,16.658928170089638,11.0,0.5,0.0,0.0,5.658928170089638
34068,0,calendar_2014_test,15.147193398936892,14.0,0.5,0.0,0.0,1.147193398936892
34069,0,calendar_2014_test,19.528574740021185,15.0,0.5,0.0,0.0,4.528574740021185
34070,0,calendar_2014_test,14.064342461615098,17.0,0.5,0.0,0.0,2.935657538384902
34071,0,calendar_2014_test,17.059307196051947,14.0,0.5,0.0,0.0,3.0593071960519467
34072,0,calendar_2014_test,15.147372815509229,11.0,0.5,0.0,0.0,4.147372815509229
34073,0,calendar_2014_test,8.873033311872547,9.0,0.5,0.0,0.0,0.12696668812745315
34074,0,calendar_2014_test,10.248434670753653,6.0,0.5,0.0,0.0,4.248434670753653
34075,0,calendar_2014_test,7.539811885059294,6.0,0.5,0.0,0.0,1.5398118850592937
34076,0,calendar_2014_test,8.205017573799068,13.0,0.5,0.0,0.0,4.7949824262009315
34077,0,calendar_2014_test,15.876772555274314,10.0,0.5,0.0,0.0,5.876772555274314
34078,0,calendar_2014_test,11.308853339199914,16.0,0.5,0.0,0.0,4.6911466608000865
34079,0,calendar_2014_test,14.60556483543597,16.0,0.5,0.0,0.0,1.3944351645640296
34080,0,calendar_2014_test,13.070099164747916,14.0,0.5,0.0,0.0,0.9299008352520843
34081,0,calendar_2014_test,12.917432637021719,18.0,0.5,0.0,0.0,5.082567362978281
34082,0,calendar_2014_test,15.883175509928776,19.0,0.5,0.0,0.0,3.116824490071224
34083,0,calendar_2014_test,13.465146511573934,15.0,0.5,0.0,0.0,1.5348534884260658
34084,0,calendar_2014_test,19.197520513236242,12.0,0.5,0.0,0.0,7.197520513236242
34085,0,calendar_2014_test,16.954072670120198,22.0,0.5,0.0,0.0,5.045927329879802
34086,0,calendar_2014_test,20.980695082469865,20.0,0.5,0.0,0.0,0.9806950824698646
34087,0,calendar_2014_test,14.757567908768536,16.0,0.5,0.0,0.0,1.2424320912314641
34088,0,calendar_2014_test,14.031433324932934,20.0,0.5,0.0,0.0,5.968566675067066
34089,0,calendar_2014_test,16.0617636214472,21.0,0.5,0.0,0.0,4.938236378552801
34090,0,calendar_2014_test,16.33907340958011,21.0,0.5,0.0,0.0,4.660926590419891
34091,0,calendar_2014_test,27.028150314253693,42.0,0.5,0.0,0.0,14.971849685746307
34092,0,calendar_2014_test,45.90511586444581,46.0,0.5,0.0,0.0,0.09488413555418873
34093,0,calendar_2014_test,45.61267219863424,43.0,0.5,0.0,0.0,2.612672198634243
34094,0,calendar_2014_test,45.1253380394294,42.0,0.5,0.0,0.0,3.1253380394294012
34095,0,calendar_2014_test,48.13731788988161,41.0,0.5,0.0,0.0,7.137317889881608
34096,0,calendar_2014_test,47.16257306841876,46.0,0.5,0.0,0.0,1.1625730684187587
34097,0,calendar_2014_test,50.06246512395959,55.0,0.5,0.0,0.0,4.937534876040409
34098,0,calendar_2014_test,56.45562874192173,52.0,0.5,0.0,0.0,4.455628741921728
34099,0,calendar_2014_test,51.95090923428926,50.0,0.5,0.0,0.0,1.9509092342892629
34100,0,calendar_2014_test,50.62274934950794,74.0,0.5,0.0,0.0,23.37725065049206
34101,0,calendar_2014_test,70.47436250170503,73.0,0.5,0.0,0.0,2.5256374982949694
34102,0,calendar_2014_test,72.47500285646677,82.0,0.5,0.0,0.0,9.524997143533227
34103,0,calendar_2014_test,86.60262922079833,74.0,0.5,0.0,0.0,12.602629220798335
34104,0,calendar_2014_test,71.97826237303188,76.0,0.5,0.0,0.0,4.021737626968118
34105,0,calendar_2014_test,78.22011923882285,82.0,0.5,0.0,0.0,3.7798807611771537
34106,0,calendar_2014_test,86.00023019115417,90.0,0.5,0.0,0.0,3.9997698088458264
34107,0,calendar_2014_test,89.51071984539782,103.0,0.5,0.0,0.0,13.489280154602184
34108,0,calendar_2014_test,96.66377036004894,89.0,0.5,0.0,0.0,7.663770360048943
34109,0,calendar_2014_test,80.92952030320922,67.0,0.5,0.0,0.0,13.929520303209216
34110,0,calendar_2014_test,67.28832133311863,85.0,0.5,0.0,0.0,17.71167866688137
34111,0,calendar_2014_test,91.90745212897345,62.0,0.5,0.0,0.0,29.907452128973446
34112,0,calendar_2014_test,62.96770486521514,50.0,0.5,0.0,0.0,12.96770486521514
34113,0,calendar_2014_test,53.32088939562979,69.0,0.5,0.0,0.0,15.679110604370209
34114,0,calendar_2014_test,73.10325688585276,51.0,0.5,0.0,0.0,22.10325688585276
34115,0,calendar_2014_test,50.21615256892413,24.0,0.5,0.0,0.0,26.21615256892413
34116,0,calendar_2014_test,34.706507782865316,33.0,0.5,0.0,0.0,1.706507782865316
34117,0,calendar_2014_test,42.49180668517173,35.0,0.5,0.0,0.0,7.491806685171731
34118,0,calendar_2014_test,43.07945830520132,63.0,0.5,0.0,0.0,19.92054169479868
34119,0,calendar_2014_test,71.77864308523456,104.0,0.5,0.0,0.0,32.22135691476544
34120,0,calendar_2014_test,110.5111268208325,136.0,0.5,0.0,0.0,25.4888731791675
34121,0,calendar_2014_test,145.95696909910757,146.0,0.5,0.0,0.0,0.043030900892432555
34122,0,calendar_2014_test,146.74733911330054,118.0,0.5,0.0,0.0,28.74733911330054
34123,0,calendar_2014_test,109.2043391403199,127.0,0.5,0.0,0.0,17.795660859680098
34124,0,calendar_2014_test,130.13261862450017,149.0,0.5,0.0,0.0,18.867381375499832
34125,0,calendar_2014_test,143.73127206261103,160.0,0.5,0.0,0.0,16.268727937388974
34126,0,calendar_2014_test,157.14588126782613,116.0,0.5,0.0,0.0,41.14588126782613
34127,0,calendar_2014_test,96.07696797298347,91.0,0.5,0.0,0.0,5.076967972983468
34128,0,calendar_2014_test,82.02197641466924,97.0,0.5,0.0,0.0,14.97802358533076
34129,0,calendar_2014_test,84.48244697965916,61.0,0.5,0.0,0.0,23.48244697965916
34130,0,calendar_2014_test,52.45471704367029,49.0,0.5,0.0,0.0,3.4547170436702928
34131,0,calendar_2014_test,47.16517089130177,40.0,0.5,0.0,0.0,7.16517089130177
34132,0,calendar_2014_test,41.88924788474162,31.0,0.5,0.0,0.0,10.889247884741621
34133,0,calendar_2014_test,34.903537643747974,27.0,0.5,0.0,0.0,7.903537643747974
34134,0,calendar_2014_test,29.72932455219585,32.0,0.5,0.0,0.0,2.2706754478041518
34135,0,calendar_2014_test,36.69034251686155,28.0,0.5,0.0,0.0,8.690342516861548
34136,0,calendar_2014_test,31.631787714361124,31.0,0.5,0.0,0.0,0.6317877143611241
34137,0,calendar_2014_test,32.19187248137628,38.0,0.5,0.0,0.0,5.808127518623721
34138,0,calendar_2014_test,41.17822925329572,45.0,0.5,0.0,0.0,3.8217707467042814
34139,0,calendar_2014_test,48.77635450966905,44.0,0.5,0.0,0.0,4.776354509669048
34140,0,calendar_2014_test,46.91435307402231,55.0,0.5,0.0,0.0,8.085646925977692
34141,0,calendar_2014_test,61.1069028948015,61.0,0.5,0.0,0.0,0.10690289480150028
34142,0,calendar_2014_test,65.40666659047208,69.0,0.5,0.0,0.0,3.593333409527915
34143,0,calendar_2014_test,75.77650185054637,69.0,0.5,0.0,0.0,6.776501850546367
34144,0,calendar_2014_test,73.4118004304089,72.0,0.5,0.0,0.0,1.4118004304089027
34145,0,calendar_2014_test,76.32981055628521,87.0,0.5,0.0,0.0,10.67018944371479
34146,0,calendar_2014_test,94.77920772221339,91.0,0.5,0.0,0.0,3.7792077222133855
34147,0,calendar_2014_test,95.60279520502633,116.0,0.5,0.0,0.0,20.397204794973675
34148,0,calendar_2014_test,116.98235685086189,136.0,0.5,0.0,0.0,19.01764314913811
34149,0,calendar_2014_test,141.28309172978484,146.0,0.5,0.0,0.0,4.716908270215157
34150,0,calendar_2014_test,144.45153743818483,149.0,0.5,0.0,0.0,4.548462561815171
34151,0,calendar_2014_test,146.04200820949504,142.0,0.5,0.0,0.0,4.042008209495037
34152,0,calendar_2014_test,140.55269394824109,137.0,0.5,0.0,0.0,3.5526939482410853
34153,0,calendar_2014_test,134.57782346557514,113.0,0.5,0.0,0.0,21.577823465575136
34154,0,calendar_2014_test,104.91721562775042,119.0,0.5,0.0,0.0,14.082784372249577
34155,0,calendar_2014_test,118.85633419256,107.0,0.5,0.0,0.0,11.856334192559999
34156,0,calendar_2014_test,104.13024882524476,112.0,0.5,0.0,0.0,7.869751174755237
34157,0,calendar_2014_test,108.67238284707062,80.0,0.5,0.0,0.0,28.672382847070622
34158,0,calendar_2014_test,74.8352865045072,62.0,0.5,0.0,0.0,12.835286504507195
34159,0,calendar_2014_test,58.28652478587014,67.0,0.5,0.0,0.0,8.713475214129858
34160,0,calendar_2014_test,67.82069119877539,62.0,0.5,0.0,0.0,5.820691198775393
34161,0,calendar_2014_test,62.42096768799354,76.0,0.5,0.0,0.0,13.579032312006461
34162,0,calendar_2014_test,77.5428254774956,72.0,0.5,0.0,0.0,5.542825477495597
34163,0,calendar_2014_test,73.67577721487243,63.0,0.5,0.0,0.0,10.675777214872426
34164,0,calendar_2014_test,68.82261141422856,57.0,0.5,0.0,0.0,11.822611414228561
34165,0,calendar_2014_test,61.11024492995026,62.0,0.5,0.0,0.0,0.8897550700497376
34166,0,calendar_2014_test,64.92968363233932,59.0,0.5,0.0,0.0,5.929683632339319
34167,0,calendar_2014_test,61.15236178948999,57.0,0.5,0.0,0.0,4.152361789489987
34168,0,calendar_2014_test,60.49880457548727,60.0,0.5,0.0,0.0,0.4988045754872701
34169,0,calendar_2014_test,64.2484648015375,68.0,0.5,0.0,0.0,3.7515351984625056
34170,0,calendar_2014_test,73.35103570411916,76.0,0.5,0.0,0.0,2.6489642958808446
34171,0,calendar_2014_test,78.53563285466036,86.0,0.5,0.0,0.0,7.4643671453396365
34172,0,calendar_2014_test,92.63253494722986,97.0,0.5,0.0,0.0,4.367465052770143
34173,0,calendar_2014_test,100.27149389145596,102.0,0.5,0.0,0.0,1.728506108544039
34174,0,calendar_2014_test,104.62788388039793,111.0,0.5,0.0,0.0,6.372116119602069
34175,0,calendar_2014_test,114.98511734645959,107.0,0.5,0.0,0.0,7.985117346459589
34176,0,calendar_2014_test,111.69955418464822,106.0,0.5,0.0,0.0,5.699554184648221
34177,0,calendar_2014_test,106.58659714461949,113.0,0.5,0.0,0.0,6.413402855380511
34178,0,calendar_2014_test,114.45336389551059,105.0,0.5,0.0,0.0,9.453363895510591
34179,0,calendar_2014_test,102.80057295428057,114.0,0.5,0.0,0.0,11.199427045719432
34180,0,calendar_2014_test,110.83979959604085,133.0,0.5,0.0,0.0,22.160200403959152
34181,0,calendar_2014_test,128.47481979991335,120.0,0.5,0.0,0.0,8.474819799913348
34182,0,calendar_2014_test,104.54702946191871,99.0,0.5,0.0,0.0,5.5470294619187115
34183,0,calendar_2014_test,90.18577338335872,87.0,0.5,0.0,0.0,3.185773383358722
34184,0,calendar_2014_test,84.60678828645649,93.0,0.5,0.0,0.0,8.393211713543508
34185,0,calendar_2014_test,89.4068627921637,85.0,0.5,0.0,0.0,4.406862792163693
34186,0,calendar_2014_test,86.04101822547744,95.0,0.5,0.0,0.0,8.958981774522556
34187,0,calendar_2014_test,97.90095893000263,98.0,0.5,0.0,0.0,0.09904106999736939
34188,0,calendar_2014_test,98.84661513496924,99.0,0.5,0.0,0.0,0.153384865030759
34189,0,calendar_2014_test,100.97633632293898,88.0,0.5,0.0,0.0,12.976336322938977
34190,0,calendar_2014_test,87.96147286009429,83.0,0.5,0.0,0.0,4.96147286009429
34191,0,calendar_2014_test,86.7819317445841,84.0,0.5,0.0,0.0,2.7819317445840994
34192,0,calendar_2014_test,88.77005926226636,93.0,0.5,0.0,0.0,4.229940737733642
34193,0,calendar_2014_test,96.42762841820374,95.0,0.5,0.0,0.0,1.4276284182037386
34194,0,calendar_2014_test,97.45699133612476,113.0,0.5,0.0,0.0,15.543008663875241
34195,0,calendar_2014_test,119.01422825851839,121.0,0.5,0.0,0.0,1.9857717414816136
34196,0,calendar_2014_test,123.75643000373033,127.0,0.5,0.0,0.0,3.2435699962696702
34197,0,calendar_2014_test,130.13503667118283,134.0,0.5,0.0,0.0,3.8649633288171685
34198,0,calendar_2014_test,137.04565429142087,138.0,0.5,0.0,0.0,0.954345708579126
34199,0,calendar_2014_test,144.71409358741346,141.0,0.5,0.0,0.0,3.7140935874134584
34200,0,calendar_2014_test,145.50539110823712,143.0,0.5,0.0,0.0,2.50539110823712
34201,0,calendar_2014_test,145.76470948032102,125.0,0.5,0.0,0.0,20.764709480321017
34202,0,calendar_2014_test,118.51085873004521,111.0,0.5,0.0,0.0,7.510858730045214
34203,0,calendar_2014_test,102.40127974929085,118.0,0.5,0.0,0.0,15.59872025070915
34204,0,calendar_2014_test,115.90152083299787,110.0,0.5,0.0,0.0,5.901520832997875
34205,0,calendar_2014_test,103.71774811057153,101.0,0.5,0.0,0.0,2.7177481105715344
34206,0,calendar_2014_test,92.34971899743175,73.0,0.5,0.0,0.0,19.34971899743175
34207,0,calendar_2014_test,67.85413798726877,61.0,0.5,0.0,0.0,6.854137987268771
34208,0,calendar_2014_test,63.64687770652511,67.0,0.5,0.0,0.0,3.3531222934748897
34209,0,calendar_2014_test,72.74502308312307,80.0,0.5,0.0,0.0,7.254976916876927
34210,0,calendar_2014_test,83.46045367948233,81.0,0.5,0.0,0.0,2.4604536794823275
34211,0,calendar_2014_test,86.85180551979799,77.0,0.5,0.0,0.0,9.851805519797992
34212,0,calendar_2014_test,79.43942670498839,89.0,0.5,0.0,0.0,9.560573295011608
34213,0,calendar_2014_test,96.50570873203225,88.0,0.5,0.0,0.0,8.505708732032247
34214,0,calendar_2014_test,89.94468627720175,83.0,0.5,0.0,0.0,6.944686277201754
34215,0,calendar_2014_test,87.49631388737394,89.0,0.5,0.0,0.0,1.5036861126260561
34216,0,calendar_2014_test,96.08649207996845,96.0,0.5,0.0,0.0,0.08649207996845121
34217,0,calendar_2014_test,99.8984001637792,90.0,0.5,0.0,0.0,9.8984001637792
34218,0,calendar_2014_test,91.41613891265507,99.0,0.5,0.0,0.0,7.583861087344928
34219,0,calendar_2014_test,103.8045196211501,101.0,0.5,0.0,0.0,2.8045196211501064
34220,0,calendar_2014_test,103.16364061696923,114.0,0.5,0.0,0.0,10.836359383030768
34221,0,calendar_2014_test,117.95821615768267,135.0,0.5,0.0,0.0,17.04178384231733
34222,0,calendar_2014_test,143.22490947384605,155.0,0.5,0.0,0.0,11.775090526153946
34223,0,calendar_2014_test,157.2182154917593,189.0,0.5,0.0,0.0,31.78178450824069
34224,0,calendar_2014_test,192.51077191533113,179.0,0.5,0.0,0.0,13.510771915331134
34225,0,calendar_2014_test,172.18881169645908,151.0,0.5,0.0,0.0,21.188811696459084
34226,0,calendar_2014_test,143.26624350832,125.0,0.5,0.0,0.0,18.266243508320002
34227,0,calendar_2014_test,115.52870863031755,101.0,0.5,0.0,0.0,14.528708630317553
34228,0,calendar_2014_test,84.83203746248361,92.0,0.5,0.0,0.0,7.167962537516388
34229,0,calendar_2014_test,88.62717702613584,97.0,0.5,0.0,0.0,8.37282297386416
34230,0,calendar_2014_test,95.75988173108964,86.0,0.5,0.0,0.0,9.759881731089635
34231,0,calendar_2014_test,81.3402248826657,84.0,0.5,0.0,0.0,2.6597751173343056
34232,0,calendar_2014_test,83.73948805146603,89.0,0.5,0.0,0.0,5.260511948533974
34233,0,calendar_2014_test,92.64779627362455,89.0,0.5,0.0,0.0,3.64779627362455
34234,0,calendar_2014_test,90.90860177487697,86.0,0.5,0.0,0.0,4.908601774876971
34235,0,calendar_2014_test,89.20063504806734,92.0,0.5,0.0,0.0,2.7993649519326596
34236,0,calendar_2014_test,98.174305050513,86.0,0.5,0.0,0.0,12.174305050512999
34237,0,calendar_2014_test,86.44239288692512,85.0,0.5,0.0,0.0,1.44239288692512
34238,0,calendar_2014_test,89.63970484761828,83.0,0.5,0.0,0.0,6.639704847618276
34239,0,calendar_2014_test,84.4246875795709,82.0,0.5,0.0,0.0,2.4246875795709
34240,0,calendar_2014_test,79.76030402543228,78.0,0.5,0.0,0.0,1.7603040254322764
34241,0,calendar_2014_test,78.22346827722313,69.0,0.5,0.0,0.0,9.223468277223134
34242,0,calendar_2014_test,67.07885149364772,52.0,0.5,0.0,0.0,15.078851493647718
34243,0,calendar_2014_test,51.48757912864638,53.0,0.5,0.0,0.0,1.5124208713536191
34244,0,calendar_2014_test,55.84802461545627,88.0,0.5,0.0,0.0,32.15197538454373
34245,0,calendar_2014_test,84.53899024515317,117.0,0.5,0.0,0.0,32.46100975484683
34246,0,calendar_2014_test,113.34664475108136,113.0,0.5,0.0,0.0,0.3466447510813566
34247,0,calendar_2014_test,105.63056421628461,142.0,0.5,0.0,0.0,36.36943578371539
34248,0,calendar_2014_test,149.37007425338498,134.0,0.5,0.0,0.0,15.370074253384985
34249,0,calendar_2014_test,130.46000955372696,159.0,0.5,0.0,0.0,28.539990446273038
34250,0,calendar_2014_test,164.91304938574925,151.0,0.5,0.0,0.0,13.913049385749247
34251,0,calendar_2014_test,148.5332212508901,149.0,0.5,0.0,0.0,0.46677874910989203
34252,0,calendar_2014_test,143.2405601299467,148.0,0.5,0.0,0.0,4.759439870053313
34253,0,calendar_2014_test,142.77464356842978,132.0,0.5,0.0,0.0,10.77464356842978
34254,0,calendar_2014_test,128.64886413644243,130.0,0.5,0.0,0.0,1.3511358635575732
34255,0,calendar_2014_test,128.62113337184428,122.0,0.5,0.0,0.0,6.62113337184428
34256,0,calendar_2014_test,121.41944078208269,112.0,0.5,0.0,0.0,9.419440782082688
34257,0,calendar_2014_test,107.3238292453581,130.0,0.5,0.0,0.0,22.676170754641902
34258,0,calendar_2014_test,137.47475913229655,144.0,0.5,0.0,0.0,6.525240867703445
34259,0,calendar_2014_test,150.66684451070887,157.0,0.5,0.0,0.0,6.33315548929113
34260,0,calendar_2014_test,165.16212695293717,185.0,0.5,0.0,0.0,19.83787304706283
34261,0,calendar_2014_test,191.93614033995397,199.0,0.5,0.0,0.0,7.063859660046035
34262,0,calendar_2014_test,200.79272318016405,212.0,0.5,0.0,0.0,11.207276819835954
34263,0,calendar_2014_test,216.44061701569404,211.0,0.5,0.0,0.0,5.440617015694045
34264,0,calendar_2014_test,212.68632778756543,201.0,0.5,0.0,0.0,11.686327787565432
34265,0,calendar_2014_test,198.92101562193784,193.0,0.5,0.0,0.0,5.9210156219378405
34266,0,calendar_2014_test,192.8634172162249,198.0,0.5,0.0,0.0,5.136582783775111
34267,0,calendar_2014_test,203.24503236886338,187.0,0.5,0.0,0.0,16.245032368863377
34268,0,calendar_2014_test,181.1953514105015,184.0,0.5,0.0,0.0,2.8046485894984983
34269,0,calendar_2014_test,187.67098810934388,192.0,0.5,0.0,0.0,4.329011890656119
34270,0,calendar_2014_test,194.7215014920662,208.0,0.5,0.0,0.0,13.27849850793379
34271,0,calendar_2014_test,216.35545877224732,219.0,0.5,0.0,0.0,2.6445412277526827
34272,0,calendar_2014_test,220.55170091399455,250.0,0.5,0.0,0.0,29.44829908600545
34273,0,calendar_2014_test,239.59025024933186,227.0,0.5,0.0,0.0,12.59025024933186
34274,0,calendar_2014_test,218.5988643284909,210.0,0.5,0.0,0.0,8.59886432849089
34275,0,calendar_2014_test,200.0202249204358,176.0,0.5,0.0,0.0,24.020224920435794
34276,0,calendar_2014_test,164.9286325872073,180.0,0.5,0.0,0.0,15.07136741279271
34277,0,calendar_2014_test,176.48767127129992,164.0,0.5,0.0,0.0,12.487671271299916
34278,0,calendar_2014_test,158.24698475776574,163.0,0.5,0.0,0.0,4.753015242234255
34279,0,calendar_2014_test,160.0452142768423,155.0,0.5,0.0,0.0,5.045214276842302
34280,0,calendar_2014_test,152.70030148961538,134.0,0.5,0.0,0.0,18.700301489615384
34281,0,calendar_2014_test,130.79441026402355,134.0,0.5,0.0,0.0,3.205589735976446
34282,0,calendar_2014_test,137.55273750750197,122.0,0.5,0.0,0.0,15.552737507501973
34283,0,calendar_2014_test,124.04645390684554,125.0,0.5,0.0,0.0,0.9535460931544577
34284,0,calendar_2014_test,131.98762513338897,135.0,0.5,0.0,0.0,3.012374866611026
34285,0,calendar_2014_test,144.23806998455558,167.0,0.5,0.0,0.0,22.76193001544442
34286,0,calendar_2014_test,182.9451799955083,187.0,0.5,0.0,0.0,4.054820004491688
34287,0,calendar_2014_test,193.52435010277424,206.0,0.5,0.0,0.0,12.475649897225765
34288,0,calendar_2014_test,212.18427604664566,196.0,0.5,0.0,0.0,16.184276046645664
34289,0,calendar_2014_test,189.90314767350296,154.0,0.5,0.0,0.0,35.90314767350296
34290,0,calendar_2014_test,144.99255800370236,120.0,0.5,0.0,0.0,24.992558003702356
34291,0,calendar_2014_test,118.02073976480867,135.0,0.5,0.0,0.0,16.979260235191333
34292,0,calendar_2014_test,146.73430207209256,132.0,0.5,0.0,0.0,14.73430207209256
34293,0,calendar_2014_test,136.32404730259765,136.0,0.5,0.0,0.0,0.32404730259764847
34294,0,calendar_2014_test,140.24937490958405,146.0,0.5,0.0,0.0,5.7506250904159515
34295,0,calendar_2014_test,152.19662871439,159.0,0.5,0.0,0.0,6.803371285610012
34296,0,calendar_2014_test,167.3807054664137,179.0,0.5,0.0,0.0,11.619294533586299
34297,0,calendar_2014_test,186.1368281285969,185.0,0.5,0.0,0.0,1.1368281285969033
34298,0,calendar_2014_test,186.1482049080754,152.0,0.5,0.0,0.0,34.1482049080754
34299,0,calendar_2014_test,142.5672871929018,112.0,0.5,0.0,0.0,30.5672871929018
34300,0,calendar_2014_test,101.31464038509444,123.0,0.5,0.0,0.0,21.685359614905565
34301,0,calendar_2014_test,127.8503708485787,109.0,0.5,0.0,0.0,18.850370848578706
34302,0,calendar_2014_test,109.50248149488796,103.0,0.5,0.0,0.0,6.5024814948879595
34303,0,calendar_2014_test,105.20747828854242,98.0,0.5,0.0,0.0,7.2074782885424185
34304,0,calendar_2014_test,97.88893067003099,94.0,0.5,0.0,0.0,3.8889306700309874
34305,0,calendar_2014_test,95.85850155948158,106.0,0.5,0.0,0.0,10.141498440518419
34306,0,calendar_2014_test,113.56989089384682,115.0,0.5,0.0,0.0,1.430109106153182
34307,0,calendar_2014_test,122.06591766453812,124.0,0.5,0.0,0.0,1.9340823354618806
34308,0,calendar_2014_test,130.17810908513763,134.0,0.5,0.0,0.0,3.821890914862365
34309,0,calendar_2014_test,141.83134664966735,134.0,0.5,0.0,0.0,7.831346649667353
34310,0,calendar_2014_test,137.1089527913502,137.0,0.5,0.0,0.0,0.10895279135019109
34311,0,calendar_2014_test,142.06641238338491,101.0,0.5,0.0,0.0,41.066412383384915
34312,0,calendar_2014_test,101.337187891343,78.0,0.5,0.0,0.0,23.337187891343007
34313,0,calendar_2014_test,81.69354003749336,79.0,0.5,0.0,0.0,2.6935400374933636
34314,0,calendar_2014_test,86.17972169046323,85.0,0.5,0.0,0.0,1.179721690463225
34315,0,calendar_2014_test,92.86203055052812,93.0,0.5,0.0,0.0,0.13796944947188194
34316,0,calendar_2014_test,93.90667619470777,88.0,0.5,0.0,0.0,5.906676194707771
34317,0,calendar_2014_test,90.43343379690694,78.0,0.5,0.0,0.0,12.43343379690694
34318,0,calendar_2014_test,81.51398198318842,69.0,0.5,0.0,0.0,12.513981983188415
34319,0,calendar_2014_test,75.6824314728338,62.0,0.5,0.0,0.0,13.682431472833798
34320,0,calendar_2014_test,67.86470630948035,57.0,0.5,0.0,0.0,10.864706309480354
34321,0,calendar_2014_test,60.99032837544028,77.0,0.5,0.0,0.0,16.009671624559722
34322,0,calendar_2014_test,85.67067370176456,87.0,0.5,0.0,0.0,1.3293262982354435
34323,0,calendar_2014_test,92.7202218779005,97.0,0.5,0.0,0.0,4.279778122099501
34324,0,calendar_2014_test,96.78319933869574,101.0,0.5,0.0,0.0,4.216800661304262
34325,0,calendar_2014_test,101.17281897500764,112.0,0.5,0.0,0.0,10.827181024992356
34326,0,calendar_2014_test,112.81639263616069,109.0,0.5,0.0,0.0,3.8163926361606855
34327,0,calendar_2014_test,111.21363270609163,110.0,0.5,0.0,0.0,1.21363270609163
34328,0,calendar_2014_test,114.07583440313824,104.0,0.5,0.0,0.0,10.075834403138245
34329,0,calendar_2014_test,103.95464876965697,104.0,0.5,0.0,0.0,0.045351230343030124
34330,0,calendar_2014_test,102.0829419623133,101.0,0.5,0.0,0.0,1.0829419623132992
34331,0,calendar_2014_test,100.52590811211398,100.0,0.5,0.0,0.0,0.5259081121139815
34332,0,calendar_2014_test,103.7814502061516,113.0,0.5,0.0,0.0,9.218549793848396
34333,0,calendar_2014_test,117.95724964757937,115.0,0.5,0.0,0.0,2.957249647579374
34334,0,calendar_2014_test,120.44815900576198,121.0,0.5,0.0,0.0,0.5518409942380202
34335,0,calendar_2014_test,124.67653918981061,119.0,0.5,0.0,0.0,5.676539189810612
34336,0,calendar_2014_test,119.05774029294236,138.0,0.5,0.0,0.0,18.942259707057644
34337,0,calendar_2014_test,149.2805980695009,146.0,0.5,0.0,0.0,3.280598069500911
34338,0,calendar_2014_test,149.27003184600585,158.0,0.5,0.0,0.0,8.72996815399415
34339,0,calendar_2014_test,162.83521982349276,184.0,0.5,0.0,0.0,21.164780176507236
34340,0,calendar_2014_test,190.42995386573696,190.0,0.5,0.0,0.0,0.42995386573696237
34341,0,calendar_2014_test,188.12252777254525,201.0,0.5,0.0,0.0,12.877472227454746
34342,0,calendar_2014_test,201.3928128789717,175.0,0.5,0.0,0.0,26.39281287897171
34343,0,calendar_2014_test,170.1808175201137,132.0,0.5,0.0,0.0,38.18081752011369
34344,0,calendar_2014_test,124.90080561199423,102.0,0.5,0.0,0.0,22.90080561199423
34345,0,calendar_2014_test,91.66174209325725,88.0,0.5,0.0,0.0,3.6617420932572458
34346,0,calendar_2014_test,87.80569229389258,74.0,0.5,0.0,0.0,13.805692293892577
34347,0,calendar_2014_test,73.25408396326159,74.0,0.5,0.0,0.0,0.7459160367384072
34348,0,calendar_2014_test,76.55502291561747,82.0,0.5,0.0,0.0,5.444977084382529
34349,0,calendar_2014_test,87.38293096480393,73.0,0.5,0.0,0.0,14.382930964803933
34350,0,calendar_2014_test,69.09882925673135,95.0,0.5,0.0,0.0,25.90117074326865
34351,0,calendar_2014_test,94.79862060607823,76.0,0.5,0.0,0.0,18.79862060607823
34352,0,calendar_2014_test,68.24082582562357,102.0,0.5,0.0,0.0,33.759174174376426
34353,0,calendar_2014_test,109.14744853749777,72.0,0.5,0.0,0.0,37.147448537497766
34354,0,calendar_2014_test,75.14395476298972,69.0,0.5,0.0,0.0,6.143954762989722
34355,0,calendar_2014_test,79.57091277972971,52.0,0.5,0.0,0.0,27.57091277972971
34356,0,calendar_2014_test,60.709606520201945,54.0,0.5,0.0,0.0,6.709606520201945
34357,0,calendar_2014_test,58.80651510885822,67.0,0.5,0.0,0.0,8.193484891141779
34358,0,calendar_2014_test,76.2717893688015,63.0,0.5,0.0,0.0,13.271789368801507
34359,0,calendar_2014_test,70.82467858962201,67.0,0.5,0.0,0.0,3.8246785896220103
34360,0,calendar_2014_test,76.1227126460196,74.0,0.5,0.0,0.0,2.1227126460195933
34361,0,calendar_2014_test,78.40663478140128,80.0,0.5,0.0,0.0,1.59336521859872
34362,0,calendar_2014_test,86.17684135026879,92.0,0.5,0.0,0.0,5.823158649731212
34363,0,calendar_2014_test,92.36819896425067,89.0,0.5,0.0,0.0,3.3681989642506664
34364,0,calendar_2014_test,81.76146094782771,82.0,0.5,0.0,0.0,0.23853905217228544
34365,0,calendar_2014_test,79.63995915059373,92.0,0.5,0.0,0.0,12.360040849406275
34366,0,calendar_2014_test,95.50816971819847,90.0,0.5,0.0,0.0,5.508169718198474
34367,0,calendar_2014_test,83.02989137885791,90.0,0.5,0.0,0.0,6.970108621142089
34368,0,calendar_2014_test,76.5649638231407,59.0,0.5,0.0,0.0,17.5649638231407
34369,0,calendar_2014_test,51.0106885656882,12.0,0.5,0.0,0.0,39.0106885656882
34370,0,calendar_2014_test,13.829729364958709,10.0,0.5,0.0,0.0,3.829729364958709
34371,0,calendar_2014_test,14.166552297353732,7.0,0.5,0.0,0.0,7.166552297353732
34372,0,calendar_2014_test,10.829079685206722,5.0,0.5,0.0,0.0,5.829079685206722
34373,0,calendar_2014_test,8.174976064353288,7.0,0.5,0.0,0.0,1.174976064353288
34374,0,calendar_2014_test,9.402229290957251,7.0,0.5,0.0,0.0,2.4022292909572514
34375,0,calendar_2014_test,9.733240372293338,6.0,0.5,0.0,0.0,3.733240372293338
34376,0,calendar_2014_test,12.484036372543144,4.0,0.5,0.0,0.0,8.484036372543144
34377,0,calendar_2014_test,11.723032230444943,7.0,0.5,0.0,0.0,4.723032230444943
34378,0,calendar_2014_test,12.13624601853023,7.0,0.5,0.0,0.0,5.13624601853023
34379,0,calendar_2014_test,14.984469452013911,4.0,0.5,0.0,0.0,10.984469452013911
34380,0,calendar_2014_test,12.732356551003676,2.0,0.5,0.0,0.0,10.732356551003676
34381,0,calendar_2014_test,11.706624580841293,2.0,0.5,0.0,0.0,9.706624580841293
34382,0,calendar_2014_test,10.52322175260781,4.0,0.5,0.0,0.0,6.52322175260781
34383,0,calendar_2014_test,10.725158477113126,4.0,0.5,0.0,0.0,6.725158477113126
34384,0,calendar_2014_test,9.324893105898937,6.0,0.5,0.0,0.0,3.324893105898937
34385,0,calendar_2014_test,11.120433064060848,14.0,0.5,0.0,0.0,2.8795669359391525
34386,0,calendar_2014_test,19.823365599003253,13.0,0.5,0.0,0.0,6.823365599003253
34387,0,calendar_2014_test,14.138773545812285,10.0,0.5,0.0,0.0,4.138773545812285
34388,0,calendar_2014_test,12.011045627306743,8.0,0.5,0.0,0.0,4.011045627306743
34389,0,calendar_2014_test,8.465534478798062,9.0,0.5,0.0,0.0,0.5344655212019376
34390,0,calendar_2014_test,9.62427769185102,11.0,0.5,0.0,0.0,1.3757223081489798
34391,0,calendar_2014_test,11.660776771870317,14.0,0.5,0.0,0.0,2.3392232281296828
34392,0,calendar_2014_test,13.77652085605051,16.0,0.5,0.0,0.0,2.22347914394949
34393,0,calendar_2014_test,14.167110392843668,14.0,0.5,0.0,0.0,0.1671103928436679
34394,0,calendar_2014_test,15.230453839464758,25.0,0.5,0.0,0.0,9.769546160535242
34395,0,calendar_2014_test,26.046973883965634,25.0,0.5,0.0,0.0,1.0469738839656344
34396,0,calendar_2014_test,21.509433269426353,31.0,0.5,0.0,0.0,9.490566730573647
34397,0,calendar_2014_test,31.42838462214921,27.0,0.5,0.0,0.0,4.42838462214921
34398,0,calendar_2014_test,24.445082072089775,26.0,0.5,0.0,0.0,1.5549179279102248
34399,0,calendar_2014_test,26.164185384601865,28.0,0.5,0.0,0.0,1.8358146153981352
34400,0,calendar_2014_test,27.73705942074436,32.0,0.5,0.0,0.0,4.262940579255641
34401,0,calendar_2014_test,33.958383439209726,51.0,0.5,0.0,0.0,17.041616560790274
34402,0,calendar_2014_test,53.34425477893562,32.0,0.5,0.0,0.0,21.34425477893562
34403,0,calendar_2014_test,35.27186679506429,25.0,0.5,0.0,0.0,10.271866795064291
34404,0,calendar_2014_test,29.70361302422586,23.0,0.5,0.0,0.0,6.703613024225859
34405,0,calendar_2014_test,31.56279329001464,27.0,0.5,0.0,0.0,4.562793290014639
34406,0,calendar_2014_test,34.02991865390369,28.0,0.5,0.0,0.0,6.029918653903692
34407,0,calendar_2014_test,31.912543779330576,26.0,0.5,0.0,0.0,5.912543779330576
34408,0,calendar_2014_test,33.05739514538338,32.0,0.5,0.0,0.0,1.0573951453833814
34409,0,calendar_2014_test,36.884555302859816,34.0,0.5,0.0,0.0,2.884555302859816
34410,0,calendar_2014_test,37.577553618100346,48.0,0.5,0.0,0.0,10.422446381899654
34411,0,calendar_2014_test,46.78045863510313,49.0,0.5,0.0,0.0,2.2195413648968696
34412,0,calendar_2014_test,46.152338638763766,60.0,0.5,0.0,0.0,13.847661361236234
34413,0,calendar_2014_test,58.49259808711719,63.0,0.5,0.0,0.0,4.507401912882813
34414,0,calendar_2014_test,61.68429406343841,62.0,0.5,0.0,0.0,0.3157059365615922
34415,0,calendar_2014_test,60.42560596944027,68.0,0.5,0.0,0.0,7.574394030559731
34416,0,calendar_2014_test,68.28909313265075,63.0,0.5,0.0,0.0,5.289093132650748
34417,0,calendar_2014_test,59.398329623723235,50.0,0.5,0.0,0.0,9.398329623723235
34418,0,calendar_2014_test,44.72516351540043,23.0,0.5,0.0,0.0,21.725163515400432
34419,0,calendar_2014_test,21.52139230548886,16.0,0.5,0.0,0.0,5.52139230548886
34420,0,calendar_2014_test,13.224395173622895,8.0,0.5,0.0,0.0,5.224395173622895
34421,0,calendar_2014_test,10.32796269508546,6.0,0.5,0.0,0.0,4.327962695085461
34422,0,calendar_2014_test,6.167776199780533,3.0,0.5,0.0,0.0,3.1677761997805334
34423,0,calendar_2014_test,5.664676094335974,2.0,0.5,0.0,0.0,3.6646760943359737
34424,0,calendar_2014_test,11.672392176785507,5.0,0.5,0.0,0.0,6.6723921767855074
34425,0,calendar_2014_test,11.294561000720648,4.0,0.5,0.0,0.0,7.294561000720648
34426,0,calendar_2014_test,11.346857026582114,8.0,0.5,0.0,0.0,3.3468570265821143
34427,0,calendar_2014_test,18.848247385289753,15.0,0.5,0.0,0.0,3.8482473852897527
34428,0,calendar_2014_test,22.70447440493176,25.0,0.5,0.0,0.0,2.2955255950682414
34429,0,calendar_2014_test,31.501702112304784,28.0,0.5,0.0,0.0,3.501702112304784
34430,0,calendar_2014_test,31.70384752625087,46.0,0.5,0.0,0.0,14.296152473749132
34431,0,calendar_2014_test,48.0073023328426,71.0,0.5,0.0,0.0,22.9926976671574
34432,0,calendar_2014_test,74.9559763270708,125.0,0.5,0.0,0.0,50.0440236729292
34433,0,calendar_2014_test,128.41917988548184,142.0,0.5,0.0,0.0,13.580820114518161
34434,0,calendar_2014_test,146.3153747645093,105.0,0.5,0.0,0.0,41.3153747645093
34435,0,calendar_2014_test,98.15687098486076,101.0,0.5,0.0,0.0,2.8431290151392403
34436,0,calendar_2014_test,98.25627965119533,89.0,0.5,0.0,0.0,9.256279651195328
34437,0,calendar_2014_test,79.51500998630317,93.0,0.5,0.0,0.0,13.48499001369683
34438,0,calendar_2014_test,86.04639593211692,85.0,0.5,0.0,0.0,1.0463959321169227
34439,0,calendar_2014_test,78.37245543380108,62.0,0.5,0.0,0.0,16.37245543380108
34440,0,calendar_2014_test,58.30288866255789,40.0,0.5,0.0,0.0,18.30288866255789
34441,0,calendar_2014_test,41.95357052043857,52.0,0.5,0.0,0.0,10.046429479561432
34442,0,calendar_2014_test,53.468562166384864,62.0,0.5,0.0,0.0,8.531437833615136
34443,0,calendar_2014_test,60.04448762852718,55.0,0.5,0.0,0.0,5.044487628527179
34444,0,calendar_2014_test,51.62170035519537,48.0,0.5,0.0,0.0,3.6217003551953724
34445,0,calendar_2014_test,46.02997955176685,41.0,0.5,0.0,0.0,5.02997955176685
34446,0,calendar_2014_test,45.32665862709694,39.0,0.5,0.0,0.0,6.32665862709694
34447,0,calendar_2014_test,40.35430306301711,43.0,0.5,0.0,0.0,2.645696936982887
34448,0,calendar_2014_test,42.477427362322494,43.0,0.5,0.0,0.0,0.5225726376775057
34449,0,calendar_2014_test,46.02683743167119,44.0,0.5,0.0,0.0,2.02683743167119
34450,0,calendar_2014_test,48.28984799360637,37.0,0.5,0.0,0.0,11.289847993606372
34451,0,calendar_2014_test,45.859260303478415,40.0,0.5,0.0,0.0,5.859260303478415
34452,0,calendar_2014_test,45.413172138622194,64.0,0.5,0.0,0.0,18.586827861377806
34453,0,calendar_2014_test,74.10455423254547,48.0,0.5,0.0,0.0,26.104554232545468
34454,0,calendar_2014_test,47.67696110732422,56.0,0.5,0.0,0.0,8.323038892675783
34455,0,calendar_2014_test,62.08307372618587,41.0,0.5,0.0,0.0,21.083073726185873
34456,0,calendar_2014_test,43.95353099532528,48.0,0.5,0.0,0.0,4.046469004674719
34457,0,calendar_2014_test,53.836251141629425,29.0,0.5,0.0,0.0,24.836251141629425
34458,0,calendar_2014_test,34.89251692930043,40.0,0.5,0.0,0.0,5.107483070699573
34459,0,calendar_2014_test,47.60714732994848,42.0,0.5,0.0,0.0,5.607147329948482
34460,0,calendar_2014_test,49.107285385769515,47.0,0.5,0.0,0.0,2.107285385769515
34461,0,calendar_2014_test,50.767738132944814,51.0,0.5,0.0,0.0,0.23226186705518614
34462,0,calendar_2014_test,55.695336356220324,69.0,0.5,0.0,0.0,13.304663643779676
34463,0,calendar_2014_test,75.82501104480535,79.0,0.5,0.0,0.0,3.1749889551946495
34464,0,calendar_2014_test,83.0970016314721,90.0,0.5,0.0,0.0,6.9029983685279035
34465,0,calendar_2014_test,90.24836787791773,83.0,0.5,0.0,0.0,7.24836787791773
34466,0,calendar_2014_test,86.53853448400837,76.0,0.5,0.0,0.0,10.538534484008366
34467,0,calendar_2014_test,75.96141349990883,85.0,0.5,0.0,0.0,9.03858650009117
34468,0,calendar_2014_test,86.36091925120168,72.0,0.5,0.0,0.0,14.360919251201679
34469,0,calendar_2014_test,63.282438774050426,56.0,0.5,0.0,0.0,7.282438774050426
34470,0,calendar_2014_test,53.771672206325334,45.0,0.5,0.0,0.0,8.771672206325334
34471,0,calendar_2014_test,40.55770881550179,46.0,0.5,0.0,0.0,5.44229118449821
34472,0,calendar_2014_test,45.36210346287089,39.0,0.5,0.0,0.0,6.362103462870891
34473,0,calendar_2014_test,39.60432310965873,49.0,0.5,0.0,0.0,9.39567689034127
34474,0,calendar_2014_test,50.57118657494231,49.0,0.5,0.0,0.0,1.5711865749423097
34475,0,calendar_2014_test,51.73549216774974,62.0,0.5,0.0,0.0,10.26450783225026
34476,0,calendar_2014_test,68.06455835033488,59.0,0.5,0.0,0.0,9.064558350334877
34477,0,calendar_2014_test,64.20602719130109,58.0,0.5,0.0,0.0,6.206027191301089
34478,0,calendar_2014_test,63.057291581123444,59.0,0.5,0.0,0.0,4.057291581123444
34479,0,calendar_2014_test,64.16591109994864,60.0,0.5,0.0,0.0,4.165911099948644
34480,0,calendar_2014_test,64.31572129361919,72.0,0.5,0.0,0.0,7.684278706380809
34481,0,calendar_2014_test,76.14248032536962,71.0,0.5,0.0,0.0,5.142480325369618
34482,0,calendar_2014_test,74.85198749426688,90.0,0.5,0.0,0.0,15.14801250573312
34483,0,calendar_2014_test,96.5772903601897,120.0,0.5,0.0,0.0,23.422709639810293
34484,0,calendar_2014_test,125.06275460261902,123.0,0.5,0.0,0.0,2.062754602619023
34485,0,calendar_2014_test,125.7254975497359,132.0,0.5,0.0,0.0,6.2745024502640945
34486,0,calendar_2014_test,136.81829728673983,144.0,0.5,0.0,0.0,7.181702713260165
34487,0,calendar_2014_test,150.34863353772494,154.0,0.5,0.0,0.0,3.651366462275064
34488,0,calendar_2014_test,156.14450913229777,160.0,0.5,0.0,0.0,3.8554908677022297
34489,0,calendar_2014_test,160.07913562812277,124.0,0.5,0.0,0.0,36.07913562812277
34490,0,calendar_2014_test,102.74722243794746,95.0,0.5,0.0,0.0,7.747222437947457
34491,0,calendar_2014_test,89.19153421340053,80.0,0.5,0.0,0.0,9.19153421340053
34492,0,calendar_2014_test,77.91441024352406,72.0,0.5,0.0,0.0,5.91441024352406
34493,0,calendar_2014_test,70.18946317217662,70.0,0.5,0.0,0.0,0.189463172176616
34494,0,calendar_2014_test,66.75326452571898,58.0,0.5,0.0,0.0,8.753264525718976
34495,0,calendar_2014_test,58.79933826190372,53.0,0.5,0.0,0.0,5.799338261903721
34496,0,calendar_2014_test,49.91919870360996,54.0,0.5,0.0,0.0,4.080801296390042
34497,0,calendar_2014_test,49.54074139541366,44.0,0.5,0.0,0.0,5.5407413954136615
34498,0,calendar_2014_test,49.056062829191845,33.0,0.5,0.0,0.0,16.056062829191845
34499,0,calendar_2014_test,40.00991962958752,46.0,0.5,0.0,0.0,5.990080370412478
34500,0,calendar_2014_test,52.68879375318757,42.0,0.5,0.0,0.0,10.688793753187568
34501,0,calendar_2014_test,50.075734706790314,55.0,0.5,0.0,0.0,4.924265293209686
34502,0,calendar_2014_test,53.643582632320644,15.0,0.5,0.0,0.0,38.643582632320644
34503,0,calendar_2014_test,20.722312210404837,18.0,0.5,0.0,0.0,2.722312210404837
34504,0,calendar_2014_test,29.54251596952173,17.0,0.5,0.0,0.0,12.54251596952173
34505,0,calendar_2014_test,20.36270004423112,22.0,0.5,0.0,0.0,1.6372999557688814
34506,0,calendar_2014_test,27.699568551296252,22.0,0.5,0.0,0.0,5.699568551296252
34507,0,calendar_2014_test,26.319577875927095,24.0,0.5,0.0,0.0,2.319577875927095
34508,0,calendar_2014_test,24.401120753265175,21.0,0.5,0.0,0.0,3.4011207532651753
34509,0,calendar_2014_test,23.02853628797709,28.0,0.5,0.0,0.0,4.97146371202291
34510,0,calendar_2014_test,32.478589924401874,31.0,0.5,0.0,0.0,1.4785899244018736
34511,0,calendar_2014_test,32.20104233214242,31.0,0.5,0.0,0.0,1.2010423321424213
34512,0,calendar_2014_test,35.27644209254171,24.0,0.5,0.0,0.0,11.276442092541707
34513,0,calendar_2014_test,32.024038260824256,25.0,0.5,0.0,0.0,7.0240382608242555
34514,0,calendar_2014_test,29.159134588413366,39.0,0.5,0.0,0.0,9.840865411586634
34515,0,calendar_2014_test,42.60086028824336,38.0,0.5,0.0,0.0,4.600860288243361
34516,0,calendar_2014_test,34.18371709807893,37.0,0.5,0.0,0.0,2.8162829019210704
34517,0,calendar_2014_test,39.42580208640593,36.0,0.5,0.0,0.0,3.4258020864059304
34518,0,calendar_2014_test,38.00633196338762,32.0,0.5,0.0,0.0,6.006331963387623
34519,0,calendar_2014_test,32.36496516621483,30.0,0.5,0.0,0.0,2.36496516621483
34520,0,calendar_2014_test,32.44417070807782,23.0,0.5,0.0,0.0,9.44417070807782
34521,0,calendar_2014_test,28.74649756477075,20.0,0.5,0.0,0.0,8.746497564770749
34522,0,calendar_2014_test,24.065605317828073,28.0,0.5,0.0,0.0,3.934394682171927
34523,0,calendar_2014_test,33.54340935658357,43.0,0.5,0.0,0.0,9.456590643416433
34524,0,calendar_2014_test,47.48098679017294,53.0,0.5,0.0,0.0,5.519013209827058
34525,0,calendar_2014_test,57.21131414939194,49.0,0.5,0.0,0.0,8.211314149391939
34526,0,calendar_2014_test,50.07871920335619,53.0,0.5,0.0,0.0,2.9212807966438135
34527,0,calendar_2014_test,55.734432785144286,78.0,0.5,0.0,0.0,22.265567214855714
34528,0,calendar_2014_test,77.68746701401439,86.0,0.5,0.0,0.0,8.312532985985612
34529,0,calendar_2014_test,86.74319812057185,65.0,0.5,0.0,0.0,21.743198120571847
34530,0,calendar_2014_test,60.3276517889749,58.0,0.5,0.0,0.0,2.3276517889748973
34531,0,calendar_2014_test,55.68713069350577,53.0,0.5,0.0,0.0,2.6871306935057717
34532,0,calendar_2014_test,49.65132910638589,26.0,0.5,0.0,0.0,23.651329106385887
34533,0,calendar_2014_test,28.32370804669607,20.0,0.5,0.0,0.0,8.32370804669607
34534,0,calendar_2014_test,23.680937401558523,12.0,0.5,0.0,0.0,11.680937401558523
34535,0,calendar_2014_test,18.12110997817139,13.0,0.5,0.0,0.0,5.12110997817139
34536,0,calendar_2014_test,13.002956243113758,12.0,0.5,0.0,0.0,1.0029562431137578
34537,0,calendar_2014_test,13.523568626823277,12.0,0.5,0.0,0.0,1.5235686268232769
34538,0,calendar_2014_test,10.760199888546126,6.0,0.5,0.0,0.0,4.760199888546126
34539,0,calendar_2014_test,7.446320948004825,11.0,0.5,0.0,0.0,3.553679051995175
34540,0,calendar_2014_test,11.179080873567713,6.0,0.5,0.0,0.0,5.179080873567713
34541,0,calendar_2014_test,9.212891430359505,6.0,0.5,0.0,0.0,3.2128914303595053
34542,0,calendar_2014_test,7.640766722859496,11.0,0.5,0.0,0.0,3.359233277140504
34543,0,calendar_2014_test,14.89769502602725,10.0,0.5,0.0,0.0,4.89769502602725
34544,0,calendar_2014_test,13.784073830641873,9.0,0.5,0.0,0.0,4.784073830641873
34545,0,calendar_2014_test,13.193992947705112,9.0,0.5,0.0,0.0,4.193992947705112
34546,0,calendar_2014_test,13.65297292664799,14.0,0.5,0.0,0.0,0.34702707335200955
34547,0,calendar_2014_test,20.654004959558875,21.0,0.5,0.0,0.0,0.3459950404411245
34548,0,calendar_2014_test,25.62230810034562,22.0,0.5,0.0,0.0,3.62230810034562
34549,0,calendar_2014_test,17.938505808346648,23.0,0.5,0.0,0.0,5.0614941916533525
34550,0,calendar_2014_test,26.283737421203355,27.0,0.5,0.0,0.0,0.7162625787966448
34551,0,calendar_2014_test,28.178640583735955,42.0,0.5,0.0,0.0,13.821359416264045
34552,0,calendar_2014_test,46.73562343398217,50.0,0.5,0.0,0.0,3.2643765660178303
34553,0,calendar_2014_test,51.73220818389704,57.0,0.5,0.0,0.0,5.267791816102957
34554,0,calendar_2014_test,52.334516740319096,29.0,0.5,0.0,0.0,23.334516740319096
34555,0,calendar_2014_test,28.20727987653528,26.0,0.5,0.0,0.0,2.2072798765352815
34556,0,calendar_2014_test,27.162969921719764,23.0,0.5,0.0,0.0,4.162969921719764
34557,0,calendar_2014_test,22.01062580241154,18.0,0.5,0.0,0.0,4.010625802411539
34558,0,calendar_2014_test,21.393432298848026,15.0,0.5,0.0,0.0,6.393432298848026
34559,0,calendar_2014_test,14.678450055873228,12.0,0.5,0.0,0.0,2.6784500558732276
34560,0,calendar_2014_test,13.412102804986418,17.0,0.5,0.0,0.0,3.587897195013582
34561,0,calendar_2014_test,15.281161465124413,8.0,0.5,0.0,0.0,7.281161465124413
34562,0,calendar_2014_test,11.7166487719807,10.0,0.5,0.0,0.0,1.7166487719807009
34563,0,calendar_2014_test,13.560185880796666,12.0,0.5,0.0,0.0,1.5601858807966664
34564,0,calendar_2014_test,14.866575853433872,19.0,0.5,0.0,0.0,4.133424146566128
34565,0,calendar_2014_test,17.834562389204848,21.0,0.5,0.0,0.0,3.165437610795152
34566,0,calendar_2014_test,20.47738754123219,30.0,0.5,0.0,0.0,9.52261245876781
34567,0,calendar_2014_test,30.734345057710414,33.0,0.5,0.0,0.0,2.2656549422895864
34568,0,calendar_2014_test,32.19634598367266,28.0,0.5,0.0,0.0,4.196345983672657
34569,0,calendar_2014_test,29.50629133314419,24.0,0.5,0.0,0.0,5.5062913331441905
34570,0,calendar_2014_test,29.28708232113371,31.0,0.5,0.0,0.0,1.7129176788662903
34571,0,calendar_2014_test,37.648930244128195,40.0,0.5,0.0,0.0,2.351069755871805
34572,0,calendar_2014_test,47.73561183899263,29.0,0.5,0.0,0.0,18.735611838992632
34573,0,calendar_2014_test,33.93083017806126,64.0,0.5,0.0,0.0,30.069169821938743
34574,0,calendar_2014_test,57.53617666544189,38.0,0.5,0.0,0.0,19.536176665441893
34575,0,calendar_2014_test,33.846440489330575,19.0,0.5,0.0,0.0,14.846440489330575
34576,0,calendar_2014_test,28.11084377738051,23.0,0.5,0.0,0.0,5.110843777380509
34577,0,calendar_2014_test,26.134290227356672,13.0,0.5,0.0,0.0,13.134290227356672
34578,0,calendar_2014_test,21.768774328771855,15.0,0.5,0.0,0.0,6.768774328771855
34579,0,calendar_2014_test,19.77484894074385,21.0,0.5,0.0,0.0,1.2251510592561488
34580,0,calendar_2014_test,21.52360336075347,18.0,0.5,0.0,0.0,3.5236033607534694
34581,0,calendar_2014_test,21.42428009745757,19.0,0.5,0.0,0.0,2.4242800974575687
34582,0,calendar_2014_test,18.936422089672632,38.0,0.5,0.0,0.0,19.063577910327368
34583,0,calendar_2014_test,36.669676914365326,36.0,0.5,0.0,0.0,0.6696769143653256
34584,0,calendar_2014_test,37.21905542012247,36.0,0.5,0.0,0.0,1.2190554201224728
34585,0,calendar_2014_test,35.97706390802732,53.0,0.5,0.0,0.0,17.02293609197268
34586,0,calendar_2014_test,49.825669199838465,55.0,0.5,0.0,0.0,5.174330800161535
34587,0,calendar_2014_test,49.83729194255199,43.0,0.5,0.0,0.0,6.8372919425519925
34588,0,calendar_2014_test,39.01732899037823,38.0,0.5,0.0,0.0,1.0173289903782319
34589,0,calendar_2014_test,36.45328838688417,26.0,0.5,0.0,0.0,10.453288386884168
34590,0,calendar_2014_test,28.980679881025708,17.0,0.5,0.0,0.0,11.980679881025708
34591,0,calendar_2014_test,23.56461236536026,17.0,0.5,0.0,0.0,6.5646123653602615
34592,0,calendar_2014_test,23.52455060710686,15.0,0.5,0.0,0.0,8.52455060710686
34593,0,calendar_2014_test,21.95877322872522,19.0,0.5,0.0,0.0,2.958773228725221
34594,0,calendar_2014_test,22.211513966359675,21.0,0.5,0.0,0.0,1.211513966359675
34595,0,calendar_2014_test,30.098087346988976,24.0,0.5,0.0,0.0,6.098087346988976
34596,0,calendar_2014_test,33.893513300143894,24.0,0.5,0.0,0.0,9.893513300143894
34597,0,calendar_2014_test,31.750323698591586,26.0,0.5,0.0,0.0,5.750323698591586
34598,0,calendar_2014_test,32.12332486269244,24.0,0.5,0.0,0.0,8.123324862692442
34599,0,calendar_2014_test,30.172757065526312,21.0,0.5,0.0,0.0,9.172757065526312
34600,0,calendar_2014_test,24.915391170762888,29.0,0.5,0.0,0.0,4.084608829237112
34601,0,calendar_2014_test,33.921232460666346,19.0,0.5,0.0,0.0,14.921232460666346
34602,0,calendar_2014_test,24.154408221257015,22.0,0.5,0.0,0.0,2.1544082212570146
34603,0,calendar_2014_test,24.90755596055648,22.0,0.5,0.0,0.0,2.907555960556479
34604,0,calendar_2014_test,23.765456618096877,16.0,0.5,0.0,0.0,7.765456618096877
34605,0,calendar_2014_test,21.596467169957805,28.0,0.5,0.0,0.0,6.403532830042195
34606,0,calendar_2014_test,32.91118057344346,35.0,0.5,0.0,0.0,2.0888194265565403
34607,0,calendar_2014_test,35.74438649726964,17.0,0.5,0.0,0.0,18.744386497269637
34608,0,calendar_2014_test,20.690563456298705,25.0,0.5,0.0,0.0,4.309436543701295
34609,0,calendar_2014_test,25.632370608725523,27.0,0.5,0.0,0.0,1.3676293912744768
34610,0,calendar_2014_test,31.88149803720586,26.0,0.5,0.0,0.0,5.8814980372058585
34611,0,calendar_2014_test,29.26010219234594,26.0,0.5,0.0,0.0,3.26010219234594
34612,0,calendar_2014_test,31.25816201768201,28.0,0.5,0.0,0.0,3.258162017682011
34613,0,calendar_2014_test,29.012818485264347,42.0,0.5,0.0,0.0,12.987181514735653
34614,0,calendar_2014_test,43.71828151534371,48.0,0.5,0.0,0.0,4.281718484656288
34615,0,calendar_2014_test,47.20307897416884,31.0,0.5,0.0,0.0,16.20307897416884
34616,0,calendar_2014_test,31.37978525910519,27.0,0.5,0.0,0.0,4.379785259105191
34617,0,calendar_2014_test,32.0028282138709,26.0,0.5,0.0,0.0,6.002828213870899
34618,0,calendar_2014_test,30.827836386061662,35.0,0.5,0.0,0.0,4.172163613938338
34619,0,calendar_2014_test,41.95192329938056,32.0,0.5,0.0,0.0,9.95192329938056
34620,0,calendar_2014_test,38.743597842856175,38.0,0.5,0.0,0.0,0.7435978428561754
34621,0,calendar_2014_test,38.57697047494288,37.0,0.5,0.0,0.0,1.5769704749428826
34622,0,calendar_2014_test,43.04516187631524,26.0,0.5,0.0,0.0,17.04516187631524
34623,0,calendar_2014_test,35.06374654551964,17.0,0.5,0.0,0.0,18.063746545519642
34624,0,calendar_2014_test,28.893838555799675,32.0,0.5,0.0,0.0,3.1061614442003247
34625,0,calendar_2014_test,41.47815985850189,26.0,0.5,0.0,0.0,15.47815985850189
34626,0,calendar_2014_test,31.21034958828865,34.0,0.5,0.0,0.0,2.7896504117113494
34627,0,calendar_2014_test,35.70091142955181,32.0,0.5,0.0,0.0,3.700911429551809
34628,0,calendar_2014_test,36.41869021116653,23.0,0.5,0.0,0.0,13.418690211166528
34629,0,calendar_2014_test,29.94205696697601,35.0,0.5,0.0,0.0,5.057943033023989
34630,0,calendar_2014_test,42.147709024579946,71.0,0.5,0.0,0.0,28.852290975420054
34631,0,calendar_2014_test,71.54705029281891,102.0,0.5,0.0,0.0,30.45294970718109
34632,0,calendar_2014_test,102.91494092670287,121.0,0.5,0.0,0.0,18.08505907329713
34633,0,calendar_2014_test,117.5104928224373,114.0,0.5,0.0,0.0,3.5104928224372998
34634,0,calendar_2014_test,111.01396352062847,64.0,0.5,0.0,0.0,47.013963520628465
34635,0,calendar_2014_test,56.72954398292988,47.0,0.5,0.0,0.0,9.729543982929883
34636,0,calendar_2014_test,41.962062712119916,26.0,0.5,0.0,0.0,15.962062712119916
34637,0,calendar_2014_test,28.950029114749526,17.0,0.5,0.0,0.0,11.950029114749526
34638,0,calendar_2014_test,20.995172357744707,12.0,0.5,0.0,0.0,8.995172357744707
34639,0,calendar_2014_test,19.78924949865292,17.0,0.5,0.0,0.0,2.7892494986529215
34640,0,calendar_2014_test,19.58799080223004,34.0,0.5,0.0,0.0,14.412009197769962
34641,0,calendar_2014_test,36.19700219180875,48.0,0.5,0.0,0.0,11.80299780819125
34642,0,calendar_2014_test,50.164409955565255,22.0,0.5,0.0,0.0,28.164409955565255
34643,0,calendar_2014_test,33.07695241716587,30.0,0.5,0.0,0.0,3.07695241716587
34644,0,calendar_2014_test,41.263534946880576,27.0,0.5,0.0,0.0,14.263534946880576
34645,0,calendar_2014_test,36.689024193184366,24.0,0.5,0.0,0.0,12.689024193184366
34646,0,calendar_2014_test,33.36485515102075,28.0,0.5,0.0,0.0,5.364855151020748
34647,0,calendar_2014_test,35.79202358021033,33.0,0.5,0.0,0.0,2.7920235802103335
34648,0,calendar_2014_test,39.99619456984096,55.0,0.5,0.0,0.0,15.00380543015904
34649,0,calendar_2014_test,57.92120510423489,70.0,0.5,0.0,0.0,12.078794895765107
34650,0,calendar_2014_test,73.02005213749835,71.0,0.5,0.0,0.0,2.0200521374983538
34651,0,calendar_2014_test,69.62277444381547,88.0,0.5,0.0,0.0,18.377225556184527
34652,0,calendar_2014_test,90.05956645541515,82.0,0.5,0.0,0.0,8.059566455415151
34653,0,calendar_2014_test,76.60732775082366,52.0,0.5,0.0,0.0,24.607327750823657
34654,0,calendar_2014_test,47.255559852569654,46.0,0.5,0.0,0.0,1.2555598525696539
34655,0,calendar_2014_test,50.84656317073678,33.0,0.5,0.0,0.0,17.84656317073678
34656,0,calendar_2014_test,38.11421305330556,37.0,0.5,0.0,0.0,1.114213053305562
34657,0,calendar_2014_test,39.19159904170828,49.0,0.5,0.0,0.0,9.80840095829172
34658,0,calendar_2014_test,50.23736812155546,71.0,0.5,0.0,0.0,20.762631878444537
34659,0,calendar_2014_test,72.0185189456161,68.0,0.5,0.0,0.0,4.018518945616094
34660,0,calendar_2014_test,68.67997798674261,48.0,0.5,0.0,0.0,20.679977986742614
34661,0,calendar_2014_test,47.29527577026084,44.0,0.5,0.0,0.0,3.2952757702608366
34662,0,calendar_2014_test,43.9578318166237,38.0,0.5,0.0,0.0,5.9578318166237025
34663,0,calendar_2014_test,37.59803306733264,28.0,0.5,0.0,0.0,9.598033067332643
34664,0,calendar_2014_test,31.86726684833313,52.0,0.5,0.0,0.0,20.13273315166687
34665,0,calendar_2014_test,53.41156162192281,63.0,0.5,0.0,0.0,9.588438378077193
34666,0,calendar_2014_test,68.32360407764094,56.0,0.5,0.0,0.0,12.323604077640937
34667,0,calendar_2014_test,58.925917004488504,61.0,0.5,0.0,0.0,2.074082995511496
34668,0,calendar_2014_test,69.41949876780905,74.0,0.5,0.0,0.0,4.580501232190954
34669,0,calendar_2014_test,82.053815166712,80.0,0.5,0.0,0.0,2.053815166711999
34670,0,calendar_2014_test,87.5006900301681,89.0,0.5,0.0,0.0,1.4993099698318986
34671,0,calendar_2014_test,94.32921724659857,97.0,0.5,0.0,0.0,2.6707827534014257
34672,0,calendar_2014_test,102.3025694802188,172.0,0.5,0.0,0.0,69.6974305197812
34673,0,calendar_2014_test,177.7693229325444,209.0,0.5,0.0,0.0,31.230677067455588
34674,0,calendar_2014_test,209.6252415798942,72.0,0.5,0.0,0.0,137.6252415798942
34675,0,calendar_2014_test,57.43723383934847,19.0,0.5,0.0,0.0,38.43723383934847
34676,0,calendar_2014_test,34.25113191005104,23.0,0.5,0.0,0.0,11.251131910051043
34677,0,calendar_2014_test,32.06900130932432,31.0,0.5,0.0,0.0,1.069001309324321
34678,0,calendar_2014_test,34.77076047106489,27.0,0.5,0.0,0.0,7.770760471064889
34679,0,calendar_2014_test,32.757681682000694,33.0,0.5,0.0,0.0,0.24231831799930603
34680,0,calendar_2014_test,36.28415740219507,38.0,0.5,0.0,0.0,1.7158425978049294
34681,0,calendar_2014_test,41.51069825168513,36.0,0.5,0.0,0.0,5.5106982516851275
34682,0,calendar_2014_test,39.21352908750957,39.0,0.5,0.0,0.0,0.21352908750957056
34683,0,calendar_2014_test,37.57945300998112,44.0,0.5,0.0,0.0,6.420546990018877
34684,0,calendar_2014_test,47.2106818864213,37.0,0.5,0.0,0.0,10.210681886421298
34685,0,calendar_2014_test,42.063972203643594,36.0,0.5,0.0,0.0,6.063972203643594
34686,0,calendar_2014_test,39.55427104889506,28.0,0.5,0.0,0.0,11.55427104889506
34687,0,calendar_2014_test,32.08298186894929,38.0,0.5,0.0,0.0,5.91701813105071
34688,0,calendar_2014_test,42.29815158644424,23.0,0.5,0.0,0.0,19.29815158644424
34689,0,calendar_2014_test,29.19585790023983,20.0,0.5,0.0,0.0,9.19585790023983
34690,0,calendar_2014_test,29.29048529194543,20.0,0.5,0.0,0.0,9.29048529194543
34691,0,calendar_2014_test,29.790437169996977,35.0,0.5,0.0,0.0,5.209562830003023
34692,0,calendar_2014_test,45.00924318719844,44.0,0.5,0.0,0.0,1.009243187198443
34693,0,calendar_2014_test,52.19547522429516,55.0,0.5,0.0,0.0,2.8045247757048415
34694,0,calendar_2014_test,60.77065212411622,73.0,0.5,0.0,0.0,12.229347875883782
34695,0,calendar_2014_test,75.86173358840301,81.0,0.5,0.0,0.0,5.138266411596987
34696,0,calendar_2014_test,90.80625223395842,93.0,0.5,0.0,0.0,2.1937477660415823
34697,0,calendar_2014_test,99.2199204029651,91.0,0.5,0.0,0.0,8.219920402965101
34698,0,calendar_2014_test,91.29868857955185,51.0,0.5,0.0,0.0,40.29868857955185
34699,0,calendar_2014_test,50.9404329199279,56.0,0.5,0.0,0.0,5.0595670800720995
34700,0,calendar_2014_test,60.367786779240106,56.0,0.5,0.0,0.0,4.367786779240106
34701,0,calendar_2014_test,54.13960897609925,34.0,0.5,0.0,0.0,20.139608976099247
34702,0,calendar_2014_test,35.12271459319403,35.0,0.5,0.0,0.0,0.12271459319403277
34703,0,calendar_2014_test,36.214647962674036,27.0,0.5,0.0,0.0,9.214647962674036
34704,0,calendar_2014_test,31.54521603602315,26.0,0.5,0.0,0.0,5.545216036023149
34705,0,calendar_2014_test,29.424432708239124,39.0,0.5,0.0,0.0,9.575567291760876
34706,0,calendar_2014_test,45.40795342492552,35.0,0.5,0.0,0.0,10.407953424925523
34707,0,calendar_2014_test,42.02352040638286,38.0,0.5,0.0,0.0,4.023520406382858
34708,0,calendar_2014_test,42.87014656813243,59.0,0.5,0.0,0.0,16.129853431867573
34709,0,calendar_2014_test,65.53904460507776,69.0,0.5,0.0,0.0,3.4609553949222374
34710,0,calendar_2014_test,69.67100550350747,80.0,0.5,0.0,0.0,10.328994496492527
34711,0,calendar_2014_test,82.89802057380139,74.0,0.5,0.0,0.0,8.89802057380139
34712,0,calendar_2014_test,21.40178881655443,59.0,0.5,0.0,0.0,37.59821118344557
34713,0,calendar_2014_test,59.24966218945355,74.0,0.5,0.0,0.0,14.750337810546448
34714,0,calendar_2014_test,78.25185162982459,80.0,0.5,0.0,0.0,1.7481483701754144
34715,0,calendar_2014_test,85.81923471671422,84.0,0.5,0.0,0.0,1.8192347167142202
34716,0,calendar_2014_test,89.30515848255304,78.0,0.5,0.0,0.0,11.30515848255304
34717,0,calendar_2014_test,80.83925116897538,70.0,0.5,0.0,0.0,10.83925116897538
34718,0,calendar_2014_test,73.53346445898045,73.0,0.5,0.0,0.0,0.5334644589804469
34719,0,calendar_2014_test,79.18224400041895,71.0,0.5,0.0,0.0,8.182244000418947
34720,0,calendar_2014_test,74.87701324584458,68.0,0.5,0.0,0.0,6.87701324584458
34721,0,calendar_2014_test,74.04361361630544,88.0,0.5,0.0,0.0,13.956386383694564
34722,0,calendar_2014_test,93.92522881188249,99.0,0.5,0.0,0.0,5.074771188117509
34723,0,calendar_2014_test,102.57483977861516,104.0,0.5,0.0,0.0,1.4251602213848429
34724,0,calendar_2014_test,105.19907819473556,106.0,0.5,0.0,0.0,0.8009218052644371
34725,0,calendar_2014_test,107.83752002608934,115.0,0.5,0.0,0.0,7.1624799739106635
34726,0,calendar_2014_test,117.44627860811099,112.0,0.5,0.0,0.0,5.446278608110987
34727,0,calendar_2014_test,112.55806636130838,114.0,0.5,0.0,0.0,1.4419336386916228
34728,0,calendar_2014_test,117.83239251828397,107.0,0.5,0.0,0.0,10.832392518283967
34729,0,calendar_2014_test,107.33437685116444,99.0,0.5,0.0,0.0,8.334376851164436
34730,0,calendar_2014_test,89.502802989667,81.0,0.5,0.0,0.0,8.502802989667003
34731,0,calendar_2014_test,76.03839852637658,69.0,0.5,0.0,0.0,7.038398526376582
34732,0,calendar_2014_test,65.65201411104486,69.0,0.5,0.0,0.0,3.3479858889551366
34733,0,calendar_2014_test,67.00045895402026,77.0,0.5,0.0,0.0,9.99954104597974
34734,0,calendar_2014_test,30.273366388508208,23.0,0.5,0.0,0.0,7.273366388508208
34735,0,calendar_2014_test,24.60894422924288,21.0,0.5,0.0,0.0,3.60894422924288
34736,0,calendar_2014_test,28.132094390472517,23.0,0.5,0.0,0.0,5.132094390472517
34737,0,calendar_2014_test,29.284342941308964,18.0,0.5,0.0,0.0,11.284342941308964
34738,0,calendar_2014_test,22.084383890516747,24.0,0.5,0.0,0.0,1.9156161094832527
34739,0,calendar_2014_test,26.89968584216595,30.0,0.5,0.0,0.0,3.100314157834049
34740,0,calendar_2014_test,32.142262679848116,19.0,0.5,0.0,0.0,13.142262679848116
34741,0,calendar_2014_test,24.19087850188413,23.0,0.5,0.0,0.0,1.1908785018841286
34742,0,calendar_2014_test,29.00962329150269,19.0,0.5,0.0,0.0,10.009623291502692
34743,0,calendar_2014_test,24.283483587690768,22.0,0.5,0.0,0.0,2.2834835876907675
34744,0,calendar_2014_test,27.745167222163232,31.0,0.5,0.0,0.0,3.254832777836768
34745,0,calendar_2014_test,31.857606802033914,42.0,0.5,0.0,0.0,10.142393197966086
34746,0,calendar_2014_test,46.89260245624461,41.0,0.5,0.0,0.0,5.89260245624461
34747,0,calendar_2014_test,44.2129097406904,56.0,0.5,0.0,0.0,11.7870902593096
34748,0,calendar_2014_test,59.75912584799808,72.0,0.5,0.0,0.0,12.240874152001922
34749,0,calendar_2014_test,74.32801500703874,76.0,0.5,0.0,0.0,1.6719849929612565
34750,0,calendar_2014_test,80.68592043492146,87.0,0.5,0.0,0.0,6.3140795650785435
34751,0,calendar_2014_test,95.18084903493636,91.0,0.5,0.0,0.0,4.180849034936358
34752,0,calendar_2014_test,94.59567876172599,97.0,0.5,0.0,0.0,2.404321238274008
34753,0,calendar_2014_test,100.85719828379959,110.0,0.5,0.0,0.0,9.14280171620041
34754,0,calendar_2014_test,119.35274280040483,124.0,0.5,0.0,0.0,4.647257199595174
34755,0,calendar_2014_test,127.6409894282414,123.0,0.5,0.0,0.0,4.640989428241397
34756,0,calendar_2014_test,123.64925045776988,110.0,0.5,0.0,0.0,13.649250457769881
34757,0,calendar_2014_test,108.08038444608509,115.0,0.5,0.0,0.0,6.919615553914909
34758,0,calendar_2014_test,117.96668263383228,120.0,0.5,0.0,0.0,2.033317366167722
34759,0,calendar_2014_test,118.16159077372656,149.0,0.5,0.0,0.0,30.83840922627344
34760,0,calendar_2014_test,147.86887445736585,142.0,0.5,0.0,0.0,5.868874457365848
34761,0,calendar_2014_test,140.60555502496152,142.0,0.5,0.0,0.0,1.394444975038482
34762,0,calendar_2014_test,141.7577560993425,128.0,0.5,0.0,0.0,13.757756099342487
34763,0,calendar_2014_test,125.80127813356472,120.0,0.5,0.0,0.0,5.801278133564722
34764,0,calendar_2014_test,119.2166557130298,138.0,0.5,0.0,0.0,18.783344286970205
34765,0,calendar_2014_test,145.5906707748433,134.0,0.5,0.0,0.0,11.59067077484329
34766,0,calendar_2014_test,132.80148875341217,153.0,0.5,0.0,0.0,20.198511246587827
34767,0,calendar_2014_test,157.51554244286044,133.0,0.5,0.0,0.0,24.515542442860436
34768,0,calendar_2014_test,125.36819865057016,134.0,0.5,0.0,0.0,8.631801349429836
34769,0,calendar_2014_test,130.99003561701542,116.0,0.5,0.0,0.0,14.990035617015423
34770,0,calendar_2014_test,108.4138615549476,106.0,0.5,0.0,0.0,2.4138615549476015
34771,0,calendar_2014_test,101.96798545832783,87.0,0.5,0.0,0.0,14.967985458327831
34772,0,calendar_2014_test,87.27117886675998,83.0,0.5,0.0,0.0,4.271178866759982
34773,0,calendar_2014_test,86.88636061864959,108.0,0.5,0.0,0.0,21.11363938135041
34774,0,calendar_2014_test,117.02216031606369,95.0,0.5,0.0,0.0,22.02216031606369
34775,0,calendar_2014_test,95.44914231096956,104.0,0.5,0.0,0.0,8.550857689030437
34776,0,calendar_2014_test,108.71910200800855,118.0,0.5,0.0,0.0,9.280897991991452
34777,0,calendar_2014_test,125.62103934132924,133.0,0.5,0.0,0.0,7.3789606586707635
34778,0,calendar_2014_test,143.54858624767053,151.0,0.5,0.0,0.0,7.451413752329472
34779,0,calendar_2014_test,157.2802447857313,171.0,0.5,0.0,0.0,13.719755214268702
34780,0,calendar_2014_test,160.03096875541542,35.0,0.5,0.0,0.0,125.03096875541542
34781,0,calendar_2014_test,26.778560925517112,26.0,0.5,0.0,0.0,0.7785609255171124
34782,0,calendar_2014_test,28.50573431212733,20.0,0.5,0.0,0.0,8.50573431212733
34783,0,calendar_2014_test,25.18648163654892,25.0,0.5,0.0,0.0,0.18648163654891903
34784,0,calendar_2014_test,26.123926162170164,31.0,0.5,0.0,0.0,4.876073837829836
34785,0,calendar_2014_test,37.87567448116357,35.0,0.5,0.0,0.0,2.8756744811635713
34786,0,calendar_2014_test,42.59872066516022,39.0,0.5,0.0,0.0,3.598720665160222
34787,0,calendar_2014_test,44.493598764869176,45.0,0.5,0.0,0.0,0.5064012351308236
34788,0,calendar_2014_test,50.59424882498684,29.0,0.5,0.0,0.0,21.594248824986842
34789,0,calendar_2014_test,30.370171680844464,3.0,0.5,0.0,0.0,27.370171680844464
34790,0,calendar_2014_test,10.95033398385445,6.0,0.5,0.0,0.0,4.950333983854449
34791,0,calendar_2014_test,10.29599623502503,7.0,0.5,0.0,0.0,3.2959962350250294
34792,0,calendar_2014_test,7.745661168553227,5.0,0.5,0.0,0.0,2.7456611685532266
34793,0,calendar_2014_test,9.442290758203043,4.0,0.5,0.0,0.0,5.442290758203043
34794,0,calendar_2014_test,10.242341629520752,8.0,0.5,0.0,0.0,2.2423416295207517
34795,0,calendar_2014_test,12.36658452429677,6.0,0.5,0.0,0.0,6.366584524296769
34796,0,calendar_2014_test,8.783651474768249,10.0,0.5,0.0,0.0,1.2163485252317514
34797,0,calendar_2014_test,13.646800174466648,7.0,0.5,0.0,0.0,6.646800174466648
34798,0,calendar_2014_test,11.642522278946473,6.0,0.5,0.0,0.0,5.642522278946473
34799,0,calendar_2014_test,15.342800732969849,7.0,0.5,0.0,0.0,8.342800732969849
34800,0,calendar_2014_test,16.10997018283868,12.0,0.5,0.0,0.0,4.10997018283868
34801,0,calendar_2014_test,21.723726169049968,17.0,0.5,0.0,0.0,4.723726169049968
34802,0,calendar_2014_test,23.530235086104042,46.0,0.5,0.0,0.0,22.469764913895958
34803,0,calendar_2014_test,42.97382925335444,44.0,0.5,0.0,0.0,1.0261707466455618
34804,0,calendar_2014_test,44.65974792109215,38.0,0.5,0.0,0.0,6.659747921092148
34805,0,calendar_2014_test,43.909058641552924,25.0,0.5,0.0,0.0,18.909058641552924
34806,0,calendar_2014_test,30.550850339036074,16.0,0.5,0.0,0.0,14.550850339036074
34807,0,calendar_2014_test,23.14080710452292,27.0,0.5,0.0,0.0,3.8591928954770793
34808,0,calendar_2014_test,29.252010465919582,24.0,0.5,0.0,0.0,5.252010465919582
34809,0,calendar_2014_test,21.85505772839369,27.0,0.5,0.0,0.0,5.144942271606311
34810,0,calendar_2014_test,26.894000991106438,19.0,0.5,0.0,0.0,7.894000991106438
34811,0,calendar_2014_test,18.631976404008654,15.0,0.5,0.0,0.0,3.631976404008654
34812,0,calendar_2014_test,17.54751623593924,16.0,0.5,0.0,0.0,1.5475162359392414
34813,0,calendar_2014_test,15.30365485839053,17.0,0.5,0.0,0.0,1.69634514160947
34814,0,calendar_2014_test,13.861071304436578,17.0,0.5,0.0,0.0,3.138928695563422
34815,0,calendar_2014_test,13.228036369646318,10.0,0.5,0.0,0.0,3.2280363696463183
34816,0,calendar_2014_test,10.334553556884032,7.0,0.5,0.0,0.0,3.334553556884032
34817,0,calendar_2014_test,5.67140811364375,7.0,0.5,0.0,0.0,1.32859188635625
34818,0,calendar_2014_test,5.862294579944674,9.0,0.5,0.0,0.0,3.137705420055326
34819,0,calendar_2014_test,11.061638373536383,7.0,0.5,0.0,0.0,4.061638373536383
34820,0,calendar_2014_test,10.06257439349639,9.0,0.5,0.0,0.0,1.0625743934963907
34821,0,calendar_2014_test,12.320748602958133,6.0,0.5,0.0,0.0,6.320748602958133
34822,0,calendar_2014_test,10.16634855985842,6.0,0.5,0.0,0.0,4.16634855985842
34823,0,calendar_2014_test,11.370016676716062,8.0,0.5,0.0,0.0,3.3700166767160624
34824,0,calendar_2014_test,14.463381253893203,11.0,0.5,0.0,0.0,3.4633812538932034
34825,0,calendar_2014_test,16.57591733102413,18.0,0.5,0.0,0.0,1.4240826689758705
34826,0,calendar_2014_test,22.472017801037467,21.0,0.5,0.0,0.0,1.4720178010374667
34827,0,calendar_2014_test,23.334703044296376,30.0,0.5,0.0,0.0,6.665296955703624
34828,0,calendar_2014_test,33.23637656438878,26.0,0.5,0.0,0.0,7.236376564388777
34829,0,calendar_2014_test,31.02230647413758,26.0,0.5,0.0,0.0,5.022306474137579
34830,0,calendar_2014_test,31.47712315225492,41.0,0.5,0.0,0.0,9.522876847745081
34831,0,calendar_2014_test,46.840862214250826,35.0,0.5,0.0,0.0,11.840862214250826
34832,0,calendar_2014_test,35.47235375141473,39.0,0.5,0.0,0.0,3.5276462485852704
34833,0,calendar_2014_test,36.12220219023794,40.0,0.5,0.0,0.0,3.8777978097620576
34834,0,calendar_2014_test,38.421929568476884,23.0,0.5,0.0,0.0,15.421929568476884
34835,0,calendar_2014_test,23.327011856498203,27.0,0.5,0.0,0.0,3.6729881435017973
34836,0,calendar_2014_test,27.692314650098822,15.0,0.5,0.0,0.0,12.692314650098822
34837,0,calendar_2014_test,14.95880635919238,19.0,0.5,0.0,0.0,4.04119364080762
34838,0,calendar_2014_test,16.62086271349311,19.0,0.5,0.0,0.0,2.3791372865068894
34839,0,calendar_2014_test,12.386325495071631,17.0,0.5,0.0,0.0,4.613674504928369
34840,0,calendar_2014_test,17.538643156711515,17.0,0.5,0.0,0.0,0.5386431567115153
34841,0,calendar_2014_test,15.950482023335042,13.0,0.5,0.0,0.0,2.9504820233350415
34842,0,calendar_2014_test,12.944382976549889,10.0,0.5,0.0,0.0,2.944382976549889
34843,0,calendar_2014_test,11.43863061690925,6.0,0.5,0.0,0.0,5.438630616909251
34844,0,calendar_2014_test,7.54308918156525,8.0,0.5,0.0,0.0,0.4569108184347499
34845,0,calendar_2014_test,10.656820991364228,10.0,0.5,0.0,0.0,0.6568209913642278
34846,0,calendar_2014_test,12.60672038286971,6.0,0.5,0.0,0.0,6.60672038286971
34847,0,calendar_2014_test,12.064043042011619,13.0,0.5,0.0,0.0,0.9359569579883811
34848,0,calendar_2014_test,18.476914950170354,19.0,0.5,0.0,0.0,0.5230850498296462
34849,0,calendar_2014_test,22.67224712608646,27.0,0.5,0.0,0.0,4.327752873913539
34850,0,calendar_2014_test,28.20274774314676,31.0,0.5,0.0,0.0,2.797252256853241
34851,0,calendar_2014_test,30.545825005159017,29.0,0.5,0.0,0.0,1.545825005159017
34852,0,calendar_2014_test,32.20762043161669,39.0,0.5,0.0,0.0,6.792379568383311
34853,0,calendar_2014_test,44.99127409403897,57.0,0.5,0.0,0.0,12.008725905961029
34854,0,calendar_2014_test,62.00735215293714,71.0,0.5,0.0,0.0,8.992647847062862
34855,0,calendar_2014_test,73.34966809081712,68.0,0.5,0.0,0.0,5.349668090817119
34856,0,calendar_2014_test,71.59624936033151,79.0,0.5,0.0,0.0,7.403750639668488
34857,0,calendar_2014_test,82.14210964752417,89.0,0.5,0.0,0.0,6.857890352475835
34858,0,calendar_2014_test,90.17082255936205,45.0,0.5,0.0,0.0,45.17082255936205
34859,0,calendar_2014_test,42.64953469800784,31.0,0.5,0.0,0.0,11.649534698007841
34860,0,calendar_2014_test,34.18854549033276,21.0,0.5,0.0,0.0,13.188545490332757
34861,0,calendar_2014_test,20.55765806994431,27.0,0.5,0.0,0.0,6.44234193005569
34862,0,calendar_2014_test,30.701152008337942,24.0,0.5,0.0,0.0,6.701152008337942
34863,0,calendar_2014_test,25.328094561184386,30.0,0.5,0.0,0.0,4.671905438815614
34864,0,calendar_2014_test,27.969053604992553,25.0,0.5,0.0,0.0,2.9690536049925527
34865,0,calendar_2014_test,27.039500774607177,38.0,0.5,0.0,0.0,10.960499225392823
34866,0,calendar_2014_test,38.255454661093935,43.0,0.5,0.0,0.0,4.744545338906065
34867,0,calendar_2014_test,40.76467367573234,48.0,0.5,0.0,0.0,7.23532632426766
34868,0,calendar_2014_test,46.2370324877695,48.0,0.5,0.0,0.0,1.762967512230503
34869,0,calendar_2014_test,46.39720213119256,47.0,0.5,0.0,0.0,0.6027978688074427
34870,0,calendar_2014_test,44.20706623572601,63.0,0.5,0.0,0.0,18.79293376427399
34871,0,calendar_2014_test,64.48741038709349,62.0,0.5,0.0,0.0,2.4874103870934903
34872,0,calendar_2014_test,64.56286923946774,67.0,0.5,0.0,0.0,2.4371307605322556
34873,0,calendar_2014_test,77.7782303488726,73.0,0.5,0.0,0.0,4.778230348872597
34874,0,calendar_2014_test,80.1270412649366,82.0,0.5,0.0,0.0,1.8729587350634063
34875,0,calendar_2014_test,86.7904177515451,94.0,0.5,0.0,0.0,7.209582248454893
34876,0,calendar_2014_test,98.52492656915352,93.0,0.5,0.0,0.0,5.524926569153521
34877,0,calendar_2014_test,92.54735979649344,89.0,0.5,0.0,0.0,3.5473597964934385
34878,0,calendar_2014_test,88.74458206181943,90.0,0.5,0.0,0.0,1.255417938180571
34879,0,calendar_2014_test,89.52713003440955,100.0,0.5,0.0,0.0,10.472869965590448
34880,0,calendar_2014_test,101.61094882071909,103.0,0.5,0.0,0.0,1.3890511792809122
34881,0,calendar_2014_test,107.16841325883104,108.0,0.5,0.0,0.0,0.8315867411689624
34882,0,calendar_2014_test,110.43559297142328,91.0,0.5,0.0,0.0,19.435592971423276
34883,0,calendar_2014_test,88.6778675629804,83.0,0.5,0.0,0.0,5.677867562980396
34884,0,calendar_2014_test,86.15989658058727,69.0,0.5,0.0,0.0,17.159896580587272
34885,0,calendar_2014_test,69.82737742208774,64.0,0.5,0.0,0.0,5.827377422087736
34886,0,calendar_2014_test,66.6242066907988,67.0,0.5,0.0,0.0,0.3757933092011996
34887,0,calendar_2014_test,73.29132161077952,62.0,0.5,0.0,0.0,11.29132161077952
34888,0,calendar_2014_test,60.80208235638017,68.0,0.5,0.0,0.0,7.1979176436198316
34889,0,calendar_2014_test,64.85090325150095,66.0,0.5,0.0,0.0,1.1490967484990477
34890,0,calendar_2014_test,70.54737885551533,60.0,0.5,0.0,0.0,10.547378855515333
34891,0,calendar_2014_test,62.92860664145798,73.0,0.5,0.0,0.0,10.071393358542018
34892,0,calendar_2014_test,73.4879352960937,80.0,0.5,0.0,0.0,6.512064703906304
34893,0,calendar_2014_test,81.09228698654209,80.0,0.5,0.0,0.0,1.092286986542092
34894,0,calendar_2014_test,80.06697730004858,84.0,0.5,0.0,0.0,3.9330226999514224
34895,0,calendar_2014_test,85.89252133394508,98.0,0.5,0.0,0.0,12.107478666054917
34896,0,calendar_2014_test,99.76359716538254,99.0,0.5,0.0,0.0,0.7635971653825351
34897,0,calendar_2014_test,80.27547751216733,129.0,0.5,0.0,0.0,48.72452248783267
34898,0,calendar_2014_test,137.82398312879104,125.0,0.5,0.0,0.0,12.823983128791042
34899,0,calendar_2014_test,124.31760261018411,74.0,0.5,0.0,0.0,50.31760261018411
34900,0,calendar_2014_test,73.6521753771828,58.0,0.5,0.0,0.0,15.6521753771828
34901,0,calendar_2014_test,63.65467663993277,79.0,0.5,0.0,0.0,15.345323360067233
34902,0,calendar_2014_test,82.33245687140679,77.0,0.5,0.0,0.0,5.332456871406791
34903,0,calendar_2014_test,80.1896991595597,80.0,0.5,0.0,0.0,0.1896991595596944
34904,0,calendar_2014_test,77.27483405438821,85.0,0.5,0.0,0.0,7.725165945611792
34905,0,calendar_2014_test,90.2480306020625,74.0,0.5,0.0,0.0,16.2480306020625
34906,0,calendar_2014_test,70.71222703322967,78.0,0.5,0.0,0.0,7.2877729667703335
34907,0,calendar_2014_test,83.63194235399928,90.0,0.5,0.0,0.0,6.368057646000722
34908,0,calendar_2014_test,96.06312838230994,89.0,0.5,0.0,0.0,7.063128382309941
34909,0,calendar_2014_test,91.06388816025529,68.0,0.5,0.0,0.0,23.06388816025529
34910,0,calendar_2014_test,70.06020618468716,71.0,0.5,0.0,0.0,0.9397938153128393
34911,0,calendar_2014_test,73.37070014770111,66.0,0.5,0.0,0.0,7.370700147701115
34912,0,calendar_2014_test,72.74088122247093,59.0,0.5,0.0,0.0,13.740881222470932
34913,0,calendar_2014_test,63.65832565378821,49.0,0.5,0.0,0.0,14.65832565378821
34914,0,calendar_2014_test,51.34051021963569,62.0,0.5,0.0,0.0,10.65948978036431
34915,0,calendar_2014_test,70.99620524861022,74.0,0.5,0.0,0.0,3.0037947513897763
34916,0,calendar_2014_test,74.64239646360194,81.0,0.5,0.0,0.0,6.357603536398059
34917,0,calendar_2014_test,88.32292690761784,85.0,0.5,0.0,0.0,3.322926907617841
34918,0,calendar_2014_test,93.37074186535843,88.0,0.5,0.0,0.0,5.370741865358426
34919,0,calendar_2014_test,94.14778059503205,87.0,0.5,0.0,0.0,7.147780595032046
34920,0,calendar_2014_test,92.95437868176802,95.0,0.5,0.0,0.0,2.04562131823198
34921,0,calendar_2014_test,101.17613755000737,121.0,0.5,0.0,0.0,19.82386244999263
34922,0,calendar_2014_test,130.45384062385634,139.0,0.5,0.0,0.0,8.546159376143663
34923,0,calendar_2014_test,150.58582968788215,132.0,0.5,0.0,0.0,18.585829687882153
34924,0,calendar_2014_test,132.93372690296576,111.0,0.5,0.0,0.0,21.93372690296576
34925,0,calendar_2014_test,106.48686955354349,107.0,0.5,0.0,0.0,0.5131304464565147
34926,0,calendar_2014_test,111.87149816932556,102.0,0.5,0.0,0.0,9.871498169325562
34927,0,calendar_2014_test,103.17399576963452,125.0,0.5,0.0,0.0,21.826004230365484
34928,0,calendar_2014_test,132.1388458388354,174.0,0.5,0.0,0.0,41.86115416116459
34929,0,calendar_2014_test,178.9623743734557,151.0,0.5,0.0,0.0,27.962374373455702
34930,0,calendar_2014_test,144.31039879649956,154.0,0.5,0.0,0.0,9.689601203500445
34931,0,calendar_2014_test,151.65078158936782,163.0,0.5,0.0,0.0,11.349218410632176
34932,0,calendar_2014_test,160.1153498822233,148.0,0.5,0.0,0.0,12.115349882223313
34933,0,calendar_2014_test,138.61514484782379,152.0,0.5,0.0,0.0,13.384855152176215
34934,0,calendar_2014_test,153.3712206240679,151.0,0.5,0.0,0.0,2.371220624067888
34935,0,calendar_2014_test,152.12357081682714,160.0,0.5,0.0,0.0,7.87642918317286
34936,0,calendar_2014_test,163.2500378773779,173.0,0.5,0.0,0.0,9.749962122622094
34937,0,calendar_2014_test,174.77663230826522,196.0,0.5,0.0,0.0,21.22336769173478
34938,0,calendar_2014_test,191.02534964779025,181.0,0.5,0.0,0.0,10.02534964779025
34939,0,calendar_2014_test,175.25209929585995,183.0,0.5,0.0,0.0,7.747900704140051
34940,0,calendar_2014_test,179.48717320314253,130.0,0.5,0.0,0.0,49.48717320314253
34941,0,calendar_2014_test,120.30426580936115,158.0,0.5,0.0,0.0,37.695734190638845
34942,0,calendar_2014_test,170.2749616416893,164.0,0.5,0.0,0.0,6.274961641689288
34943,0,calendar_2014_test,170.15187226596123,149.0,0.5,0.0,0.0,21.15187226596123
34944,0,calendar_2014_test,147.99049460615566,141.0,0.5,0.0,0.0,6.990494606155664
34945,0,calendar_2014_test,145.95714093113185,143.0,0.5,0.0,0.0,2.957140931131846
34946,0,calendar_2014_test,150.85247221812415,143.0,0.5,0.0,0.0,7.852472218124149
34947,0,calendar_2014_test,149.42476539789607,138.0,0.5,0.0,0.0,11.424765397896067
34948,0,calendar_2014_test,140.39409608155688,102.0,0.5,0.0,0.0,38.39409608155688
34949,0,calendar_2014_test,91.38826317941758,100.0,0.5,0.0,0.0,8.611736820582422
34950,0,calendar_2014_test,97.52804991104205,107.0,0.5,0.0,0.0,9.471950088957954
34951,0,calendar_2014_test,116.14384453444043,131.0,0.5,0.0,0.0,14.856155465559567
34952,0,calendar_2014_test,138.77854016069497,139.0,0.5,0.0,0.0,0.22145983930502666
34953,0,calendar_2014_test,146.28344675563196,121.0,0.5,0.0,0.0,25.283446755631957
34954,0,calendar_2014_test,114.54321915932135,97.0,0.5,0.0,0.0,17.543219159321353
34955,0,calendar_2014_test,91.49239678020595,86.0,0.5,0.0,0.0,5.492396780205951
34956,0,calendar_2014_test,89.61290414155394,85.0,0.5,0.0,0.0,4.6129041415539405
34957,0,calendar_2014_test,91.27071988612113,79.0,0.5,0.0,0.0,12.270719886121128
34958,0,calendar_2014_test,86.37955520071121,80.0,0.5,0.0,0.0,6.379555200711209
34959,0,calendar_2014_test,83.03719167847852,105.0,0.5,0.0,0.0,21.96280832152148
34960,0,calendar_2014_test,108.42143573082066,61.0,0.5,0.0,0.0,47.42143573082066
34961,0,calendar_2014_test,60.3451652611833,58.0,0.5,0.0,0.0,2.345165261183297
34962,0,calendar_2014_test,65.44016717573402,55.0,0.5,0.0,0.0,10.440167175734018
34963,0,calendar_2014_test,58.92949471463278,65.0,0.5,0.0,0.0,6.070505285367219
34964,0,calendar_2014_test,69.56047047934767,78.0,0.5,0.0,0.0,8.439529520652329
34965,0,calendar_2014_test,84.82365789517173,79.0,0.5,0.0,0.0,5.823657895171735
34966,0,calendar_2014_test,79.84374962658848,71.0,0.5,0.0,0.0,8.843749626588476
34967,0,calendar_2014_test,71.73697501370548,72.0,0.5,0.0,0.0,0.26302498629452487
34968,0,calendar_2014_test,80.52979094342722,75.0,0.5,0.0,0.0,5.529790943427216
34969,0,calendar_2014_test,78.7055465032336,93.0,0.5,0.0,0.0,14.294453496766394
34970,0,calendar_2014_test,98.0908390421137,99.0,0.5,0.0,0.0,0.9091609578863
34971,0,calendar_2014_test,99.41732607829928,104.0,0.5,0.0,0.0,4.582673921700717
34972,0,calendar_2014_test,109.22541146094179,104.0,0.5,0.0,0.0,5.225411460941785
34973,0,calendar_2014_test,106.51810275507054,103.0,0.5,0.0,0.0,3.5181027550705437
34974,0,calendar_2014_test,106.8140885342757,96.0,0.5,0.0,0.0,10.814088534275697
34975,0,calendar_2014_test,95.54610760064647,95.0,0.5,0.0,0.0,0.5461076006464651
34976,0,calendar_2014_test,97.28568723172526,87.0,0.5,0.0,0.0,10.285687231725262
34977,0,calendar_2014_test,88.52176720513319,96.0,0.5,0.0,0.0,7.478232794866813
34978,0,calendar_2014_test,99.00659426524902,102.0,0.5,0.0,0.0,2.9934057347509793
34979,0,calendar_2014_test,105.17820523632163,101.0,0.5,0.0,0.0,4.178205236321631
34980,0,calendar_2014_test,102.38283899899253,106.0,0.5,0.0,0.0,3.6171610010074744
34981,0,calendar_2014_test,110.39470934504592,109.0,0.5,0.0,0.0,1.394709345045925
34982,0,calendar_2014_test,113.4528268001074,123.0,0.5,0.0,0.0,9.547173199892597
34983,0,calendar_2014_test,129.63383725371085,132.0,0.5,0.0,0.0,2.366162746289149
34984,0,calendar_2014_test,135.10244739104988,139.0,0.5,0.0,0.0,3.8975526089501216
34985,0,calendar_2014_test,141.84871727590186,144.0,0.5,0.0,0.0,2.151282724098138
34986,0,calendar_2014_test,143.99565188601355,153.0,0.5,0.0,0.0,9.004348113986453
34987,0,calendar_2014_test,151.74583368386976,146.0,0.5,0.0,0.0,5.745833683869762
34988,0,calendar_2014_test,137.1307495971752,163.0,0.5,0.0,0.0,25.869250402824804
34989,0,calendar_2014_test,151.74818570463188,95.0,0.5,0.0,0.0,56.74818570463188
34990,0,calendar_2014_test,82.94247850585714,149.0,0.5,0.0,0.0,66.05752149414286
34991,0,calendar_2014_test,159.8630015705811,157.0,0.5,0.0,0.0,2.8630015705811047
34992,0,calendar_2014_test,157.77506122600917,163.0,0.5,0.0,0.0,5.224938773990829
34993,0,calendar_2014_test,148.90767931216442,175.0,0.5,0.0,0.0,26.09232068783558
34994,0,calendar_2014_test,161.82321292173742,84.0,0.5,0.0,0.0,77.82321292173742
34995,0,calendar_2014_test,83.38566213025685,25.0,0.5,0.0,0.0,58.38566213025685
34996,0,calendar_2014_test,42.3960303390637,21.0,0.5,0.0,0.0,21.3960303390637
34997,0,calendar_2014_test,32.93276849616301,36.0,0.5,0.0,0.0,3.067231503836993
34998,0,calendar_2014_test,43.58950970370884,50.0,0.5,0.0,0.0,6.410490296291158
34999,0,calendar_2014_test,48.48110481693562,59.0,0.5,0.0,0.0,10.51889518306438
35000,0,calendar_2014_test,56.199639936365756,49.0,0.5,0.0,0.0,7.199639936365756
35001,0,calendar_2014_test,42.15131045796582,30.0,0.5,0.0,0.0,12.15131045796582
35002,0,calendar_2014_test,30.859490209827754,28.0,0.5,0.0,0.0,2.8594902098277544
35003,0,calendar_2014_test,25.950590309222633,27.0,0.5,0.0,0.0,1.0494096907773667
35004,0,calendar_2014_test,24.548751957382606,21.0,0.5,0.0,0.0,3.5487519573826063
35005,0,calendar_2014_test,25.422395683072025,21.0,0.5,0.0,0.0,4.4223956830720255
35006,0,calendar_2014_test,22.211172764620514,25.0,0.5,0.0,0.0,2.788827235379486
35007,0,calendar_2014_test,29.2499161524523,34.0,0.5,0.0,0.0,4.7500838475477
35008,0,calendar_2014_test,35.35405547243072,37.0,0.5,0.0,0.0,1.6459445275692772
35009,0,calendar_2014_test,40.69543747525336,39.0,0.5,0.0,0.0,1.6954374752533568
35010,0,calendar_2014_test,42.79160349670028,36.0,0.5,0.0,0.0,6.791603496700283
35011,0,calendar_2014_test,40.519122930938714,19.0,0.5,0.0,0.0,21.519122930938714
35012,0,calendar_2014_test,27.13998719141111,23.0,0.5,0.0,0.0,4.139987191411109
35013,0,calendar_2014_test,29.568788241610832,24.0,0.5,0.0,0.0,5.568788241610832
35014,0,calendar_2014_test,25.806735683959886,25.0,0.5,0.0,0.0,0.8067356839598858
35015,0,calendar_2014_test,22.254854772160968,12.0,0.5,0.0,0.0,10.254854772160968
35016,0,calendar_2014_test,20.87165761020087,9.0,0.5,0.0,0.0,11.87165761020087
35017,0,calendar_2014_test,16.776812051425892,8.0,0.5,0.0,0.0,8.776812051425892
35018,0,calendar_2014_test,13.985018362552779,10.0,0.5,0.0,0.0,3.985018362552779
35019,0,calendar_2014_test,15.885407542034912,6.0,0.5,0.0,0.0,9.885407542034912
35020,0,calendar_2014_test,11.367044480694432,11.0,0.5,0.0,0.0,0.36704448069443174
35021,0,calendar_2014_test,18.716511420768015,10.0,0.5,0.0,0.0,8.716511420768015
35022,0,calendar_2014_test,13.684394568289349,9.0,0.5,0.0,0.0,4.684394568289349
35023,0,calendar_2014_test,11.642315565084104,9.0,0.5,0.0,0.0,2.642315565084104
35024,0,calendar_2014_test,14.651244373030806,12.0,0.5,0.0,0.0,2.6512443730308064
35025,0,calendar_2014_test,15.468836611378578,9.0,0.5,0.0,0.0,6.468836611378578
35026,0,calendar_2014_test,11.839541754590599,7.0,0.5,0.0,0.0,4.8395417545905985
35027,0,calendar_2014_test,8.139494268343242,6.0,0.5,0.0,0.0,2.139494268343242
35028,0,calendar_2014_test,8.993664303426357,14.0,0.5,0.0,0.0,5.006335696573643
35029,0,calendar_2014_test,15.483708243784307,11.0,0.5,0.0,0.0,4.4837082437843065
35030,0,calendar_2014_test,12.17953115016212,17.0,0.5,0.0,0.0,4.82046884983788
35031,0,calendar_2014_test,14.747569662867846,16.0,0.5,0.0,0.0,1.2524303371321537
35032,0,calendar_2014_test,15.27159740810525,13.0,0.5,0.0,0.0,2.271597408105251
35033,0,calendar_2014_test,13.885151153186555,8.0,0.5,0.0,0.0,5.8851511531865555
35034,0,calendar_2014_test,8.881421635925093,12.0,0.5,0.0,0.0,3.1185783640749065
35035,0,calendar_2014_test,14.127985054279733,10.0,0.5,0.0,0.0,4.127985054279733
35036,0,calendar_2014_test,9.900553949750943,12.0,0.5,0.0,0.0,2.099446050249057
35037,0,calendar_2014_test,14.02842951081415,11.0,0.5,0.0,0.0,3.0284295108141492
35038,0,calendar_2014_test,12.727170998701439,16.0,0.5,0.0,0.0,3.272829001298561
35039,0,calendar_2014_test,18.41845008992813,12.0,0.5,0.0,0.0,6.418450089928129
35040,0,calendar_2014_test,18.8646235769735,11.0,0.5,0.0,0.0,7.8646235769735
35041,0,calendar_2014_test,17.424354128594544,15.0,0.5,0.0,0.0,2.424354128594544
35042,0,calendar_2014_test,19.929780632674138,21.0,0.5,0.0,0.0,1.070219367325862
35043,0,calendar_2014_test,25.480924385006077,19.0,0.5,0.0,0.0,6.480924385006077
35044,0,calendar_2014_test,23.017202460648207,23.0,0.5,0.0,0.0,0.017202460648206852
35045,0,calendar_2014_test,27.2273723121872,23.0,0.5,0.0,0.0,4.2273723121871996
35046,0,calendar_2014_test,25.459977708393637,51.0,0.5,0.0,0.0,25.540022291606363
35047,0,calendar_2014_test,50.34631351328014,38.0,0.5,0.0,0.0,12.346313513280137
35048,0,calendar_2014_test,36.99528567107082,47.0,0.5,0.0,0.0,10.004714328929182
35049,0,calendar_2014_test,46.27198610462789,50.0,0.5,0.0,0.0,3.728013895372108
35050,0,calendar_2014_test,47.71659306089361,54.0,0.5,0.0,0.0,6.283406939106392
35051,0,calendar_2014_test,48.895555616363126,53.0,0.5,0.0,0.0,4.104444383636874
35052,0,calendar_2014_test,48.95732805491301,56.0,0.5,0.0,0.0,7.042671945086987
35053,0,calendar_2014_test,53.59553258200665,81.0,0.5,0.0,0.0,27.404467417993352
35054,0,calendar_2014_test,82.35083015739559,48.0,0.5,0.0,0.0,34.35083015739559
35055,0,calendar_2014_test,47.66630842960264,44.0,0.5,0.0,0.0,3.666308429602637
35056,0,calendar_2014_test,47.572318037048944,27.0,0.5,0.0,0.0,20.572318037048944
35057,0,calendar_2014_test,26.60702063869435,31.0,0.5,0.0,0.0,4.392979361305649
35058,0,calendar_2014_test,31.509532245654356,45.0,0.5,0.0,0.0,13.490467754345644
35059,0,calendar_2014_test,41.53146292097584,33.0,0.5,0.0,0.0,8.53146292097584
35060,0,calendar_2014_test,33.02302777723166,17.0,0.5,0.0,0.0,16.02302777723166
35061,0,calendar_2014_test,23.036619148075772,15.0,0.5,0.0,0.0,8.036619148075772
35062,0,calendar_2014_test,21.100944675016294,27.0,0.5,0.0,0.0,5.899055324983706
35063,0,calendar_2014_test,31.986955556599327,35.0,0.5,0.0,0.0,3.0130444434006733
35064,0,calendar_2014_test,40.38401747293656,31.0,0.5,0.0,0.0,9.384017472936563
35065,0,calendar_2014_test,38.391704063189984,38.0,0.5,0.0,0.0,0.39170406318998374
35066,0,calendar_2014_test,44.799671886244724,60.0,0.5,0.0,0.0,15.200328113755276
35067,0,calendar_2014_test,68.43094049136184,49.0,0.5,0.0,0.0,19.430940491361838
35068,0,calendar_2014_test,51.23582646729168,52.0,0.5,0.0,0.0,0.7641735327083197
35069,0,calendar_2014_test,57.590265245895715,60.0,0.5,0.0,0.0,2.409734754104285
35070,0,calendar_2014_test,63.06664005197618,61.0,0.5,0.0,0.0,2.0666400519761794
35071,0,calendar_2014_test,64.10686408562914,64.0,0.5,0.0,0.0,0.10686408562914096
35072,0,calendar_2014_test,70.06792550690382,74.0,0.5,0.0,0.0,3.932074493096181
35073,0,calendar_2014_test,77.1467797544384,80.0,0.5,0.0,0.0,2.8532202455616016
35074,0,calendar_2014_test,85.03939261010213,76.0,0.5,0.0,0.0,9.039392610102126
35075,0,calendar_2014_test,74.38382791147116,70.0,0.5,0.0,0.0,4.383827911471158
35076,0,calendar_2014_test,70.92377606247123,73.0,0.5,0.0,0.0,2.0762239375287663
35077,0,calendar_2014_test,69.12407961747392,86.0,0.5,0.0,0.0,16.875920382526076
35078,0,calendar_2014_test,92.53557229031607,93.0,0.5,0.0,0.0,0.46442770968393177
35079,0,calendar_2014_test,95.67966281365618,96.0,0.5,0.0,0.0,0.3203371863438207
35080,0,calendar_2014_test,95.7641532354018,109.0,0.5,0.0,0.0,13.235846764598193
35081,0,calendar_2014_test,111.99264833780417,109.0,0.5,0.0,0.0,2.9926483378041695
35082,0,calendar_2014_test,107.87185663387817,114.0,0.5,0.0,0.0,6.128143366121833
35083,0,calendar_2014_test,110.25360174947369,90.0,0.5,0.0,0.0,20.253601749473688
35084,0,calendar_2014_test,83.9959943852783,74.0,0.5,0.0,0.0,9.995994385278294
35085,0,calendar_2014_test,71.00381979573122,75.0,0.5,0.0,0.0,3.996180204268782
35086,0,calendar_2014_test,75.46608944199926,68.0,0.5,0.0,0.0,7.466089441999259
35087,0,calendar_2014_test,73.55418721379354,70.0,0.5,0.0,0.0,3.55418721379354
35088,0,calendar_2014_test,75.18355194306764,88.0,0.5,0.0,0.0,12.816448056932359
35089,0,calendar_2014_test,96.07891331231096,143.0,0.5,0.0,0.0,46.92108668768904
35090,0,calendar_2014_test,147.59113980700624,155.0,0.5,0.0,0.0,7.408860192993757
35091,0,calendar_2014_test,155.42295277738918,147.0,0.5,0.0,0.0,8.422952777389185
35092,0,calendar_2014_test,142.02932921879687,143.0,0.5,0.0,0.0,0.9706707812031254
35093,0,calendar_2014_test,144.6856535009943,148.0,0.5,0.0,0.0,3.314346499005694
35094,0,calendar_2014_test,149.10752176752294,157.0,0.5,0.0,0.0,7.89247823247706
35095,0,calendar_2014_test,164.20021218951118,152.0,0.5,0.0,0.0,12.200212189511177
35096,0,calendar_2014_test,149.20315212904245,152.0,0.5,0.0,0.0,2.7968478709575493
35097,0,calendar_2014_test,151.75660356918587,147.0,0.5,0.0,0.0,4.75660356918587
35098,0,calendar_2014_test,144.74364861456957,143.0,0.5,0.0,0.0,1.7436486145695653
35099,0,calendar_2014_test,142.63624453415534,139.0,0.5,0.0,0.0,3.636244534155338
35100,0,calendar_2014_test,144.01823056020547,142.0,0.5,0.0,0.0,2.018230560205467
35101,0,calendar_2014_test,147.91812357324127,139.0,0.5,0.0,0.0,8.918123573241274
35102,0,calendar_2014_test,143.0889981638947,133.0,0.5,0.0,0.0,10.0889981638947
35103,0,calendar_2014_test,134.6944358308384,137.0,0.5,0.0,0.0,2.305564169161613
35104,0,calendar_2014_test,140.12069075174796,138.0,0.5,0.0,0.0,2.120690751747958
35105,0,calendar_2014_test,143.54221814448243,138.0,0.5,0.0,0.0,5.542218144482433
35106,0,calendar_2014_test,142.5329505868957,132.0,0.5,0.0,0.0,10.532950586895709
35107,0,calendar_2014_test,132.34386732497748,135.0,0.5,0.0,0.0,2.656132675022519
35108,0,calendar_2014_test,138.74145113459343,127.0,0.5,0.0,0.0,11.741451134593433
35109,0,calendar_2014_test,125.54161080347015,109.0,0.5,0.0,0.0,16.54161080347015
35110,0,calendar_2014_test,109.21788183322319,94.0,0.5,0.0,0.0,15.217881833223188
35111,0,calendar_2014_test,93.12529069060429,100.0,0.5,0.0,0.0,6.874709309395712
35112,0,calendar_2014_test,102.99033784045189,110.0,0.5,0.0,0.0,7.009662159548114
35113,0,calendar_2014_test,120.45075571696168,123.0,0.5,0.0,0.0,2.5492442830383197
35114,0,calendar_2014_test,131.40496360483874,132.0,0.5,0.0,0.0,0.5950363951612587
35115,0,calendar_2014_test,134.72055654075314,138.0,0.5,0.0,0.0,3.2794434592468633
35116,0,calendar_2014_test,144.83692563039878,151.0,0.5,0.0,0.0,6.163074369601219
35117,0,calendar_2014_test,155.8503636177279,162.0,0.5,0.0,0.0,6.149636382272092
35118,0,calendar_2014_test,163.34330503007135,155.0,0.5,0.0,0.0,8.343305030071349
35119,0,calendar_2014_test,150.9618207895781,143.0,0.5,0.0,0.0,7.961820789578098
35120,0,calendar_2014_test,140.54447074512916,145.0,0.5,0.0,0.0,4.455529254870839
35121,0,calendar_2014_test,145.66897413554676,147.0,0.5,0.0,0.0,1.3310258644532382
35122,0,calendar_2014_test,140.75164405064734,154.0,0.5,0.0,0.0,13.248355949352657
35123,0,calendar_2014_test,152.1229060093581,163.0,0.5,0.0,0.0,10.877093990641896
35124,0,calendar_2014_test,165.8129207084814,170.0,0.5,0.0,0.0,4.187079291518586
35125,0,calendar_2014_test,175.13087222072508,174.0,0.5,0.0,0.0,1.130872220725081
35126,0,calendar_2014_test,177.03454551158117,196.0,0.5,0.0,0.0,18.96545448841883
35127,0,calendar_2014_test,195.6328899779954,207.0,0.5,0.0,0.0,11.367110022004596
35128,0,calendar_2014_test,209.78582696933933,198.0,0.5,0.0,0.0,11.785826969339325
35129,0,calendar_2014_test,194.81107521239312,176.0,0.5,0.0,0.0,18.81107521239312
35130,0,calendar_2014_test,165.89277186830594,111.0,0.5,0.0,0.0,54.89277186830594
35131,0,calendar_2014_test,82.3050801530029,85.0,0.5,0.0,0.0,2.694919846997095
35132,0,calendar_2014_test,84.1369822195856,79.0,0.5,0.0,0.0,5.1369822195856045
35133,0,calendar_2014_test,81.7939234714957,100.0,0.5,0.0,0.0,18.206076528504298
35134,0,calendar_2014_test,107.79870375011895,105.0,0.5,0.0,0.0,2.7987037501189462
35135,0,calendar_2014_test,112.36890384148938,110.0,0.5,0.0,0.0,2.3689038414893844
35136,0,calendar_2014_test,113.85497102589085,123.0,0.5,0.0,0.0,9.145028974109152
35137,0,calendar_2014_test,135.85855712031372,124.0,0.5,0.0,0.0,11.85855712031372
35138,0,calendar_2014_test,126.5186471191033,129.0,0.5,0.0,0.0,2.4813528808966936
35139,0,calendar_2014_test,132.450527770103,140.0,0.5,0.0,0.0,7.549472229896992
35140,0,calendar_2014_test,142.58530091831832,156.0,0.5,0.0,0.0,13.414699081681675
35141,0,calendar_2014_test,156.2472839771409,104.0,0.5,0.0,0.0,52.24728397714091
35142,0,calendar_2014_test,70.80537884506269,2.0,0.5,0.0,0.0,68.80537884506269
35143,0,calendar_2014_test,6.658844776037441,2.0,0.5,0.0,0.0,4.658844776037441
35144,0,calendar_2014_test,11.955522413437564,6.0,0.5,0.0,0.0,5.9555224134375635
35145,0,calendar_2014_test,14.76472904411375,5.0,0.5,0.0,0.0,9.76472904411375
35146,0,calendar_2014_test,10.532244077858351,5.0,0.5,0.0,0.0,5.532244077858351
35147,0,calendar_2014_test,7.644255360343806,6.0,0.5,0.0,0.0,1.6442553603438057
35148,0,calendar_2014_test,9.078853561081814,3.0,0.5,0.0,0.0,6.078853561081814
35149,0,calendar_2014_test,7.313911057708381,3.0,0.5,0.0,0.0,4.313911057708381
35150,0,calendar_2014_test,8.49978065429896,7.0,0.5,0.0,0.0,1.4997806542989593
35151,0,calendar_2014_test,10.95902776271707,7.0,0.5,0.0,0.0,3.9590277627170707
35152,0,calendar_2014_test,6.940450886258958,3.0,0.5,0.0,0.0,3.940450886258958
35153,0,calendar_2014_test,6.302608946923897,3.0,0.5,0.0,0.0,3.302608946923897
35154,0,calendar_2014_test,10.046193372627059,4.0,0.5,0.0,0.0,6.046193372627059
35155,0,calendar_2014_test,6.395189528968714,6.0,0.5,0.0,0.0,0.3951895289687144
35156,0,calendar_2014_test,11.323947089558686,6.0,0.5,0.0,0.0,5.323947089558686
35157,0,calendar_2014_test,11.162779260354569,4.0,0.5,0.0,0.0,7.162779260354569
35158,0,calendar_2014_test,10.439751868180338,10.0,0.5,0.0,0.0,0.4397518681803376
35159,0,calendar_2014_test,17.87889102425528,15.0,0.5,0.0,0.0,2.8788910242552816
35160,0,calendar_2014_test,16.737412222114784,12.0,0.5,0.0,0.0,4.737412222114784
35161,0,calendar_2014_test,16.761178871828378,14.0,0.5,0.0,0.0,2.7611788718283776
35162,0,calendar_2014_test,20.19662609383161,20.0,0.5,0.0,0.0,0.19662609383161112
35163,0,calendar_2014_test,21.26466297498135,19.0,0.5,0.0,0.0,2.2646629749813485
35164,0,calendar_2014_test,21.738335332102793,22.0,0.5,0.0,0.0,0.26166466789720744
35165,0,calendar_2014_test,26.096208826309734,30.0,0.5,0.0,0.0,3.9037911736902657
35166,0,calendar_2014_test,32.00603042936298,37.0,0.5,0.0,0.0,4.99396957063702
35167,0,calendar_2014_test,39.194191060402055,39.0,0.5,0.0,0.0,0.19419106040205492
35168,0,calendar_2014_test,38.05448929984934,45.0,0.5,0.0,0.0,6.945510700150663
35169,0,calendar_2014_test,42.74766146009177,42.0,0.5,0.0,0.0,0.7476614600917699
35170,0,calendar_2014_test,44.26009480723278,39.0,0.5,0.0,0.0,5.260094807232782
35171,0,calendar_2014_test,38.039216554090075,25.0,0.5,0.0,0.0,13.039216554090075
35172,0,calendar_2014_test,27.02560801944945,23.0,0.5,0.0,0.0,4.02560801944945
35173,0,calendar_2014_test,23.504024566020504,17.0,0.5,0.0,0.0,6.5040245660205045
35174,0,calendar_2014_test,20.509305647997394,27.0,0.5,0.0,0.0,6.490694352002606
35175,0,calendar_2014_test,30.537055274950077,19.0,0.5,0.0,0.0,11.537055274950077
35176,0,calendar_2014_test,21.290645128868135,22.0,0.5,0.0,0.0,0.7093548711318647
35177,0,calendar_2014_test,26.948619851063455,31.0,0.5,0.0,0.0,4.051380148936545
35178,0,calendar_2014_test,32.62454748884815,43.0,0.5,0.0,0.0,10.375452511151849
35179,0,calendar_2014_test,44.77517141302578,54.0,0.5,0.0,0.0,9.224828586974219
35180,0,calendar_2014_test,52.69315840282157,45.0,0.5,0.0,0.0,7.693158402821567
35181,0,calendar_2014_test,43.599379515029305,44.0,0.5,0.0,0.0,0.4006204849706947
35182,0,calendar_2014_test,46.80109515896274,35.0,0.5,0.0,0.0,11.801095158962738
35183,0,calendar_2014_test,42.33000658601998,41.0,0.5,0.0,0.0,1.3300065860199766
35184,0,calendar_2014_test,47.68291860738376,46.0,0.5,0.0,0.0,1.6829186073837619
35185,0,calendar_2014_test,53.51208976815244,47.0,0.5,0.0,0.0,6.512089768152443
35186,0,calendar_2014_test,45.6408796559678,61.0,0.5,0.0,0.0,15.359120344032199
35187,0,calendar_2014_test,67.16912238208641,80.0,0.5,0.0,0.0,12.830877617913586
35188,0,calendar_2014_test,79.25290539414456,52.0,0.5,0.0,0.0,27.252905394144562
35189,0,calendar_2014_test,55.25358234180844,41.0,0.5,0.0,0.0,14.253582341808439
35190,0,calendar_2014_test,46.72594474259874,46.0,0.5,0.0,0.0,0.7259447425987418
35191,0,calendar_2014_test,48.35217059115871,44.0,0.5,0.0,0.0,4.3521705911587105
35192,0,calendar_2014_test,47.673497795864954,54.0,0.5,0.0,0.0,6.326502204135046
35193,0,calendar_2014_test,59.451045796832815,59.0,0.5,0.0,0.0,0.4510457968328154
35194,0,calendar_2014_test,64.2425202105515,79.0,0.5,0.0,0.0,14.757479789448496
35195,0,calendar_2014_test,85.11260102157378,115.0,0.5,0.0,0.0,29.88739897842622
35196,0,calendar_2014_test,121.67478031938892,96.0,0.5,0.0,0.0,25.674780319388915
35197,0,calendar_2014_test,89.32074593467804,108.0,0.5,0.0,0.0,18.679254065321956
35198,0,calendar_2014_test,114.23110201374959,112.0,0.5,0.0,0.0,2.2311020137495916
35199,0,calendar_2014_test,113.24265711771972,118.0,0.5,0.0,0.0,4.757342882280284
35200,0,calendar_2014_test,120.11348000584032,92.0,0.5,0.0,0.0,28.113480005840316
35201,0,calendar_2014_test,87.52972239991065,74.0,0.5,0.0,0.0,13.529722399910654
35202,0,calendar_2014_test,64.4483473901737,50.0,0.5,0.0,0.0,14.448347390173694
35203,0,calendar_2014_test,48.07755162191979,36.0,0.5,0.0,0.0,12.077551621919788
35204,0,calendar_2014_test,40.20747247693001,30.0,0.5,0.0,0.0,10.207472476930008
35205,0,calendar_2014_test,34.37004866060029,38.0,0.5,0.0,0.0,3.6299513393997103
35206,0,calendar_2014_test,42.48639491429688,36.0,0.5,0.0,0.0,6.486394914296881
35207,0,calendar_2014_test,42.58008283923884,43.0,0.5,0.0,0.0,0.4199171607611589
35208,0,calendar_2014_test,50.03358696796999,48.0,0.5,0.0,0.0,2.0335869679699883
35209,0,calendar_2014_test,54.19128568340871,57.0,0.5,0.0,0.0,2.808714316591292
35210,0,calendar_2014_test,61.44517565478631,65.0,0.5,0.0,0.0,3.5548243452136887
35211,0,calendar_2014_test,74.38714617872235,83.0,0.5,0.0,0.0,8.612853821277653
35212,0,calendar_2014_test,95.39243089610729,95.0,0.5,0.0,0.0,0.3924308961072853
35213,0,calendar_2014_test,100.52871165734948,82.0,0.5,0.0,0.0,18.528711657349476
35214,0,calendar_2014_test,82.6745903933656,61.0,0.5,0.0,0.0,21.674590393365605
35215,0,calendar_2014_test,65.25408880078085,73.0,0.5,0.0,0.0,7.745911199219151
35216,0,calendar_2014_test,79.08638566502971,77.0,0.5,0.0,0.0,2.0863856650297095
35217,0,calendar_2014_test,83.97342194421142,86.0,0.5,0.0,0.0,2.026578055788576
35218,0,calendar_2014_test,91.98648896180093,81.0,0.5,0.0,0.0,10.98648896180093
35219,0,calendar_2014_test,83.2112235150314,81.0,0.5,0.0,0.0,2.2112235150314064
35220,0,calendar_2014_test,84.51916503103365,89.0,0.5,0.0,0.0,4.480834968966349
35221,0,calendar_2014_test,89.90835323898844,91.0,0.5,0.0,0.0,1.0916467610115603
35222,0,calendar_2014_test,94.47004866631617,94.0,0.5,0.0,0.0,0.47004866631617404
35223,0,calendar_2014_test,97.70093025310412,108.0,0.5,0.0,0.0,10.299069746895881
35224,0,calendar_2014_test,113.96337419674438,101.0,0.5,0.0,0.0,12.963374196744383
35225,0,calendar_2014_test,99.76108566037486,93.0,0.5,0.0,0.0,6.76108566037486
35226,0,calendar_2014_test,90.27449753701521,88.0,0.5,0.0,0.0,2.2744975370152076
35227,0,calendar_2014_test,85.998029281685,84.0,0.5,0.0,0.0,1.9980292816850067
35228,0,calendar_2014_test,82.13481683357767,91.0,0.5,0.0,0.0,8.865183166422327
35229,0,calendar_2014_test,96.03366107731588,92.0,0.5,0.0,0.0,4.033661077315884
35230,0,calendar_2014_test,94.72915030987265,88.0,0.5,0.0,0.0,6.729150309872651
35231,0,calendar_2014_test,89.73036128459034,116.0,0.5,0.0,0.0,26.269638715409656
35232,0,calendar_2014_test,116.58632866144691,120.0,0.5,0.0,0.0,3.413671338553087
35233,0,calendar_2014_test,115.044068432095,124.0,0.5,0.0,0.0,8.955931567904997
35234,0,calendar_2014_test,127.56618990770588,113.0,0.5,0.0,0.0,14.566189907705876
35235,0,calendar_2014_test,110.01107589577047,104.0,0.5,0.0,0.0,6.011075895770475
35236,0,calendar_2014_test,96.31190087277781,106.0,0.5,0.0,0.0,9.688099127222188
35237,0,calendar_2014_test,103.86656528931853,121.0,0.5,0.0,0.0,17.13343471068147
35238,0,calendar_2014_test,126.68932881401935,124.0,0.5,0.0,0.0,2.6893288140193476
35239,0,calendar_2014_test,127.19077411569967,135.0,0.5,0.0,0.0,7.809225884300332
35240,0,calendar_2014_test,142.6994526784592,147.0,0.5,0.0,0.0,4.30054732154079
35241,0,calendar_2014_test,143.7019513362432,82.0,0.5,0.0,0.0,61.70195133624321
35242,0,calendar_2014_test,65.94159037994469,60.0,0.5,0.0,0.0,5.941590379944685
35243,0,calendar_2014_test,56.08830241449887,60.0,0.5,0.0,0.0,3.9116975855011304
35244,0,calendar_2014_test,65.80872384964553,52.0,0.5,0.0,0.0,13.808723849645531
35245,0,calendar_2014_test,57.2158289720417,54.0,0.5,0.0,0.0,3.215828972041699
35246,0,calendar_2014_test,58.58189181042127,59.0,0.5,0.0,0.0,0.4181081895787315
35247,0,calendar_2014_test,65.68068179772061,59.0,0.5,0.0,0.0,6.680681797720609
35248,0,calendar_2014_test,63.916809091192455,74.0,0.5,0.0,0.0,10.083190908807545
35249,0,calendar_2014_test,79.4730679803825,68.0,0.5,0.0,0.0,11.473067980382496
35250,0,calendar_2014_test,74.18432199347589,65.0,0.5,0.0,0.0,9.18432199347589
35251,0,calendar_2014_test,71.32012253423719,68.0,0.5,0.0,0.0,3.3201225342371856
35252,0,calendar_2014_test,75.47671950090054,45.0,0.5,0.0,0.0,30.476719500900543
35253,0,calendar_2014_test,49.620158926738526,36.0,0.5,0.0,0.0,13.620158926738526
35254,0,calendar_2014_test,44.47530802442676,63.0,0.5,0.0,0.0,18.52469197557324
35255,0,calendar_2014_test,72.23070072711393,54.0,0.5,0.0,0.0,18.230700727113927
35256,0,calendar_2014_test,56.99094390487567,48.0,0.5,0.0,0.0,8.990943904875671
35257,0,calendar_2014_test,51.42112941735758,57.0,0.5,0.0,0.0,5.578870582642423
35258,0,calendar_2014_test,64.64151194940598,58.0,0.5,0.0,0.0,6.641511949405981
35259,0,calendar_2014_test,59.49961382541427,63.0,0.5,0.0,0.0,3.500386174585728
35260,0,calendar_2014_test,72.1897953839546,51.0,0.5,0.0,0.0,21.189795383954603
35261,0,calendar_2014_test,57.32110117629447,52.0,0.5,0.0,0.0,5.321101176294469
35262,0,calendar_2014_test,56.88325780830423,50.0,0.5,0.0,0.0,6.883257808304229
35263,0,calendar_2014_test,51.60564036512961,54.0,0.5,0.0,0.0,2.3943596348703906
35264,0,calendar_2014_test,55.13914792782567,62.0,0.5,0.0,0.0,6.860852072174332
35265,0,calendar_2014_test,66.56053676059562,64.0,0.5,0.0,0.0,2.5605367605956246
35266,0,calendar_2014_test,68.22642777044057,108.0,0.5,0.0,0.0,39.773572229559434
35267,0,calendar_2014_test,114.4759238601836,95.0,0.5,0.0,0.0,19.4759238601836
35268,0,calendar_2014_test,92.1765117660285,93.0,0.5,0.0,0.0,0.8234882339715028
35269,0,calendar_2014_test,92.55612763138194,94.0,0.5,0.0,0.0,1.4438723686180595
35270,0,calendar_2014_test,97.17548455244133,96.0,0.5,0.0,0.0,1.1754845524413327
35271,0,calendar_2014_test,92.41088013033618,51.0,0.5,0.0,0.0,41.41088013033618
35272,0,calendar_2014_test,46.73481845210831,60.0,0.5,0.0,0.0,13.265181547891693
35273,0,calendar_2014_test,63.36725233187255,50.0,0.5,0.0,0.0,13.36725233187255
35274,0,calendar_2014_test,48.45927939622033,46.0,0.5,0.0,0.0,2.4592793962203316
35275,0,calendar_2014_test,45.19389322494769,39.0,0.5,0.0,0.0,6.1938932249476935
35276,0,calendar_2014_test,42.063571940034706,38.0,0.5,0.0,0.0,4.063571940034706
35277,0,calendar_2014_test,41.321152412040455,47.0,0.5,0.0,0.0,5.678847587959545
35278,0,calendar_2014_test,49.16193756160425,46.0,0.5,0.0,0.0,3.1619375616042475
35279,0,calendar_2014_test,49.170453471729274,48.0,0.5,0.0,0.0,1.1704534717292745
35280,0,calendar_2014_test,52.64937615736652,53.0,0.5,0.0,0.0,0.3506238426334818
35281,0,calendar_2014_test,54.99596057184484,67.0,0.5,0.0,0.0,12.00403942815516
35282,0,calendar_2014_test,76.03483871988416,61.0,0.5,0.0,0.0,15.034838719884164
35283,0,calendar_2014_test,69.62637713382259,73.0,0.5,0.0,0.0,3.3736228661774135
35284,0,calendar_2014_test,80.1709057410475,79.0,0.5,0.0,0.0,1.1709057410475054
35285,0,calendar_2014_test,87.5811102991522,74.0,0.5,0.0,0.0,13.5811102991522
35286,0,calendar_2014_test,77.92721871495046,71.0,0.5,0.0,0.0,6.927218714950456
35287,0,calendar_2014_test,75.87926002188067,76.0,0.5,0.0,0.0,0.12073997811933168
35288,0,calendar_2014_test,82.48637907750535,75.0,0.5,0.0,0.0,7.486379077505347
35289,0,calendar_2014_test,77.23912854712073,78.0,0.5,0.0,0.0,0.7608714528792717
35290,0,calendar_2014_test,81.87967149384578,86.0,0.5,0.0,0.0,4.120328506154223
35291,0,calendar_2014_test,91.55565462149464,95.0,0.5,0.0,0.0,3.4443453785053606
35292,0,calendar_2014_test,93.48918712037832,106.0,0.5,0.0,0.0,12.510812879621682
35293,0,calendar_2014_test,102.47107139221433,79.0,0.5,0.0,0.0,23.471071392214327
35294,0,calendar_2014_test,66.1521484924934,63.0,0.5,0.0,0.0,3.152148492493396
35295,0,calendar_2014_test,55.11937325235971,49.0,0.5,0.0,0.0,6.119373252359708
35296,0,calendar_2014_test,37.299859387494934,27.0,0.5,0.0,0.0,10.299859387494934
35297,0,calendar_2014_test,22.540898176763363,11.0,0.5,0.0,0.0,11.540898176763363
35298,0,calendar_2014_test,14.69550002614119,10.0,0.5,0.0,0.0,4.69550002614119
35299,0,calendar_2014_test,14.131223334584192,6.0,0.5,0.0,0.0,8.131223334584192
35300,0,calendar_2014_test,8.879699923440597,11.0,0.5,0.0,0.0,2.1203000765594027
35301,0,calendar_2014_test,14.669237351818097,12.0,0.5,0.0,0.0,2.669237351818097
35302,0,calendar_2014_test,17.436345516859674,13.0,0.5,0.0,0.0,4.436345516859674
35303,0,calendar_2014_test,22.093793900862096,10.0,0.5,0.0,0.0,12.093793900862096
35304,0,calendar_2014_test,22.47942829880931,15.0,0.5,0.0,0.0,7.47942829880931
35305,0,calendar_2014_test,23.328894131750445,23.0,0.5,0.0,0.0,0.32889413175044524
35306,0,calendar_2014_test,31.198509628924413,34.0,0.5,0.0,0.0,2.8014903710755874
35307,0,calendar_2014_test,43.23279960257034,36.0,0.5,0.0,0.0,7.2327996025703385
35308,0,calendar_2014_test,39.86940786751533,42.0,0.5,0.0,0.0,2.130592132484672
35309,0,calendar_2014_test,43.9875898987528,42.0,0.5,0.0,0.0,1.9875898987528018
35310,0,calendar_2014_test,47.173926516308825,47.0,0.5,0.0,0.0,0.17392651630882483
35311,0,calendar_2014_test,46.78841557712335,47.0,0.5,0.0,0.0,0.2115844228766477
35312,0,calendar_2014_test,42.21422271042086,28.0,0.5,0.0,0.0,14.214222710420863
35313,0,calendar_2014_test,27.849736223424173,20.0,0.5,0.0,0.0,7.849736223424173
35314,0,calendar_2014_test,19.090672172708764,23.0,0.5,0.0,0.0,3.9093278272912357
35315,0,calendar_2014_test,23.200662592524267,16.0,0.5,0.0,0.0,7.200662592524267
35316,0,calendar_2014_test,18.876834593063705,16.0,0.5,0.0,0.0,2.8768345930637054
35317,0,calendar_2014_test,15.801430295533834,15.0,0.5,0.0,0.0,0.8014302955338337
35318,0,calendar_2014_test,15.908782190630689,11.0,0.5,0.0,0.0,4.9087821906306885
35319,0,calendar_2014_test,11.51857418428024,11.0,0.5,0.0,0.0,0.51857418428024
35320,0,calendar_2014_test,9.969231503480742,7.0,0.5,0.0,0.0,2.969231503480742
35321,0,calendar_2014_test,9.489248187738013,4.0,0.5,0.0,0.0,5.4892481877380135
35322,0,calendar_2014_test,10.055246529155085,3.0,0.5,0.0,0.0,7.0552465291550845
35323,0,calendar_2014_test,7.276764695579047,6.0,0.5,0.0,0.0,1.2767646955790468
35324,0,calendar_2014_test,6.9216905796789945,8.0,0.5,0.0,0.0,1.0783094203210055
35325,0,calendar_2014_test,8.992667288138549,6.0,0.5,0.0,0.0,2.9926672881385485
35326,0,calendar_2014_test,11.431654279447812,11.0,0.5,0.0,0.0,0.43165427944781243
35327,0,calendar_2014_test,18.794848991208696,16.0,0.5,0.0,0.0,2.7948489912086956
35328,0,calendar_2014_test,20.4888728075112,18.0,0.5,0.0,0.0,2.4888728075112
35329,0,calendar_2014_test,20.26608763598753,20.0,0.5,0.0,0.0,0.2660876359875317
35330,0,calendar_2014_test,23.744012838805446,25.0,0.5,0.0,0.0,1.255987161194554
35331,0,calendar_2014_test,27.61753814973261,20.0,0.5,0.0,0.0,7.61753814973261
35332,0,calendar_2014_test,25.540587462218625,26.0,0.5,0.0,0.0,0.45941253778137536
35333,0,calendar_2014_test,33.95031103914148,30.0,0.5,0.0,0.0,3.950311039141482
35334,0,calendar_2014_test,34.01364720514475,34.0,0.5,0.0,0.0,0.013647205144749819
35335,0,calendar_2014_test,38.436227152553926,30.0,0.5,0.0,0.0,8.436227152553926
35336,0,calendar_2014_test,32.81979390349771,53.0,0.5,0.0,0.0,20.18020609650229
35337,0,calendar_2014_test,48.949253236290275,49.0,0.5,0.0,0.0,0.050746763709724974
35338,0,calendar_2014_test,42.10925236674443,33.0,0.5,0.0,0.0,9.109252366744428
35339,0,calendar_2014_test,32.233618349433996,18.0,0.5,0.0,0.0,14.233618349433996
35340,0,calendar_2014_test,50.95919111238934,49.0,0.5,0.0,0.0,1.959191112389341
35341,0,calendar_2014_test,56.12159472004787,49.0,0.5,0.0,0.0,7.121594720047867
35342,0,calendar_2014_test,50.978599175777596,55.0,0.5,0.0,0.0,4.021400824222404
35343,0,calendar_2014_test,59.21739933139394,56.0,0.5,0.0,0.0,3.217399331393942
35344,0,calendar_2014_test,57.10604812946497,62.0,0.5,0.0,0.0,4.893951870535027
35345,0,calendar_2014_test,67.09510096311246,80.0,0.5,0.0,0.0,12.904899036887542
35346,0,calendar_2014_test,86.1292355307873,99.0,0.5,0.0,0.0,12.870764469212702
35347,0,calendar_2014_test,99.94614380820374,104.0,0.5,0.0,0.0,4.053856191796257
35348,0,calendar_2014_test,99.74213522423614,99.0,0.5,0.0,0.0,0.7421352242361365
35349,0,calendar_2014_test,91.56491721309685,97.0,0.5,0.0,0.0,5.435082786903152
35350,0,calendar_2014_test,91.02574602797073,108.0,0.5,0.0,0.0,16.974253972029274
35351,0,calendar_2014_test,106.63776443600072,99.0,0.5,0.0,0.0,7.637764436000722
35352,0,calendar_2014_test,91.20314126184712,119.0,0.5,0.0,0.0,27.796858738152878
35353,0,calendar_2014_test,114.09830770348884,93.0,0.5,0.0,0.0,21.098307703488842
35354,0,calendar_2014_test,81.02401873870721,78.0,0.5,0.0,0.0,3.0240187387072126
35355,0,calendar_2014_test,73.10939341780853,67.0,0.5,0.0,0.0,6.109393417808533
35356,0,calendar_2014_test,71.44133984001412,69.0,0.5,0.0,0.0,2.4413398400141233
35357,0,calendar_2014_test,68.00504994249401,51.0,0.5,0.0,0.0,17.00504994249401
35358,0,calendar_2014_test,43.957139777501936,41.0,0.5,0.0,0.0,2.9571397775019364
35359,0,calendar_2014_test,43.02002172925698,34.0,0.5,0.0,0.0,9.020021729256982
35360,0,calendar_2014_test,38.81289427671708,21.0,0.5,0.0,0.0,17.81289427671708
35361,0,calendar_2014_test,27.05007641524439,27.0,0.5,0.0,0.0,0.05007641524439066
35362,0,calendar_2014_test,38.65781088042417,34.0,0.5,0.0,0.0,4.657810880424172
35363,0,calendar_2014_test,43.278495399459686,37.0,0.5,0.0,0.0,6.278495399459686
35364,0,calendar_2014_test,44.52405805705773,51.0,0.5,0.0,0.0,6.475941942942271
35365,0,calendar_2014_test,56.3453257792181,61.0,0.5,0.0,0.0,4.654674220781899
35366,0,calendar_2014_test,67.46807337094266,63.0,0.5,0.0,0.0,4.468073370942662
35367,0,calendar_2014_test,70.90038275924766,59.0,0.5,0.0,0.0,11.900382759247663
35368,0,calendar_2014_test,64.98116707773946,70.0,0.5,0.0,0.0,5.018832922260543
35369,0,calendar_2014_test,75.81126033613161,78.0,0.5,0.0,0.0,2.1887396638683896
35370,0,calendar_2014_test,84.14985481111458,84.0,0.5,0.0,0.0,0.14985481111457943
35371,0,calendar_2014_test,90.30746058270746,97.0,0.5,0.0,0.0,6.6925394172925365
35372,0,calendar_2014_test,99.70321712778433,110.0,0.5,0.0,0.0,10.296782872215672
35373,0,calendar_2014_test,114.9408390176966,106.0,0.5,0.0,0.0,8.940839017696604
35374,0,calendar_2014_test,103.32281076245683,92.0,0.5,0.0,0.0,11.322810762456825
35375,0,calendar_2014_test,92.53867944155357,110.0,0.5,0.0,0.0,17.46132055844643
35376,0,calendar_2014_test,120.08281928363753,121.0,0.5,0.0,0.0,0.9171807163624663
35377,0,calendar_2014_test,124.85508473404276,136.0,0.5,0.0,0.0,11.144915265957238
35378,0,calendar_2014_test,141.629891750303,150.0,0.5,0.0,0.0,8.370108249697012
35379,0,calendar_2014_test,148.5153195033998,118.0,0.5,0.0,0.0,30.51531950339981
35380,0,calendar_2014_test,111.72172531900452,91.0,0.5,0.0,0.0,20.72172531900452
35381,0,calendar_2014_test,86.79821152261555,86.0,0.5,0.0,0.0,0.7982115226155457
35382,0,calendar_2014_test,86.21125783874041,67.0,0.5,0.0,0.0,19.21125783874041
35383,0,calendar_2014_test,69.92402302415789,60.0,0.5,0.0,0.0,9.92402302415789
35384,0,calendar_2014_test,61.34528632470614,53.0,0.5,0.0,0.0,8.345286324706137
35385,0,calendar_2014_test,55.65367508882447,53.0,0.5,0.0,0.0,2.653675088824471
35386,0,calendar_2014_test,165.24084379394583,159.0,0.5,0.0,0.0,6.240843793945828
35387,0,calendar_2014_test,168.1981729128297,180.0,0.5,0.0,0.0,11.801827087170295
35388,0,calendar_2014_test,187.98809292747933,200.0,0.5,0.0,0.0,12.011907072520671
35389,0,calendar_2014_test,207.01677507112672,228.0,0.5,0.0,0.0,20.983224928873284
35390,0,calendar_2014_test,215.65045840454485,229.0,0.5,0.0,0.0,13.34954159545515
35391,0,calendar_2014_test,222.6117503492766,200.0,0.5,0.0,0.0,22.611750349276605
35392,0,calendar_2014_test,191.51492670422573,146.0,0.5,0.0,0.0,45.51492670422573
35393,0,calendar_2014_test,129.76992847920695,133.0,0.5,0.0,0.0,3.2300715207930466
35394,0,calendar_2014_test,131.63344859487842,125.0,0.5,0.0,0.0,6.633448594878416
35395,0,calendar_2014_test,124.11313969240115,79.0,0.5,0.0,0.0,45.11313969240115
35396,0,calendar_2014_test,79.4068451567878,80.0,0.5,0.0,0.0,0.5931548432122042
35397,0,calendar_2014_test,86.06620628786978,72.0,0.5,0.0,0.0,14.066206287869775
35398,0,calendar_2014_test,77.78611695167183,59.0,0.5,0.0,0.0,18.78611695167183
35399,0,calendar_2014_test,65.98149352854732,63.0,0.5,0.0,0.0,2.9814935285473183
35400,0,calendar_2014_test,71.07642223553917,64.0,0.5,0.0,0.0,7.0764222355391695
35401,0,calendar_2014_test,65.52617066238642,52.0,0.5,0.0,0.0,13.52617066238642
35402,0,calendar_2014_test,56.43347948765056,67.0,0.5,0.0,0.0,10.566520512349442
35403,0,calendar_2014_test,76.81889185080678,78.0,0.5,0.0,0.0,1.1811081491932214
35404,0,calendar_2014_test,86.66887129873838,89.0,0.5,0.0,0.0,2.331128701261619
35405,0,calendar_2014_test,98.85244701150444,88.0,0.5,0.0,0.0,10.852447011504438
35406,0,calendar_2014_test,88.82910213103969,96.0,0.5,0.0,0.0,7.17089786896031
35407,0,calendar_2014_test,99.9564802062096,100.0,0.5,0.0,0.0,0.043519793790395056
35408,0,calendar_2014_test,105.74581778757431,93.0,0.5,0.0,0.0,12.74581778757431
35409,0,calendar_2014_test,95.3302718036907,85.0,0.5,0.0,0.0,10.330271803690707
35410,0,calendar_2014_test,89.9039684161315,88.0,0.5,0.0,0.0,1.9039684161315051
35411,0,calendar_2014_test,94.43651899024852,82.0,0.5,0.0,0.0,12.436518990248516
35412,0,calendar_2014_test,81.92197316427668,80.0,0.5,0.0,0.0,1.9219731642766789
35413,0,calendar_2014_test,81.87279628675992,59.0,0.5,0.0,0.0,22.87279628675992
35414,0,calendar_2014_test,58.51253024734246,75.0,0.5,0.0,0.0,16.48746975265754
35415,0,calendar_2014_test,79.1666913981256,77.0,0.5,0.0,0.0,2.166691398125593
35416,0,calendar_2014_test,82.04575635553535,70.0,0.5,0.0,0.0,12.045756355535346
35417,0,calendar_2014_test,74.93020191942904,80.0,0.5,0.0,0.0,5.069798080570962
35418,0,calendar_2014_test,84.01324345721358,81.0,0.5,0.0,0.0,3.0132434572135764
35419,0,calendar_2014_test,85.84795052111053,79.0,0.5,0.0,0.0,6.847950521110533
35420,0,calendar_2014_test,82.08145652364603,89.0,0.5,0.0,0.0,6.918543476353975
35421,0,calendar_2014_test,95.06986893042885,106.0,0.5,0.0,0.0,10.930131069571146
35422,0,calendar_2014_test,111.85395960335111,112.0,0.5,0.0,0.0,0.14604039664888546
35423,0,calendar_2014_test,116.90314809446046,118.0,0.5,0.0,0.0,1.0968519055395376
35424,0,calendar_2014_test,121.38465054170321,120.0,0.5,0.0,0.0,1.3846505417032091
35425,0,calendar_2014_test,119.74968522552676,119.0,0.5,0.0,0.0,0.7496852255267612
35426,0,calendar_2014_test,113.67842348286423,127.0,0.5,0.0,0.0,13.321576517135767
35427,0,calendar_2014_test,123.24794081353704,128.0,0.5,0.0,0.0,4.752059186462958
35428,0,calendar_2014_test,120.37731186430598,135.0,0.5,0.0,0.0,14.62268813569402
35429,0,calendar_2014_test,129.3186954742463,133.0,0.5,0.0,0.0,3.6813045257536885
35430,0,calendar_2014_test,122.76550111412188,124.0,0.5,0.0,0.0,1.234498885878125
35431,0,calendar_2014_test,119.63027759222057,112.0,0.5,0.0,0.0,7.6302775922205655
35432,0,calendar_2014_test,108.70853581605289,107.0,0.5,0.0,0.0,1.708535816052887
35433,0,calendar_2014_test,112.35011879327665,109.0,0.5,0.0,0.0,3.35011879327665
35434,0,calendar_2014_test,107.15147257494786,108.0,0.5,0.0,0.0,0.84852742505214
35435,0,calendar_2014_test,101.47620928689683,119.0,0.5,0.0,0.0,17.523790713103168
35436,0,calendar_2014_test,117.74320876798646,117.0,0.5,0.0,0.0,0.7432087679864594
35437,0,calendar_2014_test,118.3853350320093,120.0,0.5,0.0,0.0,1.6146649679907057
35438,0,calendar_2014_test,118.08085104209123,123.0,0.5,0.0,0.0,4.919148957908774
35439,0,calendar_2014_test,118.93781331371783,114.0,0.5,0.0,0.0,4.937813313717825
35440,0,calendar_2014_test,105.38081731182426,109.0,0.5,0.0,0.0,3.6191826881757407
35441,0,calendar_2014_test,102.37855190102063,96.0,0.5,0.0,0.0,6.378551901020629
35442,0,calendar_2014_test,82.15021646851245,102.0,0.5,0.0,0.0,19.849783531487546
35443,0,calendar_2014_test,91.85928748213752,95.0,0.5,0.0,0.0,3.1407125178624824
35444,0,calendar_2014_test,81.47388184044105,81.0,0.5,0.0,0.0,0.4738818404410523
35445,0,calendar_2014_test,70.36566054785672,73.0,0.5,0.0,0.0,2.63433945214328
35446,0,calendar_2014_test,60.60781007924492,63.0,0.5,0.0,0.0,2.3921899207550794
35447,0,calendar_2014_test,56.589465517819605,45.0,0.5,0.0,0.0,11.589465517819605
35448,0,calendar_2014_test,37.37968456760694,51.0,0.5,0.0,0.0,13.620315432393063
35449,0,calendar_2014_test,46.33949401038568,40.0,0.5,0.0,0.0,6.339494010385678
35450,0,calendar_2014_test,35.17197839771734,36.0,0.5,0.0,0.0,0.8280216022826608
35451,0,calendar_2014_test,34.93416108985305,34.0,0.5,0.0,0.0,0.934161089853049
35452,0,calendar_2014_test,35.32747019973375,24.0,0.5,0.0,0.0,11.327470199733753
35453,0,calendar_2014_test,26.524736150264758,27.0,0.5,0.0,0.0,0.47526384973524216
35454,0,calendar_2014_test,41.82482604314666,56.0,0.5,0.0,0.0,14.175173956853342
35455,0,calendar_2014_test,61.44696318146042,61.0,0.5,0.0,0.0,0.44696318146041847
35456,0,calendar_2014_test,63.4493241029485,64.0,0.5,0.0,0.0,0.550675897051498
35457,0,calendar_2014_test,69.93756204772444,101.0,0.5,0.0,0.0,31.06243795227556
35458,0,calendar_2014_test,103.50152828884251,111.0,0.5,0.0,0.0,7.498471711157492
35459,0,calendar_2014_test,113.82494644884682,82.0,0.5,0.0,0.0,31.824946448846816
35460,0,calendar_2014_test,77.94490716396258,84.0,0.5,0.0,0.0,6.055092836037417
35461,0,calendar_2014_test,86.35593387243213,89.0,0.5,0.0,0.0,2.644066127567868
35462,0,calendar_2014_test,90.5883898046993,91.0,0.5,0.0,0.0,0.4116101953006961
35463,0,calendar_2014_test,89.9025186941794,81.0,0.5,0.0,0.0,8.902518694179406
35464,0,calendar_2014_test,80.99258491327423,103.0,0.5,0.0,0.0,22.00741508672577
35465,0,calendar_2014_test,108.17591579522632,99.0,0.5,0.0,0.0,9.175915795226317
35466,0,calendar_2014_test,99.0672161471024,105.0,0.5,0.0,0.0,5.9327838528976
35467,0,calendar_2014_test,107.62342416433867,121.0,0.5,0.0,0.0,13.376575835661328
35468,0,calendar_2014_test,123.64984907039033,139.0,0.5,0.0,0.0,15.350150929609669
35469,0,calendar_2014_test,148.33564438513713,141.0,0.5,0.0,0.0,7.33564438513713
35470,0,calendar_2014_test,144.7515408614863,148.0,0.5,0.0,0.0,3.2484591385137094
35471,0,calendar_2014_test,146.50368042561632,168.0,0.5,0.0,0.0,21.496319574383676
35472,0,calendar_2014_test,172.50114530919217,157.0,0.5,0.0,0.0,15.501145309192168
35473,0,calendar_2014_test,156.50248682388053,159.0,0.5,0.0,0.0,2.497513176119469
35474,0,calendar_2014_test,162.14460124156506,151.0,0.5,0.0,0.0,11.144601241565056
35475,0,calendar_2014_test,150.73912526786376,137.0,0.5,0.0,0.0,13.739125267863756
35476,0,calendar_2014_test,137.81598639237012,128.0,0.5,0.0,0.0,9.815986392370121
35477,0,calendar_2014_test,128.54206574816308,144.0,0.5,0.0,0.0,15.457934251836917
35478,0,calendar_2014_test,156.20573660070121,147.0,0.5,0.0,0.0,9.205736600701215
35479,0,calendar_2014_test,152.3068195502164,157.0,0.5,0.0,0.0,4.693180449783597
35480,0,calendar_2014_test,165.13018162820129,145.0,0.5,0.0,0.0,20.130181628201285
35481,0,calendar_2014_test,138.8497138631454,74.0,0.5,0.0,0.0,64.84971386314541
35482,0,calendar_2014_test,69.91007076250088,60.0,0.5,0.0,0.0,9.91007076250088
35483,0,calendar_2014_test,66.37102639938948,75.0,0.5,0.0,0.0,8.628973600610522
35484,0,calendar_2014_test,80.26307861038482,86.0,0.5,0.0,0.0,5.736921389615176
35485,0,calendar_2014_test,94.59100954645463,87.0,0.5,0.0,0.0,7.591009546454629
35486,0,calendar_2014_test,92.99140785240067,99.0,0.5,0.0,0.0,6.00859214759933
35487,0,calendar_2014_test,107.92715765519318,96.0,0.5,0.0,0.0,11.927157655193184
35488,0,calendar_2014_test,97.3758253506532,107.0,0.5,0.0,0.0,9.624174649346799
35489,0,calendar_2014_test,116.9580307527228,111.0,0.5,0.0,0.0,5.958030752722806
35490,0,calendar_2014_test,116.5354232423195,120.0,0.5,0.0,0.0,3.464576757680504
35491,0,calendar_2014_test,124.47272334821241,121.0,0.5,0.0,0.0,3.472723348212412
35492,0,calendar_2014_test,121.19349746112725,126.0,0.5,0.0,0.0,4.806502538872749
35493,0,calendar_2014_test,128.73694143025423,130.0,0.5,0.0,0.0,1.2630585697457661
35494,0,calendar_2014_test,131.20484736083802,123.0,0.5,0.0,0.0,8.204847360838016
35495,0,calendar_2014_test,121.66485705057285,129.0,0.5,0.0,0.0,7.335142949427151
35496,0,calendar_2014_test,134.2558340679243,146.0,0.5,0.0,0.0,11.744165932075703
35497,0,calendar_2014_test,149.23884580116035,155.0,0.5,0.0,0.0,5.761154198839648
35498,0,calendar_2014_test,156.8446783071414,193.0,0.5,0.0,0.0,36.15532169285859
35499,0,calendar_2014_test,201.5463580846095,194.0,0.5,0.0,0.0,7.546358084609494
35500,0,calendar_2014_test,187.41634100843925,203.0,0.5,0.0,0.0,15.583658991560753
35501,0,calendar_2014_test,203.30754696655833,217.0,0.5,0.0,0.0,13.692453033441666
35502,0,calendar_2014_test,214.1604211143337,219.0,0.5,0.0,0.0,4.839578885666299
35503,0,calendar_2014_test,223.9665971320006,196.0,0.5,0.0,0.0,27.9665971320006
35504,0,calendar_2014_test,183.9033247822553,166.0,0.5,0.0,0.0,17.90332478225531
35505,0,calendar_2014_test,152.9944736696487,149.0,0.5,0.0,0.0,3.9944736696486984
35506,0,calendar_2014_test,143.97627829439097,119.0,0.5,0.0,0.0,24.976278294390966
35507,0,calendar_2014_test,109.80971430278584,132.0,0.5,0.0,0.0,22.190285697214165
35508,0,calendar_2014_test,136.62054223547818,61.0,0.5,0.0,0.0,75.62054223547818
35509,0,calendar_2014_test,52.05977611054757,9.0,0.5,0.0,0.0,43.05977611054757
35510,0,calendar_2014_test,22.872263073524763,9.0,0.5,0.0,0.0,13.872263073524763
35511,0,calendar_2014_test,16.58934565245879,42.0,0.5,0.0,0.0,25.41065434754121
35512,0,calendar_2014_test,42.4436454086014,43.0,0.5,0.0,0.0,0.5563545913986019
35513,0,calendar_2014_test,43.934148649468476,51.0,0.5,0.0,0.0,7.065851350531524
35514,0,calendar_2014_test,51.204133346760386,28.0,0.5,0.0,0.0,23.204133346760386
35515,0,calendar_2014_test,28.10223096465691,26.0,0.5,0.0,0.0,2.1022309646569113
35516,0,calendar_2014_test,26.51538627500173,14.0,0.5,0.0,0.0,12.515386275001731
35517,0,calendar_2014_test,18.92851186932843,15.0,0.5,0.0,0.0,3.9285118693284318
35518,0,calendar_2014_test,20.932694810892087,10.0,0.5,0.0,0.0,10.932694810892087
35519,0,calendar_2014_test,14.679987980567915,6.0,0.5,0.0,0.0,8.679987980567915
35520,0,calendar_2014_test,11.126133017604715,10.0,0.5,0.0,0.0,1.1261330176047153
35521,0,calendar_2014_test,15.89826473698291,10.0,0.5,0.0,0.0,5.8982647369829095
35522,0,calendar_2014_test,16.447403983695438,17.0,0.5,0.0,0.0,0.5525960163045625
35523,0,calendar_2014_test,20.884572980743457,16.0,0.5,0.0,0.0,4.884572980743457
35524,0,calendar_2014_test,23.59846646129749,22.0,0.5,0.0,0.0,1.598466461297491
35525,0,calendar_2014_test,27.84073032609591,32.0,0.5,0.0,0.0,4.159269673904092
35526,0,calendar_2014_test,39.9954821885823,54.0,0.5,0.0,0.0,14.0045178114177
35527,0,calendar_2014_test,58.9625880738313,52.0,0.5,0.0,0.0,6.962588073831299
35528,0,calendar_2014_test,51.45733290109117,59.0,0.5,0.0,0.0,7.542667098908829
35529,0,calendar_2014_test,61.24871158878994,59.0,0.5,0.0,0.0,2.248711588789938
35530,0,calendar_2014_test,64.47407040723931,77.0,0.5,0.0,0.0,12.52592959276069
35531,0,calendar_2014_test,85.1665832597457,83.0,0.5,0.0,0.0,2.166583259745707
35532,0,calendar_2014_test,87.80918370184307,83.0,0.5,0.0,0.0,4.809183701843068
35533,0,calendar_2014_test,84.80553090447144,66.0,0.5,0.0,0.0,18.80553090447144
35534,0,calendar_2014_test,69.23035244429545,59.0,0.5,0.0,0.0,10.230352444295448
35535,0,calendar_2014_test,62.76598994490641,49.0,0.5,0.0,0.0,13.765989944906408
35536,0,calendar_2014_test,50.155117037330086,58.0,0.5,0.0,0.0,7.844882962669914
35537,0,calendar_2014_test,63.496286619482824,61.0,0.5,0.0,0.0,2.4962866194828237
35538,0,calendar_2014_test,62.79524184664849,63.0,0.5,0.0,0.0,0.20475815335151282
35539,0,calendar_2014_test,68.36930467896556,71.0,0.5,0.0,0.0,2.6306953210344375
35540,0,calendar_2014_test,75.22590019711517,82.0,0.5,0.0,0.0,6.774099802884834
35541,0,calendar_2014_test,90.98551128872977,87.0,0.5,0.0,0.0,3.985511288729768
35542,0,calendar_2014_test,91.92851655624293,98.0,0.5,0.0,0.0,6.071483443757074
35543,0,calendar_2014_test,101.83079215977953,101.0,0.5,0.0,0.0,0.8307921597795342
35544,0,calendar_2014_test,99.39086964250889,69.0,0.5,0.0,0.0,30.39086964250889
35545,0,calendar_2014_test,67.02253700433064,62.0,0.5,0.0,0.0,5.022537004330644
35546,0,calendar_2014_test,66.6567021136668,45.0,0.5,0.0,0.0,21.656702113666796
35547,0,calendar_2014_test,49.899161623426764,53.0,0.5,0.0,0.0,3.100838376573236
35548,0,calendar_2014_test,58.57465545694687,46.0,0.5,0.0,0.0,12.574655456946871
35549,0,calendar_2014_test,49.18990535071047,57.0,0.5,0.0,0.0,7.810094649289532
35550,0,calendar_2014_test,65.73959356296709,53.0,0.5,0.0,0.0,12.739593562967087
35551,0,calendar_2014_test,58.70803905605581,51.0,0.5,0.0,0.0,7.70803905605581
35552,0,calendar_2014_test,55.548451727014445,58.0,0.5,0.0,0.0,2.451548272985555
35553,0,calendar_2014_test,66.52716845376034,75.0,0.5,0.0,0.0,8.47283154623966
35554,0,calendar_2014_test,77.781315899106,75.0,0.5,0.0,0.0,2.781315899106005
35555,0,calendar_2014_test,78.57834952870328,79.0,0.5,0.0,0.0,0.42165047129671507
35556,0,calendar_2014_test,86.00231050165378,97.0,0.5,0.0,0.0,10.997689498346219
35557,0,calendar_2014_test,100.59645045755055,105.0,0.5,0.0,0.0,4.403549542449454
35558,0,calendar_2014_test,110.11262765117691,105.0,0.5,0.0,0.0,5.112627651176908
35559,0,calendar_2014_test,104.436666187862,107.0,0.5,0.0,0.0,2.563333812137998
35560,0,calendar_2014_test,112.11045553818607,103.0,0.5,0.0,0.0,9.110455538186073
35561,0,calendar_2014_test,103.76540000942705,102.0,0.5,0.0,0.0,1.7654000094270543
35562,0,calendar_2014_test,101.71380807329103,97.0,0.5,0.0,0.0,4.713808073291034
35563,0,calendar_2014_test,94.53272472384458,99.0,0.5,0.0,0.0,4.467275276155419
35564,0,calendar_2014_test,86.18527665001795,85.0,0.5,0.0,0.0,1.1852766500179541
35565,0,calendar_2014_test,71.79962269893294,77.0,0.5,0.0,0.0,5.200377301067064
35566,0,calendar_2014_test,63.05792712339776,17.0,0.5,0.0,0.0,46.05792712339776
35567,0,calendar_2014_test,18.121837963328744,13.0,0.5,0.0,0.0,5.121837963328744
35568,0,calendar_2014_test,17.999297988986072,10.0,0.5,0.0,0.0,7.999297988986072
35569,0,calendar_2014_test,14.709614356395733,10.0,0.5,0.0,0.0,4.709614356395733
35570,0,calendar_2014_test,11.904112719532534,12.0,0.5,0.0,0.0,0.09588728046746553
35571,0,calendar_2014_test,12.239981120288519,13.0,0.5,0.0,0.0,0.7600188797114811
35572,0,calendar_2014_test,13.956120149199833,12.0,0.5,0.0,0.0,1.9561201491998332
35573,0,calendar_2014_test,21.66833550530849,12.0,0.5,0.0,0.0,9.668335505308491
35574,0,calendar_2014_test,24.70874505138869,14.0,0.5,0.0,0.0,10.70874505138869
35575,0,calendar_2014_test,19.962289293753898,21.0,0.5,0.0,0.0,1.0377107062461022
35576,0,calendar_2014_test,22.90693862126652,17.0,0.5,0.0,0.0,5.906938621266519
35577,0,calendar_2014_test,19.346432596773894,23.0,0.5,0.0,0.0,3.6535674032261056
35578,0,calendar_2014_test,28.38272533304155,26.0,0.5,0.0,0.0,2.3827253330415488
35579,0,calendar_2014_test,26.16264363606986,20.0,0.5,0.0,0.0,6.162643636069859
35580,0,calendar_2014_test,23.67873995506143,24.0,0.5,0.0,0.0,0.32126004493856897
35581,0,calendar_2014_test,25.31489239808691,22.0,0.5,0.0,0.0,3.3148923980869114
35582,0,calendar_2014_test,22.587712690687667,17.0,0.5,0.0,0.0,5.587712690687667
35583,0,calendar_2014_test,21.85734036156846,17.0,0.5,0.0,0.0,4.857340361568461
35584,0,calendar_2014_test,20.9622955341397,20.0,0.5,0.0,0.0,0.9622955341396988
35585,0,calendar_2014_test,21.205197778727296,13.0,0.5,0.0,0.0,8.205197778727296
35586,0,calendar_2014_test,19.657664251123734,18.0,0.5,0.0,0.0,1.6576642511237338
35587,0,calendar_2014_test,21.365100655805463,15.0,0.5,0.0,0.0,6.365100655805463
35588,0,calendar_2014_test,17.539460993280244,17.0,0.5,0.0,0.0,0.5394609932802439
35589,0,calendar_2014_test,22.63686141919949,23.0,0.5,0.0,0.0,0.3631385808005092
35590,0,calendar_2014_test,25.3217493449754,22.0,0.5,0.0,0.0,3.3217493449754016
35591,0,calendar_2014_test,22.60131228733532,16.0,0.5,0.0,0.0,6.601312287335318
35592,0,calendar_2014_test,21.84526727280405,22.0,0.5,0.0,0.0,0.15473272719594888
35593,0,calendar_2014_test,26.196514048333995,21.0,0.5,0.0,0.0,5.196514048333995
35594,0,calendar_2014_test,24.598397139302364,23.0,0.5,0.0,0.0,1.5983971393023637
35595,0,calendar_2014_test,28.860999383505913,20.0,0.5,0.0,0.0,8.860999383505913
35596,0,calendar_2014_test,27.645878458317682,26.0,0.5,0.0,0.0,1.6458784583176822
35597,0,calendar_2014_test,33.976954201925,31.0,0.5,0.0,0.0,2.976954201924997
35598,0,calendar_2014_test,38.41717416258213,44.0,0.5,0.0,0.0,5.582825837417872
35599,0,calendar_2014_test,51.68789027019084,53.0,0.5,0.0,0.0,1.3121097298091584
35600,0,calendar_2014_test,56.920227327148744,57.0,0.5,0.0,0.0,0.07977267285125578
35601,0,calendar_2014_test,59.659678327370145,60.0,0.5,0.0,0.0,0.34032167262985524
35602,0,calendar_2014_test,66.7953454468342,78.0,0.5,0.0,0.0,11.204654553165796
35603,0,calendar_2014_test,84.50947221520671,85.0,0.5,0.0,0.0,0.4905277847932865
35604,0,calendar_2014_test,89.39270468358592,83.0,0.5,0.0,0.0,6.392704683585919
35605,0,calendar_2014_test,86.70360638497431,89.0,0.5,0.0,0.0,2.2963936150256927
35606,0,calendar_2014_test,94.070190520317,80.0,0.5,0.0,0.0,14.070190520316999
35607,0,calendar_2014_test,79.44375377255265,80.0,0.5,0.0,0.0,0.5562462274473461
35608,0,calendar_2014_test,82.47299482471149,69.0,0.5,0.0,0.0,13.472994824711492
35609,0,calendar_2014_test,70.48979872084487,58.0,0.5,0.0,0.0,12.489798720844874
35610,0,calendar_2014_test,61.68255859018892,62.0,0.5,0.0,0.0,0.3174414098110816
35611,0,calendar_2014_test,67.50244550591586,73.0,0.5,0.0,0.0,5.497554494084142
35612,0,calendar_2014_test,77.31103601982898,77.0,0.5,0.0,0.0,0.31103601982897544
35613,0,calendar_2014_test,81.22973428496805,90.0,0.5,0.0,0.0,8.770265715031954
35614,0,calendar_2014_test,93.93394052070371,91.0,0.5,0.0,0.0,2.9339405207037146
35615,0,calendar_2014_test,86.94128486421097,96.0,0.5,0.0,0.0,9.05871513578903
35616,0,calendar_2014_test,87.51965713768617,71.0,0.5,0.0,0.0,16.519657137686167
35617,0,calendar_2014_test,60.282110126250096,77.0,0.5,0.0,0.0,16.717889873749904
35618,0,calendar_2014_test,74.73159969298251,76.0,0.5,0.0,0.0,1.2684003070174867
35619,0,calendar_2014_test,68.29124956922513,100.0,0.5,0.0,0.0,31.70875043077487
35620,0,calendar_2014_test,95.71032479495369,100.0,0.5,0.0,0.0,4.289675205046308
35621,0,calendar_2014_test,99.21981367394288,97.0,0.5,0.0,0.0,2.2198136739428804
35622,0,calendar_2014_test,88.25877869515153,93.0,0.5,0.0,0.0,4.741221304848466
35623,0,calendar_2014_test,86.0356603629336,88.0,0.5,0.0,0.0,1.9643396370664021
35624,0,calendar_2014_test,83.34155556174227,82.0,0.5,0.0,0.0,1.3415555617422683
35625,0,calendar_2014_test,77.29860694121028,86.0,0.5,0.0,0.0,8.70139305878972
35626,0,calendar_2014_test,88.24436401540363,82.0,0.5,0.0,0.0,6.244364015403633
35627,0,calendar_2014_test,78.42390614438423,69.0,0.5,0.0,0.0,9.423906144384233
35628,0,calendar_2014_test,63.58686225994697,66.0,0.5,0.0,0.0,2.413137740053031
35629,0,calendar_2014_test,67.78240800217996,59.0,0.5,0.0,0.0,8.782408002179963
35630,0,calendar_2014_test,58.32021673555432,62.0,0.5,0.0,0.0,3.679783264445682
35631,0,calendar_2014_test,61.261085040467144,73.0,0.5,0.0,0.0,11.738914959532856
35632,0,calendar_2014_test,68.92436474851112,80.0,0.5,0.0,0.0,11.075635251488876
35633,0,calendar_2014_test,80.11899052684183,74.0,0.5,0.0,0.0,6.118990526841827
35634,0,calendar_2014_test,71.24286705123218,79.0,0.5,0.0,0.0,7.7571329487678184
35635,0,calendar_2014_test,87.35438899938826,64.0,0.5,0.0,0.0,23.354388999388263
35636,0,calendar_2014_test,64.57149693436367,61.0,0.5,0.0,0.0,3.5714969343636653
35637,0,calendar_2014_test,67.05453366943046,75.0,0.5,0.0,0.0,7.945466330569545
35638,0,calendar_2014_test,75.60314325663515,64.0,0.5,0.0,0.0,11.60314325663515
35639,0,calendar_2014_test,68.85500479648461,39.0,0.5,0.0,0.0,29.855004796484607
35640,0,calendar_2014_test,47.7252137242752,31.0,0.5,0.0,0.0,16.7252137242752
35641,0,calendar_2014_test,36.80033115811412,27.0,0.5,0.0,0.0,9.800331158114119
35642,0,calendar_2014_test,36.79655449548997,21.0,0.5,0.0,0.0,15.796554495489971
35643,0,calendar_2014_test,30.991993850354774,27.0,0.5,0.0,0.0,3.991993850354774
35644,0,calendar_2014_test,38.86074734692583,33.0,0.5,0.0,0.0,5.860747346925827
35645,0,calendar_2014_test,43.11602615378693,60.0,0.5,0.0,0.0,16.883973846213067
35646,0,calendar_2014_test,72.42607650501044,79.0,0.5,0.0,0.0,6.5739234949895575
35647,0,calendar_2014_test,89.67022601860126,93.0,0.5,0.0,0.0,3.329773981398745
35648,0,calendar_2014_test,99.22696769361072,129.0,0.5,0.0,0.0,29.773032306389283
35649,0,calendar_2014_test,137.8511509806026,132.0,0.5,0.0,0.0,5.851150980602597
35650,0,calendar_2014_test,135.05684097928517,121.0,0.5,0.0,0.0,14.05684097928517
35651,0,calendar_2014_test,116.16321071793382,115.0,0.5,0.0,0.0,1.163210717933822
35652,0,calendar_2014_test,115.91339229940296,113.0,0.5,0.0,0.0,2.9133922994029575
35653,0,calendar_2014_test,115.247243421558,135.0,0.5,0.0,0.0,19.752756578442003
35654,0,calendar_2014_test,140.67636632618445,115.0,0.5,0.0,0.0,25.67636632618445
35655,0,calendar_2014_test,112.03347693423697,149.0,0.5,0.0,0.0,36.96652306576303
35656,0,calendar_2014_test,144.43614321137034,109.0,0.5,0.0,0.0,35.436143211370336
35657,0,calendar_2014_test,96.91043902428876,73.0,0.5,0.0,0.0,23.910439024288763
35658,0,calendar_2014_test,65.29286959096251,57.0,0.5,0.0,0.0,8.29286959096251
35659,0,calendar_2014_test,63.337624235010885,53.0,0.5,0.0,0.0,10.337624235010885
35660,0,calendar_2014_test,51.09468839891885,59.0,0.5,0.0,0.0,7.905311601081152
35661,0,calendar_2014_test,67.3289927452944,57.0,0.5,0.0,0.0,10.3289927452944
35662,0,calendar_2014_test,62.23824841146637,84.0,0.5,0.0,0.0,21.761751588533627
35663,0,calendar_2014_test,94.8047825075219,91.0,0.5,0.0,0.0,3.8047825075219066
35664,0,calendar_2014_test,97.61551677489487,133.0,0.5,0.0,0.0,35.38448322510513
35665,0,calendar_2014_test,146.3284000780048,172.0,0.5,0.0,0.0,25.67159992199521
35666,0,calendar_2014_test,184.93579647277562,182.0,0.5,0.0,0.0,2.935796472775621
35667,0,calendar_2014_test,181.19706080677403,201.0,0.5,0.0,0.0,19.802939193225967
35668,0,calendar_2014_test,209.50204371641138,207.0,0.5,0.0,0.0,2.5020437164113787
35669,0,calendar_2014_test,221.5859689658048,199.0,0.5,0.0,0.0,22.585968965804796
35670,0,calendar_2014_test,204.4587256920932,177.0,0.5,0.0,0.0,27.458725692093196
35671,0,calendar_2014_test,174.50633342676767,161.0,0.5,0.0,0.0,13.506333426767668
35672,0,calendar_2014_test,155.84728534610767,156.0,0.5,0.0,0.0,0.15271465389233185
35673,0,calendar_2014_test,154.62638265232923,152.0,0.5,0.0,0.0,2.6263826523292266
35674,0,calendar_2014_test,140.77235199292815,130.0,0.5,0.0,0.0,10.77235199292815
35675,0,calendar_2014_test,119.1164372357839,94.0,0.5,0.0,0.0,25.116437235783906
35676,0,calendar_2014_test,83.74622323074206,81.0,0.5,0.0,0.0,2.7462232307420607
35677,0,calendar_2014_test,74.91738800753389,81.0,0.5,0.0,0.0,6.082611992466113
35678,0,calendar_2014_test,79.98095805001729,78.0,0.5,0.0,0.0,1.9809580500172927
35679,0,calendar_2014_test,73.75077249420434,69.0,0.5,0.0,0.0,4.750772494204341
35680,0,calendar_2014_test,68.0646954873557,59.0,0.5,0.0,0.0,9.064695487355706
35681,0,calendar_2014_test,65.73273363357467,55.0,0.5,0.0,0.0,10.732733633574668
35682,0,calendar_2014_test,56.680626111065166,54.0,0.5,0.0,0.0,2.680626111065166
35683,0,calendar_2014_test,56.521291045664015,58.0,0.5,0.0,0.0,1.4787089543359855
35684,0,calendar_2014_test,65.18416383438247,61.0,0.5,0.0,0.0,4.184163834382474
35685,0,calendar_2014_test,68.35327861307013,75.0,0.5,0.0,0.0,6.646721386929869
35686,0,calendar_2014_test,81.55363514387595,78.0,0.5,0.0,0.0,3.553635143875951
35687,0,calendar_2014_test,87.42055035734425,97.0,0.5,0.0,0.0,9.579449642655746
35688,0,calendar_2014_test,108.00878448624283,105.0,0.5,0.0,0.0,3.0087844862428312
35689,0,calendar_2014_test,113.26265717691776,103.0,0.5,0.0,0.0,10.262657176917756
35690,0,calendar_2014_test,105.16996836818137,100.0,0.5,0.0,0.0,5.169968368181372
35691,0,calendar_2014_test,103.39972925774266,107.0,0.5,0.0,0.0,3.6002707422573366
35692,0,calendar_2014_test,117.63139823529836,109.0,0.5,0.0,0.0,8.631398235298363
35693,0,calendar_2014_test,115.47836871470199,116.0,0.5,0.0,0.0,0.5216312852980138
35694,0,calendar_2014_test,123.5463210874916,112.0,0.5,0.0,0.0,11.546321087491606
35695,0,calendar_2014_test,113.44094372591681,101.0,0.5,0.0,0.0,12.44094372591681
35696,0,calendar_2014_test,98.52608946556283,80.0,0.5,0.0,0.0,18.526089465562833
35697,0,calendar_2014_test,76.14929991363472,77.0,0.5,0.0,0.0,0.8507000863652792
35698,0,calendar_2014_test,83.69832392411804,79.0,0.5,0.0,0.0,4.698323924118043
35699,0,calendar_2014_test,85.40769037452463,86.0,0.5,0.0,0.0,0.5923096254753659
35700,0,calendar_2014_test,90.79523437960401,72.0,0.5,0.0,0.0,18.79523437960401
35701,0,calendar_2014_test,74.01254255832215,70.0,0.5,0.0,0.0,4.012542558322153
35702,0,calendar_2014_test,76.84728812074638,64.0,0.5,0.0,0.0,12.847288120746384
35703,0,calendar_2014_test,69.26803022934294,67.0,0.5,0.0,0.0,2.2680302293429406
35704,0,calendar_2014_test,71.57735936917034,63.0,0.5,0.0,0.0,8.577359369170338
35705,0,calendar_2014_test,64.79135875445854,54.0,0.5,0.0,0.0,10.791358754458543
35706,0,calendar_2014_test,52.42309034069549,50.0,0.5,0.0,0.0,2.423090340695488
35707,0,calendar_2014_test,44.56403588470474,21.0,0.5,0.0,0.0,23.564035884704737
35708,0,calendar_2014_test,20.116498932307408,11.0,0.5,0.0,0.0,9.116498932307408
35709,0,calendar_2014_test,15.286232567300445,10.0,0.5,0.0,0.0,5.286232567300445
35710,0,calendar_2014_test,9.413661909538291,8.0,0.5,0.0,0.0,1.4136619095382912
35711,0,calendar_2014_test,9.190072858345701,7.0,0.5,0.0,0.0,2.190072858345701
35712,0,calendar_2014_test,7.778077102187211,10.0,0.5,0.0,0.0,2.2219228978127887
35713,0,calendar_2014_test,11.417175839945415,12.0,0.5,0.0,0.0,0.5828241600545851
35714,0,calendar_2014_test,9.888234798901308,8.0,0.5,0.0,0.0,1.8882347989013084
35715,0,calendar_2014_test,10.095517653095868,6.0,0.5,0.0,0.0,4.095517653095868
35716,0,calendar_2014_test,11.111702532567975,11.0,0.5,0.0,0.0,0.1117025325679748
35717,0,calendar_2014_test,18.483416882299736,17.0,0.5,0.0,0.0,1.4834168822997356
35718,0,calendar_2014_test,19.46432585913584,22.0,0.5,0.0,0.0,2.5356741408641597
35719,0,calendar_2014_test,27.101742190023273,27.0,0.5,0.0,0.0,0.10174219002327334
35720,0,calendar_2014_test,28.209465557305563,43.0,0.5,0.0,0.0,14.790534442694437
35721,0,calendar_2014_test,42.74748859315555,34.0,0.5,0.0,0.0,8.747488593155552
35722,0,calendar_2014_test,40.004758896566024,39.0,0.5,0.0,0.0,1.004758896566024
35723,0,calendar_2014_test,39.27806823780219,32.0,0.5,0.0,0.0,7.278068237802188
35724,0,calendar_2014_test,36.14634671660482,28.0,0.5,0.0,0.0,8.146346716604818
35725,0,calendar_2014_test,27.358679091406387,28.0,0.5,0.0,0.0,0.6413209085936131
35726,0,calendar_2014_test,31.285455540768453,22.0,0.5,0.0,0.0,9.285455540768453
35727,0,calendar_2014_test,23.106818128823434,27.0,0.5,0.0,0.0,3.893181871176566
35728,0,calendar_2014_test,27.595444978777863,22.0,0.5,0.0,0.0,5.595444978777863
35729,0,calendar_2014_test,23.5897271415931,22.0,0.5,0.0,0.0,1.5897271415931016
35730,0,calendar_2014_test,23.107388914001675,25.0,0.5,0.0,0.0,1.8926110859983254
35731,0,calendar_2014_test,22.092458355259353,21.0,0.5,0.0,0.0,1.0924583552593532
35732,0,calendar_2014_test,21.141647104322217,22.0,0.5,0.0,0.0,0.8583528956777826
35733,0,calendar_2014_test,23.39114053275179,18.0,0.5,0.0,0.0,5.391140532751791
35734,0,calendar_2014_test,20.138944359723396,18.0,0.5,0.0,0.0,2.1389443597233964
35735,0,calendar_2014_test,22.28514750799353,22.0,0.5,0.0,0.0,0.2851475079935284
35736,0,calendar_2014_test,25.595992268435793,20.0,0.5,0.0,0.0,5.5959922684357934
35737,0,calendar_2014_test,23.56546860874485,25.0,0.5,0.0,0.0,1.434531391255149
35738,0,calendar_2014_test,28.076136828567257,22.0,0.5,0.0,0.0,6.0761368285672575
35739,0,calendar_2014_test,26.806586965441596,25.0,0.5,0.0,0.0,1.8065869654415962
35740,0,calendar_2014_test,32.78823054452597,33.0,0.5,0.0,0.0,0.2117694554740268
35741,0,calendar_2014_test,41.71985248936026,50.0,0.5,0.0,0.0,8.280147510639743
35742,0,calendar_2014_test,56.28651821260328,61.0,0.5,0.0,0.0,4.7134817873967165
35743,0,calendar_2014_test,70.02876794661822,74.0,0.5,0.0,0.0,3.971232053381783
35744,0,calendar_2014_test,76.30104582331187,79.0,0.5,0.0,0.0,2.698954176688133
35745,0,calendar_2014_test,86.21170813371558,77.0,0.5,0.0,0.0,9.211708133715575
35746,0,calendar_2014_test,82.81142535054761,91.0,0.5,0.0,0.0,8.188574649452391
35747,0,calendar_2014_test,97.6774160589706,94.0,0.5,0.0,0.0,3.677416058970607
35748,0,calendar_2014_test,94.71885629794981,107.0,0.5,0.0,0.0,12.281143702050187
35749,0,calendar_2014_test,112.62057252143052,114.0,0.5,0.0,0.0,1.3794274785694824
35750,0,calendar_2014_test,111.48600015574966,104.0,0.5,0.0,0.0,7.4860001557496645
35751,0,calendar_2014_test,97.59707119948067,93.0,0.5,0.0,0.0,4.597071199480666
35752,0,calendar_2014_test,85.77062052270716,85.0,0.5,0.0,0.0,0.7706205227071621
35753,0,calendar_2014_test,85.94618851602885,75.0,0.5,0.0,0.0,10.946188516028855
35754,0,calendar_2014_test,72.15439499556052,75.0,0.5,0.0,0.0,2.845605004439477
35755,0,calendar_2014_test,75.18136372473262,66.0,0.5,0.0,0.0,9.18136372473262
35756,0,calendar_2014_test,71.18815989031287,66.0,0.5,0.0,0.0,5.188159890312875
35757,0,calendar_2014_test,74.20831130825167,82.0,0.5,0.0,0.0,7.791688691748334
35758,0,calendar_2014_test,88.61456013171764,104.0,0.5,0.0,0.0,15.385439868282361
35759,0,calendar_2014_test,108.37702775913701,118.0,0.5,0.0,0.0,9.622972240862993
35760,0,calendar_2014_test,121.35113421448678,140.0,0.5,0.0,0.0,18.648865785513223
35761,0,calendar_2014_test,149.15731842880368,158.0,0.5,0.0,0.0,8.842681571196323
35762,0,calendar_2014_test,163.21805684444178,179.0,0.5,0.0,0.0,15.781943155558224
35763,0,calendar_2014_test,183.16120803702566,182.0,0.5,0.0,0.0,1.1612080370256592
35764,0,calendar_2014_test,182.46310149842543,189.0,0.5,0.0,0.0,6.536898501574569
35765,0,calendar_2014_test,196.90741011514427,220.0,0.5,0.0,0.0,23.092589884855727
35766,0,calendar_2014_test,235.41687466882834,245.0,0.5,0.0,0.0,9.583125331171658
35767,0,calendar_2014_test,252.7713284466113,255.0,0.5,0.0,0.0,2.2286715533886934
35768,0,calendar_2014_test,259.1497230501319,284.0,0.5,0.0,0.0,24.85027694986809
35769,0,calendar_2014_test,293.1834402687215,326.0,0.5,0.0,0.0,32.81655973127852
35770,0,calendar_2014_test,330.8546629067065,301.0,0.5,0.0,0.0,29.854662906706494
35771,0,calendar_2014_test,288.27133788025844,289.0,0.5,0.0,0.0,0.728662119741557
35772,0,calendar_2014_test,273.88722185755944,269.0,0.5,0.0,0.0,4.887221857559439
35773,0,calendar_2014_test,243.16639648237864,249.0,0.5,0.0,0.0,5.833603517621356
35774,0,calendar_2014_test,231.3423437973761,232.0,0.5,0.0,0.0,0.6576562026239117
35775,0,calendar_2014_test,218.149427579397,222.0,0.5,0.0,0.0,3.8505724206029868
35776,0,calendar_2014_test,222.95347158897573,217.0,0.5,0.0,0.0,5.953471588975731
35777,0,calendar_2014_test,220.00328296899693,215.0,0.5,0.0,0.0,5.003282968996928
35778,0,calendar_2014_test,218.71502777266244,243.0,0.5,0.0,0.0,24.284972227337562
35779,0,calendar_2014_test,245.74783823389254,224.0,0.5,0.0,0.0,21.747838233892537
35780,0,calendar_2014_test,224.78044134099338,236.0,0.5,0.0,0.0,11.219558659006623
35781,0,calendar_2014_test,249.05463802527032,256.0,0.5,0.0,0.0,6.945361974729678
35782,0,calendar_2014_test,268.24970655811785,272.0,0.5,0.0,0.0,3.7502934418821496
35783,0,calendar_2014_test,279.61715143447486,266.0,0.5,0.0,0.0,13.617151434474863
35784,0,calendar_2014_test,265.9679503767409,280.0,0.5,0.0,0.0,14.032049623259127
35785,0,calendar_2014_test,279.1526741790728,320.0,0.5,0.0,0.0,40.84732582092721
35786,0,calendar_2014_test,341.8682221836201,364.0,0.5,0.0,0.0,22.131777816379895
35787,0,calendar_2014_test,380.2146686383922,383.0,0.5,0.0,0.0,2.7853313616078026
35788,0,calendar_2014_test,384.9210547771697,402.0,0.5,0.0,0.0,17.078945222830328
35789,0,calendar_2014_test,417.4102013531679,396.0,0.5,0.0,0.0,21.410201353167906
35790,0,calendar_2014_test,404.5852685580862,419.0,0.5,0.0,0.0,14.414731441913773
35791,0,calendar_2014_test,421.08331378362317,432.0,0.5,0.0,0.0,10.916686216376831
35792,0,calendar_2014_test,411.01678487350677,432.0,0.5,0.0,0.0,20.983215126493235
35793,0,calendar_2014_test,404.28629175359976,406.0,0.5,0.0,0.0,1.7137082464002447
35794,0,calendar_2014_test,391.6123833345128,388.0,0.5,0.0,0.0,3.612383334512799
35795,0,calendar_2014_test,393.6020682901506,368.0,0.5,0.0,0.0,25.602068290150612
35796,0,calendar_2014_test,351.02970044144786,355.0,0.5,0.0,0.0,3.970299558552142
35797,0,calendar_2014_test,352.1557669162879,349.0,0.5,0.0,0.0,3.1557669162879165
35798,0,calendar_2014_test,360.8797665533646,353.0,0.5,0.0,0.0,7.879766553364618
35799,0,calendar_2014_test,358.96637099028527,345.0,0.5,0.0,0.0,13.96637099028527
35800,0,calendar_2014_test,347.8805829562916,341.0,0.5,0.0,0.0,6.880582956291619
35801,0,calendar_2014_test,325.72022609357543,337.0,0.5,0.0,0.0,11.279773906424566
35802,0,calendar_2014_test,315.2941794445359,342.0,0.5,0.0,0.0,26.705820555464072
35803,0,calendar_2014_test,329.046982204166,342.0,0.5,0.0,0.0,12.953017795834
35804,0,calendar_2014_test,326.03683613406747,334.0,0.5,0.0,0.0,7.963163865932529
35805,0,calendar_2014_test,322.29473889520915,337.0,0.5,0.0,0.0,14.70526110479085
35806,0,calendar_2014_test,329.4298354888857,343.0,0.5,0.0,0.0,13.570164511114285
35807,0,calendar_2014_test,330.3957879615763,350.0,0.5,0.0,0.0,19.604212038423725
35808,0,calendar_2014_test,365.1043763210395,364.0,0.5,0.0,0.0,1.104376321039524
35809,0,calendar_2014_test,378.1462455040662,373.0,0.5,0.0,0.0,5.146245504066201
35810,0,calendar_2014_test,375.2444170754796,385.0,0.5,0.0,0.0,9.75558292452041
35811,0,calendar_2014_test,378.4595763311564,398.0,0.5,0.0,0.0,19.540423668843573
35812,0,calendar_2014_test,420.2043865876979,430.0,0.5,0.0,0.0,9.795613412302089
35813,0,calendar_2014_test,434.52744055339167,442.0,0.5,0.0,0.0,7.472559446608329
35814,0,calendar_2014_test,455.695967428213,443.0,0.5,0.0,0.0,12.69596742821301
35815,0,calendar_2014_test,462.49937134959913,438.0,0.5,0.0,0.0,24.49937134959913
35816,0,calendar_2014_test,467.982589763375,420.0,0.5,0.0,0.0,47.98258976337502
35817,0,calendar_2014_test,417.19980577366306,454.0,0.5,0.0,0.0,36.80019422633694
35818,0,calendar_2014_test,480.50537324616977,430.0,0.5,0.0,0.0,50.50537324616977
35819,0,calendar_2014_test,394.43486206871427,396.0,0.5,0.0,0.0,1.565137931285733
35820,0,calendar_2014_test,398.21466225034123,386.0,0.5,0.0,0.0,12.214662250341235
35821,0,calendar_2014_test,366.2882004768085,375.0,0.5,0.0,0.0,8.711799523191473
35822,0,calendar_2014_test,358.0757279044011,344.0,0.5,0.0,0.0,14.075727904401106
35823,0,calendar_2014_test,352.80888598046283,348.0,0.5,0.0,0.0,4.808885980462833
35824,0,calendar_2014_test,366.379675790747,338.0,0.5,0.0,0.0,28.379675790747
35825,0,calendar_2014_test,333.5284379125386,319.0,0.5,0.0,0.0,14.528437912538607
35826,0,calendar_2014_test,319.71553554462855,324.0,0.5,0.0,0.0,4.284464455371449
35827,0,calendar_2014_test,334.0735108490595,323.0,0.5,0.0,0.0,11.073510849059517
35828,0,calendar_2014_test,331.6171197362803,331.0,0.5,0.0,0.0,0.6171197362803014
35829,0,calendar_2014_test,330.77041842265567,332.0,0.5,0.0,0.0,1.2295815773443337
35830,0,calendar_2014_test,329.156243607123,328.0,0.5,0.0,0.0,1.156243607122974
35831,0,calendar_2014_test,329.0389150502035,310.0,0.5,0.0,0.0,19.038915050203514
35832,0,calendar_2014_test,299.16228900687247,298.0,0.5,0.0,0.0,1.16228900687247
35833,0,calendar_2014_test,293.6783621246975,267.0,0.5,0.0,0.0,26.678362124697514
35834,0,calendar_2014_test,261.7720642198063,261.0,0.5,0.0,0.0,0.7720642198062819
35835,0,calendar_2014_test,266.3735865181326,243.0,0.5,0.0,0.0,23.373586518132583
35836,0,calendar_2014_test,259.4978050105035,263.0,0.5,0.0,0.0,3.502194989496502
35837,0,calendar_2014_test,295.40444043603947,302.0,0.5,0.0,0.0,6.595559563960535
35838,0,calendar_2014_test,331.9624074935981,331.0,0.5,0.0,0.0,0.9624074935981071
35839,0,calendar_2014_test,349.32417376277635,330.0,0.5,0.0,0.0,19.324173762776354
35840,0,calendar_2014_test,332.7170877355446,308.0,0.5,0.0,0.0,24.717087735544624
35841,0,calendar_2014_test,305.2819532734863,322.0,0.5,0.0,0.0,16.718046726513705
35842,0,calendar_2014_test,336.2475491909843,328.0,0.5,0.0,0.0,8.247549190984273
35843,0,calendar_2014_test,335.2166934553243,303.0,0.5,0.0,0.0,32.216693455324275
35844,0,calendar_2014_test,296.1367658418453,290.0,0.5,0.0,0.0,6.1367658418453175
35845,0,calendar_2014_test,288.4766194292263,317.0,0.5,0.0,0.0,28.523380570773725
35846,0,calendar_2014_test,334.9919755239815,314.0,0.5,0.0,0.0,20.991975523981523
35847,0,calendar_2014_test,328.38739196079865,269.0,0.5,0.0,0.0,59.38739196079865
35848,0,calendar_2014_test,253.74356973551878,204.0,0.5,0.0,0.0,49.743569735518776
35849,0,calendar_2014_test,204.47047850836384,217.0,0.5,0.0,0.0,12.52952149163616
35850,0,calendar_2014_test,231.3670429535269,202.0,0.5,0.0,0.0,29.36704295352689
35851,0,calendar_2014_test,200.54294727360607,196.0,0.5,0.0,0.0,4.5429472736060745
35852,0,calendar_2014_test,195.2011966998868,230.0,0.5,0.0,0.0,34.79880330011321
35853,0,calendar_2014_test,243.90655775043297,256.0,0.5,0.0,0.0,12.093442249567033
35854,0,calendar_2014_test,264.00527006685365,246.0,0.5,0.0,0.0,18.005270066853654
35855,0,calendar_2014_test,247.97226394293682,243.0,0.5,0.0,0.0,4.97226394293682
35856,0,calendar_2014_test,253.40144629647838,237.0,0.5,0.0,0.0,16.401446296478383
35857,0,calendar_2014_test,239.4744593169646,233.0,0.5,0.0,0.0,6.474459316964612
35858,0,calendar_2014_test,234.23557298064094,239.0,0.5,0.0,0.0,4.764427019359061
35859,0,calendar_2014_test,240.18085414402606,253.0,0.5,0.0,0.0,12.819145855973943
35860,0,calendar_2014_test,203.63634821546572,108.0,0.5,0.0,0.0,95.63634821546572
35861,0,calendar_2014_test,58.678409760500095,21.0,0.5,0.0,0.0,37.678409760500095
35862,0,calendar_2014_test,19.288466487144774,18.0,0.5,0.0,0.0,1.288466487144774
35863,0,calendar_2014_test,18.221111033492235,5.0,0.5,0.0,0.0,13.221111033492235
35864,0,calendar_2014_test,9.023176007383952,6.0,0.5,0.0,0.0,3.0231760073839524
35865,0,calendar_2014_test,6.860642232938204,7.0,0.5,0.0,0.0,0.1393577670617958
35866,0,calendar_2014_test,9.268426042290628,8.0,0.5,0.0,0.0,1.2684260422906277
35867,0,calendar_2014_test,3.2005522126780335,5.0,0.5,0.0,0.0,1.7994477873219665
35868,0,calendar_2014_test,4.352119045929243,7.0,0.5,0.0,0.0,2.6478809540707573
35869,0,calendar_2014_test,7.053052658714989,9.0,0.5,0.0,0.0,1.9469473412850107
35870,0,calendar_2014_test,11.19873543235893,9.0,0.5,0.0,0.0,2.19873543235893
35871,0,calendar_2014_test,9.691531645300586,9.0,0.5,0.0,0.0,0.6915316453005858
35872,0,calendar_2014_test,5.704531776070695,8.0,0.5,0.0,0.0,2.295468223929305
35873,0,calendar_2014_test,3.3395038596194837,7.0,0.5,0.0,0.0,3.6604961403805163
35874,0,calendar_2014_test,8.486012336362421,4.0,0.5,0.0,0.0,4.486012336362421
35875,0,calendar_2014_test,9.442370096848478,3.0,0.5,0.0,0.0,6.442370096848478
35876,0,calendar_2014_test,7.264731257282136,4.0,0.5,0.0,0.0,3.2647312572821363
35877,0,calendar_2014_test,6.6556289876653665,6.0,0.5,0.0,0.0,0.6556289876653665
35878,0,calendar_2014_test,6.676836395938452,3.0,0.5,0.0,0.0,3.6768363959384516
35879,0,calendar_2014_test,7.520303591428259,5.0,0.5,0.0,0.0,2.5203035914282594
35880,0,calendar_2014_test,6.423357184360285,6.0,0.5,0.0,0.0,0.4233571843602846
35881,0,calendar_2014_test,6.790952744045626,6.0,0.5,0.0,0.0,0.7909527440456259
35882,0,calendar_2014_test,7.004152572991316,4.0,0.5,0.0,0.0,3.004152572991316
35883,0,calendar_2014_test,6.152396059858262,7.0,0.5,0.0,0.0,0.8476039401417381
35884,0,calendar_2014_test,9.60880975933901,6.0,0.5,0.0,0.0,3.6088097593390103
35885,0,calendar_2014_test,9.348589643260894,7.0,0.5,0.0,0.0,2.348589643260894
35886,0,calendar_2014_test,9.923734192754637,13.0,0.5,0.0,0.0,3.0762658072453632
35887,0,calendar_2014_test,16.425095040992716,8.0,0.5,0.0,0.0,8.425095040992716
35888,0,calendar_2014_test,10.74080117063545,10.0,0.5,0.0,0.0,0.74080117063545
35889,0,calendar_2014_test,10.89170013031898,10.0,0.5,0.0,0.0,0.8917001303189807
35890,0,calendar_2014_test,10.423636305694558,7.0,0.5,0.0,0.0,3.423636305694558
35891,0,calendar_2014_test,9.067025731729998,5.0,0.5,0.0,0.0,4.0670257317299985
35892,0,calendar_2014_test,8.37065309067735,3.0,0.5,0.0,0.0,5.370653090677351
35893,0,calendar_2014_test,7.321598244301057,3.0,0.5,0.0,0.0,4.321598244301057
35894,0,calendar_2014_test,8.293448258164972,7.0,0.5,0.0,0.0,1.2934482581649718
35895,0,calendar_2014_test,10.324718490594904,9.0,0.5,0.0,0.0,1.324718490594904
35896,0,calendar_2014_test,13.06560238616396,7.0,0.5,0.0,0.0,6.06560238616396
35897,0,calendar_2014_test,9.576626388647327,5.0,0.5,0.0,0.0,4.576626388647327
35898,0,calendar_2014_test,7.977920976537632,5.0,0.5,0.0,0.0,2.977920976537632
35899,0,calendar_2014_test,7.6992686663220695,7.0,0.5,0.0,0.0,0.6992686663220695
35900,0,calendar_2014_test,8.320774472146326,9.0,0.5,0.0,0.0,0.6792255278536743
35901,0,calendar_2014_test,9.537513732752885,8.0,0.5,0.0,0.0,1.5375137327528847
35902,0,calendar_2014_test,7.3340067170665435,9.0,0.5,0.0,0.0,1.6659932829334565
35903,0,calendar_2014_test,8.648315654760523,9.0,0.5,0.0,0.0,0.35168434523947667
35904,0,calendar_2014_test,13.171775670751543,8.0,0.5,0.0,0.0,5.171775670751543
35905,0,calendar_2014_test,12.629311066970715,10.0,0.5,0.0,0.0,2.6293110669707147
35906,0,calendar_2014_test,15.770059507645001,10.0,0.5,0.0,0.0,5.770059507645001
35907,0,calendar_2014_test,15.710982765767469,8.0,0.5,0.0,0.0,7.7109827657674685
35908,0,calendar_2014_test,16.70095423352535,13.0,0.5,0.0,0.0,3.7009542335253514
35909,0,calendar_2014_test,22.479934796180615,24.0,0.5,0.0,0.0,1.5200652038193851
35910,0,calendar_2014_test,32.21487133436642,35.0,0.5,0.0,0.0,2.7851286656335787
35911,0,calendar_2014_test,42.267814590764544,35.0,0.5,0.0,0.0,7.267814590764544
35912,0,calendar_2014_test,39.08330290311611,51.0,0.5,0.0,0.0,11.916697096883887
35913,0,calendar_2014_test,53.8854975193339,59.0,0.5,0.0,0.0,5.114502480666097
35914,0,calendar_2014_test,63.04361736222466,61.0,0.5,0.0,0.0,2.0436173622246585
35915,0,calendar_2014_test,64.41343957594773,47.0,0.5,0.0,0.0,17.413439575947734
35916,0,calendar_2014_test,46.3806531550427,42.0,0.5,0.0,0.0,4.380653155042701
35917,0,calendar_2014_test,42.091746723932566,45.0,0.5,0.0,0.0,2.908253276067434
35918,0,calendar_2014_test,42.846929763548445,47.0,0.5,0.0,0.0,4.153070236451555
35919,0,calendar_2014_test,43.89334813032677,33.0,0.5,0.0,0.0,10.893348130326771
35920,0,calendar_2014_test,37.61159165210501,20.0,0.5,0.0,0.0,17.611591652105012
35921,0,calendar_2014_test,25.086506870727447,25.0,0.5,0.0,0.0,0.08650687072744745
35922,0,calendar_2014_test,29.131303111425396,22.0,0.5,0.0,0.0,7.131303111425396
35923,0,calendar_2014_test,22.16674167169981,17.0,0.5,0.0,0.0,5.1667416716998105
35924,0,calendar_2014_test,22.144634410891783,26.0,0.5,0.0,0.0,3.8553655891082173
35925,0,calendar_2014_test,31.30060247067604,28.0,0.5,0.0,0.0,3.30060247067604
35926,0,calendar_2014_test,27.864141223249575,31.0,0.5,0.0,0.0,3.1358587767504247
35927,0,calendar_2014_test,32.098378375077175,46.0,0.5,0.0,0.0,13.901621624922825
35928,0,calendar_2014_test,47.391625063119584,49.0,0.5,0.0,0.0,1.6083749368804163
35929,0,calendar_2014_test,47.909678336587,37.0,0.5,0.0,0.0,10.909678336587
35930,0,calendar_2014_test,38.18453445376996,31.0,0.5,0.0,0.0,7.184534453769963
35931,0,calendar_2014_test,36.25718185156456,31.0,0.5,0.0,0.0,5.25718185156456
35932,0,calendar_2014_test,35.75447197991729,54.0,0.5,0.0,0.0,18.24552802008271
35933,0,calendar_2014_test,57.938719612467864,67.0,0.5,0.0,0.0,9.061280387532136
35934,0,calendar_2014_test,74.76279387171633,75.0,0.5,0.0,0.0,0.23720612828367393
35935,0,calendar_2014_test,79.41936515752911,88.0,0.5,0.0,0.0,8.580634842470886
35936,0,calendar_2014_test,96.1811832059504,114.0,0.5,0.0,0.0,17.818816794049596
35937,0,calendar_2014_test,119.64691612928074,128.0,0.5,0.0,0.0,8.35308387071926
35938,0,calendar_2014_test,131.81929745377118,141.0,0.5,0.0,0.0,9.180702546228815
35939,0,calendar_2014_test,144.366601056116,149.0,0.5,0.0,0.0,4.6333989438840035
35940,0,calendar_2014_test,141.3648749472828,149.0,0.5,0.0,0.0,7.6351250527172
35941,0,calendar_2014_test,144.06733822996307,125.0,0.5,0.0,0.0,19.06733822996307
35942,0,calendar_2014_test,118.8025450032179,92.0,0.5,0.0,0.0,26.8025450032179
35943,0,calendar_2014_test,85.22213704657926,110.0,0.5,0.0,0.0,24.777862953420737
35944,0,calendar_2014_test,112.45828017544916,89.0,0.5,0.0,0.0,23.45828017544916
35945,0,calendar_2014_test,88.64060999842857,84.0,0.5,0.0,0.0,4.640609998428573
35946,0,calendar_2014_test,85.1698473601869,95.0,0.5,0.0,0.0,9.830152639813093
35947,0,calendar_2014_test,97.93390547587828,62.0,0.5,0.0,0.0,35.93390547587828
35948,0,calendar_2014_test,49.31928284423186,23.0,0.5,0.0,0.0,26.319282844231857
35949,0,calendar_2014_test,24.337263753297435,11.0,0.5,0.0,0.0,13.337263753297435
35950,0,calendar_2014_test,15.89484394198415,13.0,0.5,0.0,0.0,2.894843941984149
35951,0,calendar_2014_test,15.717389101524304,9.0,0.5,0.0,0.0,6.717389101524304
35952,0,calendar_2014_test,10.470649357696644,12.0,0.5,0.0,0.0,1.5293506423033563
35953,0,calendar_2014_test,11.951589911882891,9.0,0.5,0.0,0.0,2.951589911882891
35954,0,calendar_2014_test,10.252470318349893,8.0,0.5,0.0,0.0,2.252470318349893
35955,0,calendar_2014_test,11.7867890852893,9.0,0.5,0.0,0.0,2.7867890852893
35956,0,calendar_2014_test,13.444732890168837,8.0,0.5,0.0,0.0,5.4447328901688365
35957,0,calendar_2014_test,10.421834307178983,7.0,0.5,0.0,0.0,3.421834307178983
35958,0,calendar_2014_test,11.03310590003204,16.0,0.5,0.0,0.0,4.966894099967959
35959,0,calendar_2014_test,18.119982183456642,20.0,0.5,0.0,0.0,1.8800178165433579
35960,0,calendar_2014_test,22.880650663903168,17.0,0.5,0.0,0.0,5.880650663903168
35961,0,calendar_2014_test,22.53746312691588,20.0,0.5,0.0,0.0,2.537463126915881
35962,0,calendar_2014_test,25.91894015251492,40.0,0.5,0.0,0.0,14.08105984748508
35963,0,calendar_2014_test,45.25758293007572,27.0,0.5,0.0,0.0,18.25758293007572
35964,0,calendar_2014_test,32.35072179900155,27.0,0.5,0.0,0.0,5.350721799001548
35965,0,calendar_2014_test,31.121500494398717,29.0,0.5,0.0,0.0,2.121500494398717
35966,0,calendar_2014_test,32.33893787840421,31.0,0.5,0.0,0.0,1.3389378784042094
35967,0,calendar_2014_test,35.02652603796288,37.0,0.5,0.0,0.0,1.9734739620371187
35968,0,calendar_2014_test,42.5792936174059,36.0,0.5,0.0,0.0,6.579293617405902
35969,0,calendar_2014_test,41.11597469035383,43.0,0.5,0.0,0.0,1.8840253096461694
35970,0,calendar_2014_test,45.45076870261731,44.0,0.5,0.0,0.0,1.4507687026173102
35971,0,calendar_2014_test,43.764601691487854,44.0,0.5,0.0,0.0,0.2353983085121456
35972,0,calendar_2014_test,43.41739433146577,25.0,0.5,0.0,0.0,18.417394331465772
35973,0,calendar_2014_test,28.11611626757491,17.0,0.5,0.0,0.0,11.11611626757491
35974,0,calendar_2014_test,23.6650136634601,17.0,0.5,0.0,0.0,6.665013663460101
35975,0,calendar_2014_test,23.780545805058026,27.0,0.5,0.0,0.0,3.2194541949419744
35976,0,calendar_2014_test,30.184151756832946,29.0,0.5,0.0,0.0,1.1841517568329465
35977,0,calendar_2014_test,29.138087268584798,29.0,0.5,0.0,0.0,0.13808726858479758
35978,0,calendar_2014_test,31.761447924533215,36.0,0.5,0.0,0.0,4.238552075466785
35979,0,calendar_2014_test,40.09506933231559,59.0,0.5,0.0,0.0,18.90493066768441
35980,0,calendar_2014_test,67.78642224608883,59.0,0.5,0.0,0.0,8.786422246088833
35981,0,calendar_2014_test,63.32220467361825,57.0,0.5,0.0,0.0,6.322204673618252
35982,0,calendar_2014_test,60.706979871709905,55.0,0.5,0.0,0.0,5.706979871709905
35983,0,calendar_2014_test,58.76442497986521,60.0,0.5,0.0,0.0,1.2355750201347888
35984,0,calendar_2014_test,66.64009838105889,70.0,0.5,0.0,0.0,3.359901618941109
35985,0,calendar_2014_test,77.74280062663495,80.0,0.5,0.0,0.0,2.2571993733650544
35986,0,calendar_2014_test,86.17551309260169,85.0,0.5,0.0,0.0,1.1755130926016903
35987,0,calendar_2014_test,91.30577961805437,88.0,0.5,0.0,0.0,3.3057796180543733
35988,0,calendar_2014_test,86.923118189726,91.0,0.5,0.0,0.0,4.076881810274003
35989,0,calendar_2014_test,93.0888636444702,98.0,0.5,0.0,0.0,4.9111363555298055
35990,0,calendar_2014_test,95.92807228980291,103.0,0.5,0.0,0.0,7.071927710197087
35991,0,calendar_2014_test,101.2980951614789,101.0,0.5,0.0,0.0,0.2980951614788978
35992,0,calendar_2014_test,96.76954211071802,98.0,0.5,0.0,0.0,1.230457889281979
35993,0,calendar_2014_test,98.42407409221121,99.0,0.5,0.0,0.0,0.5759259077887862
35994,0,calendar_2014_test,99.66318416492523,95.0,0.5,0.0,0.0,4.663184164925227
35995,0,calendar_2014_test,87.9629264893084,76.0,0.5,0.0,0.0,11.962926489308401
35996,0,calendar_2014_test,69.2443383579271,80.0,0.5,0.0,0.0,10.755661642072894
35997,0,calendar_2014_test,83.2725995234758,87.0,0.5,0.0,0.0,3.7274004765241955
35998,0,calendar_2014_test,90.20055697419686,87.0,0.5,0.0,0.0,3.200556974196857
35999,0,calendar_2014_test,83.85086718474072,82.0,0.5,0.0,0.0,1.8508671847407214
36000,0,calendar_2014_test,81.43157461836714,105.0,0.5,0.0,0.0,23.568425381632863
36001,0,calendar_2014_test,108.48487558276824,116.0,0.5,0.0,0.0,7.51512441723176
36002,0,calendar_2014_test,114.84516035526566,103.0,0.5,0.0,0.0,11.845160355265662
36003,0,calendar_2014_test,98.71883471422964,109.0,0.5,0.0,0.0,10.281165285770356
36004,0,calendar_2014_test,118.34906190382799,118.0,0.5,0.0,0.0,0.3490619038279874
36005,0,calendar_2014_test,128.93735803877763,127.0,0.5,0.0,0.0,1.9373580387776315
36006,0,calendar_2014_test,134.89015940609445,144.0,0.5,0.0,0.0,9.109840593905545
36007,0,calendar_2014_test,154.18132601122417,189.0,0.5,0.0,0.0,34.81867398877583
36008,0,calendar_2014_test,197.11553676135688,190.0,0.5,0.0,0.0,7.1155367613568785
36009,0,calendar_2014_test,191.29418842752193,225.0,0.5,0.0,0.0,33.70581157247807
36010,0,calendar_2014_test,226.5538862237032,211.0,0.5,0.0,0.0,15.553886223703188
36011,0,calendar_2014_test,200.55589440573942,197.0,0.5,0.0,0.0,3.555894405739423
36012,0,calendar_2014_test,188.17543549001277,200.0,0.5,0.0,0.0,11.824564509987226
36013,0,calendar_2014_test,195.66367641125385,197.0,0.5,0.0,0.0,1.3363235887461542
36014,0,calendar_2014_test,192.1926615664404,193.0,0.5,0.0,0.0,0.8073384335596074
36015,0,calendar_2014_test,187.69975108532645,180.0,0.5,0.0,0.0,7.699751085326454
36016,0,calendar_2014_test,169.387901392738,117.0,0.5,0.0,0.0,52.387901392738
36017,0,calendar_2014_test,93.18565083035091,110.0,0.5,0.0,0.0,16.81434916964909
36018,0,calendar_2014_test,107.83409531804091,111.0,0.5,0.0,0.0,3.1659046819590912
36019,0,calendar_2014_test,115.95994048596981,94.0,0.5,0.0,0.0,21.95994048596981
36020,0,calendar_2014_test,95.94793106127227,112.0,0.5,0.0,0.0,16.05206893872773
36021,0,calendar_2014_test,122.91338795806632,110.0,0.5,0.0,0.0,12.913387958066323
36022,0,calendar_2014_test,113.85512803823629,155.0,0.5,0.0,0.0,41.14487196176371
36023,0,calendar_2014_test,164.51927013747354,186.0,0.5,0.0,0.0,21.48072986252646
36024,0,calendar_2014_test,187.43395729589648,194.0,0.5,0.0,0.0,6.566042704103523
36025,0,calendar_2014_test,191.43281894636715,210.0,0.5,0.0,0.0,18.56718105363285
36026,0,calendar_2014_test,212.59012959029528,215.0,0.5,0.0,0.0,2.409870409704723
36027,0,calendar_2014_test,218.59617630844974,230.0,0.5,0.0,0.0,11.403823691550258
36028,0,calendar_2014_test,244.40475327418486,239.0,0.5,0.0,0.0,5.404753274184856
36029,0,calendar_2014_test,248.07182853239212,272.0,0.5,0.0,0.0,23.928171467607882
36030,0,calendar_2014_test,288.44950965018336,296.0,0.5,0.0,0.0,7.550490349816641
36031,0,calendar_2014_test,310.11204251992575,315.0,0.5,0.0,0.0,4.887957480074249
36032,0,calendar_2014_test,330.5514460607368,357.0,0.5,0.0,0.0,26.448553939263206
36033,0,calendar_2014_test,362.44745272402247,382.0,0.5,0.0,0.0,19.55254727597753
36034,0,calendar_2014_test,371.09069070076544,406.0,0.5,0.0,0.0,34.909309299234565
36035,0,calendar_2014_test,403.1379359362633,405.0,0.5,0.0,0.0,1.8620640637366819
36036,0,calendar_2014_test,399.74169313194403,389.0,0.5,0.0,0.0,10.741693131944032
36037,0,calendar_2014_test,390.49805142795446,397.0,0.5,0.0,0.0,6.501948572045535
36038,0,calendar_2014_test,400.3972536576712,413.0,0.5,0.0,0.0,12.602746342328828
36039,0,calendar_2014_test,403.14243394338837,373.0,0.5,0.0,0.0,30.14243394338837
36040,0,calendar_2014_test,341.11522994406664,362.0,0.5,0.0,0.0,20.88477005593336
36041,0,calendar_2014_test,358.48952905490506,356.0,0.5,0.0,0.0,2.489529054905063
36042,0,calendar_2014_test,361.0995358761036,344.0,0.5,0.0,0.0,17.099535876103573
36043,0,calendar_2014_test,357.7858948514471,352.0,0.5,0.0,0.0,5.785894851447097
36044,0,calendar_2014_test,366.51767144372997,357.0,0.5,0.0,0.0,9.517671443729967
36045,0,calendar_2014_test,365.21568865080707,353.0,0.5,0.0,0.0,12.215688650807067
36046,0,calendar_2014_test,348.5981806475695,292.0,0.5,0.0,0.0,56.59818064756951
36047,0,calendar_2014_test,247.45616003512626,213.0,0.5,0.0,0.0,34.45616003512626
36048,0,calendar_2014_test,184.2712525735559,210.0,0.5,0.0,0.0,25.7287474264441
36049,0,calendar_2014_test,216.63026984439736,183.0,0.5,0.0,0.0,33.63026984439736
36050,0,calendar_2014_test,180.0711216648989,161.0,0.5,0.0,0.0,19.071121664898897
36051,0,calendar_2014_test,160.9288937812442,153.0,0.5,0.0,0.0,7.928893781244199
36052,0,calendar_2014_test,169.5218577474468,169.0,0.5,0.0,0.0,0.521857747446802
36053,0,calendar_2014_test,193.86452190906653,196.0,0.5,0.0,0.0,2.135478090933475
36054,0,calendar_2014_test,223.5788216572907,200.0,0.5,0.0,0.0,23.57882165729069
36055,0,calendar_2014_test,219.2506128647354,197.0,0.5,0.0,0.0,22.250612864735388
36056,0,calendar_2014_test,203.35540740779015,178.0,0.5,0.0,0.0,25.355407407790153
36057,0,calendar_2014_test,175.16960519594383,161.0,0.5,0.0,0.0,14.16960519594383
36058,0,calendar_2014_test,161.0839537014336,161.0,0.5,0.0,0.0,0.08395370143358605
36059,0,calendar_2014_test,165.38847655745428,166.0,0.5,0.0,0.0,0.6115234425457174
36060,0,calendar_2014_test,172.1155937193089,171.0,0.5,0.0,0.0,1.1155937193088903
36061,0,calendar_2014_test,181.51185305031197,177.0,0.5,0.0,0.0,4.51185305031197
36062,0,calendar_2014_test,184.8232690049788,177.0,0.5,0.0,0.0,7.823269004978812
36063,0,calendar_2014_test,181.3270942387153,189.0,0.5,0.0,0.0,7.67290576128471
36064,0,calendar_2014_test,199.84455856855297,187.0,0.5,0.0,0.0,12.84455856855297
36065,0,calendar_2014_test,191.63529725322826,192.0,0.5,0.0,0.0,0.36470274677174075
36066,0,calendar_2014_test,196.341124212439,203.0,0.5,0.0,0.0,6.658875787560987
36067,0,calendar_2014_test,217.3668487995142,234.0,0.5,0.0,0.0,16.6331512004858
36068,0,calendar_2014_test,225.06030794128924,261.0,0.5,0.0,0.0,35.93969205871076
36069,0,calendar_2014_test,272.85012219997134,265.0,0.5,0.0,0.0,7.850122199971338
36070,0,calendar_2014_test,260.3841858931064,268.0,0.5,0.0,0.0,7.615814106893595
36071,0,calendar_2014_test,260.43311630088783,285.0,0.5,0.0,0.0,24.566883699112168
36072,0,calendar_2014_test,286.8764692427849,264.0,0.5,0.0,0.0,22.87646924278488
36073,0,calendar_2014_test,241.27660559524077,253.0,0.5,0.0,0.0,11.723394404759233
36074,0,calendar_2014_test,32.9610783061206,41.0,0.5,0.0,0.0,8.038921693879402
36075,0,calendar_2014_test,50.9353817843381,38.0,0.5,0.0,0.0,12.935381784338098
36076,0,calendar_2014_test,47.7070754818029,51.0,0.5,0.0,0.0,3.292924518197097
36077,0,calendar_2014_test,59.30041606151965,67.0,0.5,0.0,0.0,7.699583938480352
36078,0,calendar_2014_test,80.54346803379147,84.0,0.5,0.0,0.0,3.45653196620853
36079,0,calendar_2014_test,90.72699431486112,91.0,0.5,0.0,0.0,0.2730056851388838
36080,0,calendar_2014_test,96.92655762912325,97.0,0.5,0.0,0.0,0.07344237087674799
36081,0,calendar_2014_test,100.9767145614868,60.0,0.5,0.0,0.0,40.9767145614868
36082,0,calendar_2014_test,61.258402729443794,50.0,0.5,0.0,0.0,11.258402729443794
36083,0,calendar_2014_test,53.41924675174688,47.0,0.5,0.0,0.0,6.419246751746883
36084,0,calendar_2014_test,50.62395438517689,52.0,0.5,0.0,0.0,1.3760456148231128
36085,0,calendar_2014_test,55.258777935741186,73.0,0.5,0.0,0.0,17.741222064258814
36086,0,calendar_2014_test,74.59551278145523,111.0,0.5,0.0,0.0,36.40448721854477
36087,0,calendar_2014_test,114.81501040475369,104.0,0.5,0.0,0.0,10.815010404753693
36088,0,calendar_2014_test,102.9560873080194,90.0,0.5,0.0,0.0,12.956087308019406
36089,0,calendar_2014_test,86.72096751245287,84.0,0.5,0.0,0.0,2.720967512452873
36090,0,calendar_2014_test,84.12258870771817,79.0,0.5,0.0,0.0,5.122588707718165
36091,0,calendar_2014_test,81.98800595924084,83.0,0.5,0.0,0.0,1.0119940407591628
36092,0,calendar_2014_test,88.18680702558774,92.0,0.5,0.0,0.0,3.81319297441226
36093,0,calendar_2014_test,97.86485011883092,104.0,0.5,0.0,0.0,6.1351498811690846
36094,0,calendar_2014_test,109.84566081172252,100.0,0.5,0.0,0.0,9.845660811722524
36095,0,calendar_2014_test,100.00573549119748,101.0,0.5,0.0,0.0,0.9942645088025159
36096,0,calendar_2014_test,101.23465019944476,86.0,0.5,0.0,0.0,15.234650199444758
36097,0,calendar_2014_test,86.55919563141883,85.0,0.5,0.0,0.0,1.5591956314188309
36098,0,calendar_2014_test,89.55014719082311,83.0,0.5,0.0,0.0,6.550147190823111
36099,0,calendar_2014_test,88.56960705854526,97.0,0.5,0.0,0.0,8.430392941454741
36100,0,calendar_2014_test,105.6822924625866,117.0,0.5,0.0,0.0,11.317707537413398
36101,0,calendar_2014_test,130.844282663184,124.0,0.5,0.0,0.0,6.8442826631840035
36102,0,calendar_2014_test,130.91071251356243,127.0,0.5,0.0,0.0,3.91071251356243
36103,0,calendar_2014_test,130.18516125833744,132.0,0.5,0.0,0.0,1.8148387416625553
36104,0,calendar_2014_test,136.8500819924673,130.0,0.5,0.0,0.0,6.850081992467295
36105,0,calendar_2014_test,133.16853298739662,126.0,0.5,0.0,0.0,7.168532987396617
36106,0,calendar_2014_test,128.2934330551962,119.0,0.5,0.0,0.0,9.293433055196203
36107,0,calendar_2014_test,118.61154839328466,108.0,0.5,0.0,0.0,10.611548393284664
36108,0,calendar_2014_test,108.91745984871665,108.0,0.5,0.0,0.0,0.9174598487166463
36109,0,calendar_2014_test,110.74317433531756,102.0,0.5,0.0,0.0,8.743174335317562
36110,0,calendar_2014_test,99.90546856995195,110.0,0.5,0.0,0.0,10.09453143004805
36111,0,calendar_2014_test,116.63849094715792,113.0,0.5,0.0,0.0,3.638490947157919
36112,0,calendar_2014_test,118.61497681996426,108.0,0.5,0.0,0.0,10.614976819964255
36113,0,calendar_2014_test,112.67821519319921,116.0,0.5,0.0,0.0,3.3217848068007925
36114,0,calendar_2014_test,117.24226173954762,130.0,0.5,0.0,0.0,12.757738260452385
36115,0,calendar_2014_test,136.83205048058988,134.0,0.5,0.0,0.0,2.832050480589885
36116,0,calendar_2014_test,137.46708414328512,136.0,0.5,0.0,0.0,1.4670841432851205
36117,0,calendar_2014_test,139.9734723795347,145.0,0.5,0.0,0.0,5.026527620465288
36118,0,calendar_2014_test,149.71915235049383,149.0,0.5,0.0,0.0,0.7191523504938289
36119,0,calendar_2014_test,149.8680145633558,133.0,0.5,0.0,0.0,16.868014563355814
36120,0,calendar_2014_test,133.82379383097225,143.0,0.5,0.0,0.0,9.17620616902775
36121,0,calendar_2014_test,151.55632572025112,149.0,0.5,0.0,0.0,2.556325720251124
36122,0,calendar_2014_test,151.37313172894022,164.0,0.5,0.0,0.0,12.626868271059777
36123,0,calendar_2014_test,177.75801956292855,170.0,0.5,0.0,0.0,7.758019562928553
36124,0,calendar_2014_test,180.5327348140732,174.0,0.5,0.0,0.0,6.532734814073194
36125,0,calendar_2014_test,182.6508970589075,191.0,0.5,0.0,0.0,8.349102941092497
36126,0,calendar_2014_test,201.62753648505026,196.0,0.5,0.0,0.0,5.627536485050257
36127,0,calendar_2014_test,196.22220350753744,195.0,0.5,0.0,0.0,1.2222035075374436
36128,0,calendar_2014_test,196.04438697443442,214.0,0.5,0.0,0.0,17.955613025565583
36129,0,calendar_2014_test,221.89902317299905,227.0,0.5,0.0,0.0,5.100976827000949
36130,0,calendar_2014_test,235.86489869738193,217.0,0.5,0.0,0.0,18.864898697381932
36131,0,calendar_2014_test,212.89139287746522,195.0,0.5,0.0,0.0,17.891392877465222
36132,0,calendar_2014_test,182.72173356511038,183.0,0.5,0.0,0.0,0.2782664348896162
36133,0,calendar_2014_test,171.1036244493677,179.0,0.5,0.0,0.0,7.896375550632314
36134,0,calendar_2014_test,168.9281966668645,191.0,0.5,0.0,0.0,22.071803333135506
36135,0,calendar_2014_test,186.33034005448656,178.0,0.5,0.0,0.0,8.330340054486555
36136,0,calendar_2014_test,165.58175182412413,183.0,0.5,0.0,0.0,17.418248175875874
36137,0,calendar_2014_test,176.73579175610533,185.0,0.5,0.0,0.0,8.264208243894672
36138,0,calendar_2014_test,180.99684198608708,192.0,0.5,0.0,0.0,11.003158013912923
36139,0,calendar_2014_test,186.59210183863678,199.0,0.5,0.0,0.0,12.40789816136322
36140,0,calendar_2014_test,207.16820261528014,231.0,0.5,0.0,0.0,23.831797384719863
36141,0,calendar_2014_test,240.88122934626742,253.0,0.5,0.0,0.0,12.118770653732582
36142,0,calendar_2014_test,261.2104001602537,281.0,0.5,0.0,0.0,19.7895998397463
36143,0,calendar_2014_test,283.39237334814004,294.0,0.5,0.0,0.0,10.60762665185996
36144,0,calendar_2014_test,293.2421915247206,317.0,0.5,0.0,0.0,23.757808475279376
36145,0,calendar_2014_test,327.0810526056083,318.0,0.5,0.0,0.0,9.081052605608306
36146,0,calendar_2014_test,318.978568887659,323.0,0.5,0.0,0.0,4.02143111234102
36147,0,calendar_2014_test,331.61202714246645,339.0,0.5,0.0,0.0,7.387972857533555
36148,0,calendar_2014_test,335.42702799985153,341.0,0.5,0.0,0.0,5.572972000148468
36149,0,calendar_2014_test,331.74644461904165,346.0,0.5,0.0,0.0,14.253555380958346
36150,0,calendar_2014_test,363.4381745438397,356.0,0.5,0.0,0.0,7.438174543839693
36151,0,calendar_2014_test,365.8914203878818,383.0,0.5,0.0,0.0,17.108579612118206
36152,0,calendar_2014_test,371.4534797448342,363.0,0.5,0.0,0.0,8.453479744834226
36153,0,calendar_2014_test,351.93493506876973,381.0,0.5,0.0,0.0,29.065064931230268
36154,0,calendar_2014_test,362.22935341756687,352.0,0.5,0.0,0.0,10.22935341756687
36155,0,calendar_2014_test,338.2722001932233,319.0,0.5,0.0,0.0,19.272200193223284
36156,0,calendar_2014_test,314.8550927960303,310.0,0.5,0.0,0.0,4.855092796030306
36157,0,calendar_2014_test,287.85324760936555,331.0,0.5,0.0,0.0,43.14675239063445
36158,0,calendar_2014_test,316.2378126562801,332.0,0.5,0.0,0.0,15.762187343719916
36159,0,calendar_2014_test,307.81226277180315,315.0,0.5,0.0,0.0,7.187737228196852
36160,0,calendar_2014_test,293.85809296688836,312.0,0.5,0.0,0.0,18.141907033111636
36161,0,calendar_2014_test,285.68074183029603,310.0,0.5,0.0,0.0,24.31925816970397
36162,0,calendar_2014_test,284.37376879104227,324.0,0.5,0.0,0.0,39.62623120895773
36163,0,calendar_2014_test,314.66922684069215,330.0,0.5,0.0,0.0,15.330773159307853
36164,0,calendar_2014_test,333.7532377837831,324.0,0.5,0.0,0.0,9.753237783783106
36165,0,calendar_2014_test,326.4443518546618,331.0,0.5,0.0,0.0,4.555648145338182
36166,0,calendar_2014_test,332.5233526846418,346.0,0.5,0.0,0.0,13.476647315358207
36167,0,calendar_2014_test,368.48017546202254,352.0,0.5,0.0,0.0,16.480175462022544
36168,0,calendar_2014_test,368.3478418049076,376.0,0.5,0.0,0.0,7.652158195092397
36169,0,calendar_2014_test,382.04233788006354,402.0,0.5,0.0,0.0,19.957662119936458
36170,0,calendar_2014_test,417.08671964951105,423.0,0.5,0.0,0.0,5.913280350488947
36171,0,calendar_2014_test,428.5631676208408,440.0,0.5,0.0,0.0,11.436832379159227
36172,0,calendar_2014_test,464.020800616459,449.0,0.5,0.0,0.0,15.020800616458985
36173,0,calendar_2014_test,459.7092465671985,472.0,0.5,0.0,0.0,12.290753432801523
36174,0,calendar_2014_test,490.4218031549931,453.0,0.5,0.0,0.0,37.421803154993086
36175,0,calendar_2014_test,459.7207647712762,413.0,0.5,0.0,0.0,46.72076477127621
36176,0,calendar_2014_test,398.57780715639643,396.0,0.5,0.0,0.0,2.5778071563964318
36177,0,calendar_2014_test,398.62511555589293,395.0,0.5,0.0,0.0,3.6251155558929327
36178,0,calendar_2014_test,400.4416855881888,379.0,0.5,0.0,0.0,21.441685588188818
36179,0,calendar_2014_test,341.53190707784427,341.0,0.5,0.0,0.0,0.5319070778442665
36180,0,calendar_2014_test,254.50753624738894,312.0,0.5,0.0,0.0,57.49246375261106
36181,0,calendar_2014_test,300.95251888469693,257.0,0.5,0.0,0.0,43.95251888469693
36182,0,calendar_2014_test,154.00122364166342,183.0,0.5,0.0,0.0,28.998776358336585
36183,0,calendar_2014_test,107.7915485500009,39.0,0.5,0.0,0.0,68.7915485500009
36184,0,calendar_2014_test,8.268546307301051,16.0,0.5,0.0,0.0,7.731453692698949
36185,0,calendar_2014_test,9.718371743943706,14.0,0.5,0.0,0.0,4.281628256056294
36186,0,calendar_2014_test,12.959577930186583,16.0,0.5,0.0,0.0,3.040422069813417
36187,0,calendar_2014_test,8.560923427435185,10.0,0.5,0.0,0.0,1.4390765725648151
36188,0,calendar_2014_test,10.165797722565088,10.0,0.5,0.0,0.0,0.16579772256508818
36189,0,calendar_2014_test,6.760163329214961,9.0,0.5,0.0,0.0,2.2398366707850386
36190,0,calendar_2014_test,6.808569470759068,7.0,0.5,0.0,0.0,0.1914305292409324
36191,0,calendar_2014_test,5.735433721176193,9.0,0.5,0.0,0.0,3.264566278823807
36192,0,calendar_2014_test,9.881918019810627,9.0,0.5,0.0,0.0,0.8819180198106267
36193,0,calendar_2014_test,6.692583365857558,10.0,0.5,0.0,0.0,3.3074166341424416
36194,0,calendar_2014_test,10.604743116557017,8.0,0.5,0.0,0.0,2.6047431165570174
36195,0,calendar_2014_test,10.704909853993527,9.0,0.5,0.0,0.0,1.7049098539935272
36196,0,calendar_2014_test,10.939721598223741,17.0,0.5,0.0,0.0,6.060278401776259
36197,0,calendar_2014_test,20.310323231511376,15.0,0.5,0.0,0.0,5.310323231511376
36198,0,calendar_2014_test,16.584975691517855,15.0,0.5,0.0,0.0,1.5849756915178546
36199,0,calendar_2014_test,13.139103382852255,12.0,0.5,0.0,0.0,1.1391033828522552
36200,0,calendar_2014_test,10.132547182044135,9.0,0.5,0.0,0.0,1.132547182044135
36201,0,calendar_2014_test,8.93897032160335,10.0,0.5,0.0,0.0,1.0610296783966504
36202,0,calendar_2014_test,9.243300700239317,9.0,0.5,0.0,0.0,0.24330070023931682
36203,0,calendar_2014_test,9.450216162312316,12.0,0.5,0.0,0.0,2.5497838376876842
36204,0,calendar_2014_test,10.700926327089292,9.0,0.5,0.0,0.0,1.7009263270892916
36205,0,calendar_2014_test,9.211679956369139,13.0,0.5,0.0,0.0,3.7883200436308613
36206,0,calendar_2014_test,16.536253775167594,14.0,0.5,0.0,0.0,2.5362537751675944
36207,0,calendar_2014_test,17.704795762109526,12.0,0.5,0.0,0.0,5.704795762109526
36208,0,calendar_2014_test,17.44884374739337,24.0,0.5,0.0,0.0,6.551156252606631
36209,0,calendar_2014_test,24.272706326715905,23.0,0.5,0.0,0.0,1.2727063267159053
36210,0,calendar_2014_test,20.178442220321173,31.0,0.5,0.0,0.0,10.821557779678827
36211,0,calendar_2014_test,30.562898088998267,57.0,0.5,0.0,0.0,26.437101911001733
36212,0,calendar_2014_test,50.721961859614844,43.0,0.5,0.0,0.0,7.721961859614844
36213,0,calendar_2014_test,42.04913853822524,35.0,0.5,0.0,0.0,7.049138538225243
36214,0,calendar_2014_test,38.030353889552416,31.0,0.5,0.0,0.0,7.030353889552416
36215,0,calendar_2014_test,32.94009027572916,30.0,0.5,0.0,0.0,2.940090275729162
36216,0,calendar_2014_test,33.224417389424644,25.0,0.5,0.0,0.0,8.224417389424644
36217,0,calendar_2014_test,29.838212499106078,33.0,0.5,0.0,0.0,3.1617875008939222
36218,0,calendar_2014_test,35.65424266558934,39.0,0.5,0.0,0.0,3.3457573344106635
36219,0,calendar_2014_test,42.327404117089976,40.0,0.5,0.0,0.0,2.3274041170899764
36220,0,calendar_2014_test,43.030419120363455,60.0,0.5,0.0,0.0,16.969580879636545
36221,0,calendar_2014_test,69.31246690134373,68.0,0.5,0.0,0.0,1.3124669013437256
36222,0,calendar_2014_test,75.28299922770654,57.0,0.5,0.0,0.0,18.28299922770654
36223,0,calendar_2014_test,58.88952495125225,51.0,0.5,0.0,0.0,7.889524951252248
36224,0,calendar_2014_test,56.6377307555449,26.0,0.5,0.0,0.0,30.6377307555449
36225,0,calendar_2014_test,36.878106360333845,50.0,0.5,0.0,0.0,13.121893639666155
36226,0,calendar_2014_test,54.09941733589997,42.0,0.5,0.0,0.0,12.099417335899972
36227,0,calendar_2014_test,47.115847405013895,43.0,0.5,0.0,0.0,4.115847405013895
36228,0,calendar_2014_test,45.88564752375948,74.0,0.5,0.0,0.0,28.11435247624052
36229,0,calendar_2014_test,76.91579794083445,87.0,0.5,0.0,0.0,10.084202059165548
36230,0,calendar_2014_test,93.37026530346951,78.0,0.5,0.0,0.0,15.370265303469509
36231,0,calendar_2014_test,78.58464380132743,77.0,0.5,0.0,0.0,1.5846438013274309
36232,0,calendar_2014_test,81.29920140055235,91.0,0.5,0.0,0.0,9.700798599447651
36233,0,calendar_2014_test,95.64586255067601,99.0,0.5,0.0,0.0,3.3541374493239857
36234,0,calendar_2014_test,97.72278890965617,92.0,0.5,0.0,0.0,5.722788909656174
36235,0,calendar_2014_test,90.9170517595561,83.0,0.5,0.0,0.0,7.917051759556102
36236,0,calendar_2014_test,84.69530929292179,94.0,0.5,0.0,0.0,9.304690707078208
36237,0,calendar_2014_test,96.03109076524794,90.0,0.5,0.0,0.0,6.031090765247939
36238,0,calendar_2014_test,86.382195285781,68.0,0.5,0.0,0.0,18.382195285780995
36239,0,calendar_2014_test,69.19016110531122,60.0,0.5,0.0,0.0,9.190161105311219
36240,0,calendar_2014_test,63.97256859444991,53.0,0.5,0.0,0.0,10.97256859444991
36241,0,calendar_2014_test,56.897189654835394,51.0,0.5,0.0,0.0,5.897189654835394
36242,0,calendar_2014_test,55.02571285037212,52.0,0.5,0.0,0.0,3.0257128503721233
36243,0,calendar_2014_test,56.21203501348302,51.0,0.5,0.0,0.0,5.212035013483018
36244,0,calendar_2014_test,54.79503372765913,47.0,0.5,0.0,0.0,7.795033727659131
36245,0,calendar_2014_test,52.947160592615035,47.0,0.5,0.0,0.0,5.947160592615035
36246,0,calendar_2014_test,55.59828750490081,59.0,0.5,0.0,0.0,3.40171249509919
36247,0,calendar_2014_test,69.5874607856397,59.0,0.5,0.0,0.0,10.587460785639706
36248,0,calendar_2014_test,66.86666719250726,74.0,0.5,0.0,0.0,7.133332807492735
36249,0,calendar_2014_test,79.647704742496,93.0,0.5,0.0,0.0,13.352295257503997
36250,0,calendar_2014_test,100.9543069319631,101.0,0.5,0.0,0.0,0.04569306803689699
36251,0,calendar_2014_test,105.31842489362124,111.0,0.5,0.0,0.0,5.681575106378759
36252,0,calendar_2014_test,115.04578365888341,139.0,0.5,0.0,0.0,23.95421634111659
36253,0,calendar_2014_test,142.85793848490306,129.0,0.5,0.0,0.0,13.857938484903059
36254,0,calendar_2014_test,121.87034556989076,127.0,0.5,0.0,0.0,5.129654430109241
36255,0,calendar_2014_test,122.91885960539113,114.0,0.5,0.0,0.0,8.918859605391134
36256,0,calendar_2014_test,104.40364032613898,98.0,0.5,0.0,0.0,6.403640326138984
36257,0,calendar_2014_test,89.6187851733996,102.0,0.5,0.0,0.0,12.381214826600399
36258,0,calendar_2014_test,98.09363971035927,106.0,0.5,0.0,0.0,7.90636028964073
36259,0,calendar_2014_test,99.21789259942516,111.0,0.5,0.0,0.0,11.782107400574844
36260,0,calendar_2014_test,112.88902240703536,106.0,0.5,0.0,0.0,6.889022407035355
36261,0,calendar_2014_test,107.16263473152232,105.0,0.5,0.0,0.0,2.162634731522317
36262,0,calendar_2014_test,107.5629041599172,108.0,0.5,0.0,0.0,0.43709584008280444
36263,0,calendar_2014_test,111.91052629811675,107.0,0.5,0.0,0.0,4.91052629811675
36264,0,calendar_2014_test,110.89548028797961,113.0,0.5,0.0,0.0,2.104519712020391
36265,0,calendar_2014_test,120.2323958325821,126.0,0.5,0.0,0.0,5.7676041674179
36266,0,calendar_2014_test,135.69475259312335,141.0,0.5,0.0,0.0,5.305247406876646
36267,0,calendar_2014_test,155.08294062972146,158.0,0.5,0.0,0.0,2.917059370278537
36268,0,calendar_2014_test,171.75230237556906,170.0,0.5,0.0,0.0,1.7523023755690588
36269,0,calendar_2014_test,180.21161881912928,176.0,0.5,0.0,0.0,4.211618819129285
36270,0,calendar_2014_test,182.4240518324541,183.0,0.5,0.0,0.0,0.5759481675459028
36271,0,calendar_2014_test,183.23765526544966,193.0,0.5,0.0,0.0,9.76234473455034
36272,0,calendar_2014_test,200.7812995634156,215.0,0.5,0.0,0.0,14.218700436584413
36273,0,calendar_2014_test,214.6348311333303,215.0,0.5,0.0,0.0,0.3651688666697055
36274,0,calendar_2014_test,222.178402045364,210.0,0.5,0.0,0.0,12.17840204536401
36275,0,calendar_2014_test,213.0533838839633,214.0,0.5,0.0,0.0,0.9466161160366937
36276,0,calendar_2014_test,217.74838444978278,214.0,0.5,0.0,0.0,3.748384449782776
36277,0,calendar_2014_test,218.37505684354622,272.0,0.5,0.0,0.0,53.62494315645378
36278,0,calendar_2014_test,260.0110721948118,198.0,0.5,0.0,0.0,62.01107219481179
36279,0,calendar_2014_test,169.7666721412428,176.0,0.5,0.0,0.0,6.233327858757207
36280,0,calendar_2014_test,173.42940715280247,159.0,0.5,0.0,0.0,14.429407152802469
36281,0,calendar_2014_test,159.985552537289,158.0,0.5,0.0,0.0,1.98555253728901
36282,0,calendar_2014_test,156.9149294192608,137.0,0.5,0.0,0.0,19.9149294192608
36283,0,calendar_2014_test,135.4716405270733,156.0,0.5,0.0,0.0,20.528359472926695
36284,0,calendar_2014_test,168.87028838361772,161.0,0.5,0.0,0.0,7.870288383617719
36285,0,calendar_2014_test,166.42420501197057,163.0,0.5,0.0,0.0,3.424205011970571
36286,0,calendar_2014_test,166.95668316741103,178.0,0.5,0.0,0.0,11.043316832588971
36287,0,calendar_2014_test,187.31606353485626,180.0,0.5,0.0,0.0,7.316063534856255
36288,0,calendar_2014_test,182.4331909089905,179.0,0.5,0.0,0.0,3.433190908990497
36289,0,calendar_2014_test,183.25243321534944,182.0,0.5,0.0,0.0,1.2524332153494413
36290,0,calendar_2014_test,187.68950110741298,192.0,0.5,0.0,0.0,4.31049889258702
36291,0,calendar_2014_test,203.19793276311117,199.0,0.5,0.0,0.0,4.197932763111169
36292,0,calendar_2014_test,212.29537065821017,208.0,0.5,0.0,0.0,4.2953706582101745
36293,0,calendar_2014_test,221.46045623258448,212.0,0.5,0.0,0.0,9.460456232584477
36294,0,calendar_2014_test,223.19507008919533,193.0,0.5,0.0,0.0,30.195070089195326
36295,0,calendar_2014_test,192.10217637534492,205.0,0.5,0.0,0.0,12.897823624655075
36296,0,calendar_2014_test,210.84343151990345,206.0,0.5,0.0,0.0,4.843431519903447
36297,0,calendar_2014_test,215.47054431464642,212.0,0.5,0.0,0.0,3.4705443146464177
36298,0,calendar_2014_test,217.98770502268783,216.0,0.5,0.0,0.0,1.987705022687834
36299,0,calendar_2014_test,221.84546549832055,232.0,0.5,0.0,0.0,10.15453450167945
36300,0,calendar_2014_test,233.11987970327988,223.0,0.5,0.0,0.0,10.119879703279878
36301,0,calendar_2014_test,226.610123642617,229.0,0.5,0.0,0.0,2.3898763573830024
36302,0,calendar_2014_test,233.45139872156057,206.0,0.5,0.0,0.0,27.451398721560565
36303,0,calendar_2014_test,204.57317497925857,194.0,0.5,0.0,0.0,10.573174979258567
36304,0,calendar_2014_test,191.55334897585334,211.0,0.5,0.0,0.0,19.44665102414666
36305,0,calendar_2014_test,220.94802777796156,225.0,0.5,0.0,0.0,4.051972222038444
36306,0,calendar_2014_test,229.84941467936576,169.0,0.5,0.0,0.0,60.849414679365765
36307,0,calendar_2014_test,160.53879088379674,144.0,0.5,0.0,0.0,16.538790883796736
36308,0,calendar_2014_test,139.943397196183,150.0,0.5,0.0,0.0,10.056602803816986
36309,0,calendar_2014_test,159.20846002481707,144.0,0.5,0.0,0.0,15.208460024817072
36310,0,calendar_2014_test,143.7883418806425,143.0,0.5,0.0,0.0,0.7883418806424913
36311,0,calendar_2014_test,138.26690923449087,143.0,0.5,0.0,0.0,4.733090765509132
36312,0,calendar_2014_test,144.89594806785053,145.0,0.5,0.0,0.0,0.10405193214947417
36313,0,calendar_2014_test,149.63187043742266,152.0,0.5,0.0,0.0,2.3681295625773373
36314,0,calendar_2014_test,162.6485115386478,165.0,0.5,0.0,0.0,2.3514884613522042
36315,0,calendar_2014_test,176.29377287235803,176.0,0.5,0.0,0.0,0.2937728723580335
36316,0,calendar_2014_test,189.83706005167707,209.0,0.5,0.0,0.0,19.16293994832293
36317,0,calendar_2014_test,230.62127599722186,224.0,0.5,0.0,0.0,6.621275997221858
36318,0,calendar_2014_test,239.3560756923912,200.0,0.5,0.0,0.0,39.35607569239119
36319,0,calendar_2014_test,200.30186492610216,188.0,0.5,0.0,0.0,12.301864926102155
36320,0,calendar_2014_test,191.58523795185724,184.0,0.5,0.0,0.0,7.585237951857238
36321,0,calendar_2014_test,187.09352137213452,180.0,0.5,0.0,0.0,7.093521372134518
36322,0,calendar_2014_test,173.4891284143379,189.0,0.5,0.0,0.0,15.510871585662102
36323,0,calendar_2014_test,197.14445776948287,215.0,0.5,0.0,0.0,17.85554223051713
36324,0,calendar_2014_test,223.05341274928094,180.0,0.5,0.0,0.0,43.05341274928094
36325,0,calendar_2014_test,160.53870149057843,81.0,0.5,0.0,0.0,79.53870149057843
36326,0,calendar_2014_test,57.1191526287539,78.0,0.5,0.0,0.0,20.880847371246098
36327,0,calendar_2014_test,84.59829406178001,24.0,0.5,0.0,0.0,60.59829406178001
36328,0,calendar_2014_test,34.67600865138827,26.0,0.5,0.0,0.0,8.676008651388273
36329,0,calendar_2014_test,35.84074062834948,29.0,0.5,0.0,0.0,6.840740628349479
36330,0,calendar_2014_test,36.30371993268256,22.0,0.5,0.0,0.0,14.303719932682561
36331,0,calendar_2014_test,21.55930768095996,14.0,0.5,0.0,0.0,7.559307680959961
36332,0,calendar_2014_test,12.132551045857824,11.0,0.5,0.0,0.0,1.1325510458578236
36333,0,calendar_2014_test,10.43958195250434,12.0,0.5,0.0,0.0,1.5604180474956593
36334,0,calendar_2014_test,13.078644951972834,11.0,0.5,0.0,0.0,2.0786449519728336
36335,0,calendar_2014_test,11.092601502787574,13.0,0.5,0.0,0.0,1.9073984972124265
36336,0,calendar_2014_test,13.96436848436187,12.0,0.5,0.0,0.0,1.96436848436187
36337,0,calendar_2014_test,11.281546878291508,9.0,0.5,0.0,0.0,2.2815468782915076
36338,0,calendar_2014_test,11.92481010336921,10.0,0.5,0.0,0.0,1.9248101033692109
36339,0,calendar_2014_test,13.190887698680129,10.0,0.5,0.0,0.0,3.190887698680129
36340,0,calendar_2014_test,13.717509515320145,15.0,0.5,0.0,0.0,1.2824904846798546
36341,0,calendar_2014_test,17.1028405554233,18.0,0.5,0.0,0.0,0.897159444576701
36342,0,calendar_2014_test,17.540187023724073,18.0,0.5,0.0,0.0,0.4598129762759271
36343,0,calendar_2014_test,13.913079866464841,14.0,0.5,0.0,0.0,0.08692013353515904
36344,0,calendar_2014_test,13.563622072341062,16.0,0.5,0.0,0.0,2.4363779276589383
36345,0,calendar_2014_test,12.718284598078881,10.0,0.5,0.0,0.0,2.7182845980788812
36346,0,calendar_2014_test,10.685580885954849,9.0,0.5,0.0,0.0,1.685580885954849
36347,0,calendar_2014_test,8.538307091213284,6.0,0.5,0.0,0.0,2.5383070912132837
36348,0,calendar_2014_test,6.369668914088308,8.0,0.5,0.0,0.0,1.630331085911692
36349,0,calendar_2014_test,10.036192843100366,6.0,0.5,0.0,0.0,4.036192843100366
36350,0,calendar_2014_test,7.404100843229443,3.0,0.5,0.0,0.0,4.404100843229443
36351,0,calendar_2014_test,7.654367898496773,2.0,0.5,0.0,0.0,5.654367898496773
36352,0,calendar_2014_test,8.241322650010844,8.0,0.5,0.0,0.0,0.24132265001084363
36353,0,calendar_2014_test,11.724146134987961,8.0,0.5,0.0,0.0,3.7241461349879614
36354,0,calendar_2014_test,8.524689176269575,7.0,0.5,0.0,0.0,1.5246891762695753
36355,0,calendar_2014_test,7.351204313391406,6.0,0.5,0.0,0.0,1.3512043133914062
36356,0,calendar_2014_test,8.226540773791797,8.0,0.5,0.0,0.0,0.22654077379179682
36357,0,calendar_2014_test,9.919897526348961,6.0,0.5,0.0,0.0,3.9198975263489615
36358,0,calendar_2014_test,7.213561087201839,9.0,0.5,0.0,0.0,1.786438912798161
36359,0,calendar_2014_test,11.315794811143547,8.0,0.5,0.0,0.0,3.3157948111435473
36360,0,calendar_2014_test,9.428148753917327,7.0,0.5,0.0,0.0,2.428148753917327
36361,0,calendar_2014_test,8.884677343299629,10.0,0.5,0.0,0.0,1.1153226567003713
36362,0,calendar_2014_test,12.710428865509002,10.0,0.5,0.0,0.0,2.7104288655090016
36363,0,calendar_2014_test,12.388979084854967,11.0,0.5,0.0,0.0,1.3889790848549666
36364,0,calendar_2014_test,13.319938673237075,10.0,0.5,0.0,0.0,3.3199386732370755
36365,0,calendar_2014_test,12.753028191403757,7.0,0.5,0.0,0.0,5.753028191403757
36366,0,calendar_2014_test,10.123662467118436,8.0,0.5,0.0,0.0,2.123662467118436
36367,0,calendar_2014_test,15.67315980278488,7.0,0.5,0.0,0.0,8.67315980278488
36368,0,calendar_2014_test,14.500815249784807,10.0,0.5,0.0,0.0,4.500815249784807
36369,0,calendar_2014_test,18.62197213857398,17.0,0.5,0.0,0.0,1.6219721385739803
36370,0,calendar_2014_test,22.653434127931106,22.0,0.5,0.0,0.0,0.6534341279311064
36371,0,calendar_2014_test,24.515031394372784,28.0,0.5,0.0,0.0,3.484968605627216
36372,0,calendar_2014_test,32.53805081507555,28.0,0.5,0.0,0.0,4.53805081507555
36373,0,calendar_2014_test,30.296456948221717,26.0,0.5,0.0,0.0,4.296456948221717
36374,0,calendar_2014_test,25.862979723038265,25.0,0.5,0.0,0.0,0.862979723038265
36375,0,calendar_2014_test,29.620702927145956,20.0,0.5,0.0,0.0,9.620702927145956
36376,0,calendar_2014_test,27.146774441109287,11.0,0.5,0.0,0.0,16.146774441109287
36377,0,calendar_2014_test,23.588546525001348,28.0,0.5,0.0,0.0,4.411453474998652
36378,0,calendar_2014_test,31.389040200283745,39.0,0.5,0.0,0.0,7.610959799716255
36379,0,calendar_2014_test,34.949379369980406,38.0,0.5,0.0,0.0,3.050620630019594
36380,0,calendar_2014_test,38.744502030820406,14.0,0.5,0.0,0.0,24.744502030820406
36381,0,calendar_2014_test,20.830046730601083,11.0,0.5,0.0,0.0,9.830046730601083
36382,0,calendar_2014_test,19.15597042581048,18.0,0.5,0.0,0.0,1.1559704258104802
36383,0,calendar_2014_test,22.580022724532824,8.0,0.5,0.0,0.0,14.580022724532824
36384,0,calendar_2014_test,16.837495924745838,10.0,0.5,0.0,0.0,6.837495924745838
36385,0,calendar_2014_test,17.83261588484423,10.0,0.5,0.0,0.0,7.83261588484423
36386,0,calendar_2014_test,16.016971035743524,11.0,0.5,0.0,0.0,5.0169710357435235
36387,0,calendar_2014_test,17.677744596930836,23.0,0.5,0.0,0.0,5.322255403069164
36388,0,calendar_2014_test,31.261572910561583,34.0,0.5,0.0,0.0,2.7384270894384173
36389,0,calendar_2014_test,45.46465090893766,40.0,0.5,0.0,0.0,5.4646509089376565
36390,0,calendar_2014_test,47.45207524365689,43.0,0.5,0.0,0.0,4.452075243656893
36391,0,calendar_2014_test,49.19830199578314,48.0,0.5,0.0,0.0,1.1983019957831402
36392,0,calendar_2014_test,52.43198864348671,57.0,0.5,0.0,0.0,4.5680113565132885
36393,0,calendar_2014_test,62.50269844180735,61.0,0.5,0.0,0.0,1.5026984418073468
36394,0,calendar_2014_test,66.84643760721814,60.0,0.5,0.0,0.0,6.846437607218135
36395,0,calendar_2014_test,63.71919176109665,68.0,0.5,0.0,0.0,4.280808238903347
36396,0,calendar_2014_test,73.35656886063018,76.0,0.5,0.0,0.0,2.6434311393698238
36397,0,calendar_2014_test,78.90409911141148,72.0,0.5,0.0,0.0,6.904099111411483
36398,0,calendar_2014_test,74.4010955469229,80.0,0.5,0.0,0.0,5.598904453077097
36399,0,calendar_2014_test,84.65643258644094,80.0,0.5,0.0,0.0,4.656432586440943
36400,0,calendar_2014_test,83.51136798902701,66.0,0.5,0.0,0.0,17.511367989027008
36401,0,calendar_2014_test,72.04623476429748,64.0,0.5,0.0,0.0,8.04623476429748
36402,0,calendar_2014_test,68.1345642063988,85.0,0.5,0.0,0.0,16.865435793601193
36403,0,calendar_2014_test,94.42074451669683,96.0,0.5,0.0,0.0,1.5792554833031716
36404,0,calendar_2014_test,101.94045225228372,109.0,0.5,0.0,0.0,7.05954774771628
36405,0,calendar_2014_test,115.59202955433662,118.0,0.5,0.0,0.0,2.4079704456633806
36406,0,calendar_2014_test,116.43023255119408,141.0,0.5,0.0,0.0,24.56976744880592
36407,0,calendar_2014_test,145.45150114627296,159.0,0.5,0.0,0.0,13.54849885372704
36408,0,calendar_2014_test,163.82616051291427,153.0,0.5,0.0,0.0,10.82616051291427
36409,0,calendar_2014_test,150.71556051198934,153.0,0.5,0.0,0.0,2.284439488010662
36410,0,calendar_2014_test,155.68761512017707,152.0,0.5,0.0,0.0,3.687615120177071
36411,0,calendar_2014_test,156.73140080058062,157.0,0.5,0.0,0.0,0.26859919941938415
36412,0,calendar_2014_test,167.02389762990916,159.0,0.5,0.0,0.0,8.023897629909158
36413,0,calendar_2014_test,166.2274735541879,196.0,0.5,0.0,0.0,29.772526445812105
36414,0,calendar_2014_test,204.49696294689767,208.0,0.5,0.0,0.0,3.5030370531023323
36415,0,calendar_2014_test,218.74231527042002,215.0,0.5,0.0,0.0,3.742315270420022
36416,0,calendar_2014_test,225.23651138823814,255.0,0.5,0.0,0.0,29.763488611761858
36417,0,calendar_2014_test,256.68744770730893,239.0,0.5,0.0,0.0,17.687447707308934
36418,0,calendar_2014_test,231.90718142651926,232.0,0.5,0.0,0.0,0.0928185734807414
36419,0,calendar_2014_test,230.65546057257797,210.0,0.5,0.0,0.0,20.655460572577965
36420,0,calendar_2014_test,186.99872911625903,184.0,0.5,0.0,0.0,2.998729116259028
36421,0,calendar_2014_test,179.63871572880828,174.0,0.5,0.0,0.0,5.638715728808279
36422,0,calendar_2014_test,168.51614553415823,164.0,0.5,0.0,0.0,4.516145534158227
36423,0,calendar_2014_test,160.1044198656123,147.0,0.5,0.0,0.0,13.1044198656123
36424,0,calendar_2014_test,138.2112255260478,98.0,0.5,0.0,0.0,40.2112255260478
36425,0,calendar_2014_test,82.14094587701167,136.0,0.5,0.0,0.0,53.859054122988326
36426,0,calendar_2014_test,142.66070617237335,137.0,0.5,0.0,0.0,5.660706172373352
36427,0,calendar_2014_test,129.63227020781102,90.0,0.5,0.0,0.0,39.63227020781102
36428,0,calendar_2014_test,70.20305426931186,14.0,0.5,0.0,0.0,56.20305426931186
36429,0,calendar_2014_test,13.787568276176302,8.0,0.5,0.0,0.0,5.787568276176302
36430,0,calendar_2014_test,12.474414001948048,8.0,0.5,0.0,0.0,4.474414001948048
36431,0,calendar_2014_test,8.770546104119475,11.0,0.5,0.0,0.0,2.229453895880525
36432,0,calendar_2014_test,13.325796979520916,9.0,0.5,0.0,0.0,4.325796979520916
36433,0,calendar_2014_test,10.948580858834504,6.0,0.5,0.0,0.0,4.948580858834504
36434,0,calendar_2014_test,8.813029053617896,6.0,0.5,0.0,0.0,2.813029053617896
36435,0,calendar_2014_test,10.451908306714174,10.0,0.5,0.0,0.0,0.4519083067141736
36436,0,calendar_2014_test,16.11933228193297,10.0,0.5,0.0,0.0,6.119332281932969
36437,0,calendar_2014_test,14.254783707641735,7.0,0.5,0.0,0.0,7.254783707641735
36438,0,calendar_2014_test,12.773742811835092,6.0,0.5,0.0,0.0,6.773742811835092
36439,0,calendar_2014_test,11.19906523532454,5.0,0.5,0.0,0.0,6.1990652353245395
36440,0,calendar_2014_test,11.265817136053982,6.0,0.5,0.0,0.0,5.2658171360539825
36441,0,calendar_2014_test,10.598269875964661,4.0,0.5,0.0,0.0,6.598269875964661
36442,0,calendar_2014_test,8.571109326629184,5.0,0.5,0.0,0.0,3.571109326629184
36443,0,calendar_2014_test,6.384990983515522,4.0,0.5,0.0,0.0,2.3849909835155216
36444,0,calendar_2014_test,7.714534676369013,3.0,0.5,0.0,0.0,4.714534676369013
36445,0,calendar_2014_test,9.037427741622224,8.0,0.5,0.0,0.0,1.0374277416222242
36446,0,calendar_2014_test,11.08198662053077,9.0,0.5,0.0,0.0,2.0819866205307704
36447,0,calendar_2014_test,8.618673170520921,7.0,0.5,0.0,0.0,1.6186731705209212
36448,0,calendar_2014_test,8.79836509812047,7.0,0.5,0.0,0.0,1.7983650981204704
36449,0,calendar_2014_test,9.241717058460935,9.0,0.5,0.0,0.0,0.24171705846093516
36450,0,calendar_2014_test,9.795960270801288,11.0,0.5,0.0,0.0,1.204039729198712
36451,0,calendar_2014_test,64.7052826209904,62.0,0.5,0.0,0.0,2.7052826209904026
36452,0,calendar_2014_test,66.87371769616675,60.0,0.5,0.0,0.0,6.87371769616675
36453,0,calendar_2014_test,64.21032109559856,41.0,0.5,0.0,0.0,23.21032109559856
36454,0,calendar_2014_test,41.35743068230988,38.0,0.5,0.0,0.0,3.3574306823098823
36455,0,calendar_2014_test,44.81887856974736,33.0,0.5,0.0,0.0,11.818878569747362
36456,0,calendar_2014_test,41.63473258043964,18.0,0.5,0.0,0.0,23.63473258043964
36457,0,calendar_2014_test,28.633959876764905,28.0,0.5,0.0,0.0,0.6339598767649051
36458,0,calendar_2014_test,41.88988551254219,46.0,0.5,0.0,0.0,4.110114487457807
36459,0,calendar_2014_test,56.123979650134366,51.0,0.5,0.0,0.0,5.123979650134366
36460,0,calendar_2014_test,59.978125684722755,57.0,0.5,0.0,0.0,2.9781256847227553
36461,0,calendar_2014_test,64.44496418729216,37.0,0.5,0.0,0.0,27.444964187292157
36462,0,calendar_2014_test,44.297580678589256,35.0,0.5,0.0,0.0,9.297580678589256
36463,0,calendar_2014_test,45.45896574953933,41.0,0.5,0.0,0.0,4.458965749539331
36464,0,calendar_2014_test,49.389353565524445,46.0,0.5,0.0,0.0,3.389353565524445
36465,0,calendar_2014_test,47.923624111594975,56.0,0.5,0.0,0.0,8.076375888405025
36466,0,calendar_2014_test,57.410889377731905,69.0,0.5,0.0,0.0,11.589110622268095
36467,0,calendar_2014_test,74.04377179266315,79.0,0.5,0.0,0.0,4.956228207336849
36468,0,calendar_2014_test,81.27530147756224,76.0,0.5,0.0,0.0,5.2753014775622376
36469,0,calendar_2014_test,75.83814929407237,65.0,0.5,0.0,0.0,10.838149294072366
36470,0,calendar_2014_test,60.8293878199239,69.0,0.5,0.0,0.0,8.170612180076098
36471,0,calendar_2014_test,70.60084841846128,74.0,0.5,0.0,0.0,3.3991515815387174
36472,0,calendar_2014_test,72.63077713496601,79.0,0.5,0.0,0.0,6.36922286503399
36473,0,calendar_2014_test,79.17509452127003,78.0,0.5,0.0,0.0,1.175094521270026
36474,0,calendar_2014_test,73.08822999498021,87.0,0.5,0.0,0.0,13.91177000501979
36475,0,calendar_2014_test,86.49662006137919,82.0,0.5,0.0,0.0,4.49662006137919
36476,0,calendar_2014_test,84.19972270869205,74.0,0.5,0.0,0.0,10.19972270869205
36477,0,calendar_2014_test,71.20042610820818,77.0,0.5,0.0,0.0,5.799573891791823
36478,0,calendar_2014_test,86.95336039379964,84.0,0.5,0.0,0.0,2.9533603937996418
36479,0,calendar_2014_test,92.11978804752046,87.0,0.5,0.0,0.0,5.1197880475204585
36480,0,calendar_2014_test,91.87905525668324,91.0,0.5,0.0,0.0,0.8790552566832446
36481,0,calendar_2014_test,94.45617664517185,77.0,0.5,0.0,0.0,17.45617664517185
36482,0,calendar_2014_test,82.64554291132312,74.0,0.5,0.0,0.0,8.645542911323119
36483,0,calendar_2014_test,80.38813693566952,84.0,0.5,0.0,0.0,3.6118630643304783
36484,0,calendar_2014_test,95.88208648678052,89.0,0.5,0.0,0.0,6.882086486780523
36485,0,calendar_2014_test,98.15830593538881,94.0,0.5,0.0,0.0,4.15830593538881
36486,0,calendar_2014_test,98.91808944037416,92.0,0.5,0.0,0.0,6.91808944037416
36487,0,calendar_2014_test,94.3487098589297,97.0,0.5,0.0,0.0,2.651290141070305
36488,0,calendar_2014_test,95.56270780001475,92.0,0.5,0.0,0.0,3.562707800014749
36489,0,calendar_2014_test,91.0963589857998,98.0,0.5,0.0,0.0,6.903641014200204
36490,0,calendar_2014_test,101.12282302141028,116.0,0.5,0.0,0.0,14.877176978589716
36491,0,calendar_2014_test,118.69111540519465,113.0,0.5,0.0,0.0,5.691115405194651
36492,0,calendar_2014_test,105.21448903740404,101.0,0.5,0.0,0.0,4.214489037404036
36493,0,calendar_2014_test,91.98714846975504,87.0,0.5,0.0,0.0,4.9871484697550414
36494,0,calendar_2014_test,79.5006352704115,54.0,0.5,0.0,0.0,25.500635270411493
36495,0,calendar_2014_test,44.74056463334392,50.0,0.5,0.0,0.0,5.259435366656078
36496,0,calendar_2014_test,47.230639202339994,42.0,0.5,0.0,0.0,5.230639202339994
36497,0,calendar_2014_test,41.465141346457024,38.0,0.5,0.0,0.0,3.465141346457024
36498,0,calendar_2014_test,30.724228743434978,38.0,0.5,0.0,0.0,7.275771256565022
36499,0,calendar_2014_test,30.892622921811807,39.0,0.5,0.0,0.0,8.107377078188193
36500,0,calendar_2014_test,42.06968586504784,33.0,0.5,0.0,0.0,9.069685865047838
36501,0,calendar_2014_test,36.450839495376954,34.0,0.5,0.0,0.0,2.450839495376954
36502,0,calendar_2014_test,41.21055192837173,40.0,0.5,0.0,0.0,1.2105519283717285
36503,0,calendar_2014_test,47.95076930429001,48.0,0.5,0.0,0.0,0.04923069570998706
36504,0,calendar_2014_test,51.64184417705937,45.0,0.5,0.0,0.0,6.641844177059369
36505,0,calendar_2014_test,48.78186073591076,39.0,0.5,0.0,0.0,9.781860735910762
36506,0,calendar_2014_test,47.9722665593368,44.0,0.5,0.0,0.0,3.972266559336802
36507,0,calendar_2014_test,57.1499545845071,57.0,0.5,0.0,0.0,0.14995458450709975
36508,0,calendar_2014_test,71.1358706104445,77.0,0.5,0.0,0.0,5.864129389555501
36509,0,calendar_2014_test,90.85740151265264,76.0,0.5,0.0,0.0,14.857401512652643
36510,0,calendar_2014_test,82.45981892142848,98.0,0.5,0.0,0.0,15.540181078571521
36511,0,calendar_2014_test,109.28196966771075,101.0,0.5,0.0,0.0,8.281969667710754
36512,0,calendar_2014_test,106.9845058314311,104.0,0.5,0.0,0.0,2.9845058314310933
36513,0,calendar_2014_test,108.49919955534179,106.0,0.5,0.0,0.0,2.4991995553417894
36514,0,calendar_2014_test,104.35037911522188,108.0,0.5,0.0,0.0,3.649620884778116
36515,0,calendar_2014_test,104.4381685947702,98.0,0.5,0.0,0.0,6.438168594770204
36516,0,calendar_2014_test,90.62310038818151,79.0,0.5,0.0,0.0,11.623100388181513
36517,0,calendar_2014_test,70.56777546269103,44.0,0.5,0.0,0.0,26.56777546269103
36518,0,calendar_2014_test,40.890796556816454,33.0,0.5,0.0,0.0,7.890796556816454
36519,0,calendar_2014_test,36.54908895454312,45.0,0.5,0.0,0.0,8.450911045456877
36520,0,calendar_2014_test,46.46318638045042,53.0,0.5,0.0,0.0,6.5368136195495765
36521,0,calendar_2014_test,49.076219181590496,47.0,0.5,0.0,0.0,2.0762191815904956
36522,0,calendar_2014_test,39.16081655147386,42.0,0.5,0.0,0.0,2.8391834485261427
36523,0,calendar_2014_test,45.465735536054,34.0,0.5,0.0,0.0,11.465735536053998
36524,0,calendar_2014_test,38.696735439918406,38.0,0.5,0.0,0.0,0.696735439918406
36525,0,calendar_2014_test,45.8131022651512,41.0,0.5,0.0,0.0,4.813102265151201
36526,0,calendar_2014_test,46.62503599208424,56.0,0.5,0.0,0.0,9.374964007915757
36527,0,calendar_2014_test,62.81029154474324,59.0,0.5,0.0,0.0,3.8102915447432366
36528,0,calendar_2014_test,62.3780450374546,68.0,0.5,0.0,0.0,5.621954962545402
36529,0,calendar_2014_test,77.84998780671343,79.0,0.5,0.0,0.0,1.150012193286571
36530,0,calendar_2014_test,92.47949000264943,79.0,0.5,0.0,0.0,13.479490002649428
36531,0,calendar_2014_test,89.16487706097934,111.0,0.5,0.0,0.0,21.835122939020664
36532,0,calendar_2014_test,128.03815959807716,147.0,0.5,0.0,0.0,18.961840401922842
36533,0,calendar_2014_test,158.5350981170942,153.0,0.5,0.0,0.0,5.535098117094208
36534,0,calendar_2014_test,158.75273828998974,145.0,0.5,0.0,0.0,13.752738289989736
36535,0,calendar_2014_test,145.3638194288678,143.0,0.5,0.0,0.0,2.3638194288677994
36536,0,calendar_2014_test,145.00534346646765,144.0,0.5,0.0,0.0,1.0053434664676502
36537,0,calendar_2014_test,143.64929455122743,200.0,0.5,0.0,0.0,56.35070544877257
36538,0,calendar_2014_test,204.5873398157671,239.0,0.5,0.0,0.0,34.41266018423289
36539,0,calendar_2014_test,233.2052616918248,185.0,0.5,0.0,0.0,48.2052616918248
36540,0,calendar_2014_test,160.9169625244604,163.0,0.5,0.0,0.0,2.083037475539612
36541,0,calendar_2014_test,138.76448609580234,28.0,0.5,0.0,0.0,110.76448609580234
36542,0,calendar_2014_test,22.361086950603806,12.0,0.5,0.0,0.0,10.361086950603806
36543,0,calendar_2014_test,15.389409787155088,9.0,0.5,0.0,0.0,6.389409787155088
36544,0,calendar_2014_test,12.42909273446081,9.0,0.5,0.0,0.0,3.4290927344608093
36545,0,calendar_2014_test,11.151768342333753,11.0,0.5,0.0,0.0,0.15176834233375303
36546,0,calendar_2014_test,13.337261416580233,15.0,0.5,0.0,0.0,1.6627385834197668
36547,0,calendar_2014_test,15.890832095328307,13.0,0.5,0.0,0.0,2.8908320953283067
36548,0,calendar_2014_test,13.824554029431695,14.0,0.5,0.0,0.0,0.1754459705683047
36549,0,calendar_2014_test,16.084031843468722,17.0,0.5,0.0,0.0,0.915968156531278
36550,0,calendar_2014_test,16.237345757962288,18.0,0.5,0.0,0.0,1.762654242037712
36551,0,calendar_2014_test,16.27681842963831,16.0,0.5,0.0,0.0,0.27681842963831116
36552,0,calendar_2014_test,14.927555893887202,11.0,0.5,0.0,0.0,3.9275558938872024
36553,0,calendar_2014_test,14.475192327179386,7.0,0.5,0.0,0.0,7.475192327179386
36554,0,calendar_2014_test,10.741895853481793,9.0,0.5,0.0,0.0,1.7418958534817932
36555,0,calendar_2014_test,13.063832962475018,13.0,0.5,0.0,0.0,0.06383296247501846
36556,0,calendar_2014_test,17.553901569097334,16.0,0.5,0.0,0.0,1.5539015690973343
36557,0,calendar_2014_test,14.56469187168426,8.0,0.5,0.0,0.0,6.564691871684261
36558,0,calendar_2014_test,9.607801806005895,19.0,0.5,0.0,0.0,9.392198193994105
36559,0,calendar_2014_test,17.727237445710074,8.0,0.5,0.0,0.0,9.727237445710074
36560,0,calendar_2014_test,10.568801043278768,9.0,0.5,0.0,0.0,1.5688010432787678
36561,0,calendar_2014_test,10.200193306179429,5.0,0.5,0.0,0.0,5.200193306179429
36562,0,calendar_2014_test,7.0750722894059095,2.0,0.5,0.0,0.0,5.0750722894059095
36563,0,calendar_2014_test,7.127656886561596,2.0,0.5,0.0,0.0,5.127656886561596
36564,0,calendar_2014_test,8.131202052623536,3.0,0.5,0.0,0.0,5.131202052623536
36565,0,calendar_2014_test,7.440726088509379,3.0,0.5,0.0,0.0,4.440726088509379
36566,0,calendar_2014_test,7.929885414736432,6.0,0.5,0.0,0.0,1.9298854147364324
36567,0,calendar_2014_test,10.094420275661406,4.0,0.5,0.0,0.0,6.094420275661406
36568,0,calendar_2014_test,8.154166089851884,4.0,0.5,0.0,0.0,4.154166089851884
36569,0,calendar_2014_test,8.323873124365974,5.0,0.5,0.0,0.0,3.3238731243659743
36570,0,calendar_2014_test,8.759996867650841,6.0,0.5,0.0,0.0,2.759996867650841
36571,0,calendar_2014_test,9.292257950779273,6.0,0.5,0.0,0.0,3.2922579507792733
36572,0,calendar_2014_test,8.549796321322404,5.0,0.5,0.0,0.0,3.549796321322404
36573,0,calendar_2014_test,8.812532388808137,4.0,0.5,0.0,0.0,4.812532388808137
36574,0,calendar_2014_test,8.710115607435924,6.0,0.5,0.0,0.0,2.710115607435924
36575,0,calendar_2014_test,9.996140773498524,5.0,0.5,0.0,0.0,4.996140773498524
36576,0,calendar_2014_test,9.355791318477543,3.0,0.5,0.0,0.0,6.355791318477543
36577,0,calendar_2014_test,9.792421617688149,5.0,0.5,0.0,0.0,4.792421617688149
36578,0,calendar_2014_test,9.60371689066163,7.0,0.5,0.0,0.0,2.60371689066163
36579,0,calendar_2014_test,11.640278212153447,9.0,0.5,0.0,0.0,2.640278212153447
36580,0,calendar_2014_test,12.763824395977352,11.0,0.5,0.0,0.0,1.7638243959773519
36581,0,calendar_2014_test,14.448634553952857,12.0,0.5,0.0,0.0,2.448634553952857
36582,0,calendar_2014_test,14.788123277330143,15.0,0.5,0.0,0.0,0.21187672266985658
36583,0,calendar_2014_test,15.518804623595528,17.0,0.5,0.0,0.0,1.4811953764044716
36584,0,calendar_2014_test,14.625969503428266,12.0,0.5,0.0,0.0,2.6259695034282657
36585,0,calendar_2014_test,13.190853741797909,11.0,0.5,0.0,0.0,2.190853741797909
36586,0,calendar_2014_test,16.425618424150585,12.0,0.5,0.0,0.0,4.425618424150585
36587,0,calendar_2014_test,15.234579845363143,12.0,0.5,0.0,0.0,3.234579845363143
36588,0,calendar_2014_test,13.827838244554172,11.0,0.5,0.0,0.0,2.8278382445541723
36589,0,calendar_2014_test,16.20754730505955,13.0,0.5,0.0,0.0,3.207547305059549
36590,0,calendar_2014_test,16.64977759001836,15.0,0.5,0.0,0.0,1.6497775900183598
36591,0,calendar_2014_test,19.54291679570781,21.0,0.5,0.0,0.0,1.4570832042921893
36592,0,calendar_2014_test,24.463152317823017,21.0,0.5,0.0,0.0,3.463152317823017
36593,0,calendar_2014_test,22.03645630947183,40.0,0.5,0.0,0.0,17.96354369052817
36594,0,calendar_2014_test,42.554404607447985,40.0,0.5,0.0,0.0,2.554404607447985
36595,0,calendar_2014_test,34.5101018081301,20.0,0.5,0.0,0.0,14.510101808130102
36596,0,calendar_2014_test,18.782429194473167,16.0,0.5,0.0,0.0,2.782429194473167
36597,0,calendar_2014_test,17.655320300257458,26.0,0.5,0.0,0.0,8.344679699742542
36598,0,calendar_2014_test,25.885535971767112,25.0,0.5,0.0,0.0,0.8855359717671121
36599,0,calendar_2014_test,22.430453777053458,25.0,0.5,0.0,0.0,2.569546222946542
36600,0,calendar_2014_test,24.036149509981854,35.0,0.5,0.0,0.0,10.963850490018146
36601,0,calendar_2014_test,32.97834139741465,32.0,0.5,0.0,0.0,0.9783413974146526
36602,0,calendar_2014_test,41.53603847860873,35.0,0.5,0.0,0.0,6.536038478608731
36603,0,calendar_2014_test,46.51324867112035,50.0,0.5,0.0,0.0,3.486751328879649
36604,0,calendar_2014_test,61.27326129081693,74.0,0.5,0.0,0.0,12.726738709183067
36605,0,calendar_2014_test,80.70014842278904,64.0,0.5,0.0,0.0,16.70014842278904
36606,0,calendar_2014_test,67.85359108912789,90.0,0.5,0.0,0.0,22.14640891087211
36607,0,calendar_2014_test,96.56176350998794,138.0,0.5,0.0,0.0,41.43823649001206
36608,0,calendar_2014_test,153.16181588462857,182.0,0.5,0.0,0.0,28.838184115371433
36609,0,calendar_2014_test,181.23022242336438,210.0,0.5,0.0,0.0,28.76977757663562
36610,0,calendar_2014_test,216.49801545896992,208.0,0.5,0.0,0.0,8.498015458969917
36611,0,calendar_2014_test,202.63433789629238,152.0,0.5,0.0,0.0,50.63433789629238
36612,0,calendar_2014_test,128.1723694859503,122.0,0.5,0.0,0.0,6.172369485950298
36613,0,calendar_2014_test,111.59567038340133,87.0,0.5,0.0,0.0,24.595670383401327
36614,0,calendar_2014_test,81.3000938878827,62.0,0.5,0.0,0.0,19.300093887882696
36615,0,calendar_2014_test,59.19219587666764,52.0,0.5,0.0,0.0,7.19219587666764
36616,0,calendar_2014_test,53.792543940353035,52.0,0.5,0.0,0.0,1.7925439403530348
36617,0,calendar_2014_test,56.245254966577455,59.0,0.5,0.0,0.0,2.7547450334225445
36618,0,calendar_2014_test,64.2401469700101,96.0,0.5,0.0,0.0,31.7598530299899
36619,0,calendar_2014_test,103.95222945646852,128.0,0.5,0.0,0.0,24.047770543531485
36620,0,calendar_2014_test,145.25669345663687,141.0,0.5,0.0,0.0,4.256693456636867
36621,0,calendar_2014_test,153.72671823047872,167.0,0.5,0.0,0.0,13.273281769521276
36622,0,calendar_2014_test,184.94706355657263,206.0,0.5,0.0,0.0,21.05293644342737
36623,0,calendar_2014_test,217.45278925244378,227.0,0.5,0.0,0.0,9.547210747556221
36624,0,calendar_2014_test,233.08569212253025,246.0,0.5,0.0,0.0,12.914307877469753
36625,0,calendar_2014_test,241.16663803880118,230.0,0.5,0.0,0.0,11.166638038801182
36626,0,calendar_2014_test,218.63881229541497,239.0,0.5,0.0,0.0,20.361187704585035
36627,0,calendar_2014_test,234.6824487686826,238.0,0.5,0.0,0.0,3.3175512313173954
36628,0,calendar_2014_test,219.03384354498638,250.0,0.5,0.0,0.0,30.966156455013618
36629,0,calendar_2014_test,233.3292434015136,261.0,0.5,0.0,0.0,27.670756598486406
36630,0,calendar_2014_test,264.0592649202281,283.0,0.5,0.0,0.0,18.940735079771912
36631,0,calendar_2014_test,293.25287794374344,273.0,0.5,0.0,0.0,20.252877943743442
36632,0,calendar_2014_test,266.53811001069613,281.0,0.5,0.0,0.0,14.46188998930387
36633,0,calendar_2014_test,257.11139436147494,218.0,0.5,0.0,0.0,39.111394361474936
36634,0,calendar_2014_test,191.27768121233026,222.0,0.5,0.0,0.0,30.722318787669735
36635,0,calendar_2014_test,224.22145023613243,206.0,0.5,0.0,0.0,18.221450236132426
36636,0,calendar_2014_test,206.20267216769815,304.0,0.5,0.0,0.0,97.79732783230185
36637,0,calendar_2014_test,317.15076949030225,299.0,0.5,0.0,0.0,18.150769490302253
36638,0,calendar_2014_test,286.1984603195684,284.0,0.5,0.0,0.0,2.198460319568426
36639,0,calendar_2014_test,274.7090674847787,266.0,0.5,0.0,0.0,8.7090674847787
36640,0,calendar_2014_test,253.4580923449535,256.0,0.5,0.0,0.0,2.5419076550464865
36641,0,calendar_2014_test,237.86326965420014,79.0,0.5,0.0,0.0,158.86326965420014
36642,0,calendar_2014_test,45.27456805496262,38.0,0.5,0.0,0.0,7.2745680549626215
36643,0,calendar_2014_test,22.89147968818081,22.0,0.5,0.0,0.0,0.8914796881808087
36644,0,calendar_2014_test,18.148873608025056,15.0,0.5,0.0,0.0,3.148873608025056
36645,0,calendar_2014_test,16.631771839465543,21.0,0.5,0.0,0.0,4.368228160534457
36646,0,calendar_2014_test,19.376057231557766,18.0,0.5,0.0,0.0,1.3760572315577662
36647,0,calendar_2014_test,18.60505915766626,19.0,0.5,0.0,0.0,0.39494084233373883
36648,0,calendar_2014_test,20.022790154612153,16.0,0.5,0.0,0.0,4.022790154612153
36649,0,calendar_2014_test,12.853506040709519,17.0,0.5,0.0,0.0,4.146493959290481
36650,0,calendar_2014_test,19.5805388818807,15.0,0.5,0.0,0.0,4.580538881880699
36651,0,calendar_2014_test,18.207738935479213,24.0,0.5,0.0,0.0,5.792261064520787
36652,0,calendar_2014_test,26.90171883160562,12.0,0.5,0.0,0.0,14.90171883160562
36653,0,calendar_2014_test,11.195428899734324,19.0,0.5,0.0,0.0,7.804571100265676
36654,0,calendar_2014_test,16.24393164874435,13.0,0.5,0.0,0.0,3.2439316487443506
36655,0,calendar_2014_test,11.599246113757275,12.0,0.5,0.0,0.0,0.40075388624272534
36656,0,calendar_2014_test,12.492356177659062,13.0,0.5,0.0,0.0,0.5076438223409383
36657,0,calendar_2014_test,10.06764258638863,12.0,0.5,0.0,0.0,1.9323574136113706
36658,0,calendar_2014_test,10.976932486994102,13.0,0.5,0.0,0.0,2.0230675130058984
36659,0,calendar_2014_test,11.836708947428917,11.0,0.5,0.0,0.0,0.8367089474289173
36660,0,calendar_2014_test,16.951399066896442,11.0,0.5,0.0,0.0,5.9513990668964425
36661,0,calendar_2014_test,14.297760367805424,9.0,0.5,0.0,0.0,5.297760367805424
36662,0,calendar_2014_test,14.416932843960595,11.0,0.5,0.0,0.0,3.416932843960595
36663,0,calendar_2014_test,15.590483617484125,17.0,0.5,0.0,0.0,1.409516382515875
36664,0,calendar_2014_test,15.587744904686517,19.0,0.5,0.0,0.0,3.4122550953134834
36665,0,calendar_2014_test,15.870914660876082,19.0,0.5,0.0,0.0,3.129085339123918
36666,0,calendar_2014_test,16.581575945048527,16.0,0.5,0.0,0.0,0.5815759450485274
36667,0,calendar_2014_test,14.234554142908081,14.0,0.5,0.0,0.0,0.23455414290808108
36668,0,calendar_2014_test,14.47426759465111,15.0,0.5,0.0,0.0,0.5257324053488901
36669,0,calendar_2014_test,13.80553793279715,15.0,0.5,0.0,0.0,1.1944620672028492
36670,0,calendar_2014_test,13.432697743915057,8.0,0.5,0.0,0.0,5.432697743915057
36671,0,calendar_2014_test,10.256318146189741,13.0,0.5,0.0,0.0,2.7436818538102585
36672,0,calendar_2014_test,14.990700457593661,16.0,0.5,0.0,0.0,1.009299542406339
36673,0,calendar_2014_test,22.19414955268239,27.0,0.5,0.0,0.0,4.80585044731761
36674,0,calendar_2014_test,35.984112960322534,47.0,0.5,0.0,0.0,11.015887039677466
36675,0,calendar_2014_test,55.05457009551237,54.0,0.5,0.0,0.0,1.0545700955123678
36676,0,calendar_2014_test,58.04255394983544,62.0,0.5,0.0,0.0,3.957446050164563
36677,0,calendar_2014_test,67.7833846211653,66.0,0.5,0.0,0.0,1.7833846211652968
36678,0,calendar_2014_test,73.49529302879814,72.0,0.5,0.0,0.0,1.4952930287981445
36679,0,calendar_2014_test,74.83912136489516,81.0,0.5,0.0,0.0,6.160878635104837
36680,0,calendar_2014_test,85.12247934416695,138.0,0.5,0.0,0.0,52.87752065583305
36681,0,calendar_2014_test,153.84298469225274,121.0,0.5,0.0,0.0,32.84298469225274
36682,0,calendar_2014_test,106.3292190731529,78.0,0.5,0.0,0.0,28.3292190731529
36683,0,calendar_2014_test,60.560989556249375,78.0,0.5,0.0,0.0,17.439010443750625
36684,0,calendar_2014_test,73.01758347712101,63.0,0.5,0.0,0.0,10.017583477121008
36685,0,calendar_2014_test,59.803222185440156,45.0,0.5,0.0,0.0,14.803222185440156
36686,0,calendar_2014_test,40.651104962945254,39.0,0.5,0.0,0.0,1.6511049629452543
36687,0,calendar_2014_test,38.79265552820027,40.0,0.5,0.0,0.0,1.207344471799729
36688,0,calendar_2014_test,38.43455193371654,42.0,0.5,0.0,0.0,3.5654480662834587
36689,0,calendar_2014_test,37.857438156511606,41.0,0.5,0.0,0.0,3.1425618434883944
36690,0,calendar_2014_test,44.47005601817226,53.0,0.5,0.0,0.0,8.529943981827742
36691,0,calendar_2014_test,55.58185909192206,52.0,0.5,0.0,0.0,3.5818590919220625
36692,0,calendar_2014_test,50.74144558449674,61.0,0.5,0.0,0.0,10.258554415503262
36693,0,calendar_2014_test,64.6524436915893,59.0,0.5,0.0,0.0,5.652443691589298
36694,0,calendar_2014_test,63.80480290672577,53.0,0.5,0.0,0.0,10.804802906725769
36695,0,calendar_2014_test,55.22964496397369,59.0,0.5,0.0,0.0,3.7703550360263094
36696,0,calendar_2014_test,66.0787534596117,63.0,0.5,0.0,0.0,3.078753459611704
36697,0,calendar_2014_test,75.88636721951544,86.0,0.5,0.0,0.0,10.113632780484565
36698,0,calendar_2014_test,100.49797202639765,106.0,0.5,0.0,0.0,5.5020279736023525
36699,0,calendar_2014_test,121.27321401560334,136.0,0.5,0.0,0.0,14.726785984396656
36700,0,calendar_2014_test,153.7830893377273,158.0,0.5,0.0,0.0,4.21691066227271
36701,0,calendar_2014_test,170.39293550943864,189.0,0.5,0.0,0.0,18.607064490561356
36702,0,calendar_2014_test,199.0413156841426,203.0,0.5,0.0,0.0,3.958684315857397
36703,0,calendar_2014_test,214.01232840777934,221.0,0.5,0.0,0.0,6.987671592220664
36704,0,calendar_2014_test,230.14657214196706,257.0,0.5,0.0,0.0,26.853427858032944
36705,0,calendar_2014_test,256.48434391106315,333.0,0.5,0.0,0.0,76.51565608893685
36706,0,calendar_2014_test,320.52521043036273,371.0,0.5,0.0,0.0,50.47478956963727
36707,0,calendar_2014_test,361.12981089853804,354.0,0.5,0.0,0.0,7.1298108985380395
36708,0,calendar_2014_test,336.0925664524418,273.0,0.5,0.0,0.0,63.092566452441815
36709,0,calendar_2014_test,229.9736123595226,255.0,0.5,0.0,0.0,25.026387640477395
36710,0,calendar_2014_test,232.86819109589362,165.0,0.5,0.0,0.0,67.86819109589362
36711,0,calendar_2014_test,138.73673329190296,198.0,0.5,0.0,0.0,59.263266708097035
36712,0,calendar_2014_test,211.22911536236913,275.0,0.5,0.0,0.0,63.77088463763087
36713,0,calendar_2014_test,276.02740060859867,320.0,0.5,0.0,0.0,43.97259939140133
36714,0,calendar_2014_test,332.4862840516072,284.0,0.5,0.0,0.0,48.486284051607186
36715,0,calendar_2014_test,273.32429205543366,346.0,0.5,0.0,0.0,72.67570794456634
36716,0,calendar_2014_test,396.2714810108667,311.0,0.5,0.0,0.0,85.2714810108667
36717,0,calendar_2014_test,293.5468385930384,372.0,0.5,0.0,0.0,78.45316140696161
36718,0,calendar_2014_test,392.2256059703493,399.0,0.5,0.0,0.0,6.7743940296506935
36719,0,calendar_2014_test,436.2660303540191,370.0,0.5,0.0,0.0,66.26603035401911
36720,0,calendar_2014_test,355.8761195548441,327.0,0.5,0.0,0.0,28.87611955484408
36721,0,calendar_2014_test,326.56841737645505,346.0,0.5,0.0,0.0,19.431582623544955
36722,0,calendar_2014_test,382.5008251701696,351.0,0.5,0.0,0.0,31.500825170169605
36723,0,calendar_2014_test,391.0881618426306,362.0,0.5,0.0,0.0,29.088161842630598
36724,0,calendar_2014_test,388.9902166536012,394.0,0.5,0.0,0.0,5.0097833463988195
36725,0,calendar_2014_test,422.64414647322667,409.0,0.5,0.0,0.0,13.64414647322667
36726,0,calendar_2014_test,419.1016314702818,384.0,0.5,0.0,0.0,35.1016314702818
36727,0,calendar_2014_test,340.16568484086815,393.0,0.5,0.0,0.0,52.83431515913185
36728,0,calendar_2014_test,403.2323057486054,380.0,0.5,0.0,0.0,23.232305748605427
36729,0,calendar_2014_test,341.7061601329248,330.0,0.5,0.0,0.0,11.706160132924822
36730,0,calendar_2014_test,311.8838399138432,324.0,0.5,0.0,0.0,12.11616008615681
36731,0,calendar_2014_test,319.66638270170324,334.0,0.5,0.0,0.0,14.333617298296758
36732,0,calendar_2014_test,332.0931217248409,334.0,0.5,0.0,0.0,1.9068782751591016
36733,0,calendar_2014_test,322.12291657285084,368.0,0.5,0.0,0.0,45.87708342714916
36734,0,calendar_2014_test,375.58381773076235,360.0,0.5,0.0,0.0,15.583817730762348
36735,0,calendar_2014_test,359.10968450180377,324.0,0.5,0.0,0.0,35.10968450180377
36736,0,calendar_2014_test,323.48991406734,299.0,0.5,0.0,0.0,24.48991406734001
36737,0,calendar_2014_test,294.07965399036254,305.0,0.5,0.0,0.0,10.920346009637456
36738,0,calendar_2014_test,310.90162278899226,290.0,0.5,0.0,0.0,20.901622788992256
36739,0,calendar_2014_test,287.2918062624068,314.0,0.5,0.0,0.0,26.708193737593206
36740,0,calendar_2014_test,346.47935977564276,315.0,0.5,0.0,0.0,31.479359775642763
36741,0,calendar_2014_test,337.16558008934237,306.0,0.5,0.0,0.0,31.16558008934237
36742,0,calendar_2014_test,303.85660999262006,292.0,0.5,0.0,0.0,11.856609992620065
36743,0,calendar_2014_test,286.5692938157216,315.0,0.5,0.0,0.0,28.430706184278392
36744,0,calendar_2014_test,344.7319870865208,332.0,0.5,0.0,0.0,12.731987086520803
36745,0,calendar_2014_test,359.17799618388085,342.0,0.5,0.0,0.0,17.17799618388085
36746,0,calendar_2014_test,352.9147940529059,338.0,0.5,0.0,0.0,14.914794052905904
36747,0,calendar_2014_test,343.7847273598284,375.0,0.5,0.0,0.0,31.215272640171577
36748,0,calendar_2014_test,18.605823429150504,31.0,0.5,0.0,0.0,12.394176570849496
36749,0,calendar_2014_test,24.317311607326545,37.0,0.5,0.0,0.0,12.682688392673455
36750,0,calendar_2014_test,32.86673105316234,36.0,0.5,0.0,0.0,3.13326894683766
36751,0,calendar_2014_test,32.73818771478136,31.0,0.5,0.0,0.0,1.7381877147813611
36752,0,calendar_2014_test,32.12316802108411,26.0,0.5,0.0,0.0,6.123168021084112
36753,0,calendar_2014_test,31.254364245834424,28.0,0.5,0.0,0.0,3.2543642458344237
36754,0,calendar_2014_test,32.25665226851319,26.0,0.5,0.0,0.0,6.256652268513193
36755,0,calendar_2014_test,32.16552072624259,38.0,0.5,0.0,0.0,5.83447927375741
36756,0,calendar_2014_test,44.038464353331925,48.0,0.5,0.0,0.0,3.961535646668075
36757,0,calendar_2014_test,51.632327666121476,65.0,0.5,0.0,0.0,13.367672333878524
36758,0,calendar_2014_test,74.24921048039184,79.0,0.5,0.0,0.0,4.750789519608162
36759,0,calendar_2014_test,88.17895039866735,101.0,0.5,0.0,0.0,12.821049601332646
36760,0,calendar_2014_test,110.49071440497791,123.0,0.5,0.0,0.0,12.509285595022092
36761,0,calendar_2014_test,127.98803176345619,146.0,0.5,0.0,0.0,18.011968236543808
36762,0,calendar_2014_test,146.47533357147495,127.0,0.5,0.0,0.0,19.47533357147495
36763,0,calendar_2014_test,116.31875023636758,107.0,0.5,0.0,0.0,9.318750236367578
36764,0,calendar_2014_test,102.44150387219764,106.0,0.5,0.0,0.0,3.558496127802357
36765,0,calendar_2014_test,106.43314308072345,116.0,0.5,0.0,0.0,9.566856919276546
36766,0,calendar_2014_test,116.17450963664305,100.0,0.5,0.0,0.0,16.17450963664305
36767,0,calendar_2014_test,96.27628608949071,91.0,0.5,0.0,0.0,5.276286089490711
36768,0,calendar_2014_test,91.5060513372324,91.0,0.5,0.0,0.0,0.5060513372324067
36769,0,calendar_2014_test,93.10031049883395,99.0,0.5,0.0,0.0,5.899689501166051
36770,0,calendar_2014_test,100.7807623172861,110.0,0.5,0.0,0.0,9.219237682713896
36771,0,calendar_2014_test,113.30958955223085,111.0,0.5,0.0,0.0,2.3095895522308467
36772,0,calendar_2014_test,107.85931598391755,113.0,0.5,0.0,0.0,5.140684016082446
36773,0,calendar_2014_test,106.2049045298237,101.0,0.5,0.0,0.0,5.204904529823693
36774,0,calendar_2014_test,101.83319049560423,101.0,0.5,0.0,0.0,0.833190495604228
36775,0,calendar_2014_test,106.20272773038201,111.0,0.5,0.0,0.0,4.7972722696179915
36776,0,calendar_2014_test,119.6104577934856,114.0,0.5,0.0,0.0,5.610457793485594
36777,0,calendar_2014_test,120.72304925499338,119.0,0.5,0.0,0.0,1.7230492549933842
36778,0,calendar_2014_test,126.60131736442935,141.0,0.5,0.0,0.0,14.398682635570651
36779,0,calendar_2014_test,154.8493000425301,149.0,0.5,0.0,0.0,5.849300042530103
36780,0,calendar_2014_test,155.29115802921854,134.0,0.5,0.0,0.0,21.291158029218536
36781,0,calendar_2014_test,136.2349764304037,143.0,0.5,0.0,0.0,6.765023569596309
36782,0,calendar_2014_test,154.99389946504385,174.0,0.5,0.0,0.0,19.006100534956147
36783,0,calendar_2014_test,186.4276605360618,182.0,0.5,0.0,0.0,4.427660536061808
36784,0,calendar_2014_test,186.14710895835094,181.0,0.5,0.0,0.0,5.147108958350941
36785,0,calendar_2014_test,177.08420293885234,186.0,0.5,0.0,0.0,8.915797061147657
36786,0,calendar_2014_test,190.33515602334165,193.0,0.5,0.0,0.0,2.6648439766583465
36787,0,calendar_2014_test,186.43541710253754,240.0,0.5,0.0,0.0,53.56458289746246
36788,0,calendar_2014_test,232.64684222419544,289.0,0.5,0.0,0.0,56.35315777580456
36789,0,calendar_2014_test,271.73675912098906,282.0,0.5,0.0,0.0,10.263240879010937
36790,0,calendar_2014_test,225.26263701873654,188.0,0.5,0.0,0.0,37.26263701873654
36791,0,calendar_2014_test,141.36068191788195,175.0,0.5,0.0,0.0,33.63931808211805
36792,0,calendar_2014_test,148.86422312541097,150.0,0.5,0.0,0.0,1.1357768745890269
36793,0,calendar_2014_test,131.71642332562706,116.0,0.5,0.0,0.0,15.716423325627062
36794,0,calendar_2014_test,97.04634191259912,100.0,0.5,0.0,0.0,2.953658087400882
36795,0,calendar_2014_test,89.44864334185098,42.0,0.5,0.0,0.0,47.44864334185098
36796,0,calendar_2014_test,43.472695579972715,41.0,0.5,0.0,0.0,2.472695579972715
36797,0,calendar_2014_test,38.327184464535755,30.0,0.5,0.0,0.0,8.327184464535755
36798,0,calendar_2014_test,25.254467638167142,28.0,0.5,0.0,0.0,2.7455323618328578
36799,0,calendar_2014_test,24.94839348984938,19.0,0.5,0.0,0.0,5.94839348984938
36800,0,calendar_2014_test,25.03248428604209,22.0,0.5,0.0,0.0,3.0324842860420915
36801,0,calendar_2014_test,27.629612621990134,22.0,0.5,0.0,0.0,5.629612621990134
36802,0,calendar_2014_test,31.39542671200826,22.0,0.5,0.0,0.0,9.395426712008259
36803,0,calendar_2014_test,31.081237707623416,31.0,0.5,0.0,0.0,0.08123770762341564
36804,0,calendar_2014_test,39.2361991420385,31.0,0.5,0.0,0.0,8.236199142038501
36805,0,calendar_2014_test,38.668435275272415,44.0,0.5,0.0,0.0,5.331564724727585
36806,0,calendar_2014_test,54.76865180443247,46.0,0.5,0.0,0.0,8.768651804432473
36807,0,calendar_2014_test,54.52714493405345,62.0,0.5,0.0,0.0,7.472855065946547
36808,0,calendar_2014_test,77.2751570082119,80.0,0.5,0.0,0.0,2.724842991788094
36809,0,calendar_2014_test,92.2532984817085,129.0,0.5,0.0,0.0,36.7467015182915
36810,0,calendar_2014_test,146.18544584918826,118.0,0.5,0.0,0.0,28.185445849188255
36811,0,calendar_2014_test,118.54853964505983,90.0,0.5,0.0,0.0,28.548539645059833
36812,0,calendar_2014_test,88.64863280090947,78.0,0.5,0.0,0.0,10.648632800909468
36813,0,calendar_2014_test,78.60524278916681,86.0,0.5,0.0,0.0,7.394757210833191
36814,0,calendar_2014_test,93.8566473551767,111.0,0.5,0.0,0.0,17.143352644823295
36815,0,calendar_2014_test,118.41031667931597,144.0,0.5,0.0,0.0,25.58968332068403
36816,0,calendar_2014_test,147.95753040974978,121.0,0.5,0.0,0.0,26.95753040974978
36817,0,calendar_2014_test,110.91187080603756,112.0,0.5,0.0,0.0,1.0881291939624447
36818,0,calendar_2014_test,112.06463810329743,111.0,0.5,0.0,0.0,1.0646381032974261
36819,0,calendar_2014_test,115.08675203434417,146.0,0.5,0.0,0.0,30.913247965655827
36820,0,calendar_2014_test,154.88040853474104,159.0,0.5,0.0,0.0,4.119591465258964
36821,0,calendar_2014_test,165.79543133934655,151.0,0.5,0.0,0.0,14.79543133934655
36822,0,calendar_2014_test,149.99602524516203,143.0,0.5,0.0,0.0,6.996025245162031
36823,0,calendar_2014_test,142.889650045819,157.0,0.5,0.0,0.0,14.110349954181004
36824,0,calendar_2014_test,161.65735258788237,174.0,0.5,0.0,0.0,12.342647412117628
36825,0,calendar_2014_test,176.26374841321012,199.0,0.5,0.0,0.0,22.736251586789876
36826,0,calendar_2014_test,211.48509992169292,192.0,0.5,0.0,0.0,19.48509992169292
36827,0,calendar_2014_test,185.42598790619286,189.0,0.5,0.0,0.0,3.5740120938071414
36828,0,calendar_2014_test,188.29234572832607,159.0,0.5,0.0,0.0,29.29234572832607
36829,0,calendar_2014_test,155.52969196839692,205.0,0.5,0.0,0.0,49.47030803160308
36830,0,calendar_2014_test,224.78423146979276,230.0,0.5,0.0,0.0,5.215768530207242
36831,0,calendar_2014_test,246.52813623930828,280.0,0.5,0.0,0.0,33.47186376069172
36832,0,calendar_2014_test,287.8362562263852,266.0,0.5,0.0,0.0,21.836256226385217
36833,0,calendar_2014_test,251.38922958980547,311.0,0.5,0.0,0.0,59.61077041019453
36834,0,calendar_2014_test,301.80014331043674,342.0,0.5,0.0,0.0,40.19985668956326
36835,0,calendar_2014_test,322.7057497135164,323.0,0.5,0.0,0.0,0.29425028648358875
36836,0,calendar_2014_test,313.582280226868,299.0,0.5,0.0,0.0,14.582280226868022
36837,0,calendar_2014_test,289.6610341558668,283.0,0.5,0.0,0.0,6.661034155866787
36838,0,calendar_2014_test,278.41882258462124,258.0,0.5,0.0,0.0,20.41882258462124
36839,0,calendar_2014_test,245.44042513626258,239.0,0.5,0.0,0.0,6.440425136262576
36840,0,calendar_2014_test,231.36120577461293,236.0,0.5,0.0,0.0,4.638794225387073
36841,0,calendar_2014_test,239.11389364909118,241.0,0.5,0.0,0.0,1.8861063509088183
36842,0,calendar_2014_test,245.28942859797854,226.0,0.5,0.0,0.0,19.289428597978542
36843,0,calendar_2014_test,226.5584736076505,215.0,0.5,0.0,0.0,11.558473607650512
36844,0,calendar_2014_test,221.9893137354993,201.0,0.5,0.0,0.0,20.98931373549931
36845,0,calendar_2014_test,202.57550046737725,201.0,0.5,0.0,0.0,1.5755004673772532
36846,0,calendar_2014_test,208.0458845604189,234.0,0.5,0.0,0.0,25.954115439581102
36847,0,calendar_2014_test,250.74005434082588,241.0,0.5,0.0,0.0,9.740054340825878
36848,0,calendar_2014_test,243.02828926191077,250.0,0.5,0.0,0.0,6.971710738089229
36849,0,calendar_2014_test,254.84946844874815,259.0,0.5,0.0,0.0,4.150531551251845
36850,0,calendar_2014_test,266.68723964228013,289.0,0.5,0.0,0.0,22.312760357719867
36851,0,calendar_2014_test,314.218032572276,330.0,0.5,0.0,0.0,15.781967427723998
36852,0,calendar_2014_test,354.8656469519952,350.0,0.5,0.0,0.0,4.865646951995188
36853,0,calendar_2014_test,382.0338875584213,350.0,0.5,0.0,0.0,32.03388755842133
36854,0,calendar_2014_test,374.04900733589756,388.0,0.5,0.0,0.0,13.950992664102444
36855,0,calendar_2014_test,428.16844360440973,379.0,0.5,0.0,0.0,49.16844360440973
36856,0,calendar_2014_test,365.59119483264465,436.0,0.5,0.0,0.0,70.40880516735535
36857,0,calendar_2014_test,430.79056158925914,502.0,0.5,0.0,0.0,71.20943841074086
36858,0,calendar_2014_test,480.84640943138044,522.0,0.5,0.0,0.0,41.15359056861956
36859,0,calendar_2014_test,484.78650467069275,470.0,0.5,0.0,0.0,14.78650467069275
36860,0,calendar_2014_test,436.28581718495315,439.0,0.5,0.0,0.0,2.714182815046854
36861,0,calendar_2014_test,434.675986698179,362.0,0.5,0.0,0.0,72.67598669817897
36862,0,calendar_2014_test,228.32990980583352,176.0,0.5,0.0,0.0,52.32990980583352
36863,0,calendar_2014_test,64.4039054942127,98.0,0.5,0.0,0.0,33.596094505787306
36864,0,calendar_2014_test,31.210349837944122,24.0,0.5,0.0,0.0,7.210349837944122
36865,0,calendar_2014_test,6.192784496272822,20.0,0.5,0.0,0.0,13.807215503727178
36866,0,calendar_2014_test,13.177327118656507,11.0,0.5,0.0,0.0,2.177327118656507
36867,0,calendar_2014_test,7.4569671834427425,11.0,0.5,0.0,0.0,3.5430328165572575
36868,0,calendar_2014_test,10.699623812810472,14.0,0.5,0.0,0.0,3.300376187189528
36869,0,calendar_2014_test,14.695181048023883,14.0,0.5,0.0,0.0,0.6951810480238834
36870,0,calendar_2014_test,15.09478989741396,16.0,0.5,0.0,0.0,0.9052101025860395
36871,0,calendar_2014_test,14.659037587853675,13.0,0.5,0.0,0.0,1.6590375878536747
36872,0,calendar_2014_test,14.957824484233441,13.0,0.5,0.0,0.0,1.9578244842334414
36873,0,calendar_2014_test,12.495224583852448,14.0,0.5,0.0,0.0,1.5047754161475524
36874,0,calendar_2014_test,13.791971946627953,18.0,0.5,0.0,0.0,4.208028053372047
36875,0,calendar_2014_test,17.492309798859864,17.0,0.5,0.0,0.0,0.49230979885986415
36876,0,calendar_2014_test,15.082795056451658,16.0,0.5,0.0,0.0,0.9172049435483416
36877,0,calendar_2014_test,18.470808137954137,20.0,0.5,0.0,0.0,1.529191862045863
36878,0,calendar_2014_test,26.345342173695826,30.0,0.5,0.0,0.0,3.654657826304174
36879,0,calendar_2014_test,34.64100126971216,24.0,0.5,0.0,0.0,10.641001269712163
36880,0,calendar_2014_test,27.077131235435033,34.0,0.5,0.0,0.0,6.922868764564967
36881,0,calendar_2014_test,38.39679662627342,37.0,0.5,0.0,0.0,1.3967966262734208
36882,0,calendar_2014_test,36.77891700217504,39.0,0.5,0.0,0.0,2.2210829978249578
36883,0,calendar_2014_test,39.913704715196594,34.0,0.5,0.0,0.0,5.9137047151965945
36884,0,calendar_2014_test,35.07344248314597,39.0,0.5,0.0,0.0,3.9265575168540323
36885,0,calendar_2014_test,37.0612170098584,49.0,0.5,0.0,0.0,11.938782990141597
36886,0,calendar_2014_test,46.463076264977,51.0,0.5,0.0,0.0,4.536923735023002
36887,0,calendar_2014_test,48.18221333926199,52.0,0.5,0.0,0.0,3.817786660738008
36888,0,calendar_2014_test,47.31093328666268,70.0,0.5,0.0,0.0,22.68906671333732
36889,0,calendar_2014_test,68.94586170014459,83.0,0.5,0.0,0.0,14.05413829985541
36890,0,calendar_2014_test,83.9230581894461,92.0,0.5,0.0,0.0,8.076941810553905
36891,0,calendar_2014_test,88.22788032347155,95.0,0.5,0.0,0.0,6.7721196765284475
36892,0,calendar_2014_test,87.47776306020886,83.0,0.5,0.0,0.0,4.477763060208858
36893,0,calendar_2014_test,76.2485859121097,66.0,0.5,0.0,0.0,10.248585912109704
36894,0,calendar_2014_test,70.16576324943085,66.0,0.5,0.0,0.0,4.165763249430853
36895,0,calendar_2014_test,74.55929767521857,77.0,0.5,0.0,0.0,2.4407023247814266
36896,0,calendar_2014_test,86.31573951452172,74.0,0.5,0.0,0.0,12.315739514521724
36897,0,calendar_2014_test,76.86298384413675,70.0,0.5,0.0,0.0,6.86298384413675
36898,0,calendar_2014_test,76.11851775047492,86.0,0.5,0.0,0.0,9.881482249525078
36899,0,calendar_2014_test,94.34625543485758,90.0,0.5,0.0,0.0,4.346255434857582
36900,0,calendar_2014_test,93.27934631389155,91.0,0.5,0.0,0.0,2.2793463138915513
36901,0,calendar_2014_test,93.94784666981258,99.0,0.5,0.0,0.0,5.052153330187423
36902,0,calendar_2014_test,106.8697405847975,129.0,0.5,0.0,0.0,22.130259415202502
36903,0,calendar_2014_test,140.10993613521435,168.0,0.5,0.0,0.0,27.890063864785645
36904,0,calendar_2014_test,179.8460622766127,200.0,0.5,0.0,0.0,20.153937723387287
36905,0,calendar_2014_test,205.5006081531268,214.0,0.5,0.0,0.0,8.499391846873209
36906,0,calendar_2014_test,217.0423422001598,211.0,0.5,0.0,0.0,6.042342200159794
36907,0,calendar_2014_test,203.306632782478,219.0,0.5,0.0,0.0,15.693367217521995
36908,0,calendar_2014_test,225.95699118293524,237.0,0.5,0.0,0.0,11.04300881706476
36909,0,calendar_2014_test,240.64663217810636,248.0,0.5,0.0,0.0,7.353367821893642
36910,0,calendar_2014_test,247.89985543839148,254.0,0.5,0.0,0.0,6.100144561608516
36911,0,calendar_2014_test,253.71977499348742,254.0,0.5,0.0,0.0,0.2802250065125804
36912,0,calendar_2014_test,245.93395623152702,252.0,0.5,0.0,0.0,6.06604376847298
36913,0,calendar_2014_test,244.7247151296245,277.0,0.5,0.0,0.0,32.275284870375486
36914,0,calendar_2014_test,275.63079638629495,291.0,0.5,0.0,0.0,15.369203613705054
36915,0,calendar_2014_test,287.23042912298047,287.0,0.5,0.0,0.0,0.23042912298046758
36916,0,calendar_2014_test,280.4137178184171,295.0,0.5,0.0,0.0,14.586282181582874
36917,0,calendar_2014_test,290.1885464469128,287.0,0.5,0.0,0.0,3.1885464469128237
36918,0,calendar_2014_test,282.97151035301795,325.0,0.5,0.0,0.0,42.02848964698205
36919,0,calendar_2014_test,331.2487421570266,301.0,0.5,0.0,0.0,30.248742157026584
36920,0,calendar_2014_test,290.4800282844467,311.0,0.5,0.0,0.0,20.51997171555331
36921,0,calendar_2014_test,309.84007853049434,369.0,0.5,0.0,0.0,59.15992146950566
36922,0,calendar_2014_test,386.1682040808014,380.0,0.5,0.0,0.0,6.168204080801388
36923,0,calendar_2014_test,383.6735784064602,393.0,0.5,0.0,0.0,9.326421593539806
36924,0,calendar_2014_test,414.58845455299604,344.0,0.5,0.0,0.0,70.58845455299604
36925,0,calendar_2014_test,339.6878448600198,343.0,0.5,0.0,0.0,3.3121551399801774
36926,0,calendar_2014_test,336.98421988275845,343.0,0.5,0.0,0.0,6.0157801172415475
36927,0,calendar_2014_test,327.2809499490685,323.0,0.5,0.0,0.0,4.280949949068486
36928,0,calendar_2014_test,308.4080428025414,328.0,0.5,0.0,0.0,19.591957197458612
36929,0,calendar_2014_test,319.3870717468202,312.0,0.5,0.0,0.0,7.387071746820197
36930,0,calendar_2014_test,277.6463516190294,264.0,0.5,0.0,0.0,13.646351619029417
36931,0,calendar_2014_test,253.33407610385888,242.0,0.5,0.0,0.0,11.334076103858877
36932,0,calendar_2014_test,238.48139486933198,254.0,0.5,0.0,0.0,15.518605130668021
36933,0,calendar_2014_test,264.45758528893566,204.0,0.5,0.0,0.0,60.45758528893566
36934,0,calendar_2014_test,193.54843112442853,194.0,0.5,0.0,0.0,0.45156887557146774
36935,0,calendar_2014_test,185.35245902767542,227.0,0.5,0.0,0.0,41.64754097232458
36936,0,calendar_2014_test,227.12418570482464,242.0,0.5,0.0,0.0,14.87581429517536
36937,0,calendar_2014_test,230.2387493767057,235.0,0.5,0.0,0.0,4.761250623294302
36938,0,calendar_2014_test,224.91636624562983,168.0,0.5,0.0,0.0,56.91636624562983
36939,0,calendar_2014_test,116.83619539474903,20.0,0.5,0.0,0.0,96.83619539474903
36940,0,calendar_2014_test,17.169173468833435,18.0,0.5,0.0,0.0,0.830826531166565
36941,0,calendar_2014_test,14.29549492752922,16.0,0.5,0.0,0.0,1.7045050724707806
36942,0,calendar_2014_test,3.494260258252325,24.0,0.5,0.0,0.0,20.505739741747675
36943,0,calendar_2014_test,9.747764516059547,23.0,0.5,0.0,0.0,13.252235483940453
36944,0,calendar_2014_test,14.234937654627657,36.0,0.5,0.0,0.0,21.765062345372343
36945,0,calendar_2014_test,35.58900691455263,43.0,0.5,0.0,0.0,7.410993085447373
36946,0,calendar_2014_test,34.25276702287631,30.0,0.5,0.0,0.0,4.252767022876313
36947,0,calendar_2014_test,26.792278530749044,19.0,0.5,0.0,0.0,7.792278530749044
36948,0,calendar_2014_test,20.745998522496492,14.0,0.5,0.0,0.0,6.7459985224964925
36949,0,calendar_2014_test,18.474286976548896,18.0,0.5,0.0,0.0,0.4742869765488962
36950,0,calendar_2014_test,18.345118195975644,27.0,0.5,0.0,0.0,8.654881804024356
36951,0,calendar_2014_test,25.01824958815635,31.0,0.5,0.0,0.0,5.981750411843649
36952,0,calendar_2014_test,31.364782559108164,44.0,0.5,0.0,0.0,12.635217440891836
36953,0,calendar_2014_test,41.5189869240587,32.0,0.5,0.0,0.0,9.518986924058702
36954,0,calendar_2014_test,30.734190025566676,33.0,0.5,0.0,0.0,2.265809974433324
36955,0,calendar_2014_test,31.404251970074142,48.0,0.5,0.0,0.0,16.595748029925858
36956,0,calendar_2014_test,42.74367463030251,36.0,0.5,0.0,0.0,6.7436746303025075
36957,0,calendar_2014_test,32.89141689104281,25.0,0.5,0.0,0.0,7.891416891042809
36958,0,calendar_2014_test,21.729147166596135,21.0,0.5,0.0,0.0,0.7291471665961353
36959,0,calendar_2014_test,20.54840846048498,13.0,0.5,0.0,0.0,7.548408460484978
36960,0,calendar_2014_test,14.088744112106596,13.0,0.5,0.0,0.0,1.0887441121065962
36961,0,calendar_2014_test,12.728521499018171,12.0,0.5,0.0,0.0,0.7285214990181714
36962,0,calendar_2014_test,12.401238130579031,13.0,0.5,0.0,0.0,0.5987618694209687
36963,0,calendar_2014_test,13.134057677040829,12.0,0.5,0.0,0.0,1.134057677040829
36964,0,calendar_2014_test,13.735496109646718,11.0,0.5,0.0,0.0,2.735496109646718
36965,0,calendar_2014_test,12.578356431705885,10.0,0.5,0.0,0.0,2.5783564317058847
36966,0,calendar_2014_test,12.449786875214826,12.0,0.5,0.0,0.0,0.4497868752148264
36967,0,calendar_2014_test,13.756435346558007,14.0,0.5,0.0,0.0,0.24356465344199307
36968,0,calendar_2014_test,13.153879824688417,11.0,0.5,0.0,0.0,2.153879824688417
36969,0,calendar_2014_test,12.255370449084893,10.0,0.5,0.0,0.0,2.255370449084893
36970,0,calendar_2014_test,12.922823592659,9.0,0.5,0.0,0.0,3.9228235926590003
36971,0,calendar_2014_test,11.23664210230011,9.0,0.5,0.0,0.0,2.2366421023001095
36972,0,calendar_2014_test,12.654622157255318,8.0,0.5,0.0,0.0,4.654622157255318
36973,0,calendar_2014_test,11.151306562514236,9.0,0.5,0.0,0.0,2.151306562514236
36974,0,calendar_2014_test,13.810821316134792,15.0,0.5,0.0,0.0,1.189178683865208
36975,0,calendar_2014_test,18.314152264768182,19.0,0.5,0.0,0.0,0.6858477352318175
36976,0,calendar_2014_test,20.379698130202385,8.0,0.5,0.0,0.0,12.379698130202385
36977,0,calendar_2014_test,11.063684009856985,15.0,0.5,0.0,0.0,3.936315990143015
36978,0,calendar_2014_test,17.816390126901567,8.0,0.5,0.0,0.0,9.816390126901567
36979,0,calendar_2014_test,12.42007516880085,15.0,0.5,0.0,0.0,2.5799248311991505
36980,0,calendar_2014_test,16.76913150236308,11.0,0.5,0.0,0.0,5.769131502363081
36981,0,calendar_2014_test,14.792851692902275,13.0,0.5,0.0,0.0,1.7928516929022749
36982,0,calendar_2014_test,14.780171109619133,11.0,0.5,0.0,0.0,3.7801711096191326
36983,0,calendar_2014_test,13.110062846159607,13.0,0.5,0.0,0.0,0.11006284615960737
36984,0,calendar_2014_test,12.973760358556206,11.0,0.5,0.0,0.0,1.9737603585562056
36985,0,calendar_2014_test,12.405787023165075,12.0,0.5,0.0,0.0,0.4057870231650753
36986,0,calendar_2014_test,15.991010328269113,13.0,0.5,0.0,0.0,2.9910103282691125
36987,0,calendar_2014_test,15.185167376374991,11.0,0.5,0.0,0.0,4.1851673763749915
36988,0,calendar_2014_test,13.778276832589185,26.0,0.5,0.0,0.0,12.221723167410815
36989,0,calendar_2014_test,22.504290765088584,23.0,0.5,0.0,0.0,0.4957092349114163
36990,0,calendar_2014_test,24.338130042297962,43.0,0.5,0.0,0.0,18.661869957702038
36991,0,calendar_2014_test,46.39925228995922,52.0,0.5,0.0,0.0,5.600747710040778
36992,0,calendar_2014_test,51.142811454698794,76.0,0.5,0.0,0.0,24.857188545301206
36993,0,calendar_2014_test,71.50180335478976,66.0,0.5,0.0,0.0,5.501803354789757
36994,0,calendar_2014_test,71.24393821715726,40.0,0.5,0.0,0.0,31.243938217157265
36995,0,calendar_2014_test,46.25281356211784,67.0,0.5,0.0,0.0,20.747186437882164
36996,0,calendar_2014_test,75.56397203049349,81.0,0.5,0.0,0.0,5.436027969506512
36997,0,calendar_2014_test,86.52151126518788,96.0,0.5,0.0,0.0,9.478488734812117
36998,0,calendar_2014_test,105.90137380293316,108.0,0.5,0.0,0.0,2.098626197066835
36999,0,calendar_2014_test,116.28817485842642,99.0,0.5,0.0,0.0,17.288174858426416
37000,0,calendar_2014_test,102.88354527121999,111.0,0.5,0.0,0.0,8.116454728780013
37001,0,calendar_2014_test,120.4855544835221,120.0,0.5,0.0,0.0,0.48555448352209396
37002,0,calendar_2014_test,118.41669737899252,125.0,0.5,0.0,0.0,6.583302621007476
37003,0,calendar_2014_test,122.22605797955374,123.0,0.5,0.0,0.0,0.7739420204462562
37004,0,calendar_2014_test,115.09194343499613,126.0,0.5,0.0,0.0,10.908056565003875
37005,0,calendar_2014_test,117.51509559740444,111.0,0.5,0.0,0.0,6.515095597404439
37006,0,calendar_2014_test,106.89284608930582,26.0,0.5,0.0,0.0,80.89284608930582
37007,0,calendar_2014_test,14.388459039814478,11.0,0.5,0.0,0.0,3.388459039814478
37008,0,calendar_2014_test,11.342515519009098,13.0,0.5,0.0,0.0,1.6574844809909024
37009,0,calendar_2014_test,14.399987197336557,9.0,0.5,0.0,0.0,5.399987197336557
37010,0,calendar_2014_test,10.275664033380878,9.0,0.5,0.0,0.0,1.2756640333808775
37011,0,calendar_2014_test,10.277269475715528,13.0,0.5,0.0,0.0,2.722730524284472
37012,0,calendar_2014_test,13.440867590342378,17.0,0.5,0.0,0.0,3.5591324096576216
37013,0,calendar_2014_test,15.619013384778853,16.0,0.5,0.0,0.0,0.38098661522114696
37014,0,calendar_2014_test,15.601557826848591,11.0,0.5,0.0,0.0,4.601557826848591
37015,0,calendar_2014_test,12.425281624336634,11.0,0.5,0.0,0.0,1.425281624336634
37016,0,calendar_2014_test,12.353484283235957,17.0,0.5,0.0,0.0,4.646515716764043
37017,0,calendar_2014_test,18.48163251155178,9.0,0.5,0.0,0.0,9.48163251155178
37018,0,calendar_2014_test,13.21376999690817,9.0,0.5,0.0,0.0,4.2137699969081694
37019,0,calendar_2014_test,12.853368609856346,11.0,0.5,0.0,0.0,1.8533686098563464
37020,0,calendar_2014_test,12.726773179008958,8.0,0.5,0.0,0.0,4.726773179008958
37021,0,calendar_2014_test,12.391717021692969,15.0,0.5,0.0,0.0,2.608282978307031
37022,0,calendar_2014_test,16.644858432103817,14.0,0.5,0.0,0.0,2.644858432103817
37023,0,calendar_2014_test,15.623174985764237,9.0,0.5,0.0,0.0,6.623174985764237
37024,0,calendar_2014_test,12.712211980661706,7.0,0.5,0.0,0.0,5.712211980661706
37025,0,calendar_2014_test,9.415192170250947,6.0,0.5,0.0,0.0,3.415192170250947
37026,0,calendar_2014_test,8.27741187601498,8.0,0.5,0.0,0.0,0.2774118760149804
37027,0,calendar_2014_test,9.30969712112595,11.0,0.5,0.0,0.0,1.69030287887405
37028,0,calendar_2014_test,12.393837671164547,9.0,0.5,0.0,0.0,3.3938376711645475
37029,0,calendar_2014_test,9.59286947932226,11.0,0.5,0.0,0.0,1.4071305206777396
37030,0,calendar_2014_test,11.495877180712938,9.0,0.5,0.0,0.0,2.495877180712938
37031,0,calendar_2014_test,9.695350648516992,8.0,0.5,0.0,0.0,1.6953506485169925
37032,0,calendar_2014_test,8.969165251640447,5.0,0.5,0.0,0.0,3.9691652516404474
37033,0,calendar_2014_test,10.854453332593124,6.0,0.5,0.0,0.0,4.854453332593124
37034,0,calendar_2014_test,9.95810318734722,9.0,0.5,0.0,0.0,0.9581031873472199
37035,0,calendar_2014_test,11.819468178669041,6.0,0.5,0.0,0.0,5.819468178669041
37036,0,calendar_2014_test,8.42765677885761,7.0,0.5,0.0,0.0,1.4276567788576102
37037,0,calendar_2014_test,9.425391921348563,7.0,0.5,0.0,0.0,2.425391921348563
37038,0,calendar_2014_test,9.73906085378053,6.0,0.5,0.0,0.0,3.739060853780529
37039,0,calendar_2014_test,9.607336857039414,9.0,0.5,0.0,0.0,0.6073368570394138
37040,0,calendar_2014_test,11.791655488683446,11.0,0.5,0.0,0.0,0.7916554886834462
37041,0,calendar_2014_test,12.24531062252683,10.0,0.5,0.0,0.0,2.24531062252683
37042,0,calendar_2014_test,12.212660445629595,10.0,0.5,0.0,0.0,2.212660445629595
37043,0,calendar_2014_test,12.631925291032829,8.0,0.5,0.0,0.0,4.631925291032829
37044,0,calendar_2014_test,10.493616527978304,7.0,0.5,0.0,0.0,3.493616527978304
37045,0,calendar_2014_test,10.79830691070326,10.0,0.5,0.0,0.0,0.7983069107032605
37046,0,calendar_2014_test,14.800552674991252,8.0,0.5,0.0,0.0,6.800552674991252
37047,0,calendar_2014_test,12.56554803009901,17.0,0.5,0.0,0.0,4.434451969900991
37048,0,calendar_2014_test,19.87269414855929,9.0,0.5,0.0,0.0,10.87269414855929
37049,0,calendar_2014_test,11.787177304892637,18.0,0.5,0.0,0.0,6.212822695107363
37050,0,calendar_2014_test,16.766515815205437,10.0,0.5,0.0,0.0,6.766515815205437
37051,0,calendar_2014_test,12.450864594453904,6.0,0.5,0.0,0.0,6.450864594453904
37052,0,calendar_2014_test,9.477940320823123,6.0,0.5,0.0,0.0,3.477940320823123
37053,0,calendar_2014_test,8.66258339331317,9.0,0.5,0.0,0.0,0.3374166066868298
37054,0,calendar_2014_test,10.81848292298612,8.0,0.5,0.0,0.0,2.818482922986121
37055,0,calendar_2014_test,10.723207329526218,7.0,0.5,0.0,0.0,3.7232073295262182
37056,0,calendar_2014_test,12.088482319539736,8.0,0.5,0.0,0.0,4.088482319539736
37057,0,calendar_2014_test,10.787901966395722,14.0,0.5,0.0,0.0,3.2120980336042777
37058,0,calendar_2014_test,17.741919218472603,12.0,0.5,0.0,0.0,5.741919218472603
37059,0,calendar_2014_test,15.289647118411892,25.0,0.5,0.0,0.0,9.710352881588108
37060,0,calendar_2014_test,20.731786319223772,11.0,0.5,0.0,0.0,9.731786319223772
37061,0,calendar_2014_test,12.560141376868046,16.0,0.5,0.0,0.0,3.439858623131954
37062,0,calendar_2014_test,15.29934131191466,17.0,0.5,0.0,0.0,1.7006586880853405
37063,0,calendar_2014_test,15.03069143220695,13.0,0.5,0.0,0.0,2.0306914322069503
37064,0,calendar_2014_test,14.421094949142002,9.0,0.5,0.0,0.0,5.421094949142002
37065,0,calendar_2014_test,45.015081405787114,71.0,0.5,0.0,0.0,25.984918594212886
37066,0,calendar_2014_test,78.91717207473434,66.0,0.5,0.0,0.0,12.917172074734339
37067,0,calendar_2014_test,73.59369412706272,61.0,0.5,0.0,0.0,12.593694127062719
37068,0,calendar_2014_test,68.1664174886248,83.0,0.5,0.0,0.0,14.833582511375198
37069,0,calendar_2014_test,97.64245278841082,122.0,0.5,0.0,0.0,24.35754721158918
37070,0,calendar_2014_test,137.66861858347497,119.0,0.5,0.0,0.0,18.668618583474966
37071,0,calendar_2014_test,121.61842997078477,95.0,0.5,0.0,0.0,26.618429970784774
37072,0,calendar_2014_test,88.05303589024629,93.0,0.5,0.0,0.0,4.946964109753708
37073,0,calendar_2014_test,92.4784966106296,102.0,0.5,0.0,0.0,9.521503389370395
37074,0,calendar_2014_test,105.909464403381,174.0,0.5,0.0,0.0,68.090535596619
37075,0,calendar_2014_test,178.15992933094742,137.0,0.5,0.0,0.0,41.15992933094742
37076,0,calendar_2014_test,126.9579285507585,80.0,0.5,0.0,0.0,46.957928550758496
37077,0,calendar_2014_test,71.69658470313773,63.0,0.5,0.0,0.0,8.69658470313773
37078,0,calendar_2014_test,69.78027425716813,72.0,0.5,0.0,0.0,2.2197257428318693
37079,0,calendar_2014_test,78.09785236239281,59.0,0.5,0.0,0.0,19.097852362392814
37080,0,calendar_2014_test,68.77733975797236,59.0,0.5,0.0,0.0,9.777339757972356
37081,0,calendar_2014_test,67.13588473499789,72.0,0.5,0.0,0.0,4.864115265002113
37082,0,calendar_2014_test,80.87623406908712,79.0,0.5,0.0,0.0,1.8762340690871184
37083,0,calendar_2014_test,86.46148514963207,77.0,0.5,0.0,0.0,9.461485149632068
37084,0,calendar_2014_test,72.94314578918382,96.0,0.5,0.0,0.0,23.056854210816184
37085,0,calendar_2014_test,86.6475754700611,54.0,0.5,0.0,0.0,32.6475754700611
37086,0,calendar_2014_test,40.18804515714337,34.0,0.5,0.0,0.0,6.188045157143371
37087,0,calendar_2014_test,30.509032354448124,18.0,0.5,0.0,0.0,12.509032354448124
37088,0,calendar_2014_test,21.150933132225873,22.0,0.5,0.0,0.0,0.8490668677741269
37089,0,calendar_2014_test,24.283405908985557,21.0,0.5,0.0,0.0,3.283405908985557
37090,0,calendar_2014_test,21.274534937145773,15.0,0.5,0.0,0.0,6.2745349371457735
37091,0,calendar_2014_test,17.814476103210424,13.0,0.5,0.0,0.0,4.814476103210424
37092,0,calendar_2014_test,16.271297612076424,11.0,0.5,0.0,0.0,5.271297612076424
37093,0,calendar_2014_test,13.16317501304276,17.0,0.5,0.0,0.0,3.8368249869572395
37094,0,calendar_2014_test,17.319129218535053,18.0,0.5,0.0,0.0,0.6808707814649466
37095,0,calendar_2014_test,16.892209399431152,16.0,0.5,0.0,0.0,0.8922093994311524
37096,0,calendar_2014_test,15.456091810687113,17.0,0.5,0.0,0.0,1.5439081893128872
37097,0,calendar_2014_test,17.012988166367037,18.0,0.5,0.0,0.0,0.9870118336329625
37098,0,calendar_2014_test,22.981683335065696,16.0,0.5,0.0,0.0,6.981683335065696
37099,0,calendar_2014_test,17.047132257480058,15.0,0.5,0.0,0.0,2.047132257480058
37100,0,calendar_2014_test,18.14362052663924,17.0,0.5,0.0,0.0,1.1436205266392392
37101,0,calendar_2014_test,16.505366631087043,19.0,0.5,0.0,0.0,2.4946333689129574
37102,0,calendar_2014_test,18.451221615955973,15.0,0.5,0.0,0.0,3.4512216159559728
37103,0,calendar_2014_test,15.555892036544648,22.0,0.5,0.0,0.0,6.444107963455352
37104,0,calendar_2014_test,23.19989762397526,20.0,0.5,0.0,0.0,3.199897623975261
37105,0,calendar_2014_test,24.842210665615013,21.0,0.5,0.0,0.0,3.8422106656150135
37106,0,calendar_2014_test,22.526087657136216,32.0,0.5,0.0,0.0,9.473912342863784
37107,0,calendar_2014_test,31.56467343913006,20.0,0.5,0.0,0.0,11.564673439130061
37108,0,calendar_2014_test,22.317260992695793,31.0,0.5,0.0,0.0,8.682739007304207
37109,0,calendar_2014_test,35.37211496303537,40.0,0.5,0.0,0.0,4.627885036964628
37110,0,calendar_2014_test,42.005399898346106,102.0,0.5,0.0,0.0,59.994600101653894
37111,0,calendar_2014_test,106.24167278900083,117.0,0.5,0.0,0.0,10.75832721099917
37112,0,calendar_2014_test,114.49998692283121,100.0,0.5,0.0,0.0,14.499986922831212
37113,0,calendar_2014_test,34.13668393150316,63.0,0.5,0.0,0.0,28.863316068496843
37114,0,calendar_2014_test,55.99640680533108,62.0,0.5,0.0,0.0,6.003593194668923
37115,0,calendar_2014_test,47.34473696505546,45.0,0.5,0.0,0.0,2.3447369650554606
37116,0,calendar_2014_test,38.216988019126305,19.0,0.5,0.0,0.0,19.216988019126305
37117,0,calendar_2014_test,21.329099584611384,21.0,0.5,0.0,0.0,0.32909958461138444
37118,0,calendar_2014_test,19.03735790864131,13.0,0.5,0.0,0.0,6.037357908641312
37119,0,calendar_2014_test,16.904703117350408,31.0,0.5,0.0,0.0,14.095296882649592
37120,0,calendar_2014_test,38.52257524498879,17.0,0.5,0.0,0.0,21.522575244988793
37121,0,calendar_2014_test,21.72835292804197,14.0,0.5,0.0,0.0,7.728352928041971
37122,0,calendar_2014_test,18.41813137724077,13.0,0.5,0.0,0.0,5.418131377240769
37123,0,calendar_2014_test,11.799877303851005,16.0,0.5,0.0,0.0,4.200122696148995
37124,0,calendar_2014_test,13.328273405602673,18.0,0.5,0.0,0.0,4.671726594397327
37125,0,calendar_2014_test,14.27710930145193,18.0,0.5,0.0,0.0,3.7228906985480705
37126,0,calendar_2014_test,14.087674480504447,20.0,0.5,0.0,0.0,5.912325519495553
37127,0,calendar_2014_test,16.427154080669624,17.0,0.5,0.0,0.0,0.5728459193303763
37128,0,calendar_2014_test,14.309341978630513,9.0,0.5,0.0,0.0,5.309341978630513
37129,0,calendar_2014_test,10.704386727481548,16.0,0.5,0.0,0.0,5.295613272518452
37130,0,calendar_2014_test,11.923784803023764,14.0,0.5,0.0,0.0,2.0762151969762357
37131,0,calendar_2014_test,11.437913246457342,7.0,0.5,0.0,0.0,4.437913246457342
37132,0,calendar_2014_test,7.850613549818505,15.0,0.5,0.0,0.0,7.149386450181495
37133,0,calendar_2014_test,16.072548262375562,11.0,0.5,0.0,0.0,5.0725482623755624
37134,0,calendar_2014_test,15.672548484346464,13.0,0.5,0.0,0.0,2.672548484346464
37135,0,calendar_2014_test,15.649742677953839,16.0,0.5,0.0,0.0,0.35025732204616133
37136,0,calendar_2014_test,16.267895312882914,14.0,0.5,0.0,0.0,2.2678953128829136
37137,0,calendar_2014_test,14.110371379965017,14.0,0.5,0.0,0.0,0.11037137996501656
37138,0,calendar_2014_test,14.182840701717495,14.0,0.5,0.0,0.0,0.18284070171749534
37139,0,calendar_2014_test,13.583097527663753,14.0,0.5,0.0,0.0,0.4169024723362469
37140,0,calendar_2014_test,15.446129598259716,12.0,0.5,0.0,0.0,3.4461295982597164
37141,0,calendar_2014_test,20.070533151281154,29.0,0.5,0.0,0.0,8.929466848718846
37142,0,calendar_2014_test,33.60231763983717,40.0,0.5,0.0,0.0,6.3976823601628325
37143,0,calendar_2014_test,45.39230084951774,92.0,0.5,0.0,0.0,46.60769915048226
37144,0,calendar_2014_test,92.75965609139523,76.0,0.5,0.0,0.0,16.75965609139523
37145,0,calendar_2014_test,67.68543242083189,81.0,0.5,0.0,0.0,13.314567579168113
37146,0,calendar_2014_test,80.0552544336881,32.0,0.5,0.0,0.0,48.055254433688106
37147,0,calendar_2014_test,33.11963119220451,9.0,0.5,0.0,0.0,24.11963119220451
37148,0,calendar_2014_test,16.121162930614688,12.0,0.5,0.0,0.0,4.1211629306146875
37149,0,calendar_2014_test,16.445873895106928,8.0,0.5,0.0,0.0,8.445873895106928
37150,0,calendar_2014_test,10.833243204620388,8.0,0.5,0.0,0.0,2.8332432046203877
37151,0,calendar_2014_test,8.896734490821899,8.0,0.5,0.0,0.0,0.896734490821899
37152,0,calendar_2014_test,8.92071115269546,9.0,0.5,0.0,0.0,0.07928884730453944
37153,0,calendar_2014_test,9.49751848665737,12.0,0.5,0.0,0.0,2.50248151334263
37154,0,calendar_2014_test,11.885599305896932,14.0,0.5,0.0,0.0,2.114400694103068
37155,0,calendar_2014_test,12.727731932801063,9.0,0.5,0.0,0.0,3.7277319328010634
37156,0,calendar_2014_test,11.83412983902177,7.0,0.5,0.0,0.0,4.83412983902177
37157,0,calendar_2014_test,9.791608662479973,8.0,0.5,0.0,0.0,1.7916086624799732
37158,0,calendar_2014_test,10.106417369524351,12.0,0.5,0.0,0.0,1.893582630475649
37159,0,calendar_2014_test,13.694038389590006,13.0,0.5,0.0,0.0,0.6940383895900055
37160,0,calendar_2014_test,12.537302144354541,9.0,0.5,0.0,0.0,3.537302144354541
37161,0,calendar_2014_test,10.224255041402898,17.0,0.5,0.0,0.0,6.775744958597102
37162,0,calendar_2014_test,16.906169133102836,18.0,0.5,0.0,0.0,1.0938308668971644
37163,0,calendar_2014_test,16.71560293697864,14.0,0.5,0.0,0.0,2.715602936978641
37164,0,calendar_2014_test,16.098589537627007,10.0,0.5,0.0,0.0,6.0985895376270065
37165,0,calendar_2014_test,14.504775823745405,12.0,0.5,0.0,0.0,2.5047758237454048
37166,0,calendar_2014_test,14.232241762522378,9.0,0.5,0.0,0.0,5.232241762522378
37167,0,calendar_2014_test,17.147717557704055,14.0,0.5,0.0,0.0,3.1477175577040555
37168,0,calendar_2014_test,22.596972447096874,17.0,0.5,0.0,0.0,5.596972447096874
37169,0,calendar_2014_test,24.827669251052058,21.0,0.5,0.0,0.0,3.8276692510520576
37170,0,calendar_2014_test,30.236974144414077,47.0,0.5,0.0,0.0,16.763025855585923
37171,0,calendar_2014_test,50.865355917172465,18.0,0.5,0.0,0.0,32.865355917172465
37172,0,calendar_2014_test,26.06007123745026,15.0,0.5,0.0,0.0,11.06007123745026
37173,0,calendar_2014_test,23.691790242663245,12.0,0.5,0.0,0.0,11.691790242663245
37174,0,calendar_2014_test,22.099928779455112,16.0,0.5,0.0,0.0,6.099928779455112
37175,0,calendar_2014_test,23.779298433841177,15.0,0.5,0.0,0.0,8.779298433841177
37176,0,calendar_2014_test,20.393812218965763,13.0,0.5,0.0,0.0,7.393812218965763
37177,0,calendar_2014_test,21.747540997345368,16.0,0.5,0.0,0.0,5.747540997345368
37178,0,calendar_2014_test,20.03878140779358,16.0,0.5,0.0,0.0,4.038781407793579
37179,0,calendar_2014_test,20.273212535601047,10.0,0.5,0.0,0.0,10.273212535601047
37180,0,calendar_2014_test,17.07923357124656,13.0,0.5,0.0,0.0,4.0792335712465615
37181,0,calendar_2014_test,18.431277989401764,33.0,0.5,0.0,0.0,14.568722010598236
37182,0,calendar_2014_test,39.26228581283619,37.0,0.5,0.0,0.0,2.26228581283619
37183,0,calendar_2014_test,34.21013196541736,36.0,0.5,0.0,0.0,1.7898680345826392
37184,0,calendar_2014_test,42.0138796506068,53.0,0.5,0.0,0.0,10.986120349393197
37185,0,calendar_2014_test,52.19476457971523,58.0,0.5,0.0,0.0,5.805235420284767
37186,0,calendar_2014_test,59.4937462645084,46.0,0.5,0.0,0.0,13.493746264508403
37187,0,calendar_2014_test,43.54743062228385,43.0,0.5,0.0,0.0,0.5474306222838479
37188,0,calendar_2014_test,48.33819611974293,41.0,0.5,0.0,0.0,7.338196119742932
37189,0,calendar_2014_test,45.85920987019588,44.0,0.5,0.0,0.0,1.8592098701958832
37190,0,calendar_2014_test,47.876264015647145,72.0,0.5,0.0,0.0,24.123735984352855
37191,0,calendar_2014_test,77.88408765738463,80.0,0.5,0.0,0.0,2.115912342615374
37192,0,calendar_2014_test,85.30389569922062,86.0,0.5,0.0,0.0,0.6961043007793819
37193,0,calendar_2014_test,97.19562546130305,82.0,0.5,0.0,0.0,15.195625461303052
37194,0,calendar_2014_test,90.12617407205042,86.0,0.5,0.0,0.0,4.126174072050418
37195,0,calendar_2014_test,92.31825520356333,98.0,0.5,0.0,0.0,5.681744796436675
37196,0,calendar_2014_test,105.39623596347518,112.0,0.5,0.0,0.0,6.603764036524822
37197,0,calendar_2014_test,120.30392443601775,126.0,0.5,0.0,0.0,5.696075563982248
37198,0,calendar_2014_test,133.4795676506978,192.0,0.5,0.0,0.0,58.52043234930221
37199,0,calendar_2014_test,206.66977945522223,212.0,0.5,0.0,0.0,5.330220544777774
37200,0,calendar_2014_test,204.77944687312316,144.0,0.5,0.0,0.0,60.77944687312316
37201,0,calendar_2014_test,113.078824350405,107.0,0.5,0.0,0.0,6.078824350405
37202,0,calendar_2014_test,88.35795394479176,86.0,0.5,0.0,0.0,2.3579539447917597
37203,0,calendar_2014_test,74.06925640528335,90.0,0.5,0.0,0.0,15.930743594716645
37204,0,calendar_2014_test,86.01697935826893,95.0,0.5,0.0,0.0,8.983020641731073
37205,0,calendar_2014_test,91.31948326927846,71.0,0.5,0.0,0.0,20.319483269278464
37206,0,calendar_2014_test,68.89994817752087,76.0,0.5,0.0,0.0,7.100051822479131
37207,0,calendar_2014_test,74.6340367278874,75.0,0.5,0.0,0.0,0.3659632721125945
37208,0,calendar_2014_test,65.70881394274909,58.0,0.5,0.0,0.0,7.708813942749089
37209,0,calendar_2014_test,58.3430074247753,53.0,0.5,0.0,0.0,5.343007424775301
37210,0,calendar_2014_test,54.43812837498953,59.0,0.5,0.0,0.0,4.561871625010468
37211,0,calendar_2014_test,62.13719514139801,49.0,0.5,0.0,0.0,13.13719514139801
37212,0,calendar_2014_test,52.10161324462169,44.0,0.5,0.0,0.0,8.101613244621689
37213,0,calendar_2014_test,50.224967830556054,50.0,0.5,0.0,0.0,0.22496783055605363
37214,0,calendar_2014_test,57.93992372303163,68.0,0.5,0.0,0.0,10.060076276968367
37215,0,calendar_2014_test,81.64783960720196,110.0,0.5,0.0,0.0,28.35216039279804
37216,0,calendar_2014_test,132.08123547421937,129.0,0.5,0.0,0.0,3.081235474219369
37217,0,calendar_2014_test,139.85256961176128,123.0,0.5,0.0,0.0,16.852569611761282
37218,0,calendar_2014_test,133.22287855842035,109.0,0.5,0.0,0.0,24.222878558420348
37219,0,calendar_2014_test,112.08963567992308,132.0,0.5,0.0,0.0,19.910364320076923
37220,0,calendar_2014_test,144.73815784101006,160.0,0.5,0.0,0.0,15.261842158989936
37221,0,calendar_2014_test,166.58863036102832,167.0,0.5,0.0,0.0,0.4113696389716779
37222,0,calendar_2014_test,173.3175546823137,257.0,0.5,0.0,0.0,83.6824453176863
37223,0,calendar_2014_test,240.96243220002594,291.0,0.5,0.0,0.0,50.037567799974056
37224,0,calendar_2014_test,279.8133567084134,305.0,0.5,0.0,0.0,25.18664329158662
37225,0,calendar_2014_test,299.93499370745155,307.0,0.5,0.0,0.0,7.065006292548446
37226,0,calendar_2014_test,279.6178716296462,293.0,0.5,0.0,0.0,13.382128370353826
37227,0,calendar_2014_test,268.60710205346334,269.0,0.5,0.0,0.0,0.39289794653666377
37228,0,calendar_2014_test,160.3706049547251,47.0,0.5,0.0,0.0,113.37060495472511
37229,0,calendar_2014_test,13.13944435534384,24.0,0.5,0.0,0.0,10.86055564465616
37230,0,calendar_2014_test,16.244089485922487,17.0,0.5,0.0,0.0,0.7559105140775131
37231,0,calendar_2014_test,16.341755842579047,12.0,0.5,0.0,0.0,4.3417558425790475
37232,0,calendar_2014_test,16.03457267557316,9.0,0.5,0.0,0.0,7.034572675573159
37233,0,calendar_2014_test,13.17807047884935,10.0,0.5,0.0,0.0,3.1780704788493495
37234,0,calendar_2014_test,12.957113734641226,9.0,0.5,0.0,0.0,3.9571137346412257
37235,0,calendar_2014_test,11.9856474240799,11.0,0.5,0.0,0.0,0.9856474240799002
37236,0,calendar_2014_test,16.182443088467693,8.0,0.5,0.0,0.0,8.182443088467693
37237,0,calendar_2014_test,11.23091812220207,13.0,0.5,0.0,0.0,1.7690818777979302
37238,0,calendar_2014_test,17.400215172960557,12.0,0.5,0.0,0.0,5.400215172960557
37239,0,calendar_2014_test,16.078512873075567,10.0,0.5,0.0,0.0,6.078512873075567
37240,0,calendar_2014_test,14.50132451843777,9.0,0.5,0.0,0.0,5.5013245184377695
37241,0,calendar_2014_test,12.833281690264599,18.0,0.5,0.0,0.0,5.166718309735401
37242,0,calendar_2014_test,22.963641350403265,10.0,0.5,0.0,0.0,12.963641350403265
37243,0,calendar_2014_test,22.46446323916723,11.0,0.5,0.0,0.0,11.46446323916723
37244,0,calendar_2014_test,11.849854481406027,11.0,0.5,0.0,0.0,0.8498544814060267
37245,0,calendar_2014_test,11.30095934175317,6.0,0.5,0.0,0.0,5.30095934175317
37246,0,calendar_2014_test,8.772054904745332,6.0,0.5,0.0,0.0,2.772054904745332
37247,0,calendar_2014_test,8.13469353784258,6.0,0.5,0.0,0.0,2.1346935378425798
37248,0,calendar_2014_test,8.171954111107382,5.0,0.5,0.0,0.0,3.1719541111073823
37249,0,calendar_2014_test,6.882253725527548,10.0,0.5,0.0,0.0,3.1177462744724522
37250,0,calendar_2014_test,11.222920900970692,9.0,0.5,0.0,0.0,2.222920900970692
37251,0,calendar_2014_test,8.724852526055898,11.0,0.5,0.0,0.0,2.275147473944102
37252,0,calendar_2014_test,11.167496858950784,11.0,0.5,0.0,0.0,0.16749685895078414
37253,0,calendar_2014_test,12.588503057888204,8.0,0.5,0.0,0.0,4.588503057888204
37254,0,calendar_2014_test,10.098963082661228,12.0,0.5,0.0,0.0,1.9010369173387716
37255,0,calendar_2014_test,12.834549294942008,15.0,0.5,0.0,0.0,2.1654507050579923
37256,0,calendar_2014_test,14.557179636188337,11.0,0.5,0.0,0.0,3.557179636188337
37257,0,calendar_2014_test,12.856042853694163,9.0,0.5,0.0,0.0,3.856042853694163
37258,0,calendar_2014_test,10.221230010181245,25.0,0.5,0.0,0.0,14.778769989818755
37259,0,calendar_2014_test,22.9499900195368,23.0,0.5,0.0,0.0,0.05000998046320149
37260,0,calendar_2014_test,18.90941686087244,13.0,0.5,0.0,0.0,5.90941686087244
37261,0,calendar_2014_test,17.48378778705576,8.0,0.5,0.0,0.0,9.48378778705576
37262,0,calendar_2014_test,12.614387306076992,10.0,0.5,0.0,0.0,2.614387306076992
37263,0,calendar_2014_test,13.857997116903476,11.0,0.5,0.0,0.0,2.8579971169034764
37264,0,calendar_2014_test,13.545709723083917,12.0,0.5,0.0,0.0,1.5457097230839167
37265,0,calendar_2014_test,15.996284939991597,14.0,0.5,0.0,0.0,1.9962849399915967
37266,0,calendar_2014_test,15.035525740197926,14.0,0.5,0.0,0.0,1.0355257401979259
37267,0,calendar_2014_test,14.352734196282356,10.0,0.5,0.0,0.0,4.352734196282356
37268,0,calendar_2014_test,12.909000487078288,8.0,0.5,0.0,0.0,4.909000487078288
37269,0,calendar_2014_test,10.93743026631833,9.0,0.5,0.0,0.0,1.93743026631833
37270,0,calendar_2014_test,10.443737550731953,9.0,0.5,0.0,0.0,1.443737550731953
37271,0,calendar_2014_test,18.77039072895562,8.0,0.5,0.0,0.0,10.770390728955618
37272,0,calendar_2014_test,17.44282598219445,17.0,0.5,0.0,0.0,0.44282598219444935
37273,0,calendar_2014_test,23.927666401556877,30.0,0.5,0.0,0.0,6.072333598443123
37274,0,calendar_2014_test,32.396963084967794,43.0,0.5,0.0,0.0,10.603036915032206
37275,0,calendar_2014_test,44.03564685252618,57.0,0.5,0.0,0.0,12.964353147473823
37276,0,calendar_2014_test,60.23762295827273,65.0,0.5,0.0,0.0,4.7623770417272695
37277,0,calendar_2014_test,71.51824847772853,80.0,0.5,0.0,0.0,8.481751522271466
37278,0,calendar_2014_test,86.94257155822262,88.0,0.5,0.0,0.0,1.0574284417773754
37279,0,calendar_2014_test,89.47237196954848,96.0,0.5,0.0,0.0,6.527628030451524
37280,0,calendar_2014_test,92.88206116156947,121.0,0.5,0.0,0.0,28.117938838430533
37281,0,calendar_2014_test,117.42950357589174,152.0,0.5,0.0,0.0,34.570496424108256
37282,0,calendar_2014_test,152.0786135503031,172.0,0.5,0.0,0.0,19.92138644969691
37283,0,calendar_2014_test,173.89866909414764,128.0,0.5,0.0,0.0,45.898669094147635
37284,0,calendar_2014_test,102.70094860840473,77.0,0.5,0.0,0.0,25.70094860840473
37285,0,calendar_2014_test,72.23123183289249,65.0,0.5,0.0,0.0,7.23123183289249
37286,0,calendar_2014_test,67.2166310136944,79.0,0.5,0.0,0.0,11.783368986305604
37287,0,calendar_2014_test,88.52585082267348,93.0,0.5,0.0,0.0,4.474149177326524
37288,0,calendar_2014_test,97.72196266194912,104.0,0.5,0.0,0.0,6.278037338050879
37289,0,calendar_2014_test,113.66157324925305,202.0,0.5,0.0,0.0,88.33842675074695
37290,0,calendar_2014_test,219.98246969261123,245.0,0.5,0.0,0.0,25.017530307388768
37291,0,calendar_2014_test,249.11964096633596,225.0,0.5,0.0,0.0,24.119640966335965
37292,0,calendar_2014_test,224.81062323943365,180.0,0.5,0.0,0.0,44.81062323943365
37293,0,calendar_2014_test,168.05967512831188,180.0,0.5,0.0,0.0,11.94032487168812
37294,0,calendar_2014_test,172.73326589568387,170.0,0.5,0.0,0.0,2.7332658956838713
37295,0,calendar_2014_test,161.83551854259343,160.0,0.5,0.0,0.0,1.8355185425934337
37296,0,calendar_2014_test,149.76910759489357,146.0,0.5,0.0,0.0,3.769107594893569
37297,0,calendar_2014_test,132.06682469086587,125.0,0.5,0.0,0.0,7.066824690865872
37298,0,calendar_2014_test,112.84717652420089,130.0,0.5,0.0,0.0,17.15282347579911
37299,0,calendar_2014_test,124.05336906556349,138.0,0.5,0.0,0.0,13.946630934436513
37300,0,calendar_2014_test,136.72170564304642,147.0,0.5,0.0,0.0,10.27829435695358
37301,0,calendar_2014_test,144.29775010116316,135.0,0.5,0.0,0.0,9.29775010116316
37302,0,calendar_2014_test,128.2593172907809,136.0,0.5,0.0,0.0,7.740682709219101
37303,0,calendar_2014_test,140.20035914135252,124.0,0.5,0.0,0.0,16.20035914135252
37304,0,calendar_2014_test,118.37817176305322,135.0,0.5,0.0,0.0,16.621828236946783
37305,0,calendar_2014_test,145.58704642541497,132.0,0.5,0.0,0.0,13.587046425414968
37306,0,calendar_2014_test,137.58162841947762,133.0,0.5,0.0,0.0,4.5816284194776244
37307,0,calendar_2014_test,140.5067329995366,142.0,0.5,0.0,0.0,1.4932670004633906
37308,0,calendar_2014_test,153.37050268503108,163.0,0.5,0.0,0.0,9.629497314968916
37309,0,calendar_2014_test,173.39621803598146,166.0,0.5,0.0,0.0,7.396218035981462
37310,0,calendar_2014_test,178.21289954175847,189.0,0.5,0.0,0.0,10.787100458241525
37311,0,calendar_2014_test,209.78656556340343,202.0,0.5,0.0,0.0,7.786565563403428
37312,0,calendar_2014_test,216.0410243651516,228.0,0.5,0.0,0.0,11.9589756348484
37313,0,calendar_2014_test,248.52383108342926,240.0,0.5,0.0,0.0,8.523831083429258
37314,0,calendar_2014_test,254.25983880475616,235.0,0.5,0.0,0.0,19.259838804756157
37315,0,calendar_2014_test,239.27679419319887,252.0,0.5,0.0,0.0,12.723205806801133
37316,0,calendar_2014_test,267.6468144257872,254.0,0.5,0.0,0.0,13.646814425787227
37317,0,calendar_2014_test,254.29557364612404,274.0,0.5,0.0,0.0,19.70442635387596
37318,0,calendar_2014_test,279.83143542600294,253.0,0.5,0.0,0.0,26.83143542600294
37319,0,calendar_2014_test,236.0918080384213,248.0,0.5,0.0,0.0,11.908191961578694
37320,0,calendar_2014_test,232.52401455145002,219.0,0.5,0.0,0.0,13.524014551450023
37321,0,calendar_2014_test,195.56841004270404,199.0,0.5,0.0,0.0,3.431589957295955
37322,0,calendar_2014_test,184.94005868396118,198.0,0.5,0.0,0.0,13.059941316038817
37323,0,calendar_2014_test,192.29774889928825,204.0,0.5,0.0,0.0,11.702251100711749
37324,0,calendar_2014_test,173.91333230767032,66.0,0.5,0.0,0.0,107.91333230767032
37325,0,calendar_2014_test,32.98251338933312,22.0,0.5,0.0,0.0,10.982513389333121
37326,0,calendar_2014_test,15.55176084603363,19.0,0.5,0.0,0.0,3.4482391539663695
37327,0,calendar_2014_test,18.133520845219024,16.0,0.5,0.0,0.0,2.1335208452190244
37328,0,calendar_2014_test,16.116457629418804,11.0,0.5,0.0,0.0,5.116457629418804
37329,0,calendar_2014_test,10.835282218680035,17.0,0.5,0.0,0.0,6.164717781319965
37330,0,calendar_2014_test,15.000513817045587,15.0,0.5,0.0,0.0,0.0005138170455865065
37331,0,calendar_2014_test,14.16834668296346,14.0,0.5,0.0,0.0,0.16834668296345967
37332,0,calendar_2014_test,15.173111460311475,12.0,0.5,0.0,0.0,3.1731114603114747
37333,0,calendar_2014_test,11.734866268694361,7.0,0.5,0.0,0.0,4.734866268694361
37334,0,calendar_2014_test,9.465281111849762,7.0,0.5,0.0,0.0,2.4652811118497624
37335,0,calendar_2014_test,11.133071510419967,15.0,0.5,0.0,0.0,3.866928489580033
37336,0,calendar_2014_test,18.50439001178249,7.0,0.5,0.0,0.0,11.50439001178249
37337,0,calendar_2014_test,13.08542225130769,10.0,0.5,0.0,0.0,3.0854222513076905
37338,0,calendar_2014_test,14.651598138281457,8.0,0.5,0.0,0.0,6.651598138281457
37339,0,calendar_2014_test,8.75194875816257,12.0,0.5,0.0,0.0,3.2480512418374303
37340,0,calendar_2014_test,12.676855319254187,11.0,0.5,0.0,0.0,1.6768553192541873
37341,0,calendar_2014_test,10.296525484513836,9.0,0.5,0.0,0.0,1.296525484513836
37342,0,calendar_2014_test,9.27004391613707,14.0,0.5,0.0,0.0,4.72995608386293
37343,0,calendar_2014_test,13.147766968235231,8.0,0.5,0.0,0.0,5.147766968235231
37344,0,calendar_2014_test,9.379111167717681,12.0,0.5,0.0,0.0,2.6208888322823185
37345,0,calendar_2014_test,12.301707360643476,11.0,0.5,0.0,0.0,1.3017073606434764
37346,0,calendar_2014_test,10.366666063228607,12.0,0.5,0.0,0.0,1.6333339367713933
37347,0,calendar_2014_test,11.552711659377493,15.0,0.5,0.0,0.0,3.4472883406225066
37348,0,calendar_2014_test,14.475255825722613,12.0,0.5,0.0,0.0,2.4752558257226127
37349,0,calendar_2014_test,15.772173873114383,14.0,0.5,0.0,0.0,1.772173873114383
37350,0,calendar_2014_test,14.968925595379176,20.0,0.5,0.0,0.0,5.031074404620824
37351,0,calendar_2014_test,26.4869434040192,32.0,0.5,0.0,0.0,5.5130565959808
37352,0,calendar_2014_test,38.368238161932744,33.0,0.5,0.0,0.0,5.368238161932744
37353,0,calendar_2014_test,38.0188265916701,46.0,0.5,0.0,0.0,7.9811734083299015
37354,0,calendar_2014_test,47.84116502792796,53.0,0.5,0.0,0.0,5.158834972072043
37355,0,calendar_2014_test,56.29080190116249,64.0,0.5,0.0,0.0,7.709198098837511
37356,0,calendar_2014_test,69.12630205709326,53.0,0.5,0.0,0.0,16.126302057093255
37357,0,calendar_2014_test,54.27112383606125,72.0,0.5,0.0,0.0,17.72887616393875
37358,0,calendar_2014_test,78.53960920258383,85.0,0.5,0.0,0.0,6.460390797416167
37359,0,calendar_2014_test,93.06284554247054,95.0,0.5,0.0,0.0,1.9371544575294593
37360,0,calendar_2014_test,95.85543584395677,98.0,0.5,0.0,0.0,2.1445641560432307
37361,0,calendar_2014_test,95.428117855299,105.0,0.5,0.0,0.0,9.571882144700993
37362,0,calendar_2014_test,110.08790889875623,117.0,0.5,0.0,0.0,6.9120911012437745
37363,0,calendar_2014_test,122.93637541106855,117.0,0.5,0.0,0.0,5.936375411068553
37364,0,calendar_2014_test,116.56351311961686,126.0,0.5,0.0,0.0,9.436486880383143
37365,0,calendar_2014_test,122.34454431456598,145.0,0.5,0.0,0.0,22.65545568543402
37366,0,calendar_2014_test,141.29925747863928,136.0,0.5,0.0,0.0,5.2992574786392765
37367,0,calendar_2014_test,128.96652757800757,95.0,0.5,0.0,0.0,33.96652757800757
37368,0,calendar_2014_test,81.67546719924913,80.0,0.5,0.0,0.0,1.6754671992491268
37369,0,calendar_2014_test,74.21583782756524,51.0,0.5,0.0,0.0,23.215837827565238
37370,0,calendar_2014_test,52.79252672929445,67.0,0.5,0.0,0.0,14.207473270705549
37371,0,calendar_2014_test,74.90172699200451,71.0,0.5,0.0,0.0,3.9017269920045123
37372,0,calendar_2014_test,72.41135966484234,63.0,0.5,0.0,0.0,9.411359664842337
37373,0,calendar_2014_test,68.3814311414193,80.0,0.5,0.0,0.0,11.618568858580701
37374,0,calendar_2014_test,86.53020945966281,75.0,0.5,0.0,0.0,11.530209459662814
37375,0,calendar_2014_test,81.36976443083357,87.0,0.5,0.0,0.0,5.63023556916643
37376,0,calendar_2014_test,103.53682424329355,105.0,0.5,0.0,0.0,1.4631757567064483
37377,0,calendar_2014_test,122.00966582432665,125.0,0.5,0.0,0.0,2.990334175673354
37378,0,calendar_2014_test,139.93214360780894,115.0,0.5,0.0,0.0,24.93214360780894
37379,0,calendar_2014_test,118.98997868759136,123.0,0.5,0.0,0.0,4.0100213124086395
37380,0,calendar_2014_test,131.65288379767705,142.0,0.5,0.0,0.0,10.347116202322951
37381,0,calendar_2014_test,154.58900541107286,178.0,0.5,0.0,0.0,23.41099458892714
37382,0,calendar_2014_test,184.57133988204367,163.0,0.5,0.0,0.0,21.571339882043674
37383,0,calendar_2014_test,150.16709408050156,162.0,0.5,0.0,0.0,11.832905919498444
37384,0,calendar_2014_test,156.45718447075603,145.0,0.5,0.0,0.0,11.457184470756033
37385,0,calendar_2014_test,131.45838039205643,114.0,0.5,0.0,0.0,17.458380392056426
37386,0,calendar_2014_test,100.51529240708834,84.0,0.5,0.0,0.0,16.51529240708834
37387,0,calendar_2014_test,78.51282415793801,102.0,0.5,0.0,0.0,23.487175842061987
37388,0,calendar_2014_test,103.00921612251362,82.0,0.5,0.0,0.0,21.00921612251362
37389,0,calendar_2014_test,76.59960812771178,88.0,0.5,0.0,0.0,11.400391872288225
37390,0,calendar_2014_test,83.15516993164957,90.0,0.5,0.0,0.0,6.844830068350433
37391,0,calendar_2014_test,85.9690969453848,88.0,0.5,0.0,0.0,2.0309030546151945
37392,0,calendar_2014_test,74.34453757086351,95.0,0.5,0.0,0.0,20.65546242913649
37393,0,calendar_2014_test,86.45515930563215,81.0,0.5,0.0,0.0,5.455159305632151
37394,0,calendar_2014_test,70.65378254225695,89.0,0.5,0.0,0.0,18.34621745774305
37395,0,calendar_2014_test,80.05241914427498,95.0,0.5,0.0,0.0,14.947580855725022
37396,0,calendar_2014_test,90.92421211263486,57.0,0.5,0.0,0.0,33.92421211263486
37397,0,calendar_2014_test,63.06017217023118,62.0,0.5,0.0,0.0,1.0601721702311835
37398,0,calendar_2014_test,71.7237505058483,234.0,0.5,0.0,0.0,162.2762494941517
37399,0,calendar_2014_test,207.38233830983023,118.0,0.5,0.0,0.0,89.38233830983023
37400,0,calendar_2014_test,61.47127926188439,108.0,0.5,0.0,0.0,46.52872073811561
37401,0,calendar_2014_test,104.5192075425526,33.0,0.5,0.0,0.0,71.5192075425526
37402,0,calendar_2014_test,25.92993431041448,21.0,0.5,0.0,0.0,4.929934310414481
37403,0,calendar_2014_test,25.561424876497,14.0,0.5,0.0,0.0,11.561424876497
37404,0,calendar_2014_test,21.05681818382196,13.0,0.5,0.0,0.0,8.05681818382196
37405,0,calendar_2014_test,19.866379354175677,9.0,0.5,0.0,0.0,10.866379354175677
37406,0,calendar_2014_test,8.991787714343673,10.0,0.5,0.0,0.0,1.0082122856563274
37407,0,calendar_2014_test,10.832982392877753,11.0,0.5,0.0,0.0,0.1670176071222471
37408,0,calendar_2014_test,9.171313731117237,9.0,0.5,0.0,0.0,0.17131373111723747
37409,0,calendar_2014_test,9.365742844613663,15.0,0.5,0.0,0.0,5.6342571553863365
37410,0,calendar_2014_test,14.989467644354434,13.0,0.5,0.0,0.0,1.9894676443544341
37411,0,calendar_2014_test,13.970418016494051,12.0,0.5,0.0,0.0,1.970418016494051
37412,0,calendar_2014_test,15.112722147406231,11.0,0.5,0.0,0.0,4.112722147406231
37413,0,calendar_2014_test,15.34793371929237,18.0,0.5,0.0,0.0,2.652066280707629
37414,0,calendar_2014_test,17.50913782110105,17.0,0.5,0.0,0.0,0.5091378211010493
37415,0,calendar_2014_test,15.281378643618538,11.0,0.5,0.0,0.0,4.281378643618538
37416,0,calendar_2014_test,15.49711242420561,12.0,0.5,0.0,0.0,3.4971124242056106
37417,0,calendar_2014_test,12.805800564390523,14.0,0.5,0.0,0.0,1.1941994356094767
37418,0,calendar_2014_test,15.13936461175652,14.0,0.5,0.0,0.0,1.1393646117565197
37419,0,calendar_2014_test,16.362613665789084,12.0,0.5,0.0,0.0,4.362613665789084
37420,0,calendar_2014_test,13.516865918275954,16.0,0.5,0.0,0.0,2.483134081724046
37421,0,calendar_2014_test,15.44200544502209,16.0,0.5,0.0,0.0,0.5579945549779097
37422,0,calendar_2014_test,15.314407411338536,12.0,0.5,0.0,0.0,3.314407411338536
37423,0,calendar_2014_test,15.92599277014618,20.0,0.5,0.0,0.0,4.0740072298538195
37424,0,calendar_2014_test,20.212329462491283,23.0,0.5,0.0,0.0,2.787670537508717
37425,0,calendar_2014_test,22.46968065431753,16.0,0.5,0.0,0.0,6.4696806543175285
37426,0,calendar_2014_test,16.73197712234881,17.0,0.5,0.0,0.0,0.26802287765119104
37427,0,calendar_2014_test,16.374317176747084,18.0,0.5,0.0,0.0,1.625682823252916
37428,0,calendar_2014_test,16.22571065771217,20.0,0.5,0.0,0.0,3.7742893422878296
37429,0,calendar_2014_test,17.79244253707394,22.0,0.5,0.0,0.0,4.2075574629260615
37430,0,calendar_2014_test,19.112701861280172,22.0,0.5,0.0,0.0,2.887298138719828
37431,0,calendar_2014_test,20.30547479968625,10.0,0.5,0.0,0.0,10.305474799686252
37432,0,calendar_2014_test,11.689727672947129,14.0,0.5,0.0,0.0,2.3102723270528713
37433,0,calendar_2014_test,15.75391417937685,14.0,0.5,0.0,0.0,1.7539141793768493
37434,0,calendar_2014_test,18.581038230051334,18.0,0.5,0.0,0.0,0.5810382300513339
37435,0,calendar_2014_test,20.73348463676558,13.0,0.5,0.0,0.0,7.733484636765581
37436,0,calendar_2014_test,17.345067827256514,18.0,0.5,0.0,0.0,0.6549321727434858
37437,0,calendar_2014_test,17.70764941554404,27.0,0.5,0.0,0.0,9.29235058445596
37438,0,calendar_2014_test,24.235316135764975,38.0,0.5,0.0,0.0,13.764683864235025
37439,0,calendar_2014_test,36.64718118732514,25.0,0.5,0.0,0.0,11.647181187325138
37440,0,calendar_2014_test,23.56462818598007,16.0,0.5,0.0,0.0,7.5646281859800695
37441,0,calendar_2014_test,16.93428750851629,16.0,0.5,0.0,0.0,0.9342875085162916
37442,0,calendar_2014_test,21.2515357112632,9.0,0.5,0.0,0.0,12.251535711263202
37443,0,calendar_2014_test,14.738078740397782,8.0,0.5,0.0,0.0,6.738078740397782
37444,0,calendar_2014_test,16.41807456291002,18.0,0.5,0.0,0.0,1.5819254370899785
37445,0,calendar_2014_test,25.433430688310636,31.0,0.5,0.0,0.0,5.5665693116893635
37446,0,calendar_2014_test,39.32204321652628,38.0,0.5,0.0,0.0,1.322043216526282
37447,0,calendar_2014_test,47.186679770090336,49.0,0.5,0.0,0.0,1.8133202299096638
37448,0,calendar_2014_test,59.06698603312913,52.0,0.5,0.0,0.0,7.066986033129133
37449,0,calendar_2014_test,58.52091828212764,50.0,0.5,0.0,0.0,8.520918282127639
37450,0,calendar_2014_test,54.23698856000133,51.0,0.5,0.0,0.0,3.236988560001329
37451,0,calendar_2014_test,56.60084415036484,69.0,0.5,0.0,0.0,12.399155849635157
37452,0,calendar_2014_test,77.5403615684766,93.0,0.5,0.0,0.0,15.459638431523402
37453,0,calendar_2014_test,98.64328936782876,94.0,0.5,0.0,0.0,4.643289367828757
37454,0,calendar_2014_test,94.32997415834379,147.0,0.5,0.0,0.0,52.67002584165621
37455,0,calendar_2014_test,160.4304071299108,226.0,0.5,0.0,0.0,65.5695928700892
37456,0,calendar_2014_test,278.29764575723823,179.0,0.5,0.0,0.0,99.29764575723823
37457,0,calendar_2014_test,157.71861969486451,153.0,0.5,0.0,0.0,4.718619694864515
37458,0,calendar_2014_test,138.19037700325484,133.0,0.5,0.0,0.0,5.190377003254838
37459,0,calendar_2014_test,122.17019794670537,127.0,0.5,0.0,0.0,4.829802053294628
37460,0,calendar_2014_test,124.23220371068625,119.0,0.5,0.0,0.0,5.23220371068625
37461,0,calendar_2014_test,117.57472109184377,111.0,0.5,0.0,0.0,6.57472109184377
37462,0,calendar_2014_test,111.04961473170876,118.0,0.5,0.0,0.0,6.950385268291242
37463,0,calendar_2014_test,124.53658598276765,116.0,0.5,0.0,0.0,8.536585982767647
37464,0,calendar_2014_test,116.20876930783014,131.0,0.5,0.0,0.0,14.791230692169862
37465,0,calendar_2014_test,136.72452125188863,152.0,0.5,0.0,0.0,15.275478748111368
37466,0,calendar_2014_test,159.83136538739762,163.0,0.5,0.0,0.0,3.168634612602375
37467,0,calendar_2014_test,168.0113824570166,171.0,0.5,0.0,0.0,2.9886175429834054
37468,0,calendar_2014_test,178.347897583558,198.0,0.5,0.0,0.0,19.652102416442006
37469,0,calendar_2014_test,209.9120311547107,234.0,0.5,0.0,0.0,24.08796884528931
37470,0,calendar_2014_test,250.34539116019297,260.0,0.5,0.0,0.0,9.654608839807025
37471,0,calendar_2014_test,272.56252920154367,271.0,0.5,0.0,0.0,1.5625292015436685
37472,0,calendar_2014_test,279.69387623316754,244.0,0.5,0.0,0.0,35.69387623316754
37473,0,calendar_2014_test,235.29353377954857,242.0,0.5,0.0,0.0,6.706466220451432
37474,0,calendar_2014_test,241.31361650979548,210.0,0.5,0.0,0.0,31.31361650979548
37475,0,calendar_2014_test,206.57908699286492,194.0,0.5,0.0,0.0,12.579086992864916
37476,0,calendar_2014_test,188.3166780247259,163.0,0.5,0.0,0.0,25.31667802472589
37477,0,calendar_2014_test,149.99651309403194,194.0,0.5,0.0,0.0,44.00348690596806
37478,0,calendar_2014_test,192.06650688171393,187.0,0.5,0.0,0.0,5.066506881713934
37479,0,calendar_2014_test,172.60903899071593,216.0,0.5,0.0,0.0,43.39096100928407
37480,0,calendar_2014_test,212.71615136397827,225.0,0.5,0.0,0.0,12.28384863602173
37481,0,calendar_2014_test,218.00597180063198,199.0,0.5,0.0,0.0,19.005971800631983
37482,0,calendar_2014_test,187.1944648592899,207.0,0.5,0.0,0.0,19.805535140710106
37483,0,calendar_2014_test,204.43361991081872,227.0,0.5,0.0,0.0,22.56638008918128
37484,0,calendar_2014_test,225.1068977089522,259.0,0.5,0.0,0.0,33.893102291047796
37485,0,calendar_2014_test,246.28331506639572,182.0,0.5,0.0,0.0,64.28331506639572
37486,0,calendar_2014_test,136.483288787775,185.0,0.5,0.0,0.0,48.516711212225005
37487,0,calendar_2014_test,175.07498914160868,191.0,0.5,0.0,0.0,15.925010858391317
37488,0,calendar_2014_test,178.41687968630086,194.0,0.5,0.0,0.0,15.58312031369914
37489,0,calendar_2014_test,190.72380435474452,194.0,0.5,0.0,0.0,3.276195645255484
37490,0,calendar_2014_test,188.06775005811483,192.0,0.5,0.0,0.0,3.932249941885175
37491,0,calendar_2014_test,189.76459558337274,208.0,0.5,0.0,0.0,18.23540441662726
37492,0,calendar_2014_test,219.47175489513404,224.0,0.5,0.0,0.0,4.5282451048659595
37493,0,calendar_2014_test,228.01654457732573,249.0,0.5,0.0,0.0,20.983455422674268
37494,0,calendar_2014_test,256.508919090685,317.0,0.5,0.0,0.0,60.491080909314974
37495,0,calendar_2014_test,348.6401995461198,328.0,0.5,0.0,0.0,20.64019954611979
37496,0,calendar_2014_test,339.05391727768495,349.0,0.5,0.0,0.0,9.946082722315055
37497,0,calendar_2014_test,371.38629487715656,327.0,0.5,0.0,0.0,44.38629487715656
37498,0,calendar_2014_test,313.8909277547108,348.0,0.5,0.0,0.0,34.10907224528921
37499,0,calendar_2014_test,358.8094935540994,363.0,0.5,0.0,0.0,4.19050644590061
37500,0,calendar_2014_test,369.1560958998526,385.0,0.5,0.0,0.0,15.843904100147427
37501,0,calendar_2014_test,377.4805778493438,393.0,0.5,0.0,0.0,15.519422150656226
37502,0,calendar_2014_test,394.9087213665133,388.0,0.5,0.0,0.0,6.908721366513305
37503,0,calendar_2014_test,385.72494197090026,444.0,0.5,0.0,0.0,58.27505802909974
37504,0,calendar_2014_test,426.94313403296735,334.0,0.5,0.0,0.0,92.94313403296735
37505,0,calendar_2014_test,240.97574269967055,284.0,0.5,0.0,0.0,43.02425730032945
37506,0,calendar_2014_test,237.6437694891111,264.0,0.5,0.0,0.0,26.356230510888906
37507,0,calendar_2014_test,228.82254333340654,221.0,0.5,0.0,0.0,7.822543333406543
37508,0,calendar_2014_test,218.48074781180355,160.0,0.5,0.0,0.0,58.48074781180355
37509,0,calendar_2014_test,134.49107397913463,160.0,0.5,0.0,0.0,25.508926020865374
37510,0,calendar_2014_test,135.5744177330624,92.0,0.5,0.0,0.0,43.574417733062404
37511,0,calendar_2014_test,54.34827879683138,59.0,0.5,0.0,0.0,4.65172120316862
37512,0,calendar_2014_test,53.2760757881501,69.0,0.5,0.0,0.0,15.723924211849898
37513,0,calendar_2014_test,70.30715065085472,48.0,0.5,0.0,0.0,22.307150650854723
37514,0,calendar_2014_test,41.30038908970768,32.0,0.5,0.0,0.0,9.300389089707679
37515,0,calendar_2014_test,29.5352516192317,33.0,0.5,0.0,0.0,3.464748380768299
37516,0,calendar_2014_test,30.8571593650519,45.0,0.5,0.0,0.0,14.1428406349481
37517,0,calendar_2014_test,43.71315446599808,42.0,0.5,0.0,0.0,1.7131544659980804
37518,0,calendar_2014_test,41.36991788367545,41.0,0.5,0.0,0.0,0.3699178836754484
37519,0,calendar_2014_test,43.08364499293483,110.0,0.5,0.0,0.0,66.91635500706516
37520,0,calendar_2014_test,139.40184702655876,175.0,0.5,0.0,0.0,35.598152973441245
37521,0,calendar_2014_test,199.2823407818451,293.0,0.5,0.0,0.0,93.71765921815489
37522,0,calendar_2014_test,315.9510868967426,324.0,0.5,0.0,0.0,8.048913103257405
37523,0,calendar_2014_test,310.58910715890386,341.0,0.5,0.0,0.0,30.410892841096143
37524,0,calendar_2014_test,331.8464925952726,362.0,0.5,0.0,0.0,30.153507404727407
37525,0,calendar_2014_test,371.92713918783016,372.0,0.5,0.0,0.0,0.07286081216983575
37526,0,calendar_2014_test,376.38072825000097,373.0,0.5,0.0,0.0,3.3807282500009705
37527,0,calendar_2014_test,352.6210324684139,372.0,0.5,0.0,0.0,19.378967531586113
37528,0,calendar_2014_test,343.98838571346266,318.0,0.5,0.0,0.0,25.988385713462662
37529,0,calendar_2014_test,275.2200822320933,188.0,0.5,0.0,0.0,87.22008223209332
37530,0,calendar_2014_test,145.33144466093307,171.0,0.5,0.0,0.0,25.668555339066927
37531,0,calendar_2014_test,166.15846403798554,136.0,0.5,0.0,0.0,30.15846403798554
37532,0,calendar_2014_test,136.45530174706641,124.0,0.5,0.0,0.0,12.455301747066414
37533,0,calendar_2014_test,125.91101715167358,141.0,0.5,0.0,0.0,15.088982848326424
37534,0,calendar_2014_test,154.32530612970044,132.0,0.5,0.0,0.0,22.325306129700436
37535,0,calendar_2014_test,134.70453504637814,134.0,0.5,0.0,0.0,0.7045350463781404
37536,0,calendar_2014_test,128.14347375893115,56.0,0.5,0.0,0.0,72.14347375893115
37537,0,calendar_2014_test,34.131821769000524,48.0,0.5,0.0,0.0,13.868178230999476
37538,0,calendar_2014_test,42.33926635437166,27.0,0.5,0.0,0.0,15.33926635437166
37539,0,calendar_2014_test,26.589333291128924,28.0,0.5,0.0,0.0,1.4106667088710765
37540,0,calendar_2014_test,25.77204706307863,20.0,0.5,0.0,0.0,5.772047063078631
37541,0,calendar_2014_test,30.05494949728893,22.0,0.5,0.0,0.0,8.05494949728893
37542,0,calendar_2014_test,43.21118105145154,120.0,0.5,0.0,0.0,76.78881894854845
37543,0,calendar_2014_test,153.45554402906737,109.0,0.5,0.0,0.0,44.45554402906737
37544,0,calendar_2014_test,117.49553693363242,112.0,0.5,0.0,0.0,5.4955369336324225
37545,0,calendar_2014_test,122.34373895866672,128.0,0.5,0.0,0.0,5.656261041333281
37546,0,calendar_2014_test,142.48436191536234,164.0,0.5,0.0,0.0,21.515638084637658
37547,0,calendar_2014_test,176.59624675268395,159.0,0.5,0.0,0.0,17.596246752683953
37548,0,calendar_2014_test,161.76605254568634,189.0,0.5,0.0,0.0,27.233947454313665
37549,0,calendar_2014_test,192.13619594753803,97.0,0.5,0.0,0.0,95.13619594753803
37550,0,calendar_2014_test,65.32121469539041,81.0,0.5,0.0,0.0,15.67878530460959
37551,0,calendar_2014_test,73.68408689236762,28.0,0.5,0.0,0.0,45.68408689236762
37552,0,calendar_2014_test,24.159213985411952,25.0,0.5,0.0,0.0,0.8407860145880477
37553,0,calendar_2014_test,23.54865412827006,9.0,0.5,0.0,0.0,14.548654128270059
37554,0,calendar_2014_test,10.597116736875407,9.0,0.5,0.0,0.0,1.5971167368754067
37555,0,calendar_2014_test,19.023014440302006,13.0,0.5,0.0,0.0,6.023014440302006
37556,0,calendar_2014_test,18.405227149838055,17.0,0.5,0.0,0.0,1.4052271498380549
37557,0,calendar_2014_test,20.179025315640544,16.0,0.5,0.0,0.0,4.179025315640544
37558,0,calendar_2014_test,16.922917042432275,25.0,0.5,0.0,0.0,8.077082957567725
37559,0,calendar_2014_test,30.56825476454722,48.0,0.5,0.0,0.0,17.43174523545278
37560,0,calendar_2014_test,51.37993078278498,49.0,0.5,0.0,0.0,2.3799307827849816
37561,0,calendar_2014_test,49.86222495150616,73.0,0.5,0.0,0.0,23.137775048493843
37562,0,calendar_2014_test,76.63907712166251,65.0,0.5,0.0,0.0,11.63907712166251
37563,0,calendar_2014_test,70.29628284566053,55.0,0.5,0.0,0.0,15.296282845660528
37564,0,calendar_2014_test,58.712727185844265,60.0,0.5,0.0,0.0,1.2872728141557346
37565,0,calendar_2014_test,65.02329207326797,63.0,0.5,0.0,0.0,2.0232920732679673
37566,0,calendar_2014_test,70.26359270068829,79.0,0.5,0.0,0.0,8.736407299311708
37567,0,calendar_2014_test,85.03014295374254,35.0,0.5,0.0,0.0,50.03014295374254
37568,0,calendar_2014_test,29.48879853862495,26.0,0.5,0.0,0.0,3.4887985386249483
37569,0,calendar_2014_test,26.97946245054962,20.0,0.5,0.0,0.0,6.979462450549619
37570,0,calendar_2014_test,16.662512635790762,8.0,0.5,0.0,0.0,8.662512635790762
37571,0,calendar_2014_test,9.969270273947416,16.0,0.5,0.0,0.0,6.030729726052584
37572,0,calendar_2014_test,17.797997923633076,10.0,0.5,0.0,0.0,7.797997923633076
37573,0,calendar_2014_test,13.148802093264209,11.0,0.5,0.0,0.0,2.1488020932642087
37574,0,calendar_2014_test,11.608601857562533,20.0,0.5,0.0,0.0,8.391398142437467
37575,0,calendar_2014_test,16.918911640137352,9.0,0.5,0.0,0.0,7.9189116401373525
37576,0,calendar_2014_test,9.452226316362228,8.0,0.5,0.0,0.0,1.4522263163622284
37577,0,calendar_2014_test,9.34482192697726,9.0,0.5,0.0,0.0,0.3448219269772608
37578,0,calendar_2014_test,8.663862588157912,8.0,0.5,0.0,0.0,0.6638625881579117
37579,0,calendar_2014_test,9.527438648031108,8.0,0.5,0.0,0.0,1.527438648031108
37580,0,calendar_2014_test,10.199877069478546,8.0,0.5,0.0,0.0,2.1998770694785463
37581,0,calendar_2014_test,9.767526603634394,8.0,0.5,0.0,0.0,1.7675266036343942
37582,0,calendar_2014_test,10.12518661630618,7.0,0.5,0.0,0.0,3.1251866163061806
37583,0,calendar_2014_test,9.225174406214734,12.0,0.5,0.0,0.0,2.774825593785266
37584,0,calendar_2014_test,13.956773226549558,17.0,0.5,0.0,0.0,3.043226773450442
37585,0,calendar_2014_test,16.254320044811223,11.0,0.5,0.0,0.0,5.254320044811223
37586,0,calendar_2014_test,13.911656333514145,9.0,0.5,0.0,0.0,4.911656333514145
37587,0,calendar_2014_test,12.339604406381227,11.0,0.5,0.0,0.0,1.339604406381227
37588,0,calendar_2014_test,14.302746036284162,8.0,0.5,0.0,0.0,6.302746036284162
37589,0,calendar_2014_test,11.09774403988611,9.0,0.5,0.0,0.0,2.097744039886109
37590,0,calendar_2014_test,12.450653241730734,10.0,0.5,0.0,0.0,2.450653241730734
37591,0,calendar_2014_test,12.334497038891271,8.0,0.5,0.0,0.0,4.334497038891271
37592,0,calendar_2014_test,11.75616369189494,10.0,0.5,0.0,0.0,1.7561636918949404
37593,0,calendar_2014_test,13.516142111572634,10.0,0.5,0.0,0.0,3.516142111572634
37594,0,calendar_2014_test,11.525539399502378,8.0,0.5,0.0,0.0,3.525539399502378
37595,0,calendar_2014_test,9.883170092685717,12.0,0.5,0.0,0.0,2.1168299073142833
