index,fold,regime,prediction,actual,confidence,aleatoric,epistemic,abs_error
29646,0,calendar_2014_test,22.112906669459385,24.0,0.5,0.0,0.0,1.8870933305406155
29647,0,calendar_2014_test,22.8568310886889,53.0,0.5,0.0,0.0,30.1431689113111
29648,0,calendar_2014_test,48.59304659523263,65.0,0.5,0.0,0.0,16.40695340476737
29649,0,calendar_2014_test,61.85038176699837,70.0,0.5,0.0,0.0,8.149618233001632
29650,0,calendar_2014_test,73.0893453810638,79.0,0.5,0.0,0.0,5.910654618936206
29651,0,calendar_2014_test,77.90894925284222,92.0,0.5,0.0,0.0,14.09105074715778
29652,0,calendar_2014_test,83.29636629113584,106.0,0.5,0.0,0.0,22.70363370886416
29653,0,calendar_2014_test,95.30816621594433,75.0,0.5,0.0,0.0,20.308166215944325
29654,0,calendar_2014_test,66.7753075561874,58.0,0.5,0.0,0.0,8.7753075561874
29655,0,calendar_2014_test,50.44586660413726,33.0,0.5,0.0,0.0,17.445866604137258
29656,0,calendar_2014_test,30.976094150703766,51.0,0.5,0.0,0.0,20.023905849296234
29657,0,calendar_2014_test,47.117224726371816,32.0,0.5,0.0,0.0,15.117224726371816
29658,0,calendar_2014_test,27.662009254762946,23.0,0.5,0.0,0.0,4.662009254762946
29659,0,calendar_2014_test,22.812114856951514,28.0,0.5,0.0,0.0,5.1878851430484865
29660,0,calendar_2014_test,26.161864877892917,23.0,0.5,0.0,0.0,3.161864877892917
29661,0,calendar_2014_test,22.633161583987704,24.0,0.5,0.0,0.0,1.3668384160122962
29662,0,calendar_2014_test,23.73552249720264,26.0,0.5,0.0,0.0,2.2644775027973587
29663,0,calendar_2014_test,24.322024785535728,26.0,0.5,0.0,0.0,1.6779752144642721
29664,0,calendar_2014_test,25.45313998853187,27.0,0.5,0.0,0.0,1.5468600114681301
29665,0,calendar_2014_test,36.38176369663932,43.0,0.5,0.0,0.0,6.618236303360682
29666,0,calendar_2014_test,53.49644452799372,62.0,0.5,0.0,0.0,8.503555472006283
29667,0,calendar_2014_test,73.70797909534778,70.0,0.5,0.0,0.0,3.707979095347781
29668,0,calendar_2014_test,76.85039560405204,81.0,0.5,0.0,0.0,4.149604395947961
29669,0,calendar_2014_test,86.8528451489072,111.0,0.5,0.0,0.0,24.147154851092793
29670,0,calendar_2014_test,128.5454121219847,144.0,0.5,0.0,0.0,15.454587878015303
29671,0,calendar_2014_test,154.76143065939596,170.0,0.5,0.0,0.0,15.238569340604045
29672,0,calendar_2014_test,171.68413063828947,174.0,0.5,0.0,0.0,2.3158693617105257
29673,0,calendar_2014_test,174.41916642209256,174.0,0.5,0.0,0.0,0.41916642209255883
29674,0,calendar_2014_test,172.72017621140716,172.0,0.5,0.0,0.0,0.7201762114071641
29675,0,calendar_2014_test,176.88560054472714,149.0,0.5,0.0,0.0,27.88560054472714
29676,0,calendar_2014_test,144.96227799123403,166.0,0.5,0.0,0.0,21.037722008765968
29677,0,calendar_2014_test,173.6510911272247,187.0,0.5,0.0,0.0,13.348908872775297
29678,0,calendar_2014_test,181.00948573618277,107.0,0.5,0.0,0.0,74.00948573618277
29679,0,calendar_2014_test,79.85774865318395,114.0,0.5,0.0,0.0,34.14225134681605
29680,0,calendar_2014_test,112.94885990512445,108.0,0.5,0.0,0.0,4.948859905124451
29681,0,calendar_2014_test,108.25682021203932,102.0,0.5,0.0,0.0,6.256820212039315
29682,0,calendar_2014_test,101.51797064922432,95.0,0.5,0.0,0.0,6.517970649224324
29683,0,calendar_2014_test,96.30171835986165,127.0,0.5,0.0,0.0,30.698281640138347
29684,0,calendar_2014_test,132.9481149565801,125.0,0.5,0.0,0.0,7.948114956580099
29685,0,calendar_2014_test,123.43305644715181,128.0,0.5,0.0,0.0,4.566943552848187
29686,0,calendar_2014_test,135.9619310595135,146.0,0.5,0.0,0.0,10.03806894048651
29687,0,calendar_2014_test,153.31438537785888,165.0,0.5,0.0,0.0,11.685614622141117
29688,0,calendar_2014_test,179.09975559680666,173.0,0.5,0.0,0.0,6.099755596806659
29689,0,calendar_2014_test,175.0311330643324,195.0,0.5,0.0,0.0,19.96886693566759
29690,0,calendar_2014_test,204.21064599038465,239.0,0.5,0.0,0.0,34.78935400961535
29691,0,calendar_2014_test,254.75726990153493,232.0,0.5,0.0,0.0,22.757269901534926
29692,0,calendar_2014_test,237.24349237024379,242.0,0.5,0.0,0.0,4.756507629756214
29693,0,calendar_2014_test,251.7685079232192,269.0,0.5,0.0,0.0,17.231492076780796
29694,0,calendar_2014_test,252.70952184505873,264.0,0.5,0.0,0.0,11.290478154941269
29695,0,calendar_2014_test,258.35238212615195,220.0,0.5,0.0,0.0,38.35238212615195
29696,0,calendar_2014_test,195.2446797202619,146.0,0.5,0.0,0.0,49.2446797202619
29697,0,calendar_2014_test,106.14662650839836,34.0,0.5,0.0,0.0,72.14662650839836
29698,0,calendar_2014_test,32.606706773990396,34.0,0.5,0.0,0.0,1.3932932260096038
29699,0,calendar_2014_test,34.18261337659621,35.0,0.5,0.0,0.0,0.8173866234037916
29700,0,calendar_2014_test,38.701395208100045,45.0,0.5,0.0,0.0,6.298604791899955
29701,0,calendar_2014_test,48.84052673353805,43.0,0.5,0.0,0.0,5.840526733538049
29702,0,calendar_2014_test,42.219817775283325,43.0,0.5,0.0,0.0,0.7801822247166754
29703,0,calendar_2014_test,40.45489716089976,36.0,0.5,0.0,0.0,4.454897160899762
29704,0,calendar_2014_test,33.80866665529576,36.0,0.5,0.0,0.0,2.1913333447042405
29705,0,calendar_2014_test,33.12809069866103,23.0,0.5,0.0,0.0,10.128090698661033
29706,0,calendar_2014_test,23.014875283090582,25.0,0.5,0.0,0.0,1.985124716909418
29707,0,calendar_2014_test,22.949379301842455,29.0,0.5,0.0,0.0,6.0506206981575446
29708,0,calendar_2014_test,31.462003641066115,26.0,0.5,0.0,0.0,5.462003641066115
29709,0,calendar_2014_test,25.728507002902077,21.0,0.5,0.0,0.0,4.728507002902077
29710,0,calendar_2014_test,29.282085703020726,25.0,0.5,0.0,0.0,4.282085703020726
29711,0,calendar_2014_test,30.349944460074372,31.0,0.5,0.0,0.0,0.6500555399256278
29712,0,calendar_2014_test,42.87004251155182,43.0,0.5,0.0,0.0,0.12995748844817712
29713,0,calendar_2014_test,57.99853001888762,46.0,0.5,0.0,0.0,11.998530018887621
29714,0,calendar_2014_test,55.60650569996596,50.0,0.5,0.0,0.0,5.6065056999659575
29715,0,calendar_2014_test,59.21240803772318,68.0,0.5,0.0,0.0,8.78759196227682
29716,0,calendar_2014_test,78.09502287183184,60.0,0.5,0.0,0.0,18.095022871831844
29717,0,calendar_2014_test,65.74764150546994,103.0,0.5,0.0,0.0,37.25235849453006
29718,0,calendar_2014_test,112.60381444130738,85.0,0.5,0.0,0.0,27.603814441307378
29719,0,calendar_2014_test,80.20625023346419,86.0,0.5,0.0,0.0,5.793749766535811
29720,0,calendar_2014_test,92.19815043363505,89.0,0.5,0.0,0.0,3.1981504336350497
29721,0,calendar_2014_test,93.83286900325211,77.0,0.5,0.0,0.0,16.832869003252114
29722,0,calendar_2014_test,75.62603640115258,77.0,0.5,0.0,0.0,1.3739635988474248
29723,0,calendar_2014_test,82.97206784750537,75.0,0.5,0.0,0.0,7.972067847505372
29724,0,calendar_2014_test,82.30834379908465,80.0,0.5,0.0,0.0,2.3083437990846534
29725,0,calendar_2014_test,87.96666672447896,86.0,0.5,0.0,0.0,1.966666724478955
29726,0,calendar_2014_test,93.83510712533204,95.0,0.5,0.0,0.0,1.1648928746679559
29727,0,calendar_2014_test,102.30867348975097,101.0,0.5,0.0,0.0,1.3086734897509729
29728,0,calendar_2014_test,106.45344035971435,132.0,0.5,0.0,0.0,25.54655964028565
29729,0,calendar_2014_test,141.4275857021797,153.0,0.5,0.0,0.0,11.572414297820302
29730,0,calendar_2014_test,158.04784700649333,173.0,0.5,0.0,0.0,14.952152993506672
29731,0,calendar_2014_test,181.43134132346148,178.0,0.5,0.0,0.0,3.4313413234614814
29732,0,calendar_2014_test,180.81495014748614,176.0,0.5,0.0,0.0,4.814950147486144
29733,0,calendar_2014_test,174.88488367630333,209.0,0.5,0.0,0.0,34.11511632369667
29734,0,calendar_2014_test,218.89944476423074,219.0,0.5,0.0,0.0,0.10055523576926362
29735,0,calendar_2014_test,220.47758100673923,224.0,0.5,0.0,0.0,3.5224189932607715
29736,0,calendar_2014_test,220.9498287708701,212.0,0.5,0.0,0.0,8.949828770870113
29737,0,calendar_2014_test,191.09598599977502,221.0,0.5,0.0,0.0,29.904014000224976
29738,0,calendar_2014_test,204.9471620534825,221.0,0.5,0.0,0.0,16.052837946517514
29739,0,calendar_2014_test,227.903466556564,217.0,0.5,0.0,0.0,10.903466556564013
29740,0,calendar_2014_test,222.51074966240614,203.0,0.5,0.0,0.0,19.51074966240614
29741,0,calendar_2014_test,203.8476548242243,221.0,0.5,0.0,0.0,17.152345175775707
29742,0,calendar_2014_test,223.55096539524288,192.0,0.5,0.0,0.0,31.550965395242883
29743,0,calendar_2014_test,178.57861643745755,183.0,0.5,0.0,0.0,4.421383562542445
29744,0,calendar_2014_test,158.41952168608995,175.0,0.5,0.0,0.0,16.58047831391005
29745,0,calendar_2014_test,158.81033339663657,177.0,0.5,0.0,0.0,18.189666603363435
29746,0,calendar_2014_test,166.71087319021214,183.0,0.5,0.0,0.0,16.28912680978786
29747,0,calendar_2014_test,171.06621599179286,155.0,0.5,0.0,0.0,16.06621599179286
29748,0,calendar_2014_test,151.77035964863902,151.0,0.5,0.0,0.0,0.7703596486390154
29749,0,calendar_2014_test,148.75726899703,137.0,0.5,0.0,0.0,11.757268997029996
29750,0,calendar_2014_test,134.36293335964984,109.0,0.5,0.0,0.0,25.362933359649844
29751,0,calendar_2014_test,96.25486010531284,140.0,0.5,0.0,0.0,43.745139894687156
29752,0,calendar_2014_test,144.0607928296758,117.0,0.5,0.0,0.0,27.06079282967579
29753,0,calendar_2014_test,95.22082551281504,128.0,0.5,0.0,0.0,32.77917448718496
29754,0,calendar_2014_test,129.69520657897382,54.0,0.5,0.0,0.0,75.69520657897382
29755,0,calendar_2014_test,42.74830727138074,34.0,0.5,0.0,0.0,8.748307271380739
29756,0,calendar_2014_test,32.666861995785766,32.0,0.5,0.0,0.0,0.6668619957857658
29757,0,calendar_2014_test,31.505140827088102,28.0,0.5,0.0,0.0,3.505140827088102
29758,0,calendar_2014_test,36.55981780308407,29.0,0.5,0.0,0.0,7.559817803084073
29759,0,calendar_2014_test,39.614995558021036,37.0,0.5,0.0,0.0,2.614995558021036
29760,0,calendar_2014_test,49.556900264627,46.0,0.5,0.0,0.0,3.5569002646269965
29761,0,calendar_2014_test,63.67225699285199,54.0,0.5,0.0,0.0,9.672256992851992
29762,0,calendar_2014_test,69.56581887378184,53.0,0.5,0.0,0.0,16.565818873781836
29763,0,calendar_2014_test,60.76334524938786,47.0,0.5,0.0,0.0,13.76334524938786
29764,0,calendar_2014_test,52.796136237237945,112.0,0.5,0.0,0.0,59.203863762762055
29765,0,calendar_2014_test,170.77691103702244,125.0,0.5,0.0,0.0,45.776911037022444
29766,0,calendar_2014_test,137.15692499189635,128.0,0.5,0.0,0.0,9.156924991896346
29767,0,calendar_2014_test,130.2787196136721,126.0,0.5,0.0,0.0,4.278719613672109
29768,0,calendar_2014_test,123.70912885364663,153.0,0.5,0.0,0.0,29.290871146353368
29769,0,calendar_2014_test,149.7807433246784,157.0,0.5,0.0,0.0,7.2192566753215885
29770,0,calendar_2014_test,161.2074132408071,144.0,0.5,0.0,0.0,17.207413240807114
29771,0,calendar_2014_test,144.58284323648982,138.0,0.5,0.0,0.0,6.582843236489822
29772,0,calendar_2014_test,142.18110807071767,128.0,0.5,0.0,0.0,14.18110807071767
29773,0,calendar_2014_test,130.3516321059911,126.0,0.5,0.0,0.0,4.3516321059910865
29774,0,calendar_2014_test,124.13941674030673,126.0,0.5,0.0,0.0,1.8605832596932714
29775,0,calendar_2014_test,125.95086731270703,159.0,0.5,0.0,0.0,33.04913268729297
29776,0,calendar_2014_test,165.11779806632518,149.0,0.5,0.0,0.0,16.11779806632518
29777,0,calendar_2014_test,141.86722016001002,123.0,0.5,0.0,0.0,18.86722016001002
29778,0,calendar_2014_test,119.83169957703439,150.0,0.5,0.0,0.0,30.168300422965615
29779,0,calendar_2014_test,155.26419858246686,146.0,0.5,0.0,0.0,9.264198582466861
29780,0,calendar_2014_test,142.6959432915756,145.0,0.5,0.0,0.0,2.3040567084244117
29781,0,calendar_2014_test,147.75598843501746,160.0,0.5,0.0,0.0,12.244011564982543
29782,0,calendar_2014_test,163.98136163453336,148.0,0.5,0.0,0.0,15.981361634533357
29783,0,calendar_2014_test,144.38103489381777,156.0,0.5,0.0,0.0,11.61896510618223
29784,0,calendar_2014_test,157.91976498171294,158.0,0.5,0.0,0.0,0.08023501828705548
29785,0,calendar_2014_test,173.72238657265117,167.0,0.5,0.0,0.0,6.722386572651175
29786,0,calendar_2014_test,181.7710130509302,171.0,0.5,0.0,0.0,10.771013050930208
29787,0,calendar_2014_test,187.6290838060745,177.0,0.5,0.0,0.0,10.629083806074505
29788,0,calendar_2014_test,186.1854835050011,185.0,0.5,0.0,0.0,1.1854835050010877
29789,0,calendar_2014_test,192.46565851972142,201.0,0.5,0.0,0.0,8.534341480278584
29790,0,calendar_2014_test,210.71139971549084,217.0,0.5,0.0,0.0,6.288600284509158
29791,0,calendar_2014_test,231.18860264225188,208.0,0.5,0.0,0.0,23.18860264225188
29792,0,calendar_2014_test,218.42450816426108,204.0,0.5,0.0,0.0,14.424508164261084
29793,0,calendar_2014_test,209.26561341083436,213.0,0.5,0.0,0.0,3.734386589165638
29794,0,calendar_2014_test,219.94376160104042,256.0,0.5,0.0,0.0,36.05623839895958
29795,0,calendar_2014_test,246.23537447550328,211.0,0.5,0.0,0.0,35.23537447550328
29796,0,calendar_2014_test,182.28899977463158,203.0,0.5,0.0,0.0,20.711000225368423
29797,0,calendar_2014_test,200.97296501336731,212.0,0.5,0.0,0.0,11.027034986632685
29798,0,calendar_2014_test,208.87599634128793,205.0,0.5,0.0,0.0,3.87599634128793
29799,0,calendar_2014_test,199.24778483565802,196.0,0.5,0.0,0.0,3.247784835658024
29800,0,calendar_2014_test,180.81381142388716,182.0,0.5,0.0,0.0,1.1861885761128406
29801,0,calendar_2014_test,160.43236508454552,124.0,0.5,0.0,0.0,36.43236508454552
29802,0,calendar_2014_test,60.189438854640436,102.0,0.5,0.0,0.0,41.810561145359564
29803,0,calendar_2014_test,70.22176248727307,77.0,0.5,0.0,0.0,6.778237512726932
29804,0,calendar_2014_test,55.7869828279301,48.0,0.5,0.0,0.0,7.786982827930103
29805,0,calendar_2014_test,46.69069198174024,38.0,0.5,0.0,0.0,8.690691981740237
29806,0,calendar_2014_test,41.03401462854208,31.0,0.5,0.0,0.0,10.034014628542081
29807,0,calendar_2014_test,36.12950543004992,27.0,0.5,0.0,0.0,9.129505430049917
29808,0,calendar_2014_test,32.07973882931838,33.0,0.5,0.0,0.0,0.9202611706816199
29809,0,calendar_2014_test,37.87417220527086,35.0,0.5,0.0,0.0,2.8741722052708596
29810,0,calendar_2014_test,37.69211105667191,29.0,0.5,0.0,0.0,8.692111056671912
29811,0,calendar_2014_test,30.37369366448063,24.0,0.5,0.0,0.0,6.37369366448063
29812,0,calendar_2014_test,23.209693871815023,26.0,0.5,0.0,0.0,2.7903061281849766
29813,0,calendar_2014_test,23.30517180785437,11.0,0.5,0.0,0.0,12.305171807854371
29814,0,calendar_2014_test,12.307199635503263,14.0,0.5,0.0,0.0,1.6928003644967369
29815,0,calendar_2014_test,13.96602000735743,12.0,0.5,0.0,0.0,1.9660200073574305
29816,0,calendar_2014_test,12.918988426074069,9.0,0.5,0.0,0.0,3.918988426074069
29817,0,calendar_2014_test,10.736847591915213,11.0,0.5,0.0,0.0,0.2631524080847871
29818,0,calendar_2014_test,11.456630350913159,15.0,0.5,0.0,0.0,3.5433696490868414
29819,0,calendar_2014_test,16.111011426681166,13.0,0.5,0.0,0.0,3.1110114266811664
29820,0,calendar_2014_test,15.475313399805238,15.0,0.5,0.0,0.0,0.4753133998052377
29821,0,calendar_2014_test,15.909250278094087,17.0,0.5,0.0,0.0,1.0907497219059135
29822,0,calendar_2014_test,16.620271182769912,19.0,0.5,0.0,0.0,2.379728817230088
29823,0,calendar_2014_test,19.139553471899266,18.0,0.5,0.0,0.0,1.1395534718992657
29824,0,calendar_2014_test,18.505896759008706,21.0,0.5,0.0,0.0,2.4941032409912935
29825,0,calendar_2014_test,23.036227094764797,17.0,0.5,0.0,0.0,6.036227094764797
29826,0,calendar_2014_test,16.67277200118899,22.0,0.5,0.0,0.0,5.327227998811011
29827,0,calendar_2014_test,20.597610531291004,23.0,0.5,0.0,0.0,2.4023894687089964
29828,0,calendar_2014_test,22.17158577494133,16.0,0.5,0.0,0.0,6.171585774941331
29829,0,calendar_2014_test,16.490647511428453,22.0,0.5,0.0,0.0,5.5093524885715475
29830,0,calendar_2014_test,20.77088788371517,18.0,0.5,0.0,0.0,2.7708878837151687
29831,0,calendar_2014_test,18.51111110697139,17.0,0.5,0.0,0.0,1.5111111069713914
29832,0,calendar_2014_test,16.397402390943572,21.0,0.5,0.0,0.0,4.602597609056428
29833,0,calendar_2014_test,22.103805174988103,23.0,0.5,0.0,0.0,0.8961948250118965
29834,0,calendar_2014_test,23.337267121438085,22.0,0.5,0.0,0.0,1.3372671214380851
29835,0,calendar_2014_test,23.016717450429372,21.0,0.5,0.0,0.0,2.016717450429372
29836,0,calendar_2014_test,21.269262360469856,23.0,0.5,0.0,0.0,1.730737639530144
29837,0,calendar_2014_test,29.3612770316575,53.0,0.5,0.0,0.0,23.6387229683425
29838,0,calendar_2014_test,57.50378841997916,66.0,0.5,0.0,0.0,8.49621158002084
29839,0,calendar_2014_test,67.94724171590939,52.0,0.5,0.0,0.0,15.947241715909385
29840,0,calendar_2014_test,51.43068705231235,30.0,0.5,0.0,0.0,21.43068705231235
29841,0,calendar_2014_test,29.710088684601168,10.0,0.5,0.0,0.0,19.710088684601168
29842,0,calendar_2014_test,12.880273763406384,10.0,0.5,0.0,0.0,2.880273763406384
29843,0,calendar_2014_test,11.36979737921038,13.0,0.5,0.0,0.0,1.6302026207896194
29844,0,calendar_2014_test,13.700779946744229,11.0,0.5,0.0,0.0,2.7007799467442286
29845,0,calendar_2014_test,13.661763587085908,14.0,0.5,0.0,0.0,0.33823641291409245
29846,0,calendar_2014_test,14.774188862745625,20.0,0.5,0.0,0.0,5.225811137254375
29847,0,calendar_2014_test,19.092769775557485,22.0,0.5,0.0,0.0,2.9072302244425146
29848,0,calendar_2014_test,21.451789372924512,23.0,0.5,0.0,0.0,1.5482106270754876
29849,0,calendar_2014_test,22.36700342780276,20.0,0.5,0.0,0.0,2.3670034278027607
29850,0,calendar_2014_test,19.84493122512704,17.0,0.5,0.0,0.0,2.8449312251270413
29851,0,calendar_2014_test,16.763989366810502,14.0,0.5,0.0,0.0,2.7639893668105024
29852,0,calendar_2014_test,14.844485330052903,10.0,0.5,0.0,0.0,4.844485330052903
29853,0,calendar_2014_test,12.053432586223435,10.0,0.5,0.0,0.0,2.053432586223435
29854,0,calendar_2014_test,11.764450886414243,27.0,0.5,0.0,0.0,15.235549113585757
29855,0,calendar_2014_test,35.4054113222824,44.0,0.5,0.0,0.0,8.594588677717603
29856,0,calendar_2014_test,49.98037039508346,53.0,0.5,0.0,0.0,3.0196296049165383
29857,0,calendar_2014_test,58.93958241553172,59.0,0.5,0.0,0.0,0.060417584468282826
29858,0,calendar_2014_test,67.83170032713755,56.0,0.5,0.0,0.0,11.831700327137554
29859,0,calendar_2014_test,60.4274216927766,58.0,0.5,0.0,0.0,2.4274216927765977
29860,0,calendar_2014_test,61.35721284839689,66.0,0.5,0.0,0.0,4.642787151603109
29861,0,calendar_2014_test,74.22065765937555,73.0,0.5,0.0,0.0,1.2206576593755472
29862,0,calendar_2014_test,80.42032758032889,83.0,0.5,0.0,0.0,2.5796724196711125
29863,0,calendar_2014_test,94.57965521689746,81.0,0.5,0.0,0.0,13.579655216897464
29864,0,calendar_2014_test,79.9037628213121,91.0,0.5,0.0,0.0,11.0962371786879
29865,0,calendar_2014_test,91.16379783741412,104.0,0.5,0.0,0.0,12.836202162585877
29866,0,calendar_2014_test,96.73719611353243,88.0,0.5,0.0,0.0,8.737196113532434
29867,0,calendar_2014_test,77.39968318726952,85.0,0.5,0.0,0.0,7.600316812730483
29868,0,calendar_2014_test,74.79984661383055,66.0,0.5,0.0,0.0,8.799846613830553
29869,0,calendar_2014_test,56.898845005697574,47.0,0.5,0.0,0.0,9.898845005697574
29870,0,calendar_2014_test,47.147283450111466,70.0,0.5,0.0,0.0,22.852716549888534
29871,0,calendar_2014_test,71.58722066832532,61.0,0.5,0.0,0.0,10.587220668325315
29872,0,calendar_2014_test,62.22465527453027,47.0,0.5,0.0,0.0,15.22465527453027
29873,0,calendar_2014_test,50.04823235441928,61.0,0.5,0.0,0.0,10.951767645580723
29874,0,calendar_2014_test,66.0889580729207,69.0,0.5,0.0,0.0,2.911041927079296
29875,0,calendar_2014_test,68.53019211330754,66.0,0.5,0.0,0.0,2.5301921133075354
29876,0,calendar_2014_test,63.97426981718223,63.0,0.5,0.0,0.0,0.9742698171822326
29877,0,calendar_2014_test,67.74411320813195,43.0,0.5,0.0,0.0,24.74411320813195
29878,0,calendar_2014_test,42.57451869675167,48.0,0.5,0.0,0.0,5.425481303248333
29879,0,calendar_2014_test,55.78911313811078,67.0,0.5,0.0,0.0,11.210886861889222
29880,0,calendar_2014_test,75.3209848690459,87.0,0.5,0.0,0.0,11.679015130954099
29881,0,calendar_2014_test,95.17270691349016,127.0,0.5,0.0,0.0,31.82729308650984
29882,0,calendar_2014_test,157.3769815367731,126.0,0.5,0.0,0.0,31.376981536773087
29883,0,calendar_2014_test,142.5838688924004,126.0,0.5,0.0,0.0,16.583868892400403
29884,0,calendar_2014_test,126.09382056612534,106.0,0.5,0.0,0.0,20.093820566125345
29885,0,calendar_2014_test,106.3214880142928,104.0,0.5,0.0,0.0,2.3214880142927967
29886,0,calendar_2014_test,108.44528211412356,118.0,0.5,0.0,0.0,9.554717885876443
29887,0,calendar_2014_test,130.67471682743874,141.0,0.5,0.0,0.0,10.325283172561257
29888,0,calendar_2014_test,140.64591957214716,199.0,0.5,0.0,0.0,58.354080427852836
29889,0,calendar_2014_test,201.15920097189147,262.0,0.5,0.0,0.0,60.840799028108535
29890,0,calendar_2014_test,230.48409283203802,234.0,0.5,0.0,0.0,3.515907167961984
29891,0,calendar_2014_test,208.6610290584031,221.0,0.5,0.0,0.0,12.338970941596898
29892,0,calendar_2014_test,193.6033512605299,177.0,0.5,0.0,0.0,16.603351260529905
29893,0,calendar_2014_test,122.62598277075602,135.0,0.5,0.0,0.0,12.374017229243975
29894,0,calendar_2014_test,95.91636272640102,108.0,0.5,0.0,0.0,12.083637273598981
29895,0,calendar_2014_test,95.49186444663482,97.0,0.5,0.0,0.0,1.5081355533651788
29896,0,calendar_2014_test,89.35869716301748,87.0,0.5,0.0,0.0,2.3586971630174816
29897,0,calendar_2014_test,84.49800362774828,85.0,0.5,0.0,0.0,0.5019963722517247
29898,0,calendar_2014_test,86.31339836033575,81.0,0.5,0.0,0.0,5.3133983603357535
29899,0,calendar_2014_test,85.39484861134991,82.0,0.5,0.0,0.0,3.3948486113499143
29900,0,calendar_2014_test,87.00777850990077,81.0,0.5,0.0,0.0,6.007778509900774
29901,0,calendar_2014_test,80.74109706969841,111.0,0.5,0.0,0.0,30.258902930301588
29902,0,calendar_2014_test,149.80510985150272,143.0,0.5,0.0,0.0,6.805109851502721
29903,0,calendar_2014_test,150.77615147391887,153.0,0.5,0.0,0.0,2.2238485260811274
29904,0,calendar_2014_test,145.63912217784502,189.0,0.5,0.0,0.0,43.360877822154976
29905,0,calendar_2014_test,176.73065539650213,244.0,0.5,0.0,0.0,67.26934460349787
29906,0,calendar_2014_test,225.49852440951506,273.0,0.5,0.0,0.0,47.501475590484944
29907,0,calendar_2014_test,260.52013094947426,218.0,0.5,0.0,0.0,42.520130949474265
29908,0,calendar_2014_test,181.66203254055884,227.0,0.5,0.0,0.0,45.33796745944116
29909,0,calendar_2014_test,221.098328370183,95.0,0.5,0.0,0.0,126.098328370183
29910,0,calendar_2014_test,42.320386562300826,20.0,0.5,0.0,0.0,22.320386562300826
29911,0,calendar_2014_test,99.98665754947257,84.0,0.5,0.0,0.0,15.986657549472568
29912,0,calendar_2014_test,79.93573306872662,106.0,0.5,0.0,0.0,26.06426693127338
29913,0,calendar_2014_test,105.70210106632716,112.0,0.5,0.0,0.0,6.29789893367284
29914,0,calendar_2014_test,115.10145971854888,120.0,0.5,0.0,0.0,4.898540281451119
29915,0,calendar_2014_test,117.0252924341883,117.0,0.5,0.0,0.0,0.025292434188301627
29916,0,calendar_2014_test,111.36984354601512,118.0,0.5,0.0,0.0,6.630156453984881
29917,0,calendar_2014_test,114.1625817655377,106.0,0.5,0.0,0.0,8.162581765537695
29918,0,calendar_2014_test,110.97760074604406,96.0,0.5,0.0,0.0,14.977600746044061
29919,0,calendar_2014_test,84.7411742803237,82.0,0.5,0.0,0.0,2.7411742803237047
29920,0,calendar_2014_test,78.87937671081676,63.0,0.5,0.0,0.0,15.879376710816757
29921,0,calendar_2014_test,64.56957170579959,79.0,0.5,0.0,0.0,14.43042829420041
29922,0,calendar_2014_test,89.34548079830326,125.0,0.5,0.0,0.0,35.65451920169674
29923,0,calendar_2014_test,140.3821391029948,119.0,0.5,0.0,0.0,21.382139102994813
29924,0,calendar_2014_test,124.60620950330697,115.0,0.5,0.0,0.0,9.606209503306971
29925,0,calendar_2014_test,126.39976074947185,131.0,0.5,0.0,0.0,4.600239250528148
29926,0,calendar_2014_test,149.6013448732792,177.0,0.5,0.0,0.0,27.398655126720797
29927,0,calendar_2014_test,185.12004239619503,287.0,0.5,0.0,0.0,101.87995760380497
29928,0,calendar_2014_test,288.56921587955964,299.0,0.5,0.0,0.0,10.430784120440364
29929,0,calendar_2014_test,292.0412553494829,250.0,0.5,0.0,0.0,42.041255349482924
29930,0,calendar_2014_test,227.62745619414818,159.0,0.5,0.0,0.0,68.62745619414818
29931,0,calendar_2014_test,101.2262631121517,124.0,0.5,0.0,0.0,22.7737368878483
29932,0,calendar_2014_test,95.28596769967206,123.0,0.5,0.0,0.0,27.714032300327943
29933,0,calendar_2014_test,109.41129610267342,49.0,0.5,0.0,0.0,60.41129610267342
29934,0,calendar_2014_test,48.04218624968705,36.0,0.5,0.0,0.0,12.042186249687049
29935,0,calendar_2014_test,40.96607546876067,59.0,0.5,0.0,0.0,18.03392453123933
29936,0,calendar_2014_test,73.48711803267283,85.0,0.5,0.0,0.0,11.512881967327175
29937,0,calendar_2014_test,92.78524690089526,170.0,0.5,0.0,0.0,77.21475309910474
29938,0,calendar_2014_test,206.81405716328192,180.0,0.5,0.0,0.0,26.814057163281916
29939,0,calendar_2014_test,174.19676368027768,227.0,0.5,0.0,0.0,52.803236319722316
29940,0,calendar_2014_test,210.60624457246928,199.0,0.5,0.0,0.0,11.60624457246928
29941,0,calendar_2014_test,206.240053959666,168.0,0.5,0.0,0.0,38.240053959666
29942,0,calendar_2014_test,160.87392468643543,93.0,0.5,0.0,0.0,67.87392468643543
29943,0,calendar_2014_test,75.50567076543551,80.0,0.5,0.0,0.0,4.494329234564489
29944,0,calendar_2014_test,71.29508746664868,111.0,0.5,0.0,0.0,39.70491253335132
29945,0,calendar_2014_test,130.53898670518086,133.0,0.5,0.0,0.0,2.461013294819139
29946,0,calendar_2014_test,142.63092463185995,135.0,0.5,0.0,0.0,7.630924631859955
29947,0,calendar_2014_test,138.43994023171572,94.0,0.5,0.0,0.0,44.439940231715724
29948,0,calendar_2014_test,94.34887314985284,103.0,0.5,0.0,0.0,8.651126850147165
29949,0,calendar_2014_test,112.1521906670912,92.0,0.5,0.0,0.0,20.152190667091205
29950,0,calendar_2014_test,97.10460677975635,93.0,0.5,0.0,0.0,4.104606779756352
29951,0,calendar_2014_test,100.05729997366285,109.0,0.5,0.0,0.0,8.94270002633715
29952,0,calendar_2014_test,112.2068227144439,122.0,0.5,0.0,0.0,9.793177285556098
29953,0,calendar_2014_test,142.25488488488634,123.0,0.5,0.0,0.0,19.254884884886337
29954,0,calendar_2014_test,129.94051553484823,122.0,0.5,0.0,0.0,7.940515534848231
29955,0,calendar_2014_test,122.84308024801919,172.0,0.5,0.0,0.0,49.15691975198081
29956,0,calendar_2014_test,176.73126958526618,213.0,0.5,0.0,0.0,36.268730414733824
29957,0,calendar_2014_test,199.9462067376018,196.0,0.5,0.0,0.0,3.9462067376018126
29958,0,calendar_2014_test,188.39455893738494,158.0,0.5,0.0,0.0,30.394558937384943
29959,0,calendar_2014_test,136.08010728715092,103.0,0.5,0.0,0.0,33.08010728715092
29960,0,calendar_2014_test,91.60691161760647,90.0,0.5,0.0,0.0,1.606911617606471
29961,0,calendar_2014_test,77.47030946776579,70.0,0.5,0.0,0.0,7.470309467765787
29962,0,calendar_2014_test,63.66906975412683,67.0,0.5,0.0,0.0,3.3309302458731693
29963,0,calendar_2014_test,67.40167078868916,66.0,0.5,0.0,0.0,1.4016707886891595
29964,0,calendar_2014_test,63.00576060702009,52.0,0.5,0.0,0.0,11.005760607020093
29965,0,calendar_2014_test,55.465880114009934,55.0,0.5,0.0,0.0,0.46588011400993423
29966,0,calendar_2014_test,55.05847272911751,51.0,0.5,0.0,0.0,4.058472729117511
29967,0,calendar_2014_test,49.87328086457838,47.0,0.5,0.0,0.0,2.8732808645783834
29968,0,calendar_2014_test,48.384612788797114,48.0,0.5,0.0,0.0,0.3846127887971136
29969,0,calendar_2014_test,50.15443896098844,60.0,0.5,0.0,0.0,9.845561039011557
29970,0,calendar_2014_test,69.54642952867175,88.0,0.5,0.0,0.0,18.45357047132825
29971,0,calendar_2014_test,105.82724941396708,279.0,0.5,0.0,0.0,173.17275058603292
29972,0,calendar_2014_test,235.02876373564433,435.0,0.5,0.0,0.0,199.97123626435567
29973,0,calendar_2014_test,471.5242246263901,489.0,0.5,0.0,0.0,17.475775373609906
29974,0,calendar_2014_test,473.3551964812365,513.0,0.5,0.0,0.0,39.644803518763524
29975,0,calendar_2014_test,510.34381532548747,539.0,0.5,0.0,0.0,28.65618467451253
29976,0,calendar_2014_test,561.9880548513086,567.0,0.5,0.0,0.0,5.011945148691439
29977,0,calendar_2014_test,561.0296534597675,569.0,0.5,0.0,0.0,7.970346540232526
29978,0,calendar_2014_test,539.9647015003399,659.0,0.5,0.0,0.0,119.03529849966014
29979,0,calendar_2014_test,552.5755653213898,648.0,0.5,0.0,0.0,95.42443467861017
29980,0,calendar_2014_test,514.7434388245548,651.0,0.5,0.0,0.0,136.2565611754452
29981,0,calendar_2014_test,525.8679931736913,671.0,0.5,0.0,0.0,145.13200682630873
29982,0,calendar_2014_test,534.2554224348692,623.0,0.5,0.0,0.0,88.74457756513084
29983,0,calendar_2014_test,516.0846315519145,618.0,0.5,0.0,0.0,101.91536844808547
29984,0,calendar_2014_test,528.8237144824687,532.0,0.5,0.0,0.0,3.176285517531255
29985,0,calendar_2014_test,462.26188770983117,477.0,0.5,0.0,0.0,14.738112290168829
29986,0,calendar_2014_test,470.8331674429465,479.0,0.5,0.0,0.0,8.16683255705351
29987,0,calendar_2014_test,498.2547159985429,490.0,0.5,0.0,0.0,8.254715998542906
29988,0,calendar_2014_test,485.73538763376337,476.0,0.5,0.0,0.0,9.735387633763366
29989,0,calendar_2014_test,441.5037142755266,457.0,0.5,0.0,0.0,15.49628572447341
29990,0,calendar_2014_test,432.40474814527016,327.0,0.5,0.0,0.0,105.40474814527016
29991,0,calendar_2014_test,271.5676456803152,161.0,0.5,0.0,0.0,110.5676456803152
29992,0,calendar_2014_test,128.17368535936862,286.0,0.5,0.0,0.0,157.82631464063138
29993,0,calendar_2014_test,248.2769503423403,298.0,0.5,0.0,0.0,49.723049657659686
29994,0,calendar_2014_test,278.63416627873426,310.0,0.5,0.0,0.0,31.365833721265744
29995,0,calendar_2014_test,292.8551353066348,332.0,0.5,0.0,0.0,39.14486469336521
29996,0,calendar_2014_test,345.04841066774003,391.0,0.5,0.0,0.0,45.95158933225997
29997,0,calendar_2014_test,379.59863096312733,437.0,0.5,0.0,0.0,57.401369036872666
29998,0,calendar_2014_test,440.5454325459272,422.0,0.5,0.0,0.0,18.545432545927213
29999,0,calendar_2014_test,412.2480277472483,320.0,0.5,0.0,0.0,92.24802774724827
30000,0,calendar_2014_test,274.7783125771429,346.0,0.5,0.0,0.0,71.22168742285709
30001,0,calendar_2014_test,331.7226836630923,351.0,0.5,0.0,0.0,19.27731633690769
30002,0,calendar_2014_test,355.8140207718835,297.0,0.5,0.0,0.0,58.81402077188352
30003,0,calendar_2014_test,277.03895352657355,290.0,0.5,0.0,0.0,12.96104647342645
30004,0,calendar_2014_test,252.16768198910265,250.0,0.5,0.0,0.0,2.167681989102647
30005,0,calendar_2014_test,188.35056463894267,170.0,0.5,0.0,0.0,18.35056463894267
30006,0,calendar_2014_test,141.4879297433761,103.0,0.5,0.0,0.0,38.4879297433761
30007,0,calendar_2014_test,85.79000341692922,79.0,0.5,0.0,0.0,6.790003416929224
30008,0,calendar_2014_test,73.11584595154507,73.0,0.5,0.0,0.0,0.11584595154506871
30009,0,calendar_2014_test,77.14085143125997,74.0,0.5,0.0,0.0,3.140851431259975
30010,0,calendar_2014_test,76.18310285421592,77.0,0.5,0.0,0.0,0.8168971457840826
30011,0,calendar_2014_test,81.65416734950264,81.0,0.5,0.0,0.0,0.654167349502643
30012,0,calendar_2014_test,90.85601940892464,95.0,0.5,0.0,0.0,4.143980591075362
30013,0,calendar_2014_test,107.5790786999243,115.0,0.5,0.0,0.0,7.420921300075705
30014,0,calendar_2014_test,128.05819911605872,77.0,0.5,0.0,0.0,51.05819911605872
30015,0,calendar_2014_test,75.50015921740574,67.0,0.5,0.0,0.0,8.500159217405738
30016,0,calendar_2014_test,61.31034386404285,13.0,0.5,0.0,0.0,48.31034386404285
30017,0,calendar_2014_test,18.076527023925117,12.0,0.5,0.0,0.0,6.076527023925117
30018,0,calendar_2014_test,15.092627983928168,10.0,0.5,0.0,0.0,5.092627983928168
30019,0,calendar_2014_test,12.40266206874588,195.0,0.5,0.0,0.0,182.59733793125412
30020,0,calendar_2014_test,179.4971051905505,238.0,0.5,0.0,0.0,58.50289480944949
30021,0,calendar_2014_test,206.36011731815123,293.0,0.5,0.0,0.0,86.63988268184877
30022,0,calendar_2014_test,243.3889286433653,384.0,0.5,0.0,0.0,140.6110713566347
30023,0,calendar_2014_test,353.4014401187973,381.0,0.5,0.0,0.0,27.598559881202675
30024,0,calendar_2014_test,349.73389911383447,296.0,0.5,0.0,0.0,53.73389911383447
30025,0,calendar_2014_test,219.0351310209241,38.0,0.5,0.0,0.0,181.0351310209241
30026,0,calendar_2014_test,25.599967561110542,19.0,0.5,0.0,0.0,6.599967561110542
30027,0,calendar_2014_test,23.0281711428794,22.0,0.5,0.0,0.0,1.0281711428794011
30028,0,calendar_2014_test,17.556618104543173,20.0,0.5,0.0,0.0,2.4433818954568274
30029,0,calendar_2014_test,16.006815265802892,14.0,0.5,0.0,0.0,2.006815265802892
30030,0,calendar_2014_test,18.130071215278072,23.0,0.5,0.0,0.0,4.869928784721928
30031,0,calendar_2014_test,27.36850946172986,19.0,0.5,0.0,0.0,8.368509461729861
30032,0,calendar_2014_test,20.569571842933026,22.0,0.5,0.0,0.0,1.4304281570669737
30033,0,calendar_2014_test,25.49038035295508,33.0,0.5,0.0,0.0,7.5096196470449215
30034,0,calendar_2014_test,38.56991749961031,42.0,0.5,0.0,0.0,3.4300825003896875
30035,0,calendar_2014_test,39.160419019292526,40.0,0.5,0.0,0.0,0.8395809807074741
30036,0,calendar_2014_test,40.607372206210435,43.0,0.5,0.0,0.0,2.392627793789565
30037,0,calendar_2014_test,47.97361366585651,56.0,0.5,0.0,0.0,8.026386334143488
30038,0,calendar_2014_test,64.60097384645054,57.0,0.5,0.0,0.0,7.600973846450543
30039,0,calendar_2014_test,66.09631805614603,153.0,0.5,0.0,0.0,86.90368194385397
30040,0,calendar_2014_test,119.5028665524919,108.0,0.5,0.0,0.0,11.502866552491895
30041,0,calendar_2014_test,104.23731206779318,89.0,0.5,0.0,0.0,15.237312067793184
30042,0,calendar_2014_test,89.62633435651742,87.0,0.5,0.0,0.0,2.626334356517418
30043,0,calendar_2014_test,94.25504195844061,95.0,0.5,0.0,0.0,0.7449580415593857
30044,0,calendar_2014_test,104.63438777994647,111.0,0.5,0.0,0.0,6.365612220053535
30045,0,calendar_2014_test,121.32180188249497,112.0,0.5,0.0,0.0,9.321801882494967
30046,0,calendar_2014_test,110.74262744318196,145.0,0.5,0.0,0.0,34.25737255681804
30047,0,calendar_2014_test,147.7550625299393,184.0,0.5,0.0,0.0,36.244937470060705
30048,0,calendar_2014_test,165.59339884847043,178.0,0.5,0.0,0.0,12.406601151529571
30049,0,calendar_2014_test,164.42423970033602,170.0,0.5,0.0,0.0,5.575760299663983
30050,0,calendar_2014_test,158.2080505471879,161.0,0.5,0.0,0.0,2.791949452812105
30051,0,calendar_2014_test,151.55438280205186,133.0,0.5,0.0,0.0,18.55438280205186
30052,0,calendar_2014_test,122.74423986344816,114.0,0.5,0.0,0.0,8.744239863448158
30053,0,calendar_2014_test,109.52881819910641,112.0,0.5,0.0,0.0,2.4711818008935893
30054,0,calendar_2014_test,114.66962846107674,114.0,0.5,0.0,0.0,0.6696284610767407
30055,0,calendar_2014_test,119.76224625228538,130.0,0.5,0.0,0.0,10.23775374771462
30056,0,calendar_2014_test,141.0133502233213,133.0,0.5,0.0,0.0,8.01335022332131
30057,0,calendar_2014_test,137.53664319940037,143.0,0.5,0.0,0.0,5.463356800599627
30058,0,calendar_2014_test,153.69013143947808,137.0,0.5,0.0,0.0,16.69013143947808
30059,0,calendar_2014_test,138.80472281811194,143.0,0.5,0.0,0.0,4.195277181888059
30060,0,calendar_2014_test,148.97330371745616,145.0,0.5,0.0,0.0,3.9733037174561616
30061,0,calendar_2014_test,153.0910264315554,185.0,0.5,0.0,0.0,31.908973568444594
30062,0,calendar_2014_test,193.5031245643302,198.0,0.5,0.0,0.0,4.496875435669807
30063,0,calendar_2014_test,201.4433632803384,205.0,0.5,0.0,0.0,3.5566367196616113
30064,0,calendar_2014_test,207.54666505796203,195.0,0.5,0.0,0.0,12.54666505796203
30065,0,calendar_2014_test,192.7570819401033,203.0,0.5,0.0,0.0,10.24291805989671
30066,0,calendar_2014_test,209.375555070331,209.0,0.5,0.0,0.0,0.37555507033098934
30067,0,calendar_2014_test,225.29262448171727,202.0,0.5,0.0,0.0,23.29262448171727
30068,0,calendar_2014_test,173.49952797301702,28.0,0.5,0.0,0.0,145.49952797301702
30069,0,calendar_2014_test,21.352502024988627,26.0,0.5,0.0,0.0,4.6474979750113725
30070,0,calendar_2014_test,27.574740494584393,22.0,0.5,0.0,0.0,5.574740494584393
30071,0,calendar_2014_test,21.160435435553364,24.0,0.5,0.0,0.0,2.8395645644466363
30072,0,calendar_2014_test,21.883606137091345,16.0,0.5,0.0,0.0,5.883606137091345
30073,0,calendar_2014_test,16.329724380407146,16.0,0.5,0.0,0.0,0.32972438040714636
30074,0,calendar_2014_test,15.307171055463051,17.0,0.5,0.0,0.0,1.6928289445369487
30075,0,calendar_2014_test,16.100758075848667,7.0,0.5,0.0,0.0,9.100758075848667
30076,0,calendar_2014_test,9.641867519434534,9.0,0.5,0.0,0.0,0.641867519434534
30077,0,calendar_2014_test,10.750713646854456,10.0,0.5,0.0,0.0,0.7507136468544555
30078,0,calendar_2014_test,11.189098331471829,8.0,0.5,0.0,0.0,3.189098331471829
30079,0,calendar_2014_test,10.304117638619305,7.0,0.5,0.0,0.0,3.3041176386193047
30080,0,calendar_2014_test,9.374969309462983,10.0,0.5,0.0,0.0,0.6250306905370167
30081,0,calendar_2014_test,11.616640552223735,11.0,0.5,0.0,0.0,0.6166405522237355
30082,0,calendar_2014_test,12.428562043682152,11.0,0.5,0.0,0.0,1.4285620436821524
30083,0,calendar_2014_test,12.396626656728133,10.0,0.5,0.0,0.0,2.3966266567281327
30084,0,calendar_2014_test,11.414992802484083,7.0,0.5,0.0,0.0,4.4149928024840825
30085,0,calendar_2014_test,8.949606974129775,9.0,0.5,0.0,0.0,0.05039302587022476
30086,0,calendar_2014_test,11.030639956960234,14.0,0.5,0.0,0.0,2.9693600430397655
30087,0,calendar_2014_test,13.83040014916673,13.0,0.5,0.0,0.0,0.8304001491667297
30088,0,calendar_2014_test,14.239895859368579,14.0,0.5,0.0,0.0,0.2398958593685787
30089,0,calendar_2014_test,14.075490922890888,9.0,0.5,0.0,0.0,5.0754909228908875
30090,0,calendar_2014_test,11.731823550990619,14.0,0.5,0.0,0.0,2.268176449009381
30091,0,calendar_2014_test,14.499564300138214,9.0,0.5,0.0,0.0,5.499564300138214
30092,0,calendar_2014_test,12.866472833849508,8.0,0.5,0.0,0.0,4.8664728338495085
30093,0,calendar_2014_test,11.527923206768822,10.0,0.5,0.0,0.0,1.527923206768822
30094,0,calendar_2014_test,12.464092162989537,8.0,0.5,0.0,0.0,4.464092162989537
30095,0,calendar_2014_test,10.372749234848385,9.0,0.5,0.0,0.0,1.372749234848385
30096,0,calendar_2014_test,10.949974662954824,11.0,0.5,0.0,0.0,0.05002533704517553
30097,0,calendar_2014_test,12.147272712635907,11.0,0.5,0.0,0.0,1.1472727126359068
30098,0,calendar_2014_test,12.18183577717103,10.0,0.5,0.0,0.0,2.1818357771710293
30099,0,calendar_2014_test,11.052159700894755,15.0,0.5,0.0,0.0,3.947840299105245
30100,0,calendar_2014_test,14.436773515894902,13.0,0.5,0.0,0.0,1.4367735158949024
30101,0,calendar_2014_test,13.986143821794233,16.0,0.5,0.0,0.0,2.013856178205767
30102,0,calendar_2014_test,14.765401146406798,13.0,0.5,0.0,0.0,1.7654011464067985
30103,0,calendar_2014_test,14.137001317319005,18.0,0.5,0.0,0.0,3.8629986826809954
30104,0,calendar_2014_test,17.223307087816995,18.0,0.5,0.0,0.0,0.7766929121830053
30105,0,calendar_2014_test,18.74921744002378,22.0,0.5,0.0,0.0,3.2507825599762192
30106,0,calendar_2014_test,22.25954778273898,23.0,0.5,0.0,0.0,0.7404522172610193
30107,0,calendar_2014_test,23.611275775050032,24.0,0.5,0.0,0.0,0.38872422494996783
30108,0,calendar_2014_test,24.181031552005,24.0,0.5,0.0,0.0,0.18103155200499899
30109,0,calendar_2014_test,26.381598523288577,23.0,0.5,0.0,0.0,3.3815985232885772
30110,0,calendar_2014_test,25.30257351700507,23.0,0.5,0.0,0.0,2.3025735170050687
30111,0,calendar_2014_test,24.842821751033643,42.0,0.5,0.0,0.0,17.157178248966357
30112,0,calendar_2014_test,49.06421361023736,54.0,0.5,0.0,0.0,4.93578638976264
30113,0,calendar_2014_test,58.29186809311956,48.0,0.5,0.0,0.0,10.291868093119561
30114,0,calendar_2014_test,52.878989720068304,66.0,0.5,0.0,0.0,13.121010279931696
30115,0,calendar_2014_test,73.77255851725168,56.0,0.5,0.0,0.0,17.77255851725168
30116,0,calendar_2014_test,60.07065318513107,67.0,0.5,0.0,0.0,6.929346814868929
30117,0,calendar_2014_test,75.37765298793896,95.0,0.5,0.0,0.0,19.62234701206104
30118,0,calendar_2014_test,102.8677351908166,111.0,0.5,0.0,0.0,8.132264809183397
30119,0,calendar_2014_test,120.59302700330039,112.0,0.5,0.0,0.0,8.593027003300392
30120,0,calendar_2014_test,115.30443454563466,113.0,0.5,0.0,0.0,2.3044345456346633
30121,0,calendar_2014_test,118.1580491842308,127.0,0.5,0.0,0.0,8.841950815769195
30122,0,calendar_2014_test,132.66552424813915,137.0,0.5,0.0,0.0,4.33447575186085
30123,0,calendar_2014_test,136.63665563625054,164.0,0.5,0.0,0.0,27.363344363749462
30124,0,calendar_2014_test,137.973511855632,190.0,0.5,0.0,0.0,52.02648814436799
30125,0,calendar_2014_test,169.08217919263498,175.0,0.5,0.0,0.0,5.917820807365018
30126,0,calendar_2014_test,142.685082096808,142.0,0.5,0.0,0.0,0.6850820968080029
30127,0,calendar_2014_test,111.78353546199598,107.0,0.5,0.0,0.0,4.783535461995982
30128,0,calendar_2014_test,89.34549670517757,101.0,0.5,0.0,0.0,11.654503294822433
30129,0,calendar_2014_test,89.94700079758593,100.0,0.5,0.0,0.0,10.052999202414071
30130,0,calendar_2014_test,100.52950758291614,97.0,0.5,0.0,0.0,3.529507582916139
30131,0,calendar_2014_test,93.44794111752098,101.0,0.5,0.0,0.0,7.552058882479017
30132,0,calendar_2014_test,99.62799662600784,105.0,0.5,0.0,0.0,5.3720033739921575
30133,0,calendar_2014_test,107.43567911538635,117.0,0.5,0.0,0.0,9.56432088461365
30134,0,calendar_2014_test,125.24078040008604,119.0,0.5,0.0,0.0,6.240780400086038
30135,0,calendar_2014_test,116.052994558825,115.0,0.5,0.0,0.0,1.0529945588250058
30136,0,calendar_2014_test,108.6533500875703,125.0,0.5,0.0,0.0,16.346649912429697
30137,0,calendar_2014_test,300.1488772016056,310.0,0.5,0.0,0.0,9.851122798394385
30138,0,calendar_2014_test,330.92814472631284,295.0,0.5,0.0,0.0,35.92814472631284
30139,0,calendar_2014_test,308.78157764031187,301.0,0.5,0.0,0.0,7.781577640311866
30140,0,calendar_2014_test,313.11960221981343,325.0,0.5,0.0,0.0,11.88039778018657
30141,0,calendar_2014_test,352.30279815893226,319.0,0.5,0.0,0.0,33.30279815893226
30142,0,calendar_2014_test,321.2643736534843,335.0,0.5,0.0,0.0,13.735626346515687
30143,0,calendar_2014_test,342.77265211711654,301.0,0.5,0.0,0.0,41.772652117116536
30144,0,calendar_2014_test,281.58210269957226,312.0,0.5,0.0,0.0,30.41789730042774
30145,0,calendar_2014_test,310.6522255920464,316.0,0.5,0.0,0.0,5.34777440795358
30146,0,calendar_2014_test,318.72401569317856,296.0,0.5,0.0,0.0,22.724015693178558
30147,0,calendar_2014_test,239.62121682048428,270.0,0.5,0.0,0.0,30.37878317951572
30148,0,calendar_2014_test,195.23990593027588,252.0,0.5,0.0,0.0,56.76009406972412
30149,0,calendar_2014_test,180.79332214678664,234.0,0.5,0.0,0.0,53.206677853213364
30150,0,calendar_2014_test,217.14882938593456,233.0,0.5,0.0,0.0,15.851170614065438
30151,0,calendar_2014_test,222.66612840503058,241.0,0.5,0.0,0.0,18.333871594969423
30152,0,calendar_2014_test,228.57544654565598,231.0,0.5,0.0,0.0,2.4245534543440215
30153,0,calendar_2014_test,197.38606188346958,214.0,0.5,0.0,0.0,16.61393811653042
30154,0,calendar_2014_test,177.35280047675892,210.0,0.5,0.0,0.0,32.647199523241085
30155,0,calendar_2014_test,164.8127558764597,178.0,0.5,0.0,0.0,13.187244123540296
30156,0,calendar_2014_test,92.67887450224616,142.0,0.5,0.0,0.0,49.32112549775384
30157,0,calendar_2014_test,89.28757928680005,122.0,0.5,0.0,0.0,32.71242071319995
30158,0,calendar_2014_test,73.18555217930859,59.0,0.5,0.0,0.0,14.185552179308587
30159,0,calendar_2014_test,38.37996393947349,47.0,0.5,0.0,0.0,8.620036060526509
30160,0,calendar_2014_test,42.32488793520969,40.0,0.5,0.0,0.0,2.324887935209688
30161,0,calendar_2014_test,39.44242831865598,32.0,0.5,0.0,0.0,7.442428318655978
30162,0,calendar_2014_test,33.62403347437486,48.0,0.5,0.0,0.0,14.375966525625138
30163,0,calendar_2014_test,53.51399744444909,32.0,0.5,0.0,0.0,21.51399744444909
30164,0,calendar_2014_test,34.845893842895215,25.0,0.5,0.0,0.0,9.845893842895215
30165,0,calendar_2014_test,27.57867365805978,26.0,0.5,0.0,0.0,1.578673658059781
30166,0,calendar_2014_test,26.153641342505274,43.0,0.5,0.0,0.0,16.846358657494726
30167,0,calendar_2014_test,49.32371131882555,54.0,0.5,0.0,0.0,4.676288681174448
30168,0,calendar_2014_test,57.31628881971543,55.0,0.5,0.0,0.0,2.3162888197154317
30169,0,calendar_2014_test,57.40733267313108,53.0,0.5,0.0,0.0,4.40733267313108
30170,0,calendar_2014_test,57.23049180328842,60.0,0.5,0.0,0.0,2.769508196711577
30171,0,calendar_2014_test,63.780126460922695,55.0,0.5,0.0,0.0,8.780126460922695
30172,0,calendar_2014_test,54.309388685202954,42.0,0.5,0.0,0.0,12.309388685202954
30173,0,calendar_2014_test,39.83241807092209,36.0,0.5,0.0,0.0,3.8324180709220883
30174,0,calendar_2014_test,35.22301841546714,32.0,0.5,0.0,0.0,3.2230184154671377
30175,0,calendar_2014_test,30.135050914150373,14.0,0.5,0.0,0.0,16.135050914150373
30176,0,calendar_2014_test,16.036631755115085,15.0,0.5,0.0,0.0,1.036631755115085
30177,0,calendar_2014_test,16.370684362375926,18.0,0.5,0.0,0.0,1.6293156376240745
30178,0,calendar_2014_test,17.34875920836419,14.0,0.5,0.0,0.0,3.3487592083641893
30179,0,calendar_2014_test,13.98774645500206,15.0,0.5,0.0,0.0,1.0122535449979395
30180,0,calendar_2014_test,14.978342708660488,15.0,0.5,0.0,0.0,0.021657291339511886
30181,0,calendar_2014_test,15.053841500496482,14.0,0.5,0.0,0.0,1.0538415004964818
30182,0,calendar_2014_test,14.245442690909975,19.0,0.5,0.0,0.0,4.754557309090025
30183,0,calendar_2014_test,17.658552487564904,17.0,0.5,0.0,0.0,0.6585524875649043
30184,0,calendar_2014_test,23.384394166490843,16.0,0.5,0.0,0.0,7.384394166490843
30185,0,calendar_2014_test,22.55640780170089,14.0,0.5,0.0,0.0,8.556407801700889
30186,0,calendar_2014_test,20.260049933110515,33.0,0.5,0.0,0.0,12.739950066889485
30187,0,calendar_2014_test,37.72026200191655,45.0,0.5,0.0,0.0,7.279737998083448
30188,0,calendar_2014_test,55.05167992965461,55.0,0.5,0.0,0.0,0.0516799296546111
30189,0,calendar_2014_test,60.300528056367405,71.0,0.5,0.0,0.0,10.699471943632595
30190,0,calendar_2014_test,75.56549877137496,59.0,0.5,0.0,0.0,16.565498771374962
30191,0,calendar_2014_test,63.6046067181201,42.0,0.5,0.0,0.0,21.604606718120102
30192,0,calendar_2014_test,43.95160891463092,31.0,0.5,0.0,0.0,12.951608914630917
30193,0,calendar_2014_test,36.44358915705151,30.0,0.5,0.0,0.0,6.4435891570515125
30194,0,calendar_2014_test,36.3285337180547,39.0,0.5,0.0,0.0,2.6714662819452997
30195,0,calendar_2014_test,43.905447376470704,23.0,0.5,0.0,0.0,20.905447376470704
30196,0,calendar_2014_test,31.007845414109102,26.0,0.5,0.0,0.0,5.007845414109102
30197,0,calendar_2014_test,31.56581126778878,25.0,0.5,0.0,0.0,6.565811267788781
30198,0,calendar_2014_test,30.137791112072644,26.0,0.5,0.0,0.0,4.1377911120726445
30199,0,calendar_2014_test,31.1624100584396,24.0,0.5,0.0,0.0,7.162410058439601
30200,0,calendar_2014_test,29.091391911901226,29.0,0.5,0.0,0.0,0.09139191190122631
30201,0,calendar_2014_test,32.97623976034362,28.0,0.5,0.0,0.0,4.976239760343617
30202,0,calendar_2014_test,31.94736568868366,35.0,0.5,0.0,0.0,3.052634311316339
30203,0,calendar_2014_test,38.512288048279956,35.0,0.5,0.0,0.0,3.512288048279956
30204,0,calendar_2014_test,38.39430878298743,38.0,0.5,0.0,0.0,0.3943087829874301
30205,0,calendar_2014_test,41.29492298646578,49.0,0.5,0.0,0.0,7.705077013534222
30206,0,calendar_2014_test,51.99566721372223,65.0,0.5,0.0,0.0,13.004332786277772
30207,0,calendar_2014_test,70.80712075392358,72.0,0.5,0.0,0.0,1.1928792460764157
30208,0,calendar_2014_test,76.12460611974385,74.0,0.5,0.0,0.0,2.124606119743845
30209,0,calendar_2014_test,81.12972084633371,80.0,0.5,0.0,0.0,1.1297208463337114
30210,0,calendar_2014_test,88.41995931080842,88.0,0.5,0.0,0.0,0.41995931080842297
30211,0,calendar_2014_test,94.82432917771752,106.0,0.5,0.0,0.0,11.175670822282484
30212,0,calendar_2014_test,114.31373745806991,113.0,0.5,0.0,0.0,1.3137374580699088
30213,0,calendar_2014_test,114.78670223937642,139.0,0.5,0.0,0.0,24.213297760623576
30214,0,calendar_2014_test,138.64716763680389,119.0,0.5,0.0,0.0,19.647167636803886
30215,0,calendar_2014_test,110.08986205186888,122.0,0.5,0.0,0.0,11.910137948131123
30216,0,calendar_2014_test,128.0848005974629,116.0,0.5,0.0,0.0,12.084800597462902
30217,0,calendar_2014_test,118.63325291787882,132.0,0.5,0.0,0.0,13.36674708212118
30218,0,calendar_2014_test,137.4543552240019,120.0,0.5,0.0,0.0,17.454355224001887
30219,0,calendar_2014_test,117.1204113470387,111.0,0.5,0.0,0.0,6.120411347038697
30220,0,calendar_2014_test,108.73723156563184,108.0,0.5,0.0,0.0,0.7372315656318449
30221,0,calendar_2014_test,98.48052174447972,110.0,0.5,0.0,0.0,11.519478255520283
30222,0,calendar_2014_test,107.41959194545922,119.0,0.5,0.0,0.0,11.580408054540783
30223,0,calendar_2014_test,117.52184682113372,125.0,0.5,0.0,0.0,7.478153178866279
30224,0,calendar_2014_test,121.84663918925717,143.0,0.5,0.0,0.0,21.153360810742825
30225,0,calendar_2014_test,140.26800578468567,149.0,0.5,0.0,0.0,8.73199421531433
30226,0,calendar_2014_test,136.27709822688777,133.0,0.5,0.0,0.0,3.277098226887773
30227,0,calendar_2014_test,108.82716419523139,136.0,0.5,0.0,0.0,27.17283580476861
30228,0,calendar_2014_test,126.17514923337392,149.0,0.5,0.0,0.0,22.824850766626085
30229,0,calendar_2014_test,133.93495229196824,161.0,0.5,0.0,0.0,27.065047708031756
30230,0,calendar_2014_test,142.2182212794199,167.0,0.5,0.0,0.0,24.781778720580093
30231,0,calendar_2014_test,146.20378324559553,167.0,0.5,0.0,0.0,20.79621675440447
30232,0,calendar_2014_test,171.6702130928821,53.0,0.5,0.0,0.0,118.67021309288211
30233,0,calendar_2014_test,35.04602666056286,19.0,0.5,0.0,0.0,16.04602666056286
30234,0,calendar_2014_test,19.145052970599536,32.0,0.5,0.0,0.0,12.854947029400464
30235,0,calendar_2014_test,36.33684645515293,15.0,0.5,0.0,0.0,21.33684645515293
30236,0,calendar_2014_test,17.207240469918993,11.0,0.5,0.0,0.0,6.207240469918993
30237,0,calendar_2014_test,12.975103648599301,10.0,0.5,0.0,0.0,2.975103648599301
30238,0,calendar_2014_test,13.593874418238382,11.0,0.5,0.0,0.0,2.593874418238382
30239,0,calendar_2014_test,14.388200163566225,11.0,0.5,0.0,0.0,3.388200163566225
30240,0,calendar_2014_test,12.969858807300135,9.0,0.5,0.0,0.0,3.9698588073001346
30241,0,calendar_2014_test,10.755628386132642,19.0,0.5,0.0,0.0,8.244371613867358
30242,0,calendar_2014_test,18.640939292828847,13.0,0.5,0.0,0.0,5.640939292828847
30243,0,calendar_2014_test,15.456566421753992,13.0,0.5,0.0,0.0,2.456566421753992
30244,0,calendar_2014_test,16.04659287043358,14.0,0.5,0.0,0.0,2.0465928704335816
30245,0,calendar_2014_test,14.62286607616555,17.0,0.5,0.0,0.0,2.3771339238344495
30246,0,calendar_2014_test,21.05133718176141,16.0,0.5,0.0,0.0,5.051337181761411
30247,0,calendar_2014_test,18.371918927477605,18.0,0.5,0.0,0.0,0.3719189274776049
30248,0,calendar_2014_test,19.835448613587644,31.0,0.5,0.0,0.0,11.164551386412356
30249,0,calendar_2014_test,38.009264731783816,23.0,0.5,0.0,0.0,15.009264731783816
30250,0,calendar_2014_test,29.280787191333253,15.0,0.5,0.0,0.0,14.280787191333253
30251,0,calendar_2014_test,20.414482415774657,57.0,0.5,0.0,0.0,36.58551758422534
30252,0,calendar_2014_test,56.03418287456457,65.0,0.5,0.0,0.0,8.965817125435429
30253,0,calendar_2014_test,68.47853057142076,64.0,0.5,0.0,0.0,4.478530571420762
30254,0,calendar_2014_test,66.0204511617144,65.0,0.5,0.0,0.0,1.020451161714405
30255,0,calendar_2014_test,67.87937765513266,64.0,0.5,0.0,0.0,3.8793776551326573
30256,0,calendar_2014_test,67.32193402377384,81.0,0.5,0.0,0.0,13.678065976226165
30257,0,calendar_2014_test,87.57883895507094,75.0,0.5,0.0,0.0,12.578838955070935
30258,0,calendar_2014_test,79.66687242569179,70.0,0.5,0.0,0.0,9.666872425691793
30259,0,calendar_2014_test,70.63660051294816,71.0,0.5,0.0,0.0,0.36339948705183645
30260,0,calendar_2014_test,73.93671960777958,83.0,0.5,0.0,0.0,9.06328039222042
30261,0,calendar_2014_test,86.066535482558,74.0,0.5,0.0,0.0,12.066535482557995
30262,0,calendar_2014_test,74.70065416815152,86.0,0.5,0.0,0.0,11.299345831848484
30263,0,calendar_2014_test,90.20119052608536,75.0,0.5,0.0,0.0,15.201190526085355
30264,0,calendar_2014_test,75.57109256263682,72.0,0.5,0.0,0.0,3.571092562636821
30265,0,calendar_2014_test,77.48900217462632,74.0,0.5,0.0,0.0,3.4890021746263216
30266,0,calendar_2014_test,79.43923809727372,76.0,0.5,0.0,0.0,3.4392380972737158
30267,0,calendar_2014_test,82.32299620458497,84.0,0.5,0.0,0.0,1.6770037954150325
30268,0,calendar_2014_test,93.41396038854973,81.0,0.5,0.0,0.0,12.413960388549725
30269,0,calendar_2014_test,85.4386025538194,86.0,0.5,0.0,0.0,0.5613974461806066
30270,0,calendar_2014_test,94.1376201987602,84.0,0.5,0.0,0.0,10.137620198760203
30271,0,calendar_2014_test,88.89658464151832,88.0,0.5,0.0,0.0,0.8965846415183165
30272,0,calendar_2014_test,93.03369232876628,91.0,0.5,0.0,0.0,2.0336923287662785
30273,0,calendar_2014_test,96.96476250889467,102.0,0.5,0.0,0.0,5.035237491105335
30274,0,calendar_2014_test,108.60357688284621,121.0,0.5,0.0,0.0,12.396423117153788
30275,0,calendar_2014_test,130.14327476814017,132.0,0.5,0.0,0.0,1.8567252318598264
30276,0,calendar_2014_test,140.14525497285848,163.0,0.5,0.0,0.0,22.85474502714152
30277,0,calendar_2014_test,169.99476211576004,175.0,0.5,0.0,0.0,5.0052378842399605
30278,0,calendar_2014_test,179.52341666126617,190.0,0.5,0.0,0.0,10.476583338733832
30279,0,calendar_2014_test,194.7106981374457,203.0,0.5,0.0,0.0,8.28930186255431
30280,0,calendar_2014_test,206.46970576447754,205.0,0.5,0.0,0.0,1.4697057644775384
30281,0,calendar_2014_test,218.23335415532156,217.0,0.5,0.0,0.0,1.233354155321564
30282,0,calendar_2014_test,229.6109778453181,241.0,0.5,0.0,0.0,11.389022154681896
30283,0,calendar_2014_test,247.18998016919477,226.0,0.5,0.0,0.0,21.18998016919477
30284,0,calendar_2014_test,215.00281106696445,225.0,0.5,0.0,0.0,9.997188933035545
30285,0,calendar_2014_test,202.66168358492092,205.0,0.5,0.0,0.0,2.3383164150790776
30286,0,calendar_2014_test,207.33217184383642,213.0,0.5,0.0,0.0,5.66782815616358
30287,0,calendar_2014_test,216.76928750476395,229.0,0.5,0.0,0.0,12.230712495236048
30288,0,calendar_2014_test,230.8792366977166,217.0,0.5,0.0,0.0,13.879236697716607
30289,0,calendar_2014_test,209.1049943242497,218.0,0.5,0.0,0.0,8.895005675750298
30290,0,calendar_2014_test,217.15834050193484,128.0,0.5,0.0,0.0,89.15834050193484
30291,0,calendar_2014_test,82.35166967066004,88.0,0.5,0.0,0.0,5.648330329339956
30292,0,calendar_2014_test,67.48895888285347,20.0,0.5,0.0,0.0,47.48895888285347
30293,0,calendar_2014_test,19.799053762800856,16.0,0.5,0.0,0.0,3.799053762800856
30294,0,calendar_2014_test,18.81906278890964,6.0,0.5,0.0,0.0,12.81906278890964
30295,0,calendar_2014_test,10.494632312063601,12.0,0.5,0.0,0.0,1.505367687936399
30296,0,calendar_2014_test,18.02180539127867,20.0,0.5,0.0,0.0,1.9781946087213313
30297,0,calendar_2014_test,21.632242206001767,26.0,0.5,0.0,0.0,4.3677577939982335
30298,0,calendar_2014_test,23.52649130996454,16.0,0.5,0.0,0.0,7.526491309964541
30299,0,calendar_2014_test,15.972586015558944,16.0,0.5,0.0,0.0,0.027413984441055916
30300,0,calendar_2014_test,21.419446552668386,16.0,0.5,0.0,0.0,5.419446552668386
30301,0,calendar_2014_test,19.217664377343713,12.0,0.5,0.0,0.0,7.217664377343713
30302,0,calendar_2014_test,18.10784949502742,17.0,0.5,0.0,0.0,1.1078494950274198
30303,0,calendar_2014_test,22.073875092840925,17.0,0.5,0.0,0.0,5.073875092840925
30304,0,calendar_2014_test,20.893332474582706,25.0,0.5,0.0,0.0,4.1066675254172935
30305,0,calendar_2014_test,29.785635210050113,39.0,0.5,0.0,0.0,9.214364789949887
30306,0,calendar_2014_test,46.462502346690165,54.0,0.5,0.0,0.0,7.537497653309835
30307,0,calendar_2014_test,59.40368380289295,123.0,0.5,0.0,0.0,63.59631619710705
30308,0,calendar_2014_test,129.42297981395257,142.0,0.5,0.0,0.0,12.577020186047434
30309,0,calendar_2014_test,136.65523782116523,157.0,0.5,0.0,0.0,20.34476217883477
30310,0,calendar_2014_test,143.45701422666886,190.0,0.5,0.0,0.0,46.54298577333114
30311,0,calendar_2014_test,196.07005655280068,137.0,0.5,0.0,0.0,59.07005655280068
30312,0,calendar_2014_test,116.74854809995529,469.0,0.5,0.0,0.0,352.2514519000447
30313,0,calendar_2014_test,476.11338413031103,344.0,0.5,0.0,0.0,132.11338413031103
30314,0,calendar_2014_test,325.0355392247946,281.0,0.5,0.0,0.0,44.035539224794604
30315,0,calendar_2014_test,285.51562102521643,209.0,0.5,0.0,0.0,76.51562102521643
30316,0,calendar_2014_test,196.42410851724702,150.0,0.5,0.0,0.0,46.42410851724702
30317,0,calendar_2014_test,130.0279770785793,138.0,0.5,0.0,0.0,7.972022921420688
30318,0,calendar_2014_test,137.01440673931143,133.0,0.5,0.0,0.0,4.0144067393114256
30319,0,calendar_2014_test,116.85793837861168,130.0,0.5,0.0,0.0,13.142061621388322
30320,0,calendar_2014_test,121.08952198180678,143.0,0.5,0.0,0.0,21.910478018193217
30321,0,calendar_2014_test,140.5940133862898,103.0,0.5,0.0,0.0,37.59401338628979
30322,0,calendar_2014_test,80.85240692811676,81.0,0.5,0.0,0.0,0.1475930718832359
30323,0,calendar_2014_test,86.45137532975913,70.0,0.5,0.0,0.0,16.45137532975913
30324,0,calendar_2014_test,70.69157526535326,81.0,0.5,0.0,0.0,10.308424734646735
30325,0,calendar_2014_test,90.86315130691739,117.0,0.5,0.0,0.0,26.136848693082612
30326,0,calendar_2014_test,147.45130713285528,130.0,0.5,0.0,0.0,17.451307132855277
30327,0,calendar_2014_test,157.92974886654426,146.0,0.5,0.0,0.0,11.929748866544259
30328,0,calendar_2014_test,167.66130211169263,144.0,0.5,0.0,0.0,23.661302111692635
30329,0,calendar_2014_test,159.45785588936772,147.0,0.5,0.0,0.0,12.457855889367721
30330,0,calendar_2014_test,167.47938196459899,140.0,0.5,0.0,0.0,27.479381964598986
30331,0,calendar_2014_test,150.9512346014881,148.0,0.5,0.0,0.0,2.951234601488096
30332,0,calendar_2014_test,161.51778889571614,155.0,0.5,0.0,0.0,6.517788895716137
30333,0,calendar_2014_test,166.37112241580445,167.0,0.5,0.0,0.0,0.6288775841955498
30334,0,calendar_2014_test,177.78813102778085,180.0,0.5,0.0,0.0,2.2118689722191505
30335,0,calendar_2014_test,186.11048122537264,183.0,0.5,0.0,0.0,3.110481225372638
30336,0,calendar_2014_test,182.57619261476995,181.0,0.5,0.0,0.0,1.5761926147699512
30337,0,calendar_2014_test,176.66967087473162,172.0,0.5,0.0,0.0,4.669670874731622
30338,0,calendar_2014_test,168.84164539070224,167.0,0.5,0.0,0.0,1.84164539070224
30339,0,calendar_2014_test,165.08934374067377,171.0,0.5,0.0,0.0,5.910656259326231
30340,0,calendar_2014_test,169.7220120928499,179.0,0.5,0.0,0.0,9.277987907150106
30341,0,calendar_2014_test,166.37435838035466,175.0,0.5,0.0,0.0,8.625641619645336
30342,0,calendar_2014_test,164.06271885129937,190.0,0.5,0.0,0.0,25.937281148700635
30343,0,calendar_2014_test,176.00644577104393,189.0,0.5,0.0,0.0,12.993554228956071
30344,0,calendar_2014_test,167.6678116355191,187.0,0.5,0.0,0.0,19.332188364480913
30345,0,calendar_2014_test,166.25686936006431,178.0,0.5,0.0,0.0,11.743130639935686
30346,0,calendar_2014_test,176.33855048413653,184.0,0.5,0.0,0.0,7.661449515863467
30347,0,calendar_2014_test,189.4653569467198,152.0,0.5,0.0,0.0,37.465356946719794
30348,0,calendar_2014_test,146.04524803106554,124.0,0.5,0.0,0.0,22.04524803106554
30349,0,calendar_2014_test,126.928820310801,163.0,0.5,0.0,0.0,36.071179689199
30350,0,calendar_2014_test,183.97606534531096,143.0,0.5,0.0,0.0,40.97606534531096
30351,0,calendar_2014_test,139.77730702113072,127.0,0.5,0.0,0.0,12.777307021130724
30352,0,calendar_2014_test,124.86101605621387,109.0,0.5,0.0,0.0,15.86101605621387
30353,0,calendar_2014_test,105.95197303464042,120.0,0.5,0.0,0.0,14.048026965359583
30354,0,calendar_2014_test,136.5540088823905,135.0,0.5,0.0,0.0,1.554008882390491
30355,0,calendar_2014_test,145.1376488088283,118.0,0.5,0.0,0.0,27.13764880882829
30356,0,calendar_2014_test,114.48123712384782,132.0,0.5,0.0,0.0,17.51876287615218
30357,0,calendar_2014_test,138.45730222591064,141.0,0.5,0.0,0.0,2.542697774089362
30358,0,calendar_2014_test,147.897593728496,144.0,0.5,0.0,0.0,3.897593728495991
30359,0,calendar_2014_test,146.78147070494308,141.0,0.5,0.0,0.0,5.781470704943075
30360,0,calendar_2014_test,144.58804942476303,144.0,0.5,0.0,0.0,0.5880494247630281
30361,0,calendar_2014_test,149.45100059961936,159.0,0.5,0.0,0.0,9.548999400380637
30362,0,calendar_2014_test,166.6649533368563,163.0,0.5,0.0,0.0,3.664953336856314
30363,0,calendar_2014_test,166.4763144987038,174.0,0.5,0.0,0.0,7.5236855012962
30364,0,calendar_2014_test,182.10061786320796,164.0,0.5,0.0,0.0,18.100617863207958
30365,0,calendar_2014_test,163.75652740780987,171.0,0.5,0.0,0.0,7.24347259219013
30366,0,calendar_2014_test,169.8463038568209,162.0,0.5,0.0,0.0,7.846303856820896
30367,0,calendar_2014_test,155.2962982457798,152.0,0.5,0.0,0.0,3.296298245779809
30368,0,calendar_2014_test,130.88946898266613,141.0,0.5,0.0,0.0,10.11053101733387
30369,0,calendar_2014_test,120.75328024354648,66.0,0.5,0.0,0.0,54.753280243546484
30370,0,calendar_2014_test,41.394453156390824,22.0,0.5,0.0,0.0,19.394453156390824
30371,0,calendar_2014_test,19.453427693462746,15.0,0.5,0.0,0.0,4.453427693462746
30372,0,calendar_2014_test,16.239016622331302,13.0,0.5,0.0,0.0,3.2390166223313024
30373,0,calendar_2014_test,13.854654120969135,13.0,0.5,0.0,0.0,0.8546541209691352
30374,0,calendar_2014_test,13.77730121985748,12.0,0.5,0.0,0.0,1.7773012198574794
30375,0,calendar_2014_test,13.751822852884075,13.0,0.5,0.0,0.0,0.7518228528840751
30376,0,calendar_2014_test,14.47338256122642,10.0,0.5,0.0,0.0,4.473382561226421
30377,0,calendar_2014_test,13.172509398133732,9.0,0.5,0.0,0.0,4.172509398133732
30378,0,calendar_2014_test,14.624304266107552,8.0,0.5,0.0,0.0,6.624304266107552
30379,0,calendar_2014_test,13.549060375389306,9.0,0.5,0.0,0.0,4.549060375389306
30380,0,calendar_2014_test,13.947534698320611,7.0,0.5,0.0,0.0,6.947534698320611
30381,0,calendar_2014_test,9.624617386436702,9.0,0.5,0.0,0.0,0.624617386436702
30382,0,calendar_2014_test,12.130983008705346,8.0,0.5,0.0,0.0,4.130983008705346
30383,0,calendar_2014_test,10.89506497184821,10.0,0.5,0.0,0.0,0.8950649718482104
30384,0,calendar_2014_test,11.712898149928513,8.0,0.5,0.0,0.0,3.712898149928513
30385,0,calendar_2014_test,10.757098292469182,10.0,0.5,0.0,0.0,0.7570982924691823
30386,0,calendar_2014_test,15.346429349730366,9.0,0.5,0.0,0.0,6.346429349730366
30387,0,calendar_2014_test,10.657531501370066,6.0,0.5,0.0,0.0,4.657531501370066
30388,0,calendar_2014_test,8.408736909916618,6.0,0.5,0.0,0.0,2.408736909916618
30389,0,calendar_2014_test,8.769572250046911,7.0,0.5,0.0,0.0,1.7695722500469113
30390,0,calendar_2014_test,9.180635180467739,5.0,0.5,0.0,0.0,4.180635180467739
30391,0,calendar_2014_test,8.665126761007791,6.0,0.5,0.0,0.0,2.665126761007791
30392,0,calendar_2014_test,9.268188635980957,6.0,0.5,0.0,0.0,3.268188635980957
30393,0,calendar_2014_test,9.321638409001151,4.0,0.5,0.0,0.0,5.321638409001151
30394,0,calendar_2014_test,8.645838065384554,4.0,0.5,0.0,0.0,4.645838065384554
30395,0,calendar_2014_test,8.444459005710307,6.0,0.5,0.0,0.0,2.444459005710307
30396,0,calendar_2014_test,9.151072226438567,6.0,0.5,0.0,0.0,3.1510722264385667
30397,0,calendar_2014_test,9.519238670498705,6.0,0.5,0.0,0.0,3.519238670498705
30398,0,calendar_2014_test,9.556572798281382,4.0,0.5,0.0,0.0,5.5565727982813815
30399,0,calendar_2014_test,8.926606381472807,6.0,0.5,0.0,0.0,2.9266063814728067
30400,0,calendar_2014_test,9.198328938356799,6.0,0.5,0.0,0.0,3.1983289383567985
30401,0,calendar_2014_test,9.557385488600978,6.0,0.5,0.0,0.0,3.5573854886009784
30402,0,calendar_2014_test,10.114426199759617,6.0,0.5,0.0,0.0,4.114426199759617
30403,0,calendar_2014_test,9.963568704234845,11.0,0.5,0.0,0.0,1.036431295765155
30404,0,calendar_2014_test,16.668018024870356,11.0,0.5,0.0,0.0,5.668018024870356
30405,0,calendar_2014_test,13.732935699136362,13.0,0.5,0.0,0.0,0.7329356991363625
30406,0,calendar_2014_test,14.449284580277462,16.0,0.5,0.0,0.0,1.550715419722538
30407,0,calendar_2014_test,17.799779274469564,3.0,0.5,0.0,0.0,14.799779274469564
30408,0,calendar_2014_test,9.308997362776202,7.0,0.5,0.0,0.0,2.3089973627762017
30409,0,calendar_2014_test,8.988295514175373,6.0,0.5,0.0,0.0,2.9882955141753733
30410,0,calendar_2014_test,7.645333780210108,6.0,0.5,0.0,0.0,1.645333780210108
30411,0,calendar_2014_test,8.757613211930172,6.0,0.5,0.0,0.0,2.757613211930172
30412,0,calendar_2014_test,8.8271690132126,6.0,0.5,0.0,0.0,2.8271690132126004
30413,0,calendar_2014_test,8.921205412845177,7.0,0.5,0.0,0.0,1.9212054128451772
30414,0,calendar_2014_test,9.43597879207231,10.0,0.5,0.0,0.0,0.5640212079276896
30415,0,calendar_2014_test,11.751721134222114,10.0,0.5,0.0,0.0,1.7517211342221142
30416,0,calendar_2014_test,11.661532894186063,9.0,0.5,0.0,0.0,2.661532894186063
30417,0,calendar_2014_test,11.36322512613639,12.0,0.5,0.0,0.0,0.6367748738636099
30418,0,calendar_2014_test,13.127699902483183,12.0,0.5,0.0,0.0,1.127699902483183
30419,0,calendar_2014_test,11.508901814434457,11.0,0.5,0.0,0.0,0.5089018144344575
30420,0,calendar_2014_test,12.42456526821096,10.0,0.5,0.0,0.0,2.4245652682109604
30421,0,calendar_2014_test,11.481368442126843,6.0,0.5,0.0,0.0,5.481368442126843
30422,0,calendar_2014_test,9.201083837748644,8.0,0.5,0.0,0.0,1.2010838377486444
30423,0,calendar_2014_test,15.77306553275585,7.0,0.5,0.0,0.0,8.77306553275585
30424,0,calendar_2014_test,14.689917743092568,18.0,0.5,0.0,0.0,3.3100822569074317
30425,0,calendar_2014_test,26.64224187136531,17.0,0.5,0.0,0.0,9.64224187136531
30426,0,calendar_2014_test,24.727996686634473,50.0,0.5,0.0,0.0,25.272003313365527
30427,0,calendar_2014_test,59.518528791849235,71.0,0.5,0.0,0.0,11.481471208150765
30428,0,calendar_2014_test,80.30904068815063,91.0,0.5,0.0,0.0,10.690959311849369
30429,0,calendar_2014_test,99.37697319845768,109.0,0.5,0.0,0.0,9.623026801542323
30430,0,calendar_2014_test,123.39536252953683,126.0,0.5,0.0,0.0,2.6046374704631745
30431,0,calendar_2014_test,118.66801065156649,104.0,0.5,0.0,0.0,14.66801065156649
30432,0,calendar_2014_test,109.04570885563979,80.0,0.5,0.0,0.0,29.045708855639788
30433,0,calendar_2014_test,72.32682991600365,69.0,0.5,0.0,0.0,3.3268299160036463
30434,0,calendar_2014_test,66.97190279423407,62.0,0.5,0.0,0.0,4.971902794234069
30435,0,calendar_2014_test,60.81697176565314,73.0,0.5,0.0,0.0,12.183028234346857
30436,0,calendar_2014_test,77.36703689598207,115.0,0.5,0.0,0.0,37.63296310401793
30437,0,calendar_2014_test,129.84615761370313,155.0,0.5,0.0,0.0,25.153842386296873
30438,0,calendar_2014_test,144.21588865638273,148.0,0.5,0.0,0.0,3.784111343617269
30439,0,calendar_2014_test,126.39780160873671,114.0,0.5,0.0,0.0,12.397801608736714
30440,0,calendar_2014_test,85.04451551378718,94.0,0.5,0.0,0.0,8.955484486212825
30441,0,calendar_2014_test,87.77120665387233,117.0,0.5,0.0,0.0,29.228793346127674
30442,0,calendar_2014_test,124.8691342480369,118.0,0.5,0.0,0.0,6.8691342480369
30443,0,calendar_2014_test,113.3578712608833,116.0,0.5,0.0,0.0,2.6421287391167
30444,0,calendar_2014_test,114.72609857478832,96.0,0.5,0.0,0.0,18.726098574788324
30445,0,calendar_2014_test,92.83128998103469,96.0,0.5,0.0,0.0,3.1687100189653137
30446,0,calendar_2014_test,94.6492474946184,102.0,0.5,0.0,0.0,7.350752505381607
30447,0,calendar_2014_test,102.25713182164796,99.0,0.5,0.0,0.0,3.2571318216479597
30448,0,calendar_2014_test,100.36935426368744,104.0,0.5,0.0,0.0,3.630645736312559
30449,0,calendar_2014_test,109.45192114665919,101.0,0.5,0.0,0.0,8.451921146659188
30450,0,calendar_2014_test,102.94156723471644,92.0,0.5,0.0,0.0,10.941567234716445
30451,0,calendar_2014_test,95.99858800113522,76.0,0.5,0.0,0.0,19.998588001135218
30452,0,calendar_2014_test,73.83335094280298,90.0,0.5,0.0,0.0,16.16664905719702
30453,0,calendar_2014_test,94.49228570257527,111.0,0.5,0.0,0.0,16.507714297424727
30454,0,calendar_2014_test,123.28846100617909,125.0,0.5,0.0,0.0,1.7115389938209091
30455,0,calendar_2014_test,131.65500628314106,139.0,0.5,0.0,0.0,7.344993716858937
30456,0,calendar_2014_test,145.10341541742906,151.0,0.5,0.0,0.0,5.896584582570938
30457,0,calendar_2014_test,154.72046151734023,204.0,0.5,0.0,0.0,49.279538482659774
30458,0,calendar_2014_test,210.01513203751256,203.0,0.5,0.0,0.0,7.015132037512558
30459,0,calendar_2014_test,193.44611127620635,200.0,0.5,0.0,0.0,6.553888723793648
30460,0,calendar_2014_test,184.92082035139163,187.0,0.5,0.0,0.0,2.079179648608374
30461,0,calendar_2014_test,181.08203793165555,168.0,0.5,0.0,0.0,13.082037931655549
30462,0,calendar_2014_test,166.73179947813858,158.0,0.5,0.0,0.0,8.731799478138583
30463,0,calendar_2014_test,165.83155478978534,155.0,0.5,0.0,0.0,10.831554789785343
30464,0,calendar_2014_test,159.8579428503986,154.0,0.5,0.0,0.0,5.857942850398587
30465,0,calendar_2014_test,153.8218402998942,146.0,0.5,0.0,0.0,7.821840299894205
30466,0,calendar_2014_test,134.06414794500273,150.0,0.5,0.0,0.0,15.93585205499727
30467,0,calendar_2014_test,150.20350154641596,136.0,0.5,0.0,0.0,14.203501546415964
30468,0,calendar_2014_test,131.11260219233577,130.0,0.5,0.0,0.0,1.1126021923357712
30469,0,calendar_2014_test,127.81494566060563,122.0,0.5,0.0,0.0,5.8149456606056305
30470,0,calendar_2014_test,123.27661210223131,125.0,0.5,0.0,0.0,1.7233878977686885
30471,0,calendar_2014_test,134.63214121573597,121.0,0.5,0.0,0.0,13.63214121573597
30472,0,calendar_2014_test,124.0614960525147,108.0,0.5,0.0,0.0,16.0614960525147
30473,0,calendar_2014_test,107.74879209067811,102.0,0.5,0.0,0.0,5.7487920906781085
30474,0,calendar_2014_test,108.92162477982453,118.0,0.5,0.0,0.0,9.078375220175474
30475,0,calendar_2014_test,139.42914342916265,130.0,0.5,0.0,0.0,9.42914342916265
30476,0,calendar_2014_test,150.3345827493393,155.0,0.5,0.0,0.0,4.66541725066071
30477,0,calendar_2014_test,170.41978067804428,131.0,0.5,0.0,0.0,39.419780678044276
30478,0,calendar_2014_test,130.5594924353379,93.0,0.5,0.0,0.0,37.55949243533789
30479,0,calendar_2014_test,86.78665424087896,91.0,0.5,0.0,0.0,4.21334575912104
30480,0,calendar_2014_test,93.50859134015977,86.0,0.5,0.0,0.0,7.508591340159768
30481,0,calendar_2014_test,89.6503733422693,101.0,0.5,0.0,0.0,11.349626657730695
30482,0,calendar_2014_test,110.65139289763012,105.0,0.5,0.0,0.0,5.651392897630117
30483,0,calendar_2014_test,107.96244748214183,110.0,0.5,0.0,0.0,2.037552517858174
30484,0,calendar_2014_test,116.08758341225234,112.0,0.5,0.0,0.0,4.087583412252343
30485,0,calendar_2014_test,114.37578540390452,119.0,0.5,0.0,0.0,4.624214596095484
30486,0,calendar_2014_test,123.34359892849888,100.0,0.5,0.0,0.0,23.343598928498878
30487,0,calendar_2014_test,95.94586409470571,105.0,0.5,0.0,0.0,9.054135905294288
30488,0,calendar_2014_test,104.24260762222413,105.0,0.5,0.0,0.0,0.7573923777758722
30489,0,calendar_2014_test,103.00421310899564,112.0,0.5,0.0,0.0,8.995786891004357
30490,0,calendar_2014_test,114.85665800449453,107.0,0.5,0.0,0.0,7.856658004494534
30491,0,calendar_2014_test,103.83048427994238,94.0,0.5,0.0,0.0,9.830484279942382
30492,0,calendar_2014_test,90.64176742451743,84.0,0.5,0.0,0.0,6.641767424517425
30493,0,calendar_2014_test,79.53759654135355,89.0,0.5,0.0,0.0,9.462403458646449
30494,0,calendar_2014_test,90.71392114446978,90.0,0.5,0.0,0.0,0.7139211444697793
30495,0,calendar_2014_test,93.53344978838997,98.0,0.5,0.0,0.0,4.466550211610027
30496,0,calendar_2014_test,102.70756945293411,100.0,0.5,0.0,0.0,2.707569452934109
30497,0,calendar_2014_test,107.37906968635627,109.0,0.5,0.0,0.0,1.6209303136437256
30498,0,calendar_2014_test,117.30460622699374,107.0,0.5,0.0,0.0,10.30460622699374
30499,0,calendar_2014_test,108.51552387102211,107.0,0.5,0.0,0.0,1.5155238710221113
30500,0,calendar_2014_test,111.50603033800596,106.0,0.5,0.0,0.0,5.5060303380059565
30501,0,calendar_2014_test,103.68437296954704,108.0,0.5,0.0,0.0,4.3156270304529585
30502,0,calendar_2014_test,109.95414145124855,109.0,0.5,0.0,0.0,0.954141451248546
30503,0,calendar_2014_test,109.35953561316522,106.0,0.5,0.0,0.0,3.359535613165221
30504,0,calendar_2014_test,103.32646815513772,95.0,0.5,0.0,0.0,8.326468155137718
30505,0,calendar_2014_test,93.5069841872918,94.0,0.5,0.0,0.0,0.49301581270819383
30506,0,calendar_2014_test,94.08067965329113,88.0,0.5,0.0,0.0,6.080679653291128
30507,0,calendar_2014_test,92.48466671185074,115.0,0.5,0.0,0.0,22.515333288149264
30508,0,calendar_2014_test,127.61186703466352,133.0,0.5,0.0,0.0,5.388132965336482
30509,0,calendar_2014_test,137.3512085312954,132.0,0.5,0.0,0.0,5.351208531295413
30510,0,calendar_2014_test,131.553314175972,147.0,0.5,0.0,0.0,15.446685824028009
30511,0,calendar_2014_test,148.9110095553519,147.0,0.5,0.0,0.0,1.9110095553519102
30512,0,calendar_2014_test,141.86509456013857,146.0,0.5,0.0,0.0,4.134905439861427
30513,0,calendar_2014_test,149.04429776522122,79.0,0.5,0.0,0.0,70.04429776522122
30514,0,calendar_2014_test,62.09755121313126,38.0,0.5,0.0,0.0,24.09755121313126
30515,0,calendar_2014_test,30.95838515024818,20.0,0.5,0.0,0.0,10.95838515024818
30516,0,calendar_2014_test,22.72536653931713,14.0,0.5,0.0,0.0,8.725366539317129
30517,0,calendar_2014_test,18.532963604553263,10.0,0.5,0.0,0.0,8.532963604553263
30518,0,calendar_2014_test,13.6340237349992,6.0,0.5,0.0,0.0,7.6340237349992
30519,0,calendar_2014_test,10.108850912843812,9.0,0.5,0.0,0.0,1.1088509128438115
30520,0,calendar_2014_test,11.58126725827877,7.0,0.5,0.0,0.0,4.5812672582787695
30521,0,calendar_2014_test,10.647323559523118,10.0,0.5,0.0,0.0,0.6473235595231177
30522,0,calendar_2014_test,12.910474587838602,8.0,0.5,0.0,0.0,4.910474587838602
30523,0,calendar_2014_test,11.540202785207411,7.0,0.5,0.0,0.0,4.540202785207411
30524,0,calendar_2014_test,10.137188674928334,14.0,0.5,0.0,0.0,3.8628113250716662
30525,0,calendar_2014_test,14.508077002446893,10.0,0.5,0.0,0.0,4.508077002446893
30526,0,calendar_2014_test,11.860552887688618,6.0,0.5,0.0,0.0,5.860552887688618
30527,0,calendar_2014_test,8.744172273916767,9.0,0.5,0.0,0.0,0.2558277260832327
30528,0,calendar_2014_test,11.41483068834716,13.0,0.5,0.0,0.0,1.5851693116528391
30529,0,calendar_2014_test,13.598667220068782,9.0,0.5,0.0,0.0,4.598667220068782
30530,0,calendar_2014_test,11.147661518022577,10.0,0.5,0.0,0.0,1.147661518022577
30531,0,calendar_2014_test,11.123024998882762,9.0,0.5,0.0,0.0,2.1230249988827623
30532,0,calendar_2014_test,10.84526736434667,10.0,0.5,0.0,0.0,0.8452673643466699
30533,0,calendar_2014_test,11.246596599276184,10.0,0.5,0.0,0.0,1.2465965992761845
30534,0,calendar_2014_test,11.713909822955397,11.0,0.5,0.0,0.0,0.7139098229553973
30535,0,calendar_2014_test,12.882572844119435,12.0,0.5,0.0,0.0,0.8825728441194354
30536,0,calendar_2014_test,13.316904963787497,16.0,0.5,0.0,0.0,2.683095036212503
30537,0,calendar_2014_test,14.842537799376561,12.0,0.5,0.0,0.0,2.8425377993765615
30538,0,calendar_2014_test,13.515852608532452,17.0,0.5,0.0,0.0,3.4841473914675483
30539,0,calendar_2014_test,14.799669900083325,14.0,0.5,0.0,0.0,0.799669900083325
30540,0,calendar_2014_test,14.691140424439586,14.0,0.5,0.0,0.0,0.6911404244395865
30541,0,calendar_2014_test,14.295884001139907,12.0,0.5,0.0,0.0,2.295884001139907
30542,0,calendar_2014_test,13.380897674833209,14.0,0.5,0.0,0.0,0.6191023251667911
30543,0,calendar_2014_test,17.983192175185238,10.0,0.5,0.0,0.0,7.983192175185238
30544,0,calendar_2014_test,13.336115973436963,11.0,0.5,0.0,0.0,2.3361159734369625
30545,0,calendar_2014_test,13.758871506687976,11.0,0.5,0.0,0.0,2.758871506687976
30546,0,calendar_2014_test,14.23501749378777,14.0,0.5,0.0,0.0,0.2350174937877707
30547,0,calendar_2014_test,14.991800083482657,15.0,0.5,0.0,0.0,0.008199916517343198
30548,0,calendar_2014_test,16.275811989858436,26.0,0.5,0.0,0.0,9.724188010141564
30549,0,calendar_2014_test,24.237140778723788,24.0,0.5,0.0,0.0,0.2371407787237878
30550,0,calendar_2014_test,22.794975598429975,18.0,0.5,0.0,0.0,4.794975598429975
30551,0,calendar_2014_test,18.218710303090322,11.0,0.5,0.0,0.0,7.218710303090322
30552,0,calendar_2014_test,13.572979436715206,12.0,0.5,0.0,0.0,1.5729794367152063
30553,0,calendar_2014_test,12.749275315638807,9.0,0.5,0.0,0.0,3.7492753156388066
30554,0,calendar_2014_test,11.740678793264793,9.0,0.5,0.0,0.0,2.7406787932647934
30555,0,calendar_2014_test,10.935683636455625,13.0,0.5,0.0,0.0,2.064316363544375
30556,0,calendar_2014_test,14.513950506475583,9.0,0.5,0.0,0.0,5.513950506475583
30557,0,calendar_2014_test,13.407779600686643,8.0,0.5,0.0,0.0,5.407779600686643
30558,0,calendar_2014_test,13.408990727089458,7.0,0.5,0.0,0.0,6.408990727089458
30559,0,calendar_2014_test,11.668245803035173,13.0,0.5,0.0,0.0,1.3317541969648268
30560,0,calendar_2014_test,15.217898626519926,13.0,0.5,0.0,0.0,2.2178986265199256
30561,0,calendar_2014_test,14.298710872212496,22.0,0.5,0.0,0.0,7.701289127787504
30562,0,calendar_2014_test,21.62869470604391,10.0,0.5,0.0,0.0,11.628694706043909
30563,0,calendar_2014_test,13.799732923444031,18.0,0.5,0.0,0.0,4.200267076555969
30564,0,calendar_2014_test,22.76398832344743,20.0,0.5,0.0,0.0,2.7639883234474283
30565,0,calendar_2014_test,25.688826481820858,20.0,0.5,0.0,0.0,5.688826481820858
30566,0,calendar_2014_test,26.31003217653946,26.0,0.5,0.0,0.0,0.31003217653945825
30567,0,calendar_2014_test,30.262822126535937,24.0,0.5,0.0,0.0,6.262822126535937
30568,0,calendar_2014_test,30.218576243123717,25.0,0.5,0.0,0.0,5.218576243123717
30569,0,calendar_2014_test,29.39498257010634,34.0,0.5,0.0,0.0,4.60501742989366
30570,0,calendar_2014_test,40.325259313512575,42.0,0.5,0.0,0.0,1.674740686487425
30571,0,calendar_2014_test,47.68191796490664,47.0,0.5,0.0,0.0,0.6819179649066385
30572,0,calendar_2014_test,58.950561762651944,53.0,0.5,0.0,0.0,5.950561762651944
30573,0,calendar_2014_test,59.47322818959478,64.0,0.5,0.0,0.0,4.526771810405222
30574,0,calendar_2014_test,74.00103834940505,65.0,0.5,0.0,0.0,9.00103834940505
30575,0,calendar_2014_test,72.13288058808024,66.0,0.5,0.0,0.0,6.132880588080241
30576,0,calendar_2014_test,72.7124604073255,76.0,0.5,0.0,0.0,3.2875395926745057
30577,0,calendar_2014_test,87.74163006403205,83.0,0.5,0.0,0.0,4.7416300640320515
30578,0,calendar_2014_test,88.74062803448314,120.0,0.5,0.0,0.0,31.259371965516863
30579,0,calendar_2014_test,124.16212452302491,121.0,0.5,0.0,0.0,3.1621245230249144
30580,0,calendar_2014_test,119.68514611308312,111.0,0.5,0.0,0.0,8.685146113083121
30581,0,calendar_2014_test,104.1049591601943,112.0,0.5,0.0,0.0,7.895040839805702
30582,0,calendar_2014_test,108.56800892893489,100.0,0.5,0.0,0.0,8.568008928934887
30583,0,calendar_2014_test,90.89033185331567,84.0,0.5,0.0,0.0,6.890331853315672
30584,0,calendar_2014_test,77.25110860575009,66.0,0.5,0.0,0.0,11.25110860575009
30585,0,calendar_2014_test,58.816624674890186,64.0,0.5,0.0,0.0,5.1833753251098145
30586,0,calendar_2014_test,70.38900869840667,73.0,0.5,0.0,0.0,2.61099130159333
30587,0,calendar_2014_test,78.67768470647145,90.0,0.5,0.0,0.0,11.322315293528547
30588,0,calendar_2014_test,97.43181562115264,103.0,0.5,0.0,0.0,5.568184378847363
30589,0,calendar_2014_test,109.63138133711693,126.0,0.5,0.0,0.0,16.368618662883065
30590,0,calendar_2014_test,136.4214286569238,146.0,0.5,0.0,0.0,9.578571343076192
30591,0,calendar_2014_test,143.49848649028496,143.0,0.5,0.0,0.0,0.49848649028496084
30592,0,calendar_2014_test,138.90895994310247,135.0,0.5,0.0,0.0,3.9089599431024737
30593,0,calendar_2014_test,128.49392726657857,188.0,0.5,0.0,0.0,59.50607273342143
30594,0,calendar_2014_test,188.74921346862715,221.0,0.5,0.0,0.0,32.25078653137285
30595,0,calendar_2014_test,233.5980523627611,203.0,0.5,0.0,0.0,30.59805236276111
30596,0,calendar_2014_test,214.37679196491027,204.0,0.5,0.0,0.0,10.376791964910268
30597,0,calendar_2014_test,221.57575636862006,184.0,0.5,0.0,0.0,37.57575636862006
30598,0,calendar_2014_test,195.01887314558462,177.0,0.5,0.0,0.0,18.01887314558462
30599,0,calendar_2014_test,179.72398709217092,220.0,0.5,0.0,0.0,40.276012907829084
30600,0,calendar_2014_test,215.2139197390574,268.0,0.5,0.0,0.0,52.78608026094261
30601,0,calendar_2014_test,222.7223313842108,255.0,0.5,0.0,0.0,32.277668615789196
30602,0,calendar_2014_test,203.39652512258698,241.0,0.5,0.0,0.0,37.60347487741302
30603,0,calendar_2014_test,192.52928923974767,181.0,0.5,0.0,0.0,11.52928923974767
30604,0,calendar_2014_test,115.71243249192773,146.0,0.5,0.0,0.0,30.28756750807227
30605,0,calendar_2014_test,114.67569726675355,141.0,0.5,0.0,0.0,26.324302733246455
30606,0,calendar_2014_test,133.91403332688367,136.0,0.5,0.0,0.0,2.0859666731163315
30607,0,calendar_2014_test,134.68989104425845,124.0,0.5,0.0,0.0,10.689891044258445
30608,0,calendar_2014_test,114.10602326352213,87.0,0.5,0.0,0.0,27.106023263522133
30609,0,calendar_2014_test,74.17187688036987,66.0,0.5,0.0,0.0,8.171876880369865
30610,0,calendar_2014_test,55.02700522032177,44.0,0.5,0.0,0.0,11.027005220321769
30611,0,calendar_2014_test,41.50133350891572,36.0,0.5,0.0,0.0,5.501333508915721
30612,0,calendar_2014_test,41.25479555735091,39.0,0.5,0.0,0.0,2.25479555735091
30613,0,calendar_2014_test,43.270709996354825,55.0,0.5,0.0,0.0,11.729290003645175
30614,0,calendar_2014_test,58.59562804667066,114.0,0.5,0.0,0.0,55.40437195332934
30615,0,calendar_2014_test,140.9950209995416,100.0,0.5,0.0,0.0,40.995020999541595
30616,0,calendar_2014_test,103.35684526846755,95.0,0.5,0.0,0.0,8.356845268467552
30617,0,calendar_2014_test,102.18069804270435,162.0,0.5,0.0,0.0,59.81930195729565
30618,0,calendar_2014_test,176.43588066244521,237.0,0.5,0.0,0.0,60.564119337554786
30619,0,calendar_2014_test,224.61589220020372,229.0,0.5,0.0,0.0,4.384107799796283
30620,0,calendar_2014_test,224.51979207473937,175.0,0.5,0.0,0.0,49.51979207473937
30621,0,calendar_2014_test,152.2541654071556,150.0,0.5,0.0,0.0,2.2541654071555968
30622,0,calendar_2014_test,131.41597941190292,145.0,0.5,0.0,0.0,13.584020588097076
30623,0,calendar_2014_test,135.4216507500564,268.0,0.5,0.0,0.0,132.5783492499436
30624,0,calendar_2014_test,193.12920809879066,237.0,0.5,0.0,0.0,43.870791901209344
30625,0,calendar_2014_test,208.0838029846747,208.0,0.5,0.0,0.0,0.0838029846746906
30626,0,calendar_2014_test,190.38488147106364,193.0,0.5,0.0,0.0,2.615118528936364
30627,0,calendar_2014_test,176.7688880516835,175.0,0.5,0.0,0.0,1.76888805168349
30628,0,calendar_2014_test,160.00933362291389,160.0,0.5,0.0,0.0,0.00933362291388562
30629,0,calendar_2014_test,149.1723249696459,176.0,0.5,0.0,0.0,26.8276750303541
30630,0,calendar_2014_test,168.1599980347639,181.0,0.5,0.0,0.0,12.840001965236098
30631,0,calendar_2014_test,159.8986398280453,185.0,0.5,0.0,0.0,25.101360171954695
30632,0,calendar_2014_test,173.0297997131672,198.0,0.5,0.0,0.0,24.970200286832807
30633,0,calendar_2014_test,183.9806208638096,205.0,0.5,0.0,0.0,21.019379136190395
30634,0,calendar_2014_test,195.73542111425795,206.0,0.5,0.0,0.0,10.264578885742054
30635,0,calendar_2014_test,193.48999810997176,214.0,0.5,0.0,0.0,20.510001890028235
30636,0,calendar_2014_test,202.4511551935885,214.0,0.5,0.0,0.0,11.548844806411495
30637,0,calendar_2014_test,206.39399146963382,204.0,0.5,0.0,0.0,2.393991469633818
30638,0,calendar_2014_test,195.69449386118467,208.0,0.5,0.0,0.0,12.305506138815332
30639,0,calendar_2014_test,198.4233710970183,200.0,0.5,0.0,0.0,1.576628902981696
30640,0,calendar_2014_test,197.94541420504396,197.0,0.5,0.0,0.0,0.94541420504396
30641,0,calendar_2014_test,194.4869266865908,220.0,0.5,0.0,0.0,25.513073313409194
30642,0,calendar_2014_test,239.84290522398956,236.0,0.5,0.0,0.0,3.842905223989561
30643,0,calendar_2014_test,252.0902705903373,239.0,0.5,0.0,0.0,13.090270590337298
30644,0,calendar_2014_test,243.12871322780194,250.0,0.5,0.0,0.0,6.8712867721980615
30645,0,calendar_2014_test,251.6904332041545,243.0,0.5,0.0,0.0,8.690433204154488
30646,0,calendar_2014_test,243.41446503323982,251.0,0.5,0.0,0.0,7.585534966760179
30647,0,calendar_2014_test,243.97667955700666,263.0,0.5,0.0,0.0,19.023320442993338
30648,0,calendar_2014_test,266.14649870479246,262.0,0.5,0.0,0.0,4.146498704792464
30649,0,calendar_2014_test,265.41428642305107,261.0,0.5,0.0,0.0,4.414286423051067
30650,0,calendar_2014_test,264.8037286632982,276.0,0.5,0.0,0.0,11.196271336701784
30651,0,calendar_2014_test,271.4946903837537,264.0,0.5,0.0,0.0,7.494690383753721
30652,0,calendar_2014_test,257.3643059070076,259.0,0.5,0.0,0.0,1.6356940929924235
30653,0,calendar_2014_test,255.0237665037025,250.0,0.5,0.0,0.0,5.02376650370249
30654,0,calendar_2014_test,241.6847073023539,235.0,0.5,0.0,0.0,6.6847073023539
30655,0,calendar_2014_test,230.6895987481896,222.0,0.5,0.0,0.0,8.68959874818961
30656,0,calendar_2014_test,206.28975329307698,206.0,0.5,0.0,0.0,0.28975329307698416
30657,0,calendar_2014_test,206.3981125266861,205.0,0.5,0.0,0.0,1.3981125266861056
30658,0,calendar_2014_test,210.95095016016177,196.0,0.5,0.0,0.0,14.950950160161767
30659,0,calendar_2014_test,192.44798407504953,218.0,0.5,0.0,0.0,25.552015924950467
30660,0,calendar_2014_test,222.75152350701174,234.0,0.5,0.0,0.0,11.24847649298826
30661,0,calendar_2014_test,228.10827633755096,264.0,0.5,0.0,0.0,35.89172366244904
30662,0,calendar_2014_test,281.4005887336806,272.0,0.5,0.0,0.0,9.400588733680593
30663,0,calendar_2014_test,283.1300422554818,307.0,0.5,0.0,0.0,23.869957744518217
30664,0,calendar_2014_test,319.5031849432802,323.0,0.5,0.0,0.0,3.496815056719811
30665,0,calendar_2014_test,337.9356082396391,311.0,0.5,0.0,0.0,26.935608239639123
30666,0,calendar_2014_test,314.10070610718776,327.0,0.5,0.0,0.0,12.899293892812238
30667,0,calendar_2014_test,347.26398417855006,362.0,0.5,0.0,0.0,14.73601582144994
30668,0,calendar_2014_test,384.2249936058935,487.0,0.5,0.0,0.0,102.77500639410653
30669,0,calendar_2014_test,481.3141458591839,436.0,0.5,0.0,0.0,45.314145859183895
30670,0,calendar_2014_test,390.8854420453051,436.0,0.5,0.0,0.0,45.114557954694874
30671,0,calendar_2014_test,426.77817211567725,579.0,0.5,0.0,0.0,152.22182788432275
30672,0,calendar_2014_test,577.4275183310132,649.0,0.5,0.0,0.0,71.57248166898682
30673,0,calendar_2014_test,546.9542507050578,457.0,0.5,0.0,0.0,89.9542507050578
30674,0,calendar_2014_test,368.73733116221604,466.0,0.5,0.0,0.0,97.26266883778396
30675,0,calendar_2014_test,410.7872748192803,408.0,0.5,0.0,0.0,2.7872748192802987
30676,0,calendar_2014_test,367.5878298535195,344.0,0.5,0.0,0.0,23.58782985351951
30677,0,calendar_2014_test,258.33003809745986,322.0,0.5,0.0,0.0,63.66996190254014
30678,0,calendar_2014_test,263.78539535419355,287.0,0.5,0.0,0.0,23.214604645806446
30679,0,calendar_2014_test,265.22719079373337,319.0,0.5,0.0,0.0,53.77280920626663
30680,0,calendar_2014_test,327.55463271354057,282.0,0.5,0.0,0.0,45.55463271354057
30681,0,calendar_2014_test,251.02486322268186,277.0,0.5,0.0,0.0,25.97513677731814
30682,0,calendar_2014_test,269.25942237895634,277.0,0.5,0.0,0.0,7.740577621043656
30683,0,calendar_2014_test,278.31898513171177,279.0,0.5,0.0,0.0,0.68101486828823
30684,0,calendar_2014_test,270.75775274595253,327.0,0.5,0.0,0.0,56.24224725404747
30685,0,calendar_2014_test,330.5400427999407,348.0,0.5,0.0,0.0,17.459957200059307
30686,0,calendar_2014_test,337.9370288985991,418.0,0.5,0.0,0.0,80.06297110140088
30687,0,calendar_2014_test,429.17713522656265,423.0,0.5,0.0,0.0,6.177135226562655
30688,0,calendar_2014_test,410.02916585027145,366.0,0.5,0.0,0.0,44.029165850271454
30689,0,calendar_2014_test,361.3121884496847,338.0,0.5,0.0,0.0,23.312188449684697
30690,0,calendar_2014_test,339.05481222823863,347.0,0.5,0.0,0.0,7.945187771761368
30691,0,calendar_2014_test,361.7265740494762,336.0,0.5,0.0,0.0,25.7265740494762
30692,0,calendar_2014_test,343.28799013803393,351.0,0.5,0.0,0.0,7.712009861966067
30693,0,calendar_2014_test,383.94952929273876,353.0,0.5,0.0,0.0,30.94952929273876
30694,0,calendar_2014_test,385.4614893062483,375.0,0.5,0.0,0.0,10.461489306248325
30695,0,calendar_2014_test,400.8067378042526,382.0,0.5,0.0,0.0,18.806737804252577
30696,0,calendar_2014_test,380.3097574058672,393.0,0.5,0.0,0.0,12.690242594132826
30697,0,calendar_2014_test,372.00065469558484,388.0,0.5,0.0,0.0,15.999345304415158
30698,0,calendar_2014_test,358.67938931430126,376.0,0.5,0.0,0.0,17.32061068569874
30699,0,calendar_2014_test,314.754303846487,382.0,0.5,0.0,0.0,67.245696153513
30700,0,calendar_2014_test,331.28576434034784,362.0,0.5,0.0,0.0,30.71423565965216
30701,0,calendar_2014_test,295.24761443542997,345.0,0.5,0.0,0.0,49.752385564570034
30702,0,calendar_2014_test,291.2498061323126,328.0,0.5,0.0,0.0,36.750193867687415
30703,0,calendar_2014_test,287.60211547580263,323.0,0.5,0.0,0.0,35.397884524197366
30704,0,calendar_2014_test,295.32181157340585,297.0,0.5,0.0,0.0,1.6781884265941471
30705,0,calendar_2014_test,215.50032191239205,280.0,0.5,0.0,0.0,64.49967808760795
30706,0,calendar_2014_test,264.557516980431,267.0,0.5,0.0,0.0,2.4424830195690106
30707,0,calendar_2014_test,232.3084916996149,259.0,0.5,0.0,0.0,26.691508300385095
30708,0,calendar_2014_test,234.63844589415936,177.0,0.5,0.0,0.0,57.63844589415936
30709,0,calendar_2014_test,140.6120896961236,161.0,0.5,0.0,0.0,20.387910303876396
30710,0,calendar_2014_test,157.18550210562339,120.0,0.5,0.0,0.0,37.185502105623385
30711,0,calendar_2014_test,107.94341422821843,185.0,0.5,0.0,0.0,77.05658577178157
30712,0,calendar_2014_test,216.68595243069092,211.0,0.5,0.0,0.0,5.685952430690918
30713,0,calendar_2014_test,244.50270247438544,169.0,0.5,0.0,0.0,75.50270247438544
30714,0,calendar_2014_test,164.18392706069713,242.0,0.5,0.0,0.0,77.81607293930287
30715,0,calendar_2014_test,253.36676135126743,247.0,0.5,0.0,0.0,6.366761351267428
30716,0,calendar_2014_test,233.61517133786222,238.0,0.5,0.0,0.0,4.384828662137778
30717,0,calendar_2014_test,224.7058389607223,225.0,0.5,0.0,0.0,0.29416103927769655
30718,0,calendar_2014_test,210.58254785944948,216.0,0.5,0.0,0.0,5.417452140550523
30719,0,calendar_2014_test,225.58042794115494,165.0,0.5,0.0,0.0,60.58042794115494
30720,0,calendar_2014_test,146.01933139299814,142.0,0.5,0.0,0.0,4.01933139299814
30721,0,calendar_2014_test,131.17416170137417,136.0,0.5,0.0,0.0,4.8258382986258255
30722,0,calendar_2014_test,128.8059589197132,117.0,0.5,0.0,0.0,11.805958919713191
30723,0,calendar_2014_test,107.81946082210146,119.0,0.5,0.0,0.0,11.180539177898538
30724,0,calendar_2014_test,117.23666976747654,52.0,0.5,0.0,0.0,65.23666976747654
30725,0,calendar_2014_test,44.76189387138247,46.0,0.5,0.0,0.0,1.238106128617531
30726,0,calendar_2014_test,48.90945186234574,53.0,0.5,0.0,0.0,4.09054813765426
30727,0,calendar_2014_test,60.36445828502971,67.0,0.5,0.0,0.0,6.635541714970287
30728,0,calendar_2014_test,78.84667363424938,70.0,0.5,0.0,0.0,8.846673634249385
30729,0,calendar_2014_test,73.06666410292657,61.0,0.5,0.0,0.0,12.066664102926566
30730,0,calendar_2014_test,65.2999882397496,78.0,0.5,0.0,0.0,12.700011760250405
30731,0,calendar_2014_test,90.98217222975451,88.0,0.5,0.0,0.0,2.982172229754511
30732,0,calendar_2014_test,94.26944672638375,75.0,0.5,0.0,0.0,19.269446726383748
30733,0,calendar_2014_test,76.07423713131541,73.0,0.5,0.0,0.0,3.0742371313154138
30734,0,calendar_2014_test,74.06179062857912,79.0,0.5,0.0,0.0,4.938209371420882
30735,0,calendar_2014_test,81.97505096381083,67.0,0.5,0.0,0.0,14.97505096381083
30736,0,calendar_2014_test,68.66592384531445,73.0,0.5,0.0,0.0,4.3340761546855475
30737,0,calendar_2014_test,77.17019750540464,71.0,0.5,0.0,0.0,6.170197505404644
30738,0,calendar_2014_test,71.64494092008341,66.0,0.5,0.0,0.0,5.644940920083414
30739,0,calendar_2014_test,67.49518673857537,66.0,0.5,0.0,0.0,1.49518673857537
30740,0,calendar_2014_test,68.16043292628963,75.0,0.5,0.0,0.0,6.83956707371037
30741,0,calendar_2014_test,81.32291347198186,59.0,0.5,0.0,0.0,22.322913471981863
30742,0,calendar_2014_test,59.90279689784467,41.0,0.5,0.0,0.0,18.902796897844667
30743,0,calendar_2014_test,40.32668386740171,45.0,0.5,0.0,0.0,4.673316132598288
30744,0,calendar_2014_test,49.97867286215497,28.0,0.5,0.0,0.0,21.978672862154973
30745,0,calendar_2014_test,31.19712723692215,27.0,0.5,0.0,0.0,4.1971272369221495
30746,0,calendar_2014_test,29.58971312618811,27.0,0.5,0.0,0.0,2.5897131261881086
30747,0,calendar_2014_test,33.56818022245954,46.0,0.5,0.0,0.0,12.431819777540461
30748,0,calendar_2014_test,55.55924582178942,65.0,0.5,0.0,0.0,9.440754178210582
30749,0,calendar_2014_test,76.0469590952198,60.0,0.5,0.0,0.0,16.046959095219805
30750,0,calendar_2014_test,64.73914046033445,54.0,0.5,0.0,0.0,10.739140460334454
30751,0,calendar_2014_test,58.2694528670153,63.0,0.5,0.0,0.0,4.730547132984697
30752,0,calendar_2014_test,70.36948392368488,71.0,0.5,0.0,0.0,0.6305160763151179
30753,0,calendar_2014_test,74.44845403069888,69.0,0.5,0.0,0.0,5.448454030698883
30754,0,calendar_2014_test,70.36401815014919,76.0,0.5,0.0,0.0,5.635981849850808
30755,0,calendar_2014_test,79.81457774680679,82.0,0.5,0.0,0.0,2.1854222531932095
30756,0,calendar_2014_test,83.47779321364233,63.0,0.5,0.0,0.0,20.47779321364233
30757,0,calendar_2014_test,61.56123805952346,63.0,0.5,0.0,0.0,1.4387619404765388
30758,0,calendar_2014_test,65.79927851181698,63.0,0.5,0.0,0.0,2.799278511816979
30759,0,calendar_2014_test,65.34006388576536,64.0,0.5,0.0,0.0,1.3400638857653604
30760,0,calendar_2014_test,24.354414158916143,15.0,0.5,0.0,0.0,9.354414158916143
30761,0,calendar_2014_test,25.662272369753524,34.0,0.5,0.0,0.0,8.337727630246476
30762,0,calendar_2014_test,46.68063730680478,39.0,0.5,0.0,0.0,7.680637306804783
30763,0,calendar_2014_test,47.47634757519031,89.0,0.5,0.0,0.0,41.52365242480969
30764,0,calendar_2014_test,97.71206649202344,124.0,0.5,0.0,0.0,26.28793350797656
30765,0,calendar_2014_test,130.12026794768468,142.0,0.5,0.0,0.0,11.879732052315319
30766,0,calendar_2014_test,138.64801224133868,152.0,0.5,0.0,0.0,13.351987758661323
30767,0,calendar_2014_test,143.17676346618197,156.0,0.5,0.0,0.0,12.823236533818033
30768,0,calendar_2014_test,151.06839339083328,152.0,0.5,0.0,0.0,0.931606609166721
30769,0,calendar_2014_test,137.11544621521185,160.0,0.5,0.0,0.0,22.884553784788153
30770,0,calendar_2014_test,153.23221509405207,173.0,0.5,0.0,0.0,19.767784905947934
30771,0,calendar_2014_test,189.06004178712996,174.0,0.5,0.0,0.0,15.060041787129961
30772,0,calendar_2014_test,184.35065541209912,180.0,0.5,0.0,0.0,4.350655412099115
30773,0,calendar_2014_test,183.67288798859494,185.0,0.5,0.0,0.0,1.3271120114050632
30774,0,calendar_2014_test,174.91173077723892,184.0,0.5,0.0,0.0,9.088269222761085
30775,0,calendar_2014_test,182.5494591887319,190.0,0.5,0.0,0.0,7.450540811268098
30776,0,calendar_2014_test,184.4593202144857,196.0,0.5,0.0,0.0,11.5406797855143
30777,0,calendar_2014_test,253.9980218856474,267.0,0.5,0.0,0.0,13.001978114352596
30778,0,calendar_2014_test,289.737304398569,334.0,0.5,0.0,0.0,44.262695601431005
30779,0,calendar_2014_test,335.1081557586717,328.0,0.5,0.0,0.0,7.108155758671728
30780,0,calendar_2014_test,332.0046596231818,327.0,0.5,0.0,0.0,5.004659623181794
30781,0,calendar_2014_test,339.6045736491468,326.0,0.5,0.0,0.0,13.6045736491468
30782,0,calendar_2014_test,341.3572622732577,309.0,0.5,0.0,0.0,32.357262273257675
30783,0,calendar_2014_test,314.92296836394627,321.0,0.5,0.0,0.0,6.077031636053732
30784,0,calendar_2014_test,345.15657100683717,340.0,0.5,0.0,0.0,5.156571006837169
30785,0,calendar_2014_test,362.00506003152725,346.0,0.5,0.0,0.0,16.00506003152725
30786,0,calendar_2014_test,359.8092091649642,330.0,0.5,0.0,0.0,29.809209164964216
30787,0,calendar_2014_test,343.50376501512426,340.0,0.5,0.0,0.0,3.5037650151242588
30788,0,calendar_2014_test,345.4030510956758,353.0,0.5,0.0,0.0,7.596948904324222
30789,0,calendar_2014_test,381.55728554284383,384.0,0.5,0.0,0.0,2.442714457156171
30790,0,calendar_2014_test,389.98732028835525,383.0,0.5,0.0,0.0,6.987320288355249
30791,0,calendar_2014_test,370.6355628388673,399.0,0.5,0.0,0.0,28.364437161132685
30792,0,calendar_2014_test,386.8082220610886,340.0,0.5,0.0,0.0,46.8082220610886
30793,0,calendar_2014_test,272.1203607971198,327.0,0.5,0.0,0.0,54.879639202880185
30794,0,calendar_2014_test,282.6562362746359,295.0,0.5,0.0,0.0,12.343763725364113
30795,0,calendar_2014_test,236.94270674033623,296.0,0.5,0.0,0.0,59.057293259663766
30796,0,calendar_2014_test,278.2439781734148,333.0,0.5,0.0,0.0,54.7560218265852
30797,0,calendar_2014_test,323.9385760390618,336.0,0.5,0.0,0.0,12.061423960938214
30798,0,calendar_2014_test,327.1425945177627,350.0,0.5,0.0,0.0,22.85740548223731
30799,0,calendar_2014_test,334.5987009139706,305.0,0.5,0.0,0.0,29.598700913970617
30800,0,calendar_2014_test,302.4787730621706,283.0,0.5,0.0,0.0,19.478773062170603
30801,0,calendar_2014_test,274.40884178544,323.0,0.5,0.0,0.0,48.59115821455998
30802,0,calendar_2014_test,346.31491636065607,377.0,0.5,0.0,0.0,30.68508363934393
30803,0,calendar_2014_test,384.9978000804315,357.0,0.5,0.0,0.0,27.99780008043149
30804,0,calendar_2014_test,353.31934231945047,360.0,0.5,0.0,0.0,6.68065768054953
30805,0,calendar_2014_test,375.64791043586894,350.0,0.5,0.0,0.0,25.647910435868937
30806,0,calendar_2014_test,372.80997358283116,339.0,0.5,0.0,0.0,33.80997358283116
30807,0,calendar_2014_test,362.7790638256831,335.0,0.5,0.0,0.0,27.779063825683124
30808,0,calendar_2014_test,355.8664878143511,341.0,0.5,0.0,0.0,14.866487814351103
30809,0,calendar_2014_test,352.2729766651464,352.0,0.5,0.0,0.0,0.27297666514641605
30810,0,calendar_2014_test,379.85184064484616,355.0,0.5,0.0,0.0,24.851840644846163
30811,0,calendar_2014_test,359.9227417983874,327.0,0.5,0.0,0.0,32.92274179838739
30812,0,calendar_2014_test,325.46234084844946,303.0,0.5,0.0,0.0,22.462340848449458
30813,0,calendar_2014_test,272.63544055645247,287.0,0.5,0.0,0.0,14.364559443547535
30814,0,calendar_2014_test,235.46243400284672,279.0,0.5,0.0,0.0,43.53756599715328
30815,0,calendar_2014_test,317.3097550917168,339.0,0.5,0.0,0.0,21.690244908283205
30816,0,calendar_2014_test,308.49646626636377,339.0,0.5,0.0,0.0,30.50353373363623
30817,0,calendar_2014_test,309.78892285926173,341.0,0.5,0.0,0.0,31.21107714073827
30818,0,calendar_2014_test,310.16106517455796,344.0,0.5,0.0,0.0,33.83893482544204
30819,0,calendar_2014_test,314.25806400801224,335.0,0.5,0.0,0.0,20.74193599198776
30820,0,calendar_2014_test,312.0357024477117,329.0,0.5,0.0,0.0,16.964297552288315
30821,0,calendar_2014_test,322.9480804381186,323.0,0.5,0.0,0.0,0.05191956188139102
30822,0,calendar_2014_test,319.268892820708,350.0,0.5,0.0,0.0,30.731107179291996
30823,0,calendar_2014_test,349.2890786668321,341.0,0.5,0.0,0.0,8.289078666832097
30824,0,calendar_2014_test,324.1051796986078,347.0,0.5,0.0,0.0,22.8948203013922
30825,0,calendar_2014_test,352.5642590794903,356.0,0.5,0.0,0.0,3.4357409205097156
30826,0,calendar_2014_test,379.04586547847606,342.0,0.5,0.0,0.0,37.04586547847606
30827,0,calendar_2014_test,343.9087155438046,366.0,0.5,0.0,0.0,22.09128445619541
30828,0,calendar_2014_test,398.39633193514663,358.0,0.5,0.0,0.0,40.396331935146634
30829,0,calendar_2014_test,387.0135156220881,391.0,0.5,0.0,0.0,3.986484377911893
30830,0,calendar_2014_test,424.642737648244,425.0,0.5,0.0,0.0,0.35726235175599186
30831,0,calendar_2014_test,435.86160138661495,387.0,0.5,0.0,0.0,48.86160138661495
30832,0,calendar_2014_test,378.27900916294277,363.0,0.5,0.0,0.0,15.27900916294277
30833,0,calendar_2014_test,387.8080739736213,343.0,0.5,0.0,0.0,44.808073973621276
30834,0,calendar_2014_test,355.4233328200489,353.0,0.5,0.0,0.0,2.423332820048927
30835,0,calendar_2014_test,381.4585552434367,357.0,0.5,0.0,0.0,24.458555243436706
30836,0,calendar_2014_test,390.3221257403876,371.0,0.5,0.0,0.0,19.322125740387605
30837,0,calendar_2014_test,385.62219074265124,394.0,0.5,0.0,0.0,8.377809257348758
30838,0,calendar_2014_test,400.5823696026405,453.0,0.5,0.0,0.0,52.41763039735952
30839,0,calendar_2014_test,444.1207066678303,453.0,0.5,0.0,0.0,8.87929333216971
30840,0,calendar_2014_test,431.88625233187435,485.0,0.5,0.0,0.0,53.113747668125654
30841,0,calendar_2014_test,486.10886732663744,463.0,0.5,0.0,0.0,23.108867326637437
30842,0,calendar_2014_test,418.6780329908189,463.0,0.5,0.0,0.0,44.321967009181094
30843,0,calendar_2014_test,437.3188860777259,418.0,0.5,0.0,0.0,19.318886077725892
30844,0,calendar_2014_test,386.1213257808901,384.0,0.5,0.0,0.0,2.1213257808901176
30845,0,calendar_2014_test,341.83319807390137,371.0,0.5,0.0,0.0,29.16680192609863
30846,0,calendar_2014_test,360.9084010773833,369.0,0.5,0.0,0.0,8.091598922616697
30847,0,calendar_2014_test,370.1600156197111,374.0,0.5,0.0,0.0,3.839984380288911
30848,0,calendar_2014_test,380.79553463453493,397.0,0.5,0.0,0.0,16.20446536546507
30849,0,calendar_2014_test,416.01412357561867,397.0,0.5,0.0,0.0,19.01412357561867
30850,0,calendar_2014_test,404.01730376534795,389.0,0.5,0.0,0.0,15.017303765347947
30851,0,calendar_2014_test,393.1210483557781,410.0,0.5,0.0,0.0,16.8789516442219
30852,0,calendar_2014_test,424.4621609925122,436.0,0.5,0.0,0.0,11.537839007487776
30853,0,calendar_2014_test,438.50937033797817,462.0,0.5,0.0,0.0,23.49062966202183
30854,0,calendar_2014_test,456.447892721163,482.0,0.5,0.0,0.0,25.552107278837013
30855,0,calendar_2014_test,479.77985176094376,501.0,0.5,0.0,0.0,21.220148239056243
30856,0,calendar_2014_test,473.7687673506362,507.0,0.5,0.0,0.0,33.23123264936379
30857,0,calendar_2014_test,492.1032988232595,523.0,0.5,0.0,0.0,30.89670117674052
30858,0,calendar_2014_test,491.76293236496934,545.0,0.5,0.0,0.0,53.237067635030655
30859,0,calendar_2014_test,537.7908983246164,577.0,0.5,0.0,0.0,39.209101675383636
30860,0,calendar_2014_test,537.7851362220049,541.0,0.5,0.0,0.0,3.214863777995106
30861,0,calendar_2014_test,522.3899106945001,532.0,0.5,0.0,0.0,9.610089305499855
30862,0,calendar_2014_test,486.9831099382744,534.0,0.5,0.0,0.0,47.016890061725576
30863,0,calendar_2014_test,489.77318107364664,495.0,0.5,0.0,0.0,5.22681892635336
30864,0,calendar_2014_test,488.55710488356783,483.0,0.5,0.0,0.0,5.557104883567831
30865,0,calendar_2014_test,471.65311284322223,474.0,0.5,0.0,0.0,2.3468871567777683
30866,0,calendar_2014_test,485.8402037093033,478.0,0.5,0.0,0.0,7.840203709303296
30867,0,calendar_2014_test,492.2888852883341,496.0,0.5,0.0,0.0,3.711114711665914
30868,0,calendar_2014_test,489.64138946991494,519.0,0.5,0.0,0.0,29.35861053008506
30869,0,calendar_2014_test,508.28492766538557,526.0,0.5,0.0,0.0,17.715072334614433
30870,0,calendar_2014_test,498.59206646846366,512.0,0.5,0.0,0.0,13.407933531536344
30871,0,calendar_2014_test,485.92159979655213,557.0,0.5,0.0,0.0,71.07840020344787
30872,0,calendar_2014_test,540.3125594380946,551.0,0.5,0.0,0.0,10.687440561905419
30873,0,calendar_2014_test,505.8394174558572,562.0,0.5,0.0,0.0,56.16058254414281
30874,0,calendar_2014_test,503.27425501862734,542.0,0.5,0.0,0.0,38.72574498137266
30875,0,calendar_2014_test,506.368579411195,502.0,0.5,0.0,0.0,4.3685794111950145
30876,0,calendar_2014_test,459.5457892651081,525.0,0.5,0.0,0.0,65.45421073489189
30877,0,calendar_2014_test,478.8371722663068,446.0,0.5,0.0,0.0,32.83717226630682
30878,0,calendar_2014_test,388.790919877809,188.0,0.5,0.0,0.0,200.79091987780902
30879,0,calendar_2014_test,144.05534381619591,111.0,0.5,0.0,0.0,33.055343816195915
30880,0,calendar_2014_test,81.37270793347058,82.0,0.5,0.0,0.0,0.6272920665294208
30881,0,calendar_2014_test,78.17230212370487,58.0,0.5,0.0,0.0,20.172302123704867
30882,0,calendar_2014_test,59.52209605545399,43.0,0.5,0.0,0.0,16.522096055453993
30883,0,calendar_2014_test,43.17809737011596,27.0,0.5,0.0,0.0,16.178097370115957
30884,0,calendar_2014_test,24.580477056783312,31.0,0.5,0.0,0.0,6.419522943216688
30885,0,calendar_2014_test,28.273922656064027,15.0,0.5,0.0,0.0,13.273922656064027
30886,0,calendar_2014_test,15.976624411345911,17.0,0.5,0.0,0.0,1.0233755886540887
30887,0,calendar_2014_test,15.853204070076556,17.0,0.5,0.0,0.0,1.146795929923444
30888,0,calendar_2014_test,15.591503731478221,21.0,0.5,0.0,0.0,5.408496268521779
30889,0,calendar_2014_test,19.236428885983038,17.0,0.5,0.0,0.0,2.236428885983038
30890,0,calendar_2014_test,16.054407676213884,13.0,0.5,0.0,0.0,3.0544076762138843
30891,0,calendar_2014_test,14.82685725924422,11.0,0.5,0.0,0.0,3.8268572592442194
30892,0,calendar_2014_test,12.697668226879049,12.0,0.5,0.0,0.0,0.6976682268790491
30893,0,calendar_2014_test,12.54685022860229,10.0,0.5,0.0,0.0,2.54685022860229
30894,0,calendar_2014_test,11.09971931664277,13.0,0.5,0.0,0.0,1.9002806833572308
30895,0,calendar_2014_test,13.599453265127062,13.0,0.5,0.0,0.0,0.5994532651270621
30896,0,calendar_2014_test,14.31897445407986,8.0,0.5,0.0,0.0,6.318974454079861
30897,0,calendar_2014_test,11.263918654902811,12.0,0.5,0.0,0.0,0.7360813450971886
30898,0,calendar_2014_test,13.585062755398093,12.0,0.5,0.0,0.0,1.5850627553980932
30899,0,calendar_2014_test,13.438590426185423,14.0,0.5,0.0,0.0,0.5614095738145775
30900,0,calendar_2014_test,15.304963246281998,17.0,0.5,0.0,0.0,1.6950367537180018
30901,0,calendar_2014_test,16.260317567758417,18.0,0.5,0.0,0.0,1.7396824322415831
30902,0,calendar_2014_test,24.21396129814493,17.0,0.5,0.0,0.0,7.21396129814493
30903,0,calendar_2014_test,23.270369975325778,19.0,0.5,0.0,0.0,4.270369975325778
30904,0,calendar_2014_test,25.819640776669143,31.0,0.5,0.0,0.0,5.180359223330857
30905,0,calendar_2014_test,44.019591023280114,45.0,0.5,0.0,0.0,0.980408976719886
30906,0,calendar_2014_test,51.38620305865419,42.0,0.5,0.0,0.0,9.38620305865419
30907,0,calendar_2014_test,46.19367399373366,53.0,0.5,0.0,0.0,6.806326006266339
30908,0,calendar_2014_test,58.496772588792915,42.0,0.5,0.0,0.0,16.496772588792915
30909,0,calendar_2014_test,45.88129746049422,34.0,0.5,0.0,0.0,11.881297460494217
30910,0,calendar_2014_test,40.286683450302036,130.0,0.5,0.0,0.0,89.71331654969796
30911,0,calendar_2014_test,99.63731600077904,114.0,0.5,0.0,0.0,14.362683999220963
30912,0,calendar_2014_test,97.13533068629704,61.0,0.5,0.0,0.0,36.13533068629704
30913,0,calendar_2014_test,59.792611253648815,48.0,0.5,0.0,0.0,11.792611253648815
30914,0,calendar_2014_test,51.589905010056654,48.0,0.5,0.0,0.0,3.589905010056654
30915,0,calendar_2014_test,52.283918391054655,54.0,0.5,0.0,0.0,1.7160816089453448
30916,0,calendar_2014_test,60.06729303753186,57.0,0.5,0.0,0.0,3.0672930375318614
30917,0,calendar_2014_test,59.093066445262856,63.0,0.5,0.0,0.0,3.9069335547371438
30918,0,calendar_2014_test,72.52276936446897,81.0,0.5,0.0,0.0,8.47723063553103
30919,0,calendar_2014_test,94.08685059173443,98.0,0.5,0.0,0.0,3.913149408265568
30920,0,calendar_2014_test,100.32043781629503,106.0,0.5,0.0,0.0,5.679562183704974
30921,0,calendar_2014_test,103.91119836879454,97.0,0.5,0.0,0.0,6.911198368794544
30922,0,calendar_2014_test,93.99147630989962,108.0,0.5,0.0,0.0,14.008523690100375
30923,0,calendar_2014_test,117.0039524810274,103.0,0.5,0.0,0.0,14.003952481027397
30924,0,calendar_2014_test,105.95867744581554,96.0,0.5,0.0,0.0,9.958677445815539
30925,0,calendar_2014_test,99.63682542322671,84.0,0.5,0.0,0.0,15.63682542322671
30926,0,calendar_2014_test,82.90061632901764,118.0,0.5,0.0,0.0,35.09938367098236
30927,0,calendar_2014_test,125.53900196478665,116.0,0.5,0.0,0.0,9.53900196478665
30928,0,calendar_2014_test,124.19279951253517,158.0,0.5,0.0,0.0,33.807200487464826
30929,0,calendar_2014_test,176.8771670592867,171.0,0.5,0.0,0.0,5.877167059286705
30930,0,calendar_2014_test,176.7442317757263,179.0,0.5,0.0,0.0,2.2557682242737087
30931,0,calendar_2014_test,176.37156145806122,172.0,0.5,0.0,0.0,4.3715614580612225
30932,0,calendar_2014_test,163.08312771598455,168.0,0.5,0.0,0.0,4.916872284015454
30933,0,calendar_2014_test,168.80727053219616,188.0,0.5,0.0,0.0,19.192729467803844
30934,0,calendar_2014_test,182.48737047423427,206.0,0.5,0.0,0.0,23.512629525765732
30935,0,calendar_2014_test,215.54243182656842,210.0,0.5,0.0,0.0,5.542431826568418
30936,0,calendar_2014_test,216.07704917333555,180.0,0.5,0.0,0.0,36.07704917333555
30937,0,calendar_2014_test,167.34131829057574,181.0,0.5,0.0,0.0,13.658681709424258
30938,0,calendar_2014_test,163.37693779346176,149.0,0.5,0.0,0.0,14.376937793461764
30939,0,calendar_2014_test,135.54753261017834,100.0,0.5,0.0,0.0,35.54753261017834
30940,0,calendar_2014_test,76.91083991715323,83.0,0.5,0.0,0.0,6.0891600828467745
30941,0,calendar_2014_test,72.00787314433785,45.0,0.5,0.0,0.0,27.00787314433785
30942,0,calendar_2014_test,39.15795322076525,29.0,0.5,0.0,0.0,10.15795322076525
30943,0,calendar_2014_test,26.343485452183167,15.0,0.5,0.0,0.0,11.343485452183167
30944,0,calendar_2014_test,15.799896025521198,14.0,0.5,0.0,0.0,1.799896025521198
30945,0,calendar_2014_test,14.280780842761361,17.0,0.5,0.0,0.0,2.719219157238639
30946,0,calendar_2014_test,15.633260547571947,12.0,0.5,0.0,0.0,3.633260547571947
30947,0,calendar_2014_test,15.600014861089386,10.0,0.5,0.0,0.0,5.600014861089386
30948,0,calendar_2014_test,11.342557061152071,10.0,0.5,0.0,0.0,1.3425570611520712
30949,0,calendar_2014_test,11.403393338631746,14.0,0.5,0.0,0.0,2.596606661368254
30950,0,calendar_2014_test,20.982035125713416,29.0,0.5,0.0,0.0,8.017964874286584
30951,0,calendar_2014_test,41.358341467550076,51.0,0.5,0.0,0.0,9.641658532449924
30952,0,calendar_2014_test,58.55918685402403,48.0,0.5,0.0,0.0,10.559186854024027
30953,0,calendar_2014_test,51.53819317268911,74.0,0.5,0.0,0.0,22.461806827310888
30954,0,calendar_2014_test,78.60828342462085,93.0,0.5,0.0,0.0,14.39171657537915
30955,0,calendar_2014_test,101.51233081268374,112.0,0.5,0.0,0.0,10.487669187316257
30956,0,calendar_2014_test,124.08836566277247,125.0,0.5,0.0,0.0,0.9116343372275253
30957,0,calendar_2014_test,129.56025411818703,133.0,0.5,0.0,0.0,3.439745881812968
30958,0,calendar_2014_test,127.25742555527648,150.0,0.5,0.0,0.0,22.742574444723516
30959,0,calendar_2014_test,146.53082965343003,124.0,0.5,0.0,0.0,22.530829653430033
30960,0,calendar_2014_test,112.25027332381025,135.0,0.5,0.0,0.0,22.749726676189752
30961,0,calendar_2014_test,135.50931860914613,143.0,0.5,0.0,0.0,7.490681390853865
30962,0,calendar_2014_test,145.88559745537293,139.0,0.5,0.0,0.0,6.885597455372931
30963,0,calendar_2014_test,136.71721033049855,128.0,0.5,0.0,0.0,8.717210330498546
30964,0,calendar_2014_test,118.72548871731335,134.0,0.5,0.0,0.0,15.274511282686646
30965,0,calendar_2014_test,140.99071255222356,146.0,0.5,0.0,0.0,5.009287447776444
30966,0,calendar_2014_test,153.39890829934666,154.0,0.5,0.0,0.0,0.6010917006533418
30967,0,calendar_2014_test,160.30896396804616,157.0,0.5,0.0,0.0,3.3089639680461573
30968,0,calendar_2014_test,161.7889657711037,174.0,0.5,0.0,0.0,12.211034228896295
30969,0,calendar_2014_test,176.23746704749814,158.0,0.5,0.0,0.0,18.237467047498143
30970,0,calendar_2014_test,157.8449057193701,151.0,0.5,0.0,0.0,6.844905719370104
30971,0,calendar_2014_test,130.886071847708,141.0,0.5,0.0,0.0,10.113928152292004
30972,0,calendar_2014_test,126.97158819135328,137.0,0.5,0.0,0.0,10.028411808646723
30973,0,calendar_2014_test,131.43484063665136,144.0,0.5,0.0,0.0,12.565159363348641
30974,0,calendar_2014_test,144.9920826386086,144.0,0.5,0.0,0.0,0.9920826386085935
30975,0,calendar_2014_test,151.91948829008416,159.0,0.5,0.0,0.0,7.0805117099158394
30976,0,calendar_2014_test,169.30689102185346,166.0,0.5,0.0,0.0,3.3068910218534597
30977,0,calendar_2014_test,170.73707107262234,183.0,0.5,0.0,0.0,12.262928927377658
30978,0,calendar_2014_test,180.42607381213006,228.0,0.5,0.0,0.0,47.573926187869944
30979,0,calendar_2014_test,228.69867185161127,257.0,0.5,0.0,0.0,28.301328148388734
30980,0,calendar_2014_test,260.70955089701954,306.0,0.5,0.0,0.0,45.29044910298046
30981,0,calendar_2014_test,314.56732119551424,222.0,0.5,0.0,0.0,92.56732119551424
30982,0,calendar_2014_test,177.79651112616446,193.0,0.5,0.0,0.0,15.20348887383554
30983,0,calendar_2014_test,200.2013579562263,188.0,0.5,0.0,0.0,12.201357956226303
30984,0,calendar_2014_test,187.47630785622187,182.0,0.5,0.0,0.0,5.476307856221865
30985,0,calendar_2014_test,177.2793049132745,184.0,0.5,0.0,0.0,6.720695086725499
30986,0,calendar_2014_test,186.59974529465055,209.0,0.5,0.0,0.0,22.400254705349454
30987,0,calendar_2014_test,221.48361147846884,225.0,0.5,0.0,0.0,3.516388521531155
30988,0,calendar_2014_test,234.97221531700734,238.0,0.5,0.0,0.0,3.0277846829926602
30989,0,calendar_2014_test,248.40912065846513,246.0,0.5,0.0,0.0,2.4091206584651275
30990,0,calendar_2014_test,255.91612106552884,269.0,0.5,0.0,0.0,13.083878934471159
30991,0,calendar_2014_test,271.6436782593789,284.0,0.5,0.0,0.0,12.356321740621127
30992,0,calendar_2014_test,282.79612505255875,260.0,0.5,0.0,0.0,22.79612505255875
30993,0,calendar_2014_test,259.6383668413659,295.0,0.5,0.0,0.0,35.361633158634106
30994,0,calendar_2014_test,311.05116930015794,322.0,0.5,0.0,0.0,10.948830699842063
30995,0,calendar_2014_test,334.8248052679918,308.0,0.5,0.0,0.0,26.824805267991792
30996,0,calendar_2014_test,298.63601845609213,271.0,0.5,0.0,0.0,27.63601845609213
30997,0,calendar_2014_test,253.4252017839536,240.0,0.5,0.0,0.0,13.42520178395361
30998,0,calendar_2014_test,226.64163218777657,230.0,0.5,0.0,0.0,3.3583678122234346
30999,0,calendar_2014_test,228.08507221796603,237.0,0.5,0.0,0.0,8.91492778203397
31000,0,calendar_2014_test,225.3649613789786,242.0,0.5,0.0,0.0,16.63503862102141
31001,0,calendar_2014_test,225.5310934438044,241.0,0.5,0.0,0.0,15.468906556195606
31002,0,calendar_2014_test,220.20304453055996,238.0,0.5,0.0,0.0,17.796955469440036
31003,0,calendar_2014_test,202.28597510321342,255.0,0.5,0.0,0.0,52.71402489678658
31004,0,calendar_2014_test,229.66711186557978,266.0,0.5,0.0,0.0,36.332888134420216
31005,0,calendar_2014_test,228.8196265415609,255.0,0.5,0.0,0.0,26.180373458439107
31006,0,calendar_2014_test,209.08159370762155,232.0,0.5,0.0,0.0,22.91840629237845
31007,0,calendar_2014_test,187.9633629460369,226.0,0.5,0.0,0.0,38.03663705396309
31008,0,calendar_2014_test,206.9757751111039,215.0,0.5,0.0,0.0,8.0242248888961
31009,0,calendar_2014_test,207.85931431026341,75.0,0.5,0.0,0.0,132.85931431026341
31010,0,calendar_2014_test,49.642749207537776,3.0,0.5,0.0,0.0,46.642749207537776
31011,0,calendar_2014_test,10.889184157718077,4.0,0.5,0.0,0.0,6.889184157718077
31012,0,calendar_2014_test,10.765744139189874,7.0,0.5,0.0,0.0,3.7657441391898736
31013,0,calendar_2014_test,8.535951179082417,6.0,0.5,0.0,0.0,2.535951179082417
31014,0,calendar_2014_test,9.176523260847912,14.0,0.5,0.0,0.0,4.823476739152088
31015,0,calendar_2014_test,14.720951079775375,13.0,0.5,0.0,0.0,1.720951079775375
31016,0,calendar_2014_test,14.102467279501413,8.0,0.5,0.0,0.0,6.102467279501413
31017,0,calendar_2014_test,10.813690815441884,11.0,0.5,0.0,0.0,0.18630918455811596
31018,0,calendar_2014_test,11.89101802131461,13.0,0.5,0.0,0.0,1.1089819786853905
31019,0,calendar_2014_test,13.549229510461174,11.0,0.5,0.0,0.0,2.549229510461174
31020,0,calendar_2014_test,11.791155114971994,7.0,0.5,0.0,0.0,4.791155114971994
31021,0,calendar_2014_test,8.579480783897521,8.0,0.5,0.0,0.0,0.5794807838975213
31022,0,calendar_2014_test,8.958893173861556,11.0,0.5,0.0,0.0,2.041106826138444
31023,0,calendar_2014_test,11.929436854891067,12.0,0.5,0.0,0.0,0.0705631451089328
31024,0,calendar_2014_test,13.566613667153376,13.0,0.5,0.0,0.0,0.5666136671533764
31025,0,calendar_2014_test,14.589376526159127,9.0,0.5,0.0,0.0,5.589376526159127
31026,0,calendar_2014_test,11.225757360803822,9.0,0.5,0.0,0.0,2.225757360803822
31027,0,calendar_2014_test,10.907192757392087,7.0,0.5,0.0,0.0,3.907192757392087
31028,0,calendar_2014_test,8.536258143131839,14.0,0.5,0.0,0.0,5.463741856868161
31029,0,calendar_2014_test,13.314803755340707,10.0,0.5,0.0,0.0,3.314803755340707
31030,0,calendar_2014_test,11.382131589924441,9.0,0.5,0.0,0.0,2.382131589924441
31031,0,calendar_2014_test,10.758227084478024,18.0,0.5,0.0,0.0,7.241772915521976
31032,0,calendar_2014_test,20.041664521176028,14.0,0.5,0.0,0.0,6.041664521176028
31033,0,calendar_2014_test,20.064223145580616,12.0,0.5,0.0,0.0,8.064223145580616
31034,0,calendar_2014_test,15.62983361476228,26.0,0.5,0.0,0.0,10.37016638523772
31035,0,calendar_2014_test,29.12363828842579,30.0,0.5,0.0,0.0,0.8763617115742086
31036,0,calendar_2014_test,33.13250102469013,35.0,0.5,0.0,0.0,1.8674989753098714
31037,0,calendar_2014_test,37.5468816977847,27.0,0.5,0.0,0.0,10.546881697784698
31038,0,calendar_2014_test,28.828706756918297,13.0,0.5,0.0,0.0,15.828706756918297
31039,0,calendar_2014_test,20.30393164135894,18.0,0.5,0.0,0.0,2.3039316413589397
31040,0,calendar_2014_test,22.5871481546673,27.0,0.5,0.0,0.0,4.4128518453327
31041,0,calendar_2014_test,29.12192125524725,23.0,0.5,0.0,0.0,6.121921255247251
31042,0,calendar_2014_test,26.554093495786237,25.0,0.5,0.0,0.0,1.554093495786237
31043,0,calendar_2014_test,27.78305812968491,27.0,0.5,0.0,0.0,0.7830581296849104
31044,0,calendar_2014_test,31.14542690128768,26.0,0.5,0.0,0.0,5.145426901287681
31045,0,calendar_2014_test,28.987166414569298,32.0,0.5,0.0,0.0,3.012833585430702
31046,0,calendar_2014_test,37.35109014464046,39.0,0.5,0.0,0.0,1.6489098553595412
31047,0,calendar_2014_test,45.26351740610389,49.0,0.5,0.0,0.0,3.7364825938961133
31048,0,calendar_2014_test,54.07996555458627,48.0,0.5,0.0,0.0,6.079965554586273
31049,0,calendar_2014_test,48.75617026353864,49.0,0.5,0.0,0.0,0.24382973646135753
31050,0,calendar_2014_test,44.3120026796882,16.0,0.5,0.0,0.0,28.3120026796882
31051,0,calendar_2014_test,17.397458662167658,12.0,0.5,0.0,0.0,5.397458662167658
31052,0,calendar_2014_test,13.992747612653915,12.0,0.5,0.0,0.0,1.9927476126539148
31053,0,calendar_2014_test,12.964713985953647,11.0,0.5,0.0,0.0,1.9647139859536473
31054,0,calendar_2014_test,12.299628893110269,8.0,0.5,0.0,0.0,4.299628893110269
31055,0,calendar_2014_test,10.32752158506957,11.0,0.5,0.0,0.0,0.6724784149304295
31056,0,calendar_2014_test,12.170773038377716,9.0,0.5,0.0,0.0,3.1707730383777157
31057,0,calendar_2014_test,13.022495859017749,9.0,0.5,0.0,0.0,4.022495859017749
31058,0,calendar_2014_test,12.958721019978583,12.0,0.5,0.0,0.0,0.958721019978583
31059,0,calendar_2014_test,14.249040023310297,16.0,0.5,0.0,0.0,1.7509599766897033
31060,0,calendar_2014_test,16.371977715364466,14.0,0.5,0.0,0.0,2.3719777153644657
31061,0,calendar_2014_test,15.31849472693222,23.0,0.5,0.0,0.0,7.6815052730677795
31062,0,calendar_2014_test,22.209095360923474,16.0,0.5,0.0,0.0,6.209095360923474
31063,0,calendar_2014_test,18.50938896200618,10.0,0.5,0.0,0.0,8.509388962006181
31064,0,calendar_2014_test,12.322503032286823,13.0,0.5,0.0,0.0,0.6774969677131768
31065,0,calendar_2014_test,14.964566759234083,15.0,0.5,0.0,0.0,0.03543324076591681
31066,0,calendar_2014_test,15.714590717780158,12.0,0.5,0.0,0.0,3.7145907177801583
31067,0,calendar_2014_test,13.620862687441365,11.0,0.5,0.0,0.0,2.620862687441365
31068,0,calendar_2014_test,12.461199615032163,12.0,0.5,0.0,0.0,0.46119961503216267
31069,0,calendar_2014_test,12.862012545469435,12.0,0.5,0.0,0.0,0.862012545469435
31070,0,calendar_2014_test,13.248172987750701,17.0,0.5,0.0,0.0,3.751827012249299
31071,0,calendar_2014_test,21.902793997514674,27.0,0.5,0.0,0.0,5.097206002485326
31072,0,calendar_2014_test,36.17082603334691,29.0,0.5,0.0,0.0,7.170826033346913
31073,0,calendar_2014_test,33.517368972014296,41.0,0.5,0.0,0.0,7.482631027985704
31074,0,calendar_2014_test,46.49853369425774,41.0,0.5,0.0,0.0,5.498533694257738
31075,0,calendar_2014_test,44.15554940109101,53.0,0.5,0.0,0.0,8.844450598908992
31076,0,calendar_2014_test,57.345320702028424,67.0,0.5,0.0,0.0,9.654679297971576
31077,0,calendar_2014_test,74.16742647252859,70.0,0.5,0.0,0.0,4.167426472528589
31078,0,calendar_2014_test,71.29059282444229,84.0,0.5,0.0,0.0,12.709407175557715
31079,0,calendar_2014_test,90.52515958126382,91.0,0.5,0.0,0.0,0.47484041873617855
31080,0,calendar_2014_test,90.77342872485576,99.0,0.5,0.0,0.0,8.226571275144238
31081,0,calendar_2014_test,95.11657330359878,97.0,0.5,0.0,0.0,1.8834266964012158
31082,0,calendar_2014_test,95.2328431596853,100.0,0.5,0.0,0.0,4.767156840314698
31083,0,calendar_2014_test,100.24228901595664,97.0,0.5,0.0,0.0,3.2422890159566435
31084,0,calendar_2014_test,91.30311720212042,86.0,0.5,0.0,0.0,5.3031172021204185
31085,0,calendar_2014_test,79.48578330684447,92.0,0.5,0.0,0.0,12.514216693155532
31086,0,calendar_2014_test,79.90394813620688,64.0,0.5,0.0,0.0,15.903948136206878
31087,0,calendar_2014_test,58.49782620071112,40.0,0.5,0.0,0.0,18.497826200711117
31088,0,calendar_2014_test,36.69309359331983,26.0,0.5,0.0,0.0,10.69309359331983
31089,0,calendar_2014_test,25.05679125603358,21.0,0.5,0.0,0.0,4.056791256033581
31090,0,calendar_2014_test,21.89368042430868,14.0,0.5,0.0,0.0,7.89368042430868
31091,0,calendar_2014_test,19.528372041062518,17.0,0.5,0.0,0.0,2.528372041062518
31092,0,calendar_2014_test,21.10341708099997,20.0,0.5,0.0,0.0,1.1034170809999715
31093,0,calendar_2014_test,26.052755744070065,31.0,0.5,0.0,0.0,4.9472442559299346
31094,0,calendar_2014_test,40.55204363852494,40.0,0.5,0.0,0.0,0.5520436385249425
31095,0,calendar_2014_test,48.345894471192835,38.0,0.5,0.0,0.0,10.345894471192835
31096,0,calendar_2014_test,44.3071374571581,41.0,0.5,0.0,0.0,3.307137457158099
31097,0,calendar_2014_test,51.52768455915589,51.0,0.5,0.0,0.0,0.5276845591558867
31098,0,calendar_2014_test,56.3647027225104,69.0,0.5,0.0,0.0,12.635297277489599
31099,0,calendar_2014_test,75.02235070492205,77.0,0.5,0.0,0.0,1.9776492950779527
31100,0,calendar_2014_test,82.08752921353711,111.0,0.5,0.0,0.0,28.91247078646289
31101,0,calendar_2014_test,125.69221157793609,144.0,0.5,0.0,0.0,18.307788422063908
31102,0,calendar_2014_test,146.3633084557735,133.0,0.5,0.0,0.0,13.363308455773506
31103,0,calendar_2014_test,124.3958993536263,110.0,0.5,0.0,0.0,14.395899353626305
31104,0,calendar_2014_test,107.95932059315581,143.0,0.5,0.0,0.0,35.04067940684419
31105,0,calendar_2014_test,140.98590058163072,136.0,0.5,0.0,0.0,4.985900581630716
31106,0,calendar_2014_test,129.43600133348724,141.0,0.5,0.0,0.0,11.56399866651276
31107,0,calendar_2014_test,142.60309225563537,160.0,0.5,0.0,0.0,17.396907744364626
31108,0,calendar_2014_test,169.7830584088892,159.0,0.5,0.0,0.0,10.78305840888919
31109,0,calendar_2014_test,166.11394404938235,167.0,0.5,0.0,0.0,0.8860559506176457
31110,0,calendar_2014_test,160.1683614059522,188.0,0.5,0.0,0.0,27.831638594047803
31111,0,calendar_2014_test,174.45342764534828,196.0,0.5,0.0,0.0,21.546572354651715
31112,0,calendar_2014_test,190.65757907135827,205.0,0.5,0.0,0.0,14.34242092864173
31113,0,calendar_2014_test,199.310775159432,201.0,0.5,0.0,0.0,1.689224840567988
31114,0,calendar_2014_test,196.4136869673374,201.0,0.5,0.0,0.0,4.586313032662588
31115,0,calendar_2014_test,186.34572757898835,202.0,0.5,0.0,0.0,15.654272421011655
31116,0,calendar_2014_test,184.63284442832364,201.0,0.5,0.0,0.0,16.367155571676363
31117,0,calendar_2014_test,188.71035169157267,187.0,0.5,0.0,0.0,1.7103516915726686
31118,0,calendar_2014_test,173.4079655525749,187.0,0.5,0.0,0.0,13.592034447425107
31119,0,calendar_2014_test,194.0522697370531,199.0,0.5,0.0,0.0,4.947730262946891
31120,0,calendar_2014_test,209.20545795380858,206.0,0.5,0.0,0.0,3.205457953808576
31121,0,calendar_2014_test,220.716117452732,213.0,0.5,0.0,0.0,7.716117452731993
31122,0,calendar_2014_test,225.34912669958356,187.0,0.5,0.0,0.0,38.349126699583564
31123,0,calendar_2014_test,193.30776656465238,218.0,0.5,0.0,0.0,24.692233435347617
31124,0,calendar_2014_test,230.86608484729453,134.0,0.5,0.0,0.0,96.86608484729453
31125,0,calendar_2014_test,108.27382207770155,131.0,0.5,0.0,0.0,22.726177922298447
31126,0,calendar_2014_test,133.60358818108276,154.0,0.5,0.0,0.0,20.396411818917244
31127,0,calendar_2014_test,164.1952424084208,112.0,0.5,0.0,0.0,52.195242408420796
31128,0,calendar_2014_test,108.60721843857797,55.0,0.5,0.0,0.0,53.60721843857797
31129,0,calendar_2014_test,60.6494226454771,172.0,0.5,0.0,0.0,111.3505773545229
31130,0,calendar_2014_test,189.1885592478296,143.0,0.5,0.0,0.0,46.1885592478296
31131,0,calendar_2014_test,143.61430085264135,122.0,0.5,0.0,0.0,21.61430085264135
31132,0,calendar_2014_test,120.91206966888656,114.0,0.5,0.0,0.0,6.912069668886559
31133,0,calendar_2014_test,117.87559648775121,100.0,0.5,0.0,0.0,17.87559648775121
31134,0,calendar_2014_test,103.63688412219942,119.0,0.5,0.0,0.0,15.363115877800581
31135,0,calendar_2014_test,132.32202814240125,130.0,0.5,0.0,0.0,2.322028142401251
31136,0,calendar_2014_test,134.77588900294302,145.0,0.5,0.0,0.0,10.224110997056982
31137,0,calendar_2014_test,150.25385847852843,149.0,0.5,0.0,0.0,1.2538584785284286
31138,0,calendar_2014_test,142.63740568281648,163.0,0.5,0.0,0.0,20.36259431718352
31139,0,calendar_2014_test,155.52795663886008,147.0,0.5,0.0,0.0,8.527956638860076
31140,0,calendar_2014_test,135.80467844497613,133.0,0.5,0.0,0.0,2.8046784449761333
31141,0,calendar_2014_test,117.51605404816632,126.0,0.5,0.0,0.0,8.483945951833675
31142,0,calendar_2014_test,120.73118066217475,124.0,0.5,0.0,0.0,3.2688193378252492
31143,0,calendar_2014_test,116.81641072180862,122.0,0.5,0.0,0.0,5.183589278191377
31144,0,calendar_2014_test,119.70275717923887,91.0,0.5,0.0,0.0,28.702757179238873
31145,0,calendar_2014_test,84.13514934000347,98.0,0.5,0.0,0.0,13.864850659996534
31146,0,calendar_2014_test,101.13177115644017,91.0,0.5,0.0,0.0,10.131771156440166
31147,0,calendar_2014_test,91.52806414317689,78.0,0.5,0.0,0.0,13.528064143176891
31148,0,calendar_2014_test,72.77997998005172,55.0,0.5,0.0,0.0,17.77997998005172
31149,0,calendar_2014_test,52.19259727597605,40.0,0.5,0.0,0.0,12.192597275976048
31150,0,calendar_2014_test,43.7597228615942,36.0,0.5,0.0,0.0,7.759722861594199
31151,0,calendar_2014_test,40.27850108145591,48.0,0.5,0.0,0.0,7.721498918544093
31152,0,calendar_2014_test,55.25132110480515,54.0,0.5,0.0,0.0,1.2513211048051502
31153,0,calendar_2014_test,59.99276096567216,63.0,0.5,0.0,0.0,3.0072390343278386
31154,0,calendar_2014_test,71.27383664580952,78.0,0.5,0.0,0.0,6.726163354190476
31155,0,calendar_2014_test,93.42133368115813,74.0,0.5,0.0,0.0,19.42133368115813
31156,0,calendar_2014_test,77.72468314543643,76.0,0.5,0.0,0.0,1.7246831454364298
31157,0,calendar_2014_test,81.97122860007683,81.0,0.5,0.0,0.0,0.9712286000768273
31158,0,calendar_2014_test,84.49615940100698,86.0,0.5,0.0,0.0,1.5038405989930226
31159,0,calendar_2014_test,91.38211278233102,89.0,0.5,0.0,0.0,2.3821127823310206
31160,0,calendar_2014_test,90.57545314641914,96.0,0.5,0.0,0.0,5.424546853580864
31161,0,calendar_2014_test,99.11933327563875,99.0,0.5,0.0,0.0,0.11933327563875196
31162,0,calendar_2014_test,101.50128872392867,102.0,0.5,0.0,0.0,0.49871127607133303
31163,0,calendar_2014_test,103.93520884447554,111.0,0.5,0.0,0.0,7.0647911555244605
31164,0,calendar_2014_test,117.39544032411418,121.0,0.5,0.0,0.0,3.604559675885824
31165,0,calendar_2014_test,130.60565773144572,122.0,0.5,0.0,0.0,8.605657731445717
31166,0,calendar_2014_test,124.79373244952392,135.0,0.5,0.0,0.0,10.206267550476085
31167,0,calendar_2014_test,142.36472458551265,145.0,0.5,0.0,0.0,2.635275414487353
31168,0,calendar_2014_test,159.4901194184772,159.0,0.5,0.0,0.0,0.49011941847720664
31169,0,calendar_2014_test,170.97141436586284,183.0,0.5,0.0,0.0,12.028585634137158
31170,0,calendar_2014_test,192.05437464302108,187.0,0.5,0.0,0.0,5.054374643021077
31171,0,calendar_2014_test,190.36931447597846,195.0,0.5,0.0,0.0,4.630685524021544
31172,0,calendar_2014_test,202.33077586370476,224.0,0.5,0.0,0.0,21.66922413629524
31173,0,calendar_2014_test,235.07237224272467,259.0,0.5,0.0,0.0,23.92762775727533
31174,0,calendar_2014_test,256.84076519427293,260.0,0.5,0.0,0.0,3.159234805727067
31175,0,calendar_2014_test,254.75174836018843,257.0,0.5,0.0,0.0,2.2482516398115706
31176,0,calendar_2014_test,252.58287662685308,267.0,0.5,0.0,0.0,14.417123373146921
31177,0,calendar_2014_test,260.89178628081913,260.0,0.5,0.0,0.0,0.891786280819133
31178,0,calendar_2014_test,250.24464562642405,259.0,0.5,0.0,0.0,8.755354373575955
31179,0,calendar_2014_test,251.5211371033018,270.0,0.5,0.0,0.0,18.47886289669819
31180,0,calendar_2014_test,256.1172716751753,234.0,0.5,0.0,0.0,22.11727167517529
31181,0,calendar_2014_test,193.29897098227383,245.0,0.5,0.0,0.0,51.70102901772617
31182,0,calendar_2014_test,234.65333507931166,269.0,0.5,0.0,0.0,34.34666492068834
31183,0,calendar_2014_test,240.2915163074977,303.0,0.5,0.0,0.0,62.70848369250231
31184,0,calendar_2014_test,294.90106103547924,272.0,0.5,0.0,0.0,22.901061035479245
31185,0,calendar_2014_test,265.97137850067674,234.0,0.5,0.0,0.0,31.971378500676735
31186,0,calendar_2014_test,231.1592427007425,214.0,0.5,0.0,0.0,17.15924270074251
31187,0,calendar_2014_test,209.6591844467598,225.0,0.5,0.0,0.0,15.34081555324019
31188,0,calendar_2014_test,226.45346811489566,220.0,0.5,0.0,0.0,6.4534681148956565
31189,0,calendar_2014_test,218.24280948865868,209.0,0.5,0.0,0.0,9.24280948865868
31190,0,calendar_2014_test,205.21927991756252,202.0,0.5,0.0,0.0,3.219279917562517
31191,0,calendar_2014_test,171.173472742902,168.0,0.5,0.0,0.0,3.1734727429019927
31192,0,calendar_2014_test,110.17334299219222,13.0,0.5,0.0,0.0,97.17334299219222
31193,0,calendar_2014_test,9.800561870849261,18.0,0.5,0.0,0.0,8.199438129150739
31194,0,calendar_2014_test,18.8574986814136,18.0,0.5,0.0,0.0,0.857498681413599
31195,0,calendar_2014_test,19.46897731767281,13.0,0.5,0.0,0.0,6.46897731767281
31196,0,calendar_2014_test,14.302017040756528,10.0,0.5,0.0,0.0,4.302017040756528
31197,0,calendar_2014_test,13.818499571326873,11.0,0.5,0.0,0.0,2.818499571326873
31198,0,calendar_2014_test,12.243474142516707,14.0,0.5,0.0,0.0,1.7565258574832932
31199,0,calendar_2014_test,14.723680076065042,13.0,0.5,0.0,0.0,1.7236800760650421
31200,0,calendar_2014_test,14.950697011803062,10.0,0.5,0.0,0.0,4.9506970118030615
31201,0,calendar_2014_test,10.787517091282458,10.0,0.5,0.0,0.0,0.7875170912824583
31202,0,calendar_2014_test,10.50536510915271,10.0,0.5,0.0,0.0,0.5053651091527094
31203,0,calendar_2014_test,10.825472056404172,11.0,0.5,0.0,0.0,0.17452794359582846
31204,0,calendar_2014_test,12.349672810325398,11.0,0.5,0.0,0.0,1.3496728103253979
31205,0,calendar_2014_test,11.501915762504613,11.0,0.5,0.0,0.0,0.5019157625046127
31206,0,calendar_2014_test,12.39786705679269,12.0,0.5,0.0,0.0,0.3978670567926894
31207,0,calendar_2014_test,12.23444117440094,13.0,0.5,0.0,0.0,0.7655588255990597
31208,0,calendar_2014_test,13.101856089893255,11.0,0.5,0.0,0.0,2.1018560898932552
31209,0,calendar_2014_test,12.55056701667319,10.0,0.5,0.0,0.0,2.55056701667319
31210,0,calendar_2014_test,12.754599038515142,9.0,0.5,0.0,0.0,3.754599038515142
31211,0,calendar_2014_test,11.517071844588505,13.0,0.5,0.0,0.0,1.4829281554114946
31212,0,calendar_2014_test,14.457016307360114,13.0,0.5,0.0,0.0,1.4570163073601137
31213,0,calendar_2014_test,18.021319414093337,13.0,0.5,0.0,0.0,5.0213194140933375
31214,0,calendar_2014_test,18.67913683578131,15.0,0.5,0.0,0.0,3.6791368357813106
31215,0,calendar_2014_test,20.705354746531068,20.0,0.5,0.0,0.0,0.7053547465310679
31216,0,calendar_2014_test,26.056967260865104,41.0,0.5,0.0,0.0,14.943032739134896
31217,0,calendar_2014_test,52.90223038684295,35.0,0.5,0.0,0.0,17.90223038684295
31218,0,calendar_2014_test,35.86012808685142,52.0,0.5,0.0,0.0,16.139871913148582
31219,0,calendar_2014_test,50.49521096710682,66.0,0.5,0.0,0.0,15.504789032893179
31220,0,calendar_2014_test,62.9765056806488,36.0,0.5,0.0,0.0,26.9765056806488
31221,0,calendar_2014_test,32.99877578780308,18.0,0.5,0.0,0.0,14.998775787803083
31222,0,calendar_2014_test,19.345182888828063,20.0,0.5,0.0,0.0,0.654817111171937
31223,0,calendar_2014_test,20.40727469661842,20.0,0.5,0.0,0.0,0.4072746966184191
31224,0,calendar_2014_test,23.082983583204324,14.0,0.5,0.0,0.0,9.082983583204324
31225,0,calendar_2014_test,18.890779232080277,15.0,0.5,0.0,0.0,3.890779232080277
31226,0,calendar_2014_test,17.650202089198462,18.0,0.5,0.0,0.0,0.3497979108015379
31227,0,calendar_2014_test,22.0416852323036,21.0,0.5,0.0,0.0,1.0416852323035997
31228,0,calendar_2014_test,23.441260422292103,32.0,0.5,0.0,0.0,8.558739577707897
31229,0,calendar_2014_test,31.580536134270577,21.0,0.5,0.0,0.0,10.580536134270577
31230,0,calendar_2014_test,24.19523097599252,19.0,0.5,0.0,0.0,5.195230975992519
31231,0,calendar_2014_test,20.0071386557724,12.0,0.5,0.0,0.0,8.007138655772401
31232,0,calendar_2014_test,15.622752665317309,15.0,0.5,0.0,0.0,0.622752665317309
31233,0,calendar_2014_test,15.875719143208455,16.0,0.5,0.0,0.0,0.12428085679154499
31234,0,calendar_2014_test,19.518684287653056,14.0,0.5,0.0,0.0,5.5186842876530555
31235,0,calendar_2014_test,17.848838549046988,18.0,0.5,0.0,0.0,0.15116145095301192
31236,0,calendar_2014_test,21.22022455352505,20.0,0.5,0.0,0.0,1.2202245535250498
31237,0,calendar_2014_test,24.21164196787561,19.0,0.5,0.0,0.0,5.211641967875611
31238,0,calendar_2014_test,24.26802553018081,28.0,0.5,0.0,0.0,3.731974469819189
31239,0,calendar_2014_test,33.70631276510131,32.0,0.5,0.0,0.0,1.706312765101309
31240,0,calendar_2014_test,37.8386978093619,40.0,0.5,0.0,0.0,2.1613021906380965
31241,0,calendar_2014_test,50.6495579031572,39.0,0.5,0.0,0.0,11.649557903157202
31242,0,calendar_2014_test,36.29578065620094,22.0,0.5,0.0,0.0,14.29578065620094
31243,0,calendar_2014_test,22.927876000072963,37.0,0.5,0.0,0.0,14.072123999927037
31244,0,calendar_2014_test,35.12158871898322,24.0,0.5,0.0,0.0,11.121588718983219
31245,0,calendar_2014_test,23.01472367113145,19.0,0.5,0.0,0.0,4.014723671131449
31246,0,calendar_2014_test,18.96915022447492,11.0,0.5,0.0,0.0,7.9691502244749195
31247,0,calendar_2014_test,13.962078585075679,13.0,0.5,0.0,0.0,0.9620785850756786
31248,0,calendar_2014_test,13.859740115824055,11.0,0.5,0.0,0.0,2.8597401158240547
31249,0,calendar_2014_test,12.711088921817412,10.0,0.5,0.0,0.0,2.711088921817412
31250,0,calendar_2014_test,11.41445293342303,7.0,0.5,0.0,0.0,4.41445293342303
31251,0,calendar_2014_test,10.001321240020673,12.0,0.5,0.0,0.0,1.9986787599793274
31252,0,calendar_2014_test,13.336922212705561,15.0,0.5,0.0,0.0,1.663077787294439
31253,0,calendar_2014_test,14.972736938133519,12.0,0.5,0.0,0.0,2.9727369381335187
31254,0,calendar_2014_test,13.575735708435786,16.0,0.5,0.0,0.0,2.4242642915642136
31255,0,calendar_2014_test,14.898715949100144,7.0,0.5,0.0,0.0,7.8987159491001435
31256,0,calendar_2014_test,10.217075366760717,12.0,0.5,0.0,0.0,1.7829246332392827
31257,0,calendar_2014_test,13.385746259901966,19.0,0.5,0.0,0.0,5.614253740098034
31258,0,calendar_2014_test,22.545320965051914,22.0,0.5,0.0,0.0,0.5453209650519142
31259,0,calendar_2014_test,26.705799475740907,22.0,0.5,0.0,0.0,4.705799475740907
31260,0,calendar_2014_test,25.631127037348882,16.0,0.5,0.0,0.0,9.631127037348882
31261,0,calendar_2014_test,19.96117397370287,20.0,0.5,0.0,0.0,0.038826026297130056
31262,0,calendar_2014_test,23.555033191246125,30.0,0.5,0.0,0.0,6.444966808753875
31263,0,calendar_2014_test,36.74339171612571,32.0,0.5,0.0,0.0,4.743391716125707
31264,0,calendar_2014_test,35.884079197383706,38.0,0.5,0.0,0.0,2.1159208026162943
31265,0,calendar_2014_test,44.10481105670748,52.0,0.5,0.0,0.0,7.895188943292517
31266,0,calendar_2014_test,54.70964298158636,63.0,0.5,0.0,0.0,8.290357018413637
31267,0,calendar_2014_test,66.68994987934933,66.0,0.5,0.0,0.0,0.6899498793493279
31268,0,calendar_2014_test,68.2348323700907,72.0,0.5,0.0,0.0,3.7651676299092998
31269,0,calendar_2014_test,75.41845155811542,63.0,0.5,0.0,0.0,12.418451558115422
31270,0,calendar_2014_test,67.88840757269354,69.0,0.5,0.0,0.0,1.1115924273064621
31271,0,calendar_2014_test,73.67077110170621,78.0,0.5,0.0,0.0,4.329228898293792
31272,0,calendar_2014_test,80.04321530304395,85.0,0.5,0.0,0.0,4.956784696956049
31273,0,calendar_2014_test,89.99367770917561,82.0,0.5,0.0,0.0,7.993677709175614
31274,0,calendar_2014_test,83.39907949874828,87.0,0.5,0.0,0.0,3.6009205012517214
31275,0,calendar_2014_test,91.97892347121754,93.0,0.5,0.0,0.0,1.0210765287824586
31276,0,calendar_2014_test,97.55491273416516,116.0,0.5,0.0,0.0,18.445087265834843
31277,0,calendar_2014_test,117.7406670936727,99.0,0.5,0.0,0.0,18.7406670936727
31278,0,calendar_2014_test,97.42139730621342,88.0,0.5,0.0,0.0,9.421397306213422
31279,0,calendar_2014_test,85.69778175990903,91.0,0.5,0.0,0.0,5.302218240090966
31280,0,calendar_2014_test,93.99617329978565,109.0,0.5,0.0,0.0,15.003826700214347
31281,0,calendar_2014_test,109.87973924234896,110.0,0.5,0.0,0.0,0.12026075765103883
31282,0,calendar_2014_test,113.66544657603794,109.0,0.5,0.0,0.0,4.665446576037937
31283,0,calendar_2014_test,102.68638050233422,123.0,0.5,0.0,0.0,20.313619497665783
31284,0,calendar_2014_test,122.26663264751697,136.0,0.5,0.0,0.0,13.733367352483029
31285,0,calendar_2014_test,134.65148253402748,119.0,0.5,0.0,0.0,15.65148253402748
31286,0,calendar_2014_test,112.51093698950261,116.0,0.5,0.0,0.0,3.4890630104973894
31287,0,calendar_2014_test,113.71610490316058,101.0,0.5,0.0,0.0,12.716104903160584
31288,0,calendar_2014_test,98.68466784652362,131.0,0.5,0.0,0.0,32.315332153476376
31289,0,calendar_2014_test,142.06463328797932,168.0,0.5,0.0,0.0,25.93536671202068
31290,0,calendar_2014_test,167.64750781545277,189.0,0.5,0.0,0.0,21.35249218454723
31291,0,calendar_2014_test,185.84467803605975,183.0,0.5,0.0,0.0,2.8446780360597472
31292,0,calendar_2014_test,166.53297782901535,205.0,0.5,0.0,0.0,38.46702217098465
31293,0,calendar_2014_test,192.4740594254492,188.0,0.5,0.0,0.0,4.474059425449212
31294,0,calendar_2014_test,176.849561056231,148.0,0.5,0.0,0.0,28.84956105623101
31295,0,calendar_2014_test,134.9624611337947,137.0,0.5,0.0,0.0,2.0375388662052956
31296,0,calendar_2014_test,135.94773169582962,140.0,0.5,0.0,0.0,4.052268304170383
31297,0,calendar_2014_test,143.02174131144622,141.0,0.5,0.0,0.0,2.0217413114462204
31298,0,calendar_2014_test,139.3502910820456,121.0,0.5,0.0,0.0,18.3502910820456
31299,0,calendar_2014_test,122.82900541084872,109.0,0.5,0.0,0.0,13.829005410848723
31300,0,calendar_2014_test,101.99802727448335,83.0,0.5,0.0,0.0,18.99802727448335
31301,0,calendar_2014_test,75.35828228955641,78.0,0.5,0.0,0.0,2.6417177104435865
31302,0,calendar_2014_test,81.34814040784505,77.0,0.5,0.0,0.0,4.348140407845051
31303,0,calendar_2014_test,81.10717550315937,79.0,0.5,0.0,0.0,2.107175503159368
31304,0,calendar_2014_test,79.57011621898938,73.0,0.5,0.0,0.0,6.570116218989384
31305,0,calendar_2014_test,75.02800498371734,75.0,0.5,0.0,0.0,0.02800498371733795
31306,0,calendar_2014_test,78.95200221724764,91.0,0.5,0.0,0.0,12.047997782752361
31307,0,calendar_2014_test,96.49904496111283,104.0,0.5,0.0,0.0,7.50095503888717
31308,0,calendar_2014_test,107.8947502584018,116.0,0.5,0.0,0.0,8.1052497415982
31309,0,calendar_2014_test,122.89278651442737,121.0,0.5,0.0,0.0,1.892786514427371
31310,0,calendar_2014_test,126.3671896178659,137.0,0.5,0.0,0.0,10.632810382134096
31311,0,calendar_2014_test,143.81500194433968,151.0,0.5,0.0,0.0,7.184998055660316
31312,0,calendar_2014_test,152.99365617986214,159.0,0.5,0.0,0.0,6.006343820137857
31313,0,calendar_2014_test,162.24233638456283,157.0,0.5,0.0,0.0,5.242336384562833
31314,0,calendar_2014_test,156.85047491313608,151.0,0.5,0.0,0.0,5.8504749131360825
31315,0,calendar_2014_test,146.9304144820961,150.0,0.5,0.0,0.0,3.069585517903903
31316,0,calendar_2014_test,149.48668076749018,149.0,0.5,0.0,0.0,0.48668076749018496
31317,0,calendar_2014_test,148.62834947007048,141.0,0.5,0.0,0.0,7.628349470070475
31318,0,calendar_2014_test,142.0895580310449,144.0,0.5,0.0,0.0,1.910441968955098
31319,0,calendar_2014_test,152.17640398202036,148.0,0.5,0.0,0.0,4.176403982020361
31320,0,calendar_2014_test,154.37469238004917,144.0,0.5,0.0,0.0,10.374692380049169
31321,0,calendar_2014_test,148.75825885364685,150.0,0.5,0.0,0.0,1.2417411463531494
31322,0,calendar_2014_test,153.5658625890393,152.0,0.5,0.0,0.0,1.5658625890393125
31323,0,calendar_2014_test,153.52211985333852,155.0,0.5,0.0,0.0,1.4778801466614766
31324,0,calendar_2014_test,156.52774323682397,165.0,0.5,0.0,0.0,8.472256763176034
31325,0,calendar_2014_test,158.07824622154556,181.0,0.5,0.0,0.0,22.921753778454445
31326,0,calendar_2014_test,164.88011281569013,191.0,0.5,0.0,0.0,26.119887184309874
31327,0,calendar_2014_test,162.64443279425635,124.0,0.5,0.0,0.0,38.644432794256346
31328,0,calendar_2014_test,85.9744414478022,36.0,0.5,0.0,0.0,49.97444144780221
31329,0,calendar_2014_test,27.754784656837856,40.0,0.5,0.0,0.0,12.245215343162144
31330,0,calendar_2014_test,38.646484367241854,49.0,0.5,0.0,0.0,10.353515632758146
31331,0,calendar_2014_test,44.22735843000338,30.0,0.5,0.0,0.0,14.227358430003378
31332,0,calendar_2014_test,29.421061280508834,27.0,0.5,0.0,0.0,2.421061280508834
31333,0,calendar_2014_test,27.661675640032808,27.0,0.5,0.0,0.0,0.6616756400328079
31334,0,calendar_2014_test,28.387064100911456,22.0,0.5,0.0,0.0,6.387064100911456
31335,0,calendar_2014_test,24.340194137827577,24.0,0.5,0.0,0.0,0.34019413782757724
31336,0,calendar_2014_test,25.173336434085975,21.0,0.5,0.0,0.0,4.173336434085975
31337,0,calendar_2014_test,23.29197369694586,26.0,0.5,0.0,0.0,2.7080263030541403
31338,0,calendar_2014_test,23.557110351245846,17.0,0.5,0.0,0.0,6.557110351245846
31339,0,calendar_2014_test,16.57702625752758,23.0,0.5,0.0,0.0,6.4229737424724185
31340,0,calendar_2014_test,21.658746057617634,23.0,0.5,0.0,0.0,1.341253942382366
31341,0,calendar_2014_test,22.023860862471906,21.0,0.5,0.0,0.0,1.0238608624719063
31342,0,calendar_2014_test,22.193468987955224,21.0,0.5,0.0,0.0,1.1934689879552245
31343,0,calendar_2014_test,21.065361523834156,17.0,0.5,0.0,0.0,4.065361523834156
31344,0,calendar_2014_test,15.856969917602363,15.0,0.5,0.0,0.0,0.8569699176023633
31345,0,calendar_2014_test,17.99503886591372,13.0,0.5,0.0,0.0,4.99503886591372
31346,0,calendar_2014_test,14.755730821665322,17.0,0.5,0.0,0.0,2.2442691783346778
31347,0,calendar_2014_test,16.950263369197575,14.0,0.5,0.0,0.0,2.9502633691975753
31348,0,calendar_2014_test,14.701809489134257,20.0,0.5,0.0,0.0,5.2981905108657426
31349,0,calendar_2014_test,18.340542076550882,18.0,0.5,0.0,0.0,0.3405420765508822
31350,0,calendar_2014_test,23.890162622600627,16.0,0.5,0.0,0.0,7.890162622600627
31351,0,calendar_2014_test,20.28799112234568,27.0,0.5,0.0,0.0,6.71200887765432
31352,0,calendar_2014_test,31.60119671898327,52.0,0.5,0.0,0.0,20.39880328101673
31353,0,calendar_2014_test,52.566955025610994,67.0,0.5,0.0,0.0,14.433044974389006
31354,0,calendar_2014_test,70.94768833213405,76.0,0.5,0.0,0.0,5.0523116678659505
31355,0,calendar_2014_test,78.90498676165564,79.0,0.5,0.0,0.0,0.09501323834436448
31356,0,calendar_2014_test,77.22754048443082,76.0,0.5,0.0,0.0,1.2275404844308184
31357,0,calendar_2014_test,78.86060256184722,66.0,0.5,0.0,0.0,12.860602561847216
31358,0,calendar_2014_test,66.46835657544119,60.0,0.5,0.0,0.0,6.468356575441192
31359,0,calendar_2014_test,62.50253290262014,66.0,0.5,0.0,0.0,3.497467097379861
31360,0,calendar_2014_test,72.48474923201711,61.0,0.5,0.0,0.0,11.484749232017109
31361,0,calendar_2014_test,62.813198850440926,57.0,0.5,0.0,0.0,5.813198850440926
31362,0,calendar_2014_test,58.89783851549674,47.0,0.5,0.0,0.0,11.897838515496737
31363,0,calendar_2014_test,48.55095239259584,30.0,0.5,0.0,0.0,18.55095239259584
31364,0,calendar_2014_test,32.96021313105168,34.0,0.5,0.0,0.0,1.039786868948319
31365,0,calendar_2014_test,39.34446336722845,29.0,0.5,0.0,0.0,10.34446336722845
31366,0,calendar_2014_test,33.10444942540196,47.0,0.5,0.0,0.0,13.89555057459804
31367,0,calendar_2014_test,52.6086459246244,72.0,0.5,0.0,0.0,19.391354075375602
31368,0,calendar_2014_test,80.02604233321806,73.0,0.5,0.0,0.0,7.026042333218058
31369,0,calendar_2014_test,76.00894094766821,70.0,0.5,0.0,0.0,6.008940947668208
31370,0,calendar_2014_test,72.04956236951213,78.0,0.5,0.0,0.0,5.950437630487869
31371,0,calendar_2014_test,82.9330863630518,90.0,0.5,0.0,0.0,7.0669136369482
31372,0,calendar_2014_test,95.30920766701081,92.0,0.5,0.0,0.0,3.30920766701081
31373,0,calendar_2014_test,92.22004656880995,94.0,0.5,0.0,0.0,1.7799534311900516
31374,0,calendar_2014_test,96.47258476994799,96.0,0.5,0.0,0.0,0.4725847699479857
31375,0,calendar_2014_test,93.85640902175138,77.0,0.5,0.0,0.0,16.856409021751375
31376,0,calendar_2014_test,67.49402494940755,79.0,0.5,0.0,0.0,11.505975050592454
31377,0,calendar_2014_test,77.71599597143036,79.0,0.5,0.0,0.0,1.2840040285696404
31378,0,calendar_2014_test,74.22125102386444,74.0,0.5,0.0,0.0,0.22125102386443984
31379,0,calendar_2014_test,74.22615582439788,76.0,0.5,0.0,0.0,1.7738441756021217
31380,0,calendar_2014_test,74.41080053962976,66.0,0.5,0.0,0.0,8.410800539629761
31381,0,calendar_2014_test,69.08848402774298,44.0,0.5,0.0,0.0,25.08848402774298
31382,0,calendar_2014_test,45.5724019087699,48.0,0.5,0.0,0.0,2.4275980912301023
31383,0,calendar_2014_test,50.450772183595376,52.0,0.5,0.0,0.0,1.549227816404624
31384,0,calendar_2014_test,51.1898927227732,20.0,0.5,0.0,0.0,31.1898927227732
31385,0,calendar_2014_test,20.679004859222065,15.0,0.5,0.0,0.0,5.679004859222065
31386,0,calendar_2014_test,16.287486702202713,13.0,0.5,0.0,0.0,3.287486702202713
31387,0,calendar_2014_test,14.318732176268558,14.0,0.5,0.0,0.0,0.31873217626855777
31388,0,calendar_2014_test,14.331854920697184,10.0,0.5,0.0,0.0,4.331854920697184
31389,0,calendar_2014_test,11.706582802491715,7.0,0.5,0.0,0.0,4.706582802491715
31390,0,calendar_2014_test,8.963437793866799,5.0,0.5,0.0,0.0,3.963437793866799
31391,0,calendar_2014_test,8.307666240064776,6.0,0.5,0.0,0.0,2.3076662400647763
31392,0,calendar_2014_test,8.904901459625322,7.0,0.5,0.0,0.0,1.9049014596253215
31393,0,calendar_2014_test,9.027292891464986,10.0,0.5,0.0,0.0,0.9727071085350136
31394,0,calendar_2014_test,11.305320610884484,9.0,0.5,0.0,0.0,2.3053206108844844
31395,0,calendar_2014_test,11.353906394706296,11.0,0.5,0.0,0.0,0.35390639470629637
31396,0,calendar_2014_test,12.526137076088549,9.0,0.5,0.0,0.0,3.526137076088549
31397,0,calendar_2014_test,11.185537281226164,11.0,0.5,0.0,0.0,0.1855372812261642
31398,0,calendar_2014_test,12.5117053033582,13.0,0.5,0.0,0.0,0.48829469664180003
31399,0,calendar_2014_test,13.96219804087987,11.0,0.5,0.0,0.0,2.962198040879869
31400,0,calendar_2014_test,12.405158050399082,17.0,0.5,0.0,0.0,4.594841949600918
31401,0,calendar_2014_test,15.808991564137687,14.0,0.5,0.0,0.0,1.8089915641376866
31402,0,calendar_2014_test,16.32332415132065,13.0,0.5,0.0,0.0,3.3233241513206515
31403,0,calendar_2014_test,15.55572333821689,9.0,0.5,0.0,0.0,6.55572333821689
31404,0,calendar_2014_test,13.902776419112742,7.0,0.5,0.0,0.0,6.902776419112742
31405,0,calendar_2014_test,13.223283427828832,9.0,0.5,0.0,0.0,4.223283427828832
31406,0,calendar_2014_test,15.71466045624222,11.0,0.5,0.0,0.0,4.714660456242219
31407,0,calendar_2014_test,18.78637310282268,12.0,0.5,0.0,0.0,6.7863731028226795
31408,0,calendar_2014_test,18.793777827652384,18.0,0.5,0.0,0.0,0.7937778276523844
31409,0,calendar_2014_test,20.53312699529746,11.0,0.5,0.0,0.0,9.533126995297462
31410,0,calendar_2014_test,14.963192071831678,11.0,0.5,0.0,0.0,3.9631920718316778
31411,0,calendar_2014_test,14.910440440567545,7.0,0.5,0.0,0.0,7.910440440567545
31412,0,calendar_2014_test,9.471085231152339,6.0,0.5,0.0,0.0,3.4710852311523386
31413,0,calendar_2014_test,8.901036410000069,5.0,0.5,0.0,0.0,3.901036410000069
31414,0,calendar_2014_test,8.002429629478925,7.0,0.5,0.0,0.0,1.0024296294789252
31415,0,calendar_2014_test,8.86109230222989,12.0,0.5,0.0,0.0,3.13890769777011
31416,0,calendar_2014_test,12.695406111856883,13.0,0.5,0.0,0.0,0.30459388814311694
31417,0,calendar_2014_test,13.959864516353676,17.0,0.5,0.0,0.0,3.040135483646324
31418,0,calendar_2014_test,20.355252861354398,16.0,0.5,0.0,0.0,4.355252861354398
31419,0,calendar_2014_test,18.224969809202104,26.0,0.5,0.0,0.0,7.775030190797896
31420,0,calendar_2014_test,27.126572424628357,18.0,0.5,0.0,0.0,9.126572424628357
31421,0,calendar_2014_test,20.377992511052046,19.0,0.5,0.0,0.0,1.377992511052046
31422,0,calendar_2014_test,19.70512060821572,21.0,0.5,0.0,0.0,1.2948793917842814
31423,0,calendar_2014_test,27.078478598774502,24.0,0.5,0.0,0.0,3.0784785987745025
31424,0,calendar_2014_test,28.101352130394694,20.0,0.5,0.0,0.0,8.101352130394694
31425,0,calendar_2014_test,20.31849613321173,22.0,0.5,0.0,0.0,1.681503866788269
31426,0,calendar_2014_test,23.57502996059218,18.0,0.5,0.0,0.0,5.575029960592179
31427,0,calendar_2014_test,21.98101942113435,19.0,0.5,0.0,0.0,2.9810194211343486
31428,0,calendar_2014_test,13.60298422855101,16.0,0.5,0.0,0.0,2.3970157714489897
31429,0,calendar_2014_test,15.347787724005006,11.0,0.5,0.0,0.0,4.347787724005006
31430,0,calendar_2014_test,19.574639549010573,17.0,0.5,0.0,0.0,2.5746395490105733
31431,0,calendar_2014_test,22.703219413178186,31.0,0.5,0.0,0.0,8.296780586821814
31432,0,calendar_2014_test,42.642110069699186,61.0,0.5,0.0,0.0,18.357889930300814
31433,0,calendar_2014_test,66.06535145601245,151.0,0.5,0.0,0.0,84.93464854398755
31434,0,calendar_2014_test,106.6453112164475,163.0,0.5,0.0,0.0,56.354688783552504
31435,0,calendar_2014_test,151.37038412878817,98.0,0.5,0.0,0.0,53.370384128788174
31436,0,calendar_2014_test,79.61826898117985,96.0,0.5,0.0,0.0,16.381731018820147
31437,0,calendar_2014_test,93.96540872245316,119.0,0.5,0.0,0.0,25.034591277546838
31438,0,calendar_2014_test,124.14463842965534,125.0,0.5,0.0,0.0,0.8553615703446553
31439,0,calendar_2014_test,123.5854222192791,136.0,0.5,0.0,0.0,12.414577780720904
31440,0,calendar_2014_test,136.52256673846333,147.0,0.5,0.0,0.0,10.477433261536675
31441,0,calendar_2014_test,149.4149355954253,150.0,0.5,0.0,0.0,0.5850644045746947
31442,0,calendar_2014_test,142.88389108039317,150.0,0.5,0.0,0.0,7.11610891960683
31443,0,calendar_2014_test,145.86664902449124,173.0,0.5,0.0,0.0,27.133350975508762
31444,0,calendar_2014_test,178.01082652842166,184.0,0.5,0.0,0.0,5.98917347157834
31445,0,calendar_2014_test,179.27048248807796,191.0,0.5,0.0,0.0,11.72951751192204
31446,0,calendar_2014_test,186.76882019145492,166.0,0.5,0.0,0.0,20.76882019145492
31447,0,calendar_2014_test,142.55373416419152,128.0,0.5,0.0,0.0,14.553734164191525
31448,0,calendar_2014_test,105.54243918144145,141.0,0.5,0.0,0.0,35.45756081855855
31449,0,calendar_2014_test,135.53235892119335,141.0,0.5,0.0,0.0,5.4676410788066505
31450,0,calendar_2014_test,129.39391663345646,145.0,0.5,0.0,0.0,15.606083366543544
31451,0,calendar_2014_test,134.65778757095265,156.0,0.5,0.0,0.0,21.34221242904735
31452,0,calendar_2014_test,153.58883511753257,160.0,0.5,0.0,0.0,6.411164882467432
31453,0,calendar_2014_test,157.24164888667391,165.0,0.5,0.0,0.0,7.758351113326086
31454,0,calendar_2014_test,167.75238998040294,155.0,0.5,0.0,0.0,12.752389980402938
31455,0,calendar_2014_test,159.68992797387057,118.0,0.5,0.0,0.0,41.68992797387057
31456,0,calendar_2014_test,108.30615929701227,152.0,0.5,0.0,0.0,43.69384070298773
31457,0,calendar_2014_test,160.6952085163318,214.0,0.5,0.0,0.0,53.3047914836682
31458,0,calendar_2014_test,212.60572411419372,249.0,0.5,0.0,0.0,36.39427588580628
31459,0,calendar_2014_test,259.74272737775516,247.0,0.5,0.0,0.0,12.742727377755159
31460,0,calendar_2014_test,255.50384651416095,248.0,0.5,0.0,0.0,7.503846514160955
31461,0,calendar_2014_test,254.58147025924646,253.0,0.5,0.0,0.0,1.5814702592464585
31462,0,calendar_2014_test,254.32195405429366,261.0,0.5,0.0,0.0,6.678045945706344
31463,0,calendar_2014_test,263.10671258414976,257.0,0.5,0.0,0.0,6.106712584149761
31464,0,calendar_2014_test,255.64639343408044,262.0,0.5,0.0,0.0,6.353606565919563
31465,0,calendar_2014_test,257.66794067515036,270.0,0.5,0.0,0.0,12.332059324849638
31466,0,calendar_2014_test,268.560158744323,262.0,0.5,0.0,0.0,6.560158744323019
31467,0,calendar_2014_test,255.01318817515553,260.0,0.5,0.0,0.0,4.986811824844466
31468,0,calendar_2014_test,254.09200862669124,271.0,0.5,0.0,0.0,16.90799137330876
31469,0,calendar_2014_test,271.59680811177213,281.0,0.5,0.0,0.0,9.403191888227866
31470,0,calendar_2014_test,274.9879266625014,280.0,0.5,0.0,0.0,5.0120733374985775
31471,0,calendar_2014_test,282.39144874779686,270.0,0.5,0.0,0.0,12.391448747796858
31472,0,calendar_2014_test,251.10315887748908,277.0,0.5,0.0,0.0,25.89684112251092
31473,0,calendar_2014_test,258.09756485482126,249.0,0.5,0.0,0.0,9.097564854821258
31474,0,calendar_2014_test,211.27902596173445,242.0,0.5,0.0,0.0,30.720974038265553
31475,0,calendar_2014_test,238.3254606138423,192.0,0.5,0.0,0.0,46.325460613842296
31476,0,calendar_2014_test,182.52446815048592,167.0,0.5,0.0,0.0,15.524468150485916
31477,0,calendar_2014_test,171.93422595269487,168.0,0.5,0.0,0.0,3.9342259526948737
31478,0,calendar_2014_test,180.27487900733436,184.0,0.5,0.0,0.0,3.7251209926656372
31479,0,calendar_2014_test,193.18182313634253,199.0,0.5,0.0,0.0,5.81817686365747
31480,0,calendar_2014_test,201.36349367852097,225.0,0.5,0.0,0.0,23.636506321479033
31481,0,calendar_2014_test,238.32261004116089,252.0,0.5,0.0,0.0,13.677389958839115
31482,0,calendar_2014_test,279.2050173503339,277.0,0.5,0.0,0.0,2.2050173503338897
31483,0,calendar_2014_test,301.0479654230386,290.0,0.5,0.0,0.0,11.04796542303859
31484,0,calendar_2014_test,293.2707418558908,299.0,0.5,0.0,0.0,5.729258144109224
31485,0,calendar_2014_test,306.76607438435383,326.0,0.5,0.0,0.0,19.23392561564617
31486,0,calendar_2014_test,322.06124603738994,324.0,0.5,0.0,0.0,1.9387539626100647
31487,0,calendar_2014_test,316.33666304275226,320.0,0.5,0.0,0.0,3.6633369572477363
31488,0,calendar_2014_test,310.4743938650898,279.0,0.5,0.0,0.0,31.47439386508978
31489,0,calendar_2014_test,237.44317541861082,250.0,0.5,0.0,0.0,12.55682458138918
31490,0,calendar_2014_test,230.9936419664986,228.0,0.5,0.0,0.0,2.9936419664985863
31491,0,calendar_2014_test,227.81089173930664,232.0,0.5,0.0,0.0,4.189108260693359
31492,0,calendar_2014_test,213.03968599260375,233.0,0.5,0.0,0.0,19.96031400739625
31493,0,calendar_2014_test,232.98950667777737,239.0,0.5,0.0,0.0,6.010493322222629
31494,0,calendar_2014_test,236.39780527491115,235.0,0.5,0.0,0.0,1.3978052749111498
31495,0,calendar_2014_test,228.60668515037284,226.0,0.5,0.0,0.0,2.60668515037284
31496,0,calendar_2014_test,222.84892495092453,223.0,0.5,0.0,0.0,0.1510750490754731
31497,0,calendar_2014_test,218.0395586501176,229.0,0.5,0.0,0.0,10.960441349882387
31498,0,calendar_2014_test,217.2324614186018,206.0,0.5,0.0,0.0,11.232461418601787
31499,0,calendar_2014_test,192.30406238006702,189.0,0.5,0.0,0.0,3.3040623800670232
31500,0,calendar_2014_test,177.77915218506712,188.0,0.5,0.0,0.0,10.220847814932881
31501,0,calendar_2014_test,192.89120737973084,163.0,0.5,0.0,0.0,29.891207379730844
31502,0,calendar_2014_test,176.3828591670922,165.0,0.5,0.0,0.0,11.382859167092192
31503,0,calendar_2014_test,185.89808395638067,152.0,0.5,0.0,0.0,33.898083956380674
31504,0,calendar_2014_test,156.47491100994898,147.0,0.5,0.0,0.0,9.474911009948983
31505,0,calendar_2014_test,151.21103789216633,157.0,0.5,0.0,0.0,5.788962107833669
31506,0,calendar_2014_test,173.2560503917986,181.0,0.5,0.0,0.0,7.7439496082014045
31507,0,calendar_2014_test,195.94416020518113,190.0,0.5,0.0,0.0,5.944160205181134
31508,0,calendar_2014_test,193.27036323884437,201.0,0.5,0.0,0.0,7.729636761155632
31509,0,calendar_2014_test,205.52623742150845,226.0,0.5,0.0,0.0,20.473762578491545
31510,0,calendar_2014_test,254.23361397606092,248.0,0.5,0.0,0.0,6.233613976060923
31511,0,calendar_2014_test,260.1659861160779,269.0,0.5,0.0,0.0,8.834013883922125
31512,0,calendar_2014_test,267.5063522377667,275.0,0.5,0.0,0.0,7.493647762233309
31513,0,calendar_2014_test,269.1654867059059,311.0,0.5,0.0,0.0,41.83451329409411
31514,0,calendar_2014_test,298.18663226386593,300.0,0.5,0.0,0.0,1.8133677361340688
31515,0,calendar_2014_test,286.2979687584664,317.0,0.5,0.0,0.0,30.702031241533575
31516,0,calendar_2014_test,311.49139175719074,330.0,0.5,0.0,0.0,18.50860824280926
31517,0,calendar_2014_test,322.92673306199225,346.0,0.5,0.0,0.0,23.073266938007748
31518,0,calendar_2014_test,334.91122061403365,350.0,0.5,0.0,0.0,15.088779385966347
31519,0,calendar_2014_test,343.3609549730406,331.0,0.5,0.0,0.0,12.360954973040577
31520,0,calendar_2014_test,329.34490763042555,327.0,0.5,0.0,0.0,2.3449076304255527
31521,0,calendar_2014_test,327.79249697620315,327.0,0.5,0.0,0.0,0.7924969762031537
31522,0,calendar_2014_test,326.136111416221,286.0,0.5,0.0,0.0,40.13611141622101
31523,0,calendar_2014_test,246.2606259380926,246.0,0.5,0.0,0.0,0.2606259380926019
31524,0,calendar_2014_test,233.73653394322488,269.0,0.5,0.0,0.0,35.263466056775115
31525,0,calendar_2014_test,259.4131777844973,309.0,0.5,0.0,0.0,49.58682221550271
31526,0,calendar_2014_test,298.39020856646,336.0,0.5,0.0,0.0,37.60979143354001
31527,0,calendar_2014_test,336.6873703467862,360.0,0.5,0.0,0.0,23.312629653213776
31528,0,calendar_2014_test,386.63575585631867,387.0,0.5,0.0,0.0,0.36424414368133284
31529,0,calendar_2014_test,387.9566114689305,399.0,0.5,0.0,0.0,11.043388531069525
31530,0,calendar_2014_test,397.90327354256067,414.0,0.5,0.0,0.0,16.09672645743933
31531,0,calendar_2014_test,415.8518221447232,465.0,0.5,0.0,0.0,49.1481778552768
31532,0,calendar_2014_test,467.8337769889253,436.0,0.5,0.0,0.0,31.833776988925308
31533,0,calendar_2014_test,393.3195023357288,435.0,0.5,0.0,0.0,41.68049766427117
31534,0,calendar_2014_test,427.4292428966134,426.0,0.5,0.0,0.0,1.4292428966134025
31535,0,calendar_2014_test,416.7694593804119,413.0,0.5,0.0,0.0,3.769459380411888
31536,0,calendar_2014_test,411.58580292001807,358.0,0.5,0.0,0.0,53.58580292001807
31537,0,calendar_2014_test,343.270199988656,389.0,0.5,0.0,0.0,45.729800011344025
31538,0,calendar_2014_test,396.980633193764,349.0,0.5,0.0,0.0,47.98063319376399
31539,0,calendar_2014_test,324.3941298710525,340.0,0.5,0.0,0.0,15.605870128947515
31540,0,calendar_2014_test,343.8677354895451,336.0,0.5,0.0,0.0,7.867735489545112
31541,0,calendar_2014_test,328.18731331821687,369.0,0.5,0.0,0.0,40.812686681783134
31542,0,calendar_2014_test,336.6671959888555,403.0,0.5,0.0,0.0,66.3328040111445
31543,0,calendar_2014_test,391.2892737454798,444.0,0.5,0.0,0.0,52.71072625452018
31544,0,calendar_2014_test,383.1700113098402,306.0,0.5,0.0,0.0,77.17001130984022
31545,0,calendar_2014_test,203.48889707718706,115.0,0.5,0.0,0.0,88.48889707718706
31546,0,calendar_2014_test,102.02390196612052,90.0,0.5,0.0,0.0,12.023901966120519
31547,0,calendar_2014_test,91.31242868471618,82.0,0.5,0.0,0.0,9.312428684716181
31548,0,calendar_2014_test,84.61290384409273,85.0,0.5,0.0,0.0,0.38709615590727253
31549,0,calendar_2014_test,96.27171404267197,95.0,0.5,0.0,0.0,1.2717140426719737
31550,0,calendar_2014_test,96.95296827681885,96.0,0.5,0.0,0.0,0.9529682768188508
31551,0,calendar_2014_test,91.25285253095377,107.0,0.5,0.0,0.0,15.747147469046226
31552,0,calendar_2014_test,105.24305444039685,111.0,0.5,0.0,0.0,5.756945559603153
31553,0,calendar_2014_test,121.00913633471798,125.0,0.5,0.0,0.0,3.9908636652820206
31554,0,calendar_2014_test,132.44577717078008,123.0,0.5,0.0,0.0,9.445777170780076
31555,0,calendar_2014_test,122.75749510375057,145.0,0.5,0.0,0.0,22.24250489624943
31556,0,calendar_2014_test,162.5865772231925,153.0,0.5,0.0,0.0,9.586577223192506
31557,0,calendar_2014_test,159.25682991552324,159.0,0.5,0.0,0.0,0.25682991552324097
31558,0,calendar_2014_test,169.3339776759734,154.0,0.5,0.0,0.0,15.333977675973387
31559,0,calendar_2014_test,155.95335847279193,191.0,0.5,0.0,0.0,35.04664152720807
31560,0,calendar_2014_test,193.00468716671148,195.0,0.5,0.0,0.0,1.9953128332885228
31561,0,calendar_2014_test,181.16771424270576,194.0,0.5,0.0,0.0,12.832285757294244
31562,0,calendar_2014_test,178.18886905647076,193.0,0.5,0.0,0.0,14.811130943529236
31563,0,calendar_2014_test,188.49149765180385,175.0,0.5,0.0,0.0,13.491497651803854
31564,0,calendar_2014_test,174.0757815582532,194.0,0.5,0.0,0.0,19.924218441746802
31565,0,calendar_2014_test,190.5484513390603,165.0,0.5,0.0,0.0,25.548451339060307
31566,0,calendar_2014_test,149.62573449218695,138.0,0.5,0.0,0.0,11.62573449218695
31567,0,calendar_2014_test,119.46498056088902,100.0,0.5,0.0,0.0,19.464980560889018
31568,0,calendar_2014_test,76.42044583281377,83.0,0.5,0.0,0.0,6.579554167186231
31569,0,calendar_2014_test,81.18112538123371,53.0,0.5,0.0,0.0,28.181125381233713
31570,0,calendar_2014_test,53.88973846501325,52.0,0.5,0.0,0.0,1.8897384650132523
31571,0,calendar_2014_test,53.29559571747981,60.0,0.5,0.0,0.0,6.704404282520187
31572,0,calendar_2014_test,64.05755673846343,100.0,0.5,0.0,0.0,35.94244326153657
31573,0,calendar_2014_test,116.70072371373303,142.0,0.5,0.0,0.0,25.299276286266974
31574,0,calendar_2014_test,172.21147730058817,140.0,0.5,0.0,0.0,32.21147730058817
31575,0,calendar_2014_test,152.70562119729965,148.0,0.5,0.0,0.0,4.705621197299649
31576,0,calendar_2014_test,159.43078012632301,183.0,0.5,0.0,0.0,23.569219873676985
31577,0,calendar_2014_test,191.94287252265585,217.0,0.5,0.0,0.0,25.057127477344153
31578,0,calendar_2014_test,228.42525122641658,224.0,0.5,0.0,0.0,4.425251226416577
31579,0,calendar_2014_test,228.3927312272516,222.0,0.5,0.0,0.0,6.392731227251602
31580,0,calendar_2014_test,225.62172621656936,219.0,0.5,0.0,0.0,6.621726216569357
31581,0,calendar_2014_test,217.36610961773368,65.0,0.5,0.0,0.0,152.36610961773368
31582,0,calendar_2014_test,55.21096984308258,22.0,0.5,0.0,0.0,33.21096984308258
31583,0,calendar_2014_test,26.93397861666606,16.0,0.5,0.0,0.0,10.93397861666606
31584,0,calendar_2014_test,18.451243040610848,16.0,0.5,0.0,0.0,2.451243040610848
31585,0,calendar_2014_test,16.032983589509026,28.0,0.5,0.0,0.0,11.967016410490974
31586,0,calendar_2014_test,28.06040015319647,32.0,0.5,0.0,0.0,3.9395998468035316
31587,0,calendar_2014_test,30.78961829030239,25.0,0.5,0.0,0.0,5.789618290302389
31588,0,calendar_2014_test,25.11310920130112,25.0,0.5,0.0,0.0,0.11310920130112123
31589,0,calendar_2014_test,24.780098522119808,22.0,0.5,0.0,0.0,2.7800985221198076
31590,0,calendar_2014_test,23.97046068409602,18.0,0.5,0.0,0.0,5.970460684096022
31591,0,calendar_2014_test,21.381750816736083,23.0,0.5,0.0,0.0,1.6182491832639165
31592,0,calendar_2014_test,25.35997935369751,23.0,0.5,0.0,0.0,2.3599793536975113
31593,0,calendar_2014_test,23.341607692160885,25.0,0.5,0.0,0.0,1.6583923078391152
31594,0,calendar_2014_test,26.021547873251716,18.0,0.5,0.0,0.0,8.021547873251716
31595,0,calendar_2014_test,22.516681829778765,23.0,0.5,0.0,0.0,0.483318170221235
31596,0,calendar_2014_test,29.190791635980954,25.0,0.5,0.0,0.0,4.190791635980954
31597,0,calendar_2014_test,31.57964569527454,26.0,0.5,0.0,0.0,5.5796456952745395
31598,0,calendar_2014_test,34.10978703566903,27.0,0.5,0.0,0.0,7.109787035669029
31599,0,calendar_2014_test,34.78204157627999,36.0,0.5,0.0,0.0,1.2179584237200132
31600,0,calendar_2014_test,40.45407953008471,47.0,0.5,0.0,0.0,6.545920469915288
31601,0,calendar_2014_test,53.00688735248488,59.0,0.5,0.0,0.0,5.993112647515119
31602,0,calendar_2014_test,65.85664027799885,50.0,0.5,0.0,0.0,15.85664027799885
31603,0,calendar_2014_test,51.65901477169629,61.0,0.5,0.0,0.0,9.340985228303708
31604,0,calendar_2014_test,66.60510024730982,58.0,0.5,0.0,0.0,8.60510024730982
31605,0,calendar_2014_test,57.49221087826479,66.0,0.5,0.0,0.0,8.507789121735208
31606,0,calendar_2014_test,70.58200077211403,63.0,0.5,0.0,0.0,7.582000772114029
31607,0,calendar_2014_test,63.05600305147851,51.0,0.5,0.0,0.0,12.056003051478513
31608,0,calendar_2014_test,48.49304051765233,39.0,0.5,0.0,0.0,9.493040517652332
31609,0,calendar_2014_test,34.86546067460668,42.0,0.5,0.0,0.0,7.13453932539332
31610,0,calendar_2014_test,44.52960332653184,44.0,0.5,0.0,0.0,0.5296033265318414
31611,0,calendar_2014_test,43.86451505114042,44.0,0.5,0.0,0.0,0.13548494885957751
31612,0,calendar_2014_test,44.0305429938216,35.0,0.5,0.0,0.0,9.030542993821598
31613,0,calendar_2014_test,32.96344730559045,30.0,0.5,0.0,0.0,2.9634473055904493
31614,0,calendar_2014_test,29.170552460693777,34.0,0.5,0.0,0.0,4.829447539306223
31615,0,calendar_2014_test,37.18301091844505,21.0,0.5,0.0,0.0,16.18301091844505
31616,0,calendar_2014_test,23.493906729171055,14.0,0.5,0.0,0.0,9.493906729171055
31617,0,calendar_2014_test,16.31316878038205,11.0,0.5,0.0,0.0,5.31316878038205
31618,0,calendar_2014_test,13.053355958287902,9.0,0.5,0.0,0.0,4.053355958287902
31619,0,calendar_2014_test,14.553585067784095,12.0,0.5,0.0,0.0,2.5535850677840948
31620,0,calendar_2014_test,17.062095020231244,13.0,0.5,0.0,0.0,4.062095020231244
31621,0,calendar_2014_test,19.183447572749596,18.0,0.5,0.0,0.0,1.1834475727495963
31622,0,calendar_2014_test,24.415063991077393,21.0,0.5,0.0,0.0,3.4150639910773926
31623,0,calendar_2014_test,27.287245433391185,24.0,0.5,0.0,0.0,3.2872454333911847
31624,0,calendar_2014_test,29.69183842662976,27.0,0.5,0.0,0.0,2.6918384266297615
31625,0,calendar_2014_test,31.78389343123456,39.0,0.5,0.0,0.0,7.21610656876544
31626,0,calendar_2014_test,42.52013971645052,44.0,0.5,0.0,0.0,1.4798602835494776
31627,0,calendar_2014_test,48.2565605320287,64.0,0.5,0.0,0.0,15.7434394679713
31628,0,calendar_2014_test,68.1861809028204,106.0,0.5,0.0,0.0,37.8138190971796
31629,0,calendar_2014_test,107.84967626860963,137.0,0.5,0.0,0.0,29.150323731390372
31630,0,calendar_2014_test,125.89869969877077,165.0,0.5,0.0,0.0,39.10130030122923
31631,0,calendar_2014_test,169.96278897731054,153.0,0.5,0.0,0.0,16.962788977310538
31632,0,calendar_2014_test,137.3483241322784,116.0,0.5,0.0,0.0,21.348324132278407
31633,0,calendar_2014_test,96.36326256663268,127.0,0.5,0.0,0.0,30.636737433367315
31634,0,calendar_2014_test,124.17922281118803,147.0,0.5,0.0,0.0,22.820777188811974
31635,0,calendar_2014_test,146.79288561976713,180.0,0.5,0.0,0.0,33.207114380232866
31636,0,calendar_2014_test,171.11937579527094,199.0,0.5,0.0,0.0,27.88062420472906
31637,0,calendar_2014_test,200.2593870460376,209.0,0.5,0.0,0.0,8.740612953962398
31638,0,calendar_2014_test,238.45209109176977,235.0,0.5,0.0,0.0,3.4520910917697734
31639,0,calendar_2014_test,269.9083641480098,254.0,0.5,0.0,0.0,15.90836414800981
31640,0,calendar_2014_test,245.84727713392056,250.0,0.5,0.0,0.0,4.1527228660794435
31641,0,calendar_2014_test,245.88445831114169,235.0,0.5,0.0,0.0,10.884458311141685
31642,0,calendar_2014_test,217.20757983428024,210.0,0.5,0.0,0.0,7.207579834280239
31643,0,calendar_2014_test,186.08407073392118,127.0,0.5,0.0,0.0,59.08407073392118
31644,0,calendar_2014_test,91.14191187958669,72.0,0.5,0.0,0.0,19.141911879586686
31645,0,calendar_2014_test,55.35837748562609,27.0,0.5,0.0,0.0,28.358377485626093
31646,0,calendar_2014_test,36.97431684620322,70.0,0.5,0.0,0.0,33.02568315379678
31647,0,calendar_2014_test,78.22018250050445,113.0,0.5,0.0,0.0,34.77981749949555
31648,0,calendar_2014_test,135.42669448648664,118.0,0.5,0.0,0.0,17.42669448648664
31649,0,calendar_2014_test,124.0737104227891,143.0,0.5,0.0,0.0,18.926289577210895
31650,0,calendar_2014_test,162.0247298742962,175.0,0.5,0.0,0.0,12.975270125703787
31651,0,calendar_2014_test,183.55263102996994,159.0,0.5,0.0,0.0,24.552631029969945
31652,0,calendar_2014_test,168.94023560398122,161.0,0.5,0.0,0.0,7.940235603981222
31653,0,calendar_2014_test,168.2724273755098,174.0,0.5,0.0,0.0,5.727572624490193
31654,0,calendar_2014_test,182.5699352094236,177.0,0.5,0.0,0.0,5.5699352094235905
31655,0,calendar_2014_test,178.6179352178331,174.0,0.5,0.0,0.0,4.617935217833093
31656,0,calendar_2014_test,173.51536926197036,180.0,0.5,0.0,0.0,6.484630738029637
31657,0,calendar_2014_test,178.9253711908127,196.0,0.5,0.0,0.0,17.07462880918729
31658,0,calendar_2014_test,188.60105468248872,214.0,0.5,0.0,0.0,25.398945317511277
31659,0,calendar_2014_test,222.33130859757392,220.0,0.5,0.0,0.0,2.3313085975739227
31660,0,calendar_2014_test,224.86226641273575,216.0,0.5,0.0,0.0,8.86226641273575
31661,0,calendar_2014_test,219.76725350882054,199.0,0.5,0.0,0.0,20.767253508820545
31662,0,calendar_2014_test,192.9855647578672,168.0,0.5,0.0,0.0,24.985564757867195
31663,0,calendar_2014_test,155.9892933967853,121.0,0.5,0.0,0.0,34.989293396785314
31664,0,calendar_2014_test,119.4914261582864,124.0,0.5,0.0,0.0,4.5085738417135985
31665,0,calendar_2014_test,126.74944188355403,94.0,0.5,0.0,0.0,32.74944188355403
31666,0,calendar_2014_test,88.66317977365087,63.0,0.5,0.0,0.0,25.663179773650867
31667,0,calendar_2014_test,60.183054491891866,52.0,0.5,0.0,0.0,8.183054491891866
31668,0,calendar_2014_test,52.53285406297673,64.0,0.5,0.0,0.0,11.467145937023268
31669,0,calendar_2014_test,71.95635585135547,48.0,0.5,0.0,0.0,23.956355851355468
31670,0,calendar_2014_test,53.68296184982042,69.0,0.5,0.0,0.0,15.317038150179577
31671,0,calendar_2014_test,79.37854226926298,65.0,0.5,0.0,0.0,14.37854226926298
31672,0,calendar_2014_test,76.46942465409374,83.0,0.5,0.0,0.0,6.530575345906257
31673,0,calendar_2014_test,92.89650217324403,90.0,0.5,0.0,0.0,2.8965021732440306
31674,0,calendar_2014_test,97.97317154277675,80.0,0.5,0.0,0.0,17.973171542776754
31675,0,calendar_2014_test,83.10718573346291,95.0,0.5,0.0,0.0,11.892814266537087
31676,0,calendar_2014_test,105.40149970375961,99.0,0.5,0.0,0.0,6.401499703759612
31677,0,calendar_2014_test,104.26329570746294,103.0,0.5,0.0,0.0,1.2632957074629445
31678,0,calendar_2014_test,109.67975053598283,119.0,0.5,0.0,0.0,9.320249464017166
31679,0,calendar_2014_test,126.73001818865345,121.0,0.5,0.0,0.0,5.730018188653446
31680,0,calendar_2014_test,126.96879198045922,113.0,0.5,0.0,0.0,13.968791980459216
31681,0,calendar_2014_test,114.98980707642633,124.0,0.5,0.0,0.0,9.010192923573669
31682,0,calendar_2014_test,131.4326541635001,138.0,0.5,0.0,0.0,6.5673458364998964
31683,0,calendar_2014_test,134.1620369647895,160.0,0.5,0.0,0.0,25.837963035210493
31684,0,calendar_2014_test,150.97833540956364,163.0,0.5,0.0,0.0,12.021664590436359
31685,0,calendar_2014_test,142.99058090379722,119.0,0.5,0.0,0.0,23.990580903797223
31686,0,calendar_2014_test,78.01863609522083,80.0,0.5,0.0,0.0,1.9813639047791725
31687,0,calendar_2014_test,55.483853318663876,84.0,0.5,0.0,0.0,28.516146681336124
31688,0,calendar_2014_test,68.13154003412593,76.0,0.5,0.0,0.0,7.868459965874067
31689,0,calendar_2014_test,78.73085712817026,98.0,0.5,0.0,0.0,19.269142871829743
31690,0,calendar_2014_test,99.7033160885314,105.0,0.5,0.0,0.0,5.296683911468605
31691,0,calendar_2014_test,103.89196008484376,86.0,0.5,0.0,0.0,17.89196008484376
31692,0,calendar_2014_test,82.97016999451488,132.0,0.5,0.0,0.0,49.029830005485124
31693,0,calendar_2014_test,141.35228384579588,116.0,0.5,0.0,0.0,25.35228384579588
31694,0,calendar_2014_test,112.85949785085784,105.0,0.5,0.0,0.0,7.859497850857835
31695,0,calendar_2014_test,104.1574549421227,97.0,0.5,0.0,0.0,7.157454942122698
31696,0,calendar_2014_test,100.59328342489951,87.0,0.5,0.0,0.0,13.59328342489951
31697,0,calendar_2014_test,86.62561246708654,72.0,0.5,0.0,0.0,14.62561246708654
31698,0,calendar_2014_test,71.69537825801955,70.0,0.5,0.0,0.0,1.6953782580195451
31699,0,calendar_2014_test,70.77528680109263,64.0,0.5,0.0,0.0,6.7752868010926335
31700,0,calendar_2014_test,68.71117834711866,55.0,0.5,0.0,0.0,13.711178347118661
31701,0,calendar_2014_test,56.066635336713325,58.0,0.5,0.0,0.0,1.9333646632866746
31702,0,calendar_2014_test,58.91342121323343,52.0,0.5,0.0,0.0,6.913421213233427
31703,0,calendar_2014_test,54.220082617109775,52.0,0.5,0.0,0.0,2.2200826171097745
31704,0,calendar_2014_test,51.50603291963102,53.0,0.5,0.0,0.0,1.4939670803689822
31705,0,calendar_2014_test,52.180784102530446,12.0,0.5,0.0,0.0,40.180784102530446
31706,0,calendar_2014_test,16.127672448484653,15.0,0.5,0.0,0.0,1.1276724484846525
31707,0,calendar_2014_test,17.017966784033028,9.0,0.5,0.0,0.0,8.017966784033028
31708,0,calendar_2014_test,11.766647205241478,6.0,0.5,0.0,0.0,5.766647205241478
31709,0,calendar_2014_test,8.974675859721374,9.0,0.5,0.0,0.0,0.025324140278625507
31710,0,calendar_2014_test,11.071202297874228,14.0,0.5,0.0,0.0,2.928797702125772
31711,0,calendar_2014_test,13.460124738965,14.0,0.5,0.0,0.0,0.5398752610350002
31712,0,calendar_2014_test,13.934691448934464,11.0,0.5,0.0,0.0,2.9346914489344638
31713,0,calendar_2014_test,14.46996817411072,12.0,0.5,0.0,0.0,2.4699681741107202
31714,0,calendar_2014_test,12.340053325440827,14.0,0.5,0.0,0.0,1.6599466745591727
31715,0,calendar_2014_test,13.74015867522803,9.0,0.5,0.0,0.0,4.740158675228029
31716,0,calendar_2014_test,11.3888306787448,7.0,0.5,0.0,0.0,4.3888306787447995
31717,0,calendar_2014_test,9.563970767596423,7.0,0.5,0.0,0.0,2.563970767596423
31718,0,calendar_2014_test,14.856560387515646,19.0,0.5,0.0,0.0,4.143439612484354
31719,0,calendar_2014_test,26.96135779050047,18.0,0.5,0.0,0.0,8.961357790500472
31720,0,calendar_2014_test,25.17653461758948,22.0,0.5,0.0,0.0,3.1765346175894784
31721,0,calendar_2014_test,23.94353998211394,20.0,0.5,0.0,0.0,3.94353998211394
31722,0,calendar_2014_test,24.802247199352017,33.0,0.5,0.0,0.0,8.197752800647983
31723,0,calendar_2014_test,39.157778376919126,40.0,0.5,0.0,0.0,0.8422216230808743
31724,0,calendar_2014_test,44.361411585983234,35.0,0.5,0.0,0.0,9.361411585983234
31725,0,calendar_2014_test,38.716902964264655,28.0,0.5,0.0,0.0,10.716902964264655
31726,0,calendar_2014_test,31.971324727116222,29.0,0.5,0.0,0.0,2.9713247271162224
31727,0,calendar_2014_test,32.14000813211931,32.0,0.5,0.0,0.0,0.14000813211931273
31728,0,calendar_2014_test,35.98883432537567,36.0,0.5,0.0,0.0,0.011165674624329824
31729,0,calendar_2014_test,40.07064174312103,37.0,0.5,0.0,0.0,3.0706417431210298
31730,0,calendar_2014_test,38.57568716284199,42.0,0.5,0.0,0.0,3.4243128371580127
31731,0,calendar_2014_test,47.04921732024068,59.0,0.5,0.0,0.0,11.950782679759321
31732,0,calendar_2014_test,64.68003637952359,60.0,0.5,0.0,0.0,4.680036379523585
31733,0,calendar_2014_test,58.67619817757754,53.0,0.5,0.0,0.0,5.67619817757754
31734,0,calendar_2014_test,57.851247586454825,55.0,0.5,0.0,0.0,2.851247586454825
31735,0,calendar_2014_test,55.93889857204829,41.0,0.5,0.0,0.0,14.938898572048288
31736,0,calendar_2014_test,41.70831079366569,31.0,0.5,0.0,0.0,10.708310793665689
31737,0,calendar_2014_test,31.32151134535331,29.0,0.5,0.0,0.0,2.3215113453533114
31738,0,calendar_2014_test,27.738425537498276,24.0,0.5,0.0,0.0,3.7384255374982764
31739,0,calendar_2014_test,24.45857190600717,13.0,0.5,0.0,0.0,11.458571906007169
31740,0,calendar_2014_test,16.09356506571096,11.0,0.5,0.0,0.0,5.093565065710958
31741,0,calendar_2014_test,14.05781016776708,16.0,0.5,0.0,0.0,1.9421898322329199
31742,0,calendar_2014_test,16.94135038548345,14.0,0.5,0.0,0.0,2.9413503854834495
31743,0,calendar_2014_test,15.928352799259443,20.0,0.5,0.0,0.0,4.071647200740557
31744,0,calendar_2014_test,20.744794481104055,14.0,0.5,0.0,0.0,6.744794481104055
31745,0,calendar_2014_test,19.91746287968262,31.0,0.5,0.0,0.0,11.08253712031738
31746,0,calendar_2014_test,36.162216964937656,31.0,0.5,0.0,0.0,5.162216964937656
31747,0,calendar_2014_test,34.920566520443536,34.0,0.5,0.0,0.0,0.9205665204435363
31748,0,calendar_2014_test,41.43716040619029,33.0,0.5,0.0,0.0,8.437160406190287
31749,0,calendar_2014_test,39.27163364778165,34.0,0.5,0.0,0.0,5.271633647781648
31750,0,calendar_2014_test,38.21664769284304,28.0,0.5,0.0,0.0,10.21664769284304
31751,0,calendar_2014_test,30.730538519570096,32.0,0.5,0.0,0.0,1.2694614804299036
31752,0,calendar_2014_test,35.4296579041787,37.0,0.5,0.0,0.0,1.570342095821303
31753,0,calendar_2014_test,41.039431894256786,36.0,0.5,0.0,0.0,5.039431894256786
31754,0,calendar_2014_test,37.28919739716094,49.0,0.5,0.0,0.0,11.71080260283906
31755,0,calendar_2014_test,49.27457782561188,16.0,0.5,0.0,0.0,33.27457782561188
31756,0,calendar_2014_test,18.512500718191454,8.0,0.5,0.0,0.0,10.512500718191454
31757,0,calendar_2014_test,11.912081815879189,6.0,0.5,0.0,0.0,5.912081815879189
31758,0,calendar_2014_test,9.344193340608319,11.0,0.5,0.0,0.0,1.655806659391681
31759,0,calendar_2014_test,12.450616579156954,8.0,0.5,0.0,0.0,4.450616579156954
31760,0,calendar_2014_test,12.386201900603783,4.0,0.5,0.0,0.0,8.386201900603783
31761,0,calendar_2014_test,10.072017775438143,6.0,0.5,0.0,0.0,4.072017775438143
31762,0,calendar_2014_test,9.857911200495975,14.0,0.5,0.0,0.0,4.142088799504025
31763,0,calendar_2014_test,17.785835123216817,10.0,0.5,0.0,0.0,7.785835123216817
31764,0,calendar_2014_test,15.10053328472858,10.0,0.5,0.0,0.0,5.100533284728581
31765,0,calendar_2014_test,16.54704305492453,25.0,0.5,0.0,0.0,8.45295694507547
31766,0,calendar_2014_test,30.430361361724582,30.0,0.5,0.0,0.0,0.4303613617245823
31767,0,calendar_2014_test,35.64840347311448,37.0,0.5,0.0,0.0,1.3515965268855226
31768,0,calendar_2014_test,41.707896952026935,48.0,0.5,0.0,0.0,6.292103047973065
31769,0,calendar_2014_test,51.0190423375885,48.0,0.5,0.0,0.0,3.019042337588502
31770,0,calendar_2014_test,50.05060230775876,49.0,0.5,0.0,0.0,1.0506023077587585
31771,0,calendar_2014_test,50.31494766885079,57.0,0.5,0.0,0.0,6.685052331149208
31772,0,calendar_2014_test,60.35187471767356,58.0,0.5,0.0,0.0,2.35187471767356
31773,0,calendar_2014_test,56.705371710136845,64.0,0.5,0.0,0.0,7.294628289863155
31774,0,calendar_2014_test,69.12222039694129,65.0,0.5,0.0,0.0,4.122220396941287
31775,0,calendar_2014_test,65.56274495612386,61.0,0.5,0.0,0.0,4.562744956123865
31776,0,calendar_2014_test,64.6521216994367,61.0,0.5,0.0,0.0,3.652121699436705
31777,0,calendar_2014_test,65.35461228726739,71.0,0.5,0.0,0.0,5.645387712732614
31778,0,calendar_2014_test,77.38071932676687,102.0,0.5,0.0,0.0,24.619280673233135
31779,0,calendar_2014_test,104.47437338156658,91.0,0.5,0.0,0.0,13.47437338156658
31780,0,calendar_2014_test,84.98950349462417,84.0,0.5,0.0,0.0,0.9895034946241736
31781,0,calendar_2014_test,86.48882026191201,51.0,0.5,0.0,0.0,35.48882026191201
31782,0,calendar_2014_test,46.99338593417962,27.0,0.5,0.0,0.0,19.99338593417962
31783,0,calendar_2014_test,32.3576667105132,39.0,0.5,0.0,0.0,6.6423332894868
31784,0,calendar_2014_test,41.58416869717689,33.0,0.5,0.0,0.0,8.584168697176892
31785,0,calendar_2014_test,36.55304680491204,32.0,0.5,0.0,0.0,4.553046804912043
31786,0,calendar_2014_test,34.97646865761111,41.0,0.5,0.0,0.0,6.0235313423888925
31787,0,calendar_2014_test,45.37967288778856,40.0,0.5,0.0,0.0,5.3796728877885585
31788,0,calendar_2014_test,43.44289188167222,45.0,0.5,0.0,0.0,1.5571081183277826
31789,0,calendar_2014_test,50.557401731224004,45.0,0.5,0.0,0.0,5.5574017312240045
31790,0,calendar_2014_test,49.50830757133174,59.0,0.5,0.0,0.0,9.491692428668259
31791,0,calendar_2014_test,65.84652354694408,59.0,0.5,0.0,0.0,6.846523546944084
31792,0,calendar_2014_test,62.84836410928413,82.0,0.5,0.0,0.0,19.151635890715873
31793,0,calendar_2014_test,83.31647008279207,58.0,0.5,0.0,0.0,25.316470082792065
31794,0,calendar_2014_test,55.90496218370891,65.0,0.5,0.0,0.0,9.09503781629109
31795,0,calendar_2014_test,72.5089517803702,54.0,0.5,0.0,0.0,18.508951780370197
31796,0,calendar_2014_test,57.47356546186611,55.0,0.5,0.0,0.0,2.4735654618661087
31797,0,calendar_2014_test,57.24630699996838,63.0,0.5,0.0,0.0,5.7536930000316175
31798,0,calendar_2014_test,69.39467190109809,70.0,0.5,0.0,0.0,0.6053280989019072
31799,0,calendar_2014_test,74.25148087633802,74.0,0.5,0.0,0.0,0.25148087633802163
31800,0,calendar_2014_test,77.16245669088738,80.0,0.5,0.0,0.0,2.8375433091126183
31801,0,calendar_2014_test,84.49937786872184,87.0,0.5,0.0,0.0,2.5006221312781634
31802,0,calendar_2014_test,93.11360434681268,93.0,0.5,0.0,0.0,0.11360434681267861
31803,0,calendar_2014_test,99.29346666735681,105.0,0.5,0.0,0.0,5.70653333264319
31804,0,calendar_2014_test,106.16771735846844,92.0,0.5,0.0,0.0,14.167717358468437
31805,0,calendar_2014_test,89.8389776320932,103.0,0.5,0.0,0.0,13.161022367906796
31806,0,calendar_2014_test,107.40101963282227,97.0,0.5,0.0,0.0,10.401019632822269
31807,0,calendar_2014_test,98.45835147088225,110.0,0.5,0.0,0.0,11.54164852911775
31808,0,calendar_2014_test,119.31463080869631,92.0,0.5,0.0,0.0,27.314630808696307
31809,0,calendar_2014_test,86.92433575217375,93.0,0.5,0.0,0.0,6.0756642478262535
31810,0,calendar_2014_test,95.26434373462988,97.0,0.5,0.0,0.0,1.7356562653701246
31811,0,calendar_2014_test,94.66400979449448,95.0,0.5,0.0,0.0,0.3359902055055244
31812,0,calendar_2014_test,91.9270564420561,88.0,0.5,0.0,0.0,3.9270564420560987
31813,0,calendar_2014_test,87.40839365090952,98.0,0.5,0.0,0.0,10.591606349090483
31814,0,calendar_2014_test,102.26784995242701,105.0,0.5,0.0,0.0,2.7321500475729863
31815,0,calendar_2014_test,108.68373095025682,111.0,0.5,0.0,0.0,2.316269049743184
31816,0,calendar_2014_test,123.18337509620173,123.0,0.5,0.0,0.0,0.1833750962017291
31817,0,calendar_2014_test,136.27852833051088,147.0,0.5,0.0,0.0,10.72147166948912
31818,0,calendar_2014_test,155.4147064011571,155.0,0.5,0.0,0.0,0.41470640115710466
31819,0,calendar_2014_test,158.91900692726213,166.0,0.5,0.0,0.0,7.0809930727378685
31820,0,calendar_2014_test,169.60921253657642,194.0,0.5,0.0,0.0,24.390787463423578
31821,0,calendar_2014_test,198.00338263235102,191.0,0.5,0.0,0.0,7.00338263235102
31822,0,calendar_2014_test,191.9372026220436,180.0,0.5,0.0,0.0,11.9372026220436
31823,0,calendar_2014_test,175.42298054868803,187.0,0.5,0.0,0.0,11.577019451311969
31824,0,calendar_2014_test,188.57650666403117,195.0,0.5,0.0,0.0,6.423493335968828
31825,0,calendar_2014_test,197.51516675246057,174.0,0.5,0.0,0.0,23.515166752460573
31826,0,calendar_2014_test,177.17926610791224,171.0,0.5,0.0,0.0,6.179266107912241
31827,0,calendar_2014_test,178.9605563187004,181.0,0.5,0.0,0.0,2.0394436812995878
31828,0,calendar_2014_test,182.9958382219184,193.0,0.5,0.0,0.0,10.004161778081595
31829,0,calendar_2014_test,194.67710548872668,196.0,0.5,0.0,0.0,1.3228945112733186
31830,0,calendar_2014_test,196.88442984516018,199.0,0.5,0.0,0.0,2.1155701548398156
31831,0,calendar_2014_test,188.19708352619855,206.0,0.5,0.0,0.0,17.802916473801446
31832,0,calendar_2014_test,197.1723285781839,175.0,0.5,0.0,0.0,22.172328578183908
31833,0,calendar_2014_test,149.90098189593581,158.0,0.5,0.0,0.0,8.099018104064186
31834,0,calendar_2014_test,151.44391444747927,152.0,0.5,0.0,0.0,0.5560855525207273
31835,0,calendar_2014_test,137.82269466419012,158.0,0.5,0.0,0.0,20.177305335809876
31836,0,calendar_2014_test,155.86737403307677,139.0,0.5,0.0,0.0,16.86737403307677
31837,0,calendar_2014_test,133.37636714037004,138.0,0.5,0.0,0.0,4.623632859629964
31838,0,calendar_2014_test,139.84517425330876,151.0,0.5,0.0,0.0,11.154825746691245
31839,0,calendar_2014_test,151.40614075706912,146.0,0.5,0.0,0.0,5.4061407570691244
31840,0,calendar_2014_test,143.6558210556668,139.0,0.5,0.0,0.0,4.655821055666792
31841,0,calendar_2014_test,136.72593699517265,136.0,0.5,0.0,0.0,0.7259369951726455
31842,0,calendar_2014_test,136.73509273199616,138.0,0.5,0.0,0.0,1.2649072680038387
31843,0,calendar_2014_test,138.86949091001617,136.0,0.5,0.0,0.0,2.869490910016168
31844,0,calendar_2014_test,135.35460643153044,136.0,0.5,0.0,0.0,0.645393568469558
31845,0,calendar_2014_test,135.71191838536214,140.0,0.5,0.0,0.0,4.288081614637861
31846,0,calendar_2014_test,140.92109069726322,145.0,0.5,0.0,0.0,4.0789093027367755
31847,0,calendar_2014_test,149.19355710111233,147.0,0.5,0.0,0.0,2.193557101112333
31848,0,calendar_2014_test,149.7315904514638,151.0,0.5,0.0,0.0,1.268409548536198
31849,0,calendar_2014_test,154.51156121527237,153.0,0.5,0.0,0.0,1.5115612152723656
31850,0,calendar_2014_test,154.74130523429815,196.0,0.5,0.0,0.0,41.25869476570185
31851,0,calendar_2014_test,199.50111714766166,182.0,0.5,0.0,0.0,17.50111714766166
31852,0,calendar_2014_test,175.03800625236937,162.0,0.5,0.0,0.0,13.038006252369371
31853,0,calendar_2014_test,161.37798212826368,164.0,0.5,0.0,0.0,2.6220178717363183
31854,0,calendar_2014_test,160.10419081707607,133.0,0.5,0.0,0.0,27.104190817076073
31855,0,calendar_2014_test,101.88222282954804,62.0,0.5,0.0,0.0,39.88222282954804
31856,0,calendar_2014_test,35.98731384499991,60.0,0.5,0.0,0.0,24.01268615500009
31857,0,calendar_2014_test,59.2008035647899,49.0,0.5,0.0,0.0,10.2008035647899
31858,0,calendar_2014_test,44.216323142582766,62.0,0.5,0.0,0.0,17.783676857417234
31859,0,calendar_2014_test,57.217220095902306,56.0,0.5,0.0,0.0,1.2172200959023058
31860,0,calendar_2014_test,51.03711920629962,65.0,0.5,0.0,0.0,13.962880793700378
31861,0,calendar_2014_test,63.81545128626478,73.0,0.5,0.0,0.0,9.184548713735218
31862,0,calendar_2014_test,79.51974071254651,80.0,0.5,0.0,0.0,0.48025928745349233
31863,0,calendar_2014_test,85.03700309253112,580.0,0.5,0.0,0.0,494.9629969074689
31864,0,calendar_2014_test,542.6386561679263,217.0,0.5,0.0,0.0,325.63865616792634
31865,0,calendar_2014_test,152.31257815125366,159.0,0.5,0.0,0.0,6.6874218487463395
31866,0,calendar_2014_test,138.49085248266982,181.0,0.5,0.0,0.0,42.50914751733018
31867,0,calendar_2014_test,180.7854454224949,165.0,0.5,0.0,0.0,15.785445422494888
31868,0,calendar_2014_test,166.98296391037442,175.0,0.5,0.0,0.0,8.017036089625577
31869,0,calendar_2014_test,171.80572634478867,112.0,0.5,0.0,0.0,59.80572634478867
31870,0,calendar_2014_test,89.4808697718065,101.0,0.5,0.0,0.0,11.519130228193504
31871,0,calendar_2014_test,106.09425869345907,111.0,0.5,0.0,0.0,4.905741306540932
31872,0,calendar_2014_test,123.62612769873984,102.0,0.5,0.0,0.0,21.626127698739836
31873,0,calendar_2014_test,104.49871851197,106.0,0.5,0.0,0.0,1.5012814880300027
31874,0,calendar_2014_test,111.80533302793542,95.0,0.5,0.0,0.0,16.80533302793542
31875,0,calendar_2014_test,94.01949972842257,101.0,0.5,0.0,0.0,6.9805002715774265
31876,0,calendar_2014_test,103.92247897182605,88.0,0.5,0.0,0.0,15.922478971826052
31877,0,calendar_2014_test,84.64911690465703,125.0,0.5,0.0,0.0,40.350883095342965
31878,0,calendar_2014_test,139.82958094648217,93.0,0.5,0.0,0.0,46.82958094648217
31879,0,calendar_2014_test,88.51363851169334,71.0,0.5,0.0,0.0,17.513638511693344
31880,0,calendar_2014_test,75.84810412821211,74.0,0.5,0.0,0.0,1.848104128212114
31881,0,calendar_2014_test,77.75287935090469,68.0,0.5,0.0,0.0,9.752879350904692
31882,0,calendar_2014_test,47.845411122668374,39.0,0.5,0.0,0.0,8.845411122668374
31883,0,calendar_2014_test,42.684688804770836,52.0,0.5,0.0,0.0,9.315311195229164
31884,0,calendar_2014_test,57.28469299993626,59.0,0.5,0.0,0.0,1.7153070000637385
31885,0,calendar_2014_test,65.88833560857903,60.0,0.5,0.0,0.0,5.888335608579027
31886,0,calendar_2014_test,64.59176582878301,68.0,0.5,0.0,0.0,3.4082341712169892
31887,0,calendar_2014_test,74.90585734082711,83.0,0.5,0.0,0.0,8.094142659172888
31888,0,calendar_2014_test,88.18506258568033,103.0,0.5,0.0,0.0,14.814937414319672
31889,0,calendar_2014_test,107.5060573299405,98.0,0.5,0.0,0.0,9.506057329940504
31890,0,calendar_2014_test,96.17740665716659,78.0,0.5,0.0,0.0,18.177406657166586
31891,0,calendar_2014_test,74.12600020962658,82.0,0.5,0.0,0.0,7.873999790373418
31892,0,calendar_2014_test,87.4975649793455,88.0,0.5,0.0,0.0,0.5024350206545023
31893,0,calendar_2014_test,91.8621888536596,96.0,0.5,0.0,0.0,4.137811146340397
31894,0,calendar_2014_test,99.32571338972983,118.0,0.5,0.0,0.0,18.674286610270173
31895,0,calendar_2014_test,119.28541076402306,128.0,0.5,0.0,0.0,8.714589235976945
31896,0,calendar_2014_test,129.48538180084353,143.0,0.5,0.0,0.0,13.514618199156473
31897,0,calendar_2014_test,150.39839262426398,158.0,0.5,0.0,0.0,7.601607375736023
31898,0,calendar_2014_test,163.37192871392284,143.0,0.5,0.0,0.0,20.37192871392284
31899,0,calendar_2014_test,138.56224480959523,190.0,0.5,0.0,0.0,51.43775519040477
31900,0,calendar_2014_test,191.73525950042904,151.0,0.5,0.0,0.0,40.73525950042904
31901,0,calendar_2014_test,142.86132804466092,187.0,0.5,0.0,0.0,44.13867195533908
31902,0,calendar_2014_test,183.15752418106894,114.0,0.5,0.0,0.0,69.15752418106894
31903,0,calendar_2014_test,99.04731381212663,88.0,0.5,0.0,0.0,11.047313812126632
31904,0,calendar_2014_test,78.14845509627892,78.0,0.5,0.0,0.0,0.14845509627892284
31905,0,calendar_2014_test,71.85178879564165,75.0,0.5,0.0,0.0,3.148211204358347
31906,0,calendar_2014_test,76.54687318930291,89.0,0.5,0.0,0.0,12.453126810697086
31907,0,calendar_2014_test,88.64124919559771,91.0,0.5,0.0,0.0,2.358750804402291
31908,0,calendar_2014_test,98.19854739165294,109.0,0.5,0.0,0.0,10.801452608347063
31909,0,calendar_2014_test,120.13567750622049,119.0,0.5,0.0,0.0,1.135677506220489
31910,0,calendar_2014_test,131.13645324393016,119.0,0.5,0.0,0.0,12.136453243930163
31911,0,calendar_2014_test,127.04309726923724,110.0,0.5,0.0,0.0,17.043097269237236
31912,0,calendar_2014_test,114.6151167043327,120.0,0.5,0.0,0.0,5.384883295667294
31913,0,calendar_2014_test,127.77865060941322,155.0,0.5,0.0,0.0,27.22134939058678
31914,0,calendar_2014_test,168.94549909346551,120.0,0.5,0.0,0.0,48.945499093465514
31915,0,calendar_2014_test,113.36162106783921,128.0,0.5,0.0,0.0,14.63837893216079
31916,0,calendar_2014_test,136.0677271134601,131.0,0.5,0.0,0.0,5.0677271134601085
31917,0,calendar_2014_test,135.29425020149773,142.0,0.5,0.0,0.0,6.705749798502268
31918,0,calendar_2014_test,151.21981628732405,144.0,0.5,0.0,0.0,7.219816287324051
31919,0,calendar_2014_test,149.89497480117186,150.0,0.5,0.0,0.0,0.10502519882814454
31920,0,calendar_2014_test,153.0764383844155,151.0,0.5,0.0,0.0,2.0764383844154963
31921,0,calendar_2014_test,152.30851716529168,149.0,0.5,0.0,0.0,3.3085171652916756
31922,0,calendar_2014_test,149.07759232408108,157.0,0.5,0.0,0.0,7.922407675918919
31923,0,calendar_2014_test,164.3165909995486,173.0,0.5,0.0,0.0,8.683409000451405
31924,0,calendar_2014_test,177.63678598348955,182.0,0.5,0.0,0.0,4.3632140165104545
31925,0,calendar_2014_test,183.2679468285407,188.0,0.5,0.0,0.0,4.732053171459313
31926,0,calendar_2014_test,180.08045398696305,175.0,0.5,0.0,0.0,5.08045398696305
31927,0,calendar_2014_test,163.81122332414094,167.0,0.5,0.0,0.0,3.18877667585906
31928,0,calendar_2014_test,158.7122170718861,162.0,0.5,0.0,0.0,3.2877829281138986
31929,0,calendar_2014_test,159.82219332435812,157.0,0.5,0.0,0.0,2.8221933243581248
31930,0,calendar_2014_test,156.11237214121294,147.0,0.5,0.0,0.0,9.112372141212944
31931,0,calendar_2014_test,142.82615995527058,157.0,0.5,0.0,0.0,14.173840044729417
31932,0,calendar_2014_test,157.4994407391978,159.0,0.5,0.0,0.0,1.5005592608021914
31933,0,calendar_2014_test,162.15461396074502,134.0,0.5,0.0,0.0,28.154613960745024
31934,0,calendar_2014_test,130.28447272126112,136.0,0.5,0.0,0.0,5.715527278738875
31935,0,calendar_2014_test,139.48595418957078,158.0,0.5,0.0,0.0,18.514045810429224
31936,0,calendar_2014_test,168.99006293107908,186.0,0.5,0.0,0.0,17.00993706892092
31937,0,calendar_2014_test,191.8140460491753,231.0,0.5,0.0,0.0,39.18595395082471
31938,0,calendar_2014_test,225.46721307431713,254.0,0.5,0.0,0.0,28.53278692568287
31939,0,calendar_2014_test,249.10032526672663,249.0,0.5,0.0,0.0,0.10032526672662812
31940,0,calendar_2014_test,250.20148062942988,262.0,0.5,0.0,0.0,11.79851937057012
31941,0,calendar_2014_test,262.0491629892572,282.0,0.5,0.0,0.0,19.950837010742816
31942,0,calendar_2014_test,273.2252070982875,280.0,0.5,0.0,0.0,6.7747929017124875
31943,0,calendar_2014_test,272.61207543157593,268.0,0.5,0.0,0.0,4.612075431575931
31944,0,calendar_2014_test,262.28566905478516,255.0,0.5,0.0,0.0,7.28566905478516
31945,0,calendar_2014_test,252.78926292144652,247.0,0.5,0.0,0.0,5.789262921446522
31946,0,calendar_2014_test,247.3913118670269,244.0,0.5,0.0,0.0,3.3913118670269
31947,0,calendar_2014_test,249.79631637985497,270.0,0.5,0.0,0.0,20.20368362014503
31948,0,calendar_2014_test,274.2332111732385,280.0,0.5,0.0,0.0,5.766788826761513
31949,0,calendar_2014_test,273.37389309681123,274.0,0.5,0.0,0.0,0.62610690318877
31950,0,calendar_2014_test,269.57196332462615,280.0,0.5,0.0,0.0,10.428036675373846
31951,0,calendar_2014_test,246.87056765248215,266.0,0.5,0.0,0.0,19.12943234751785
31952,0,calendar_2014_test,246.20472105728857,239.0,0.5,0.0,0.0,7.204721057288566
31953,0,calendar_2014_test,225.94025270678145,225.0,0.5,0.0,0.0,0.9402527067814503
31954,0,calendar_2014_test,42.67797010371612,40.0,0.5,0.0,0.0,2.6779701037161203
31955,0,calendar_2014_test,44.92242251754607,34.0,0.5,0.0,0.0,10.922422517546067
31956,0,calendar_2014_test,41.28222957525639,47.0,0.5,0.0,0.0,5.7177704247436125
31957,0,calendar_2014_test,54.79777553018317,54.0,0.5,0.0,0.0,0.7977755301831735
31958,0,calendar_2014_test,56.700053425765475,65.0,0.5,0.0,0.0,8.299946574234525
31959,0,calendar_2014_test,72.89538178155637,41.0,0.5,0.0,0.0,31.895381781556367
31960,0,calendar_2014_test,45.638942526073485,39.0,0.5,0.0,0.0,6.638942526073485
31961,0,calendar_2014_test,42.68672167900144,35.0,0.5,0.0,0.0,7.686721679001437
31962,0,calendar_2014_test,39.28185671345265,51.0,0.5,0.0,0.0,11.718143286547352
31963,0,calendar_2014_test,54.444094917619154,54.0,0.5,0.0,0.0,0.44409491761915376
31964,0,calendar_2014_test,56.55919632358467,69.0,0.5,0.0,0.0,12.440803676415328
31965,0,calendar_2014_test,75.83514879805205,59.0,0.5,0.0,0.0,16.835148798052046
31966,0,calendar_2014_test,63.90508432898568,51.0,0.5,0.0,0.0,12.90508432898568
31967,0,calendar_2014_test,52.43198167223237,45.0,0.5,0.0,0.0,7.431981672232368
31968,0,calendar_2014_test,50.515851437517945,44.0,0.5,0.0,0.0,6.515851437517945
31969,0,calendar_2014_test,48.3692307780436,52.0,0.5,0.0,0.0,3.630769221956399
31970,0,calendar_2014_test,55.027112801497125,52.0,0.5,0.0,0.0,3.0271128014971254
31971,0,calendar_2014_test,54.10482319602744,47.0,0.5,0.0,0.0,7.104823196027439
31972,0,calendar_2014_test,49.0802104592307,51.0,0.5,0.0,0.0,1.919789540769301
31973,0,calendar_2014_test,53.786462933359715,85.0,0.5,0.0,0.0,31.213537066640285
31974,0,calendar_2014_test,87.54966252123369,80.0,0.5,0.0,0.0,7.549662521233685
31975,0,calendar_2014_test,78.77437325528345,62.0,0.5,0.0,0.0,16.77437325528345
31976,0,calendar_2014_test,62.22551912713639,57.0,0.5,0.0,0.0,5.225519127136387
31977,0,calendar_2014_test,61.076254811743375,56.0,0.5,0.0,0.0,5.076254811743375
31978,0,calendar_2014_test,59.76638375485593,67.0,0.5,0.0,0.0,7.23361624514407
31979,0,calendar_2014_test,75.55131704075023,96.0,0.5,0.0,0.0,20.448682959249766
31980,0,calendar_2014_test,106.7794344539449,91.0,0.5,0.0,0.0,15.779434453944901
31981,0,calendar_2014_test,90.9752764741605,84.0,0.5,0.0,0.0,6.975276474160495
31982,0,calendar_2014_test,87.40472738897529,101.0,0.5,0.0,0.0,13.595272611024711
31983,0,calendar_2014_test,108.32245181099191,134.0,0.5,0.0,0.0,25.677548189008093
31984,0,calendar_2014_test,136.523547462523,127.0,0.5,0.0,0.0,9.523547462522998
31985,0,calendar_2014_test,125.43632494523996,123.0,0.5,0.0,0.0,2.43632494523996
31986,0,calendar_2014_test,122.00441422275033,112.0,0.5,0.0,0.0,10.004414222750327
31987,0,calendar_2014_test,109.07505484186503,109.0,0.5,0.0,0.0,0.07505484186502542
31988,0,calendar_2014_test,99.75447865521406,145.0,0.5,0.0,0.0,45.24552134478594
31989,0,calendar_2014_test,144.55059353827104,124.0,0.5,0.0,0.0,20.550593538271045
31990,0,calendar_2014_test,110.58340557735163,107.0,0.5,0.0,0.0,3.583405577351627
31991,0,calendar_2014_test,98.94337954516512,109.0,0.5,0.0,0.0,10.056620454834885
31992,0,calendar_2014_test,101.40761143338005,110.0,0.5,0.0,0.0,8.592388566619945
31993,0,calendar_2014_test,105.41263293955339,116.0,0.5,0.0,0.0,10.58736706044661
31994,0,calendar_2014_test,108.4553187104056,105.0,0.5,0.0,0.0,3.4553187104056065
31995,0,calendar_2014_test,97.35018550579927,93.0,0.5,0.0,0.0,4.350185505799274
31996,0,calendar_2014_test,86.43245288391151,106.0,0.5,0.0,0.0,19.56754711608849
31997,0,calendar_2014_test,113.01250268697979,103.0,0.5,0.0,0.0,10.012502686979786
31998,0,calendar_2014_test,106.57518455220443,102.0,0.5,0.0,0.0,4.575184552204433
31999,0,calendar_2014_test,101.76690647241762,101.0,0.5,0.0,0.0,0.7669064724176167
32000,0,calendar_2014_test,104.13230351818568,101.0,0.5,0.0,0.0,3.1323035181856795
32001,0,calendar_2014_test,105.44788075075937,117.0,0.5,0.0,0.0,11.552119249240633
32002,0,calendar_2014_test,130.41043355121593,131.0,0.5,0.0,0.0,0.589566448784069
32003,0,calendar_2014_test,143.02796648707474,128.0,0.5,0.0,0.0,15.027966487074735
32004,0,calendar_2014_test,131.6941639826256,127.0,0.5,0.0,0.0,4.694163982625611
32005,0,calendar_2014_test,126.61327818580864,141.0,0.5,0.0,0.0,14.386721814191361
32006,0,calendar_2014_test,147.3376237740144,137.0,0.5,0.0,0.0,10.33762377401439
32007,0,calendar_2014_test,135.89259656894822,151.0,0.5,0.0,0.0,15.107403431051779
32008,0,calendar_2014_test,150.80007731338512,152.0,0.5,0.0,0.0,1.199922686614883
32009,0,calendar_2014_test,148.6120971829033,148.0,0.5,0.0,0.0,0.6120971829033124
32010,0,calendar_2014_test,148.37842924173572,151.0,0.5,0.0,0.0,2.6215707582642835
32011,0,calendar_2014_test,150.48925469167176,156.0,0.5,0.0,0.0,5.510745308328239
32012,0,calendar_2014_test,163.2045760932584,143.0,0.5,0.0,0.0,20.204576093258396
32013,0,calendar_2014_test,143.8081381637821,141.0,0.5,0.0,0.0,2.808138163782104
32014,0,calendar_2014_test,146.99006988280695,140.0,0.5,0.0,0.0,6.990069882806949
32015,0,calendar_2014_test,145.58436044526252,150.0,0.5,0.0,0.0,4.415639554737481
32016,0,calendar_2014_test,154.9524576462051,162.0,0.5,0.0,0.0,7.04754235379491
32017,0,calendar_2014_test,165.83505914091873,171.0,0.5,0.0,0.0,5.16494085908127
32018,0,calendar_2014_test,176.60050480379712,179.0,0.5,0.0,0.0,2.399495196202878
32019,0,calendar_2014_test,176.43824202569513,193.0,0.5,0.0,0.0,16.561757974304868
32020,0,calendar_2014_test,192.1828591456767,170.0,0.5,0.0,0.0,22.1828591456767
32021,0,calendar_2014_test,165.68093972966653,167.0,0.5,0.0,0.0,1.3190602703334662
32022,0,calendar_2014_test,166.15862311471125,158.0,0.5,0.0,0.0,8.158623114711247
32023,0,calendar_2014_test,160.18923983686784,158.0,0.5,0.0,0.0,2.1892398368678414
32024,0,calendar_2014_test,160.58927611836702,176.0,0.5,0.0,0.0,15.410723881632975
32025,0,calendar_2014_test,178.6991797921233,162.0,0.5,0.0,0.0,16.69917979212329
32026,0,calendar_2014_test,161.96100315575924,153.0,0.5,0.0,0.0,8.961003155759244
32027,0,calendar_2014_test,146.68226217508837,129.0,0.5,0.0,0.0,17.68226217508837
32028,0,calendar_2014_test,127.7621694397319,92.0,0.5,0.0,0.0,35.762169439731906
32029,0,calendar_2014_test,80.81737563238939,83.0,0.5,0.0,0.0,2.1826243676106145
32030,0,calendar_2014_test,82.02332298682259,74.0,0.5,0.0,0.0,8.023322986822592
32031,0,calendar_2014_test,75.47885120609101,86.0,0.5,0.0,0.0,10.521148793908992
32032,0,calendar_2014_test,89.8290242452675,83.0,0.5,0.0,0.0,6.8290242452675045
32033,0,calendar_2014_test,87.39701954634799,84.0,0.5,0.0,0.0,3.397019546347991
32034,0,calendar_2014_test,88.32950265203512,84.0,0.5,0.0,0.0,4.329502652035117
32035,0,calendar_2014_test,86.88200238363957,77.0,0.5,0.0,0.0,9.882002383639573
32036,0,calendar_2014_test,79.44763043239763,75.0,0.5,0.0,0.0,4.447630432397631
32037,0,calendar_2014_test,81.56749913954118,64.0,0.5,0.0,0.0,17.567499139541184
32038,0,calendar_2014_test,66.75625641640956,59.0,0.5,0.0,0.0,7.756256416409556
32039,0,calendar_2014_test,64.61633473669434,59.0,0.5,0.0,0.0,5.616334736694341
32040,0,calendar_2014_test,63.92880143439657,72.0,0.5,0.0,0.0,8.071198565603432
32041,0,calendar_2014_test,78.2223740854947,69.0,0.5,0.0,0.0,9.222374085494707
32042,0,calendar_2014_test,69.70776065894513,69.0,0.5,0.0,0.0,0.7077606589451335
32043,0,calendar_2014_test,67.5232430511349,56.0,0.5,0.0,0.0,11.523243051134898
32044,0,calendar_2014_test,54.00688247390028,44.0,0.5,0.0,0.0,10.006882473900284
32045,0,calendar_2014_test,44.21793029587684,48.0,0.5,0.0,0.0,3.7820697041231597
32046,0,calendar_2014_test,50.71066621824044,40.0,0.5,0.0,0.0,10.71066621824044
32047,0,calendar_2014_test,42.32844240861527,46.0,0.5,0.0,0.0,3.671557591384733
32048,0,calendar_2014_test,47.02142540713097,55.0,0.5,0.0,0.0,7.97857459286903
32049,0,calendar_2014_test,56.2168848680487,57.0,0.5,0.0,0.0,0.7831151319512983
32050,0,calendar_2014_test,59.010724093441425,52.0,0.5,0.0,0.0,7.010724093441425
32051,0,calendar_2014_test,55.5398517366186,55.0,0.5,0.0,0.0,0.5398517366186013
32052,0,calendar_2014_test,58.06363702046391,59.0,0.5,0.0,0.0,0.9363629795360922
32053,0,calendar_2014_test,65.05035946003647,67.0,0.5,0.0,0.0,1.949640539963525
32054,0,calendar_2014_test,74.0926685306375,72.0,0.5,0.0,0.0,2.0926685306374964
32055,0,calendar_2014_test,77.60177044844451,78.0,0.5,0.0,0.0,0.3982295515554881
32056,0,calendar_2014_test,82.4389005461609,95.0,0.5,0.0,0.0,12.561099453839105
32057,0,calendar_2014_test,102.42789331504395,105.0,0.5,0.0,0.0,2.5721066849560543
32058,0,calendar_2014_test,106.95819527755613,112.0,0.5,0.0,0.0,5.041804722443871
32059,0,calendar_2014_test,116.38418720115254,128.0,0.5,0.0,0.0,11.615812798847458
32060,0,calendar_2014_test,134.30762494832328,127.0,0.5,0.0,0.0,7.30762494832328
32061,0,calendar_2014_test,120.17135541362451,128.0,0.5,0.0,0.0,7.828644586375489
32062,0,calendar_2014_test,122.41148653357305,121.0,0.5,0.0,0.0,1.4114865335730542
32063,0,calendar_2014_test,112.84642367837709,84.0,0.5,0.0,0.0,28.846423678377093
32064,0,calendar_2014_test,71.94856214724322,87.0,0.5,0.0,0.0,15.051437852756777
32065,0,calendar_2014_test,81.02735201315171,64.0,0.5,0.0,0.0,17.027352013151713
32066,0,calendar_2014_test,55.65674478414901,52.0,0.5,0.0,0.0,3.656744784149012
32067,0,calendar_2014_test,47.82193305475858,30.0,0.5,0.0,0.0,17.82193305475858
32068,0,calendar_2014_test,27.414415579931276,23.0,0.5,0.0,0.0,4.414415579931276
32069,0,calendar_2014_test,29.100541585745724,22.0,0.5,0.0,0.0,7.100541585745724
32070,0,calendar_2014_test,24.49917573234779,17.0,0.5,0.0,0.0,7.499175732347791
32071,0,calendar_2014_test,18.960311393934898,22.0,0.5,0.0,0.0,3.039688606065102
32072,0,calendar_2014_test,29.932022083491127,33.0,0.5,0.0,0.0,3.067977916508873
32073,0,calendar_2014_test,46.82435916125892,43.0,0.5,0.0,0.0,3.8243591612589185
32074,0,calendar_2014_test,49.361146590906976,49.0,0.5,0.0,0.0,0.36114659090697643
32075,0,calendar_2014_test,54.02200599755958,56.0,0.5,0.0,0.0,1.9779940024404183
32076,0,calendar_2014_test,61.04126078306917,59.0,0.5,0.0,0.0,2.04126078306917
32077,0,calendar_2014_test,63.73992661684451,69.0,0.5,0.0,0.0,5.260073383155493
32078,0,calendar_2014_test,75.85480774795738,59.0,0.5,0.0,0.0,16.85480774795738
32079,0,calendar_2014_test,64.13428044757468,72.0,0.5,0.0,0.0,7.865719552425318
32080,0,calendar_2014_test,74.34952544893689,76.0,0.5,0.0,0.0,1.6504745510631125
32081,0,calendar_2014_test,80.97056718959828,90.0,0.5,0.0,0.0,9.029432810401715
32082,0,calendar_2014_test,91.33087731018557,91.0,0.5,0.0,0.0,0.33087731018557065
32083,0,calendar_2014_test,88.44694001645222,90.0,0.5,0.0,0.0,1.553059983547783
32084,0,calendar_2014_test,85.66325991886683,91.0,0.5,0.0,0.0,5.336740081133172
32085,0,calendar_2014_test,84.34620735960112,66.0,0.5,0.0,0.0,18.346207359601124
32086,0,calendar_2014_test,58.12180666553989,46.0,0.5,0.0,0.0,12.121806665539893
32087,0,calendar_2014_test,48.76298417406065,49.0,0.5,0.0,0.0,0.237015825939352
32088,0,calendar_2014_test,52.232655183769324,48.0,0.5,0.0,0.0,4.2326551837693245
32089,0,calendar_2014_test,48.8266303265815,45.0,0.5,0.0,0.0,3.826630326581501
32090,0,calendar_2014_test,47.72173318873868,44.0,0.5,0.0,0.0,3.721733188738682
32091,0,calendar_2014_test,45.82014156809377,39.0,0.5,0.0,0.0,6.820141568093767
32092,0,calendar_2014_test,41.90123683417562,23.0,0.5,0.0,0.0,18.90123683417562
32093,0,calendar_2014_test,26.16572888286886,26.0,0.5,0.0,0.0,0.16572888286885856
32094,0,calendar_2014_test,30.354887800938354,24.0,0.5,0.0,0.0,6.354887800938354
32095,0,calendar_2014_test,28.323317786648598,25.0,0.5,0.0,0.0,3.323317786648598
32096,0,calendar_2014_test,28.485896728872522,30.0,0.5,0.0,0.0,1.5141032711274782
32097,0,calendar_2014_test,34.73068156457939,44.0,0.5,0.0,0.0,9.269318435420608
32098,0,calendar_2014_test,49.488413287001066,30.0,0.5,0.0,0.0,19.488413287001066
32099,0,calendar_2014_test,36.76213191865797,32.0,0.5,0.0,0.0,4.762131918657971
32100,0,calendar_2014_test,37.55531146421642,36.0,0.5,0.0,0.0,1.5553114642164232
32101,0,calendar_2014_test,46.633703656098035,43.0,0.5,0.0,0.0,3.633703656098035
32102,0,calendar_2014_test,43.75661972667279,66.0,0.5,0.0,0.0,22.24338027332721
32103,0,calendar_2014_test,72.74740472749049,68.0,0.5,0.0,0.0,4.7474047274904905
32104,0,calendar_2014_test,72.12140744340631,73.0,0.5,0.0,0.0,0.8785925565936878
32105,0,calendar_2014_test,76.70640297665396,90.0,0.5,0.0,0.0,13.293597023346038
32106,0,calendar_2014_test,91.40164515180649,106.0,0.5,0.0,0.0,14.598354848193509
32107,0,calendar_2014_test,104.66333355530962,102.0,0.5,0.0,0.0,2.6633335553096202
32108,0,calendar_2014_test,96.50360243266182,66.0,0.5,0.0,0.0,30.503602432661822
32109,0,calendar_2014_test,60.72821759124202,65.0,0.5,0.0,0.0,4.2717824087579785
32110,0,calendar_2014_test,60.94751384603601,52.0,0.5,0.0,0.0,8.94751384603601
32111,0,calendar_2014_test,48.46949780324696,68.0,0.5,0.0,0.0,19.53050219675304
32112,0,calendar_2014_test,65.04065548283737,104.0,0.5,0.0,0.0,38.959344517162634
32113,0,calendar_2014_test,92.09358494411305,84.0,0.5,0.0,0.0,8.093584944113047
32114,0,calendar_2014_test,74.93436519825308,42.0,0.5,0.0,0.0,32.934365198253076
32115,0,calendar_2014_test,43.57424249247451,36.0,0.5,0.0,0.0,7.574242492474511
32116,0,calendar_2014_test,37.027468043140274,56.0,0.5,0.0,0.0,18.972531956859726
32117,0,calendar_2014_test,58.60121264411058,51.0,0.5,0.0,0.0,7.601212644110582
32118,0,calendar_2014_test,49.85784013528884,170.0,0.5,0.0,0.0,120.14215986471116
32119,0,calendar_2014_test,136.17031453766327,87.0,0.5,0.0,0.0,49.17031453766327
32120,0,calendar_2014_test,72.01849193013922,55.0,0.5,0.0,0.0,17.01849193013922
32121,0,calendar_2014_test,52.21953176321413,107.0,0.5,0.0,0.0,54.78046823678587
32122,0,calendar_2014_test,104.39031560765794,105.0,0.5,0.0,0.0,0.6096843923420607
32123,0,calendar_2014_test,103.07458025823381,66.0,0.5,0.0,0.0,37.07458025823381
32124,0,calendar_2014_test,64.63799428883797,73.0,0.5,0.0,0.0,8.362005711162027
32125,0,calendar_2014_test,77.75178582084553,76.0,0.5,0.0,0.0,1.7517858208455266
32126,0,calendar_2014_test,78.51033050597327,60.0,0.5,0.0,0.0,18.510330505973272
32127,0,calendar_2014_test,60.783729692556086,64.0,0.5,0.0,0.0,3.2162703074439136
32128,0,calendar_2014_test,68.67736616925882,73.0,0.5,0.0,0.0,4.322633830741182
32129,0,calendar_2014_test,77.3872110632191,81.0,0.5,0.0,0.0,3.612788936780902
32130,0,calendar_2014_test,83.31858615557209,88.0,0.5,0.0,0.0,4.681413844427908
32131,0,calendar_2014_test,92.64743659240536,98.0,0.5,0.0,0.0,5.352563407594644
32132,0,calendar_2014_test,101.84976811490507,99.0,0.5,0.0,0.0,2.849768114905075
32133,0,calendar_2014_test,104.01327566395086,99.0,0.5,0.0,0.0,5.013275663950864
32134,0,calendar_2014_test,102.37123674822426,108.0,0.5,0.0,0.0,5.628763251775737
32135,0,calendar_2014_test,111.72515740144202,129.0,0.5,0.0,0.0,17.27484259855798
32136,0,calendar_2014_test,132.97382676124116,136.0,0.5,0.0,0.0,3.026173238758844
32137,0,calendar_2014_test,143.92471231481116,151.0,0.5,0.0,0.0,7.07528768518884
32138,0,calendar_2014_test,150.9113321685138,162.0,0.5,0.0,0.0,11.088667831486191
32139,0,calendar_2014_test,165.13453660697076,164.0,0.5,0.0,0.0,1.1345366069707552
32140,0,calendar_2014_test,162.86793601953707,174.0,0.5,0.0,0.0,11.13206398046293
32141,0,calendar_2014_test,175.76966655399752,185.0,0.5,0.0,0.0,9.230333446002476
32142,0,calendar_2014_test,181.096120159593,168.0,0.5,0.0,0.0,13.096120159593
32143,0,calendar_2014_test,161.36707447033402,154.0,0.5,0.0,0.0,7.367074470334018
32144,0,calendar_2014_test,149.36050020731017,143.0,0.5,0.0,0.0,6.360500207310167
32145,0,calendar_2014_test,139.95232869146054,139.0,0.5,0.0,0.0,0.9523286914605364
32146,0,calendar_2014_test,136.7779371241418,126.0,0.5,0.0,0.0,10.7779371241418
32147,0,calendar_2014_test,114.54014351419008,98.0,0.5,0.0,0.0,16.540143514190078
32148,0,calendar_2014_test,79.53175001577983,101.0,0.5,0.0,0.0,21.468249984220165
32149,0,calendar_2014_test,108.69946452954193,71.0,0.5,0.0,0.0,37.69946452954193
32150,0,calendar_2014_test,72.35710302023864,73.0,0.5,0.0,0.0,0.6428969797613604
32151,0,calendar_2014_test,76.2273504724013,80.0,0.5,0.0,0.0,3.772649527598702
32152,0,calendar_2014_test,85.46427812495877,82.0,0.5,0.0,0.0,3.464278124958767
32153,0,calendar_2014_test,87.3643628908435,76.0,0.5,0.0,0.0,11.364362890843495
32154,0,calendar_2014_test,80.7958436744397,84.0,0.5,0.0,0.0,3.204156325560305
32155,0,calendar_2014_test,88.62612057458045,89.0,0.5,0.0,0.0,0.37387942541954544
32156,0,calendar_2014_test,91.64037378963256,91.0,0.5,0.0,0.0,0.6403737896325623
32157,0,calendar_2014_test,93.75969432436145,96.0,0.5,0.0,0.0,2.2403056756385524
32158,0,calendar_2014_test,99.51821075566356,107.0,0.5,0.0,0.0,7.48178924433644
32159,0,calendar_2014_test,110.04805741237159,109.0,0.5,0.0,0.0,1.0480574123715911
32160,0,calendar_2014_test,109.82562346917366,112.0,0.5,0.0,0.0,2.1743765308263363
32161,0,calendar_2014_test,116.14083232277905,119.0,0.5,0.0,0.0,2.8591676772209524
32162,0,calendar_2014_test,122.44996579691181,122.0,0.5,0.0,0.0,0.4499657969118118
32163,0,calendar_2014_test,127.5331607712208,125.0,0.5,0.0,0.0,2.533160771220807
32164,0,calendar_2014_test,127.95630599794565,121.0,0.5,0.0,0.0,6.956305997945648
32165,0,calendar_2014_test,124.72536501999879,128.0,0.5,0.0,0.0,3.27463498000121
32166,0,calendar_2014_test,131.0945669638657,135.0,0.5,0.0,0.0,3.9054330361342977
32167,0,calendar_2014_test,134.20421795879503,136.0,0.5,0.0,0.0,1.7957820412049728
32168,0,calendar_2014_test,135.45944444619172,121.0,0.5,0.0,0.0,14.459444446191725
32169,0,calendar_2014_test,119.71957230292529,117.0,0.5,0.0,0.0,2.719572302925286
32170,0,calendar_2014_test,113.5955479551449,105.0,0.5,0.0,0.0,8.595547955144895
32171,0,calendar_2014_test,101.34549437639117,100.0,0.5,0.0,0.0,1.3454943763911729
32172,0,calendar_2014_test,100.8607093074567,117.0,0.5,0.0,0.0,16.139290692543298
32173,0,calendar_2014_test,130.29533089310388,118.0,0.5,0.0,0.0,12.29533089310388
32174,0,calendar_2014_test,120.62668995200585,121.0,0.5,0.0,0.0,0.3733100479941527
32175,0,calendar_2014_test,126.34159382913573,140.0,0.5,0.0,0.0,13.658406170864268
32176,0,calendar_2014_test,145.9948039669311,139.0,0.5,0.0,0.0,6.9948039669311015
32177,0,calendar_2014_test,141.92434107353287,136.0,0.5,0.0,0.0,5.924341073532872
32178,0,calendar_2014_test,137.7773102575181,143.0,0.5,0.0,0.0,5.22268974248189
32179,0,calendar_2014_test,148.885956999981,155.0,0.5,0.0,0.0,6.114043000018995
32180,0,calendar_2014_test,163.71609607444037,141.0,0.5,0.0,0.0,22.716096074440372
32181,0,calendar_2014_test,143.5070237854917,110.0,0.5,0.0,0.0,33.5070237854917
32182,0,calendar_2014_test,105.4429881553164,118.0,0.5,0.0,0.0,12.5570118446836
32183,0,calendar_2014_test,124.04026777971987,124.0,0.5,0.0,0.0,0.04026777971986917
32184,0,calendar_2014_test,132.07485535434571,135.0,0.5,0.0,0.0,2.925144645654285
32185,0,calendar_2014_test,140.57325748283,156.0,0.5,0.0,0.0,15.426742517169998
32186,0,calendar_2014_test,162.87633936429725,163.0,0.5,0.0,0.0,0.12366063570274832
32187,0,calendar_2014_test,161.72816930978766,167.0,0.5,0.0,0.0,5.27183069021234
32188,0,calendar_2014_test,165.11035254029477,169.0,0.5,0.0,0.0,3.8896474597052304
32189,0,calendar_2014_test,161.36565143783847,177.0,0.5,0.0,0.0,15.634348562161534
32190,0,calendar_2014_test,170.42616488515512,131.0,0.5,0.0,0.0,39.42616488515512
32191,0,calendar_2014_test,113.70633955789387,102.0,0.5,0.0,0.0,11.70633955789387
32192,0,calendar_2014_test,91.94243879623752,90.0,0.5,0.0,0.0,1.942438796237525
32193,0,calendar_2014_test,83.15956372892543,96.0,0.5,0.0,0.0,12.840436271074566
32194,0,calendar_2014_test,90.33651449651497,112.0,0.5,0.0,0.0,21.663485503485035
32195,0,calendar_2014_test,112.13880792252685,101.0,0.5,0.0,0.0,11.138807922526851
32196,0,calendar_2014_test,96.0101709996621,101.0,0.5,0.0,0.0,4.989829000337906
32197,0,calendar_2014_test,94.73252889804735,104.0,0.5,0.0,0.0,9.267471101952651
32198,0,calendar_2014_test,100.90709980387717,92.0,0.5,0.0,0.0,8.907099803877173
32199,0,calendar_2014_test,80.0942316915484,55.0,0.5,0.0,0.0,25.0942316915484
32200,0,calendar_2014_test,42.19079908095737,27.0,0.5,0.0,0.0,15.190799080957369
32201,0,calendar_2014_test,30.148356899814058,30.0,0.5,0.0,0.0,0.14835689981405764
32202,0,calendar_2014_test,28.58920829151529,27.0,0.5,0.0,0.0,1.5892082915152912
32203,0,calendar_2014_test,23.505480064792714,21.0,0.5,0.0,0.0,2.505480064792714
32204,0,calendar_2014_test,19.316481018143797,25.0,0.5,0.0,0.0,5.683518981856203
32205,0,calendar_2014_test,23.057528479785713,23.0,0.5,0.0,0.0,0.05752847978571296
32206,0,calendar_2014_test,23.546824926134082,28.0,0.5,0.0,0.0,4.453175073865918
32207,0,calendar_2014_test,28.620398006681615,29.0,0.5,0.0,0.0,0.37960199331838496
32208,0,calendar_2014_test,28.260140280097193,31.0,0.5,0.0,0.0,2.7398597199028067
32209,0,calendar_2014_test,32.409564474421686,38.0,0.5,0.0,0.0,5.5904355255783145
32210,0,calendar_2014_test,39.11236112488553,39.0,0.5,0.0,0.0,0.11236112488553118
32211,0,calendar_2014_test,36.27109878935865,61.0,0.5,0.0,0.0,24.728901210641347
32212,0,calendar_2014_test,58.202633346358674,42.0,0.5,0.0,0.0,16.202633346358674
32213,0,calendar_2014_test,43.1547374150081,47.0,0.5,0.0,0.0,3.8452625849919
32214,0,calendar_2014_test,51.89335372603839,52.0,0.5,0.0,0.0,0.10664627396160853
32215,0,calendar_2014_test,55.43752789256244,47.0,0.5,0.0,0.0,8.437527892562443
32216,0,calendar_2014_test,50.07685374326017,42.0,0.5,0.0,0.0,8.076853743260173
32217,0,calendar_2014_test,46.13409657476986,48.0,0.5,0.0,0.0,1.8659034252301367
32218,0,calendar_2014_test,53.207062713297624,52.0,0.5,0.0,0.0,1.2070627132976242
32219,0,calendar_2014_test,56.59963676442685,48.0,0.5,0.0,0.0,8.599636764426847
32220,0,calendar_2014_test,51.89516887730339,59.0,0.5,0.0,0.0,7.104831122696609
32221,0,calendar_2014_test,65.68425443251608,48.0,0.5,0.0,0.0,17.684254432516084
32222,0,calendar_2014_test,49.54413993907074,35.0,0.5,0.0,0.0,14.544139939070739
32223,0,calendar_2014_test,38.774194539112294,41.0,0.5,0.0,0.0,2.225805460887706
32224,0,calendar_2014_test,47.78965129722522,36.0,0.5,0.0,0.0,11.78965129722522
32225,0,calendar_2014_test,39.14218220112401,41.0,0.5,0.0,0.0,1.8578177988759919
32226,0,calendar_2014_test,48.21007234115503,49.0,0.5,0.0,0.0,0.7899276588449666
32227,0,calendar_2014_test,52.15515603071788,59.0,0.5,0.0,0.0,6.844843969282117
32228,0,calendar_2014_test,60.80785728700782,72.0,0.5,0.0,0.0,11.19214271299218
32229,0,calendar_2014_test,70.30961835321804,80.0,0.5,0.0,0.0,9.690381646781958
32230,0,calendar_2014_test,77.13973686852596,58.0,0.5,0.0,0.0,19.139736868525958
32231,0,calendar_2014_test,51.629738888252135,46.0,0.5,0.0,0.0,5.629738888252135
32232,0,calendar_2014_test,42.733242279824665,54.0,0.5,0.0,0.0,11.266757720175335
32233,0,calendar_2014_test,50.12104208405383,43.0,0.5,0.0,0.0,7.121042084053833
32234,0,calendar_2014_test,40.206394153924734,35.0,0.5,0.0,0.0,5.206394153924734
32235,0,calendar_2014_test,33.93020186185636,39.0,0.5,0.0,0.0,5.069798138143639
32236,0,calendar_2014_test,36.882671415324,20.0,0.5,0.0,0.0,16.882671415323998
32237,0,calendar_2014_test,20.38460110320906,78.0,0.5,0.0,0.0,57.615398896790936
32238,0,calendar_2014_test,69.07871209873461,72.0,0.5,0.0,0.0,2.921287901265387
32239,0,calendar_2014_test,74.08419729660825,84.0,0.5,0.0,0.0,9.915802703391748
32240,0,calendar_2014_test,88.53992024968136,55.0,0.5,0.0,0.0,33.53992024968136
32241,0,calendar_2014_test,53.65541462990083,77.0,0.5,0.0,0.0,23.344585370099168
32242,0,calendar_2014_test,84.13589904287403,135.0,0.5,0.0,0.0,50.86410095712597
32243,0,calendar_2014_test,151.20378394277253,76.0,0.5,0.0,0.0,75.20378394277253
32244,0,calendar_2014_test,72.83819226631442,75.0,0.5,0.0,0.0,2.1618077336855777
32245,0,calendar_2014_test,79.00570950493277,98.0,0.5,0.0,0.0,18.994290495067233
32246,0,calendar_2014_test,102.44364011514556,116.0,0.5,0.0,0.0,13.556359884854444
32247,0,calendar_2014_test,118.96004408315825,106.0,0.5,0.0,0.0,12.960044083158252
32248,0,calendar_2014_test,101.68171281766196,48.0,0.5,0.0,0.0,53.68171281766196
32249,0,calendar_2014_test,49.24084950492811,37.0,0.5,0.0,0.0,12.240849504928107
32250,0,calendar_2014_test,40.323341464750186,39.0,0.5,0.0,0.0,1.323341464750186
32251,0,calendar_2014_test,40.73479229335751,38.0,0.5,0.0,0.0,2.7347922933575077
32252,0,calendar_2014_test,40.34906470899789,64.0,0.5,0.0,0.0,23.650935291002106
32253,0,calendar_2014_test,72.67113951531074,73.0,0.5,0.0,0.0,0.3288604846892582
32254,0,calendar_2014_test,72.98605570845417,73.0,0.5,0.0,0.0,0.013944291545826104
32255,0,calendar_2014_test,67.62790087837287,80.0,0.5,0.0,0.0,12.37209912162713
32256,0,calendar_2014_test,78.81740473236279,86.0,0.5,0.0,0.0,7.182595267637211
32257,0,calendar_2014_test,81.77675400003112,106.0,0.5,0.0,0.0,24.22324599996888
32258,0,calendar_2014_test,108.35614769903987,132.0,0.5,0.0,0.0,23.643852300960134
32259,0,calendar_2014_test,132.60236253710775,101.0,0.5,0.0,0.0,31.60236253710775
32260,0,calendar_2014_test,91.0803334137819,68.0,0.5,0.0,0.0,23.0803334137819
32261,0,calendar_2014_test,66.56948796468043,51.0,0.5,0.0,0.0,15.569487964680434
32262,0,calendar_2014_test,49.8723417646954,47.0,0.5,0.0,0.0,2.872341764695399
32263,0,calendar_2014_test,50.01369523041595,41.0,0.5,0.0,0.0,9.013695230415948
32264,0,calendar_2014_test,41.17629465175996,42.0,0.5,0.0,0.0,0.8237053482400398
32265,0,calendar_2014_test,45.64213116093463,49.0,0.5,0.0,0.0,3.357868839065368
32266,0,calendar_2014_test,52.52305826148732,58.0,0.5,0.0,0.0,5.476941738512679
32267,0,calendar_2014_test,61.76181475746434,63.0,0.5,0.0,0.0,1.238185242535657
32268,0,calendar_2014_test,69.12862448529351,67.0,0.5,0.0,0.0,2.128624485293514
32269,0,calendar_2014_test,76.69246596149544,72.0,0.5,0.0,0.0,4.692465961495444
32270,0,calendar_2014_test,78.51928460670261,105.0,0.5,0.0,0.0,26.480715393297388
32271,0,calendar_2014_test,113.91241596720853,86.0,0.5,0.0,0.0,27.91241596720853
32272,0,calendar_2014_test,85.12482382733717,81.0,0.5,0.0,0.0,4.124823827337167
32273,0,calendar_2014_test,83.45761515681527,92.0,0.5,0.0,0.0,8.542384843184735
32274,0,calendar_2014_test,95.9505786230318,93.0,0.5,0.0,0.0,2.9505786230318023
32275,0,calendar_2014_test,97.559343650817,105.0,0.5,0.0,0.0,7.440656349183001
32276,0,calendar_2014_test,108.39824545248466,94.0,0.5,0.0,0.0,14.398245452484659
32277,0,calendar_2014_test,94.65034905228461,91.0,0.5,0.0,0.0,3.6503490522846107
32278,0,calendar_2014_test,93.10192257071152,83.0,0.5,0.0,0.0,10.101922570711523
32279,0,calendar_2014_test,85.5711034756467,96.0,0.5,0.0,0.0,10.428896524353306
32280,0,calendar_2014_test,100.31267258816658,113.0,0.5,0.0,0.0,12.687327411833422
32281,0,calendar_2014_test,118.67051982426709,121.0,0.5,0.0,0.0,2.329480175732911
32282,0,calendar_2014_test,127.0605409347286,136.0,0.5,0.0,0.0,8.939459065271393
32283,0,calendar_2014_test,143.0354091013879,132.0,0.5,0.0,0.0,11.035409101387899
32284,0,calendar_2014_test,128.70356756961755,133.0,0.5,0.0,0.0,4.296432430382453
32285,0,calendar_2014_test,127.94598712423497,136.0,0.5,0.0,0.0,8.054012875765025
32286,0,calendar_2014_test,132.46947393880524,111.0,0.5,0.0,0.0,21.469473938805237
32287,0,calendar_2014_test,100.03649835886169,106.0,0.5,0.0,0.0,5.963501641138308
32288,0,calendar_2014_test,100.08655721956569,104.0,0.5,0.0,0.0,3.913442780434309
32289,0,calendar_2014_test,101.39701944523945,98.0,0.5,0.0,0.0,3.397019445239451
32290,0,calendar_2014_test,97.42286252800439,99.0,0.5,0.0,0.0,1.5771374719956128
32291,0,calendar_2014_test,102.48756301434668,90.0,0.5,0.0,0.0,12.487563014346676
32292,0,calendar_2014_test,92.63270585576747,95.0,0.5,0.0,0.0,2.367294144232531
32293,0,calendar_2014_test,97.85977849693089,105.0,0.5,0.0,0.0,7.140221503069114
32294,0,calendar_2014_test,106.22103480346516,99.0,0.5,0.0,0.0,7.221034803465159
32295,0,calendar_2014_test,100.81838648726088,102.0,0.5,0.0,0.0,1.1816135127391192
32296,0,calendar_2014_test,106.51234045283971,103.0,0.5,0.0,0.0,3.512340452839709
32297,0,calendar_2014_test,107.438786364512,89.0,0.5,0.0,0.0,18.438786364511998
32298,0,calendar_2014_test,86.7683015142743,89.0,0.5,0.0,0.0,2.231698485725701
32299,0,calendar_2014_test,92.0300166675019,94.0,0.5,0.0,0.0,1.9699833324981029
32300,0,calendar_2014_test,100.74243819092223,97.0,0.5,0.0,0.0,3.742438190922229
32301,0,calendar_2014_test,102.26442095421707,100.0,0.5,0.0,0.0,2.264420954217073
32302,0,calendar_2014_test,104.5145497968176,111.0,0.5,0.0,0.0,6.4854502031823955
32303,0,calendar_2014_test,122.17197954815143,115.0,0.5,0.0,0.0,7.171979548151427
32304,0,calendar_2014_test,120.63325273799332,146.0,0.5,0.0,0.0,25.366747262006683
32305,0,calendar_2014_test,157.90647835007306,156.0,0.5,0.0,0.0,1.9064783500730584
32306,0,calendar_2014_test,163.1878624478648,221.0,0.5,0.0,0.0,57.8121375521352
32307,0,calendar_2014_test,238.8286425469698,170.0,0.5,0.0,0.0,68.8286425469698
32308,0,calendar_2014_test,137.6806153717822,135.0,0.5,0.0,0.0,2.68061537178221
32309,0,calendar_2014_test,119.67789012986499,98.0,0.5,0.0,0.0,21.67789012986499
32310,0,calendar_2014_test,87.42250003996874,86.0,0.5,0.0,0.0,1.4225000399687389
32311,0,calendar_2014_test,83.59210447377376,81.0,0.5,0.0,0.0,2.592104473773759
32312,0,calendar_2014_test,80.21827723383429,79.0,0.5,0.0,0.0,1.2182772338342858
32313,0,calendar_2014_test,78.19258853691525,153.0,0.5,0.0,0.0,74.80741146308475
32314,0,calendar_2014_test,145.61564948850705,119.0,0.5,0.0,0.0,26.615649488507046
32315,0,calendar_2014_test,106.40486157893014,94.0,0.5,0.0,0.0,12.404861578930138
32316,0,calendar_2014_test,87.94631715715775,91.0,0.5,0.0,0.0,3.0536828428422496
32317,0,calendar_2014_test,92.7189923892332,90.0,0.5,0.0,0.0,2.7189923892331933
32318,0,calendar_2014_test,91.82671379277284,90.0,0.5,0.0,0.0,1.8267137927728356
32319,0,calendar_2014_test,92.19926968012788,87.0,0.5,0.0,0.0,5.199269680127884
32320,0,calendar_2014_test,90.1722864904361,94.0,0.5,0.0,0.0,3.8277135095639068
32321,0,calendar_2014_test,100.29467189473345,97.0,0.5,0.0,0.0,3.2946718947334546
32322,0,calendar_2014_test,99.95199642804432,107.0,0.5,0.0,0.0,7.048003571955675
32323,0,calendar_2014_test,110.6153794877124,112.0,0.5,0.0,0.0,1.3846205122875972
32324,0,calendar_2014_test,117.88963974724552,152.0,0.5,0.0,0.0,34.110360252754475
32325,0,calendar_2014_test,161.98384739478564,129.0,0.5,0.0,0.0,32.98384739478564
32326,0,calendar_2014_test,126.00159130470394,135.0,0.5,0.0,0.0,8.998408695296064
32327,0,calendar_2014_test,138.8282644294523,135.0,0.5,0.0,0.0,3.828264429452304
32328,0,calendar_2014_test,133.12976284888893,150.0,0.5,0.0,0.0,16.87023715111107
32329,0,calendar_2014_test,149.96169066813744,162.0,0.5,0.0,0.0,12.038309331862564
32330,0,calendar_2014_test,162.79870829301223,155.0,0.5,0.0,0.0,7.798708293012226
32331,0,calendar_2014_test,157.2276851024253,143.0,0.5,0.0,0.0,14.227685102425312
32332,0,calendar_2014_test,140.97649162483927,144.0,0.5,0.0,0.0,3.0235083751607306
32333,0,calendar_2014_test,145.55019845299086,158.0,0.5,0.0,0.0,12.449801547009145
32334,0,calendar_2014_test,157.73939891953714,202.0,0.5,0.0,0.0,44.26060108046286
32335,0,calendar_2014_test,191.844752450438,143.0,0.5,0.0,0.0,48.844752450437994
32336,0,calendar_2014_test,130.01486542418385,147.0,0.5,0.0,0.0,16.985134575816147
32337,0,calendar_2014_test,142.99334999275354,136.0,0.5,0.0,0.0,6.9933499927535365
32338,0,calendar_2014_test,116.88893414776663,130.0,0.5,0.0,0.0,13.111065852233367
32339,0,calendar_2014_test,122.00154447932057,68.0,0.5,0.0,0.0,54.00154447932057
32340,0,calendar_2014_test,55.10520862125878,113.0,0.5,0.0,0.0,57.89479137874122
32341,0,calendar_2014_test,114.91000229919739,54.0,0.5,0.0,0.0,60.91000229919739
32342,0,calendar_2014_test,46.75789267668643,51.0,0.5,0.0,0.0,4.242107323313569
32343,0,calendar_2014_test,47.311393785921084,48.0,0.5,0.0,0.0,0.6886062140789164
32344,0,calendar_2014_test,45.47142782643538,47.0,0.5,0.0,0.0,1.5285721735646192
32345,0,calendar_2014_test,43.39970150504025,44.0,0.5,0.0,0.0,0.6002984949597518
32346,0,calendar_2014_test,42.150377450663626,34.0,0.5,0.0,0.0,8.150377450663626
32347,0,calendar_2014_test,32.15972816887718,28.0,0.5,0.0,0.0,4.15972816887718
32348,0,calendar_2014_test,26.484921279890305,34.0,0.5,0.0,0.0,7.515078720109695
32349,0,calendar_2014_test,32.08236122974857,34.0,0.5,0.0,0.0,1.917638770251429
32350,0,calendar_2014_test,32.60639953233369,25.0,0.5,0.0,0.0,7.60639953233369
32351,0,calendar_2014_test,24.59284549904296,26.0,0.5,0.0,0.0,1.4071545009570414
32352,0,calendar_2014_test,24.03965143716243,39.0,0.5,0.0,0.0,14.96034856283757
32353,0,calendar_2014_test,35.66407499682416,52.0,0.5,0.0,0.0,16.335925003175838
32354,0,calendar_2014_test,48.592028005729226,54.0,0.5,0.0,0.0,5.407971994270774
32355,0,calendar_2014_test,48.28798277807517,50.0,0.5,0.0,0.0,1.7120172219248317
32356,0,calendar_2014_test,45.19713803062876,50.0,0.5,0.0,0.0,4.802861969371243
32357,0,calendar_2014_test,46.18287004241947,60.0,0.5,0.0,0.0,13.817129957580534
32358,0,calendar_2014_test,55.51630588324837,59.0,0.5,0.0,0.0,3.4836941167516287
32359,0,calendar_2014_test,55.471930561912586,49.0,0.5,0.0,0.0,6.471930561912586
32360,0,calendar_2014_test,44.62006858645476,37.0,0.5,0.0,0.0,7.620068586454757
32361,0,calendar_2014_test,38.16312969830809,32.0,0.5,0.0,0.0,6.16312969830809
32362,0,calendar_2014_test,31.527488187388805,24.0,0.5,0.0,0.0,7.527488187388805
32363,0,calendar_2014_test,26.290693069055127,17.0,0.5,0.0,0.0,9.290693069055127
32364,0,calendar_2014_test,24.15527275544096,21.0,0.5,0.0,0.0,3.1552727554409614
32365,0,calendar_2014_test,25.762145029053066,27.0,0.5,0.0,0.0,1.237854970946934
32366,0,calendar_2014_test,32.391466389514626,27.0,0.5,0.0,0.0,5.391466389514626
32367,0,calendar_2014_test,29.547623114214073,42.0,0.5,0.0,0.0,12.452376885785927
32368,0,calendar_2014_test,46.93736451151119,42.0,0.5,0.0,0.0,4.937364511511191
32369,0,calendar_2014_test,46.49973347656404,55.0,0.5,0.0,0.0,8.500266523435961
32370,0,calendar_2014_test,57.85511943120177,48.0,0.5,0.0,0.0,9.855119431201771
32371,0,calendar_2014_test,48.71300432399406,40.0,0.5,0.0,0.0,8.713004323994063
32372,0,calendar_2014_test,43.52869920547295,42.0,0.5,0.0,0.0,1.5286992054729467
32373,0,calendar_2014_test,44.934143747026845,39.0,0.5,0.0,0.0,5.9341437470268446
32374,0,calendar_2014_test,41.107707609749895,64.0,0.5,0.0,0.0,22.892292390250105
32375,0,calendar_2014_test,72.93760567484149,88.0,0.5,0.0,0.0,15.062394325158508
32376,0,calendar_2014_test,91.98662042733721,104.0,0.5,0.0,0.0,12.013379572662785
32377,0,calendar_2014_test,102.94286643976098,122.0,0.5,0.0,0.0,19.057133560239023
32378,0,calendar_2014_test,124.70523926437393,167.0,0.5,0.0,0.0,42.29476073562607
32379,0,calendar_2014_test,166.6032397430998,116.0,0.5,0.0,0.0,50.603239743099806
32380,0,calendar_2014_test,104.61766540681239,121.0,0.5,0.0,0.0,16.382334593187608
32381,0,calendar_2014_test,125.64944790118538,113.0,0.5,0.0,0.0,12.649447901185383
32382,0,calendar_2014_test,103.01109251580401,90.0,0.5,0.0,0.0,13.011092515804009
32383,0,calendar_2014_test,78.23975985672745,59.0,0.5,0.0,0.0,19.239759856727446
32384,0,calendar_2014_test,50.34841350232127,66.0,0.5,0.0,0.0,15.651586497678728
32385,0,calendar_2014_test,60.869370116290916,95.0,0.5,0.0,0.0,34.130629883709084
32386,0,calendar_2014_test,84.23241709126363,104.0,0.5,0.0,0.0,19.767582908736372
32387,0,calendar_2014_test,94.95879130069355,117.0,0.5,0.0,0.0,22.041208699306452
32388,0,calendar_2014_test,115.63410455205985,96.0,0.5,0.0,0.0,19.634104552059853
32389,0,calendar_2014_test,81.41308836351023,50.0,0.5,0.0,0.0,31.413088363510226
32390,0,calendar_2014_test,39.1457157742245,50.0,0.5,0.0,0.0,10.854284225775501
32391,0,calendar_2014_test,47.04075589487024,48.0,0.5,0.0,0.0,0.9592441051297627
32392,0,calendar_2014_test,44.29190269409952,52.0,0.5,0.0,0.0,7.7080973059004805
32393,0,calendar_2014_test,48.21662754374569,39.0,0.5,0.0,0.0,9.216627543745687
32394,0,calendar_2014_test,33.408969579568016,35.0,0.5,0.0,0.0,1.5910304204319843
32395,0,calendar_2014_test,32.289608572987134,50.0,0.5,0.0,0.0,17.710391427012866
32396,0,calendar_2014_test,47.980454073193656,38.0,0.5,0.0,0.0,9.980454073193656
32397,0,calendar_2014_test,32.99711265753864,41.0,0.5,0.0,0.0,8.002887342461356
32398,0,calendar_2014_test,38.287962692938905,46.0,0.5,0.0,0.0,7.712037307061095
32399,0,calendar_2014_test,44.12072051761172,51.0,0.5,0.0,0.0,6.879279482388277
32400,0,calendar_2014_test,47.41432245686673,51.0,0.5,0.0,0.0,3.585677543133272
32401,0,calendar_2014_test,45.616883527335794,59.0,0.5,0.0,0.0,13.383116472664206
32402,0,calendar_2014_test,56.20796864518309,57.0,0.5,0.0,0.0,0.7920313548169133
32403,0,calendar_2014_test,52.99614824752033,56.0,0.5,0.0,0.0,3.003851752479669
32404,0,calendar_2014_test,52.9793862365145,46.0,0.5,0.0,0.0,6.9793862365145
32405,0,calendar_2014_test,42.44515291477502,50.0,0.5,0.0,0.0,7.554847085224978
32406,0,calendar_2014_test,47.65956312912182,52.0,0.5,0.0,0.0,4.340436870878179
32407,0,calendar_2014_test,47.75806024279232,49.0,0.5,0.0,0.0,1.2419397572076818
32408,0,calendar_2014_test,44.81256288151645,43.0,0.5,0.0,0.0,1.812562881516449
32409,0,calendar_2014_test,41.39570652699205,43.0,0.5,0.0,0.0,1.6042934730079494
32410,0,calendar_2014_test,41.47849762368063,32.0,0.5,0.0,0.0,9.478497623680632
32411,0,calendar_2014_test,32.67705976867471,26.0,0.5,0.0,0.0,6.6770597686747095
32412,0,calendar_2014_test,27.350745448188057,31.0,0.5,0.0,0.0,3.649254551811943
32413,0,calendar_2014_test,38.44931485216018,32.0,0.5,0.0,0.0,6.449314852160178
32414,0,calendar_2014_test,35.79991732475666,46.0,0.5,0.0,0.0,10.200082675243337
32415,0,calendar_2014_test,52.13490718175896,98.0,0.5,0.0,0.0,45.86509281824104
32416,0,calendar_2014_test,101.11864659153434,67.0,0.5,0.0,0.0,34.11864659153434
32417,0,calendar_2014_test,69.00474112254453,82.0,0.5,0.0,0.0,12.99525887745547
32418,0,calendar_2014_test,90.70846560619462,65.0,0.5,0.0,0.0,25.708465606194622
32419,0,calendar_2014_test,64.14680266423872,85.0,0.5,0.0,0.0,20.85319733576128
32420,0,calendar_2014_test,91.13902883772896,63.0,0.5,0.0,0.0,28.139028837728958
32421,0,calendar_2014_test,61.998334050074234,48.0,0.5,0.0,0.0,13.998334050074234
32422,0,calendar_2014_test,47.268635658537946,36.0,0.5,0.0,0.0,11.268635658537946
32423,0,calendar_2014_test,33.86158705509166,44.0,0.5,0.0,0.0,10.138412944908339
32424,0,calendar_2014_test,43.99139672891584,49.0,0.5,0.0,0.0,5.008603271084162
32425,0,calendar_2014_test,44.30117518727548,35.0,0.5,0.0,0.0,9.301175187275483
32426,0,calendar_2014_test,34.68086285256761,39.0,0.5,0.0,0.0,4.319137147432393
32427,0,calendar_2014_test,42.25718950525862,52.0,0.5,0.0,0.0,9.742810494741377
32428,0,calendar_2014_test,55.68655178167743,31.0,0.5,0.0,0.0,24.68655178167743
32429,0,calendar_2014_test,32.81468093293352,39.0,0.5,0.0,0.0,6.18531906706648
32430,0,calendar_2014_test,38.325008944403606,36.0,0.5,0.0,0.0,2.3250089444036064
32431,0,calendar_2014_test,33.290214027552736,33.0,0.5,0.0,0.0,0.29021402755273584
32432,0,calendar_2014_test,39.47659876157869,33.0,0.5,0.0,0.0,6.476598761578693
32433,0,calendar_2014_test,39.239117338317065,38.0,0.5,0.0,0.0,1.2391173383170653
32434,0,calendar_2014_test,44.76226564680792,32.0,0.5,0.0,0.0,12.762265646807919
32435,0,calendar_2014_test,38.39169587449202,39.0,0.5,0.0,0.0,0.6083041255079777
32436,0,calendar_2014_test,45.517693058413364,38.0,0.5,0.0,0.0,7.517693058413364
32437,0,calendar_2014_test,43.23223212164565,34.0,0.5,0.0,0.0,9.232232121645652
32438,0,calendar_2014_test,39.21434570658596,50.0,0.5,0.0,0.0,10.78565429341404
32439,0,calendar_2014_test,54.86555695698294,59.0,0.5,0.0,0.0,4.134443043017058
32440,0,calendar_2014_test,65.85043539278706,59.0,0.5,0.0,0.0,6.8504353927870625
32441,0,calendar_2014_test,64.07547318111651,56.0,0.5,0.0,0.0,8.075473181116507
32442,0,calendar_2014_test,59.94603445625102,63.0,0.5,0.0,0.0,3.05396554374898
32443,0,calendar_2014_test,68.50852257189648,72.0,0.5,0.0,0.0,3.491477428103522
32444,0,calendar_2014_test,77.7048054539955,71.0,0.5,0.0,0.0,6.704805453995505
32445,0,calendar_2014_test,72.51017920596239,75.0,0.5,0.0,0.0,2.4898207940376125
32446,0,calendar_2014_test,81.28113471398383,71.0,0.5,0.0,0.0,10.281134713983832
32447,0,calendar_2014_test,69.33474380626392,61.0,0.5,0.0,0.0,8.334743806263916
32448,0,calendar_2014_test,58.54558392598997,93.0,0.5,0.0,0.0,34.45441607401003
32449,0,calendar_2014_test,106.66020537386434,97.0,0.5,0.0,0.0,9.660205373864343
32450,0,calendar_2014_test,98.37557384994827,110.0,0.5,0.0,0.0,11.624426150051733
32451,0,calendar_2014_test,118.52607431066363,95.0,0.5,0.0,0.0,23.52607431066363
32452,0,calendar_2014_test,95.07377711972818,103.0,0.5,0.0,0.0,7.926222880271823
32453,0,calendar_2014_test,105.52064770791492,123.0,0.5,0.0,0.0,17.479352292085082
32454,0,calendar_2014_test,129.0386034526758,138.0,0.5,0.0,0.0,8.961396547324199
32455,0,calendar_2014_test,138.29189183416474,111.0,0.5,0.0,0.0,27.291891834164744
32456,0,calendar_2014_test,106.2336608946018,110.0,0.5,0.0,0.0,3.7663391053982025
32457,0,calendar_2014_test,109.9907859244236,108.0,0.5,0.0,0.0,1.990785924423605
32458,0,calendar_2014_test,109.0765538627763,106.0,0.5,0.0,0.0,3.0765538627762936
32459,0,calendar_2014_test,108.0918184133568,108.0,0.5,0.0,0.0,0.09181841335680474
32460,0,calendar_2014_test,114.5158113555133,120.0,0.5,0.0,0.0,5.484188644486693
32461,0,calendar_2014_test,132.51442055101913,154.0,0.5,0.0,0.0,21.48557944898087
32462,0,calendar_2014_test,164.06889236376756,134.0,0.5,0.0,0.0,30.06889236376756
32463,0,calendar_2014_test,125.2573214871394,133.0,0.5,0.0,0.0,7.742678512860607
32464,0,calendar_2014_test,131.63535649383758,124.0,0.5,0.0,0.0,7.635356493837577
32465,0,calendar_2014_test,124.9793097637561,126.0,0.5,0.0,0.0,1.0206902362438939
32466,0,calendar_2014_test,127.99112002409511,127.0,0.5,0.0,0.0,0.9911200240951104
32467,0,calendar_2014_test,129.92199553474543,132.0,0.5,0.0,0.0,2.0780044652545655
32468,0,calendar_2014_test,137.98001350830683,132.0,0.5,0.0,0.0,5.9800135083068255
32469,0,calendar_2014_test,131.7189537345542,135.0,0.5,0.0,0.0,3.2810462654458092
32470,0,calendar_2014_test,138.86834062684355,159.0,0.5,0.0,0.0,20.131659373156452
32471,0,calendar_2014_test,162.79443127472163,151.0,0.5,0.0,0.0,11.794431274721632
32472,0,calendar_2014_test,143.05317746225813,148.0,0.5,0.0,0.0,4.946822537741866
32473,0,calendar_2014_test,140.74363579728828,140.0,0.5,0.0,0.0,0.7436357972882774
32474,0,calendar_2014_test,128.94033810068558,105.0,0.5,0.0,0.0,23.94033810068558
32475,0,calendar_2014_test,79.43364692314745,85.0,0.5,0.0,0.0,5.56635307685255
32476,0,calendar_2014_test,73.62628376330858,84.0,0.5,0.0,0.0,10.373716236691422
32477,0,calendar_2014_test,78.24867218764943,114.0,0.5,0.0,0.0,35.75132781235057
32478,0,calendar_2014_test,106.78514460430114,112.0,0.5,0.0,0.0,5.214855395698862
32479,0,calendar_2014_test,102.48179241960202,111.0,0.5,0.0,0.0,8.518207580397984
32480,0,calendar_2014_test,103.99395831554739,36.0,0.5,0.0,0.0,67.99395831554739
32481,0,calendar_2014_test,31.984012617313642,12.0,0.5,0.0,0.0,19.984012617313642
32482,0,calendar_2014_test,16.509296916506145,12.0,0.5,0.0,0.0,4.509296916506145
32483,0,calendar_2014_test,17.59666585978281,15.0,0.5,0.0,0.0,2.59666585978281
32484,0,calendar_2014_test,17.9576755006536,23.0,0.5,0.0,0.0,5.0423244993464
32485,0,calendar_2014_test,36.2659154388395,24.0,0.5,0.0,0.0,12.2659154388395
32486,0,calendar_2014_test,32.1356054610702,16.0,0.5,0.0,0.0,16.1356054610702
32487,0,calendar_2014_test,22.858557444846074,63.0,0.5,0.0,0.0,40.14144255515393
32488,0,calendar_2014_test,63.20742685333067,84.0,0.5,0.0,0.0,20.792573146669334
32489,0,calendar_2014_test,90.60749371690605,93.0,0.5,0.0,0.0,2.392506283093951
32490,0,calendar_2014_test,97.50512611961759,109.0,0.5,0.0,0.0,11.494873880382414
32491,0,calendar_2014_test,116.65161842985582,128.0,0.5,0.0,0.0,11.348381570144184
32492,0,calendar_2014_test,133.2223356610589,125.0,0.5,0.0,0.0,8.222335661058906
32493,0,calendar_2014_test,124.79999309982298,125.0,0.5,0.0,0.0,0.20000690017701572
32494,0,calendar_2014_test,125.17747788316,126.0,0.5,0.0,0.0,0.8225221168400054
32495,0,calendar_2014_test,126.28887789615759,136.0,0.5,0.0,0.0,9.711122103842413
32496,0,calendar_2014_test,135.20436009396323,147.0,0.5,0.0,0.0,11.795639906036769
32497,0,calendar_2014_test,146.96305179449342,95.0,0.5,0.0,0.0,51.963051794493424
32498,0,calendar_2014_test,82.54647804926901,72.0,0.5,0.0,0.0,10.546478049269012
32499,0,calendar_2014_test,69.45411868709756,64.0,0.5,0.0,0.0,5.454118687097562
32500,0,calendar_2014_test,71.13335563466786,61.0,0.5,0.0,0.0,10.133355634667865
32501,0,calendar_2014_test,62.17448588073272,58.0,0.5,0.0,0.0,4.174485880732718
32502,0,calendar_2014_test,58.376568923588465,65.0,0.5,0.0,0.0,6.623431076411535
32503,0,calendar_2014_test,68.84854184724972,62.0,0.5,0.0,0.0,6.84854184724972
32504,0,calendar_2014_test,62.608173044240594,79.0,0.5,0.0,0.0,16.391826955759406
32505,0,calendar_2014_test,83.6376110624065,74.0,0.5,0.0,0.0,9.637611062406506
32506,0,calendar_2014_test,75.38142160600233,67.0,0.5,0.0,0.0,8.381421606002334
32507,0,calendar_2014_test,70.7007638760447,80.0,0.5,0.0,0.0,9.299236123955296
32508,0,calendar_2014_test,87.65256466414702,68.0,0.5,0.0,0.0,19.65256466414702
32509,0,calendar_2014_test,70.51228965345607,63.0,0.5,0.0,0.0,7.512289653456065
32510,0,calendar_2014_test,66.41154585270597,55.0,0.5,0.0,0.0,11.41154585270597
32511,0,calendar_2014_test,56.50026532101285,70.0,0.5,0.0,0.0,13.499734678987153
32512,0,calendar_2014_test,74.65788389532484,84.0,0.5,0.0,0.0,9.342116104675156
32513,0,calendar_2014_test,89.29997596037936,65.0,0.5,0.0,0.0,24.299975960379356
32514,0,calendar_2014_test,66.23346716500448,65.0,0.5,0.0,0.0,1.233467165004484
32515,0,calendar_2014_test,70.52901888939994,70.0,0.5,0.0,0.0,0.5290188893999357
32516,0,calendar_2014_test,73.1434837169186,70.0,0.5,0.0,0.0,3.1434837169185954
32517,0,calendar_2014_test,71.13009919338673,75.0,0.5,0.0,0.0,3.8699008066132734
32518,0,calendar_2014_test,81.23948582679569,90.0,0.5,0.0,0.0,8.760514173204314
32519,0,calendar_2014_test,95.65976400872226,91.0,0.5,0.0,0.0,4.659764008722263
32520,0,calendar_2014_test,92.72647154832808,87.0,0.5,0.0,0.0,5.726471548328078
32521,0,calendar_2014_test,88.3640758069923,80.0,0.5,0.0,0.0,8.364075806992304
32522,0,calendar_2014_test,82.21785905404505,83.0,0.5,0.0,0.0,0.78214094595495
32523,0,calendar_2014_test,85.25565050040854,79.0,0.5,0.0,0.0,6.255650500408535
32524,0,calendar_2014_test,79.51375501399336,69.0,0.5,0.0,0.0,10.51375501399336
32525,0,calendar_2014_test,69.50157166449979,70.0,0.5,0.0,0.0,0.4984283355002077
32526,0,calendar_2014_test,70.57060841378951,72.0,0.5,0.0,0.0,1.4293915862104853
32527,0,calendar_2014_test,73.29989472657127,74.0,0.5,0.0,0.0,0.7001052734287327
32528,0,calendar_2014_test,73.75011415135049,71.0,0.5,0.0,0.0,2.7501141513504876
32529,0,calendar_2014_test,70.31933630619457,48.0,0.5,0.0,0.0,22.31933630619457
32530,0,calendar_2014_test,48.841684787307464,43.0,0.5,0.0,0.0,5.841684787307464
32531,0,calendar_2014_test,47.777425556711734,45.0,0.5,0.0,0.0,2.7774255567117336
32532,0,calendar_2014_test,49.35126967533668,47.0,0.5,0.0,0.0,2.351269675336681
32533,0,calendar_2014_test,51.4526210370361,56.0,0.5,0.0,0.0,4.547378962963897
32534,0,calendar_2014_test,59.16289698832918,59.0,0.5,0.0,0.0,0.1628969883291802
32535,0,calendar_2014_test,62.69744997880452,59.0,0.5,0.0,0.0,3.6974499788045208
32536,0,calendar_2014_test,62.93350864616177,55.0,0.5,0.0,0.0,7.933508646161769
32537,0,calendar_2014_test,57.1641839562155,50.0,0.5,0.0,0.0,7.164183956215503
32538,0,calendar_2014_test,54.18654910105714,46.0,0.5,0.0,0.0,8.186549101057139
32539,0,calendar_2014_test,50.80486051895263,40.0,0.5,0.0,0.0,10.80486051895263
32540,0,calendar_2014_test,45.574472900662734,46.0,0.5,0.0,0.0,0.4255270993372662
32541,0,calendar_2014_test,50.73386776781953,47.0,0.5,0.0,0.0,3.7338677678195324
32542,0,calendar_2014_test,50.77587444514032,50.0,0.5,0.0,0.0,0.7758744451403174
32543,0,calendar_2014_test,54.31842174729062,46.0,0.5,0.0,0.0,8.318421747290621
32544,0,calendar_2014_test,50.2634839829376,47.0,0.5,0.0,0.0,3.2634839829376006
32545,0,calendar_2014_test,51.57917771605521,55.0,0.5,0.0,0.0,3.420822283944787
32546,0,calendar_2014_test,56.96694970847349,51.0,0.5,0.0,0.0,5.966949708473493
32547,0,calendar_2014_test,52.90420301889921,63.0,0.5,0.0,0.0,10.09579698110079
32548,0,calendar_2014_test,67.47618737818362,62.0,0.5,0.0,0.0,5.476187378183624
32549,0,calendar_2014_test,64.48691434333273,64.0,0.5,0.0,0.0,0.4869143433327281
32550,0,calendar_2014_test,68.84511767045751,63.0,0.5,0.0,0.0,5.845117670457512
32551,0,calendar_2014_test,67.21137451411528,63.0,0.5,0.0,0.0,4.211374514115278
32552,0,calendar_2014_test,66.772976373434,59.0,0.5,0.0,0.0,7.772976373434005
32553,0,calendar_2014_test,61.58283075991997,70.0,0.5,0.0,0.0,8.417169240080028
32554,0,calendar_2014_test,76.34385184250203,71.0,0.5,0.0,0.0,5.343851842502033
32555,0,calendar_2014_test,74.12274361387932,69.0,0.5,0.0,0.0,5.122743613879322
32556,0,calendar_2014_test,72.2626366787291,65.0,0.5,0.0,0.0,7.262636678729095
32557,0,calendar_2014_test,69.9551791092345,54.0,0.5,0.0,0.0,15.955179109234507
32558,0,calendar_2014_test,54.664938457746786,40.0,0.5,0.0,0.0,14.664938457746786
32559,0,calendar_2014_test,42.67540425380946,42.0,0.5,0.0,0.0,0.6754042538094609
32560,0,calendar_2014_test,43.52598378246467,42.0,0.5,0.0,0.0,1.525983782464671
32561,0,calendar_2014_test,41.14691855576211,48.0,0.5,0.0,0.0,6.853081444237887
32562,0,calendar_2014_test,45.68292691760376,51.0,0.5,0.0,0.0,5.3170730823962415
32563,0,calendar_2014_test,44.728691766449,57.0,0.5,0.0,0.0,12.271308233550997
32564,0,calendar_2014_test,56.88079625711315,49.0,0.5,0.0,0.0,7.880796257113147
32565,0,calendar_2014_test,42.898771292629036,46.0,0.5,0.0,0.0,3.1012287073709643
32566,0,calendar_2014_test,42.71837597987488,40.0,0.5,0.0,0.0,2.718375979874878
32567,0,calendar_2014_test,38.405582477298225,39.0,0.5,0.0,0.0,0.5944175227017752
32568,0,calendar_2014_test,34.776894724275095,33.0,0.5,0.0,0.0,1.7768947242750954
32569,0,calendar_2014_test,31.971021117813834,26.0,0.5,0.0,0.0,5.971021117813834
32570,0,calendar_2014_test,23.582999795164614,34.0,0.5,0.0,0.0,10.417000204835386
32571,0,calendar_2014_test,32.694105576777304,22.0,0.5,0.0,0.0,10.694105576777304
32572,0,calendar_2014_test,22.033363122697704,22.0,0.5,0.0,0.0,0.03336312269770403
32573,0,calendar_2014_test,21.1798009524926,21.0,0.5,0.0,0.0,0.17980095249259875
32574,0,calendar_2014_test,20.096080015080926,16.0,0.5,0.0,0.0,4.096080015080926
32575,0,calendar_2014_test,15.217678685748824,17.0,0.5,0.0,0.0,1.7823213142511758
32576,0,calendar_2014_test,12.58035528813516,8.0,0.5,0.0,0.0,4.580355288135159
32577,0,calendar_2014_test,11.85611708270003,17.0,0.5,0.0,0.0,5.143882917299971
32578,0,calendar_2014_test,15.361847369851167,15.0,0.5,0.0,0.0,0.3618473698511675
32579,0,calendar_2014_test,18.44622128101685,20.0,0.5,0.0,0.0,1.5537787189831498
32580,0,calendar_2014_test,22.853190880202323,22.0,0.5,0.0,0.0,0.8531908802023231
32581,0,calendar_2014_test,29.38709204789185,30.0,0.5,0.0,0.0,0.6129079521081486
32582,0,calendar_2014_test,34.634027264173525,28.0,0.5,0.0,0.0,6.634027264173525
32583,0,calendar_2014_test,32.00621382201812,35.0,0.5,0.0,0.0,2.9937861779818817
32584,0,calendar_2014_test,38.76935047102173,40.0,0.5,0.0,0.0,1.2306495289782688
32585,0,calendar_2014_test,49.269719239176794,46.0,0.5,0.0,0.0,3.269719239176794
32586,0,calendar_2014_test,53.00676969744645,45.0,0.5,0.0,0.0,8.006769697446451
32587,0,calendar_2014_test,49.97793241487786,47.0,0.5,0.0,0.0,2.9779324148778628
32588,0,calendar_2014_test,52.053072055814,47.0,0.5,0.0,0.0,5.053072055813999
32589,0,calendar_2014_test,49.138720722118315,57.0,0.5,0.0,0.0,7.861279277881685
32590,0,calendar_2014_test,57.31863703560588,65.0,0.5,0.0,0.0,7.681362964394118
32591,0,calendar_2014_test,64.624316832004,72.0,0.5,0.0,0.0,7.3756831679960015
32592,0,calendar_2014_test,77.26047910299718,75.0,0.5,0.0,0.0,2.2604791029971807
32593,0,calendar_2014_test,79.35319868855012,82.0,0.5,0.0,0.0,2.6468013114498774
32594,0,calendar_2014_test,84.54692372450509,53.0,0.5,0.0,0.0,31.546923724505092
32595,0,calendar_2014_test,47.62136574403637,21.0,0.5,0.0,0.0,26.621365744036368
32596,0,calendar_2014_test,21.89089211041786,23.0,0.5,0.0,0.0,1.1091078895821411
32597,0,calendar_2014_test,27.894961208157248,23.0,0.5,0.0,0.0,4.894961208157248
32598,0,calendar_2014_test,25.295433994897902,23.0,0.5,0.0,0.0,2.295433994897902
32599,0,calendar_2014_test,25.010302383990574,23.0,0.5,0.0,0.0,2.010302383990574
32600,0,calendar_2014_test,25.866529788082577,30.0,0.5,0.0,0.0,4.133470211917423
32601,0,calendar_2014_test,33.09562346053065,29.0,0.5,0.0,0.0,4.095623460530653
32602,0,calendar_2014_test,32.21317586859032,40.0,0.5,0.0,0.0,7.786824131409681
32603,0,calendar_2014_test,46.487872829788955,52.0,0.5,0.0,0.0,5.512127170211045
32604,0,calendar_2014_test,56.12631576034685,64.0,0.5,0.0,0.0,7.8736842396531515
32605,0,calendar_2014_test,69.09761259657058,65.0,0.5,0.0,0.0,4.097612596570585
32606,0,calendar_2014_test,68.75474541701996,58.0,0.5,0.0,0.0,10.754745417019961
32607,0,calendar_2014_test,59.82253839469046,54.0,0.5,0.0,0.0,5.822538394690461
32608,0,calendar_2014_test,56.01412975068523,42.0,0.5,0.0,0.0,14.014129750685228
32609,0,calendar_2014_test,44.58594845718385,43.0,0.5,0.0,0.0,1.5859484571838465
32610,0,calendar_2014_test,48.455477869863714,40.0,0.5,0.0,0.0,8.455477869863714
32611,0,calendar_2014_test,42.921051346983845,50.0,0.5,0.0,0.0,7.078948653016155
32612,0,calendar_2014_test,56.13545663137028,47.0,0.5,0.0,0.0,9.135456631370282
32613,0,calendar_2014_test,50.066974271716106,57.0,0.5,0.0,0.0,6.933025728283894
32614,0,calendar_2014_test,57.79187455911075,80.0,0.5,0.0,0.0,22.208125440889248
32615,0,calendar_2014_test,83.60120410976695,108.0,0.5,0.0,0.0,24.398795890233046
32616,0,calendar_2014_test,109.26010217225861,106.0,0.5,0.0,0.0,3.2601021722586125
32617,0,calendar_2014_test,103.41618821645793,98.0,0.5,0.0,0.0,5.416188216457925
32618,0,calendar_2014_test,99.02588847540152,112.0,0.5,0.0,0.0,12.974111524598484
32619,0,calendar_2014_test,118.02352067328653,104.0,0.5,0.0,0.0,14.023520673286527
32620,0,calendar_2014_test,101.84095974610072,86.0,0.5,0.0,0.0,15.840959746100722
32621,0,calendar_2014_test,78.9350991728515,82.0,0.5,0.0,0.0,3.064900827148506
32622,0,calendar_2014_test,75.59901234965639,52.0,0.5,0.0,0.0,23.59901234965639
32623,0,calendar_2014_test,40.943520126194045,42.0,0.5,0.0,0.0,1.056479873805955
32624,0,calendar_2014_test,36.08265322352204,45.0,0.5,0.0,0.0,8.917346776477963
32625,0,calendar_2014_test,40.89817405968406,34.0,0.5,0.0,0.0,6.8981740596840595
32626,0,calendar_2014_test,32.91516396986151,30.0,0.5,0.0,0.0,2.91516396986151
32627,0,calendar_2014_test,30.402198141655973,30.0,0.5,0.0,0.0,0.40219814165597256
32628,0,calendar_2014_test,29.864244478224993,40.0,0.5,0.0,0.0,10.135755521775007
32629,0,calendar_2014_test,42.47771225796597,36.0,0.5,0.0,0.0,6.477712257965969
32630,0,calendar_2014_test,32.79868597499117,29.0,0.5,0.0,0.0,3.798685974991173
32631,0,calendar_2014_test,27.15721521570418,25.0,0.5,0.0,0.0,2.1572152157041806
32632,0,calendar_2014_test,23.626875755931767,32.0,0.5,0.0,0.0,8.373124244068233
32633,0,calendar_2014_test,29.21758851537922,38.0,0.5,0.0,0.0,8.78241148462078
32634,0,calendar_2014_test,35.94720268790018,34.0,0.5,0.0,0.0,1.9472026879001803
32635,0,calendar_2014_test,32.63268848822735,32.0,0.5,0.0,0.0,0.6326884882273518
32636,0,calendar_2014_test,29.90701732721788,34.0,0.5,0.0,0.0,4.092982672782121
32637,0,calendar_2014_test,32.6332795312757,29.0,0.5,0.0,0.0,3.633279531275697
32638,0,calendar_2014_test,27.434294191693578,26.0,0.5,0.0,0.0,1.4342941916935779
32639,0,calendar_2014_test,24.24431217200792,23.0,0.5,0.0,0.0,1.2443121720079198
32640,0,calendar_2014_test,22.66963941583708,22.0,0.5,0.0,0.0,0.6696394158370786
32641,0,calendar_2014_test,21.676822719109467,17.0,0.5,0.0,0.0,4.676822719109467
32642,0,calendar_2014_test,17.018796056027767,11.0,0.5,0.0,0.0,6.018796056027767
32643,0,calendar_2014_test,13.314035134769064,20.0,0.5,0.0,0.0,6.685964865230936
32644,0,calendar_2014_test,17.900915941488915,14.0,0.5,0.0,0.0,3.9009159414889147
32645,0,calendar_2014_test,15.26049327007948,16.0,0.5,0.0,0.0,0.7395067299205191
32646,0,calendar_2014_test,15.025151040718175,14.0,0.5,0.0,0.0,1.0251510407181748
32647,0,calendar_2014_test,14.270249644978062,14.0,0.5,0.0,0.0,0.2702496449780618
32648,0,calendar_2014_test,15.61261965916946,18.0,0.5,0.0,0.0,2.387380340830539
32649,0,calendar_2014_test,19.69871822934596,12.0,0.5,0.0,0.0,7.69871822934596
32650,0,calendar_2014_test,19.294996093222746,19.0,0.5,0.0,0.0,0.2949960932227462
32651,0,calendar_2014_test,25.82693677791503,19.0,0.5,0.0,0.0,6.82693677791503
32652,0,calendar_2014_test,26.090840215411955,25.0,0.5,0.0,0.0,1.090840215411955
32653,0,calendar_2014_test,30.787937082747753,30.0,0.5,0.0,0.0,0.787937082747753
32654,0,calendar_2014_test,34.11421986145738,25.0,0.5,0.0,0.0,9.114219861457379
32655,0,calendar_2014_test,27.37219084610948,27.0,0.5,0.0,0.0,0.37219084610947917
32656,0,calendar_2014_test,30.004638159853734,30.0,0.5,0.0,0.0,0.004638159853733725
32657,0,calendar_2014_test,33.673688937238,76.0,0.5,0.0,0.0,42.326311062762
32658,0,calendar_2014_test,81.19957450167485,68.0,0.5,0.0,0.0,13.199574501674846
32659,0,calendar_2014_test,68.51720787413586,77.0,0.5,0.0,0.0,8.482792125864137
32660,0,calendar_2014_test,81.36908386661305,68.0,0.5,0.0,0.0,13.369083866613053
32661,0,calendar_2014_test,65.70562005335285,59.0,0.5,0.0,0.0,6.705620053352845
32662,0,calendar_2014_test,57.28444077301462,45.0,0.5,0.0,0.0,12.284440773014623
32663,0,calendar_2014_test,42.55650243278989,37.0,0.5,0.0,0.0,5.556502432789891
32664,0,calendar_2014_test,35.53568588329334,89.0,0.5,0.0,0.0,53.46431411670666
32665,0,calendar_2014_test,86.59906061701057,52.0,0.5,0.0,0.0,34.599060617010565
32666,0,calendar_2014_test,46.661569809663035,40.0,0.5,0.0,0.0,6.661569809663035
32667,0,calendar_2014_test,40.933854720731716,45.0,0.5,0.0,0.0,4.066145279268284
32668,0,calendar_2014_test,49.6808853552842,69.0,0.5,0.0,0.0,19.319114644715803
32669,0,calendar_2014_test,68.24644699478372,80.0,0.5,0.0,0.0,11.753553005216276
32670,0,calendar_2014_test,80.35826459230022,96.0,0.5,0.0,0.0,15.641735407699784
32671,0,calendar_2014_test,92.94739610469618,107.0,0.5,0.0,0.0,14.052603895303818
32672,0,calendar_2014_test,100.67149674799978,111.0,0.5,0.0,0.0,10.328503252000218
32673,0,calendar_2014_test,111.05893294779024,121.0,0.5,0.0,0.0,9.94106705220976
32674,0,calendar_2014_test,125.1737995103537,109.0,0.5,0.0,0.0,16.173799510353703
32675,0,calendar_2014_test,101.43840022668887,94.0,0.5,0.0,0.0,7.43840022668887
32676,0,calendar_2014_test,92.27451349879483,95.0,0.5,0.0,0.0,2.725486501205168
32677,0,calendar_2014_test,96.02763272453518,105.0,0.5,0.0,0.0,8.97236727546482
32678,0,calendar_2014_test,104.33951980073486,94.0,0.5,0.0,0.0,10.339519800734863
32679,0,calendar_2014_test,88.72216861929505,121.0,0.5,0.0,0.0,32.27783138070495
32680,0,calendar_2014_test,129.32256560356876,203.0,0.5,0.0,0.0,73.67743439643124
32681,0,calendar_2014_test,226.965283845676,84.0,0.5,0.0,0.0,142.965283845676
32682,0,calendar_2014_test,58.76915019030857,96.0,0.5,0.0,0.0,37.23084980969143
32683,0,calendar_2014_test,102.40102050908655,83.0,0.5,0.0,0.0,19.40102050908655
32684,0,calendar_2014_test,78.64147865972733,85.0,0.5,0.0,0.0,6.358521340272674
32685,0,calendar_2014_test,91.15721932457564,93.0,0.5,0.0,0.0,1.8427806754243647
32686,0,calendar_2014_test,98.50183769418763,89.0,0.5,0.0,0.0,9.501837694187628
32687,0,calendar_2014_test,85.26023546807414,75.0,0.5,0.0,0.0,10.260235468074143
32688,0,calendar_2014_test,68.66563818893135,57.0,0.5,0.0,0.0,11.665638188931354
32689,0,calendar_2014_test,49.167576964263574,271.0,0.5,0.0,0.0,221.83242303573644
32690,0,calendar_2014_test,212.8240200569827,50.0,0.5,0.0,0.0,162.8240200569827
32691,0,calendar_2014_test,31.249980414477637,74.0,0.5,0.0,0.0,42.75001958552237
32692,0,calendar_2014_test,76.74439929858161,56.0,0.5,0.0,0.0,20.744399298581612
32693,0,calendar_2014_test,47.3167867298503,48.0,0.5,0.0,0.0,0.6832132701497002
32694,0,calendar_2014_test,45.521498244857256,60.0,0.5,0.0,0.0,14.478501755142744
32695,0,calendar_2014_test,62.74108332551837,49.0,0.5,0.0,0.0,13.741083325518368
32696,0,calendar_2014_test,51.80166060989201,45.0,0.5,0.0,0.0,6.801660609892011
32697,0,calendar_2014_test,49.088196267263726,42.0,0.5,0.0,0.0,7.088196267263726
32698,0,calendar_2014_test,48.52722495383649,38.0,0.5,0.0,0.0,10.527224953836487
32699,0,calendar_2014_test,45.277220272909474,43.0,0.5,0.0,0.0,2.2772202729094744
32700,0,calendar_2014_test,50.21017234876135,47.0,0.5,0.0,0.0,3.210172348761347
32701,0,calendar_2014_test,53.59806319158934,63.0,0.5,0.0,0.0,9.40193680841066
32702,0,calendar_2014_test,68.1648736506692,71.0,0.5,0.0,0.0,2.8351263493308068
32703,0,calendar_2014_test,74.11871163723373,105.0,0.5,0.0,0.0,30.88128836276627
32704,0,calendar_2014_test,111.22749434489069,74.0,0.5,0.0,0.0,37.22749434489069
32705,0,calendar_2014_test,75.01810101335235,71.0,0.5,0.0,0.0,4.01810101335235
32706,0,calendar_2014_test,73.86251777492765,80.0,0.5,0.0,0.0,6.137482225072347
32707,0,calendar_2014_test,86.12835707551396,79.0,0.5,0.0,0.0,7.128357075513961
32708,0,calendar_2014_test,81.0035685210805,76.0,0.5,0.0,0.0,5.003568521080496
32709,0,calendar_2014_test,81.86956644415845,69.0,0.5,0.0,0.0,12.869566444158451
32710,0,calendar_2014_test,72.15788875422481,68.0,0.5,0.0,0.0,4.157888754224814
32711,0,calendar_2014_test,67.7065062686019,94.0,0.5,0.0,0.0,26.2934937313981
32712,0,calendar_2014_test,89.01615443730974,96.0,0.5,0.0,0.0,6.983845562690263
32713,0,calendar_2014_test,96.26192107108749,98.0,0.5,0.0,0.0,1.7380789289125147
32714,0,calendar_2014_test,99.210771809571,98.0,0.5,0.0,0.0,1.2107718095709998
32715,0,calendar_2014_test,96.59992235223399,109.0,0.5,0.0,0.0,12.400077647766011
32716,0,calendar_2014_test,106.79632484101158,95.0,0.5,0.0,0.0,11.796324841011582
32717,0,calendar_2014_test,88.90381044532741,87.0,0.5,0.0,0.0,1.9038104453274087
32718,0,calendar_2014_test,83.96784024970049,90.0,0.5,0.0,0.0,6.032159750299513
32719,0,calendar_2014_test,88.37802973787379,69.0,0.5,0.0,0.0,19.37802973787379
32720,0,calendar_2014_test,66.18800921741999,54.0,0.5,0.0,0.0,12.188009217419989
32721,0,calendar_2014_test,54.648461248708585,52.0,0.5,0.0,0.0,2.6484612487085855
32722,0,calendar_2014_test,52.80917056808242,48.0,0.5,0.0,0.0,4.809170568082422
32723,0,calendar_2014_test,50.77848484677254,40.0,0.5,0.0,0.0,10.778484846772542
32724,0,calendar_2014_test,44.73359906280224,41.0,0.5,0.0,0.0,3.7335990628022415
32725,0,calendar_2014_test,44.99358863141503,21.0,0.5,0.0,0.0,23.99358863141503
32726,0,calendar_2014_test,28.095427830592186,28.0,0.5,0.0,0.0,0.09542783059218607
32727,0,calendar_2014_test,32.062811270581044,28.0,0.5,0.0,0.0,4.062811270581044
32728,0,calendar_2014_test,32.21474289029586,34.0,0.5,0.0,0.0,1.7852571097041405
32729,0,calendar_2014_test,39.74872754811706,58.0,0.5,0.0,0.0,18.25127245188294
32730,0,calendar_2014_test,63.02977743734997,64.0,0.5,0.0,0.0,0.9702225626500294
32731,0,calendar_2014_test,69.62010803410014,68.0,0.5,0.0,0.0,1.6201080341001415
32732,0,calendar_2014_test,74.3447285409681,70.0,0.5,0.0,0.0,4.344728540968106
32733,0,calendar_2014_test,72.83853691654663,68.0,0.5,0.0,0.0,4.83853691654663
32734,0,calendar_2014_test,71.27160820867815,77.0,0.5,0.0,0.0,5.7283917913218545
32735,0,calendar_2014_test,83.32771144302045,84.0,0.5,0.0,0.0,0.6722885569795523
32736,0,calendar_2014_test,88.34137920023271,89.0,0.5,0.0,0.0,0.6586207997672915
32737,0,calendar_2014_test,91.07468820146254,103.0,0.5,0.0,0.0,11.925311798537464
32738,0,calendar_2014_test,103.53448751803622,99.0,0.5,0.0,0.0,4.534487518036215
32739,0,calendar_2014_test,97.47370447169926,100.0,0.5,0.0,0.0,2.526295528300736
32740,0,calendar_2014_test,99.64799526117739,132.0,0.5,0.0,0.0,32.352004738822615
32741,0,calendar_2014_test,127.71334787137744,198.0,0.5,0.0,0.0,70.28665212862256
32742,0,calendar_2014_test,183.3112590654796,119.0,0.5,0.0,0.0,64.31125906547959
32743,0,calendar_2014_test,95.97843483332736,137.0,0.5,0.0,0.0,41.021565166672644
32744,0,calendar_2014_test,136.52802829633674,77.0,0.5,0.0,0.0,59.52802829633674
32745,0,calendar_2014_test,69.59923192991496,93.0,0.5,0.0,0.0,23.400768070085036
32746,0,calendar_2014_test,95.95734484222312,124.0,0.5,0.0,0.0,28.042655157776878
32747,0,calendar_2014_test,120.21639733282211,146.0,0.5,0.0,0.0,25.783602667177888
32748,0,calendar_2014_test,144.23534956564274,143.0,0.5,0.0,0.0,1.2353495656427356
32749,0,calendar_2014_test,138.5991844729583,115.0,0.5,0.0,0.0,23.599184472958314
32750,0,calendar_2014_test,102.01131046731003,107.0,0.5,0.0,0.0,4.988689532689975
32751,0,calendar_2014_test,100.79106444349776,99.0,0.5,0.0,0.0,1.7910644434977598
32752,0,calendar_2014_test,99.27098663156424,100.0,0.5,0.0,0.0,0.7290133684357585
32753,0,calendar_2014_test,102.10419139779817,103.0,0.5,0.0,0.0,0.895808602201825
32754,0,calendar_2014_test,103.8726606535274,75.0,0.5,0.0,0.0,28.872660653527404
32755,0,calendar_2014_test,64.16356438756885,61.0,0.5,0.0,0.0,3.1635643875688544
32756,0,calendar_2014_test,57.261068973842775,83.0,0.5,0.0,0.0,25.738931026157225
32757,0,calendar_2014_test,91.24985394501556,90.0,0.5,0.0,0.0,1.249853945015559
32758,0,calendar_2014_test,94.03870069149173,70.0,0.5,0.0,0.0,24.038700691491727
32759,0,calendar_2014_test,68.23036327031588,75.0,0.5,0.0,0.0,6.769636729684123
32760,0,calendar_2014_test,81.10988609751354,83.0,0.5,0.0,0.0,1.890113902486462
32761,0,calendar_2014_test,88.6138227409588,79.0,0.5,0.0,0.0,9.613822740958796
32762,0,calendar_2014_test,84.99896719611344,95.0,0.5,0.0,0.0,10.00103280388656
32763,0,calendar_2014_test,100.72122989111871,134.0,0.5,0.0,0.0,33.27877010888129
32764,0,calendar_2014_test,133.89998321386318,161.0,0.5,0.0,0.0,27.10001678613682
32765,0,calendar_2014_test,161.62341784071214,151.0,0.5,0.0,0.0,10.623417840712136
32766,0,calendar_2014_test,141.9159577732506,147.0,0.5,0.0,0.0,5.084042226749403
32767,0,calendar_2014_test,145.2726404701237,143.0,0.5,0.0,0.0,2.27264047012369
32768,0,calendar_2014_test,143.60062568522255,132.0,0.5,0.0,0.0,11.600625685222553
32769,0,calendar_2014_test,130.56804734315344,119.0,0.5,0.0,0.0,11.568047343153438
32770,0,calendar_2014_test,112.53367162718766,102.0,0.5,0.0,0.0,10.533671627187658
32771,0,calendar_2014_test,97.98585044810834,97.0,0.5,0.0,0.0,0.9858504481083372
32772,0,calendar_2014_test,103.70666094516456,104.0,0.5,0.0,0.0,0.2933390548354424
32773,0,calendar_2014_test,110.30961232273182,123.0,0.5,0.0,0.0,12.690387677268177
32774,0,calendar_2014_test,132.39210103500602,141.0,0.5,0.0,0.0,8.607898964993979
32775,0,calendar_2014_test,150.61529631982435,167.0,0.5,0.0,0.0,16.384703680175647
32776,0,calendar_2014_test,174.90463977515742,174.0,0.5,0.0,0.0,0.9046397751574204
32777,0,calendar_2014_test,174.39365290910132,196.0,0.5,0.0,0.0,21.60634709089868
32778,0,calendar_2014_test,193.18376133575708,215.0,0.5,0.0,0.0,21.816238664242917
32779,0,calendar_2014_test,220.1087995475754,214.0,0.5,0.0,0.0,6.108799547575387
32780,0,calendar_2014_test,220.31137243640367,197.0,0.5,0.0,0.0,23.311372436403673
32781,0,calendar_2014_test,177.46587757249844,168.0,0.5,0.0,0.0,9.465877572498442
32782,0,calendar_2014_test,152.288305517329,122.0,0.5,0.0,0.0,30.288305517329007
32783,0,calendar_2014_test,89.64243144948578,66.0,0.5,0.0,0.0,23.642431449485784
32784,0,calendar_2014_test,48.55686892789745,36.0,0.5,0.0,0.0,12.556868927897447
32785,0,calendar_2014_test,31.31637584562574,20.0,0.5,0.0,0.0,11.316375845625739
32786,0,calendar_2014_test,20.37994103581762,17.0,0.5,0.0,0.0,3.3799410358176196
32787,0,calendar_2014_test,79.1433589906727,90.0,0.5,0.0,0.0,10.856641009327305
32788,0,calendar_2014_test,89.3613416532162,97.0,0.5,0.0,0.0,7.638658346783799
32789,0,calendar_2014_test,94.80668641474294,103.0,0.5,0.0,0.0,8.193313585257059
32790,0,calendar_2014_test,101.4237423266481,115.0,0.5,0.0,0.0,13.576257673351904
32791,0,calendar_2014_test,116.13544783307836,117.0,0.5,0.0,0.0,0.8645521669216407
32792,0,calendar_2014_test,119.49837080337488,130.0,0.5,0.0,0.0,10.501629196625117
32793,0,calendar_2014_test,135.65674202594258,132.0,0.5,0.0,0.0,3.6567420259425774
32794,0,calendar_2014_test,130.22663231849782,136.0,0.5,0.0,0.0,5.7733676815021795
32795,0,calendar_2014_test,137.4788657570093,150.0,0.5,0.0,0.0,12.521134242990712
32796,0,calendar_2014_test,149.56428439072562,128.0,0.5,0.0,0.0,21.564284390725618
32797,0,calendar_2014_test,123.11853333845494,144.0,0.5,0.0,0.0,20.881466661545062
32798,0,calendar_2014_test,149.56365995840062,146.0,0.5,0.0,0.0,3.5636599584006206
32799,0,calendar_2014_test,150.34068269415934,152.0,0.5,0.0,0.0,1.6593173058406592
32800,0,calendar_2014_test,150.5427686679393,165.0,0.5,0.0,0.0,14.4572313320607
32801,0,calendar_2014_test,170.31081512777584,178.0,0.5,0.0,0.0,7.6891848722241605
32802,0,calendar_2014_test,179.86227313930652,196.0,0.5,0.0,0.0,16.137726860693476
32803,0,calendar_2014_test,197.89775587040396,215.0,0.5,0.0,0.0,17.102244129596045
32804,0,calendar_2014_test,225.44013790188907,242.0,0.5,0.0,0.0,16.559862098110926
32805,0,calendar_2014_test,246.81354164218396,249.0,0.5,0.0,0.0,2.1864583578160364
32806,0,calendar_2014_test,247.5979427201519,258.0,0.5,0.0,0.0,10.402057279848094
32807,0,calendar_2014_test,255.87968654281687,259.0,0.5,0.0,0.0,3.12031345718313
32808,0,calendar_2014_test,258.2607354858906,239.0,0.5,0.0,0.0,19.26073548589062
32809,0,calendar_2014_test,227.51322130386671,224.0,0.5,0.0,0.0,3.5132213038667146
32810,0,calendar_2014_test,198.78065160219816,182.0,0.5,0.0,0.0,16.780651602198162
32811,0,calendar_2014_test,135.17557628313583,111.0,0.5,0.0,0.0,24.175576283135825
32812,0,calendar_2014_test,92.46110155924639,59.0,0.5,0.0,0.0,33.46110155924639
32813,0,calendar_2014_test,50.81580568812728,43.0,0.5,0.0,0.0,7.815805688127277
32814,0,calendar_2014_test,42.49640047077227,50.0,0.5,0.0,0.0,7.503599529227728
32815,0,calendar_2014_test,49.55916486493174,54.0,0.5,0.0,0.0,4.440835135068262
32816,0,calendar_2014_test,55.583431081294584,38.0,0.5,0.0,0.0,17.583431081294584
32817,0,calendar_2014_test,42.4917383160509,40.0,0.5,0.0,0.0,2.491738316050899
32818,0,calendar_2014_test,47.09332069119754,56.0,0.5,0.0,0.0,8.90667930880246
32819,0,calendar_2014_test,66.08617681623352,64.0,0.5,0.0,0.0,2.086176816233518
32820,0,calendar_2014_test,70.47067094848049,65.0,0.5,0.0,0.0,5.470670948480489
32821,0,calendar_2014_test,72.69978054823346,63.0,0.5,0.0,0.0,9.699780548233463
32822,0,calendar_2014_test,70.14796485993301,73.0,0.5,0.0,0.0,2.852035140066988
32823,0,calendar_2014_test,80.86891534172877,74.0,0.5,0.0,0.0,6.868915341728766
32824,0,calendar_2014_test,76.26814849215395,84.0,0.5,0.0,0.0,7.731851507846045
32825,0,calendar_2014_test,85.89744732656436,80.0,0.5,0.0,0.0,5.897447326564361
32826,0,calendar_2014_test,84.46276364524128,96.0,0.5,0.0,0.0,11.537236354758718
32827,0,calendar_2014_test,94.5785981844894,109.0,0.5,0.0,0.0,14.421401815510606
32828,0,calendar_2014_test,113.41480671075061,110.0,0.5,0.0,0.0,3.414806710750611
32829,0,calendar_2014_test,116.22479737060046,102.0,0.5,0.0,0.0,14.224797370600456
32830,0,calendar_2014_test,101.52664832032879,105.0,0.5,0.0,0.0,3.473351679671211
32831,0,calendar_2014_test,102.93171076480827,105.0,0.5,0.0,0.0,2.0682892351917275
32832,0,calendar_2014_test,99.22403493477081,94.0,0.5,0.0,0.0,5.224034934770813
32833,0,calendar_2014_test,88.94048735566344,92.0,0.5,0.0,0.0,3.0595126443365643
32834,0,calendar_2014_test,86.07263209138868,85.0,0.5,0.0,0.0,1.0726320913886838
32835,0,calendar_2014_test,80.12972915180636,61.0,0.5,0.0,0.0,19.12972915180636
32836,0,calendar_2014_test,55.13403268918476,54.0,0.5,0.0,0.0,1.1340326891847567
32837,0,calendar_2014_test,51.334693464168375,46.0,0.5,0.0,0.0,5.3346934641683745
32838,0,calendar_2014_test,44.56354389462725,46.0,0.5,0.0,0.0,1.4364561053727485
32839,0,calendar_2014_test,47.09470340375208,56.0,0.5,0.0,0.0,8.905296596247922
32840,0,calendar_2014_test,57.11448710521765,57.0,0.5,0.0,0.0,0.11448710521764838
32841,0,calendar_2014_test,57.505906874926424,59.0,0.5,0.0,0.0,1.4940931250735758
32842,0,calendar_2014_test,66.35380879582664,61.0,0.5,0.0,0.0,5.353808795826637
32843,0,calendar_2014_test,66.08327396587961,76.0,0.5,0.0,0.0,9.916726034120387
32844,0,calendar_2014_test,84.30788138261634,87.0,0.5,0.0,0.0,2.692118617383656
32845,0,calendar_2014_test,91.93834480877683,99.0,0.5,0.0,0.0,7.061655191223167
32846,0,calendar_2014_test,103.89170257975287,104.0,0.5,0.0,0.0,0.1082974202471263
32847,0,calendar_2014_test,108.21954077424864,92.0,0.5,0.0,0.0,16.219540774248642
32848,0,calendar_2014_test,91.622522574462,89.0,0.5,0.0,0.0,2.622522574461996
32849,0,calendar_2014_test,92.30567493642356,85.0,0.5,0.0,0.0,7.305674936423557
32850,0,calendar_2014_test,89.02527983548045,99.0,0.5,0.0,0.0,9.974720164519553
32851,0,calendar_2014_test,99.72847124119241,98.0,0.5,0.0,0.0,1.728471241192409
32852,0,calendar_2014_test,90.35317463053683,84.0,0.5,0.0,0.0,6.353174630536827
32853,0,calendar_2014_test,80.23439461989543,83.0,0.5,0.0,0.0,2.7656053801045744
32854,0,calendar_2014_test,82.2110883337242,102.0,0.5,0.0,0.0,19.788911666275794
32855,0,calendar_2014_test,107.45023692391439,84.0,0.5,0.0,0.0,23.45023692391439
32856,0,calendar_2014_test,79.81550269252696,91.0,0.5,0.0,0.0,11.184497307473038
32857,0,calendar_2014_test,92.81479085256575,104.0,0.5,0.0,0.0,11.18520914743425
32858,0,calendar_2014_test,106.34135276199648,95.0,0.5,0.0,0.0,11.341352761996475
32859,0,calendar_2014_test,94.14499818456672,88.0,0.5,0.0,0.0,6.144998184566717
32860,0,calendar_2014_test,88.40926886023078,78.0,0.5,0.0,0.0,10.409268860230782
32861,0,calendar_2014_test,79.49801840781251,84.0,0.5,0.0,0.0,4.501981592187491
32862,0,calendar_2014_test,89.0100746747865,99.0,0.5,0.0,0.0,9.989925325213505
32863,0,calendar_2014_test,106.44464860577129,93.0,0.5,0.0,0.0,13.444648605771292
32864,0,calendar_2014_test,96.44350998305094,79.0,0.5,0.0,0.0,17.443509983050944
32865,0,calendar_2014_test,75.75770320838187,79.0,0.5,0.0,0.0,3.2422967916181307
32866,0,calendar_2014_test,82.73859266883773,79.0,0.5,0.0,0.0,3.7385926688377253
32867,0,calendar_2014_test,82.4624257478346,91.0,0.5,0.0,0.0,8.537574252165399
32868,0,calendar_2014_test,96.01779382964573,88.0,0.5,0.0,0.0,8.017793829645726
32869,0,calendar_2014_test,90.72634642216039,92.0,0.5,0.0,0.0,1.2736535778396103
32870,0,calendar_2014_test,93.48793755356667,95.0,0.5,0.0,0.0,1.5120624464333332
32871,0,calendar_2014_test,100.28246705829342,107.0,0.5,0.0,0.0,6.71753294170658
32872,0,calendar_2014_test,110.4904627049288,123.0,0.5,0.0,0.0,12.509537295071198
32873,0,calendar_2014_test,130.4041106981525,117.0,0.5,0.0,0.0,13.404110698152493
32874,0,calendar_2014_test,118.50323662216258,140.0,0.5,0.0,0.0,21.496763377837425
32875,0,calendar_2014_test,146.04126132074867,150.0,0.5,0.0,0.0,3.9587386792513257
32876,0,calendar_2014_test,152.89218607072638,150.0,0.5,0.0,0.0,2.892186070726382
32877,0,calendar_2014_test,144.44329889308372,132.0,0.5,0.0,0.0,12.443298893083721
32878,0,calendar_2014_test,126.40437215876167,160.0,0.5,0.0,0.0,33.595627841238326
32879,0,calendar_2014_test,150.27140679244573,158.0,0.5,0.0,0.0,7.728593207554269
32880,0,calendar_2014_test,144.52098779651027,157.0,0.5,0.0,0.0,12.47901220348973
32881,0,calendar_2014_test,142.16056611532247,113.0,0.5,0.0,0.0,29.160566115322467
32882,0,calendar_2014_test,80.3043566216831,51.0,0.5,0.0,0.0,29.304356621683098
32883,0,calendar_2014_test,38.82977599890108,13.0,0.5,0.0,0.0,25.829775998901077
32884,0,calendar_2014_test,13.87456791599764,12.0,0.5,0.0,0.0,1.8745679159976394
32885,0,calendar_2014_test,12.81893621522269,7.0,0.5,0.0,0.0,5.81893621522269
32886,0,calendar_2014_test,8.504227681613855,10.0,0.5,0.0,0.0,1.4957723183861447
32887,0,calendar_2014_test,10.713212185149,8.0,0.5,0.0,0.0,2.7132121851490005
32888,0,calendar_2014_test,10.691133970115402,8.0,0.5,0.0,0.0,2.691133970115402
32889,0,calendar_2014_test,12.010049103948822,10.0,0.5,0.0,0.0,2.0100491039488215
32890,0,calendar_2014_test,20.075439520140396,13.0,0.5,0.0,0.0,7.075439520140396
32891,0,calendar_2014_test,21.246113153628137,18.0,0.5,0.0,0.0,3.246113153628137
32892,0,calendar_2014_test,22.19429906484878,21.0,0.5,0.0,0.0,1.1942990648487815
32893,0,calendar_2014_test,24.75144351377151,21.0,0.5,0.0,0.0,3.751443513771509
32894,0,calendar_2014_test,29.25883241537959,15.0,0.5,0.0,0.0,14.25883241537959
32895,0,calendar_2014_test,19.274957986148408,10.0,0.5,0.0,0.0,9.274957986148408
32896,0,calendar_2014_test,16.407294643060034,8.0,0.5,0.0,0.0,8.407294643060034
32897,0,calendar_2014_test,12.996061751374013,9.0,0.5,0.0,0.0,3.996061751374013
32898,0,calendar_2014_test,13.512512275227651,8.0,0.5,0.0,0.0,5.512512275227651
32899,0,calendar_2014_test,12.934851539818277,15.0,0.5,0.0,0.0,2.0651484601817227
32900,0,calendar_2014_test,15.914472888311293,20.0,0.5,0.0,0.0,4.085527111688707
32901,0,calendar_2014_test,20.797280339514245,20.0,0.5,0.0,0.0,0.7972803395142449
32902,0,calendar_2014_test,20.83748852207797,18.0,0.5,0.0,0.0,2.837488522077969
32903,0,calendar_2014_test,22.688070415457947,15.0,0.5,0.0,0.0,7.688070415457947
32904,0,calendar_2014_test,18.584032206004668,15.0,0.5,0.0,0.0,3.584032206004668
32905,0,calendar_2014_test,17.507310658230928,16.0,0.5,0.0,0.0,1.507310658230928
32906,0,calendar_2014_test,17.097136408996732,19.0,0.5,0.0,0.0,1.9028635910032676
32907,0,calendar_2014_test,19.54857026493859,23.0,0.5,0.0,0.0,3.45142973506141
32908,0,calendar_2014_test,23.781901331118867,24.0,0.5,0.0,0.0,0.21809866888113305
32909,0,calendar_2014_test,23.924994216410898,26.0,0.5,0.0,0.0,2.075005783589102
32910,0,calendar_2014_test,26.437511461655873,27.0,0.5,0.0,0.0,0.5624885383441267
32911,0,calendar_2014_test,29.53662891780229,27.0,0.5,0.0,0.0,2.5366289178022896
32912,0,calendar_2014_test,26.24346526469375,26.0,0.5,0.0,0.0,0.24346526469375007
32913,0,calendar_2014_test,30.09277487252407,23.0,0.5,0.0,0.0,7.092774872524071
32914,0,calendar_2014_test,22.498960343919205,28.0,0.5,0.0,0.0,5.5010396560807955
32915,0,calendar_2014_test,33.228222012806086,27.0,0.5,0.0,0.0,6.228222012806086
32916,0,calendar_2014_test,28.67185304308777,29.0,0.5,0.0,0.0,0.3281469569122315
32917,0,calendar_2014_test,25.211736123434605,31.0,0.5,0.0,0.0,5.788263876565395
32918,0,calendar_2014_test,32.72916953555516,26.0,0.5,0.0,0.0,6.729169535555158
32919,0,calendar_2014_test,24.03364281238138,26.0,0.5,0.0,0.0,1.9663571876186197
32920,0,calendar_2014_test,25.418942727239692,23.0,0.5,0.0,0.0,2.418942727239692
32921,0,calendar_2014_test,25.890110193428423,39.0,0.5,0.0,0.0,13.109889806571577
32922,0,calendar_2014_test,35.193025071200395,39.0,0.5,0.0,0.0,3.8069749287996046
32923,0,calendar_2014_test,32.56237312063386,40.0,0.5,0.0,0.0,7.437626879366142
32924,0,calendar_2014_test,42.221364213720896,40.0,0.5,0.0,0.0,2.2213642137208964
32925,0,calendar_2014_test,36.39640236244506,94.0,0.5,0.0,0.0,57.60359763755494
32926,0,calendar_2014_test,70.25712176919602,102.0,0.5,0.0,0.0,31.74287823080398
32927,0,calendar_2014_test,84.59634126323425,100.0,0.5,0.0,0.0,15.403658736765749
32928,0,calendar_2014_test,86.71540947996414,26.0,0.5,0.0,0.0,60.71540947996414
32929,0,calendar_2014_test,23.161371775380655,19.0,0.5,0.0,0.0,4.161371775380655
32930,0,calendar_2014_test,17.188752523262142,13.0,0.5,0.0,0.0,4.188752523262142
32931,0,calendar_2014_test,12.44758651021054,17.0,0.5,0.0,0.0,4.55241348978946
32932,0,calendar_2014_test,14.486516931151991,12.0,0.5,0.0,0.0,2.486516931151991
32933,0,calendar_2014_test,13.869021510591493,16.0,0.5,0.0,0.0,2.1309784894085073
32934,0,calendar_2014_test,13.466856051245193,12.0,0.5,0.0,0.0,1.466856051245193
32935,0,calendar_2014_test,11.95642104596404,13.0,0.5,0.0,0.0,1.0435789540359597
32936,0,calendar_2014_test,13.0416284671899,12.0,0.5,0.0,0.0,1.0416284671899003
32937,0,calendar_2014_test,13.301234133665892,14.0,0.5,0.0,0.0,0.6987658663341083
32938,0,calendar_2014_test,14.155148805838953,11.0,0.5,0.0,0.0,3.1551488058389534
32939,0,calendar_2014_test,19.878875177989904,8.0,0.5,0.0,0.0,11.878875177989904
32940,0,calendar_2014_test,14.17008064590854,17.0,0.5,0.0,0.0,2.8299193540914604
32941,0,calendar_2014_test,15.8743849378916,13.0,0.5,0.0,0.0,2.8743849378916
32942,0,calendar_2014_test,17.79450344751486,12.0,0.5,0.0,0.0,5.79450344751486
32943,0,calendar_2014_test,13.73807829910301,13.0,0.5,0.0,0.0,0.7380782991030106
32944,0,calendar_2014_test,14.35515332719432,19.0,0.5,0.0,0.0,4.644846672805681
32945,0,calendar_2014_test,23.611417335026733,27.0,0.5,0.0,0.0,3.388582664973267
32946,0,calendar_2014_test,28.611582340207956,27.0,0.5,0.0,0.0,1.6115823402079563
32947,0,calendar_2014_test,28.613797211003554,38.0,0.5,0.0,0.0,9.386202788996446
32948,0,calendar_2014_test,42.08732069490907,44.0,0.5,0.0,0.0,1.9126793050909328
32949,0,calendar_2014_test,48.4550234992607,44.0,0.5,0.0,0.0,4.455023499260697
32950,0,calendar_2014_test,47.09680270867788,43.0,0.5,0.0,0.0,4.0968027086778775
32951,0,calendar_2014_test,43.892491151902256,49.0,0.5,0.0,0.0,5.107508848097744
32952,0,calendar_2014_test,51.11717911657991,35.0,0.5,0.0,0.0,16.117179116579912
32953,0,calendar_2014_test,34.44709917928684,18.0,0.5,0.0,0.0,16.447099179286838
32954,0,calendar_2014_test,21.951653133852243,15.0,0.5,0.0,0.0,6.951653133852243
32955,0,calendar_2014_test,17.76762071691063,21.0,0.5,0.0,0.0,3.2323792830893687
32956,0,calendar_2014_test,22.900787260483117,29.0,0.5,0.0,0.0,6.099212739516883
32957,0,calendar_2014_test,28.38518567390891,21.0,0.5,0.0,0.0,7.385185673908911
32958,0,calendar_2014_test,24.378174410269153,34.0,0.5,0.0,0.0,9.621825589730847
32959,0,calendar_2014_test,38.7641553241363,32.0,0.5,0.0,0.0,6.764155324136297
32960,0,calendar_2014_test,34.64250619947856,24.0,0.5,0.0,0.0,10.64250619947856
32961,0,calendar_2014_test,28.822991948570944,32.0,0.5,0.0,0.0,3.1770080514290555
32962,0,calendar_2014_test,36.31639855251457,32.0,0.5,0.0,0.0,4.3163985525145705
32963,0,calendar_2014_test,36.155235660521804,34.0,0.5,0.0,0.0,2.1552356605218037
32964,0,calendar_2014_test,37.06680016971065,39.0,0.5,0.0,0.0,1.9331998302893467
32965,0,calendar_2014_test,40.529931027850665,40.0,0.5,0.0,0.0,0.5299310278506653
32966,0,calendar_2014_test,44.03649607222469,44.0,0.5,0.0,0.0,0.03649607222469342
32967,0,calendar_2014_test,48.87785763750448,38.0,0.5,0.0,0.0,10.877857637504484
32968,0,calendar_2014_test,41.71834160887905,38.0,0.5,0.0,0.0,3.718341608879051
32969,0,calendar_2014_test,40.14017558215477,42.0,0.5,0.0,0.0,1.859824417845232
32970,0,calendar_2014_test,45.99561410032598,44.0,0.5,0.0,0.0,1.9956141003259802
32971,0,calendar_2014_test,45.55113468991264,54.0,0.5,0.0,0.0,8.448865310087363
32972,0,calendar_2014_test,56.5114648626446,62.0,0.5,0.0,0.0,5.488535137355399
32973,0,calendar_2014_test,64.340749463728,78.0,0.5,0.0,0.0,13.659250536271998
32974,0,calendar_2014_test,82.15629968009348,77.0,0.5,0.0,0.0,5.156299680093483
32975,0,calendar_2014_test,73.1315194526022,75.0,0.5,0.0,0.0,1.8684805473977946
32976,0,calendar_2014_test,70.35394692469107,67.0,0.5,0.0,0.0,3.3539469246910727
32977,0,calendar_2014_test,64.58969560237234,52.0,0.5,0.0,0.0,12.589695602372345
32978,0,calendar_2014_test,48.80489043368877,41.0,0.5,0.0,0.0,7.804890433688769
32979,0,calendar_2014_test,39.25678483608096,29.0,0.5,0.0,0.0,10.25678483608096
32980,0,calendar_2014_test,27.190487114215316,21.0,0.5,0.0,0.0,6.1904871142153155
32981,0,calendar_2014_test,19.448999711082738,19.0,0.5,0.0,0.0,0.4489997110827382
32982,0,calendar_2014_test,19.257897688282814,8.0,0.5,0.0,0.0,11.257897688282814
32983,0,calendar_2014_test,14.024418752806048,14.0,0.5,0.0,0.0,0.02441875280604755
32984,0,calendar_2014_test,17.393203939525268,30.0,0.5,0.0,0.0,12.606796060474732
32985,0,calendar_2014_test,35.793557284567136,29.0,0.5,0.0,0.0,6.793557284567136
32986,0,calendar_2014_test,34.35602738079181,38.0,0.5,0.0,0.0,3.643972619208192
32987,0,calendar_2014_test,44.661156421945705,63.0,0.5,0.0,0.0,18.338843578054295
32988,0,calendar_2014_test,67.64514000836289,63.0,0.5,0.0,0.0,4.645140008362887
32989,0,calendar_2014_test,62.53773518228336,63.0,0.5,0.0,0.0,0.46226481771663686
32990,0,calendar_2014_test,68.17781030111453,79.0,0.5,0.0,0.0,10.822189698885467
32991,0,calendar_2014_test,86.05987915002514,71.0,0.5,0.0,0.0,15.05987915002514
32992,0,calendar_2014_test,72.8858405239497,96.0,0.5,0.0,0.0,23.114159476050304
32993,0,calendar_2014_test,93.53319976663192,102.0,0.5,0.0,0.0,8.466800233368076
32994,0,calendar_2014_test,98.76077670432532,113.0,0.5,0.0,0.0,14.239223295674677
32995,0,calendar_2014_test,109.12146299255097,73.0,0.5,0.0,0.0,36.121462992550974
32996,0,calendar_2014_test,63.71084475976442,67.0,0.5,0.0,0.0,3.28915524023558
32997,0,calendar_2014_test,61.67615594054837,67.0,0.5,0.0,0.0,5.3238440594516305
32998,0,calendar_2014_test,67.74004957859287,88.0,0.5,0.0,0.0,20.259950421407126
32999,0,calendar_2014_test,88.79015786884689,85.0,0.5,0.0,0.0,3.79015786884689
33000,0,calendar_2014_test,81.99812989661704,88.0,0.5,0.0,0.0,6.001870103382956
33001,0,calendar_2014_test,84.56801667168483,104.0,0.5,0.0,0.0,19.43198332831517
33002,0,calendar_2014_test,100.16620220992,100.0,0.5,0.0,0.0,0.16620220992000156
33003,0,calendar_2014_test,92.98520649854957,99.0,0.5,0.0,0.0,6.014793501450427
33004,0,calendar_2014_test,92.99571372277896,100.0,0.5,0.0,0.0,7.004286277221041
33005,0,calendar_2014_test,97.56715610056413,107.0,0.5,0.0,0.0,9.432843899435866
33006,0,calendar_2014_test,103.02126658881525,104.0,0.5,0.0,0.0,0.9787334111847485
33007,0,calendar_2014_test,96.66777166226352,90.0,0.5,0.0,0.0,6.667771662263519
33008,0,calendar_2014_test,85.30809707475812,100.0,0.5,0.0,0.0,14.691902925241877
33009,0,calendar_2014_test,103.64755322101186,99.0,0.5,0.0,0.0,4.6475532210118615
33010,0,calendar_2014_test,98.75953529141306,95.0,0.5,0.0,0.0,3.7595352914130586
33011,0,calendar_2014_test,95.06749331306995,97.0,0.5,0.0,0.0,1.9325066869300542
33012,0,calendar_2014_test,97.31906965322032,90.0,0.5,0.0,0.0,7.319069653220325
33013,0,calendar_2014_test,90.89729224202864,76.0,0.5,0.0,0.0,14.89729224202864
33014,0,calendar_2014_test,72.90039728610685,72.0,0.5,0.0,0.0,0.9003972861068519
33015,0,calendar_2014_test,74.75053114284214,81.0,0.5,0.0,0.0,6.249468857157865
33016,0,calendar_2014_test,85.93817020367266,84.0,0.5,0.0,0.0,1.9381702036726551
33017,0,calendar_2014_test,89.16075796283017,90.0,0.5,0.0,0.0,0.839242037169825
33018,0,calendar_2014_test,96.22568243190919,96.0,0.5,0.0,0.0,0.2256824319091919
33019,0,calendar_2014_test,102.08501608720869,115.0,0.5,0.0,0.0,12.914983912791314
33020,0,calendar_2014_test,123.37471978745623,115.0,0.5,0.0,0.0,8.374719787456229
33021,0,calendar_2014_test,115.9042110421154,108.0,0.5,0.0,0.0,7.904211042115406
33022,0,calendar_2014_test,105.88168196836382,125.0,0.5,0.0,0.0,19.11831803163618
33023,0,calendar_2014_test,127.43965151021634,123.0,0.5,0.0,0.0,4.439651510216336
33024,0,calendar_2014_test,119.63567219389894,127.0,0.5,0.0,0.0,7.364327806101059
33025,0,calendar_2014_test,123.27198314952034,132.0,0.5,0.0,0.0,8.728016850479662
33026,0,calendar_2014_test,128.01036250463602,125.0,0.5,0.0,0.0,3.0103625046360207
33027,0,calendar_2014_test,118.49528935426369,119.0,0.5,0.0,0.0,0.50471064573631
33028,0,calendar_2014_test,111.7664675448727,127.0,0.5,0.0,0.0,15.233532455127303
33029,0,calendar_2014_test,122.52520502211138,139.0,0.5,0.0,0.0,16.47479497788862
33030,0,calendar_2014_test,135.60562669470858,134.0,0.5,0.0,0.0,1.605626694708576
33031,0,calendar_2014_test,126.30422095209413,131.0,0.5,0.0,0.0,4.695779047905873
33032,0,calendar_2014_test,125.64606416407055,135.0,0.5,0.0,0.0,9.353935835929448
33033,0,calendar_2014_test,135.02095244897797,137.0,0.5,0.0,0.0,1.9790475510220347
33034,0,calendar_2014_test,135.57312253979507,143.0,0.5,0.0,0.0,7.426877460204935
33035,0,calendar_2014_test,145.28976764075463,140.0,0.5,0.0,0.0,5.289767640754633
33036,0,calendar_2014_test,135.85877314161522,86.0,0.5,0.0,0.0,49.85877314161522
33037,0,calendar_2014_test,61.31875180546033,83.0,0.5,0.0,0.0,21.68124819453967
33038,0,calendar_2014_test,78.64702680716182,83.0,0.5,0.0,0.0,4.352973192838178
33039,0,calendar_2014_test,87.85119829454518,68.0,0.5,0.0,0.0,19.851198294545185
33040,0,calendar_2014_test,65.06695634081098,53.0,0.5,0.0,0.0,12.066956340810975
33041,0,calendar_2014_test,49.181660100782274,52.0,0.5,0.0,0.0,2.818339899217726
33042,0,calendar_2014_test,54.50178499279126,46.0,0.5,0.0,0.0,8.501784992791258
33043,0,calendar_2014_test,45.82345694473278,49.0,0.5,0.0,0.0,3.176543055267217
33044,0,calendar_2014_test,45.965494754053424,59.0,0.5,0.0,0.0,13.034505245946576
33045,0,calendar_2014_test,58.00599773092713,52.0,0.5,0.0,0.0,6.0059977309271275
33046,0,calendar_2014_test,47.30471979443379,43.0,0.5,0.0,0.0,4.304719794433787
33047,0,calendar_2014_test,39.684741919545026,46.0,0.5,0.0,0.0,6.315258080454974
33048,0,calendar_2014_test,42.61751984113262,40.0,0.5,0.0,0.0,2.6175198411326193
33049,0,calendar_2014_test,36.42981317261071,32.0,0.5,0.0,0.0,4.429813172610707
33050,0,calendar_2014_test,31.407526821928684,29.0,0.5,0.0,0.0,2.407526821928684
33051,0,calendar_2014_test,27.991782345860937,33.0,0.5,0.0,0.0,5.008217654139063
33052,0,calendar_2014_test,32.585658335194076,37.0,0.5,0.0,0.0,4.414341664805924
33053,0,calendar_2014_test,42.769439085794225,37.0,0.5,0.0,0.0,5.769439085794225
33054,0,calendar_2014_test,41.26563402637617,62.0,0.5,0.0,0.0,20.73436597362383
33055,0,calendar_2014_test,65.76577951848554,80.0,0.5,0.0,0.0,14.234220481514456
33056,0,calendar_2014_test,84.60639480089655,62.0,0.5,0.0,0.0,22.606394800896553
33057,0,calendar_2014_test,58.36474169739984,53.0,0.5,0.0,0.0,5.364741697399843
33058,0,calendar_2014_test,51.60026486692057,59.0,0.5,0.0,0.0,7.399735133079432
33059,0,calendar_2014_test,59.620060533194845,51.0,0.5,0.0,0.0,8.620060533194845
33060,0,calendar_2014_test,51.15172172766541,60.0,0.5,0.0,0.0,8.84827827233459
33061,0,calendar_2014_test,66.45982772073717,59.0,0.5,0.0,0.0,7.459827720737167
33062,0,calendar_2014_test,65.23509967526508,55.0,0.5,0.0,0.0,10.235099675265076
33063,0,calendar_2014_test,57.45336510228126,49.0,0.5,0.0,0.0,8.45336510228126
33064,0,calendar_2014_test,52.64056150458249,52.0,0.5,0.0,0.0,0.6405615045824931
33065,0,calendar_2014_test,56.88841754050668,55.0,0.5,0.0,0.0,1.8884175405066799
33066,0,calendar_2014_test,58.129220628660626,24.0,0.5,0.0,0.0,34.129220628660626
33067,0,calendar_2014_test,28.127239503031753,21.0,0.5,0.0,0.0,7.127239503031753
33068,0,calendar_2014_test,23.86822922258894,18.0,0.5,0.0,0.0,5.8682292225889405
33069,0,calendar_2014_test,21.80039673180058,25.0,0.5,0.0,0.0,3.1996032681994215
33070,0,calendar_2014_test,24.13714323860644,25.0,0.5,0.0,0.0,0.8628567613935587
33071,0,calendar_2014_test,24.605833068113338,18.0,0.5,0.0,0.0,6.605833068113338
33072,0,calendar_2014_test,21.400466519856337,18.0,0.5,0.0,0.0,3.4004665198563373
33073,0,calendar_2014_test,20.868037216800033,24.0,0.5,0.0,0.0,3.131962783199967
33074,0,calendar_2014_test,24.147540282719618,20.0,0.5,0.0,0.0,4.147540282719618
33075,0,calendar_2014_test,21.98389962220503,31.0,0.5,0.0,0.0,9.01610037779497
33076,0,calendar_2014_test,37.90778261483776,31.0,0.5,0.0,0.0,6.907782614837757
33077,0,calendar_2014_test,35.460092243719416,28.0,0.5,0.0,0.0,7.460092243719416
33078,0,calendar_2014_test,34.258438364819824,31.0,0.5,0.0,0.0,3.258438364819824
33079,0,calendar_2014_test,38.11977035731523,28.0,0.5,0.0,0.0,10.119770357315232
33080,0,calendar_2014_test,35.59147789942115,34.0,0.5,0.0,0.0,1.5914778994211503
33081,0,calendar_2014_test,42.2093110029781,32.0,0.5,0.0,0.0,10.209311002978097
33082,0,calendar_2014_test,34.51749330141621,44.0,0.5,0.0,0.0,9.48250669858379
33083,0,calendar_2014_test,48.0460167041743,46.0,0.5,0.0,0.0,2.046016704174299
33084,0,calendar_2014_test,43.06070170702814,43.0,0.5,0.0,0.0,0.060701707028137264
33085,0,calendar_2014_test,40.94136666135709,48.0,0.5,0.0,0.0,7.058633338642913
33086,0,calendar_2014_test,45.31381921940138,57.0,0.5,0.0,0.0,11.686180780598619
33087,0,calendar_2014_test,54.06788672516757,53.0,0.5,0.0,0.0,1.0678867251675683
33088,0,calendar_2014_test,49.63606478169799,64.0,0.5,0.0,0.0,14.36393521830201
33089,0,calendar_2014_test,61.65790436666864,52.0,0.5,0.0,0.0,9.657904366668639
33090,0,calendar_2014_test,48.351285728531565,37.0,0.5,0.0,0.0,11.351285728531565
33091,0,calendar_2014_test,40.31441556056612,35.0,0.5,0.0,0.0,5.314415560566118
33092,0,calendar_2014_test,34.06088695157944,39.0,0.5,0.0,0.0,4.939113048420559
33093,0,calendar_2014_test,36.470815523526966,31.0,0.5,0.0,0.0,5.470815523526966
33094,0,calendar_2014_test,30.071395294795376,29.0,0.5,0.0,0.0,1.0713952947953764
33095,0,calendar_2014_test,27.21273140443281,28.0,0.5,0.0,0.0,0.7872685955671912
33096,0,calendar_2014_test,25.18728384755772,32.0,0.5,0.0,0.0,6.812716152442281
33097,0,calendar_2014_test,33.713600615347765,33.0,0.5,0.0,0.0,0.7136006153477652
33098,0,calendar_2014_test,36.465960668919124,25.0,0.5,0.0,0.0,11.465960668919124
33099,0,calendar_2014_test,27.405169245001968,30.0,0.5,0.0,0.0,2.594830754998032
33100,0,calendar_2014_test,32.15848307135635,28.0,0.5,0.0,0.0,4.1584830713563505
33101,0,calendar_2014_test,29.227089984682106,36.0,0.5,0.0,0.0,6.772910015317894
33102,0,calendar_2014_test,37.49491907853435,43.0,0.5,0.0,0.0,5.505080921465648
33103,0,calendar_2014_test,45.8156990098174,43.0,0.5,0.0,0.0,2.8156990098174006
33104,0,calendar_2014_test,45.40926148788226,54.0,0.5,0.0,0.0,8.590738512117738
33105,0,calendar_2014_test,56.923155176480655,56.0,0.5,0.0,0.0,0.9231551764806554
33106,0,calendar_2014_test,57.63143701689306,45.0,0.5,0.0,0.0,12.63143701689306
33107,0,calendar_2014_test,48.46261647389923,48.0,0.5,0.0,0.0,0.46261647389923155
33108,0,calendar_2014_test,52.25440203324959,57.0,0.5,0.0,0.0,4.74559796675041
33109,0,calendar_2014_test,59.75299830147865,50.0,0.5,0.0,0.0,9.752998301478648
33110,0,calendar_2014_test,51.61867103807397,47.0,0.5,0.0,0.0,4.61867103807397
33111,0,calendar_2014_test,51.0634198396322,48.0,0.5,0.0,0.0,3.0634198396322034
33112,0,calendar_2014_test,50.532201897291166,62.0,0.5,0.0,0.0,11.467798102708834
33113,0,calendar_2014_test,65.35853035303786,77.0,0.5,0.0,0.0,11.641469646962136
33114,0,calendar_2014_test,81.10666430921023,83.0,0.5,0.0,0.0,1.893335690789769
33115,0,calendar_2014_test,88.04425763941057,87.0,0.5,0.0,0.0,1.0442576394105743
33116,0,calendar_2014_test,91.15088173991752,88.0,0.5,0.0,0.0,3.150881739917523
33117,0,calendar_2014_test,90.71712294977523,107.0,0.5,0.0,0.0,16.28287705022477
33118,0,calendar_2014_test,105.49314711625556,88.0,0.5,0.0,0.0,17.493147116255557
33119,0,calendar_2014_test,81.3422791701389,88.0,0.5,0.0,0.0,6.6577208298611055
33120,0,calendar_2014_test,89.10601762380354,79.0,0.5,0.0,0.0,10.106017623803538
33121,0,calendar_2014_test,77.90251563987415,60.0,0.5,0.0,0.0,17.902515639874153
33122,0,calendar_2014_test,58.466543986255544,48.0,0.5,0.0,0.0,10.466543986255544
33123,0,calendar_2014_test,49.950481797082624,38.0,0.5,0.0,0.0,11.950481797082624
33124,0,calendar_2014_test,38.11259083444959,42.0,0.5,0.0,0.0,3.887409165550409
33125,0,calendar_2014_test,43.60977187199313,47.0,0.5,0.0,0.0,3.390228128006868
33126,0,calendar_2014_test,48.92307825666475,53.0,0.5,0.0,0.0,4.076921743335248
33127,0,calendar_2014_test,54.812904847502345,52.0,0.5,0.0,0.0,2.8129048475023453
33128,0,calendar_2014_test,53.14466626358192,51.0,0.5,0.0,0.0,2.144666263581918
33129,0,calendar_2014_test,52.99021517339288,53.0,0.5,0.0,0.0,0.00978482660711677
33130,0,calendar_2014_test,55.611162600471985,51.0,0.5,0.0,0.0,4.611162600471985
33131,0,calendar_2014_test,53.116509833311994,54.0,0.5,0.0,0.0,0.8834901666880057
33132,0,calendar_2014_test,54.23330169235245,54.0,0.5,0.0,0.0,0.23330169235244824
33133,0,calendar_2014_test,56.22457647741876,54.0,0.5,0.0,0.0,2.2245764774187577
33134,0,calendar_2014_test,102.72208482648067,78.0,0.5,0.0,0.0,24.722084826480668
33135,0,calendar_2014_test,73.9514469916699,80.0,0.5,0.0,0.0,6.048553008330103
33136,0,calendar_2014_test,80.56305729072872,77.0,0.5,0.0,0.0,3.5630572907287217
33137,0,calendar_2014_test,78.68233390714502,79.0,0.5,0.0,0.0,0.31766609285497793
33138,0,calendar_2014_test,81.71273585937276,79.0,0.5,0.0,0.0,2.7127358593727564
33139,0,calendar_2014_test,80.3095090552947,59.0,0.5,0.0,0.0,21.309509055294697
33140,0,calendar_2014_test,58.77789070134428,75.0,0.5,0.0,0.0,16.222109298655717
33141,0,calendar_2014_test,83.66666620228082,94.0,0.5,0.0,0.0,10.333333797719177
33142,0,calendar_2014_test,101.1956477597679,88.0,0.5,0.0,0.0,13.195647759767894
33143,0,calendar_2014_test,93.17554031298229,88.0,0.5,0.0,0.0,5.175540312982292
33144,0,calendar_2014_test,93.83163195159311,85.0,0.5,0.0,0.0,8.83163195159311
33145,0,calendar_2014_test,89.5274909378716,87.0,0.5,0.0,0.0,2.5274909378716046
33146,0,calendar_2014_test,92.88756586488326,94.0,0.5,0.0,0.0,1.112434135116743
33147,0,calendar_2014_test,100.30839015096834,103.0,0.5,0.0,0.0,2.6916098490316642
33148,0,calendar_2014_test,108.34734904209289,101.0,0.5,0.0,0.0,7.347349042092887
33149,0,calendar_2014_test,102.10101078807324,114.0,0.5,0.0,0.0,11.89898921192676
33150,0,calendar_2014_test,118.47794654118464,123.0,0.5,0.0,0.0,4.522053458815364
33151,0,calendar_2014_test,126.06264548573523,122.0,0.5,0.0,0.0,4.062645485735231
33152,0,calendar_2014_test,116.91470360953518,96.0,0.5,0.0,0.0,20.91470360953518
33153,0,calendar_2014_test,78.62453182074862,51.0,0.5,0.0,0.0,27.624531820748615
33154,0,calendar_2014_test,48.32453284081177,23.0,0.5,0.0,0.0,25.32453284081177
33155,0,calendar_2014_test,25.81488675828313,59.0,0.5,0.0,0.0,33.18511324171687
33156,0,calendar_2014_test,53.70318184046765,43.0,0.5,0.0,0.0,10.70318184046765
33157,0,calendar_2014_test,40.81301590196496,13.0,0.5,0.0,0.0,27.81301590196496
33158,0,calendar_2014_test,19.01828640691097,13.0,0.5,0.0,0.0,6.0182864069109705
33159,0,calendar_2014_test,14.904542950167025,16.0,0.5,0.0,0.0,1.0954570498329748
33160,0,calendar_2014_test,14.800839022504602,13.0,0.5,0.0,0.0,1.8008390225046025
33161,0,calendar_2014_test,13.125616027419612,12.0,0.5,0.0,0.0,1.1256160274196123
33162,0,calendar_2014_test,13.969707348112605,18.0,0.5,0.0,0.0,4.030292651887395
33163,0,calendar_2014_test,18.982767341241235,16.0,0.5,0.0,0.0,2.982767341241235
33164,0,calendar_2014_test,16.441785267030763,15.0,0.5,0.0,0.0,1.4417852670307632
33165,0,calendar_2014_test,16.912197850898274,20.0,0.5,0.0,0.0,3.0878021491017265
33166,0,calendar_2014_test,25.785961577992552,17.0,0.5,0.0,0.0,8.785961577992552
33167,0,calendar_2014_test,23.479523635057003,19.0,0.5,0.0,0.0,4.479523635057003
33168,0,calendar_2014_test,27.417949167504776,40.0,0.5,0.0,0.0,12.582050832495224
33169,0,calendar_2014_test,45.802128895002646,44.0,0.5,0.0,0.0,1.802128895002646
33170,0,calendar_2014_test,49.664003190054565,33.0,0.5,0.0,0.0,16.664003190054565
33171,0,calendar_2014_test,39.90112145583374,33.0,0.5,0.0,0.0,6.901121455833739
33172,0,calendar_2014_test,38.104690859937726,37.0,0.5,0.0,0.0,1.104690859937726
33173,0,calendar_2014_test,41.975438523137576,37.0,0.5,0.0,0.0,4.975438523137576
33174,0,calendar_2014_test,37.359825439008624,50.0,0.5,0.0,0.0,12.640174560991376
33175,0,calendar_2014_test,49.73641733520084,51.0,0.5,0.0,0.0,1.2635826647991593
33176,0,calendar_2014_test,47.72509431941794,39.0,0.5,0.0,0.0,8.725094319417941
33177,0,calendar_2014_test,33.896962180005765,28.0,0.5,0.0,0.0,5.896962180005765
33178,0,calendar_2014_test,26.66645470063915,35.0,0.5,0.0,0.0,8.33354529936085
33179,0,calendar_2014_test,34.97996950135829,31.0,0.5,0.0,0.0,3.9799695013582905
33180,0,calendar_2014_test,30.278289041783655,31.0,0.5,0.0,0.0,0.7217109582163452
33181,0,calendar_2014_test,32.563025762845065,27.0,0.5,0.0,0.0,5.563025762845065
33182,0,calendar_2014_test,27.758043721537078,23.0,0.5,0.0,0.0,4.758043721537078
33183,0,calendar_2014_test,21.905807210594332,18.0,0.5,0.0,0.0,3.9058072105943324
33184,0,calendar_2014_test,18.45065444968451,16.0,0.5,0.0,0.0,2.45065444968451
33185,0,calendar_2014_test,14.828749278589209,12.0,0.5,0.0,0.0,2.8287492785892088
33186,0,calendar_2014_test,12.106299942218977,14.0,0.5,0.0,0.0,1.8937000577810235
33187,0,calendar_2014_test,13.824707488107203,14.0,0.5,0.0,0.0,0.17529251189279726
33188,0,calendar_2014_test,16.693448790261893,10.0,0.5,0.0,0.0,6.693448790261893
33189,0,calendar_2014_test,15.144853110020145,20.0,0.5,0.0,0.0,4.855146889979855
33190,0,calendar_2014_test,26.541283414807967,30.0,0.5,0.0,0.0,3.4587165851920325
33191,0,calendar_2014_test,37.58164993967979,40.0,0.5,0.0,0.0,2.4183500603202077
33192,0,calendar_2014_test,42.077652787379144,44.0,0.5,0.0,0.0,1.9223472126208563
33193,0,calendar_2014_test,49.042164422898665,38.0,0.5,0.0,0.0,11.042164422898665
33194,0,calendar_2014_test,42.544817751907544,50.0,0.5,0.0,0.0,7.455182248092456
33195,0,calendar_2014_test,54.60789592179666,64.0,0.5,0.0,0.0,9.392104078203339
33196,0,calendar_2014_test,69.58763128173898,99.0,0.5,0.0,0.0,29.41236871826102
33197,0,calendar_2014_test,105.88172498564691,110.0,0.5,0.0,0.0,4.118275014353088
33198,0,calendar_2014_test,114.92099865486294,105.0,0.5,0.0,0.0,9.920998654862942
33199,0,calendar_2014_test,99.83926862845831,108.0,0.5,0.0,0.0,8.160731371541686
33200,0,calendar_2014_test,106.97606859570222,121.0,0.5,0.0,0.0,14.023931404297784
33201,0,calendar_2014_test,121.48865879970842,126.0,0.5,0.0,0.0,4.511341200291582
33202,0,calendar_2014_test,117.69923593800547,103.0,0.5,0.0,0.0,14.699235938005472
33203,0,calendar_2014_test,89.00680482797183,78.0,0.5,0.0,0.0,11.006804827971834
33204,0,calendar_2014_test,70.83306682657563,93.0,0.5,0.0,0.0,22.16693317342437
33205,0,calendar_2014_test,99.43696971833977,49.0,0.5,0.0,0.0,50.43696971833977
33206,0,calendar_2014_test,43.40195509125032,29.0,0.5,0.0,0.0,14.401955091250322
33207,0,calendar_2014_test,34.53418923585963,25.0,0.5,0.0,0.0,9.534189235859628
33208,0,calendar_2014_test,24.646326287432966,34.0,0.5,0.0,0.0,9.353673712567034
33209,0,calendar_2014_test,37.59074476869243,39.0,0.5,0.0,0.0,1.4092552313075686
33210,0,calendar_2014_test,42.169497425979664,41.0,0.5,0.0,0.0,1.1694974259796638
33211,0,calendar_2014_test,43.43024874132951,48.0,0.5,0.0,0.0,4.569751258670493
33212,0,calendar_2014_test,43.674058239802264,49.0,0.5,0.0,0.0,5.325941760197736
33213,0,calendar_2014_test,49.92608951856197,19.0,0.5,0.0,0.0,30.926089518561973
33214,0,calendar_2014_test,23.738666765360474,14.0,0.5,0.0,0.0,9.738666765360474
33215,0,calendar_2014_test,21.9420757426301,24.0,0.5,0.0,0.0,2.0579242573699013
33216,0,calendar_2014_test,27.782729468254804,22.0,0.5,0.0,0.0,5.782729468254804
33217,0,calendar_2014_test,23.219573893817184,30.0,0.5,0.0,0.0,6.780426106182816
33218,0,calendar_2014_test,33.725994184195336,30.0,0.5,0.0,0.0,3.7259941841953363
33219,0,calendar_2014_test,32.27725395039988,37.0,0.5,0.0,0.0,4.722746049600119
33220,0,calendar_2014_test,39.34774738842043,35.0,0.5,0.0,0.0,4.34774738842043
33221,0,calendar_2014_test,38.82813235016192,39.0,0.5,0.0,0.0,0.17186764983807734
33222,0,calendar_2014_test,43.35274462753285,38.0,0.5,0.0,0.0,5.35274462753285
33223,0,calendar_2014_test,37.54047662868877,35.0,0.5,0.0,0.0,2.540476628688772
33224,0,calendar_2014_test,35.17689769152448,29.0,0.5,0.0,0.0,6.176897691524481
33225,0,calendar_2014_test,28.841927071973927,28.0,0.5,0.0,0.0,0.8419270719739274
33226,0,calendar_2014_test,28.95985358110204,18.0,0.5,0.0,0.0,10.959853581102038
33227,0,calendar_2014_test,19.80353067065756,25.0,0.5,0.0,0.0,5.196469329342442
33228,0,calendar_2014_test,23.46947142878504,34.0,0.5,0.0,0.0,10.530528571214958
33229,0,calendar_2014_test,31.4625520076426,24.0,0.5,0.0,0.0,7.4625520076426
33230,0,calendar_2014_test,26.44687076677892,23.0,0.5,0.0,0.0,3.4468707667789182
33231,0,calendar_2014_test,24.23149418839338,30.0,0.5,0.0,0.0,5.7685058116066195
33232,0,calendar_2014_test,30.009628501417154,35.0,0.5,0.0,0.0,4.990371498582846
33233,0,calendar_2014_test,34.541897962638735,46.0,0.5,0.0,0.0,11.458102037361265
33234,0,calendar_2014_test,45.45952183092797,47.0,0.5,0.0,0.0,1.5404781690720313
33235,0,calendar_2014_test,48.40739405659674,39.0,0.5,0.0,0.0,9.407394056596743
33236,0,calendar_2014_test,41.186149003057736,50.0,0.5,0.0,0.0,8.813850996942264
33237,0,calendar_2014_test,53.43205887403508,54.0,0.5,0.0,0.0,0.5679411259649214
33238,0,calendar_2014_test,55.60827638862856,59.0,0.5,0.0,0.0,3.3917236113714395
33239,0,calendar_2014_test,64.82316458656182,58.0,0.5,0.0,0.0,6.823164586561816
33240,0,calendar_2014_test,60.06389407846629,70.0,0.5,0.0,0.0,9.93610592153371
33241,0,calendar_2014_test,74.58467527282585,90.0,0.5,0.0,0.0,15.415324727174152
33242,0,calendar_2014_test,91.70435315216187,106.0,0.5,0.0,0.0,14.295646847838128
33243,0,calendar_2014_test,107.10781248167858,128.0,0.5,0.0,0.0,20.89218751832142
33244,0,calendar_2014_test,128.9115827260239,118.0,0.5,0.0,0.0,10.911582726023909
33245,0,calendar_2014_test,113.05402671276543,111.0,0.5,0.0,0.0,2.0540267127654346
33246,0,calendar_2014_test,115.83623641898873,131.0,0.5,0.0,0.0,15.163763581011267
33247,0,calendar_2014_test,134.407375313346,153.0,0.5,0.0,0.0,18.592624686654005
33248,0,calendar_2014_test,154.07397062544567,169.0,0.5,0.0,0.0,14.926029374554332
33249,0,calendar_2014_test,171.19665325335095,161.0,0.5,0.0,0.0,10.196653253350945
33250,0,calendar_2014_test,160.24102183456935,141.0,0.5,0.0,0.0,19.241021834569352
33251,0,calendar_2014_test,135.1102911889076,117.0,0.5,0.0,0.0,18.11029118890761
33252,0,calendar_2014_test,109.50981282589491,117.0,0.5,0.0,0.0,7.490187174105088
33253,0,calendar_2014_test,116.95772715027454,101.0,0.5,0.0,0.0,15.957727150274536
33254,0,calendar_2014_test,97.46103127228668,94.0,0.5,0.0,0.0,3.461031272286675
33255,0,calendar_2014_test,91.98646134865575,89.0,0.5,0.0,0.0,2.9864613486557516
33256,0,calendar_2014_test,84.50915460509017,82.0,0.5,0.0,0.0,2.509154605090174
33257,0,calendar_2014_test,81.95825603447429,105.0,0.5,0.0,0.0,23.04174396552571
33258,0,calendar_2014_test,102.26961483549607,130.0,0.5,0.0,0.0,27.73038516450393
33259,0,calendar_2014_test,127.47967369436897,161.0,0.5,0.0,0.0,33.52032630563103
33260,0,calendar_2014_test,168.38498832317444,156.0,0.5,0.0,0.0,12.38498832317444
33261,0,calendar_2014_test,153.4413607952347,100.0,0.5,0.0,0.0,53.44136079523469
33262,0,calendar_2014_test,78.4161666087126,62.0,0.5,0.0,0.0,16.4161666087126
33263,0,calendar_2014_test,56.303972837321055,84.0,0.5,0.0,0.0,27.696027162678945
33264,0,calendar_2014_test,88.57413054009008,61.0,0.5,0.0,0.0,27.57413054009008
33265,0,calendar_2014_test,63.08603608600086,80.0,0.5,0.0,0.0,16.91396391399914
33266,0,calendar_2014_test,87.28795515866604,113.0,0.5,0.0,0.0,25.712044841333963
33267,0,calendar_2014_test,128.4916993997879,140.0,0.5,0.0,0.0,11.508300600212095
33268,0,calendar_2014_test,146.95053910380565,134.0,0.5,0.0,0.0,12.950539103805653
33269,0,calendar_2014_test,133.5031723160628,117.0,0.5,0.0,0.0,16.503172316062802
33270,0,calendar_2014_test,114.6364243385512,112.0,0.5,0.0,0.0,2.636424338551194
33271,0,calendar_2014_test,115.5292846874184,130.0,0.5,0.0,0.0,14.470715312581603
33272,0,calendar_2014_test,137.3327152791528,148.0,0.5,0.0,0.0,10.667284720847192
33273,0,calendar_2014_test,152.7782211661978,162.0,0.5,0.0,0.0,9.221778833802205
33274,0,calendar_2014_test,163.5697418021464,169.0,0.5,0.0,0.0,5.43025819785359
33275,0,calendar_2014_test,172.00056941245796,164.0,0.5,0.0,0.0,8.000569412457963
33276,0,calendar_2014_test,165.4038305023474,169.0,0.5,0.0,0.0,3.596169497652596
33277,0,calendar_2014_test,170.728613119894,155.0,0.5,0.0,0.0,15.728613119893993
33278,0,calendar_2014_test,164.12932470115035,178.0,0.5,0.0,0.0,13.870675298849648
33279,0,calendar_2014_test,173.41253424946734,191.0,0.5,0.0,0.0,17.587465750532658
33280,0,calendar_2014_test,184.43428636937878,196.0,0.5,0.0,0.0,11.565713630621218
33281,0,calendar_2014_test,189.4748134710307,138.0,0.5,0.0,0.0,51.4748134710307
33282,0,calendar_2014_test,134.39158519581557,132.0,0.5,0.0,0.0,2.3915851958155656
33283,0,calendar_2014_test,129.58764901088404,105.0,0.5,0.0,0.0,24.587649010884036
33284,0,calendar_2014_test,90.91472104691981,111.0,0.5,0.0,0.0,20.08527895308019
33285,0,calendar_2014_test,117.67962297180284,96.0,0.5,0.0,0.0,21.679622971802843
33286,0,calendar_2014_test,96.90561553727902,105.0,0.5,0.0,0.0,8.094384462720981
33287,0,calendar_2014_test,111.82924755154556,108.0,0.5,0.0,0.0,3.8292475515455635
33288,0,calendar_2014_test,115.85278242591389,111.0,0.5,0.0,0.0,4.852782425913887
33289,0,calendar_2014_test,117.77134193621256,103.0,0.5,0.0,0.0,14.771341936212565
33290,0,calendar_2014_test,104.25127211413727,114.0,0.5,0.0,0.0,9.748727885862735
33291,0,calendar_2014_test,122.56879775666101,176.0,0.5,0.0,0.0,53.43120224333899
33292,0,calendar_2014_test,190.70725670142292,221.0,0.5,0.0,0.0,30.29274329857708
33293,0,calendar_2014_test,230.36915420259146,225.0,0.5,0.0,0.0,5.36915420259146
33294,0,calendar_2014_test,195.55643985084436,84.0,0.5,0.0,0.0,111.55643985084436
33295,0,calendar_2014_test,55.265601703013374,13.0,0.5,0.0,0.0,42.265601703013374
33296,0,calendar_2014_test,20.585879871708215,20.0,0.5,0.0,0.0,0.5858798717082152
33297,0,calendar_2014_test,21.969841991120145,28.0,0.5,0.0,0.0,6.030158008879855
33298,0,calendar_2014_test,29.86928338248548,29.0,0.5,0.0,0.0,0.8692833824854809
33299,0,calendar_2014_test,29.65871916985815,24.0,0.5,0.0,0.0,5.6587191698581485
33300,0,calendar_2014_test,27.2093470605277,32.0,0.5,0.0,0.0,4.790652939472299
33301,0,calendar_2014_test,36.25254475451496,40.0,0.5,0.0,0.0,3.7474552454850425
33302,0,calendar_2014_test,48.13032483151811,47.0,0.5,0.0,0.0,1.1303248315181094
33303,0,calendar_2014_test,52.84759241075049,49.0,0.5,0.0,0.0,3.8475924107504866
33304,0,calendar_2014_test,51.94018993596396,77.0,0.5,0.0,0.0,25.059810064036043
33305,0,calendar_2014_test,85.25972848877859,103.0,0.5,0.0,0.0,17.740271511221408
33306,0,calendar_2014_test,111.8876736515373,119.0,0.5,0.0,0.0,7.112326348462702
33307,0,calendar_2014_test,124.99802606190184,132.0,0.5,0.0,0.0,7.0019739380981605
33308,0,calendar_2014_test,128.73165925121347,148.0,0.5,0.0,0.0,19.268340748786528
33309,0,calendar_2014_test,139.03815404535484,38.0,0.5,0.0,0.0,101.03815404535484
33310,0,calendar_2014_test,47.23792888382047,60.0,0.5,0.0,0.0,12.762071116179527
33311,0,calendar_2014_test,73.60191298988742,76.0,0.5,0.0,0.0,2.398087010112576
33312,0,calendar_2014_test,92.83844412794701,56.0,0.5,0.0,0.0,36.838444127947014
33313,0,calendar_2014_test,56.437192569901896,62.0,0.5,0.0,0.0,5.562807430098104
33314,0,calendar_2014_test,67.53377610718071,63.0,0.5,0.0,0.0,4.533776107180714
33315,0,calendar_2014_test,69.11978388077917,75.0,0.5,0.0,0.0,5.880216119220833
33316,0,calendar_2014_test,81.6666214366167,67.0,0.5,0.0,0.0,14.666621436616694
33317,0,calendar_2014_test,70.60000963891778,74.0,0.5,0.0,0.0,3.3999903610822173
33318,0,calendar_2014_test,80.32761515091262,71.0,0.5,0.0,0.0,9.32761515091262
33319,0,calendar_2014_test,73.95967554283386,76.0,0.5,0.0,0.0,2.040324457166136
33320,0,calendar_2014_test,79.8964243402197,79.0,0.5,0.0,0.0,0.8964243402196956
33321,0,calendar_2014_test,81.63373509451681,82.0,0.5,0.0,0.0,0.3662649054831917
33322,0,calendar_2014_test,85.28687099188582,53.0,0.5,0.0,0.0,32.28687099188582
33323,0,calendar_2014_test,47.46946723320019,46.0,0.5,0.0,0.0,1.4694672332001915
33324,0,calendar_2014_test,43.259587403899616,46.0,0.5,0.0,0.0,2.7404125961003842
33325,0,calendar_2014_test,48.6136561910819,45.0,0.5,0.0,0.0,3.613656191081901
33326,0,calendar_2014_test,46.82442420822444,24.0,0.5,0.0,0.0,22.824424208224443
33327,0,calendar_2014_test,26.03274041977371,11.0,0.5,0.0,0.0,15.03274041977371
33328,0,calendar_2014_test,14.987052157417226,22.0,0.5,0.0,0.0,7.012947842582774
33329,0,calendar_2014_test,87.26903994485393,65.0,0.5,0.0,0.0,22.26903994485393
33330,0,calendar_2014_test,68.44432524473237,71.0,0.5,0.0,0.0,2.5556747552676313
33331,0,calendar_2014_test,77.66677667304477,79.0,0.5,0.0,0.0,1.3332233269552347
33332,0,calendar_2014_test,84.15915406645682,73.0,0.5,0.0,0.0,11.159154066456821
33333,0,calendar_2014_test,77.4379361434634,72.0,0.5,0.0,0.0,5.4379361434634035
33334,0,calendar_2014_test,74.88305544788555,74.0,0.5,0.0,0.0,0.8830554478855532
33335,0,calendar_2014_test,78.6199522573922,78.0,0.5,0.0,0.0,0.6199522573921996
33336,0,calendar_2014_test,80.56608998859456,89.0,0.5,0.0,0.0,8.433910011405445
33337,0,calendar_2014_test,87.22244610657499,86.0,0.5,0.0,0.0,1.222446106574992
33338,0,calendar_2014_test,84.99956568929383,59.0,0.5,0.0,0.0,25.99956568929383
33339,0,calendar_2014_test,58.48992542233448,39.0,0.5,0.0,0.0,19.48992542233448
33340,0,calendar_2014_test,40.50438284071242,48.0,0.5,0.0,0.0,7.495617159287583
33341,0,calendar_2014_test,49.48411140323121,41.0,0.5,0.0,0.0,8.48411140323121
33342,0,calendar_2014_test,38.537756789125275,63.0,0.5,0.0,0.0,24.462243210874725
33343,0,calendar_2014_test,58.27126817786207,59.0,0.5,0.0,0.0,0.7287318221379309
33344,0,calendar_2014_test,56.832695082281724,35.0,0.5,0.0,0.0,21.832695082281724
33345,0,calendar_2014_test,32.99822375652343,22.0,0.5,0.0,0.0,10.99822375652343
33346,0,calendar_2014_test,23.088484923808153,13.0,0.5,0.0,0.0,10.088484923808153
33347,0,calendar_2014_test,16.405107673281012,19.0,0.5,0.0,0.0,2.5948923267189876
33348,0,calendar_2014_test,23.08472720804164,12.0,0.5,0.0,0.0,11.084727208041642
33349,0,calendar_2014_test,15.125864950084953,10.0,0.5,0.0,0.0,5.125864950084953
33350,0,calendar_2014_test,14.98559969805012,11.0,0.5,0.0,0.0,3.9855996980501196
33351,0,calendar_2014_test,14.722908103732115,17.0,0.5,0.0,0.0,2.277091896267885
33352,0,calendar_2014_test,20.027107495921108,20.0,0.5,0.0,0.0,0.027107495921107727
33353,0,calendar_2014_test,26.19428250385256,20.0,0.5,0.0,0.0,6.194282503852559
33354,0,calendar_2014_test,27.84986763057492,38.0,0.5,0.0,0.0,10.15013236942508
33355,0,calendar_2014_test,44.5359183495254,61.0,0.5,0.0,0.0,16.464081650474597
33356,0,calendar_2014_test,64.81771942269742,94.0,0.5,0.0,0.0,29.182280577302578
33357,0,calendar_2014_test,95.71433552749448,89.0,0.5,0.0,0.0,6.714335527494484
33358,0,calendar_2014_test,86.50902681111874,82.0,0.5,0.0,0.0,4.509026811118744
33359,0,calendar_2014_test,82.66274956606749,74.0,0.5,0.0,0.0,8.66274956606749
33360,0,calendar_2014_test,75.7682783047803,70.0,0.5,0.0,0.0,5.768278304780296
33361,0,calendar_2014_test,69.76205996894645,70.0,0.5,0.0,0.0,0.23794003105355443
33362,0,calendar_2014_test,70.32414701560096,71.0,0.5,0.0,0.0,0.6758529843990431
33363,0,calendar_2014_test,72.84077526573886,76.0,0.5,0.0,0.0,3.1592247342611444
33364,0,calendar_2014_test,80.79808467255944,72.0,0.5,0.0,0.0,8.79808467255944
33365,0,calendar_2014_test,74.5909889782727,60.0,0.5,0.0,0.0,14.590988978272705
33366,0,calendar_2014_test,63.40422351449918,64.0,0.5,0.0,0.0,0.5957764855008207
33367,0,calendar_2014_test,70.96465378325293,73.0,0.5,0.0,0.0,2.0353462167470724
33368,0,calendar_2014_test,77.26941586313585,70.0,0.5,0.0,0.0,7.269415863135848
33369,0,calendar_2014_test,72.07265145693792,74.0,0.5,0.0,0.0,1.927348543062081
33370,0,calendar_2014_test,77.59758208491724,57.0,0.5,0.0,0.0,20.597582084917235
33371,0,calendar_2014_test,56.74078907818027,62.0,0.5,0.0,0.0,5.259210921819729
33372,0,calendar_2014_test,65.859663770695,61.0,0.5,0.0,0.0,4.8596637706949934
33373,0,calendar_2014_test,63.29748201707199,54.0,0.5,0.0,0.0,9.297482017071992
33374,0,calendar_2014_test,54.804007651619614,51.0,0.5,0.0,0.0,3.8040076516196137
33375,0,calendar_2014_test,51.75786188581847,53.0,0.5,0.0,0.0,1.2421381141815289
33376,0,calendar_2014_test,53.81345793444296,57.0,0.5,0.0,0.0,3.186542065557042
33377,0,calendar_2014_test,60.4168676560865,66.0,0.5,0.0,0.0,5.583132343913498
33378,0,calendar_2014_test,64.53013186482448,66.0,0.5,0.0,0.0,1.469868135175517
33379,0,calendar_2014_test,70.91139258109882,15.0,0.5,0.0,0.0,55.91139258109882
33380,0,calendar_2014_test,20.31377680554859,18.0,0.5,0.0,0.0,2.3137768055485886
33381,0,calendar_2014_test,17.682962975508868,18.0,0.5,0.0,0.0,0.3170370244911318
33382,0,calendar_2014_test,16.487888653309522,15.0,0.5,0.0,0.0,1.487888653309522
33383,0,calendar_2014_test,16.398940719238958,16.0,0.5,0.0,0.0,0.3989407192389578
33384,0,calendar_2014_test,15.741717133198813,18.0,0.5,0.0,0.0,2.2582828668011867
33385,0,calendar_2014_test,20.788873622306834,23.0,0.5,0.0,0.0,2.211126377693166
33386,0,calendar_2014_test,25.094531878634218,23.0,0.5,0.0,0.0,2.0945318786342177
33387,0,calendar_2014_test,25.036073546273148,23.0,0.5,0.0,0.0,2.0360735462731476
33388,0,calendar_2014_test,24.67342018217357,15.0,0.5,0.0,0.0,9.673420182173569
33389,0,calendar_2014_test,17.417174702747868,18.0,0.5,0.0,0.0,0.582825297252132
33390,0,calendar_2014_test,18.78686242081137,20.0,0.5,0.0,0.0,1.2131375791886292
33391,0,calendar_2014_test,20.462152961571185,38.0,0.5,0.0,0.0,17.537847038428815
33392,0,calendar_2014_test,41.83187029430233,51.0,0.5,0.0,0.0,9.168129705697673
33393,0,calendar_2014_test,53.90524230578107,49.0,0.5,0.0,0.0,4.905242305781073
33394,0,calendar_2014_test,48.47027732401159,51.0,0.5,0.0,0.0,2.5297226759884097
33395,0,calendar_2014_test,49.95685773737278,40.0,0.5,0.0,0.0,9.95685773737278
33396,0,calendar_2014_test,43.12276100083455,50.0,0.5,0.0,0.0,6.877238999165449
33397,0,calendar_2014_test,53.984672670033405,50.0,0.5,0.0,0.0,3.9846726700334045
33398,0,calendar_2014_test,50.24036179359651,38.0,0.5,0.0,0.0,12.240361793596513
33399,0,calendar_2014_test,40.77838792171079,36.0,0.5,0.0,0.0,4.778387921710788
33400,0,calendar_2014_test,37.381234965395855,41.0,0.5,0.0,0.0,3.618765034604145
33401,0,calendar_2014_test,43.82262081488809,34.0,0.5,0.0,0.0,9.82262081488809
33402,0,calendar_2014_test,42.106579652359265,13.0,0.5,0.0,0.0,29.106579652359265
33403,0,calendar_2014_test,24.76216581374428,29.0,0.5,0.0,0.0,4.237834186255721
33404,0,calendar_2014_test,40.674000058481404,34.0,0.5,0.0,0.0,6.674000058481404
33405,0,calendar_2014_test,38.25814243859428,39.0,0.5,0.0,0.0,0.7418575614057232
33406,0,calendar_2014_test,41.99345240709305,42.0,0.5,0.0,0.0,0.006547592906947841
33407,0,calendar_2014_test,41.62304832520794,36.0,0.5,0.0,0.0,5.6230483252079395
33408,0,calendar_2014_test,33.755179205051206,31.0,0.5,0.0,0.0,2.7551792050512063
33409,0,calendar_2014_test,30.46944197018718,25.0,0.5,0.0,0.0,5.46944197018718
33410,0,calendar_2014_test,24.97725005200852,27.0,0.5,0.0,0.0,2.0227499479914783
33411,0,calendar_2014_test,25.690670468246616,23.0,0.5,0.0,0.0,2.6906704682466156
33412,0,calendar_2014_test,22.812765754143893,21.0,0.5,0.0,0.0,1.8127657541438928
33413,0,calendar_2014_test,21.616906337138722,25.0,0.5,0.0,0.0,3.3830936628612776
33414,0,calendar_2014_test,23.392912951957925,18.0,0.5,0.0,0.0,5.392912951957925
33415,0,calendar_2014_test,18.7467086027315,18.0,0.5,0.0,0.0,0.7467086027314984
33416,0,calendar_2014_test,18.075589582832265,15.0,0.5,0.0,0.0,3.075589582832265
33417,0,calendar_2014_test,15.344278565373331,19.0,0.5,0.0,0.0,3.6557214346266687
33418,0,calendar_2014_test,19.49965774186668,8.0,0.5,0.0,0.0,11.499657741866681
33419,0,calendar_2014_test,11.528365697813221,16.0,0.5,0.0,0.0,4.471634302186779
33420,0,calendar_2014_test,15.364114191232815,17.0,0.5,0.0,0.0,1.6358858087671848
33421,0,calendar_2014_test,18.4399525388705,18.0,0.5,0.0,0.0,0.4399525388705001
33422,0,calendar_2014_test,20.902176842396255,17.0,0.5,0.0,0.0,3.902176842396255
33423,0,calendar_2014_test,19.09131901206386,16.0,0.5,0.0,0.0,3.0913190120638596
33424,0,calendar_2014_test,17.397942578401057,26.0,0.5,0.0,0.0,8.602057421598943
33425,0,calendar_2014_test,30.987842865145222,24.0,0.5,0.0,0.0,6.987842865145222
33426,0,calendar_2014_test,29.689203066624284,28.0,0.5,0.0,0.0,1.6892030666242839
33427,0,calendar_2014_test,34.399508768968474,27.0,0.5,0.0,0.0,7.399508768968474
33428,0,calendar_2014_test,34.07285092432086,34.0,0.5,0.0,0.0,0.0728509243208606
33429,0,calendar_2014_test,38.917019923169406,28.0,0.5,0.0,0.0,10.917019923169406
33430,0,calendar_2014_test,32.49816862411791,29.0,0.5,0.0,0.0,3.498168624117909
33431,0,calendar_2014_test,32.38725466373406,43.0,0.5,0.0,0.0,10.612745336265938
33432,0,calendar_2014_test,48.03473888087956,44.0,0.5,0.0,0.0,4.034738880879559
33433,0,calendar_2014_test,46.46563438859966,50.0,0.5,0.0,0.0,3.5343656114003394
33434,0,calendar_2014_test,52.5186548964718,59.0,0.5,0.0,0.0,6.481345103528199
33435,0,calendar_2014_test,63.23049748289295,66.0,0.5,0.0,0.0,2.7695025171070498
33436,0,calendar_2014_test,70.12798786976454,66.0,0.5,0.0,0.0,4.127987869764539
33437,0,calendar_2014_test,65.0342744433349,66.0,0.5,0.0,0.0,0.965725556665106
33438,0,calendar_2014_test,69.95971244204156,63.0,0.5,0.0,0.0,6.959712442041564
33439,0,calendar_2014_test,68.73322385728932,64.0,0.5,0.0,0.0,4.7332238572893175
33440,0,calendar_2014_test,67.37913004023949,68.0,0.5,0.0,0.0,0.6208699597605118
33441,0,calendar_2014_test,70.97875438399997,64.0,0.5,0.0,0.0,6.97875438399997
33442,0,calendar_2014_test,64.14602586862685,50.0,0.5,0.0,0.0,14.14602586862685
33443,0,calendar_2014_test,49.23066881891273,47.0,0.5,0.0,0.0,2.230668818912733
33444,0,calendar_2014_test,47.486435295562835,37.0,0.5,0.0,0.0,10.486435295562835
33445,0,calendar_2014_test,38.232911494806444,40.0,0.5,0.0,0.0,1.7670885051935556
33446,0,calendar_2014_test,41.64174702765184,47.0,0.5,0.0,0.0,5.358252972348161
33447,0,calendar_2014_test,49.00179876547346,54.0,0.5,0.0,0.0,4.99820123452654
33448,0,calendar_2014_test,53.41628681362287,48.0,0.5,0.0,0.0,5.416286813622868
33449,0,calendar_2014_test,49.523046940958466,47.0,0.5,0.0,0.0,2.5230469409584657
33450,0,calendar_2014_test,50.0809465235743,41.0,0.5,0.0,0.0,9.080946523574298
33451,0,calendar_2014_test,46.52328399221435,50.0,0.5,0.0,0.0,3.4767160077856474
33452,0,calendar_2014_test,53.512311873164485,57.0,0.5,0.0,0.0,3.487688126835515
33453,0,calendar_2014_test,60.17755910665856,64.0,0.5,0.0,0.0,3.8224408933414367
33454,0,calendar_2014_test,69.0037725524739,54.0,0.5,0.0,0.0,15.003772552473905
33455,0,calendar_2014_test,57.521648647987966,52.0,0.5,0.0,0.0,5.521648647987966
33456,0,calendar_2014_test,55.367041975263774,54.0,0.5,0.0,0.0,1.3670419752637741
33457,0,calendar_2014_test,56.549628840482306,62.0,0.5,0.0,0.0,5.450371159517694
33458,0,calendar_2014_test,66.24120467592667,58.0,0.5,0.0,0.0,8.241204675926667
33459,0,calendar_2014_test,62.39965537601168,69.0,0.5,0.0,0.0,6.60034462398832
33460,0,calendar_2014_test,75.3444009562387,77.0,0.5,0.0,0.0,1.655599043761299
33461,0,calendar_2014_test,82.16942623852319,89.0,0.5,0.0,0.0,6.830573761476813
33462,0,calendar_2014_test,93.91866569431772,90.0,0.5,0.0,0.0,3.918665694317724
33463,0,calendar_2014_test,92.64516150823992,86.0,0.5,0.0,0.0,6.645161508239923
33464,0,calendar_2014_test,88.20419838715343,74.0,0.5,0.0,0.0,14.204198387153426
33465,0,calendar_2014_test,73.12240583401248,74.0,0.5,0.0,0.0,0.8775941659875173
33466,0,calendar_2014_test,75.94839705112858,75.0,0.5,0.0,0.0,0.9483970511285804
33467,0,calendar_2014_test,78.77959230136612,85.0,0.5,0.0,0.0,6.220407698633878
33468,0,calendar_2014_test,88.38965329714786,93.0,0.5,0.0,0.0,4.610346702852141
33469,0,calendar_2014_test,95.76282362100383,96.0,0.5,0.0,0.0,0.2371763789961676
33470,0,calendar_2014_test,95.38398277755358,109.0,0.5,0.0,0.0,13.616017222446416
33471,0,calendar_2014_test,108.1555663049552,98.0,0.5,0.0,0.0,10.155566304955201
33472,0,calendar_2014_test,94.82545211794788,113.0,0.5,0.0,0.0,18.174547882052124
33473,0,calendar_2014_test,121.17170541384974,128.0,0.5,0.0,0.0,6.828294586150264
33474,0,calendar_2014_test,135.8559656537406,117.0,0.5,0.0,0.0,18.85596565374061
33475,0,calendar_2014_test,111.80695470997524,116.0,0.5,0.0,0.0,4.193045290024756
33476,0,calendar_2014_test,115.88557050057575,127.0,0.5,0.0,0.0,11.114429499424247
33477,0,calendar_2014_test,131.68048126820875,133.0,0.5,0.0,0.0,1.3195187317912485
33478,0,calendar_2014_test,135.55117068147862,150.0,0.5,0.0,0.0,14.448829318521376
33479,0,calendar_2014_test,153.25315621381137,159.0,0.5,0.0,0.0,5.746843786188634
33480,0,calendar_2014_test,165.7864280030995,185.0,0.5,0.0,0.0,19.213571996900498
33481,0,calendar_2014_test,192.70778926367495,178.0,0.5,0.0,0.0,14.707789263674954
33482,0,calendar_2014_test,176.2177633931835,193.0,0.5,0.0,0.0,16.782236606816497
33483,0,calendar_2014_test,195.0946278558374,191.0,0.5,0.0,0.0,4.094627855837388
33484,0,calendar_2014_test,191.30510406935605,199.0,0.5,0.0,0.0,7.694895930643952
33485,0,calendar_2014_test,199.90607797153686,196.0,0.5,0.0,0.0,3.9060779715368596
33486,0,calendar_2014_test,198.32104278723122,190.0,0.5,0.0,0.0,8.321042787231221
33487,0,calendar_2014_test,188.371383341048,168.0,0.5,0.0,0.0,20.371383341047988
33488,0,calendar_2014_test,165.66139586689246,128.0,0.5,0.0,0.0,37.66139586689246
33489,0,calendar_2014_test,112.95657492477173,100.0,0.5,0.0,0.0,12.95657492477173
33490,0,calendar_2014_test,90.27070935840801,91.0,0.5,0.0,0.0,0.7292906415919873
33491,0,calendar_2014_test,88.30572817068987,87.0,0.5,0.0,0.0,1.305728170689875
33492,0,calendar_2014_test,83.30871182084697,73.0,0.5,0.0,0.0,10.308711820846966
33493,0,calendar_2014_test,68.82416840246697,62.0,0.5,0.0,0.0,6.824168402466967
33494,0,calendar_2014_test,60.819388502622644,66.0,0.5,0.0,0.0,5.180611497377356
33495,0,calendar_2014_test,69.14130620512853,106.0,0.5,0.0,0.0,36.85869379487147
33496,0,calendar_2014_test,109.00502146434945,95.0,0.5,0.0,0.0,14.005021464349454
33497,0,calendar_2014_test,97.92805053002132,93.0,0.5,0.0,0.0,4.9280505300213235
33498,0,calendar_2014_test,99.68317841809974,75.0,0.5,0.0,0.0,24.683178418099743
33499,0,calendar_2014_test,82.11295213430076,62.0,0.5,0.0,0.0,20.112952134300755
33500,0,calendar_2014_test,68.92801394245375,61.0,0.5,0.0,0.0,7.928013942453745
33501,0,calendar_2014_test,65.94225534413295,68.0,0.5,0.0,0.0,2.0577446558670545
33502,0,calendar_2014_test,74.17203825703298,75.0,0.5,0.0,0.0,0.8279617429670196
33503,0,calendar_2014_test,78.83229848397184,62.0,0.5,0.0,0.0,16.83229848397184
33504,0,calendar_2014_test,55.56210483419368,31.0,0.5,0.0,0.0,24.562104834193683
33505,0,calendar_2014_test,30.930128828139384,39.0,0.5,0.0,0.0,8.069871171860616
33506,0,calendar_2014_test,36.95128030446738,46.0,0.5,0.0,0.0,9.048719695532618
33507,0,calendar_2014_test,51.20213255343811,17.0,0.5,0.0,0.0,34.20213255343811
33508,0,calendar_2014_test,22.472332494943526,6.0,0.5,0.0,0.0,16.472332494943526
33509,0,calendar_2014_test,12.739441367791922,4.0,0.5,0.0,0.0,8.739441367791922
33510,0,calendar_2014_test,9.10922956409367,4.0,0.5,0.0,0.0,5.1092295640936705
33511,0,calendar_2014_test,9.211132292337316,15.0,0.5,0.0,0.0,5.788867707662684
33512,0,calendar_2014_test,14.55286915455679,10.0,0.5,0.0,0.0,4.55286915455679
33513,0,calendar_2014_test,10.384924170720863,16.0,0.5,0.0,0.0,5.615075829279137
33514,0,calendar_2014_test,13.240319558382364,7.0,0.5,0.0,0.0,6.240319558382364
33515,0,calendar_2014_test,8.779633083218364,11.0,0.5,0.0,0.0,2.220366916781636
33516,0,calendar_2014_test,11.001793740896904,12.0,0.5,0.0,0.0,0.998206259103096
33517,0,calendar_2014_test,10.461416319516792,7.0,0.5,0.0,0.0,3.4614163195167915
33518,0,calendar_2014_test,6.945382956805194,10.0,0.5,0.0,0.0,3.0546170431948063
33519,0,calendar_2014_test,12.80808163352161,11.0,0.5,0.0,0.0,1.8080816335216099
33520,0,calendar_2014_test,14.895611951134907,13.0,0.5,0.0,0.0,1.8956119511349065
33521,0,calendar_2014_test,15.558386765160511,13.0,0.5,0.0,0.0,2.5583867651605114
33522,0,calendar_2014_test,16.568045598639735,11.0,0.5,0.0,0.0,5.568045598639735
33523,0,calendar_2014_test,15.275063506345768,18.0,0.5,0.0,0.0,2.7249364936542317
33524,0,calendar_2014_test,20.113501935289445,27.0,0.5,0.0,0.0,6.886498064710555
33525,0,calendar_2014_test,29.510994317387148,32.0,0.5,0.0,0.0,2.489005682612852
33526,0,calendar_2014_test,33.35966696171982,25.0,0.5,0.0,0.0,8.359666961719817
33527,0,calendar_2014_test,26.127683599684023,28.0,0.5,0.0,0.0,1.8723164003159773
33528,0,calendar_2014_test,27.022442446577003,22.0,0.5,0.0,0.0,5.022442446577003
33529,0,calendar_2014_test,21.739402406533923,35.0,0.5,0.0,0.0,13.260597593466077
33530,0,calendar_2014_test,33.44840953067113,32.0,0.5,0.0,0.0,1.4484095306711282
33531,0,calendar_2014_test,29.120704937066197,28.0,0.5,0.0,0.0,1.120704937066197
33532,0,calendar_2014_test,26.426209287835576,22.0,0.5,0.0,0.0,4.426209287835576
33533,0,calendar_2014_test,21.491429755998364,17.0,0.5,0.0,0.0,4.4914297559983645
33534,0,calendar_2014_test,17.184902749145554,26.0,0.5,0.0,0.0,8.815097250854446
33535,0,calendar_2014_test,22.061781000274856,24.0,0.5,0.0,0.0,1.9382189997251444
33536,0,calendar_2014_test,20.98641981725023,17.0,0.5,0.0,0.0,3.98641981725023
33537,0,calendar_2014_test,14.86164713279856,16.0,0.5,0.0,0.0,1.1383528672014407
33538,0,calendar_2014_test,13.613554947200194,13.0,0.5,0.0,0.0,0.6135549472001944
33539,0,calendar_2014_test,12.2114656645587,14.0,0.5,0.0,0.0,1.7885343354413
33540,0,calendar_2014_test,12.213417838383432,9.0,0.5,0.0,0.0,3.2134178383834318
33541,0,calendar_2014_test,9.71844428089537,15.0,0.5,0.0,0.0,5.281555719104629
33542,0,calendar_2014_test,14.195573782796364,15.0,0.5,0.0,0.0,0.8044262172036358
33543,0,calendar_2014_test,14.477025057761066,15.0,0.5,0.0,0.0,0.5229749422389336
33544,0,calendar_2014_test,18.069707952737534,6.0,0.5,0.0,0.0,12.069707952737534
33545,0,calendar_2014_test,13.159476371002155,15.0,0.5,0.0,0.0,1.840523628997845
33546,0,calendar_2014_test,19.02608180655102,15.0,0.5,0.0,0.0,4.026081806551019
33547,0,calendar_2014_test,18.76940033587196,26.0,0.5,0.0,0.0,7.2305996641280394
33548,0,calendar_2014_test,30.533503636780605,21.0,0.5,0.0,0.0,9.533503636780605
33549,0,calendar_2014_test,22.385287383630168,25.0,0.5,0.0,0.0,2.6147126163698324
33550,0,calendar_2014_test,29.7315799028799,28.0,0.5,0.0,0.0,1.7315799028799006
33551,0,calendar_2014_test,29.19640778312821,30.0,0.5,0.0,0.0,0.8035922168717917
33552,0,calendar_2014_test,32.879225317133134,54.0,0.5,0.0,0.0,21.120774682866866
33553,0,calendar_2014_test,57.97991897011616,43.0,0.5,0.0,0.0,14.97991897011616
33554,0,calendar_2014_test,45.61017773666349,32.0,0.5,0.0,0.0,13.610177736663488
33555,0,calendar_2014_test,35.162963430737555,37.0,0.5,0.0,0.0,1.8370365692624446
33556,0,calendar_2014_test,42.415960465006606,30.0,0.5,0.0,0.0,12.415960465006606
33557,0,calendar_2014_test,30.83656442670553,26.0,0.5,0.0,0.0,4.836564426705529
33558,0,calendar_2014_test,27.449942716922028,50.0,0.5,0.0,0.0,22.550057283077972
33559,0,calendar_2014_test,53.366878573764495,77.0,0.5,0.0,0.0,23.633121426235505
33560,0,calendar_2014_test,80.14628527083029,45.0,0.5,0.0,0.0,35.14628527083029
33561,0,calendar_2014_test,42.35593821568517,36.0,0.5,0.0,0.0,6.355938215685171
33562,0,calendar_2014_test,34.537683223622366,48.0,0.5,0.0,0.0,13.462316776377634
33563,0,calendar_2014_test,49.13732074759495,60.0,0.5,0.0,0.0,10.862679252405051
33564,0,calendar_2014_test,60.55799381515786,48.0,0.5,0.0,0.0,12.557993815157857
33565,0,calendar_2014_test,47.584763770947035,59.0,0.5,0.0,0.0,11.415236229052965
33566,0,calendar_2014_test,60.535753352071396,61.0,0.5,0.0,0.0,0.46424664792860426
33567,0,calendar_2014_test,58.40757971393258,59.0,0.5,0.0,0.0,0.5924202860674228
33568,0,calendar_2014_test,59.424564971075775,31.0,0.5,0.0,0.0,28.424564971075775
33569,0,calendar_2014_test,35.829302274044124,39.0,0.5,0.0,0.0,3.1706977259558755
33570,0,calendar_2014_test,43.86962781276728,33.0,0.5,0.0,0.0,10.869627812767277
33571,0,calendar_2014_test,38.94755394294275,62.0,0.5,0.0,0.0,23.052446057057253
33572,0,calendar_2014_test,64.93026045460083,59.0,0.5,0.0,0.0,5.930260454600827
33573,0,calendar_2014_test,63.368097440794536,66.0,0.5,0.0,0.0,2.6319025592054643
33574,0,calendar_2014_test,70.30915773526655,69.0,0.5,0.0,0.0,1.3091577352665524
33575,0,calendar_2014_test,72.91133254482693,70.0,0.5,0.0,0.0,2.9113325448269336
33576,0,calendar_2014_test,73.00304425178768,67.0,0.5,0.0,0.0,6.003044251787685
33577,0,calendar_2014_test,71.6641886515357,59.0,0.5,0.0,0.0,12.664188651535696
33578,0,calendar_2014_test,64.12735335705467,68.0,0.5,0.0,0.0,3.872646642945327
33579,0,calendar_2014_test,73.22941244752698,84.0,0.5,0.0,0.0,10.770587552473017
33580,0,calendar_2014_test,87.01136878335562,104.0,0.5,0.0,0.0,16.98863121664438
33581,0,calendar_2014_test,101.90704438054895,94.0,0.5,0.0,0.0,7.907044380548953
33582,0,calendar_2014_test,91.89093058473465,80.0,0.5,0.0,0.0,11.890930584734647
33583,0,calendar_2014_test,76.90550090169802,65.0,0.5,0.0,0.0,11.90550090169802
33584,0,calendar_2014_test,68.79188886611297,61.0,0.5,0.0,0.0,7.79188886611297
33585,0,calendar_2014_test,60.531543105401376,64.0,0.5,0.0,0.0,3.4684568945986243
33586,0,calendar_2014_test,64.1742879376059,71.0,0.5,0.0,0.0,6.825712062394103
33587,0,calendar_2014_test,67.88867404593667,93.0,0.5,0.0,0.0,25.111325954063332
33588,0,calendar_2014_test,93.39411192055123,104.0,0.5,0.0,0.0,10.605888079448775
33589,0,calendar_2014_test,99.40910554812174,95.0,0.5,0.0,0.0,4.409105548121744
33590,0,calendar_2014_test,89.04072224715703,74.0,0.5,0.0,0.0,15.040722247157035
33591,0,calendar_2014_test,66.44390659551887,72.0,0.5,0.0,0.0,5.556093404481132
33592,0,calendar_2014_test,69.82340395969071,51.0,0.5,0.0,0.0,18.823403959690708
33593,0,calendar_2014_test,47.48359949899842,54.0,0.5,0.0,0.0,6.516400501001577
33594,0,calendar_2014_test,53.87101526821987,40.0,0.5,0.0,0.0,13.871015268219871
33595,0,calendar_2014_test,43.59866885395284,45.0,0.5,0.0,0.0,1.4013311460471627
33596,0,calendar_2014_test,49.37854900223075,51.0,0.5,0.0,0.0,1.6214509977692515
33597,0,calendar_2014_test,51.51734295163455,59.0,0.5,0.0,0.0,7.4826570483654535
33598,0,calendar_2014_test,63.50968043238548,57.0,0.5,0.0,0.0,6.50968043238548
33599,0,calendar_2014_test,58.833165258591066,59.0,0.5,0.0,0.0,0.16683474140893395
33600,0,calendar_2014_test,64.67593658607821,58.0,0.5,0.0,0.0,6.675936586078208
33601,0,calendar_2014_test,59.60048838079971,59.0,0.5,0.0,0.0,0.6004883807997103
33602,0,calendar_2014_test,64.68067731577288,63.0,0.5,0.0,0.0,1.6806773157728827
33603,0,calendar_2014_test,70.27166036511714,76.0,0.5,0.0,0.0,5.7283396348828575
33604,0,calendar_2014_test,85.17189810035052,86.0,0.5,0.0,0.0,0.8281018996494822
33605,0,calendar_2014_test,92.23051959741207,100.0,0.5,0.0,0.0,7.769480402587931
33606,0,calendar_2014_test,105.43063131052403,108.0,0.5,0.0,0.0,2.569368689475965
33607,0,calendar_2014_test,108.9437472729102,108.0,0.5,0.0,0.0,0.9437472729102012
33608,0,calendar_2014_test,105.54364480575451,101.0,0.5,0.0,0.0,4.543644805754511
33609,0,calendar_2014_test,97.73523321331592,105.0,0.5,0.0,0.0,7.264766786684078
33610,0,calendar_2014_test,103.23827386347381,105.0,0.5,0.0,0.0,1.7617261365261925
33611,0,calendar_2014_test,102.57305929015334,102.0,0.5,0.0,0.0,0.5730592901533385
33612,0,calendar_2014_test,98.53456764713421,116.0,0.5,0.0,0.0,17.46543235286579
33613,0,calendar_2014_test,118.39003374194132,124.0,0.5,0.0,0.0,5.609966258058677
33614,0,calendar_2014_test,124.10717653985836,122.0,0.5,0.0,0.0,2.107176539858358
33615,0,calendar_2014_test,120.37711384450601,122.0,0.5,0.0,0.0,1.6228861554939868
33616,0,calendar_2014_test,121.92133883604795,121.0,0.5,0.0,0.0,0.9213388360479513
33617,0,calendar_2014_test,121.43499587511147,141.0,0.5,0.0,0.0,19.56500412488853
33618,0,calendar_2014_test,147.75479529139452,163.0,0.5,0.0,0.0,15.245204708605485
33619,0,calendar_2014_test,165.8606665308201,168.0,0.5,0.0,0.0,2.1393334691798884
33620,0,calendar_2014_test,168.78420712185138,149.0,0.5,0.0,0.0,19.78420712185138
33621,0,calendar_2014_test,130.84048314851756,66.0,0.5,0.0,0.0,64.84048314851756
33622,0,calendar_2014_test,56.06171566020116,48.0,0.5,0.0,0.0,8.061715660201159
33623,0,calendar_2014_test,48.33906998365436,27.0,0.5,0.0,0.0,21.339069983654362
33624,0,calendar_2014_test,30.41955171505456,30.0,0.5,0.0,0.0,0.4195517150545598
33625,0,calendar_2014_test,33.7239108475117,34.0,0.5,0.0,0.0,0.27608915248829646
33626,0,calendar_2014_test,38.756267507737746,43.0,0.5,0.0,0.0,4.243732492262254
33627,0,calendar_2014_test,48.71909612323741,45.0,0.5,0.0,0.0,3.7190961232374065
33628,0,calendar_2014_test,44.5281782569856,65.0,0.5,0.0,0.0,20.471821743014402
33629,0,calendar_2014_test,74.36446502095282,59.0,0.5,0.0,0.0,15.36446502095282
33630,0,calendar_2014_test,67.1734482604454,58.0,0.5,0.0,0.0,9.173448260445397
33631,0,calendar_2014_test,62.150409883833376,57.0,0.5,0.0,0.0,5.150409883833376
33632,0,calendar_2014_test,57.748603256366046,52.0,0.5,0.0,0.0,5.748603256366046
33633,0,calendar_2014_test,55.003491529246055,33.0,0.5,0.0,0.0,22.003491529246055
33634,0,calendar_2014_test,39.50776097085365,50.0,0.5,0.0,0.0,10.492239029146347
33635,0,calendar_2014_test,55.85933479973157,56.0,0.5,0.0,0.0,0.14066520026842966
33636,0,calendar_2014_test,60.335411228589024,64.0,0.5,0.0,0.0,3.664588771410976
33637,0,calendar_2014_test,68.62361090234836,66.0,0.5,0.0,0.0,2.6236109023483607
33638,0,calendar_2014_test,69.7208610993802,72.0,0.5,0.0,0.0,2.279138900619799
33639,0,calendar_2014_test,76.65849969743002,78.0,0.5,0.0,0.0,1.3415003025699832
33640,0,calendar_2014_test,82.73612075331506,78.0,0.5,0.0,0.0,4.736120753315063
33641,0,calendar_2014_test,81.19517633177212,84.0,0.5,0.0,0.0,2.8048236682278826
33642,0,calendar_2014_test,88.58796541001239,98.0,0.5,0.0,0.0,9.412034589987613
33643,0,calendar_2014_test,103.01893380523391,110.0,0.5,0.0,0.0,6.981066194766086
33644,0,calendar_2014_test,120.42910430325747,114.0,0.5,0.0,0.0,6.429104303257475
33645,0,calendar_2014_test,119.8494597092749,101.0,0.5,0.0,0.0,18.849459709274896
33646,0,calendar_2014_test,101.8803022171326,111.0,0.5,0.0,0.0,9.119697782867405
33647,0,calendar_2014_test,121.76986240854418,110.0,0.5,0.0,0.0,11.769862408544185
33648,0,calendar_2014_test,112.72069904438132,134.0,0.5,0.0,0.0,21.27930095561868
33649,0,calendar_2014_test,135.89333037206822,169.0,0.5,0.0,0.0,33.10666962793178
33650,0,calendar_2014_test,174.88946147431798,190.0,0.5,0.0,0.0,15.110538525682017
33651,0,calendar_2014_test,190.8207562246326,214.0,0.5,0.0,0.0,23.17924377536741
33652,0,calendar_2014_test,213.64029988449167,239.0,0.5,0.0,0.0,25.359700115508332
33653,0,calendar_2014_test,237.3026779366816,250.0,0.5,0.0,0.0,12.69732206331841
33654,0,calendar_2014_test,245.12957594705944,259.0,0.5,0.0,0.0,13.870424052940564
33655,0,calendar_2014_test,239.24292602463598,263.0,0.5,0.0,0.0,23.757073975364023
33656,0,calendar_2014_test,234.87011996018552,280.0,0.5,0.0,0.0,45.12988003981448
33657,0,calendar_2014_test,238.82571029433132,277.0,0.5,0.0,0.0,38.174289705668684
33658,0,calendar_2014_test,247.67833675135824,274.0,0.5,0.0,0.0,26.321663248641755
33659,0,calendar_2014_test,267.3606917036037,256.0,0.5,0.0,0.0,11.36069170360372
33660,0,calendar_2014_test,249.6480222624349,232.0,0.5,0.0,0.0,17.648022262434893
33661,0,calendar_2014_test,220.64037357653007,212.0,0.5,0.0,0.0,8.640373576530067
33662,0,calendar_2014_test,199.668451550512,177.0,0.5,0.0,0.0,22.668451550512003
33663,0,calendar_2014_test,163.4538861675479,175.0,0.5,0.0,0.0,11.546113832452107
33664,0,calendar_2014_test,176.50749064421484,167.0,0.5,0.0,0.0,9.50749064421484
33665,0,calendar_2014_test,168.26638205888918,161.0,0.5,0.0,0.0,7.266382058889178
33666,0,calendar_2014_test,167.52950769026404,150.0,0.5,0.0,0.0,17.52950769026404
33667,0,calendar_2014_test,150.38971414912845,153.0,0.5,0.0,0.0,2.6102858508715485
33668,0,calendar_2014_test,165.56125783402857,206.0,0.5,0.0,0.0,40.43874216597143
33669,0,calendar_2014_test,227.64453527780643,237.0,0.5,0.0,0.0,9.355464722193574
33670,0,calendar_2014_test,248.16491381197451,250.0,0.5,0.0,0.0,1.8350861880254854
33671,0,calendar_2014_test,250.3941557884765,295.0,0.5,0.0,0.0,44.605844211523504
33672,0,calendar_2014_test,302.6291134921414,291.0,0.5,0.0,0.0,11.629113492141414
33673,0,calendar_2014_test,273.29825348471314,299.0,0.5,0.0,0.0,25.701746515286857
33674,0,calendar_2014_test,291.25347097286306,303.0,0.5,0.0,0.0,11.746529027136944
33675,0,calendar_2014_test,288.0492986974887,293.0,0.5,0.0,0.0,4.950701302511277
33676,0,calendar_2014_test,270.7752553257348,281.0,0.5,0.0,0.0,10.224744674265196
33677,0,calendar_2014_test,248.400199346269,259.0,0.5,0.0,0.0,10.599800653730995
33678,0,calendar_2014_test,211.86977159147042,226.0,0.5,0.0,0.0,14.130228408529575
33679,0,calendar_2014_test,228.62073656368656,201.0,0.5,0.0,0.0,27.620736563686563
33680,0,calendar_2014_test,179.39238050599826,185.0,0.5,0.0,0.0,5.607619494001739
33681,0,calendar_2014_test,178.57327400724418,153.0,0.5,0.0,0.0,25.57327400724418
33682,0,calendar_2014_test,139.69009506890924,145.0,0.5,0.0,0.0,5.309904931090756
33683,0,calendar_2014_test,144.71017547642776,152.0,0.5,0.0,0.0,7.289824523572236
33684,0,calendar_2014_test,152.14303088410935,137.0,0.5,0.0,0.0,15.14303088410935
33685,0,calendar_2014_test,133.02658900482953,137.0,0.5,0.0,0.0,3.973410995170468
33686,0,calendar_2014_test,137.54607566795954,139.0,0.5,0.0,0.0,1.453924332040458
33687,0,calendar_2014_test,139.5256350454012,178.0,0.5,0.0,0.0,38.4743649545988
33688,0,calendar_2014_test,187.05282468261996,200.0,0.5,0.0,0.0,12.947175317380044
33689,0,calendar_2014_test,201.64458539600724,213.0,0.5,0.0,0.0,11.355414603992756
33690,0,calendar_2014_test,231.11356073057658,148.0,0.5,0.0,0.0,83.11356073057658
33691,0,calendar_2014_test,138.37733970634807,194.0,0.5,0.0,0.0,55.62266029365193
33692,0,calendar_2014_test,209.42476942749957,172.0,0.5,0.0,0.0,37.42476942749957
33693,0,calendar_2014_test,177.52933131069307,151.0,0.5,0.0,0.0,26.529331310693067
33694,0,calendar_2014_test,144.79759327878548,156.0,0.5,0.0,0.0,11.202406721214516
33695,0,calendar_2014_test,164.3518332585532,168.0,0.5,0.0,0.0,3.6481667414468006
33696,0,calendar_2014_test,173.5655288214997,172.0,0.5,0.0,0.0,1.5655288214996972
33697,0,calendar_2014_test,178.08442423807205,174.0,0.5,0.0,0.0,4.084424238072046
33698,0,calendar_2014_test,179.0051572312614,169.0,0.5,0.0,0.0,10.005157231261393
33699,0,calendar_2014_test,172.5884833666078,158.0,0.5,0.0,0.0,14.58848336660779
33700,0,calendar_2014_test,166.9934302539639,152.0,0.5,0.0,0.0,14.993430253963908
33701,0,calendar_2014_test,146.09245024086655,149.0,0.5,0.0,0.0,2.9075497591334454
33702,0,calendar_2014_test,150.29200904955715,148.0,0.5,0.0,0.0,2.2920090495571515
33703,0,calendar_2014_test,149.92152759462502,125.0,0.5,0.0,0.0,24.92152759462502
33704,0,calendar_2014_test,124.53449637985446,112.0,0.5,0.0,0.0,12.53449637985446
33705,0,calendar_2014_test,112.21460507056827,105.0,0.5,0.0,0.0,7.214605070568268
33706,0,calendar_2014_test,105.6739213128352,114.0,0.5,0.0,0.0,8.326078687164795
33707,0,calendar_2014_test,118.08022563435782,96.0,0.5,0.0,0.0,22.080225634357816
33708,0,calendar_2014_test,92.94542113413237,80.0,0.5,0.0,0.0,12.945421134132374
33709,0,calendar_2014_test,77.8926842925477,71.0,0.5,0.0,0.0,6.892684292547699
33710,0,calendar_2014_test,72.59771128979718,67.0,0.5,0.0,0.0,5.597711289797175
33711,0,calendar_2014_test,68.5588888449515,74.0,0.5,0.0,0.0,5.441111155048503
33712,0,calendar_2014_test,77.76466442076492,70.0,0.5,0.0,0.0,7.764664420764916
33713,0,calendar_2014_test,70.9747388150792,77.0,0.5,0.0,0.0,6.025261184920794
33714,0,calendar_2014_test,83.4674772905463,77.0,0.5,0.0,0.0,6.467477290546299
33715,0,calendar_2014_test,82.38002049689183,91.0,0.5,0.0,0.0,8.61997950310817
33716,0,calendar_2014_test,97.65489233379009,107.0,0.5,0.0,0.0,9.345107666209913
33717,0,calendar_2014_test,110.11881077779755,157.0,0.5,0.0,0.0,46.88118922220245
33718,0,calendar_2014_test,162.1650285402498,184.0,0.5,0.0,0.0,21.834971459750193
33719,0,calendar_2014_test,188.11866004699678,182.0,0.5,0.0,0.0,6.11866004699678
33720,0,calendar_2014_test,177.9698404860278,207.0,0.5,0.0,0.0,29.030159513972194
33721,0,calendar_2014_test,209.64565587091286,233.0,0.5,0.0,0.0,23.35434412908714
33722,0,calendar_2014_test,231.93543921796046,212.0,0.5,0.0,0.0,19.935439217960464
33723,0,calendar_2014_test,205.09711385566058,209.0,0.5,0.0,0.0,3.902886144339419
33724,0,calendar_2014_test,207.23788795072846,237.0,0.5,0.0,0.0,29.762112049271536
33725,0,calendar_2014_test,221.74185012086878,252.0,0.5,0.0,0.0,30.258149879131224
33726,0,calendar_2014_test,232.41301346237415,233.0,0.5,0.0,0.0,0.5869865376258474
33727,0,calendar_2014_test,204.8952089548886,240.0,0.5,0.0,0.0,35.1047910451114
33728,0,calendar_2014_test,219.22931614992132,218.0,0.5,0.0,0.0,1.229316149921317
33729,0,calendar_2014_test,191.4394852503986,217.0,0.5,0.0,0.0,25.560514749601396
33730,0,calendar_2014_test,201.77697229824219,196.0,0.5,0.0,0.0,5.776972298242185
33731,0,calendar_2014_test,179.1869923284966,180.0,0.5,0.0,0.0,0.8130076715034136
33732,0,calendar_2014_test,164.8273955153686,157.0,0.5,0.0,0.0,7.8273955153686074
33733,0,calendar_2014_test,153.88714641942536,153.0,0.5,0.0,0.0,0.8871464194253633
33734,0,calendar_2014_test,142.9509914907592,153.0,0.5,0.0,0.0,10.049008509240792
33735,0,calendar_2014_test,143.86635068457426,150.0,0.5,0.0,0.0,6.1336493154257425
33736,0,calendar_2014_test,144.39519609651705,158.0,0.5,0.0,0.0,13.604803903482946
33737,0,calendar_2014_test,167.30965231743545,168.0,0.5,0.0,0.0,0.6903476825645498
33738,0,calendar_2014_test,175.79487642554315,167.0,0.5,0.0,0.0,8.794876425543151
33739,0,calendar_2014_test,168.40404193145287,184.0,0.5,0.0,0.0,15.595958068547134
33740,0,calendar_2014_test,189.56340129463706,194.0,0.5,0.0,0.0,4.43659870536294
33741,0,calendar_2014_test,193.87537622246467,181.0,0.5,0.0,0.0,12.875376222464666
33742,0,calendar_2014_test,177.75403660490835,153.0,0.5,0.0,0.0,24.75403660490835
33743,0,calendar_2014_test,142.09340372471377,139.0,0.5,0.0,0.0,3.0934037247137667
33744,0,calendar_2014_test,139.2654037487212,133.0,0.5,0.0,0.0,6.265403748721212
33745,0,calendar_2014_test,131.36579626368226,130.0,0.5,0.0,0.0,1.365796263682256
33746,0,calendar_2014_test,129.3995347510199,116.0,0.5,0.0,0.0,13.3995347510199
33747,0,calendar_2014_test,113.31848817849735,114.0,0.5,0.0,0.0,0.681511821502653
33748,0,calendar_2014_test,118.09994857274913,99.0,0.5,0.0,0.0,19.099948572749128
33749,0,calendar_2014_test,101.77555940494791,94.0,0.5,0.0,0.0,7.775559404947913
33750,0,calendar_2014_test,100.46370022409816,84.0,0.5,0.0,0.0,16.46370022409816
33751,0,calendar_2014_test,86.40192406948938,80.0,0.5,0.0,0.0,6.401924069489382
33752,0,calendar_2014_test,85.74818328730083,80.0,0.5,0.0,0.0,5.748183287300833
33753,0,calendar_2014_test,85.23034383892988,88.0,0.5,0.0,0.0,2.7696561610701167
33754,0,calendar_2014_test,92.11471458311597,103.0,0.5,0.0,0.0,10.885285416884031
33755,0,calendar_2014_test,108.09050289624514,132.0,0.5,0.0,0.0,23.90949710375486
33756,0,calendar_2014_test,136.9064054192508,151.0,0.5,0.0,0.0,14.093594580749198
33757,0,calendar_2014_test,150.75926980020046,165.0,0.5,0.0,0.0,14.240730199799543
33758,0,calendar_2014_test,165.19909775394612,182.0,0.5,0.0,0.0,16.80090224605388
33759,0,calendar_2014_test,177.90658455137122,191.0,0.5,0.0,0.0,13.093415448628775
33760,0,calendar_2014_test,189.11096384328394,193.0,0.5,0.0,0.0,3.8890361567160596
33761,0,calendar_2014_test,191.99086451833682,192.0,0.5,0.0,0.0,0.009135481663179235
33762,0,calendar_2014_test,197.48581664611763,189.0,0.5,0.0,0.0,8.485816646117627
33763,0,calendar_2014_test,192.124968199512,188.0,0.5,0.0,0.0,4.124968199512011
33764,0,calendar_2014_test,189.01185848491602,223.0,0.5,0.0,0.0,33.98814151508398
33765,0,calendar_2014_test,226.6900079282919,239.0,0.5,0.0,0.0,12.309992071708109
33766,0,calendar_2014_test,224.69904543763744,235.0,0.5,0.0,0.0,10.300954562362563
33767,0,calendar_2014_test,227.06551042290707,196.0,0.5,0.0,0.0,31.065510422907067
33768,0,calendar_2014_test,190.09467802162357,180.0,0.5,0.0,0.0,10.094678021623565
33769,0,calendar_2014_test,178.78049726333867,192.0,0.5,0.0,0.0,13.219502736661326
33770,0,calendar_2014_test,195.20116559326064,187.0,0.5,0.0,0.0,8.20116559326064
33771,0,calendar_2014_test,184.50899636401564,164.0,0.5,0.0,0.0,20.508996364015644
33772,0,calendar_2014_test,167.89512904950465,156.0,0.5,0.0,0.0,11.895129049504646
33773,0,calendar_2014_test,162.05031778792463,163.0,0.5,0.0,0.0,0.9496822120753734
33774,0,calendar_2014_test,167.61754261249934,144.0,0.5,0.0,0.0,23.617542612499335
33775,0,calendar_2014_test,134.9845186452018,137.0,0.5,0.0,0.0,2.0154813547981973
33776,0,calendar_2014_test,127.85774177605667,131.0,0.5,0.0,0.0,3.1422582239433297
33777,0,calendar_2014_test,126.96885377743408,115.0,0.5,0.0,0.0,11.968853777434077
33778,0,calendar_2014_test,104.7258540547616,68.0,0.5,0.0,0.0,36.7258540547616
33779,0,calendar_2014_test,63.75202951971038,26.0,0.5,0.0,0.0,37.75202951971038
33780,0,calendar_2014_test,24.228895062303312,16.0,0.5,0.0,0.0,8.228895062303312
33781,0,calendar_2014_test,17.006723796387373,15.0,0.5,0.0,0.0,2.006723796387373
33782,0,calendar_2014_test,15.425492536862993,10.0,0.5,0.0,0.0,5.425492536862993
33783,0,calendar_2014_test,13.141207260861169,13.0,0.5,0.0,0.0,0.14120726086116875
33784,0,calendar_2014_test,14.718278716087232,11.0,0.5,0.0,0.0,3.718278716087232
33785,0,calendar_2014_test,20.52677724473323,8.0,0.5,0.0,0.0,12.526777244733228
33786,0,calendar_2014_test,18.467383940843018,10.0,0.5,0.0,0.0,8.467383940843018
33787,0,calendar_2014_test,18.696508196571582,16.0,0.5,0.0,0.0,2.696508196571582
33788,0,calendar_2014_test,25.461876806473313,49.0,0.5,0.0,0.0,23.538123193526687
33789,0,calendar_2014_test,54.02265846556283,45.0,0.5,0.0,0.0,9.022658465562827
33790,0,calendar_2014_test,48.81539648114671,42.0,0.5,0.0,0.0,6.815396481146713
33791,0,calendar_2014_test,45.800749509647865,55.0,0.5,0.0,0.0,9.199250490352135
33792,0,calendar_2014_test,58.109598899526674,53.0,0.5,0.0,0.0,5.109598899526674
33793,0,calendar_2014_test,52.78562793729017,85.0,0.5,0.0,0.0,32.21437206270983
33794,0,calendar_2014_test,85.55370416052445,37.0,0.5,0.0,0.0,48.55370416052445
33795,0,calendar_2014_test,33.56364753636888,19.0,0.5,0.0,0.0,14.563647536368883
33796,0,calendar_2014_test,20.399271785975127,21.0,0.5,0.0,0.0,0.6007282140248726
33797,0,calendar_2014_test,21.490993919455303,16.0,0.5,0.0,0.0,5.490993919455303
33798,0,calendar_2014_test,16.13466175439429,17.0,0.5,0.0,0.0,0.8653382456057095
33799,0,calendar_2014_test,15.858863588218865,17.0,0.5,0.0,0.0,1.141136411781135
33800,0,calendar_2014_test,15.642706361893211,16.0,0.5,0.0,0.0,0.35729363810678905
33801,0,calendar_2014_test,15.993360407974931,11.0,0.5,0.0,0.0,4.993360407974931
33802,0,calendar_2014_test,11.234948719637908,11.0,0.5,0.0,0.0,0.23494871963790764
33803,0,calendar_2014_test,11.22136672473642,14.0,0.5,0.0,0.0,2.77863327526358
33804,0,calendar_2014_test,13.881729289972846,9.0,0.5,0.0,0.0,4.881729289972846
33805,0,calendar_2014_test,10.58587670091719,8.0,0.5,0.0,0.0,2.58587670091719
33806,0,calendar_2014_test,11.063475011628293,10.0,0.5,0.0,0.0,1.0634750116282934
33807,0,calendar_2014_test,14.102111534111401,14.0,0.5,0.0,0.0,0.10211153411140117
33808,0,calendar_2014_test,17.582956894930593,14.0,0.5,0.0,0.0,3.582956894930593
33809,0,calendar_2014_test,18.169263081886964,22.0,0.5,0.0,0.0,3.830736918113036
33810,0,calendar_2014_test,26.09637782086061,32.0,0.5,0.0,0.0,5.90362217913939
33811,0,calendar_2014_test,38.578971111385584,36.0,0.5,0.0,0.0,2.5789711113855844
33812,0,calendar_2014_test,40.62606497702257,29.0,0.5,0.0,0.0,11.626064977022573
33813,0,calendar_2014_test,30.92301187696206,31.0,0.5,0.0,0.0,0.076988123037939
33814,0,calendar_2014_test,31.024708060864718,35.0,0.5,0.0,0.0,3.975291939135282
33815,0,calendar_2014_test,36.759477497599995,34.0,0.5,0.0,0.0,2.7594774975999954
33816,0,calendar_2014_test,38.1023653407046,28.0,0.5,0.0,0.0,10.102365340704601
33817,0,calendar_2014_test,31.203144416444104,52.0,0.5,0.0,0.0,20.796855583555896
33818,0,calendar_2014_test,55.460926233010866,70.0,0.5,0.0,0.0,14.539073766989134
33819,0,calendar_2014_test,65.65587384098032,52.0,0.5,0.0,0.0,13.65587384098032
33820,0,calendar_2014_test,48.87831605867096,39.0,0.5,0.0,0.0,9.878316058670961
33821,0,calendar_2014_test,35.72554853901275,31.0,0.5,0.0,0.0,4.725548539012749
33822,0,calendar_2014_test,30.577129296316684,25.0,0.5,0.0,0.0,5.577129296316684
33823,0,calendar_2014_test,24.878391041056798,25.0,0.5,0.0,0.0,0.12160895894320234
33824,0,calendar_2014_test,21.992846170139792,28.0,0.5,0.0,0.0,6.007153829860208
33825,0,calendar_2014_test,23.608640888590035,28.0,0.5,0.0,0.0,4.391359111409965
33826,0,calendar_2014_test,26.412038095683133,25.0,0.5,0.0,0.0,1.4120380956831333
33827,0,calendar_2014_test,26.5254682153625,15.0,0.5,0.0,0.0,11.525468215362501
33828,0,calendar_2014_test,18.475262122287678,17.0,0.5,0.0,0.0,1.4752621222876776
33829,0,calendar_2014_test,18.104879320126958,18.0,0.5,0.0,0.0,0.10487932012695822
33830,0,calendar_2014_test,20.274644790231072,35.0,0.5,0.0,0.0,14.725355209768928
33831,0,calendar_2014_test,37.471514059981146,17.0,0.5,0.0,0.0,20.471514059981146
33832,0,calendar_2014_test,20.598646478395644,17.0,0.5,0.0,0.0,3.5986464783956436
33833,0,calendar_2014_test,20.065217876599657,18.0,0.5,0.0,0.0,2.0652178765996574
33834,0,calendar_2014_test,22.21157681954757,24.0,0.5,0.0,0.0,1.7884231804524298
33835,0,calendar_2014_test,27.749534294246835,28.0,0.5,0.0,0.0,0.2504657057531645
33836,0,calendar_2014_test,32.22821543735193,31.0,0.5,0.0,0.0,1.2282154373519276
33837,0,calendar_2014_test,34.013436958932715,40.0,0.5,0.0,0.0,5.986563041067285
33838,0,calendar_2014_test,44.91414706600759,42.0,0.5,0.0,0.0,2.9141470660075868
33839,0,calendar_2014_test,44.73398701836835,48.0,0.5,0.0,0.0,3.266012981631647
33840,0,calendar_2014_test,52.31528450919239,52.0,0.5,0.0,0.0,0.31528450919238793
33841,0,calendar_2014_test,55.43339143988914,53.0,0.5,0.0,0.0,2.4333914398891423
33842,0,calendar_2014_test,54.28317847339236,58.0,0.5,0.0,0.0,3.7168215266076388
33843,0,calendar_2014_test,60.86311512938604,58.0,0.5,0.0,0.0,2.8631151293860384
33844,0,calendar_2014_test,57.560401726409104,64.0,0.5,0.0,0.0,6.439598273590896
33845,0,calendar_2014_test,63.1245550515445,61.0,0.5,0.0,0.0,2.1245550515444975
33846,0,calendar_2014_test,56.56031950875357,41.0,0.5,0.0,0.0,15.560319508753572
33847,0,calendar_2014_test,40.34069331142348,35.0,0.5,0.0,0.0,5.340693311423479
33848,0,calendar_2014_test,33.62021929107072,18.0,0.5,0.0,0.0,15.620219291070718
33849,0,calendar_2014_test,17.687635456982623,11.0,0.5,0.0,0.0,6.687635456982623
33850,0,calendar_2014_test,13.48606189551034,13.0,0.5,0.0,0.0,0.48606189551034085
33851,0,calendar_2014_test,12.419746128012127,12.0,0.5,0.0,0.0,0.4197461280121271
33852,0,calendar_2014_test,14.680547604211894,9.0,0.5,0.0,0.0,5.680547604211894
33853,0,calendar_2014_test,9.833271552270645,9.0,0.5,0.0,0.0,0.8332715522706451
33854,0,calendar_2014_test,9.81312215748981,16.0,0.5,0.0,0.0,6.1868778425101905
33855,0,calendar_2014_test,14.362609636217634,13.0,0.5,0.0,0.0,1.362609636217634
33856,0,calendar_2014_test,16.700316979994128,16.0,0.5,0.0,0.0,0.7003169799941276
33857,0,calendar_2014_test,19.21623582903561,9.0,0.5,0.0,0.0,10.216235829035611
33858,0,calendar_2014_test,15.890774084195058,18.0,0.5,0.0,0.0,2.1092259158049416
33859,0,calendar_2014_test,22.781973198915473,28.0,0.5,0.0,0.0,5.218026801084527
33860,0,calendar_2014_test,35.65474308163235,32.0,0.5,0.0,0.0,3.654743081632347
33861,0,calendar_2014_test,34.04909297078082,33.0,0.5,0.0,0.0,1.0490929707808192
33862,0,calendar_2014_test,36.67029578182408,35.0,0.5,0.0,0.0,1.6702957818240804
33863,0,calendar_2014_test,35.60678026204135,46.0,0.5,0.0,0.0,10.393219737958653
33864,0,calendar_2014_test,49.701101492611556,19.0,0.5,0.0,0.0,30.701101492611556
33865,0,calendar_2014_test,23.3865024973342,21.0,0.5,0.0,0.0,2.386502497334199
33866,0,calendar_2014_test,22.388251053780465,9.0,0.5,0.0,0.0,13.388251053780465
33867,0,calendar_2014_test,12.428299594768372,12.0,0.5,0.0,0.0,0.4282995947683723
33868,0,calendar_2014_test,12.823178084840315,9.0,0.5,0.0,0.0,3.8231780848403147
33869,0,calendar_2014_test,11.618221896223568,10.0,0.5,0.0,0.0,1.6182218962235684
33870,0,calendar_2014_test,11.65956526565325,12.0,0.5,0.0,0.0,0.34043473434675064
33871,0,calendar_2014_test,12.743108517262288,10.0,0.5,0.0,0.0,2.7431085172622875
33872,0,calendar_2014_test,10.887996442461993,10.0,0.5,0.0,0.0,0.8879964424619935
33873,0,calendar_2014_test,10.008060904728353,9.0,0.5,0.0,0.0,1.008060904728353
33874,0,calendar_2014_test,9.69437383174194,7.0,0.5,0.0,0.0,2.69437383174194
33875,0,calendar_2014_test,7.679950295409841,6.0,0.5,0.0,0.0,1.6799502954098413
33876,0,calendar_2014_test,26.394433161635572,21.0,0.5,0.0,0.0,5.394433161635572
33877,0,calendar_2014_test,27.3323196649989,20.0,0.5,0.0,0.0,7.332319664998899
33878,0,calendar_2014_test,25.421519214010598,26.0,0.5,0.0,0.0,0.5784807859894023
33879,0,calendar_2014_test,31.440836886043016,35.0,0.5,0.0,0.0,3.559163113956984
33880,0,calendar_2014_test,37.31133204697105,58.0,0.5,0.0,0.0,20.688667953028947
33881,0,calendar_2014_test,62.984525713142524,45.0,0.5,0.0,0.0,17.984525713142524
33882,0,calendar_2014_test,45.638301893867215,50.0,0.5,0.0,0.0,4.361698106132785
33883,0,calendar_2014_test,54.518584607616056,58.0,0.5,0.0,0.0,3.481415392383944
33884,0,calendar_2014_test,58.03951071879677,44.0,0.5,0.0,0.0,14.03951071879677
33885,0,calendar_2014_test,44.32374241791549,46.0,0.5,0.0,0.0,1.67625758208451
33886,0,calendar_2014_test,45.954471288068895,31.0,0.5,0.0,0.0,14.954471288068895
33887,0,calendar_2014_test,30.270744281181983,23.0,0.5,0.0,0.0,7.270744281181983
33888,0,calendar_2014_test,23.980813860610464,21.0,0.5,0.0,0.0,2.980813860610464
33889,0,calendar_2014_test,22.349891441539388,24.0,0.5,0.0,0.0,1.6501085584606123
33890,0,calendar_2014_test,23.945278465808684,19.0,0.5,0.0,0.0,4.945278465808684
33891,0,calendar_2014_test,19.228532568421286,22.0,0.5,0.0,0.0,2.7714674315787136
33892,0,calendar_2014_test,20.34121624148296,18.0,0.5,0.0,0.0,2.341216241482961
33893,0,calendar_2014_test,18.105574074732186,19.0,0.5,0.0,0.0,0.8944259252678144
33894,0,calendar_2014_test,17.144497915897933,21.0,0.5,0.0,0.0,3.855502084102067
33895,0,calendar_2014_test,24.628540017644983,22.0,0.5,0.0,0.0,2.6285400176449834
33896,0,calendar_2014_test,24.475959199376923,29.0,0.5,0.0,0.0,4.524040800623077
33897,0,calendar_2014_test,29.583407982131597,36.0,0.5,0.0,0.0,6.416592017868403
33898,0,calendar_2014_test,37.03284715238405,39.0,0.5,0.0,0.0,1.9671528476159494
33899,0,calendar_2014_test,40.53065596121796,36.0,0.5,0.0,0.0,4.53065596121796
33900,0,calendar_2014_test,38.869804426611395,42.0,0.5,0.0,0.0,3.1301955733886047
33901,0,calendar_2014_test,46.94516909224827,38.0,0.5,0.0,0.0,8.945169092248271
33902,0,calendar_2014_test,45.349315599525724,36.0,0.5,0.0,0.0,9.349315599525724
33903,0,calendar_2014_test,35.95082216012562,30.0,0.5,0.0,0.0,5.950822160125618
33904,0,calendar_2014_test,31.26665198548434,15.0,0.5,0.0,0.0,16.26665198548434
33905,0,calendar_2014_test,16.676682856094803,19.0,0.5,0.0,0.0,2.3233171439051965
33906,0,calendar_2014_test,24.304406238624825,30.0,0.5,0.0,0.0,5.695593761375175
33907,0,calendar_2014_test,37.16186326989339,60.0,0.5,0.0,0.0,22.838136730106612
33908,0,calendar_2014_test,61.82079286691665,40.0,0.5,0.0,0.0,21.820792866916648
33909,0,calendar_2014_test,43.76632380966201,29.0,0.5,0.0,0.0,14.766323809662012
33910,0,calendar_2014_test,33.74668076171576,35.0,0.5,0.0,0.0,1.2533192382842415
33911,0,calendar_2014_test,39.858876336287295,40.0,0.5,0.0,0.0,0.14112366371270468
33912,0,calendar_2014_test,45.857040181419286,42.0,0.5,0.0,0.0,3.8570401814192863
33913,0,calendar_2014_test,44.97308407405373,37.0,0.5,0.0,0.0,7.97308407405373
33914,0,calendar_2014_test,36.4655788808727,44.0,0.5,0.0,0.0,7.534421119127302
33915,0,calendar_2014_test,46.15412633849909,49.0,0.5,0.0,0.0,2.84587366150091
33916,0,calendar_2014_test,52.43424266314565,50.0,0.5,0.0,0.0,2.4342426631456533
33917,0,calendar_2014_test,49.711473641238726,52.0,0.5,0.0,0.0,2.288526358761274
33918,0,calendar_2014_test,50.23562680007535,50.0,0.5,0.0,0.0,0.23562680007535164
33919,0,calendar_2014_test,48.53568935927312,52.0,0.5,0.0,0.0,3.464310640726879
33920,0,calendar_2014_test,50.25151737535568,50.0,0.5,0.0,0.0,0.2515173753556823
33921,0,calendar_2014_test,48.657636203847886,55.0,0.5,0.0,0.0,6.342363796152114
33922,0,calendar_2014_test,54.37258659034093,57.0,0.5,0.0,0.0,2.62741340965907
33923,0,calendar_2014_test,56.12600800691273,45.0,0.5,0.0,0.0,11.126008006912727
33924,0,calendar_2014_test,47.477450863631084,51.0,0.5,0.0,0.0,3.522549136368916
33925,0,calendar_2014_test,53.45517283346487,49.0,0.5,0.0,0.0,4.4551728334648715
33926,0,calendar_2014_test,49.80736886825265,54.0,0.5,0.0,0.0,4.192631131747348
33927,0,calendar_2014_test,57.51861599930233,62.0,0.5,0.0,0.0,4.481384000697673
33928,0,calendar_2014_test,62.94973835325496,73.0,0.5,0.0,0.0,10.050261646745042
33929,0,calendar_2014_test,79.75379512304762,81.0,0.5,0.0,0.0,1.2462048769523761
33930,0,calendar_2014_test,84.04039292502459,93.0,0.5,0.0,0.0,8.959607074975409
33931,0,calendar_2014_test,101.12270616870745,108.0,0.5,0.0,0.0,6.877293831292548
33932,0,calendar_2014_test,112.39261617701757,112.0,0.5,0.0,0.0,0.39261617701757245
33933,0,calendar_2014_test,117.7486451669844,113.0,0.5,0.0,0.0,4.748645166984403
33934,0,calendar_2014_test,117.88272039904741,85.0,0.5,0.0,0.0,32.882720399047415
33935,0,calendar_2014_test,84.77336073864592,90.0,0.5,0.0,0.0,5.22663926135408
33936,0,calendar_2014_test,94.97347147369823,85.0,0.5,0.0,0.0,9.973471473698226
33937,0,calendar_2014_test,87.13162617689261,121.0,0.5,0.0,0.0,33.86837382310739
33938,0,calendar_2014_test,130.91627632340126,130.0,0.5,0.0,0.0,0.916276323401263
33939,0,calendar_2014_test,130.66119238325217,133.0,0.5,0.0,0.0,2.338807616747829
33940,0,calendar_2014_test,131.38836334332325,148.0,0.5,0.0,0.0,16.61163665667675
33941,0,calendar_2014_test,151.04638304025906,160.0,0.5,0.0,0.0,8.953616959740941
33942,0,calendar_2014_test,161.144414065705,159.0,0.5,0.0,0.0,2.144414065705007
33943,0,calendar_2014_test,162.77140316511475,172.0,0.5,0.0,0.0,9.228596834885252
33944,0,calendar_2014_test,173.21477340442667,142.0,0.5,0.0,0.0,31.214773404426666
33945,0,calendar_2014_test,141.43083041744285,146.0,0.5,0.0,0.0,4.569169582557151
33946,0,calendar_2014_test,145.66715837939336,134.0,0.5,0.0,0.0,11.667158379393356
33947,0,calendar_2014_test,129.8344540127432,111.0,0.5,0.0,0.0,18.83445401274321
33948,0,calendar_2014_test,109.9195311011434,90.0,0.5,0.0,0.0,19.919531101143406
33949,0,calendar_2014_test,85.80134563007668,60.0,0.5,0.0,0.0,25.801345630076682
33950,0,calendar_2014_test,57.68523476536926,60.0,0.5,0.0,0.0,2.314765234630741
33951,0,calendar_2014_test,66.23122091538612,70.0,0.5,0.0,0.0,3.7687790846138824
33952,0,calendar_2014_test,77.49571601414446,80.0,0.5,0.0,0.0,2.504283985855537
33953,0,calendar_2014_test,85.66953592030472,74.0,0.5,0.0,0.0,11.669535920304725
33954,0,calendar_2014_test,78.82049125779709,64.0,0.5,0.0,0.0,14.820491257797087
33955,0,calendar_2014_test,67.61188747741441,82.0,0.5,0.0,0.0,14.388112522585587
33956,0,calendar_2014_test,92.99576301017777,111.0,0.5,0.0,0.0,18.004236989822232
33957,0,calendar_2014_test,124.8978780516011,112.0,0.5,0.0,0.0,12.897878051601097
33958,0,calendar_2014_test,118.20824275405683,128.0,0.5,0.0,0.0,9.791757245943174
33959,0,calendar_2014_test,137.7397035403369,126.0,0.5,0.0,0.0,11.739703540336905
33960,0,calendar_2014_test,125.78750711568063,147.0,0.5,0.0,0.0,21.212492884319374
33961,0,calendar_2014_test,152.2823155254286,135.0,0.5,0.0,0.0,17.2823155254286
33962,0,calendar_2014_test,134.47736572130344,142.0,0.5,0.0,0.0,7.522634278696557
33963,0,calendar_2014_test,149.02210035584767,144.0,0.5,0.0,0.0,5.02210035584767
33964,0,calendar_2014_test,149.51951611830114,142.0,0.5,0.0,0.0,7.519516118301141
33965,0,calendar_2014_test,144.07348320863548,139.0,0.5,0.0,0.0,5.07348320863548
33966,0,calendar_2014_test,138.80991091023859,129.0,0.5,0.0,0.0,9.809910910238585
33967,0,calendar_2014_test,125.82124915177144,132.0,0.5,0.0,0.0,6.17875084822856
33968,0,calendar_2014_test,130.700928791172,130.0,0.5,0.0,0.0,0.7009287911720037
33969,0,calendar_2014_test,125.1749133179012,162.0,0.5,0.0,0.0,36.8250866820988
33970,0,calendar_2014_test,161.2499864781444,162.0,0.5,0.0,0.0,0.7500135218556068
33971,0,calendar_2014_test,163.67611624527558,163.0,0.5,0.0,0.0,0.6761162452755798
33972,0,calendar_2014_test,166.14433620636956,152.0,0.5,0.0,0.0,14.144336206369559
33973,0,calendar_2014_test,148.82866502684143,150.0,0.5,0.0,0.0,1.1713349731585652
33974,0,calendar_2014_test,150.76893565511517,160.0,0.5,0.0,0.0,9.231064344884828
33975,0,calendar_2014_test,169.23292844847953,172.0,0.5,0.0,0.0,2.7670715515204733
33976,0,calendar_2014_test,177.44484711518925,188.0,0.5,0.0,0.0,10.555152884810752
33977,0,calendar_2014_test,189.8669496254165,195.0,0.5,0.0,0.0,5.13305037458349
33978,0,calendar_2014_test,198.00689153477018,220.0,0.5,0.0,0.0,21.993108465229824
33979,0,calendar_2014_test,224.70105627247196,191.0,0.5,0.0,0.0,33.70105627247196
33980,0,calendar_2014_test,192.92454558725422,154.0,0.5,0.0,0.0,38.924545587254215
33981,0,calendar_2014_test,148.51209082382175,158.0,0.5,0.0,0.0,9.487909176178249
33982,0,calendar_2014_test,163.8723853284855,131.0,0.5,0.0,0.0,32.87238532848551
33983,0,calendar_2014_test,129.4848583060935,128.0,0.5,0.0,0.0,1.484858306093514
33984,0,calendar_2014_test,129.34781631318367,123.0,0.5,0.0,0.0,6.347816313183671
33985,0,calendar_2014_test,123.83855083829619,112.0,0.5,0.0,0.0,11.838550838296186
33986,0,calendar_2014_test,111.70759729135766,122.0,0.5,0.0,0.0,10.292402708642342
33987,0,calendar_2014_test,131.65005665999365,113.0,0.5,0.0,0.0,18.650056659993652
33988,0,calendar_2014_test,115.46160534117232,109.0,0.5,0.0,0.0,6.461605341172316
33989,0,calendar_2014_test,104.82189971025763,120.0,0.5,0.0,0.0,15.178100289742375
33990,0,calendar_2014_test,123.30647928906224,125.0,0.5,0.0,0.0,1.6935207109377615
33991,0,calendar_2014_test,125.74356442805916,127.0,0.5,0.0,0.0,1.256435571940841
33992,0,calendar_2014_test,124.26180992088875,143.0,0.5,0.0,0.0,18.73819007911125
33993,0,calendar_2014_test,144.95588353561632,109.0,0.5,0.0,0.0,35.95588353561632
33994,0,calendar_2014_test,99.49957876858394,96.0,0.5,0.0,0.0,3.4995787685839446
33995,0,calendar_2014_test,93.69057479717708,80.0,0.5,0.0,0.0,13.690574797177078
33996,0,calendar_2014_test,77.7467099093376,96.0,0.5,0.0,0.0,18.253290090662404
33997,0,calendar_2014_test,104.10098292934418,106.0,0.5,0.0,0.0,1.899017070655816
33998,0,calendar_2014_test,110.69744712328517,103.0,0.5,0.0,0.0,7.697447123285173
33999,0,calendar_2014_test,107.47399729055128,84.0,0.5,0.0,0.0,23.47399729055128
34000,0,calendar_2014_test,84.33669497011513,80.0,0.5,0.0,0.0,4.336694970115133
34001,0,calendar_2014_test,83.62079929140073,81.0,0.5,0.0,0.0,2.620799291400729
34002,0,calendar_2014_test,85.63963632219388,87.0,0.5,0.0,0.0,1.36036367780612
34003,0,calendar_2014_test,92.45505109165623,69.0,0.5,0.0,0.0,23.45505109165623
34004,0,calendar_2014_test,69.39197455966533,73.0,0.5,0.0,0.0,3.6080254403346714
34005,0,calendar_2014_test,77.63186395747435,72.0,0.5,0.0,0.0,5.631863957474351
34006,0,calendar_2014_test,75.13101111339365,77.0,0.5,0.0,0.0,1.8689888866063455
34007,0,calendar_2014_test,81.35747497203506,77.0,0.5,0.0,0.0,4.357474972035064
34008,0,calendar_2014_test,81.49926914676526,75.0,0.5,0.0,0.0,6.499269146765258
34009,0,calendar_2014_test,81.98383342113604,72.0,0.5,0.0,0.0,9.98383342113604
34010,0,calendar_2014_test,73.39583631266544,68.0,0.5,0.0,0.0,5.395836312665438
34011,0,calendar_2014_test,69.41005496269449,60.0,0.5,0.0,0.0,9.410054962694488
34012,0,calendar_2014_test,60.89295222786726,48.0,0.5,0.0,0.0,12.892952227867262
34013,0,calendar_2014_test,48.256869773664164,52.0,0.5,0.0,0.0,3.743130226335836
34014,0,calendar_2014_test,51.442404059208364,66.0,0.5,0.0,0.0,14.557595940791636
34015,0,calendar_2014_test,66.19336871801843,57.0,0.5,0.0,0.0,9.193368718018434
34016,0,calendar_2014_test,56.01285627130468,51.0,0.5,0.0,0.0,5.012856271304678
34017,0,calendar_2014_test,49.848836140646476,45.0,0.5,0.0,0.0,4.848836140646476
34018,0,calendar_2014_test,47.79910286152586,38.0,0.5,0.0,0.0,9.79910286152586
34019,0,calendar_2014_test,41.56087164119399,45.0,0.5,0.0,0.0,3.439128358806009
34020,0,calendar_2014_test,50.44691161471681,48.0,0.5,0.0,0.0,2.446911614716811
34021,0,calendar_2014_test,50.835379134893756,53.0,0.5,0.0,0.0,2.1646208651062437
34022,0,calendar_2014_test,56.46461158027561,64.0,0.5,0.0,0.0,7.535388419724391
34023,0,calendar_2014_test,68.45841123362382,72.0,0.5,0.0,0.0,3.5415887663761794
34024,0,calendar_2014_test,74.80008075440979,81.0,0.5,0.0,0.0,6.199919245590209
34025,0,calendar_2014_test,82.23337422346907,66.0,0.5,0.0,0.0,16.23337422346907
34026,0,calendar_2014_test,66.30998621310418,41.0,0.5,0.0,0.0,25.30998621310418
34027,0,calendar_2014_test,42.4385485225237,46.0,0.5,0.0,0.0,3.5614514774762966
34028,0,calendar_2014_test,51.995807394367915,60.0,0.5,0.0,0.0,8.004192605632085
34029,0,calendar_2014_test,66.03255283404818,57.0,0.5,0.0,0.0,9.032552834048175
34030,0,calendar_2014_test,61.40014803758275,65.0,0.5,0.0,0.0,3.5998519624172474
34031,0,calendar_2014_test,71.71106696091441,64.0,0.5,0.0,0.0,7.711066960914408
34032,0,calendar_2014_test,70.06682004951097,62.0,0.5,0.0,0.0,8.066820049510966
34033,0,calendar_2014_test,66.174497029725,55.0,0.5,0.0,0.0,11.174497029725003
34034,0,calendar_2014_test,55.46241517083607,52.0,0.5,0.0,0.0,3.462415170836067
34035,0,calendar_2014_test,51.829480692922765,55.0,0.5,0.0,0.0,3.1705193070772353
34036,0,calendar_2014_test,54.05486917813539,60.0,0.5,0.0,0.0,5.945130821864609
34037,0,calendar_2014_test,61.082072409373176,52.0,0.5,0.0,0.0,9.082072409373176
34038,0,calendar_2014_test,52.40088846359052,55.0,0.5,0.0,0.0,2.599111536409481
34039,0,calendar_2014_test,53.09525040499179,67.0,0.5,0.0,0.0,13.904749595008212
34040,0,calendar_2014_test,69.25241476394592,85.0,0.5,0.0,0.0,15.747585236054078
34041,0,calendar_2014_test,86.07794892853359,87.0,0.5,0.0,0.0,0.922051071466413
34042,0,calendar_2014_test,84.67544336055964,79.0,0.5,0.0,0.0,5.67544336055964
34043,0,calendar_2014_test,76.02689517829904,60.0,0.5,0.0,0.0,16.026895178299043
34044,0,calendar_2014_test,57.53316193936259,69.0,0.5,0.0,0.0,11.466838060637407
34045,0,calendar_2014_test,72.58716176911642,59.0,0.5,0.0,0.0,13.58716176911642
34046,0,calendar_2014_test,61.41218127519471,53.0,0.5,0.0,0.0,8.412181275194712
34047,0,calendar_2014_test,54.397854105365376,55.0,0.5,0.0,0.0,0.6021458946346243
34048,0,calendar_2014_test,53.54753638990015,52.0,0.5,0.0,0.0,1.5475363899001522
34049,0,calendar_2014_test,52.81302911701409,48.0,0.5,0.0,0.0,4.813029117014089
34050,0,calendar_2014_test,50.52676890586729,56.0,0.5,0.0,0.0,5.473231094132707
34051,0,calendar_2014_test,58.65278536721088,59.0,0.5,0.0,0.0,0.3472146327891181
34052,0,calendar_2014_test,61.975361745597034,60.0,0.5,0.0,0.0,1.9753617455970343
34053,0,calendar_2014_test,62.73312844995332,55.0,0.5,0.0,0.0,7.73312844995332
34054,0,calendar_2014_test,56.58384179603687,59.0,0.5,0.0,0.0,2.4161582039631284
34055,0,calendar_2014_test,63.85429847207581,59.0,0.5,0.0,0.0,4.854298472075811
34056,0,calendar_2014_test,54.094518423303846,53.0,0.5,0.0,0.0,1.094518423303846
34057,0,calendar_2014_test,49.97691016920411,20.0,0.5,0.0,0.0,29.97691016920411
34058,0,calendar_2014_test,21.86666544483506,20.0,0.5,0.0,0.0,1.8666654448350606
34059,0,calendar_2014_test,21.830391544773494,20.0,0.5,0.0,0.0,1.8303915447734944
34060,0,calendar_2014_test,20.333239159683103,11.0,0.5,0.0,0.0,9.333239159683103
34061,0,calendar_2014_test,13.364731448153059,15.0,0.5,0.0,0.0,1.6352685518469414
34062,0,calendar_2014_test,14.49948007623748,12.0,0.5,0.0,0.0,2.4994800762374805
34063,0,calendar_2014_test,12.940081886294628,15.0,0.5,0.0,0.0,2.059918113705372
34064,0,calendar_2014_test,13.708620129999785,14.0,0.5,0.0,0.0,0.29137987000021504
34065,0,calendar_2014_test,13.15398611499761,15.0,0.5,0.0,0.0,1.8460138850023906
34066,0,calendar_2014_test,15.817704646809995,13.0,0.5,0.0,0.0,2.817704646809995
34067,0,calendar_2014_test,16.173877760089038,11.0,0.5,0.0,0.0,5.173877760089038
34068,0,calendar_2014_test,14.866451530700784,14.0,0.5,0.0,0.0,0.8664515307007843
34069,0,calendar_2014_test,19.983723227540334,15.0,0.5,0.0,0.0,4.9837232275403345
34070,0,calendar_2014_test,17.26374464367943,17.0,0.5,0.0,0.0,0.2637446436794306
34071,0,calendar_2014_test,17.32077339643575,14.0,0.5,0.0,0.0,3.320773396435751
34072,0,calendar_2014_test,14.792195563521275,11.0,0.5,0.0,0.0,3.7921955635212754
34073,0,calendar_2014_test,11.495100567657886,9.0,0.5,0.0,0.0,2.495100567657886
34074,0,calendar_2014_test,10.731731878652623,6.0,0.5,0.0,0.0,4.731731878652623
34075,0,calendar_2014_test,8.761668896817598,6.0,0.5,0.0,0.0,2.761668896817598
34076,0,calendar_2014_test,9.134286577067533,13.0,0.5,0.0,0.0,3.8657134229324672
34077,0,calendar_2014_test,15.439028395848553,10.0,0.5,0.0,0.0,5.439028395848553
34078,0,calendar_2014_test,11.765080797213493,16.0,0.5,0.0,0.0,4.234919202786507
34079,0,calendar_2014_test,14.982176082728987,16.0,0.5,0.0,0.0,1.0178239172710128
34080,0,calendar_2014_test,14.730332950204456,14.0,0.5,0.0,0.0,0.7303329502044562
34081,0,calendar_2014_test,14.011217566482157,18.0,0.5,0.0,0.0,3.9887824335178426
34082,0,calendar_2014_test,16.985203440609922,19.0,0.5,0.0,0.0,2.014796559390078
34083,0,calendar_2014_test,17.805443485973107,15.0,0.5,0.0,0.0,2.8054434859731074
34084,0,calendar_2014_test,17.66586240254889,12.0,0.5,0.0,0.0,5.665862402548889
34085,0,calendar_2014_test,17.53029223568172,22.0,0.5,0.0,0.0,4.469707764318279
34086,0,calendar_2014_test,24.178814244910143,20.0,0.5,0.0,0.0,4.178814244910143
34087,0,calendar_2014_test,19.148522964950963,16.0,0.5,0.0,0.0,3.1485229649509634
34088,0,calendar_2014_test,15.78851917773563,20.0,0.5,0.0,0.0,4.21148082226437
34089,0,calendar_2014_test,18.499044581691894,21.0,0.5,0.0,0.0,2.5009554183081057
34090,0,calendar_2014_test,20.88739177970415,21.0,0.5,0.0,0.0,0.11260822029585071
34091,0,calendar_2014_test,27.64649244437506,42.0,0.5,0.0,0.0,14.35350755562494
34092,0,calendar_2014_test,46.66937137709962,46.0,0.5,0.0,0.0,0.6693713770996226
34093,0,calendar_2014_test,49.16663117562527,43.0,0.5,0.0,0.0,6.16663117562527
34094,0,calendar_2014_test,46.74570895314247,42.0,0.5,0.0,0.0,4.7457089531424685
34095,0,calendar_2014_test,45.79804357120318,41.0,0.5,0.0,0.0,4.798043571203181
34096,0,calendar_2014_test,45.343139769716615,46.0,0.5,0.0,0.0,0.6568602302833852
34097,0,calendar_2014_test,50.14520113329215,55.0,0.5,0.0,0.0,4.854798866707853
34098,0,calendar_2014_test,56.927772767477194,52.0,0.5,0.0,0.0,4.927772767477194
34099,0,calendar_2014_test,53.99615366454842,50.0,0.5,0.0,0.0,3.996153664548423
34100,0,calendar_2014_test,52.67107808270477,74.0,0.5,0.0,0.0,21.328921917295233
34101,0,calendar_2014_test,74.13166134835221,73.0,0.5,0.0,0.0,1.1316613483522104
34102,0,calendar_2014_test,74.02370755599266,82.0,0.5,0.0,0.0,7.976292444007342
34103,0,calendar_2014_test,86.03111395149254,74.0,0.5,0.0,0.0,12.031113951492543
34104,0,calendar_2014_test,76.39854774849252,76.0,0.5,0.0,0.0,0.3985477484925184
34105,0,calendar_2014_test,79.05545379071475,82.0,0.5,0.0,0.0,2.9445462092852495
34106,0,calendar_2014_test,85.57982828657049,90.0,0.5,0.0,0.0,4.420171713429511
34107,0,calendar_2014_test,90.7373813789146,103.0,0.5,0.0,0.0,12.262618621085394
34108,0,calendar_2014_test,97.57795943110764,89.0,0.5,0.0,0.0,8.577959431107644
34109,0,calendar_2014_test,81.41952591043794,67.0,0.5,0.0,0.0,14.41952591043794
34110,0,calendar_2014_test,67.266339801639,85.0,0.5,0.0,0.0,17.733660198360994
34111,0,calendar_2014_test,89.44639040736708,62.0,0.5,0.0,0.0,27.446390407367076
34112,0,calendar_2014_test,60.80781320032021,50.0,0.5,0.0,0.0,10.807813200320211
34113,0,calendar_2014_test,53.02699970759804,69.0,0.5,0.0,0.0,15.973000292401963
34114,0,calendar_2014_test,72.05379972893564,51.0,0.5,0.0,0.0,21.053799728935644
34115,0,calendar_2014_test,50.60493547724492,24.0,0.5,0.0,0.0,26.604935477244922
34116,0,calendar_2014_test,32.19030078200527,33.0,0.5,0.0,0.0,0.8096992179947335
34117,0,calendar_2014_test,41.269396468357066,35.0,0.5,0.0,0.0,6.2693964683570655
34118,0,calendar_2014_test,39.176311877629296,63.0,0.5,0.0,0.0,23.823688122370704
34119,0,calendar_2014_test,73.19964755375014,104.0,0.5,0.0,0.0,30.80035244624986
34120,0,calendar_2014_test,108.62375254360236,136.0,0.5,0.0,0.0,27.376247456397635
34121,0,calendar_2014_test,133.59152902990834,146.0,0.5,0.0,0.0,12.408470970091656
34122,0,calendar_2014_test,154.14923695391138,118.0,0.5,0.0,0.0,36.149236953911384
34123,0,calendar_2014_test,106.95623141401757,127.0,0.5,0.0,0.0,20.043768585982434
34124,0,calendar_2014_test,131.93498026386155,149.0,0.5,0.0,0.0,17.065019736138453
34125,0,calendar_2014_test,144.47845192488026,160.0,0.5,0.0,0.0,15.521548075119739
34126,0,calendar_2014_test,155.28126024577182,116.0,0.5,0.0,0.0,39.28126024577182
34127,0,calendar_2014_test,90.71427379510101,91.0,0.5,0.0,0.0,0.28572620489899236
34128,0,calendar_2014_test,76.49509280417486,97.0,0.5,0.0,0.0,20.50490719582514
34129,0,calendar_2014_test,90.24742667667039,61.0,0.5,0.0,0.0,29.247426676670386
34130,0,calendar_2014_test,49.4237097884989,49.0,0.5,0.0,0.0,0.42370978849889696
34131,0,calendar_2014_test,48.241677722788495,40.0,0.5,0.0,0.0,8.241677722788495
34132,0,calendar_2014_test,41.92309779340788,31.0,0.5,0.0,0.0,10.923097793407877
34133,0,calendar_2014_test,35.29135393072442,27.0,0.5,0.0,0.0,8.29135393072442
34134,0,calendar_2014_test,30.686147693579592,32.0,0.5,0.0,0.0,1.313852306420408
34135,0,calendar_2014_test,35.03990316969045,28.0,0.5,0.0,0.0,7.039903169690447
34136,0,calendar_2014_test,32.801586358668196,31.0,0.5,0.0,0.0,1.801586358668196
34137,0,calendar_2014_test,35.42428384480457,38.0,0.5,0.0,0.0,2.5757161551954297
34138,0,calendar_2014_test,43.84211191316653,45.0,0.5,0.0,0.0,1.1578880868334736
34139,0,calendar_2014_test,50.00233777421805,44.0,0.5,0.0,0.0,6.002337774218049
34140,0,calendar_2014_test,48.76917715020159,55.0,0.5,0.0,0.0,6.2308228497984075
34141,0,calendar_2014_test,58.30981581310121,61.0,0.5,0.0,0.0,2.69018418689879
34142,0,calendar_2014_test,65.14231445294536,69.0,0.5,0.0,0.0,3.8576855470546434
34143,0,calendar_2014_test,73.88893518605796,69.0,0.5,0.0,0.0,4.888935186057964
34144,0,calendar_2014_test,71.73901841769074,72.0,0.5,0.0,0.0,0.26098158230925605
34145,0,calendar_2014_test,75.91133698172337,87.0,0.5,0.0,0.0,11.088663018276634
34146,0,calendar_2014_test,93.02067335853717,91.0,0.5,0.0,0.0,2.0206733585371666
34147,0,calendar_2014_test,94.55771216752508,116.0,0.5,0.0,0.0,21.442287832474918
34148,0,calendar_2014_test,119.16988410850962,136.0,0.5,0.0,0.0,16.83011589149038
34149,0,calendar_2014_test,136.4926267376883,146.0,0.5,0.0,0.0,9.507373262311688
34150,0,calendar_2014_test,149.74080557412051,149.0,0.5,0.0,0.0,0.7408055741205146
34151,0,calendar_2014_test,148.74828522244223,142.0,0.5,0.0,0.0,6.7482852224422345
34152,0,calendar_2014_test,140.43251657113453,137.0,0.5,0.0,0.0,3.432516571134528
34153,0,calendar_2014_test,134.0919495338919,113.0,0.5,0.0,0.0,21.091949533891892
34154,0,calendar_2014_test,102.96693894961993,119.0,0.5,0.0,0.0,16.03306105038007
34155,0,calendar_2014_test,116.80916536496504,107.0,0.5,0.0,0.0,9.80916536496504
34156,0,calendar_2014_test,98.31988739736957,112.0,0.5,0.0,0.0,13.68011260263043
34157,0,calendar_2014_test,109.211438251487,80.0,0.5,0.0,0.0,29.211438251486996
34158,0,calendar_2014_test,72.06114119388582,62.0,0.5,0.0,0.0,10.061141193885817
34159,0,calendar_2014_test,57.01144916566361,67.0,0.5,0.0,0.0,9.988550834336387
34160,0,calendar_2014_test,66.90413767399617,62.0,0.5,0.0,0.0,4.904137673996175
34161,0,calendar_2014_test,59.51006973401739,76.0,0.5,0.0,0.0,16.489930265982608
34162,0,calendar_2014_test,81.21167852049918,72.0,0.5,0.0,0.0,9.211678520499177
34163,0,calendar_2014_test,72.03179906428286,63.0,0.5,0.0,0.0,9.031799064282865
34164,0,calendar_2014_test,65.67825875169609,57.0,0.5,0.0,0.0,8.678258751696092
34165,0,calendar_2014_test,59.940218302863784,62.0,0.5,0.0,0.0,2.0597816971362164
34166,0,calendar_2014_test,65.29293950023559,59.0,0.5,0.0,0.0,6.29293950023559
34167,0,calendar_2014_test,63.069518484537305,57.0,0.5,0.0,0.0,6.069518484537305
34168,0,calendar_2014_test,59.80817981202809,60.0,0.5,0.0,0.0,0.19182018797191347
34169,0,calendar_2014_test,63.96952778667603,68.0,0.5,0.0,0.0,4.030472213323968
34170,0,calendar_2014_test,73.78469243413525,76.0,0.5,0.0,0.0,2.215307565864748
34171,0,calendar_2014_test,81.3186787816794,86.0,0.5,0.0,0.0,4.681321218320605
34172,0,calendar_2014_test,92.15683991871938,97.0,0.5,0.0,0.0,4.843160081280615
34173,0,calendar_2014_test,102.12777494554696,102.0,0.5,0.0,0.0,0.12777494554696034
34174,0,calendar_2014_test,102.82555610708265,111.0,0.5,0.0,0.0,8.174443892917353
34175,0,calendar_2014_test,115.56040873326609,107.0,0.5,0.0,0.0,8.560408733266087
34176,0,calendar_2014_test,102.9714895989913,106.0,0.5,0.0,0.0,3.0285104010087025
34177,0,calendar_2014_test,101.48948574611187,113.0,0.5,0.0,0.0,11.510514253888132
34178,0,calendar_2014_test,110.64962911661803,105.0,0.5,0.0,0.0,5.64962911661803
34179,0,calendar_2014_test,97.89127539067867,114.0,0.5,0.0,0.0,16.108724609321328
34180,0,calendar_2014_test,110.78742190428933,133.0,0.5,0.0,0.0,22.21257809571067
34181,0,calendar_2014_test,129.40317007611412,120.0,0.5,0.0,0.0,9.403170076114122
34182,0,calendar_2014_test,109.36065398648427,99.0,0.5,0.0,0.0,10.360653986484266
34183,0,calendar_2014_test,91.05934941024054,87.0,0.5,0.0,0.0,4.059349410240543
34184,0,calendar_2014_test,82.73314499973989,93.0,0.5,0.0,0.0,10.266855000260108
34185,0,calendar_2014_test,93.07549266669128,85.0,0.5,0.0,0.0,8.075492666691275
34186,0,calendar_2014_test,82.6237972909469,95.0,0.5,0.0,0.0,12.376202709053103
34187,0,calendar_2014_test,98.57956954145541,98.0,0.5,0.0,0.0,0.5795695414554132
34188,0,calendar_2014_test,97.65756179620146,99.0,0.5,0.0,0.0,1.3424382037985367
34189,0,calendar_2014_test,102.85387597775879,88.0,0.5,0.0,0.0,14.85387597775879
34190,0,calendar_2014_test,87.10881434007129,83.0,0.5,0.0,0.0,4.108814340071291
34191,0,calendar_2014_test,85.49430754778919,84.0,0.5,0.0,0.0,1.494307547789191
34192,0,calendar_2014_test,88.0748887924078,93.0,0.5,0.0,0.0,4.925111207592195
34193,0,calendar_2014_test,100.02157280112715,95.0,0.5,0.0,0.0,5.021572801127149
34194,0,calendar_2014_test,99.69758551838024,113.0,0.5,0.0,0.0,13.302414481619763
34195,0,calendar_2014_test,124.12192999790825,121.0,0.5,0.0,0.0,3.1219299979082535
34196,0,calendar_2014_test,130.19353347507064,127.0,0.5,0.0,0.0,3.1935334750706375
34197,0,calendar_2014_test,131.8127859023005,134.0,0.5,0.0,0.0,2.1872140976994956
34198,0,calendar_2014_test,136.98240714961213,138.0,0.5,0.0,0.0,1.0175928503878708
34199,0,calendar_2014_test,140.96746710527128,141.0,0.5,0.0,0.0,0.032532894728717565
34200,0,calendar_2014_test,143.58466492095323,143.0,0.5,0.0,0.0,0.5846649209532302
34201,0,calendar_2014_test,145.7731067442783,125.0,0.5,0.0,0.0,20.773106744278294
34202,0,calendar_2014_test,117.17191289237736,111.0,0.5,0.0,0.0,6.171912892377364
34203,0,calendar_2014_test,103.02835924011542,118.0,0.5,0.0,0.0,14.971640759884579
34204,0,calendar_2014_test,114.83163453384316,110.0,0.5,0.0,0.0,4.831634533843157
34205,0,calendar_2014_test,110.75593366525385,101.0,0.5,0.0,0.0,9.755933665253849
34206,0,calendar_2014_test,97.59816317721788,73.0,0.5,0.0,0.0,24.598163177217884
34207,0,calendar_2014_test,67.15638727500031,61.0,0.5,0.0,0.0,6.156387275000313
34208,0,calendar_2014_test,59.721314338432364,67.0,0.5,0.0,0.0,7.278685661567636
34209,0,calendar_2014_test,70.86283021158123,80.0,0.5,0.0,0.0,9.137169788418774
34210,0,calendar_2014_test,85.05710888804934,81.0,0.5,0.0,0.0,4.057108888049342
34211,0,calendar_2014_test,83.66155678348417,77.0,0.5,0.0,0.0,6.661556783484173
34212,0,calendar_2014_test,81.31559915905214,89.0,0.5,0.0,0.0,7.684400840947859
34213,0,calendar_2014_test,92.74094446517928,88.0,0.5,0.0,0.0,4.7409444651792825
34214,0,calendar_2014_test,90.4124875696457,83.0,0.5,0.0,0.0,7.412487569645705
34215,0,calendar_2014_test,87.24281717443856,89.0,0.5,0.0,0.0,1.7571828255614435
34216,0,calendar_2014_test,92.89304567538515,96.0,0.5,0.0,0.0,3.106954324614847
34217,0,calendar_2014_test,100.22238490833325,90.0,0.5,0.0,0.0,10.222384908333254
34218,0,calendar_2014_test,93.63027038401681,99.0,0.5,0.0,0.0,5.369729615983189
34219,0,calendar_2014_test,104.86186393497366,101.0,0.5,0.0,0.0,3.8618639349736554
34220,0,calendar_2014_test,106.59058703733301,114.0,0.5,0.0,0.0,7.409412962666991
34221,0,calendar_2014_test,122.37348518601861,135.0,0.5,0.0,0.0,12.626514813981387
34222,0,calendar_2014_test,141.85683672213696,155.0,0.5,0.0,0.0,13.143163277863039
34223,0,calendar_2014_test,162.72804254391374,189.0,0.5,0.0,0.0,26.271957456086255
34224,0,calendar_2014_test,189.21326477460548,179.0,0.5,0.0,0.0,10.213264774605477
34225,0,calendar_2014_test,172.7591467087849,151.0,0.5,0.0,0.0,21.759146708784897
34226,0,calendar_2014_test,142.0042203936185,125.0,0.5,0.0,0.0,17.00422039361851
34227,0,calendar_2014_test,119.18979838080709,101.0,0.5,0.0,0.0,18.18979838080709
34228,0,calendar_2014_test,91.54090164637502,92.0,0.5,0.0,0.0,0.45909835362498086
34229,0,calendar_2014_test,88.7727615406689,97.0,0.5,0.0,0.0,8.227238459331105
34230,0,calendar_2014_test,94.6680292902032,86.0,0.5,0.0,0.0,8.668029290203194
34231,0,calendar_2014_test,80.0132890822934,84.0,0.5,0.0,0.0,3.9867109177066027
34232,0,calendar_2014_test,81.16570764486646,89.0,0.5,0.0,0.0,7.834292355133542
34233,0,calendar_2014_test,85.45499197898259,89.0,0.5,0.0,0.0,3.5450080210174093
34234,0,calendar_2014_test,88.18799823477349,86.0,0.5,0.0,0.0,2.187998234773488
34235,0,calendar_2014_test,90.64466112086369,92.0,0.5,0.0,0.0,1.355338879136312
34236,0,calendar_2014_test,94.79644119724352,86.0,0.5,0.0,0.0,8.796441197243524
34237,0,calendar_2014_test,88.59956544515194,85.0,0.5,0.0,0.0,3.5995654451519385
34238,0,calendar_2014_test,89.23217242800202,83.0,0.5,0.0,0.0,6.232172428002016
34239,0,calendar_2014_test,80.01005245491632,82.0,0.5,0.0,0.0,1.9899475450836803
34240,0,calendar_2014_test,79.42200913232229,78.0,0.5,0.0,0.0,1.4220091323222874
34241,0,calendar_2014_test,78.78018700529036,69.0,0.5,0.0,0.0,9.780187005290358
34242,0,calendar_2014_test,68.07555446374043,52.0,0.5,0.0,0.0,16.07555446374043
34243,0,calendar_2014_test,50.61789292495112,53.0,0.5,0.0,0.0,2.3821070750488786
34244,0,calendar_2014_test,56.04306510615905,88.0,0.5,0.0,0.0,31.956934893840952
34245,0,calendar_2014_test,86.87300905366511,117.0,0.5,0.0,0.0,30.126990946334885
34246,0,calendar_2014_test,113.92572398171022,113.0,0.5,0.0,0.0,0.9257239817102203
34247,0,calendar_2014_test,105.15082445946334,142.0,0.5,0.0,0.0,36.84917554053666
34248,0,calendar_2014_test,152.4353237194154,134.0,0.5,0.0,0.0,18.435323719415408
34249,0,calendar_2014_test,132.1287213605532,159.0,0.5,0.0,0.0,26.871278639446814
34250,0,calendar_2014_test,163.99109812788618,151.0,0.5,0.0,0.0,12.991098127886175
34251,0,calendar_2014_test,145.44983865452178,149.0,0.5,0.0,0.0,3.550161345478216
34252,0,calendar_2014_test,146.376997659116,148.0,0.5,0.0,0.0,1.6230023408839998
34253,0,calendar_2014_test,144.85803207146722,132.0,0.5,0.0,0.0,12.858032071467221
34254,0,calendar_2014_test,128.94359384081724,130.0,0.5,0.0,0.0,1.0564061591827567
34255,0,calendar_2014_test,129.965188866992,122.0,0.5,0.0,0.0,7.965188866992008
34256,0,calendar_2014_test,121.10839507204828,112.0,0.5,0.0,0.0,9.108395072048282
34257,0,calendar_2014_test,110.62834592474478,130.0,0.5,0.0,0.0,19.371654075255222
34258,0,calendar_2014_test,135.06377922034275,144.0,0.5,0.0,0.0,8.936220779657248
34259,0,calendar_2014_test,151.21297013179048,157.0,0.5,0.0,0.0,5.787029868209515
34260,0,calendar_2014_test,160.612931945135,185.0,0.5,0.0,0.0,24.38706805486501
34261,0,calendar_2014_test,192.8212280239539,199.0,0.5,0.0,0.0,6.178771976046107
34262,0,calendar_2014_test,196.41218212283627,212.0,0.5,0.0,0.0,15.58781787716373
34263,0,calendar_2014_test,216.8984993069214,211.0,0.5,0.0,0.0,5.898499306921394
34264,0,calendar_2014_test,218.55982610215796,201.0,0.5,0.0,0.0,17.559826102157956
34265,0,calendar_2014_test,203.1497620201745,193.0,0.5,0.0,0.0,10.149762020174506
34266,0,calendar_2014_test,192.82417791631252,198.0,0.5,0.0,0.0,5.175822083687478
34267,0,calendar_2014_test,199.06481311499223,187.0,0.5,0.0,0.0,12.064813114992234
34268,0,calendar_2014_test,184.99503419071854,184.0,0.5,0.0,0.0,0.9950341907185418
34269,0,calendar_2014_test,188.16999359642105,192.0,0.5,0.0,0.0,3.830006403578949
34270,0,calendar_2014_test,199.84444481520288,208.0,0.5,0.0,0.0,8.155555184797123
34271,0,calendar_2014_test,212.3067834807363,219.0,0.5,0.0,0.0,6.6932165192637
34272,0,calendar_2014_test,222.8500434343972,250.0,0.5,0.0,0.0,27.149956565602793
34273,0,calendar_2014_test,253.97882159392734,227.0,0.5,0.0,0.0,26.978821593927336
34274,0,calendar_2014_test,216.74956927827625,210.0,0.5,0.0,0.0,6.749569278276255
34275,0,calendar_2014_test,203.89199618113722,176.0,0.5,0.0,0.0,27.891996181137216
34276,0,calendar_2014_test,157.39102199367505,180.0,0.5,0.0,0.0,22.608978006324946
34277,0,calendar_2014_test,171.29821591018117,164.0,0.5,0.0,0.0,7.29821591018117
34278,0,calendar_2014_test,156.8905147792344,163.0,0.5,0.0,0.0,6.109485220765606
34279,0,calendar_2014_test,159.44399651115432,155.0,0.5,0.0,0.0,4.4439965111543245
34280,0,calendar_2014_test,158.3612898767211,134.0,0.5,0.0,0.0,24.361289876721088
34281,0,calendar_2014_test,130.40626779013226,134.0,0.5,0.0,0.0,3.5937322098677384
34282,0,calendar_2014_test,131.610509551123,122.0,0.5,0.0,0.0,9.610509551122988
34283,0,calendar_2014_test,121.99947447429614,125.0,0.5,0.0,0.0,3.000525525703864
34284,0,calendar_2014_test,127.57502521487405,135.0,0.5,0.0,0.0,7.424974785125954
34285,0,calendar_2014_test,143.38108799470652,167.0,0.5,0.0,0.0,23.61891200529348
34286,0,calendar_2014_test,183.90326286933603,187.0,0.5,0.0,0.0,3.0967371306639677
34287,0,calendar_2014_test,191.92236558420953,206.0,0.5,0.0,0.0,14.07763441579047
34288,0,calendar_2014_test,208.1554973983233,196.0,0.5,0.0,0.0,12.155497398323291
34289,0,calendar_2014_test,194.42271677704642,154.0,0.5,0.0,0.0,40.42271677704642
34290,0,calendar_2014_test,150.82416851686017,120.0,0.5,0.0,0.0,30.82416851686017
34291,0,calendar_2014_test,111.67459764825244,135.0,0.5,0.0,0.0,23.325402351747556
34292,0,calendar_2014_test,140.7033476125175,132.0,0.5,0.0,0.0,8.70334761251749
34293,0,calendar_2014_test,133.74426961795407,136.0,0.5,0.0,0.0,2.2557303820459254
34294,0,calendar_2014_test,139.18956511544792,146.0,0.5,0.0,0.0,6.81043488455208
34295,0,calendar_2014_test,155.9940473893292,159.0,0.5,0.0,0.0,3.0059526106707892
34296,0,calendar_2014_test,166.13308641078075,179.0,0.5,0.0,0.0,12.866913589219251
34297,0,calendar_2014_test,185.79283307536147,185.0,0.5,0.0,0.0,0.7928330753614716
34298,0,calendar_2014_test,182.39618492360498,152.0,0.5,0.0,0.0,30.396184923604977
34299,0,calendar_2014_test,143.32697888287035,112.0,0.5,0.0,0.0,31.32697888287035
34300,0,calendar_2014_test,101.61367600185164,123.0,0.5,0.0,0.0,21.386323998148356
34301,0,calendar_2014_test,126.91006068025288,109.0,0.5,0.0,0.0,17.910060680252883
34302,0,calendar_2014_test,102.4669882196019,103.0,0.5,0.0,0.0,0.5330117803980983
34303,0,calendar_2014_test,100.30078047516763,98.0,0.5,0.0,0.0,2.3007804751676275
34304,0,calendar_2014_test,99.30326509776118,94.0,0.5,0.0,0.0,5.303265097761184
34305,0,calendar_2014_test,97.88778924898347,106.0,0.5,0.0,0.0,8.112210751016534
34306,0,calendar_2014_test,112.04174057237903,115.0,0.5,0.0,0.0,2.9582594276209733
34307,0,calendar_2014_test,121.66910352010046,124.0,0.5,0.0,0.0,2.330896479899536
34308,0,calendar_2014_test,134.41540129373615,134.0,0.5,0.0,0.0,0.41540129373615287
34309,0,calendar_2014_test,143.3812567487991,134.0,0.5,0.0,0.0,9.381256748799103
34310,0,calendar_2014_test,132.0271667469502,137.0,0.5,0.0,0.0,4.972833253049799
34311,0,calendar_2014_test,138.77269047757676,101.0,0.5,0.0,0.0,37.77269047757676
34312,0,calendar_2014_test,92.47510397771028,78.0,0.5,0.0,0.0,14.475103977710276
34313,0,calendar_2014_test,77.30152442975749,79.0,0.5,0.0,0.0,1.6984755702425076
34314,0,calendar_2014_test,83.9106521724189,85.0,0.5,0.0,0.0,1.0893478275810935
34315,0,calendar_2014_test,92.49088640082026,93.0,0.5,0.0,0.0,0.5091135991797415
34316,0,calendar_2014_test,100.95225398659962,88.0,0.5,0.0,0.0,12.952253986599615
34317,0,calendar_2014_test,90.46834820560741,78.0,0.5,0.0,0.0,12.468348205607413
34318,0,calendar_2014_test,80.67324933738824,69.0,0.5,0.0,0.0,11.673249337388242
34319,0,calendar_2014_test,72.49094648485523,62.0,0.5,0.0,0.0,10.490946484855229
34320,0,calendar_2014_test,65.6929145888856,57.0,0.5,0.0,0.0,8.6929145888856
34321,0,calendar_2014_test,60.51173398283517,77.0,0.5,0.0,0.0,16.488266017164833
34322,0,calendar_2014_test,85.60385936174715,87.0,0.5,0.0,0.0,1.3961406382528452
34323,0,calendar_2014_test,89.98176317591421,97.0,0.5,0.0,0.0,7.01823682408579
34324,0,calendar_2014_test,97.05521422910597,101.0,0.5,0.0,0.0,3.944785770894029
34325,0,calendar_2014_test,96.82871776921867,112.0,0.5,0.0,0.0,15.17128223078133
34326,0,calendar_2014_test,115.93007641727317,109.0,0.5,0.0,0.0,6.93007641727317
34327,0,calendar_2014_test,102.72857549541094,110.0,0.5,0.0,0.0,7.2714245045890635
34328,0,calendar_2014_test,112.90932419835904,104.0,0.5,0.0,0.0,8.909324198359045
34329,0,calendar_2014_test,101.28884900202289,104.0,0.5,0.0,0.0,2.7111509979771142
34330,0,calendar_2014_test,104.93001253006564,101.0,0.5,0.0,0.0,3.930012530065639
34331,0,calendar_2014_test,98.9019048989823,100.0,0.5,0.0,0.0,1.0980951010177051
34332,0,calendar_2014_test,101.48648484031712,113.0,0.5,0.0,0.0,11.513515159682882
34333,0,calendar_2014_test,121.55823294870608,115.0,0.5,0.0,0.0,6.5582329487060775
34334,0,calendar_2014_test,116.42304446080077,121.0,0.5,0.0,0.0,4.576955539199233
34335,0,calendar_2014_test,127.26580995323816,119.0,0.5,0.0,0.0,8.265809953238161
34336,0,calendar_2014_test,117.6058534591698,138.0,0.5,0.0,0.0,20.394146540830207
34337,0,calendar_2014_test,143.97743098236927,146.0,0.5,0.0,0.0,2.0225690176307296
34338,0,calendar_2014_test,150.50312647108456,158.0,0.5,0.0,0.0,7.496873528915444
34339,0,calendar_2014_test,164.37604232879113,184.0,0.5,0.0,0.0,19.62395767120887
34340,0,calendar_2014_test,190.67651029386386,190.0,0.5,0.0,0.0,0.6765102938638563
34341,0,calendar_2014_test,190.43029791888466,201.0,0.5,0.0,0.0,10.569702081115338
34342,0,calendar_2014_test,200.40044448698092,175.0,0.5,0.0,0.0,25.400444486980916
34343,0,calendar_2014_test,176.57957269601172,132.0,0.5,0.0,0.0,44.579572696011724
34344,0,calendar_2014_test,111.66950119331706,102.0,0.5,0.0,0.0,9.66950119331706
34345,0,calendar_2014_test,88.72058248283167,88.0,0.5,0.0,0.0,0.7205824828316736
34346,0,calendar_2014_test,83.4316407132406,74.0,0.5,0.0,0.0,9.431640713240597
34347,0,calendar_2014_test,67.70640333689464,74.0,0.5,0.0,0.0,6.293596663105362
34348,0,calendar_2014_test,71.01357660158239,82.0,0.5,0.0,0.0,10.986423398417614
34349,0,calendar_2014_test,82.14762039548442,73.0,0.5,0.0,0.0,9.147620395484424
34350,0,calendar_2014_test,66.65146564042416,95.0,0.5,0.0,0.0,28.348534359575837
34351,0,calendar_2014_test,87.32547209739144,76.0,0.5,0.0,0.0,11.32547209739144
34352,0,calendar_2014_test,69.17013344804512,102.0,0.5,0.0,0.0,32.82986655195488
34353,0,calendar_2014_test,109.69751314690511,72.0,0.5,0.0,0.0,37.69751314690511
34354,0,calendar_2014_test,77.30883198414493,69.0,0.5,0.0,0.0,8.30883198414493
34355,0,calendar_2014_test,76.1912857468346,52.0,0.5,0.0,0.0,24.191285746834595
34356,0,calendar_2014_test,56.59727894630572,54.0,0.5,0.0,0.0,2.597278946305721
34357,0,calendar_2014_test,59.202579970930934,67.0,0.5,0.0,0.0,7.797420029069066
34358,0,calendar_2014_test,75.95836420048784,63.0,0.5,0.0,0.0,12.958364200487836
34359,0,calendar_2014_test,69.10968441135648,67.0,0.5,0.0,0.0,2.1096844113564828
34360,0,calendar_2014_test,74.09099867342641,74.0,0.5,0.0,0.0,0.09099867342641232
34361,0,calendar_2014_test,79.25421299891313,80.0,0.5,0.0,0.0,0.7457870010868675
34362,0,calendar_2014_test,84.9522548090418,92.0,0.5,0.0,0.0,7.047745190958196
34363,0,calendar_2014_test,92.7888616692378,89.0,0.5,0.0,0.0,3.7888616692378037
34364,0,calendar_2014_test,84.52003308089041,82.0,0.5,0.0,0.0,2.520033080890414
34365,0,calendar_2014_test,83.86616247125745,92.0,0.5,0.0,0.0,8.133837528742546
34366,0,calendar_2014_test,95.5768936822864,90.0,0.5,0.0,0.0,5.576893682286396
34367,0,calendar_2014_test,90.91144680103517,90.0,0.5,0.0,0.0,0.9114468010351686
34368,0,calendar_2014_test,84.39573063734906,59.0,0.5,0.0,0.0,25.39573063734906
34369,0,calendar_2014_test,53.86802114489605,12.0,0.5,0.0,0.0,41.86802114489605
34370,0,calendar_2014_test,14.679891733061677,10.0,0.5,0.0,0.0,4.679891733061677
34371,0,calendar_2014_test,13.148308466191459,7.0,0.5,0.0,0.0,6.148308466191459
34372,0,calendar_2014_test,10.112031931158416,5.0,0.5,0.0,0.0,5.112031931158416
34373,0,calendar_2014_test,7.996319209544181,7.0,0.5,0.0,0.0,0.9963192095441809
34374,0,calendar_2014_test,8.888213249042314,7.0,0.5,0.0,0.0,1.8882132490423142
34375,0,calendar_2014_test,9.231187796506685,6.0,0.5,0.0,0.0,3.231187796506685
34376,0,calendar_2014_test,10.45087764865926,4.0,0.5,0.0,0.0,6.45087764865926
34377,0,calendar_2014_test,9.430079109504995,7.0,0.5,0.0,0.0,2.4300791095049945
34378,0,calendar_2014_test,10.394345244333318,7.0,0.5,0.0,0.0,3.3943452443333175
34379,0,calendar_2014_test,13.262277762572305,4.0,0.5,0.0,0.0,9.262277762572305
34380,0,calendar_2014_test,11.725745474115046,2.0,0.5,0.0,0.0,9.725745474115046
34381,0,calendar_2014_test,10.276520181955654,2.0,0.5,0.0,0.0,8.276520181955654
34382,0,calendar_2014_test,9.288702752465012,4.0,0.5,0.0,0.0,5.288702752465012
34383,0,calendar_2014_test,9.090371397053685,4.0,0.5,0.0,0.0,5.090371397053685
34384,0,calendar_2014_test,9.042628491080345,6.0,0.5,0.0,0.0,3.042628491080345
34385,0,calendar_2014_test,11.493541170298672,14.0,0.5,0.0,0.0,2.5064588297013284
34386,0,calendar_2014_test,16.84965869535788,13.0,0.5,0.0,0.0,3.8496586953578813
34387,0,calendar_2014_test,15.860530869737199,10.0,0.5,0.0,0.0,5.8605308697371985
34388,0,calendar_2014_test,10.811560781253382,8.0,0.5,0.0,0.0,2.811560781253382
34389,0,calendar_2014_test,10.544806885724942,9.0,0.5,0.0,0.0,1.5448068857249417
34390,0,calendar_2014_test,11.238285475856202,11.0,0.5,0.0,0.0,0.23828547585620186
34391,0,calendar_2014_test,11.74982492191249,14.0,0.5,0.0,0.0,2.2501750780875103
34392,0,calendar_2014_test,13.169371414174245,16.0,0.5,0.0,0.0,2.830628585825755
34393,0,calendar_2014_test,14.399150751947019,14.0,0.5,0.0,0.0,0.399150751947019
34394,0,calendar_2014_test,14.46319096890216,25.0,0.5,0.0,0.0,10.53680903109784
34395,0,calendar_2014_test,25.31269236262283,25.0,0.5,0.0,0.0,0.31269236262282973
34396,0,calendar_2014_test,23.95525558591289,31.0,0.5,0.0,0.0,7.044744414087109
34397,0,calendar_2014_test,33.167230660286066,27.0,0.5,0.0,0.0,6.167230660286066
34398,0,calendar_2014_test,29.7121760583943,26.0,0.5,0.0,0.0,3.7121760583942987
34399,0,calendar_2014_test,27.827447783165763,28.0,0.5,0.0,0.0,0.17255221683423727
34400,0,calendar_2014_test,30.626778029241628,32.0,0.5,0.0,0.0,1.3732219707583724
34401,0,calendar_2014_test,34.90775712277595,51.0,0.5,0.0,0.0,16.092242877224052
34402,0,calendar_2014_test,52.55138139486394,32.0,0.5,0.0,0.0,20.551381394863938
34403,0,calendar_2014_test,37.411821747010066,25.0,0.5,0.0,0.0,12.411821747010066
34404,0,calendar_2014_test,29.700410028449863,23.0,0.5,0.0,0.0,6.700410028449863
34405,0,calendar_2014_test,28.674998179303902,27.0,0.5,0.0,0.0,1.674998179303902
34406,0,calendar_2014_test,32.29747226449233,28.0,0.5,0.0,0.0,4.2974722644923276
34407,0,calendar_2014_test,29.801296198879463,26.0,0.5,0.0,0.0,3.801296198879463
34408,0,calendar_2014_test,30.615644617111176,32.0,0.5,0.0,0.0,1.384355382888824
34409,0,calendar_2014_test,34.90586747028043,34.0,0.5,0.0,0.0,0.9058674702804268
34410,0,calendar_2014_test,36.554471818404856,48.0,0.5,0.0,0.0,11.445528181595144
34411,0,calendar_2014_test,48.680600697196255,49.0,0.5,0.0,0.0,0.3193993028037454
34412,0,calendar_2014_test,47.7736818539274,60.0,0.5,0.0,0.0,12.2263181460726
34413,0,calendar_2014_test,59.898246949345705,63.0,0.5,0.0,0.0,3.1017530506542954
34414,0,calendar_2014_test,59.94451153657971,62.0,0.5,0.0,0.0,2.0554884634202892
34415,0,calendar_2014_test,58.569726321509194,68.0,0.5,0.0,0.0,9.430273678490806
34416,0,calendar_2014_test,66.67040429427239,63.0,0.5,0.0,0.0,3.6704042942723873
34417,0,calendar_2014_test,63.1685581709974,50.0,0.5,0.0,0.0,13.1685581709974
34418,0,calendar_2014_test,45.49898596231962,23.0,0.5,0.0,0.0,22.498985962319622
34419,0,calendar_2014_test,22.717281094370584,16.0,0.5,0.0,0.0,6.717281094370584
34420,0,calendar_2014_test,14.376853770317492,8.0,0.5,0.0,0.0,6.376853770317492
34421,0,calendar_2014_test,8.143794553703083,6.0,0.5,0.0,0.0,2.143794553703083
34422,0,calendar_2014_test,7.364833331654999,3.0,0.5,0.0,0.0,4.364833331654999
34423,0,calendar_2014_test,6.931862708541524,2.0,0.5,0.0,0.0,4.931862708541524
34424,0,calendar_2014_test,11.261401706222378,5.0,0.5,0.0,0.0,6.261401706222378
34425,0,calendar_2014_test,11.669826876006804,4.0,0.5,0.0,0.0,7.669826876006804
34426,0,calendar_2014_test,12.378372650201499,8.0,0.5,0.0,0.0,4.378372650201499
34427,0,calendar_2014_test,15.76770487597874,15.0,0.5,0.0,0.0,0.7677048759787404
34428,0,calendar_2014_test,20.75001065445623,25.0,0.5,0.0,0.0,4.249989345543771
34429,0,calendar_2014_test,30.883418665395787,28.0,0.5,0.0,0.0,2.883418665395787
34430,0,calendar_2014_test,32.21762466669907,46.0,0.5,0.0,0.0,13.782375333300926
34431,0,calendar_2014_test,49.485118810089894,71.0,0.5,0.0,0.0,21.514881189910106
34432,0,calendar_2014_test,77.24148674279121,125.0,0.5,0.0,0.0,47.75851325720879
34433,0,calendar_2014_test,129.70523606291025,142.0,0.5,0.0,0.0,12.294763937089755
34434,0,calendar_2014_test,135.8624945785382,105.0,0.5,0.0,0.0,30.86249457853819
34435,0,calendar_2014_test,89.08344038985297,101.0,0.5,0.0,0.0,11.916559610147033
34436,0,calendar_2014_test,95.92724727129065,89.0,0.5,0.0,0.0,6.927247271290653
34437,0,calendar_2014_test,78.21434417078902,93.0,0.5,0.0,0.0,14.785655829210981
34438,0,calendar_2014_test,85.30408989277316,85.0,0.5,0.0,0.0,0.30408989277316323
34439,0,calendar_2014_test,78.66642536532352,62.0,0.5,0.0,0.0,16.66642536532352
34440,0,calendar_2014_test,53.60951390899073,40.0,0.5,0.0,0.0,13.609513908990728
34441,0,calendar_2014_test,37.51158225120059,52.0,0.5,0.0,0.0,14.488417748799407
34442,0,calendar_2014_test,54.22474980749994,62.0,0.5,0.0,0.0,7.77525019250006
34443,0,calendar_2014_test,63.352851868783354,55.0,0.5,0.0,0.0,8.352851868783354
34444,0,calendar_2014_test,54.690197130479525,48.0,0.5,0.0,0.0,6.690197130479525
34445,0,calendar_2014_test,47.816750528888946,41.0,0.5,0.0,0.0,6.816750528888946
34446,0,calendar_2014_test,42.23745247537221,39.0,0.5,0.0,0.0,3.2374524753722085
34447,0,calendar_2014_test,38.88532703920563,43.0,0.5,0.0,0.0,4.114672960794373
34448,0,calendar_2014_test,45.78639094106045,43.0,0.5,0.0,0.0,2.7863909410604535
34449,0,calendar_2014_test,44.18883407306872,44.0,0.5,0.0,0.0,0.18883407306871902
34450,0,calendar_2014_test,46.65602171984426,37.0,0.5,0.0,0.0,9.656021719844261
34451,0,calendar_2014_test,42.7951685117271,40.0,0.5,0.0,0.0,2.7951685117270983
34452,0,calendar_2014_test,46.585985285721975,64.0,0.5,0.0,0.0,17.414014714278025
34453,0,calendar_2014_test,70.83190555261119,48.0,0.5,0.0,0.0,22.83190555261119
34454,0,calendar_2014_test,52.23453455869398,56.0,0.5,0.0,0.0,3.76546544130602
34455,0,calendar_2014_test,59.608537858052394,41.0,0.5,0.0,0.0,18.608537858052394
34456,0,calendar_2014_test,45.36583589802538,48.0,0.5,0.0,0.0,2.634164101974619
34457,0,calendar_2014_test,53.158768295875404,29.0,0.5,0.0,0.0,24.158768295875404
34458,0,calendar_2014_test,32.32297432572906,40.0,0.5,0.0,0.0,7.6770256742709435
34459,0,calendar_2014_test,46.79038084210171,42.0,0.5,0.0,0.0,4.790380842101712
34460,0,calendar_2014_test,45.260683362037476,47.0,0.5,0.0,0.0,1.7393166379625242
34461,0,calendar_2014_test,52.53374109051334,51.0,0.5,0.0,0.0,1.5337410905133382
34462,0,calendar_2014_test,54.62458664274555,69.0,0.5,0.0,0.0,14.375413357254452
34463,0,calendar_2014_test,73.8432811659445,79.0,0.5,0.0,0.0,5.156718834055496
34464,0,calendar_2014_test,83.40270315659764,90.0,0.5,0.0,0.0,6.597296843402361
34465,0,calendar_2014_test,93.36042904601257,83.0,0.5,0.0,0.0,10.36042904601257
34466,0,calendar_2014_test,83.9755142399183,76.0,0.5,0.0,0.0,7.975514239918297
34467,0,calendar_2014_test,80.33887010145094,85.0,0.5,0.0,0.0,4.6611298985490635
34468,0,calendar_2014_test,84.84006607715452,72.0,0.5,0.0,0.0,12.840066077154518
34469,0,calendar_2014_test,66.76873729095179,56.0,0.5,0.0,0.0,10.76873729095179
34470,0,calendar_2014_test,51.67650900791849,45.0,0.5,0.0,0.0,6.67650900791849
34471,0,calendar_2014_test,43.459217901396364,46.0,0.5,0.0,0.0,2.5407820986036356
34472,0,calendar_2014_test,45.93838689981508,39.0,0.5,0.0,0.0,6.938386899815079
34473,0,calendar_2014_test,39.60409634749061,49.0,0.5,0.0,0.0,9.39590365250939
34474,0,calendar_2014_test,50.7495577326059,49.0,0.5,0.0,0.0,1.7495577326059006
34475,0,calendar_2014_test,50.760163559193536,62.0,0.5,0.0,0.0,11.239836440806464
34476,0,calendar_2014_test,65.71164377685068,59.0,0.5,0.0,0.0,6.7116437768506785
34477,0,calendar_2014_test,64.20728499236355,58.0,0.5,0.0,0.0,6.2072849923635545
34478,0,calendar_2014_test,60.06607733439379,59.0,0.5,0.0,0.0,1.066077334393789
34479,0,calendar_2014_test,63.6558614667394,60.0,0.5,0.0,0.0,3.6558614667394025
34480,0,calendar_2014_test,63.83546905420772,72.0,0.5,0.0,0.0,8.16453094579228
34481,0,calendar_2014_test,80.3348941957833,71.0,0.5,0.0,0.0,9.334894195783306
34482,0,calendar_2014_test,73.5533693806382,90.0,0.5,0.0,0.0,16.446630619361798
34483,0,calendar_2014_test,97.72280867279648,120.0,0.5,0.0,0.0,22.277191327203525
34484,0,calendar_2014_test,126.46684964631108,123.0,0.5,0.0,0.0,3.4668496463110756
34485,0,calendar_2014_test,126.84178158232977,132.0,0.5,0.0,0.0,5.158218417670227
34486,0,calendar_2014_test,136.88437664743347,144.0,0.5,0.0,0.0,7.11562335256653
34487,0,calendar_2014_test,152.08737079510075,154.0,0.5,0.0,0.0,1.9126292048992468
34488,0,calendar_2014_test,156.41558898365238,160.0,0.5,0.0,0.0,3.584411016347616
34489,0,calendar_2014_test,161.4572049031014,124.0,0.5,0.0,0.0,37.4572049031014
34490,0,calendar_2014_test,108.78423885985539,95.0,0.5,0.0,0.0,13.784238859855392
34491,0,calendar_2014_test,86.51199662335361,80.0,0.5,0.0,0.0,6.51199662335361
34492,0,calendar_2014_test,73.13086078848306,72.0,0.5,0.0,0.0,1.1308607884830622
34493,0,calendar_2014_test,71.82142602516869,70.0,0.5,0.0,0.0,1.821426025168691
34494,0,calendar_2014_test,66.82161157991241,58.0,0.5,0.0,0.0,8.821611579912414
34495,0,calendar_2014_test,54.90209494102831,53.0,0.5,0.0,0.0,1.9020949410283094
34496,0,calendar_2014_test,52.09736839375645,54.0,0.5,0.0,0.0,1.9026316062435527
34497,0,calendar_2014_test,52.174418978539045,44.0,0.5,0.0,0.0,8.174418978539045
34498,0,calendar_2014_test,47.741599429730826,33.0,0.5,0.0,0.0,14.741599429730826
34499,0,calendar_2014_test,40.1300674194459,46.0,0.5,0.0,0.0,5.869932580554099
34500,0,calendar_2014_test,53.87092097895655,42.0,0.5,0.0,0.0,11.870920978956548
34501,0,calendar_2014_test,46.974918045409154,55.0,0.5,0.0,0.0,8.025081954590846
34502,0,calendar_2014_test,51.21733721272691,15.0,0.5,0.0,0.0,36.21733721272691
34503,0,calendar_2014_test,19.879898551647322,18.0,0.5,0.0,0.0,1.8798985516473223
34504,0,calendar_2014_test,22.545047334874834,17.0,0.5,0.0,0.0,5.545047334874834
34505,0,calendar_2014_test,18.84414520225221,22.0,0.5,0.0,0.0,3.1558547977477893
34506,0,calendar_2014_test,23.638795999884888,22.0,0.5,0.0,0.0,1.6387959998848878
34507,0,calendar_2014_test,25.182228273605197,24.0,0.5,0.0,0.0,1.1822282736051974
34508,0,calendar_2014_test,25.740386132007814,21.0,0.5,0.0,0.0,4.740386132007814
34509,0,calendar_2014_test,23.47479748951763,28.0,0.5,0.0,0.0,4.525202510482369
34510,0,calendar_2014_test,30.012784503214924,31.0,0.5,0.0,0.0,0.9872154967850761
34511,0,calendar_2014_test,32.130966483260835,31.0,0.5,0.0,0.0,1.1309664832608348
34512,0,calendar_2014_test,36.23106622553371,24.0,0.5,0.0,0.0,12.23106622553371
34513,0,calendar_2014_test,30.85690729392864,25.0,0.5,0.0,0.0,5.856907293928639
34514,0,calendar_2014_test,25.9974800493792,39.0,0.5,0.0,0.0,13.002519950620801
34515,0,calendar_2014_test,41.98531975557747,38.0,0.5,0.0,0.0,3.9853197555774713
34516,0,calendar_2014_test,34.10137454463325,37.0,0.5,0.0,0.0,2.898625455366748
34517,0,calendar_2014_test,38.94081642875671,36.0,0.5,0.0,0.0,2.940816428756712
34518,0,calendar_2014_test,35.69492948874998,32.0,0.5,0.0,0.0,3.6949294887499775
34519,0,calendar_2014_test,31.651847116747188,30.0,0.5,0.0,0.0,1.651847116747188
34520,0,calendar_2014_test,34.07428318309038,23.0,0.5,0.0,0.0,11.07428318309038
34521,0,calendar_2014_test,27.836038783919097,20.0,0.5,0.0,0.0,7.836038783919097
34522,0,calendar_2014_test,25.735745025266564,28.0,0.5,0.0,0.0,2.2642549747334364
34523,0,calendar_2014_test,32.753766387936345,43.0,0.5,0.0,0.0,10.246233612063655
34524,0,calendar_2014_test,48.683506767216656,53.0,0.5,0.0,0.0,4.316493232783344
34525,0,calendar_2014_test,57.704884675775475,49.0,0.5,0.0,0.0,8.704884675775475
34526,0,calendar_2014_test,51.003237834493106,53.0,0.5,0.0,0.0,1.996762165506894
34527,0,calendar_2014_test,57.09619940090949,78.0,0.5,0.0,0.0,20.90380059909051
34528,0,calendar_2014_test,80.72050259179736,86.0,0.5,0.0,0.0,5.279497408202644
34529,0,calendar_2014_test,84.79477294934485,65.0,0.5,0.0,0.0,19.794772949344846
34530,0,calendar_2014_test,58.55231942755765,58.0,0.5,0.0,0.0,0.5523194275576486
34531,0,calendar_2014_test,54.69521245843768,53.0,0.5,0.0,0.0,1.6952124584376804
34532,0,calendar_2014_test,49.78314136450212,26.0,0.5,0.0,0.0,23.78314136450212
34533,0,calendar_2014_test,24.2717445058676,20.0,0.5,0.0,0.0,4.2717445058675985
34534,0,calendar_2014_test,21.500660411941798,12.0,0.5,0.0,0.0,9.500660411941798
34535,0,calendar_2014_test,15.338890251401036,13.0,0.5,0.0,0.0,2.338890251401036
34536,0,calendar_2014_test,13.725363373413789,12.0,0.5,0.0,0.0,1.7253633734137885
34537,0,calendar_2014_test,13.44210495043057,12.0,0.5,0.0,0.0,1.4421049504305703
34538,0,calendar_2014_test,11.80395927860766,6.0,0.5,0.0,0.0,5.80395927860766
34539,0,calendar_2014_test,7.601067017834985,11.0,0.5,0.0,0.0,3.3989329821650154
34540,0,calendar_2014_test,11.470060632397479,6.0,0.5,0.0,0.0,5.4700606323974785
34541,0,calendar_2014_test,9.047459876262048,6.0,0.5,0.0,0.0,3.0474598762620477
34542,0,calendar_2014_test,8.166172691183075,11.0,0.5,0.0,0.0,2.8338273088169252
34543,0,calendar_2014_test,14.122666821149746,10.0,0.5,0.0,0.0,4.122666821149746
34544,0,calendar_2014_test,13.388664771622423,9.0,0.5,0.0,0.0,4.388664771622423
34545,0,calendar_2014_test,13.460540499180176,9.0,0.5,0.0,0.0,4.460540499180176
34546,0,calendar_2014_test,14.85097470627034,14.0,0.5,0.0,0.0,0.8509747062703408
34547,0,calendar_2014_test,19.460197930969596,21.0,0.5,0.0,0.0,1.5398020690304044
34548,0,calendar_2014_test,25.428959513536245,22.0,0.5,0.0,0.0,3.4289595135362454
34549,0,calendar_2014_test,23.581582094111884,23.0,0.5,0.0,0.0,0.5815820941118837
34550,0,calendar_2014_test,27.29756991143495,27.0,0.5,0.0,0.0,0.2975699114349517
34551,0,calendar_2014_test,28.085543157239247,42.0,0.5,0.0,0.0,13.914456842760753
34552,0,calendar_2014_test,46.46609782864497,50.0,0.5,0.0,0.0,3.533902171355031
34553,0,calendar_2014_test,53.4510698560902,57.0,0.5,0.0,0.0,3.5489301439098
34554,0,calendar_2014_test,57.86373941241234,29.0,0.5,0.0,0.0,28.863739412412343
34555,0,calendar_2014_test,28.096085657463412,26.0,0.5,0.0,0.0,2.096085657463412
34556,0,calendar_2014_test,25.511940678181222,23.0,0.5,0.0,0.0,2.5119406781812224
34557,0,calendar_2014_test,23.20362460645207,18.0,0.5,0.0,0.0,5.20362460645207
34558,0,calendar_2014_test,19.25864544763444,15.0,0.5,0.0,0.0,4.258645447634439
34559,0,calendar_2014_test,16.231034957285225,12.0,0.5,0.0,0.0,4.231034957285225
34560,0,calendar_2014_test,13.448041445822977,17.0,0.5,0.0,0.0,3.5519585541770233
34561,0,calendar_2014_test,15.166219429447999,8.0,0.5,0.0,0.0,7.166219429447999
34562,0,calendar_2014_test,11.417231066046934,10.0,0.5,0.0,0.0,1.4172310660469343
34563,0,calendar_2014_test,14.27364132299306,12.0,0.5,0.0,0.0,2.2736413229930594
34564,0,calendar_2014_test,15.152100309265737,19.0,0.5,0.0,0.0,3.8478996907342626
34565,0,calendar_2014_test,20.11572016204981,21.0,0.5,0.0,0.0,0.8842798379501886
34566,0,calendar_2014_test,21.141853498267402,30.0,0.5,0.0,0.0,8.858146501732598
34567,0,calendar_2014_test,31.465609777059978,33.0,0.5,0.0,0.0,1.5343902229400221
34568,0,calendar_2014_test,37.57160734526834,28.0,0.5,0.0,0.0,9.57160734526834
34569,0,calendar_2014_test,32.70566701283843,24.0,0.5,0.0,0.0,8.705667012838433
34570,0,calendar_2014_test,29.35818335931347,31.0,0.5,0.0,0.0,1.6418166406865318
34571,0,calendar_2014_test,40.25336483811956,40.0,0.5,0.0,0.0,0.253364838119559
34572,0,calendar_2014_test,49.33731585183195,29.0,0.5,0.0,0.0,20.337315851831953
34573,0,calendar_2014_test,35.808596829524625,64.0,0.5,0.0,0.0,28.191403170475375
34574,0,calendar_2014_test,57.81680868359351,38.0,0.5,0.0,0.0,19.816808683593507
34575,0,calendar_2014_test,33.91244705060663,19.0,0.5,0.0,0.0,14.91244705060663
34576,0,calendar_2014_test,25.936806237069018,23.0,0.5,0.0,0.0,2.9368062370690176
34577,0,calendar_2014_test,22.815832774853142,13.0,0.5,0.0,0.0,9.815832774853142
34578,0,calendar_2014_test,18.522542114265992,15.0,0.5,0.0,0.0,3.522542114265992
34579,0,calendar_2014_test,16.482060609376198,21.0,0.5,0.0,0.0,4.517939390623802
34580,0,calendar_2014_test,20.932601311752403,18.0,0.5,0.0,0.0,2.9326013117524035
34581,0,calendar_2014_test,22.878961326224704,19.0,0.5,0.0,0.0,3.8789613262247045
34582,0,calendar_2014_test,19.55555709685913,38.0,0.5,0.0,0.0,18.44444290314087
34583,0,calendar_2014_test,36.941228171318485,36.0,0.5,0.0,0.0,0.9412281713184854
34584,0,calendar_2014_test,38.35387669156024,36.0,0.5,0.0,0.0,2.353876691560238
34585,0,calendar_2014_test,38.697601053892974,53.0,0.5,0.0,0.0,14.302398946107026
34586,0,calendar_2014_test,52.86963708361154,55.0,0.5,0.0,0.0,2.1303629163884565
34587,0,calendar_2014_test,50.64939889778035,43.0,0.5,0.0,0.0,7.649398897780351
34588,0,calendar_2014_test,41.04730923882147,38.0,0.5,0.0,0.0,3.0473092388214695
34589,0,calendar_2014_test,35.27172387590888,26.0,0.5,0.0,0.0,9.271723875908883
34590,0,calendar_2014_test,26.46624532707996,17.0,0.5,0.0,0.0,9.46624532707996
34591,0,calendar_2014_test,18.18174761511082,17.0,0.5,0.0,0.0,1.1817476151108188
34592,0,calendar_2014_test,17.230225262522065,15.0,0.5,0.0,0.0,2.2302252625220653
34593,0,calendar_2014_test,19.072198797135268,19.0,0.5,0.0,0.0,0.07219879713526822
34594,0,calendar_2014_test,21.458899962648776,21.0,0.5,0.0,0.0,0.45889996264877553
34595,0,calendar_2014_test,31.42525366901965,24.0,0.5,0.0,0.0,7.42525366901965
34596,0,calendar_2014_test,34.0177158677,24.0,0.5,0.0,0.0,10.017715867699998
34597,0,calendar_2014_test,31.71243923599008,26.0,0.5,0.0,0.0,5.712439235990079
34598,0,calendar_2014_test,28.67430962651623,24.0,0.5,0.0,0.0,4.67430962651623
34599,0,calendar_2014_test,27.742051322912523,21.0,0.5,0.0,0.0,6.742051322912523
34600,0,calendar_2014_test,24.590403662168914,29.0,0.5,0.0,0.0,4.409596337831086
34601,0,calendar_2014_test,31.308223367717115,19.0,0.5,0.0,0.0,12.308223367717115
34602,0,calendar_2014_test,21.697919827380804,22.0,0.5,0.0,0.0,0.3020801726191955
34603,0,calendar_2014_test,24.18381142905343,22.0,0.5,0.0,0.0,2.1838114290534314
34604,0,calendar_2014_test,22.613092695478528,16.0,0.5,0.0,0.0,6.613092695478528
34605,0,calendar_2014_test,19.396830018372878,28.0,0.5,0.0,0.0,8.603169981627122
34606,0,calendar_2014_test,30.933495314362137,35.0,0.5,0.0,0.0,4.066504685637863
34607,0,calendar_2014_test,33.4025070566704,17.0,0.5,0.0,0.0,16.4025070566704
34608,0,calendar_2014_test,18.96258165383548,25.0,0.5,0.0,0.0,6.037418346164522
34609,0,calendar_2014_test,23.598077871263104,27.0,0.5,0.0,0.0,3.4019221287368957
34610,0,calendar_2014_test,28.801856810365386,26.0,0.5,0.0,0.0,2.8018568103653863
34611,0,calendar_2014_test,27.570535202931534,26.0,0.5,0.0,0.0,1.5705352029315343
34612,0,calendar_2014_test,29.604660940388566,28.0,0.5,0.0,0.0,1.604660940388566
34613,0,calendar_2014_test,31.031659689996175,42.0,0.5,0.0,0.0,10.968340310003825
34614,0,calendar_2014_test,45.33223644141378,48.0,0.5,0.0,0.0,2.6677635585862234
34615,0,calendar_2014_test,48.22602688091427,31.0,0.5,0.0,0.0,17.22602688091427
34616,0,calendar_2014_test,35.49844223635611,27.0,0.5,0.0,0.0,8.498442236356112
34617,0,calendar_2014_test,32.606227678264595,26.0,0.5,0.0,0.0,6.606227678264595
34618,0,calendar_2014_test,29.743268469190447,35.0,0.5,0.0,0.0,5.256731530809553
34619,0,calendar_2014_test,40.38446008776423,32.0,0.5,0.0,0.0,8.384460087764232
34620,0,calendar_2014_test,37.827005084775855,38.0,0.5,0.0,0.0,0.17299491522414456
34621,0,calendar_2014_test,40.162473710381036,37.0,0.5,0.0,0.0,3.162473710381036
34622,0,calendar_2014_test,40.93919694021088,26.0,0.5,0.0,0.0,14.939196940210877
34623,0,calendar_2014_test,29.380314228557566,17.0,0.5,0.0,0.0,12.380314228557566
34624,0,calendar_2014_test,23.248079869749354,32.0,0.5,0.0,0.0,8.751920130250646
34625,0,calendar_2014_test,36.29557872846242,26.0,0.5,0.0,0.0,10.295578728462417
34626,0,calendar_2014_test,28.4658431358731,34.0,0.5,0.0,0.0,5.534156864126899
34627,0,calendar_2014_test,34.91818268881025,32.0,0.5,0.0,0.0,2.918182688810248
34628,0,calendar_2014_test,35.47828145252329,23.0,0.5,0.0,0.0,12.47828145252329
34629,0,calendar_2014_test,27.009597655385246,35.0,0.5,0.0,0.0,7.990402344614754
34630,0,calendar_2014_test,40.72295566171491,71.0,0.5,0.0,0.0,30.277044338285087
34631,0,calendar_2014_test,75.92031353137502,102.0,0.5,0.0,0.0,26.079686468624985
34632,0,calendar_2014_test,99.62424417386701,121.0,0.5,0.0,0.0,21.375755826132988
34633,0,calendar_2014_test,118.78030345949661,114.0,0.5,0.0,0.0,4.780303459496608
34634,0,calendar_2014_test,110.09183040421739,64.0,0.5,0.0,0.0,46.09183040421739
34635,0,calendar_2014_test,63.94742163559005,47.0,0.5,0.0,0.0,16.947421635590047
34636,0,calendar_2014_test,47.26632544833011,26.0,0.5,0.0,0.0,21.266325448330107
34637,0,calendar_2014_test,26.41331606904314,17.0,0.5,0.0,0.0,9.413316069043141
34638,0,calendar_2014_test,19.740677163307552,12.0,0.5,0.0,0.0,7.740677163307552
34639,0,calendar_2014_test,16.403473145912386,17.0,0.5,0.0,0.0,0.5965268540876139
34640,0,calendar_2014_test,18.951706850873933,34.0,0.5,0.0,0.0,15.048293149126067
34641,0,calendar_2014_test,38.33656375098379,48.0,0.5,0.0,0.0,9.663436249016208
34642,0,calendar_2014_test,52.35587898897757,22.0,0.5,0.0,0.0,30.355878988977572
34643,0,calendar_2014_test,30.92954357864115,30.0,0.5,0.0,0.0,0.9295435786411517
34644,0,calendar_2014_test,42.66146626626887,27.0,0.5,0.0,0.0,15.661466266268867
34645,0,calendar_2014_test,34.977393261783746,24.0,0.5,0.0,0.0,10.977393261783746
34646,0,calendar_2014_test,30.861905219650655,28.0,0.5,0.0,0.0,2.861905219650655
34647,0,calendar_2014_test,33.92081123153818,33.0,0.5,0.0,0.0,0.9208112315381811
34648,0,calendar_2014_test,39.15915133543346,55.0,0.5,0.0,0.0,15.840848664566543
34649,0,calendar_2014_test,59.09959445734234,70.0,0.5,0.0,0.0,10.900405542657658
34650,0,calendar_2014_test,75.24740007188116,71.0,0.5,0.0,0.0,4.2474000718811595
34651,0,calendar_2014_test,69.86015028692741,88.0,0.5,0.0,0.0,18.139849713072593
34652,0,calendar_2014_test,86.8338428363729,82.0,0.5,0.0,0.0,4.833842836372895
34653,0,calendar_2014_test,78.49406014886154,52.0,0.5,0.0,0.0,26.494060148861536
34654,0,calendar_2014_test,45.226952872155564,46.0,0.5,0.0,0.0,0.7730471278444355
34655,0,calendar_2014_test,49.2453108127735,33.0,0.5,0.0,0.0,16.245310812773504
34656,0,calendar_2014_test,37.41107404607629,37.0,0.5,0.0,0.0,0.41107404607628695
34657,0,calendar_2014_test,39.941442837410655,49.0,0.5,0.0,0.0,9.058557162589345
34658,0,calendar_2014_test,51.55455555275392,71.0,0.5,0.0,0.0,19.445444447246082
34659,0,calendar_2014_test,71.99445992299668,68.0,0.5,0.0,0.0,3.9944599229966826
34660,0,calendar_2014_test,65.97439318135501,48.0,0.5,0.0,0.0,17.974393181355012
34661,0,calendar_2014_test,45.00746266970115,44.0,0.5,0.0,0.0,1.0074626697011482
34662,0,calendar_2014_test,44.24353232465513,38.0,0.5,0.0,0.0,6.243532324655128
34663,0,calendar_2014_test,39.30466629038351,28.0,0.5,0.0,0.0,11.304666290383508
34664,0,calendar_2014_test,32.15765091415831,52.0,0.5,0.0,0.0,19.84234908584169
34665,0,calendar_2014_test,51.96991697072261,63.0,0.5,0.0,0.0,11.030083029277392
34666,0,calendar_2014_test,66.85899752666009,56.0,0.5,0.0,0.0,10.85899752666009
34667,0,calendar_2014_test,59.95166272464399,61.0,0.5,0.0,0.0,1.0483372753560118
34668,0,calendar_2014_test,69.99940756147652,74.0,0.5,0.0,0.0,4.0005924385234835
34669,0,calendar_2014_test,85.85816289107004,80.0,0.5,0.0,0.0,5.858162891070037
34670,0,calendar_2014_test,84.07691043606269,89.0,0.5,0.0,0.0,4.92308956393731
34671,0,calendar_2014_test,91.9255593612835,97.0,0.5,0.0,0.0,5.074440638716496
34672,0,calendar_2014_test,100.32593768940588,172.0,0.5,0.0,0.0,71.67406231059412
34673,0,calendar_2014_test,172.5868672157573,209.0,0.5,0.0,0.0,36.41313278424269
34674,0,calendar_2014_test,197.55920927218784,72.0,0.5,0.0,0.0,125.55920927218784
34675,0,calendar_2014_test,62.00409749372406,19.0,0.5,0.0,0.0,43.00409749372406
34676,0,calendar_2014_test,30.498131140823308,23.0,0.5,0.0,0.0,7.498131140823308
34677,0,calendar_2014_test,30.477550265704668,31.0,0.5,0.0,0.0,0.522449734295332
34678,0,calendar_2014_test,32.791828147087614,27.0,0.5,0.0,0.0,5.791828147087614
34679,0,calendar_2014_test,31.331576208886656,33.0,0.5,0.0,0.0,1.6684237911133444
34680,0,calendar_2014_test,37.65257705208508,38.0,0.5,0.0,0.0,0.34742294791492156
34681,0,calendar_2014_test,40.025787858400875,36.0,0.5,0.0,0.0,4.025787858400875
34682,0,calendar_2014_test,35.790879802728085,39.0,0.5,0.0,0.0,3.2091201972719148
34683,0,calendar_2014_test,37.10494400366894,44.0,0.5,0.0,0.0,6.89505599633106
34684,0,calendar_2014_test,46.348663847664525,37.0,0.5,0.0,0.0,9.348663847664525
34685,0,calendar_2014_test,39.89878664130642,36.0,0.5,0.0,0.0,3.8987866413064225
34686,0,calendar_2014_test,37.63337820514005,28.0,0.5,0.0,0.0,9.633378205140048
34687,0,calendar_2014_test,30.56396898385005,38.0,0.5,0.0,0.0,7.4360310161499505
34688,0,calendar_2014_test,42.22237043894479,23.0,0.5,0.0,0.0,19.222370438944793
34689,0,calendar_2014_test,28.454367191251745,20.0,0.5,0.0,0.0,8.454367191251745
34690,0,calendar_2014_test,26.629746949175132,20.0,0.5,0.0,0.0,6.629746949175132
34691,0,calendar_2014_test,26.76806232595377,35.0,0.5,0.0,0.0,8.231937674046229
34692,0,calendar_2014_test,43.93614327462969,44.0,0.5,0.0,0.0,0.06385672537030729
34693,0,calendar_2014_test,54.457710137227636,55.0,0.5,0.0,0.0,0.542289862772364
34694,0,calendar_2014_test,58.08617440798923,73.0,0.5,0.0,0.0,14.913825592010767
34695,0,calendar_2014_test,79.0018879650136,81.0,0.5,0.0,0.0,1.9981120349864057
34696,0,calendar_2014_test,86.42710584981039,93.0,0.5,0.0,0.0,6.572894150189612
34697,0,calendar_2014_test,103.00321635176357,91.0,0.5,0.0,0.0,12.00321635176357
34698,0,calendar_2014_test,92.91067896522503,51.0,0.5,0.0,0.0,41.91067896522503
34699,0,calendar_2014_test,51.23707787919244,56.0,0.5,0.0,0.0,4.762922120807559
34700,0,calendar_2014_test,61.4213533833234,56.0,0.5,0.0,0.0,5.4213533833233996
34701,0,calendar_2014_test,54.530717409643906,34.0,0.5,0.0,0.0,20.530717409643906
34702,0,calendar_2014_test,32.83369726807512,35.0,0.5,0.0,0.0,2.1663027319248798
34703,0,calendar_2014_test,34.7667161924412,27.0,0.5,0.0,0.0,7.766716192441201
34704,0,calendar_2014_test,30.055163785767483,26.0,0.5,0.0,0.0,4.055163785767483
34705,0,calendar_2014_test,25.076534611346172,39.0,0.5,0.0,0.0,13.923465388653828
34706,0,calendar_2014_test,42.297731922019686,35.0,0.5,0.0,0.0,7.297731922019686
34707,0,calendar_2014_test,39.9655065478421,38.0,0.5,0.0,0.0,1.9655065478420966
34708,0,calendar_2014_test,42.04636544331754,59.0,0.5,0.0,0.0,16.95363455668246
34709,0,calendar_2014_test,63.10203008349562,69.0,0.5,0.0,0.0,5.89796991650438
34710,0,calendar_2014_test,71.80848793641248,80.0,0.5,0.0,0.0,8.191512063587524
34711,0,calendar_2014_test,81.62535298667812,74.0,0.5,0.0,0.0,7.625352986678124
34712,0,calendar_2014_test,21.606326718715696,59.0,0.5,0.0,0.0,37.39367328128431
34713,0,calendar_2014_test,60.82784319422802,74.0,0.5,0.0,0.0,13.172156805771976
34714,0,calendar_2014_test,80.99487940481265,80.0,0.5,0.0,0.0,0.9948794048126501
34715,0,calendar_2014_test,83.63374666745588,84.0,0.5,0.0,0.0,0.36625333254411885
34716,0,calendar_2014_test,87.42216638508192,78.0,0.5,0.0,0.0,9.422166385081923
34717,0,calendar_2014_test,79.82489781999189,70.0,0.5,0.0,0.0,9.82489781999189
34718,0,calendar_2014_test,71.38345114864318,73.0,0.5,0.0,0.0,1.616548851356825
34719,0,calendar_2014_test,77.58990875332671,71.0,0.5,0.0,0.0,6.589908753326711
34720,0,calendar_2014_test,74.02540167940569,68.0,0.5,0.0,0.0,6.0254016794056895
34721,0,calendar_2014_test,73.38367946413337,88.0,0.5,0.0,0.0,14.616320535866635
34722,0,calendar_2014_test,95.53589530117657,99.0,0.5,0.0,0.0,3.4641046988234336
34723,0,calendar_2014_test,105.91533913007763,104.0,0.5,0.0,0.0,1.9153391300776264
34724,0,calendar_2014_test,107.61580360921852,106.0,0.5,0.0,0.0,1.615803609218517
34725,0,calendar_2014_test,107.78941358985678,115.0,0.5,0.0,0.0,7.210586410143222
34726,0,calendar_2014_test,110.99820914597244,112.0,0.5,0.0,0.0,1.0017908540275613
34727,0,calendar_2014_test,108.12042222441501,114.0,0.5,0.0,0.0,5.879577775584991
34728,0,calendar_2014_test,115.13983293390706,107.0,0.5,0.0,0.0,8.139832933907059
34729,0,calendar_2014_test,98.97222120920422,99.0,0.5,0.0,0.0,0.02777879079577872
34730,0,calendar_2014_test,95.28895848101533,81.0,0.5,0.0,0.0,14.288958481015328
34731,0,calendar_2014_test,74.69619846555062,69.0,0.5,0.0,0.0,5.696198465550623
34732,0,calendar_2014_test,65.60552961958017,69.0,0.5,0.0,0.0,3.3944703804198326
34733,0,calendar_2014_test,66.02748675756915,77.0,0.5,0.0,0.0,10.97251324243085
34734,0,calendar_2014_test,25.95472675947837,23.0,0.5,0.0,0.0,2.954726759478369
34735,0,calendar_2014_test,24.4463853504401,21.0,0.5,0.0,0.0,3.4463853504400994
34736,0,calendar_2014_test,25.855237686297333,23.0,0.5,0.0,0.0,2.8552376862973325
34737,0,calendar_2014_test,26.209260530440172,18.0,0.5,0.0,0.0,8.209260530440172
34738,0,calendar_2014_test,20.44121588062442,24.0,0.5,0.0,0.0,3.5587841193755807
34739,0,calendar_2014_test,23.902040514775212,30.0,0.5,0.0,0.0,6.097959485224788
34740,0,calendar_2014_test,30.727603276645123,19.0,0.5,0.0,0.0,11.727603276645123
34741,0,calendar_2014_test,22.92308000256882,23.0,0.5,0.0,0.0,0.07691999743117961
34742,0,calendar_2014_test,25.88099154083194,19.0,0.5,0.0,0.0,6.880991540831939
34743,0,calendar_2014_test,21.865073079001586,22.0,0.5,0.0,0.0,0.13492692099841364
34744,0,calendar_2014_test,24.183528661464933,31.0,0.5,0.0,0.0,6.816471338535067
34745,0,calendar_2014_test,32.92888484061313,42.0,0.5,0.0,0.0,9.07111515938687
34746,0,calendar_2014_test,47.77336308904443,41.0,0.5,0.0,0.0,6.77336308904443
34747,0,calendar_2014_test,45.75718113473407,56.0,0.5,0.0,0.0,10.242818865265932
34748,0,calendar_2014_test,60.628949100733074,72.0,0.5,0.0,0.0,11.371050899266926
34749,0,calendar_2014_test,77.6610609635371,76.0,0.5,0.0,0.0,1.6610609635370963
34750,0,calendar_2014_test,82.90900527542442,87.0,0.5,0.0,0.0,4.09099472457558
34751,0,calendar_2014_test,93.3187610538134,91.0,0.5,0.0,0.0,2.318761053813404
34752,0,calendar_2014_test,92.84800488973644,97.0,0.5,0.0,0.0,4.151995110263556
34753,0,calendar_2014_test,104.39950823645387,110.0,0.5,0.0,0.0,5.600491763546131
34754,0,calendar_2014_test,123.73097803676777,124.0,0.5,0.0,0.0,0.26902196323223393
34755,0,calendar_2014_test,130.79261240472104,123.0,0.5,0.0,0.0,7.792612404721041
34756,0,calendar_2014_test,122.23050311275018,110.0,0.5,0.0,0.0,12.230503112750185
34757,0,calendar_2014_test,109.57848161533745,115.0,0.5,0.0,0.0,5.421518384662548
34758,0,calendar_2014_test,119.9594732858702,120.0,0.5,0.0,0.0,0.040526714129796915
34759,0,calendar_2014_test,117.41104893594138,149.0,0.5,0.0,0.0,31.58895106405862
34760,0,calendar_2014_test,152.4662147009411,142.0,0.5,0.0,0.0,10.466214700941094
34761,0,calendar_2014_test,140.93150033988223,142.0,0.5,0.0,0.0,1.0684996601177659
34762,0,calendar_2014_test,146.1015072725609,128.0,0.5,0.0,0.0,18.101507272560895
34763,0,calendar_2014_test,125.77436200577799,120.0,0.5,0.0,0.0,5.774362005777988
34764,0,calendar_2014_test,120.76106440573136,138.0,0.5,0.0,0.0,17.23893559426864
34765,0,calendar_2014_test,141.61402873146167,134.0,0.5,0.0,0.0,7.614028731461673
34766,0,calendar_2014_test,128.58168029622578,153.0,0.5,0.0,0.0,24.418319703774216
34767,0,calendar_2014_test,150.4379042785595,133.0,0.5,0.0,0.0,17.4379042785595
34768,0,calendar_2014_test,122.49280646741113,134.0,0.5,0.0,0.0,11.507193532588872
34769,0,calendar_2014_test,130.8223572976581,116.0,0.5,0.0,0.0,14.822357297658101
34770,0,calendar_2014_test,106.66258091269025,106.0,0.5,0.0,0.0,0.6625809126902453
34771,0,calendar_2014_test,98.09697603349115,87.0,0.5,0.0,0.0,11.096976033491146
34772,0,calendar_2014_test,80.572186501258,83.0,0.5,0.0,0.0,2.4278134987419975
34773,0,calendar_2014_test,84.09760988630376,108.0,0.5,0.0,0.0,23.902390113696242
34774,0,calendar_2014_test,109.13777737089706,95.0,0.5,0.0,0.0,14.137777370897055
34775,0,calendar_2014_test,94.24094671818837,104.0,0.5,0.0,0.0,9.759053281811632
34776,0,calendar_2014_test,109.81213635838832,118.0,0.5,0.0,0.0,8.187863641611685
34777,0,calendar_2014_test,127.98660761674672,133.0,0.5,0.0,0.0,5.013392383253276
34778,0,calendar_2014_test,144.03072167312752,151.0,0.5,0.0,0.0,6.969278326872484
34779,0,calendar_2014_test,153.08567175428092,171.0,0.5,0.0,0.0,17.914328245719076
34780,0,calendar_2014_test,166.53117673692628,35.0,0.5,0.0,0.0,131.53117673692628
34781,0,calendar_2014_test,29.894807518599485,26.0,0.5,0.0,0.0,3.8948075185994853
34782,0,calendar_2014_test,29.496329797223016,20.0,0.5,0.0,0.0,9.496329797223016
34783,0,calendar_2014_test,23.18578346777556,25.0,0.5,0.0,0.0,1.8142165322244388
34784,0,calendar_2014_test,23.749147004143744,31.0,0.5,0.0,0.0,7.250852995856256
34785,0,calendar_2014_test,36.79041961842461,35.0,0.5,0.0,0.0,1.7904196184246075
34786,0,calendar_2014_test,45.23242565190305,39.0,0.5,0.0,0.0,6.23242565190305
34787,0,calendar_2014_test,45.811606752991615,45.0,0.5,0.0,0.0,0.8116067529916151
34788,0,calendar_2014_test,51.86017084927653,29.0,0.5,0.0,0.0,22.86017084927653
34789,0,calendar_2014_test,29.27588976848442,3.0,0.5,0.0,0.0,26.27588976848442
34790,0,calendar_2014_test,10.37992074346826,6.0,0.5,0.0,0.0,4.37992074346826
34791,0,calendar_2014_test,9.706480621237603,7.0,0.5,0.0,0.0,2.7064806212376027
34792,0,calendar_2014_test,7.749945185966545,5.0,0.5,0.0,0.0,2.7499451859665447
34793,0,calendar_2014_test,9.22676605116479,4.0,0.5,0.0,0.0,5.226766051164789
34794,0,calendar_2014_test,8.263963842374253,8.0,0.5,0.0,0.0,0.2639638423742525
34795,0,calendar_2014_test,9.911672301706028,6.0,0.5,0.0,0.0,3.9116723017060284
34796,0,calendar_2014_test,8.624757894716542,10.0,0.5,0.0,0.0,1.3752421052834585
34797,0,calendar_2014_test,11.842254720183236,7.0,0.5,0.0,0.0,4.842254720183236
34798,0,calendar_2014_test,13.160617012522284,6.0,0.5,0.0,0.0,7.160617012522284
34799,0,calendar_2014_test,13.86216558656451,7.0,0.5,0.0,0.0,6.86216558656451
34800,0,calendar_2014_test,14.41520525673612,12.0,0.5,0.0,0.0,2.4152052567361206
34801,0,calendar_2014_test,16.551428770502394,17.0,0.5,0.0,0.0,0.4485712294976061
34802,0,calendar_2014_test,20.56703147774596,46.0,0.5,0.0,0.0,25.43296852225404
34803,0,calendar_2014_test,45.65407161434901,44.0,0.5,0.0,0.0,1.6540716143490073
34804,0,calendar_2014_test,47.14493626224615,38.0,0.5,0.0,0.0,9.144936262246148
34805,0,calendar_2014_test,41.08297398552967,25.0,0.5,0.0,0.0,16.08297398552967
34806,0,calendar_2014_test,27.449510898423238,16.0,0.5,0.0,0.0,11.449510898423238
34807,0,calendar_2014_test,20.00043286982689,27.0,0.5,0.0,0.0,6.999567130173109
34808,0,calendar_2014_test,28.140344815628428,24.0,0.5,0.0,0.0,4.140344815628428
34809,0,calendar_2014_test,23.65119986254054,27.0,0.5,0.0,0.0,3.3488001374594596
34810,0,calendar_2014_test,26.832504584058768,19.0,0.5,0.0,0.0,7.832504584058768
34811,0,calendar_2014_test,19.87343678457325,15.0,0.5,0.0,0.0,4.873436784573251
34812,0,calendar_2014_test,18.275852721464343,16.0,0.5,0.0,0.0,2.275852721464343
34813,0,calendar_2014_test,15.569878320106476,17.0,0.5,0.0,0.0,1.4301216798935243
34814,0,calendar_2014_test,15.725043606453614,17.0,0.5,0.0,0.0,1.2749563935463861
34815,0,calendar_2014_test,15.220284861126164,10.0,0.5,0.0,0.0,5.220284861126164
34816,0,calendar_2014_test,10.891546071388106,7.0,0.5,0.0,0.0,3.891546071388106
34817,0,calendar_2014_test,7.9194678910083285,7.0,0.5,0.0,0.0,0.9194678910083285
34818,0,calendar_2014_test,7.695746201570895,9.0,0.5,0.0,0.0,1.3042537984291052
34819,0,calendar_2014_test,10.964346301359335,7.0,0.5,0.0,0.0,3.9643463013593347
34820,0,calendar_2014_test,11.219432467306206,9.0,0.5,0.0,0.0,2.2194324673062056
34821,0,calendar_2014_test,13.334398016382831,6.0,0.5,0.0,0.0,7.334398016382831
34822,0,calendar_2014_test,12.095311640868319,6.0,0.5,0.0,0.0,6.095311640868319
34823,0,calendar_2014_test,12.658343822647554,8.0,0.5,0.0,0.0,4.658343822647554
34824,0,calendar_2014_test,14.336328467433056,11.0,0.5,0.0,0.0,3.3363284674330558
34825,0,calendar_2014_test,16.225096729492297,18.0,0.5,0.0,0.0,1.7749032705077035
34826,0,calendar_2014_test,21.7163261482525,21.0,0.5,0.0,0.0,0.7163261482524987
34827,0,calendar_2014_test,24.768259710400596,30.0,0.5,0.0,0.0,5.231740289599404
34828,0,calendar_2014_test,31.211705810336106,26.0,0.5,0.0,0.0,5.211705810336106
34829,0,calendar_2014_test,27.856153680949117,26.0,0.5,0.0,0.0,1.8561536809491166
34830,0,calendar_2014_test,27.858624108155144,41.0,0.5,0.0,0.0,13.141375891844856
34831,0,calendar_2014_test,46.97586149517263,35.0,0.5,0.0,0.0,11.97586149517263
34832,0,calendar_2014_test,35.07701584135028,39.0,0.5,0.0,0.0,3.9229841586497187
34833,0,calendar_2014_test,37.398859010874126,40.0,0.5,0.0,0.0,2.6011409891258737
34834,0,calendar_2014_test,38.1248063249339,23.0,0.5,0.0,0.0,15.1248063249339
34835,0,calendar_2014_test,23.194479914134636,27.0,0.5,0.0,0.0,3.805520085865364
34836,0,calendar_2014_test,25.815464615369567,15.0,0.5,0.0,0.0,10.815464615369567
34837,0,calendar_2014_test,16.615584214444272,19.0,0.5,0.0,0.0,2.3844157855557278
34838,0,calendar_2014_test,17.562871717169994,19.0,0.5,0.0,0.0,1.437128282830006
34839,0,calendar_2014_test,16.728681022802604,17.0,0.5,0.0,0.0,0.27131897719739584
34840,0,calendar_2014_test,16.59665299090721,17.0,0.5,0.0,0.0,0.40334700909279064
34841,0,calendar_2014_test,15.429207540024906,13.0,0.5,0.0,0.0,2.4292075400249065
34842,0,calendar_2014_test,13.351619891357819,10.0,0.5,0.0,0.0,3.351619891357819
34843,0,calendar_2014_test,10.912878936905821,6.0,0.5,0.0,0.0,4.9128789369058214
34844,0,calendar_2014_test,7.836351785604119,8.0,0.5,0.0,0.0,0.16364821439588084
34845,0,calendar_2014_test,10.274280634172476,10.0,0.5,0.0,0.0,0.2742806341724755
34846,0,calendar_2014_test,10.914948247585814,6.0,0.5,0.0,0.0,4.914948247585814
34847,0,calendar_2014_test,12.827303396376303,13.0,0.5,0.0,0.0,0.172696603623697
34848,0,calendar_2014_test,18.354937994428433,19.0,0.5,0.0,0.0,0.6450620055715675
34849,0,calendar_2014_test,23.551042021725472,27.0,0.5,0.0,0.0,3.448957978274528
34850,0,calendar_2014_test,32.09270103944589,31.0,0.5,0.0,0.0,1.0927010394458918
34851,0,calendar_2014_test,34.15522486013652,29.0,0.5,0.0,0.0,5.155224860136521
34852,0,calendar_2014_test,31.46155866564262,39.0,0.5,0.0,0.0,7.53844133435738
34853,0,calendar_2014_test,43.95463647402271,57.0,0.5,0.0,0.0,13.045363525977287
34854,0,calendar_2014_test,61.60528974276298,71.0,0.5,0.0,0.0,9.394710257237023
34855,0,calendar_2014_test,75.20137769095201,68.0,0.5,0.0,0.0,7.201377690952015
34856,0,calendar_2014_test,70.1401257044791,79.0,0.5,0.0,0.0,8.859874295520896
34857,0,calendar_2014_test,83.18981392584992,89.0,0.5,0.0,0.0,5.8101860741500815
34858,0,calendar_2014_test,90.57341855187418,45.0,0.5,0.0,0.0,45.573418551874184
34859,0,calendar_2014_test,44.19193897562374,31.0,0.5,0.0,0.0,13.191938975623742
34860,0,calendar_2014_test,32.143984656762676,21.0,0.5,0.0,0.0,11.143984656762676
34861,0,calendar_2014_test,22.829286077226993,27.0,0.5,0.0,0.0,4.1707139227730075
34862,0,calendar_2014_test,27.508436933965996,24.0,0.5,0.0,0.0,3.5084369339659958
34863,0,calendar_2014_test,24.396469962152068,30.0,0.5,0.0,0.0,5.603530037847932
34864,0,calendar_2014_test,31.22291590854603,25.0,0.5,0.0,0.0,6.222915908546032
34865,0,calendar_2014_test,26.905015417474125,38.0,0.5,0.0,0.0,11.094984582525875
34866,0,calendar_2014_test,38.38259417602866,43.0,0.5,0.0,0.0,4.617405823971339
34867,0,calendar_2014_test,44.70970088226727,48.0,0.5,0.0,0.0,3.2902991177327294
34868,0,calendar_2014_test,47.47954325070761,48.0,0.5,0.0,0.0,0.5204567492923928
34869,0,calendar_2014_test,46.94492422744649,47.0,0.5,0.0,0.0,0.05507577255350782
34870,0,calendar_2014_test,47.064789486192986,63.0,0.5,0.0,0.0,15.935210513807014
34871,0,calendar_2014_test,64.98448834162849,62.0,0.5,0.0,0.0,2.9844883416284915
34872,0,calendar_2014_test,63.658549002860966,67.0,0.5,0.0,0.0,3.3414509971390345
34873,0,calendar_2014_test,77.0371450423469,73.0,0.5,0.0,0.0,4.037145042346907
34874,0,calendar_2014_test,79.62421643200749,82.0,0.5,0.0,0.0,2.3757835679925137
34875,0,calendar_2014_test,84.9715590099538,94.0,0.5,0.0,0.0,9.028440990046207
34876,0,calendar_2014_test,100.43138991098907,93.0,0.5,0.0,0.0,7.431389910989068
34877,0,calendar_2014_test,94.45401879823295,89.0,0.5,0.0,0.0,5.454018798232951
34878,0,calendar_2014_test,89.24540815142689,90.0,0.5,0.0,0.0,0.7545918485731136
34879,0,calendar_2014_test,92.41333033671076,100.0,0.5,0.0,0.0,7.586669663289243
34880,0,calendar_2014_test,105.05432160700641,103.0,0.5,0.0,0.0,2.0543216070064148
34881,0,calendar_2014_test,106.93215397427836,108.0,0.5,0.0,0.0,1.0678460257216358
34882,0,calendar_2014_test,109.50421457488378,91.0,0.5,0.0,0.0,18.504214574883775
34883,0,calendar_2014_test,88.81540602200627,83.0,0.5,0.0,0.0,5.815406022006272
34884,0,calendar_2014_test,86.18063392608273,69.0,0.5,0.0,0.0,17.180633926082734
34885,0,calendar_2014_test,71.36557132609722,64.0,0.5,0.0,0.0,7.365571326097225
34886,0,calendar_2014_test,63.234951844560435,67.0,0.5,0.0,0.0,3.7650481554395654
34887,0,calendar_2014_test,71.73429286213161,62.0,0.5,0.0,0.0,9.73429286213161
34888,0,calendar_2014_test,59.25815147605485,68.0,0.5,0.0,0.0,8.741848523945151
34889,0,calendar_2014_test,65.31742773345096,66.0,0.5,0.0,0.0,0.6825722665490446
34890,0,calendar_2014_test,68.2234673922538,60.0,0.5,0.0,0.0,8.223467392253795
34891,0,calendar_2014_test,62.61913975473838,73.0,0.5,0.0,0.0,10.380860245261623
34892,0,calendar_2014_test,78.3321143736622,80.0,0.5,0.0,0.0,1.6678856263378066
34893,0,calendar_2014_test,76.11738246372227,80.0,0.5,0.0,0.0,3.882617536277735
34894,0,calendar_2014_test,78.29796882252475,84.0,0.5,0.0,0.0,5.702031177475249
34895,0,calendar_2014_test,82.82143366050907,98.0,0.5,0.0,0.0,15.178566339490928
34896,0,calendar_2014_test,94.83090015147461,99.0,0.5,0.0,0.0,4.169099848525391
34897,0,calendar_2014_test,85.86819076308944,129.0,0.5,0.0,0.0,43.131809236910556
34898,0,calendar_2014_test,140.06450681094077,125.0,0.5,0.0,0.0,15.06450681094077
34899,0,calendar_2014_test,121.37351776496526,74.0,0.5,0.0,0.0,47.37351776496526
34900,0,calendar_2014_test,75.00044207529676,58.0,0.5,0.0,0.0,17.00044207529676
34901,0,calendar_2014_test,58.274738248357636,79.0,0.5,0.0,0.0,20.725261751642364
34902,0,calendar_2014_test,81.20928034517952,77.0,0.5,0.0,0.0,4.209280345179522
34903,0,calendar_2014_test,80.7067361670296,80.0,0.5,0.0,0.0,0.7067361670296037
34904,0,calendar_2014_test,79.42791604246536,85.0,0.5,0.0,0.0,5.572083957534645
34905,0,calendar_2014_test,90.61089515490063,74.0,0.5,0.0,0.0,16.610895154900632
34906,0,calendar_2014_test,69.98186097656713,78.0,0.5,0.0,0.0,8.018139023432866
34907,0,calendar_2014_test,81.75682993128312,90.0,0.5,0.0,0.0,8.243170068716879
34908,0,calendar_2014_test,96.567910216947,89.0,0.5,0.0,0.0,7.5679102169469985
34909,0,calendar_2014_test,91.62457038907951,68.0,0.5,0.0,0.0,23.62457038907951
34910,0,calendar_2014_test,70.17182210152345,71.0,0.5,0.0,0.0,0.8281778984765538
34911,0,calendar_2014_test,71.3290313976535,66.0,0.5,0.0,0.0,5.329031397653495
34912,0,calendar_2014_test,68.54618920521554,59.0,0.5,0.0,0.0,9.54618920521554
34913,0,calendar_2014_test,62.840082065551755,49.0,0.5,0.0,0.0,13.840082065551755
34914,0,calendar_2014_test,48.32140335643677,62.0,0.5,0.0,0.0,13.678596643563232
34915,0,calendar_2014_test,67.54728378325902,74.0,0.5,0.0,0.0,6.452716216740981
34916,0,calendar_2014_test,80.4210306095744,81.0,0.5,0.0,0.0,0.5789693904255984
34917,0,calendar_2014_test,83.55210964433975,85.0,0.5,0.0,0.0,1.447890355660249
34918,0,calendar_2014_test,90.59380869928505,88.0,0.5,0.0,0.0,2.5938086992850486
34919,0,calendar_2014_test,91.10234872441521,87.0,0.5,0.0,0.0,4.102348724415208
34920,0,calendar_2014_test,91.27544664002333,95.0,0.5,0.0,0.0,3.7245533599766674
34921,0,calendar_2014_test,104.32054358881342,121.0,0.5,0.0,0.0,16.679456411186578
34922,0,calendar_2014_test,136.82430254195774,139.0,0.5,0.0,0.0,2.175697458042265
34923,0,calendar_2014_test,144.30631944468544,132.0,0.5,0.0,0.0,12.306319444685442
34924,0,calendar_2014_test,131.77484469436348,111.0,0.5,0.0,0.0,20.77484469436348
34925,0,calendar_2014_test,111.48664639513883,107.0,0.5,0.0,0.0,4.486646395138834
34926,0,calendar_2014_test,105.59107597795014,102.0,0.5,0.0,0.0,3.5910759779501404
34927,0,calendar_2014_test,103.56041667764318,125.0,0.5,0.0,0.0,21.439583322356825
34928,0,calendar_2014_test,128.6543063766416,174.0,0.5,0.0,0.0,45.345693623358386
34929,0,calendar_2014_test,174.8627608994002,151.0,0.5,0.0,0.0,23.8627608994002
34930,0,calendar_2014_test,141.20305694784145,154.0,0.5,0.0,0.0,12.796943052158554
34931,0,calendar_2014_test,154.4446311365101,163.0,0.5,0.0,0.0,8.555368863489889
34932,0,calendar_2014_test,161.9093939731317,148.0,0.5,0.0,0.0,13.9093939731317
34933,0,calendar_2014_test,144.7361383309395,152.0,0.5,0.0,0.0,7.263861669060503
34934,0,calendar_2014_test,151.99697432162301,151.0,0.5,0.0,0.0,0.9969743216230142
34935,0,calendar_2014_test,147.54867649581462,160.0,0.5,0.0,0.0,12.451323504185382
34936,0,calendar_2014_test,164.20365894081232,173.0,0.5,0.0,0.0,8.796341059187682
34937,0,calendar_2014_test,171.04315224755084,196.0,0.5,0.0,0.0,24.956847752449164
34938,0,calendar_2014_test,185.77316252715116,181.0,0.5,0.0,0.0,4.7731625271511575
34939,0,calendar_2014_test,170.74259928681224,183.0,0.5,0.0,0.0,12.257400713187764
34940,0,calendar_2014_test,182.02306535144098,130.0,0.5,0.0,0.0,52.02306535144098
34941,0,calendar_2014_test,117.9983504658645,158.0,0.5,0.0,0.0,40.001649534135495
34942,0,calendar_2014_test,169.61495331820294,164.0,0.5,0.0,0.0,5.614953318202936
34943,0,calendar_2014_test,167.80935660576733,149.0,0.5,0.0,0.0,18.809356605767334
34944,0,calendar_2014_test,152.02316957990445,141.0,0.5,0.0,0.0,11.023169579904447
34945,0,calendar_2014_test,150.87684768014196,143.0,0.5,0.0,0.0,7.876847680141964
34946,0,calendar_2014_test,155.58378789487665,143.0,0.5,0.0,0.0,12.58378789487665
34947,0,calendar_2014_test,149.22650512311677,138.0,0.5,0.0,0.0,11.226505123116766
34948,0,calendar_2014_test,138.96747740351222,102.0,0.5,0.0,0.0,36.96747740351222
34949,0,calendar_2014_test,89.41141998600499,100.0,0.5,0.0,0.0,10.588580013995013
34950,0,calendar_2014_test,98.81889056449378,107.0,0.5,0.0,0.0,8.181109435506215
34951,0,calendar_2014_test,110.49458958684136,131.0,0.5,0.0,0.0,20.505410413158643
34952,0,calendar_2014_test,136.068983701762,139.0,0.5,0.0,0.0,2.9310162982380064
34953,0,calendar_2014_test,141.0491017192223,121.0,0.5,0.0,0.0,20.049101719222307
34954,0,calendar_2014_test,119.8151282461604,97.0,0.5,0.0,0.0,22.8151282461604
34955,0,calendar_2014_test,88.38759059654679,86.0,0.5,0.0,0.0,2.3875905965467865
34956,0,calendar_2014_test,86.20460515143586,85.0,0.5,0.0,0.0,1.2046051514358567
34957,0,calendar_2014_test,89.69760085515387,79.0,0.5,0.0,0.0,10.697600855153865
34958,0,calendar_2014_test,84.90940479920506,80.0,0.5,0.0,0.0,4.909404799205063
34959,0,calendar_2014_test,83.44667131960854,105.0,0.5,0.0,0.0,21.55332868039146
34960,0,calendar_2014_test,103.90714422034215,61.0,0.5,0.0,0.0,42.90714422034215
34961,0,calendar_2014_test,61.81258144632001,58.0,0.5,0.0,0.0,3.81258144632001
34962,0,calendar_2014_test,61.59788707173815,55.0,0.5,0.0,0.0,6.59788707173815
34963,0,calendar_2014_test,56.58585462461491,65.0,0.5,0.0,0.0,8.41414537538509
34964,0,calendar_2014_test,71.57407788854111,78.0,0.5,0.0,0.0,6.425922111458888
34965,0,calendar_2014_test,83.3756471972011,79.0,0.5,0.0,0.0,4.375647197201104
34966,0,calendar_2014_test,76.16623464854061,71.0,0.5,0.0,0.0,5.166234648540609
34967,0,calendar_2014_test,70.84305882366324,72.0,0.5,0.0,0.0,1.1569411763367583
34968,0,calendar_2014_test,80.23905015809423,75.0,0.5,0.0,0.0,5.23905015809423
34969,0,calendar_2014_test,83.10582014028768,93.0,0.5,0.0,0.0,9.894179859712324
34970,0,calendar_2014_test,101.26004917240154,99.0,0.5,0.0,0.0,2.260049172401537
34971,0,calendar_2014_test,100.6881027906084,104.0,0.5,0.0,0.0,3.311897209391603
34972,0,calendar_2014_test,109.92848026664103,104.0,0.5,0.0,0.0,5.9284802666410314
34973,0,calendar_2014_test,107.46342651403069,103.0,0.5,0.0,0.0,4.463426514030687
34974,0,calendar_2014_test,105.39730754932506,96.0,0.5,0.0,0.0,9.397307549325063
34975,0,calendar_2014_test,98.6446268760241,95.0,0.5,0.0,0.0,3.6446268760241054
34976,0,calendar_2014_test,97.84274010617034,87.0,0.5,0.0,0.0,10.84274010617034
34977,0,calendar_2014_test,90.28280461606273,96.0,0.5,0.0,0.0,5.717195383937266
34978,0,calendar_2014_test,102.51968240396285,102.0,0.5,0.0,0.0,0.5196824039628467
34979,0,calendar_2014_test,104.77005155679653,101.0,0.5,0.0,0.0,3.770051556796531
34980,0,calendar_2014_test,102.22289803044391,106.0,0.5,0.0,0.0,3.7771019695560852
34981,0,calendar_2014_test,110.00297024756603,109.0,0.5,0.0,0.0,1.0029702475660258
34982,0,calendar_2014_test,110.43068661201384,123.0,0.5,0.0,0.0,12.569313387986156
34983,0,calendar_2014_test,128.39246252216608,132.0,0.5,0.0,0.0,3.6075374778339153
34984,0,calendar_2014_test,133.8396547057793,139.0,0.5,0.0,0.0,5.16034529422069
34985,0,calendar_2014_test,136.51880683624037,144.0,0.5,0.0,0.0,7.481193163759627
34986,0,calendar_2014_test,144.74926107454155,153.0,0.5,0.0,0.0,8.25073892545845
34987,0,calendar_2014_test,146.1093383494255,146.0,0.5,0.0,0.0,0.10933834942551357
34988,0,calendar_2014_test,129.62324023289855,163.0,0.5,0.0,0.0,33.37675976710145
34989,0,calendar_2014_test,144.8821066995365,95.0,0.5,0.0,0.0,49.88210669953651
34990,0,calendar_2014_test,83.66454947125536,149.0,0.5,0.0,0.0,65.33545052874464
34991,0,calendar_2014_test,151.474618516806,157.0,0.5,0.0,0.0,5.525381483193996
34992,0,calendar_2014_test,150.33412039008078,163.0,0.5,0.0,0.0,12.665879609919216
34993,0,calendar_2014_test,156.9756281368084,175.0,0.5,0.0,0.0,18.02437186319159
34994,0,calendar_2014_test,161.2709116646791,84.0,0.5,0.0,0.0,77.27091166467909
34995,0,calendar_2014_test,72.19314635082023,25.0,0.5,0.0,0.0,47.19314635082023
34996,0,calendar_2014_test,39.314596827191004,21.0,0.5,0.0,0.0,18.314596827191004
34997,0,calendar_2014_test,27.17213938022283,36.0,0.5,0.0,0.0,8.82786061977717
34998,0,calendar_2014_test,39.39079113677179,50.0,0.5,0.0,0.0,10.609208863228211
34999,0,calendar_2014_test,51.48823991436345,59.0,0.5,0.0,0.0,7.511760085636553
35000,0,calendar_2014_test,60.516589933131485,49.0,0.5,0.0,0.0,11.516589933131485
35001,0,calendar_2014_test,46.15700376577969,30.0,0.5,0.0,0.0,16.15700376577969
35002,0,calendar_2014_test,32.43794186510005,28.0,0.5,0.0,0.0,4.437941865100051
35003,0,calendar_2014_test,28.522473336399408,27.0,0.5,0.0,0.0,1.5224733363994076
35004,0,calendar_2014_test,26.19201383365768,21.0,0.5,0.0,0.0,5.192013833657679
35005,0,calendar_2014_test,27.461986703899974,21.0,0.5,0.0,0.0,6.461986703899974
35006,0,calendar_2014_test,22.919240704142876,25.0,0.5,0.0,0.0,2.080759295857124
35007,0,calendar_2014_test,24.670469313590093,34.0,0.5,0.0,0.0,9.329530686409907
35008,0,calendar_2014_test,34.73164095449244,37.0,0.5,0.0,0.0,2.268359045507559
35009,0,calendar_2014_test,41.26544616634816,39.0,0.5,0.0,0.0,2.2654461663481626
35010,0,calendar_2014_test,40.03377640075313,36.0,0.5,0.0,0.0,4.033776400753133
35011,0,calendar_2014_test,37.23856956276415,19.0,0.5,0.0,0.0,18.238569562764148
35012,0,calendar_2014_test,25.81180891133733,23.0,0.5,0.0,0.0,2.81180891133733
35013,0,calendar_2014_test,24.880314910601324,24.0,0.5,0.0,0.0,0.8803149106013244
35014,0,calendar_2014_test,26.03960028813977,25.0,0.5,0.0,0.0,1.03960028813977
35015,0,calendar_2014_test,23.826087198169184,12.0,0.5,0.0,0.0,11.826087198169184
35016,0,calendar_2014_test,17.73653352409488,9.0,0.5,0.0,0.0,8.736533524094881
35017,0,calendar_2014_test,14.399112361446164,8.0,0.5,0.0,0.0,6.399112361446164
35018,0,calendar_2014_test,13.566918906777204,10.0,0.5,0.0,0.0,3.566918906777204
35019,0,calendar_2014_test,13.900315426975528,6.0,0.5,0.0,0.0,7.900315426975528
35020,0,calendar_2014_test,10.364709179252685,11.0,0.5,0.0,0.0,0.6352908207473149
35021,0,calendar_2014_test,16.27374041971113,10.0,0.5,0.0,0.0,6.273740419711132
35022,0,calendar_2014_test,12.487542114129331,9.0,0.5,0.0,0.0,3.4875421141293312
35023,0,calendar_2014_test,11.804786378264087,9.0,0.5,0.0,0.0,2.8047863782640867
35024,0,calendar_2014_test,14.15097748567492,12.0,0.5,0.0,0.0,2.15097748567492
35025,0,calendar_2014_test,14.768325682564532,9.0,0.5,0.0,0.0,5.768325682564532
35026,0,calendar_2014_test,11.632467300423649,7.0,0.5,0.0,0.0,4.632467300423649
35027,0,calendar_2014_test,9.232398974526514,6.0,0.5,0.0,0.0,3.2323989745265145
35028,0,calendar_2014_test,9.575284574540207,14.0,0.5,0.0,0.0,4.424715425459793
35029,0,calendar_2014_test,14.251963834629391,11.0,0.5,0.0,0.0,3.2519638346293913
35030,0,calendar_2014_test,13.172124149606036,17.0,0.5,0.0,0.0,3.827875850393964
35031,0,calendar_2014_test,15.071070451534084,16.0,0.5,0.0,0.0,0.9289295484659164
35032,0,calendar_2014_test,16.783015093425632,13.0,0.5,0.0,0.0,3.7830150934256324
35033,0,calendar_2014_test,14.944483141962023,8.0,0.5,0.0,0.0,6.9444831419620225
35034,0,calendar_2014_test,11.414484037102042,12.0,0.5,0.0,0.0,0.5855159628979578
35035,0,calendar_2014_test,15.503033232190965,10.0,0.5,0.0,0.0,5.503033232190965
35036,0,calendar_2014_test,11.5874368967356,12.0,0.5,0.0,0.0,0.41256310326440016
35037,0,calendar_2014_test,15.37542048886818,11.0,0.5,0.0,0.0,4.37542048886818
35038,0,calendar_2014_test,14.677104428837497,16.0,0.5,0.0,0.0,1.322895571162503
35039,0,calendar_2014_test,18.105434759728116,12.0,0.5,0.0,0.0,6.105434759728116
35040,0,calendar_2014_test,16.43646335541293,11.0,0.5,0.0,0.0,5.436463355412929
35041,0,calendar_2014_test,15.54308918322149,15.0,0.5,0.0,0.0,0.5430891832214897
35042,0,calendar_2014_test,19.654295035588586,21.0,0.5,0.0,0.0,1.3457049644114143
35043,0,calendar_2014_test,23.844581491838877,19.0,0.5,0.0,0.0,4.844581491838877
35044,0,calendar_2014_test,22.47533019367228,23.0,0.5,0.0,0.0,0.5246698063277186
35045,0,calendar_2014_test,24.45244426656574,23.0,0.5,0.0,0.0,1.4524442665657418
35046,0,calendar_2014_test,24.535120124424946,51.0,0.5,0.0,0.0,26.464879875575054
35047,0,calendar_2014_test,50.126915878050205,38.0,0.5,0.0,0.0,12.126915878050205
35048,0,calendar_2014_test,39.322194788191936,47.0,0.5,0.0,0.0,7.677805211808064
35049,0,calendar_2014_test,51.17203627268497,50.0,0.5,0.0,0.0,1.17203627268497
35050,0,calendar_2014_test,50.231782570398515,54.0,0.5,0.0,0.0,3.768217429601485
35051,0,calendar_2014_test,53.55792378126223,53.0,0.5,0.0,0.0,0.5579237812622324
35052,0,calendar_2014_test,52.12519712238933,56.0,0.5,0.0,0.0,3.8748028776106693
35053,0,calendar_2014_test,55.632842423015894,81.0,0.5,0.0,0.0,25.367157576984106
35054,0,calendar_2014_test,85.27908231751252,48.0,0.5,0.0,0.0,37.27908231751252
35055,0,calendar_2014_test,47.995165225735285,44.0,0.5,0.0,0.0,3.9951652257352848
35056,0,calendar_2014_test,48.4346133706835,27.0,0.5,0.0,0.0,21.4346133706835
35057,0,calendar_2014_test,28.024709094557426,31.0,0.5,0.0,0.0,2.9752909054425736
35058,0,calendar_2014_test,33.563689648425736,45.0,0.5,0.0,0.0,11.436310351574264
35059,0,calendar_2014_test,46.608637812642726,33.0,0.5,0.0,0.0,13.608637812642726
35060,0,calendar_2014_test,35.4622283123285,17.0,0.5,0.0,0.0,18.4622283123285
35061,0,calendar_2014_test,20.392542658499373,15.0,0.5,0.0,0.0,5.392542658499373
35062,0,calendar_2014_test,18.580388506007004,27.0,0.5,0.0,0.0,8.419611493992996
35063,0,calendar_2014_test,32.62516389158417,35.0,0.5,0.0,0.0,2.3748361084158276
35064,0,calendar_2014_test,39.98451484759173,31.0,0.5,0.0,0.0,8.984514847591733
35065,0,calendar_2014_test,38.658611870984714,38.0,0.5,0.0,0.0,0.6586118709847142
35066,0,calendar_2014_test,48.88139701380038,60.0,0.5,0.0,0.0,11.118602986199619
35067,0,calendar_2014_test,66.77731562210319,49.0,0.5,0.0,0.0,17.77731562210319
35068,0,calendar_2014_test,53.27118836572404,52.0,0.5,0.0,0.0,1.2711883657240435
35069,0,calendar_2014_test,56.223331819848006,60.0,0.5,0.0,0.0,3.7766681801519937
35070,0,calendar_2014_test,64.53507550397448,61.0,0.5,0.0,0.0,3.5350755039744826
35071,0,calendar_2014_test,65.07665632804944,64.0,0.5,0.0,0.0,1.0766563280494381
35072,0,calendar_2014_test,69.6296557260211,74.0,0.5,0.0,0.0,4.370344273978901
35073,0,calendar_2014_test,81.05837673059199,80.0,0.5,0.0,0.0,1.0583767305919878
35074,0,calendar_2014_test,84.12666928326085,76.0,0.5,0.0,0.0,8.126669283260853
35075,0,calendar_2014_test,77.82055696929939,70.0,0.5,0.0,0.0,7.820556969299389
35076,0,calendar_2014_test,67.32265289120947,73.0,0.5,0.0,0.0,5.677347108790528
35077,0,calendar_2014_test,71.90075876301832,86.0,0.5,0.0,0.0,14.099241236981683
35078,0,calendar_2014_test,91.13564106363235,93.0,0.5,0.0,0.0,1.8643589363676512
35079,0,calendar_2014_test,97.53170937529698,96.0,0.5,0.0,0.0,1.531709375296984
35080,0,calendar_2014_test,96.81611870578472,109.0,0.5,0.0,0.0,12.183881294215283
35081,0,calendar_2014_test,105.38057200606042,109.0,0.5,0.0,0.0,3.6194279939395813
35082,0,calendar_2014_test,103.89992948852151,114.0,0.5,0.0,0.0,10.100070511478492
35083,0,calendar_2014_test,112.22906077195574,90.0,0.5,0.0,0.0,22.229060771955744
35084,0,calendar_2014_test,82.6939492359942,74.0,0.5,0.0,0.0,8.693949235994197
35085,0,calendar_2014_test,69.79155923096756,75.0,0.5,0.0,0.0,5.2084407690324355
35086,0,calendar_2014_test,78.18839282589484,68.0,0.5,0.0,0.0,10.188392825894837
35087,0,calendar_2014_test,69.57841664582855,70.0,0.5,0.0,0.0,0.421583354171446
35088,0,calendar_2014_test,72.67885452203981,88.0,0.5,0.0,0.0,15.321145477960187
35089,0,calendar_2014_test,92.23941885895871,143.0,0.5,0.0,0.0,50.760581141041285
35090,0,calendar_2014_test,155.2048202638092,155.0,0.5,0.0,0.0,0.2048202638092107
35091,0,calendar_2014_test,161.40775953186386,147.0,0.5,0.0,0.0,14.40775953186386
35092,0,calendar_2014_test,145.03019686140618,143.0,0.5,0.0,0.0,2.030196861406182
35093,0,calendar_2014_test,146.82489481731218,148.0,0.5,0.0,0.0,1.1751051826878154
35094,0,calendar_2014_test,155.57985529670714,157.0,0.5,0.0,0.0,1.4201447032928627
35095,0,calendar_2014_test,164.37737289733903,152.0,0.5,0.0,0.0,12.37737289733903
35096,0,calendar_2014_test,149.48973897047279,152.0,0.5,0.0,0.0,2.5102610295272143
35097,0,calendar_2014_test,148.8180114184773,147.0,0.5,0.0,0.0,1.8180114184773117
35098,0,calendar_2014_test,148.24070645184358,143.0,0.5,0.0,0.0,5.240706451843579
35099,0,calendar_2014_test,146.28878576759286,139.0,0.5,0.0,0.0,7.288785767592856
35100,0,calendar_2014_test,141.58059376559194,142.0,0.5,0.0,0.0,0.4194062344080578
35101,0,calendar_2014_test,146.39345315593363,139.0,0.5,0.0,0.0,7.393453155933628
35102,0,calendar_2014_test,140.14850243663625,133.0,0.5,0.0,0.0,7.1485024366362495
35103,0,calendar_2014_test,129.49535156201839,137.0,0.5,0.0,0.0,7.504648437981615
35104,0,calendar_2014_test,136.7118512097479,138.0,0.5,0.0,0.0,1.2881487902521087
35105,0,calendar_2014_test,137.85956667431304,138.0,0.5,0.0,0.0,0.14043332568695632
35106,0,calendar_2014_test,134.77808870735666,132.0,0.5,0.0,0.0,2.778088707356659
35107,0,calendar_2014_test,129.232168010559,135.0,0.5,0.0,0.0,5.767831989440992
35108,0,calendar_2014_test,134.17978213029903,127.0,0.5,0.0,0.0,7.1797821302990315
35109,0,calendar_2014_test,124.20673966039777,109.0,0.5,0.0,0.0,15.206739660397773
35110,0,calendar_2014_test,104.11089316544737,94.0,0.5,0.0,0.0,10.110893165447365
35111,0,calendar_2014_test,96.3852418239179,100.0,0.5,0.0,0.0,3.6147581760821055
35112,0,calendar_2014_test,105.92754755642731,110.0,0.5,0.0,0.0,4.072452443572686
35113,0,calendar_2014_test,123.61018530110567,123.0,0.5,0.0,0.0,0.6101853011056733
35114,0,calendar_2014_test,133.33313885902038,132.0,0.5,0.0,0.0,1.33313885902038
35115,0,calendar_2014_test,137.17117627653192,138.0,0.5,0.0,0.0,0.8288237234680764
35116,0,calendar_2014_test,139.0907432539951,151.0,0.5,0.0,0.0,11.9092567460049
35117,0,calendar_2014_test,151.49253730377865,162.0,0.5,0.0,0.0,10.507462696221353
35118,0,calendar_2014_test,162.84414796037797,155.0,0.5,0.0,0.0,7.844147960377967
35119,0,calendar_2014_test,158.8057060869955,143.0,0.5,0.0,0.0,15.805706086995514
35120,0,calendar_2014_test,144.20957402041262,145.0,0.5,0.0,0.0,0.7904259795873827
35121,0,calendar_2014_test,152.92085374950872,147.0,0.5,0.0,0.0,5.920853749508723
35122,0,calendar_2014_test,145.30094728806668,154.0,0.5,0.0,0.0,8.69905271193332
35123,0,calendar_2014_test,154.94525523664376,163.0,0.5,0.0,0.0,8.05474476335624
35124,0,calendar_2014_test,166.73195426140649,170.0,0.5,0.0,0.0,3.268045738593514
35125,0,calendar_2014_test,173.26803300357426,174.0,0.5,0.0,0.0,0.73196699642574
35126,0,calendar_2014_test,175.7441252245849,196.0,0.5,0.0,0.0,20.255874775415094
35127,0,calendar_2014_test,189.68625117501568,207.0,0.5,0.0,0.0,17.313748824984316
35128,0,calendar_2014_test,208.4060476000907,198.0,0.5,0.0,0.0,10.406047600090687
35129,0,calendar_2014_test,187.66499849175247,176.0,0.5,0.0,0.0,11.66499849175247
35130,0,calendar_2014_test,169.2689863657032,111.0,0.5,0.0,0.0,58.2689863657032
35131,0,calendar_2014_test,102.62583129183498,85.0,0.5,0.0,0.0,17.625831291834984
35132,0,calendar_2014_test,78.22074487995371,79.0,0.5,0.0,0.0,0.7792551200462867
35133,0,calendar_2014_test,80.65487726052953,100.0,0.5,0.0,0.0,19.34512273947047
35134,0,calendar_2014_test,107.61609375018563,105.0,0.5,0.0,0.0,2.6160937501856267
35135,0,calendar_2014_test,108.84761038244882,110.0,0.5,0.0,0.0,1.1523896175511794
35136,0,calendar_2014_test,119.9826517674846,123.0,0.5,0.0,0.0,3.0173482325154026
35137,0,calendar_2014_test,139.67118130777797,124.0,0.5,0.0,0.0,15.671181307777971
35138,0,calendar_2014_test,130.40934834722287,129.0,0.5,0.0,0.0,1.409348347222874
35139,0,calendar_2014_test,131.71120888941132,140.0,0.5,0.0,0.0,8.288791110588676
35140,0,calendar_2014_test,138.49746277179204,156.0,0.5,0.0,0.0,17.502537228207956
35141,0,calendar_2014_test,153.49188841664997,104.0,0.5,0.0,0.0,49.49188841664997
35142,0,calendar_2014_test,84.53223105526862,2.0,0.5,0.0,0.0,82.53223105526862
35143,0,calendar_2014_test,11.123375249479988,2.0,0.5,0.0,0.0,9.123375249479988
35144,0,calendar_2014_test,11.035348274696943,6.0,0.5,0.0,0.0,5.035348274696943
35145,0,calendar_2014_test,13.37902111262875,5.0,0.5,0.0,0.0,8.37902111262875
35146,0,calendar_2014_test,9.498385174437754,5.0,0.5,0.0,0.0,4.498385174437754
35147,0,calendar_2014_test,10.333082225521268,6.0,0.5,0.0,0.0,4.333082225521268
35148,0,calendar_2014_test,10.098160709863054,3.0,0.5,0.0,0.0,7.098160709863054
35149,0,calendar_2014_test,9.015821807532896,3.0,0.5,0.0,0.0,6.015821807532896
35150,0,calendar_2014_test,8.561545786906631,7.0,0.5,0.0,0.0,1.5615457869066312
35151,0,calendar_2014_test,10.462086799899302,7.0,0.5,0.0,0.0,3.4620867998993017
35152,0,calendar_2014_test,9.28118918532646,3.0,0.5,0.0,0.0,6.281189185326459
35153,0,calendar_2014_test,7.533174312074359,3.0,0.5,0.0,0.0,4.533174312074359
35154,0,calendar_2014_test,8.15540859103883,4.0,0.5,0.0,0.0,4.15540859103883
35155,0,calendar_2014_test,7.862367948872024,6.0,0.5,0.0,0.0,1.8623679488720244
35156,0,calendar_2014_test,9.957962450987436,6.0,0.5,0.0,0.0,3.957962450987436
35157,0,calendar_2014_test,11.206640516699482,4.0,0.5,0.0,0.0,7.206640516699482
35158,0,calendar_2014_test,11.776112819945668,10.0,0.5,0.0,0.0,1.7761128199456682
35159,0,calendar_2014_test,15.817370189280087,15.0,0.5,0.0,0.0,0.8173701892800871
35160,0,calendar_2014_test,17.446215156941804,12.0,0.5,0.0,0.0,5.446215156941804
35161,0,calendar_2014_test,15.066054079350288,14.0,0.5,0.0,0.0,1.0660540793502875
35162,0,calendar_2014_test,20.18268632215592,20.0,0.5,0.0,0.0,0.18268632215592007
35163,0,calendar_2014_test,22.542864720701754,19.0,0.5,0.0,0.0,3.542864720701754
35164,0,calendar_2014_test,20.922779807004673,22.0,0.5,0.0,0.0,1.077220192995327
35165,0,calendar_2014_test,22.33970409089451,30.0,0.5,0.0,0.0,7.660295909105489
35166,0,calendar_2014_test,30.33026743126244,37.0,0.5,0.0,0.0,6.669732568737562
35167,0,calendar_2014_test,37.88150009736309,39.0,0.5,0.0,0.0,1.1184999026369127
35168,0,calendar_2014_test,37.33397822523514,45.0,0.5,0.0,0.0,7.666021774764857
35169,0,calendar_2014_test,45.63237179208,42.0,0.5,0.0,0.0,3.6323717920800007
35170,0,calendar_2014_test,45.65680567872815,39.0,0.5,0.0,0.0,6.656805678728148
35171,0,calendar_2014_test,38.167465137998605,25.0,0.5,0.0,0.0,13.167465137998605
35172,0,calendar_2014_test,24.24984373543097,23.0,0.5,0.0,0.0,1.2498437354309715
35173,0,calendar_2014_test,22.942948863317607,17.0,0.5,0.0,0.0,5.942948863317607
35174,0,calendar_2014_test,17.79165446174883,27.0,0.5,0.0,0.0,9.20834553825117
35175,0,calendar_2014_test,33.8516110172503,19.0,0.5,0.0,0.0,14.851611017250299
35176,0,calendar_2014_test,20.246746307631945,22.0,0.5,0.0,0.0,1.7532536923680553
35177,0,calendar_2014_test,26.34646057254255,31.0,0.5,0.0,0.0,4.653539427457449
35178,0,calendar_2014_test,34.83834814134359,43.0,0.5,0.0,0.0,8.161651858656413
35179,0,calendar_2014_test,46.9127976940582,54.0,0.5,0.0,0.0,7.087202305941801
35180,0,calendar_2014_test,56.307762004741576,45.0,0.5,0.0,0.0,11.307762004741576
35181,0,calendar_2014_test,47.26312539975982,44.0,0.5,0.0,0.0,3.263125399759822
35182,0,calendar_2014_test,47.11652773265678,35.0,0.5,0.0,0.0,12.116527732656778
35183,0,calendar_2014_test,40.193705068471914,41.0,0.5,0.0,0.0,0.8062949315280861
35184,0,calendar_2014_test,46.634001544617455,46.0,0.5,0.0,0.0,0.6340015446174547
35185,0,calendar_2014_test,51.64164022464417,47.0,0.5,0.0,0.0,4.641640224644171
35186,0,calendar_2014_test,51.64230177252678,61.0,0.5,0.0,0.0,9.357698227473222
35187,0,calendar_2014_test,64.37607994605035,80.0,0.5,0.0,0.0,15.623920053949647
35188,0,calendar_2014_test,84.94943611223223,52.0,0.5,0.0,0.0,32.949436112232235
35189,0,calendar_2014_test,51.79276259354979,41.0,0.5,0.0,0.0,10.792762593549789
35190,0,calendar_2014_test,43.8477483065651,46.0,0.5,0.0,0.0,2.1522516934348985
35191,0,calendar_2014_test,48.18583712447722,44.0,0.5,0.0,0.0,4.185837124477217
35192,0,calendar_2014_test,47.580351021291,54.0,0.5,0.0,0.0,6.419648978708999
35193,0,calendar_2014_test,59.08684018014719,59.0,0.5,0.0,0.0,0.08684018014719186
35194,0,calendar_2014_test,66.85709817899854,79.0,0.5,0.0,0.0,12.142901821001459
35195,0,calendar_2014_test,85.02548492237027,115.0,0.5,0.0,0.0,29.974515077629732
35196,0,calendar_2014_test,119.14209340016055,96.0,0.5,0.0,0.0,23.142093400160547
35197,0,calendar_2014_test,92.70010094824939,108.0,0.5,0.0,0.0,15.299899051750614
35198,0,calendar_2014_test,110.57804930416097,112.0,0.5,0.0,0.0,1.4219506958390298
35199,0,calendar_2014_test,113.41044364822703,118.0,0.5,0.0,0.0,4.58955635177297
35200,0,calendar_2014_test,117.33217788411042,92.0,0.5,0.0,0.0,25.332177884110422
35201,0,calendar_2014_test,83.30432003368274,74.0,0.5,0.0,0.0,9.304320033682743
35202,0,calendar_2014_test,69.7045544249267,50.0,0.5,0.0,0.0,19.704554424926698
35203,0,calendar_2014_test,48.3292888636514,36.0,0.5,0.0,0.0,12.3292888636514
35204,0,calendar_2014_test,36.2494982865286,30.0,0.5,0.0,0.0,6.249498286528599
35205,0,calendar_2014_test,34.42052120545589,38.0,0.5,0.0,0.0,3.5794787945441087
35206,0,calendar_2014_test,40.45648528341309,36.0,0.5,0.0,0.0,4.4564852834130875
35207,0,calendar_2014_test,40.50698354872734,43.0,0.5,0.0,0.0,2.493016451272659
35208,0,calendar_2014_test,50.54247514293638,48.0,0.5,0.0,0.0,2.5424751429363823
35209,0,calendar_2014_test,53.8640677208738,57.0,0.5,0.0,0.0,3.1359322791262016
35210,0,calendar_2014_test,61.577564939161995,65.0,0.5,0.0,0.0,3.422435060838005
35211,0,calendar_2014_test,72.7498185419092,83.0,0.5,0.0,0.0,10.250181458090793
35212,0,calendar_2014_test,93.51621390608607,95.0,0.5,0.0,0.0,1.4837860939139347
35213,0,calendar_2014_test,103.86979050059948,82.0,0.5,0.0,0.0,21.86979050059948
35214,0,calendar_2014_test,81.84614225008139,61.0,0.5,0.0,0.0,20.846142250081385
35215,0,calendar_2014_test,62.12526146951328,73.0,0.5,0.0,0.0,10.874738530486717
35216,0,calendar_2014_test,81.80894070490257,77.0,0.5,0.0,0.0,4.808940704902568
35217,0,calendar_2014_test,81.33860809166069,86.0,0.5,0.0,0.0,4.661391908339311
35218,0,calendar_2014_test,91.30361856700141,81.0,0.5,0.0,0.0,10.303618567001408
35219,0,calendar_2014_test,82.23758076179796,81.0,0.5,0.0,0.0,1.2375807617979575
35220,0,calendar_2014_test,82.37668416837234,89.0,0.5,0.0,0.0,6.623315831627664
35221,0,calendar_2014_test,88.95523595485716,91.0,0.5,0.0,0.0,2.0447640451428413
35222,0,calendar_2014_test,94.2475410638388,94.0,0.5,0.0,0.0,0.2475410638387956
35223,0,calendar_2014_test,98.08334193260937,108.0,0.5,0.0,0.0,9.916658067390628
35224,0,calendar_2014_test,109.94703185131097,101.0,0.5,0.0,0.0,8.947031851310967
35225,0,calendar_2014_test,99.23714310723142,93.0,0.5,0.0,0.0,6.237143107231418
35226,0,calendar_2014_test,94.33384851893264,88.0,0.5,0.0,0.0,6.333848518932641
35227,0,calendar_2014_test,85.50874043431509,84.0,0.5,0.0,0.0,1.5087404343150865
35228,0,calendar_2014_test,78.7964192028077,91.0,0.5,0.0,0.0,12.203580797192302
35229,0,calendar_2014_test,95.32170497902598,92.0,0.5,0.0,0.0,3.3217049790259807
35230,0,calendar_2014_test,94.31073745729215,88.0,0.5,0.0,0.0,6.310737457292149
35231,0,calendar_2014_test,91.41280065066586,116.0,0.5,0.0,0.0,24.587199349334142
35232,0,calendar_2014_test,110.195152005912,120.0,0.5,0.0,0.0,9.804847994087993
35233,0,calendar_2014_test,116.45703403643614,124.0,0.5,0.0,0.0,7.542965963563859
35234,0,calendar_2014_test,129.71579013138282,113.0,0.5,0.0,0.0,16.715790131382818
35235,0,calendar_2014_test,108.56642794446101,104.0,0.5,0.0,0.0,4.566427944461012
35236,0,calendar_2014_test,92.42207774848313,106.0,0.5,0.0,0.0,13.577922251516867
35237,0,calendar_2014_test,102.71816630595102,121.0,0.5,0.0,0.0,18.281833694048984
35238,0,calendar_2014_test,130.76385867652263,124.0,0.5,0.0,0.0,6.763858676522631
35239,0,calendar_2014_test,128.81764596074652,135.0,0.5,0.0,0.0,6.182354039253482
35240,0,calendar_2014_test,141.2644332582466,147.0,0.5,0.0,0.0,5.735566741753388
35241,0,calendar_2014_test,145.91571525802658,82.0,0.5,0.0,0.0,63.91571525802658
35242,0,calendar_2014_test,63.71917655137622,60.0,0.5,0.0,0.0,3.719176551376222
35243,0,calendar_2014_test,58.82104941124396,60.0,0.5,0.0,0.0,1.178950588756038
35244,0,calendar_2014_test,66.34379451728651,52.0,0.5,0.0,0.0,14.343794517286511
35245,0,calendar_2014_test,58.50514127912691,54.0,0.5,0.0,0.0,4.50514127912691
35246,0,calendar_2014_test,58.947956564631575,59.0,0.5,0.0,0.0,0.05204343536842515
35247,0,calendar_2014_test,67.87398675749846,59.0,0.5,0.0,0.0,8.873986757498457
35248,0,calendar_2014_test,64.59492445348889,74.0,0.5,0.0,0.0,9.405075546511114
35249,0,calendar_2014_test,80.98806284748997,68.0,0.5,0.0,0.0,12.98806284748997
35250,0,calendar_2014_test,70.35968457975058,65.0,0.5,0.0,0.0,5.359684579750578
35251,0,calendar_2014_test,69.02431154889486,68.0,0.5,0.0,0.0,1.0243115488948575
35252,0,calendar_2014_test,73.90872337169611,45.0,0.5,0.0,0.0,28.908723371696112
35253,0,calendar_2014_test,49.64151522808009,36.0,0.5,0.0,0.0,13.641515228080088
35254,0,calendar_2014_test,41.61795189374374,63.0,0.5,0.0,0.0,21.382048106256264
35255,0,calendar_2014_test,71.12067784689715,54.0,0.5,0.0,0.0,17.120677846897152
35256,0,calendar_2014_test,58.7782110296321,48.0,0.5,0.0,0.0,10.778211029632097
35257,0,calendar_2014_test,53.811038049352305,57.0,0.5,0.0,0.0,3.1889619506476947
35258,0,calendar_2014_test,64.45353104953242,58.0,0.5,0.0,0.0,6.453531049532415
35259,0,calendar_2014_test,59.29607073856813,63.0,0.5,0.0,0.0,3.703929261431867
35260,0,calendar_2014_test,70.28498841178767,51.0,0.5,0.0,0.0,19.284988411787666
35261,0,calendar_2014_test,54.75267066451111,52.0,0.5,0.0,0.0,2.7526706645111076
35262,0,calendar_2014_test,55.99204767855435,50.0,0.5,0.0,0.0,5.99204767855435
35263,0,calendar_2014_test,52.400093814525036,54.0,0.5,0.0,0.0,1.599906185474964
35264,0,calendar_2014_test,58.015046199365266,62.0,0.5,0.0,0.0,3.9849538006347345
35265,0,calendar_2014_test,66.868657991648,64.0,0.5,0.0,0.0,2.868657991648007
35266,0,calendar_2014_test,68.76580282324846,108.0,0.5,0.0,0.0,39.234197176751536
35267,0,calendar_2014_test,111.82204009388745,95.0,0.5,0.0,0.0,16.822040093887452
35268,0,calendar_2014_test,94.03565954664218,93.0,0.5,0.0,0.0,1.0356595466421794
35269,0,calendar_2014_test,96.41197879266427,94.0,0.5,0.0,0.0,2.4119787926642715
35270,0,calendar_2014_test,99.27866615172918,96.0,0.5,0.0,0.0,3.2786661517291833
35271,0,calendar_2014_test,98.56246687496336,51.0,0.5,0.0,0.0,47.56246687496336
35272,0,calendar_2014_test,50.65976619402271,60.0,0.5,0.0,0.0,9.340233805977292
35273,0,calendar_2014_test,63.697986719567076,50.0,0.5,0.0,0.0,13.697986719567076
35274,0,calendar_2014_test,50.74768122938881,46.0,0.5,0.0,0.0,4.74768122938881
35275,0,calendar_2014_test,47.30056151477447,39.0,0.5,0.0,0.0,8.300561514774472
35276,0,calendar_2014_test,39.5194507028648,38.0,0.5,0.0,0.0,1.5194507028648019
35277,0,calendar_2014_test,40.47268146052197,47.0,0.5,0.0,0.0,6.527318539478031
35278,0,calendar_2014_test,50.66651529734377,46.0,0.5,0.0,0.0,4.666515297343771
35279,0,calendar_2014_test,49.32071135137764,48.0,0.5,0.0,0.0,1.3207113513776392
35280,0,calendar_2014_test,51.526381836287904,53.0,0.5,0.0,0.0,1.4736181637120964
35281,0,calendar_2014_test,57.91974202480411,67.0,0.5,0.0,0.0,9.080257975195892
35282,0,calendar_2014_test,74.59039125773403,61.0,0.5,0.0,0.0,13.590391257734026
35283,0,calendar_2014_test,65.75389917792218,73.0,0.5,0.0,0.0,7.246100822077821
35284,0,calendar_2014_test,81.25561062627612,79.0,0.5,0.0,0.0,2.2556106262761233
35285,0,calendar_2014_test,82.81340507363232,74.0,0.5,0.0,0.0,8.813405073632325
35286,0,calendar_2014_test,78.34565415061263,71.0,0.5,0.0,0.0,7.345654150612631
35287,0,calendar_2014_test,73.24655296633941,76.0,0.5,0.0,0.0,2.753447033660592
35288,0,calendar_2014_test,83.09961197995948,75.0,0.5,0.0,0.0,8.099611979959477
35289,0,calendar_2014_test,79.70309823692354,78.0,0.5,0.0,0.0,1.7030982369235375
35290,0,calendar_2014_test,80.54630196366242,86.0,0.5,0.0,0.0,5.453698036337585
35291,0,calendar_2014_test,91.7072352564378,95.0,0.5,0.0,0.0,3.292764743562202
35292,0,calendar_2014_test,93.4278421173231,106.0,0.5,0.0,0.0,12.572157882676905
35293,0,calendar_2014_test,97.72668248358205,79.0,0.5,0.0,0.0,18.726682483582053
35294,0,calendar_2014_test,68.96428063241602,63.0,0.5,0.0,0.0,5.9642806324160205
35295,0,calendar_2014_test,56.63786139229192,49.0,0.5,0.0,0.0,7.637861392291917
35296,0,calendar_2014_test,44.660999896162224,27.0,0.5,0.0,0.0,17.660999896162224
35297,0,calendar_2014_test,24.902070448229473,11.0,0.5,0.0,0.0,13.902070448229473
35298,0,calendar_2014_test,12.675781971748021,10.0,0.5,0.0,0.0,2.6757819717480213
35299,0,calendar_2014_test,11.188348641103087,6.0,0.5,0.0,0.0,5.188348641103087
35300,0,calendar_2014_test,9.353150312998032,11.0,0.5,0.0,0.0,1.6468496870019678
35301,0,calendar_2014_test,13.195010054229774,12.0,0.5,0.0,0.0,1.1950100542297744
35302,0,calendar_2014_test,17.056455167367712,13.0,0.5,0.0,0.0,4.056455167367712
35303,0,calendar_2014_test,19.456850137003123,10.0,0.5,0.0,0.0,9.456850137003123
35304,0,calendar_2014_test,19.6873387925928,15.0,0.5,0.0,0.0,4.687338792592801
35305,0,calendar_2014_test,22.3441798367811,23.0,0.5,0.0,0.0,0.6558201632188982
35306,0,calendar_2014_test,31.351872596824258,34.0,0.5,0.0,0.0,2.6481274031757422
35307,0,calendar_2014_test,41.484527322969974,36.0,0.5,0.0,0.0,5.484527322969974
35308,0,calendar_2014_test,38.30700315031932,42.0,0.5,0.0,0.0,3.692996849680682
35309,0,calendar_2014_test,43.32763392190771,42.0,0.5,0.0,0.0,1.3276339219077116
35310,0,calendar_2014_test,45.23751466884766,47.0,0.5,0.0,0.0,1.762485331152341
35311,0,calendar_2014_test,48.925750641213334,47.0,0.5,0.0,0.0,1.9257506412133338
35312,0,calendar_2014_test,46.03701758841452,28.0,0.5,0.0,0.0,18.03701758841452
35313,0,calendar_2014_test,26.143898118017997,20.0,0.5,0.0,0.0,6.143898118017997
35314,0,calendar_2014_test,20.156502402574674,23.0,0.5,0.0,0.0,2.8434975974253263
35315,0,calendar_2014_test,22.281784423049213,16.0,0.5,0.0,0.0,6.2817844230492135
35316,0,calendar_2014_test,16.678096145677106,16.0,0.5,0.0,0.0,0.678096145677106
35317,0,calendar_2014_test,15.691722388268696,15.0,0.5,0.0,0.0,0.6917223882686958
35318,0,calendar_2014_test,16.235271562765988,11.0,0.5,0.0,0.0,5.235271562765988
35319,0,calendar_2014_test,13.050911390092093,11.0,0.5,0.0,0.0,2.050911390092093
35320,0,calendar_2014_test,12.185683336045889,7.0,0.5,0.0,0.0,5.185683336045889
35321,0,calendar_2014_test,8.575686796133246,4.0,0.5,0.0,0.0,4.575686796133246
35322,0,calendar_2014_test,9.317753270317203,3.0,0.5,0.0,0.0,6.317753270317203
35323,0,calendar_2014_test,7.995558721864559,6.0,0.5,0.0,0.0,1.9955587218645592
35324,0,calendar_2014_test,8.189262588981789,8.0,0.5,0.0,0.0,0.18926258898178894
35325,0,calendar_2014_test,9.79961354521364,6.0,0.5,0.0,0.0,3.7996135452136404
35326,0,calendar_2014_test,12.57637260832262,11.0,0.5,0.0,0.0,1.57637260832262
35327,0,calendar_2014_test,16.863087804818136,16.0,0.5,0.0,0.0,0.8630878048181359
35328,0,calendar_2014_test,20.275008938136274,18.0,0.5,0.0,0.0,2.275008938136274
35329,0,calendar_2014_test,22.785362795598505,20.0,0.5,0.0,0.0,2.7853627955985054
35330,0,calendar_2014_test,24.4815867106998,25.0,0.5,0.0,0.0,0.5184132893001987
35331,0,calendar_2014_test,27.26651234372084,20.0,0.5,0.0,0.0,7.266512343720841
35332,0,calendar_2014_test,22.79544301158931,26.0,0.5,0.0,0.0,3.2045569884106904
35333,0,calendar_2014_test,28.61579807328933,30.0,0.5,0.0,0.0,1.38420192671067
35334,0,calendar_2014_test,31.796443785765728,34.0,0.5,0.0,0.0,2.203556214234272
35335,0,calendar_2014_test,37.77778808143473,30.0,0.5,0.0,0.0,7.777788081434728
35336,0,calendar_2014_test,33.55616379500661,53.0,0.5,0.0,0.0,19.44383620499339
35337,0,calendar_2014_test,53.917238653614696,49.0,0.5,0.0,0.0,4.917238653614696
35338,0,calendar_2014_test,46.18815011922999,33.0,0.5,0.0,0.0,13.188150119229988
35339,0,calendar_2014_test,31.638583307898635,18.0,0.5,0.0,0.0,13.638583307898635
35340,0,calendar_2014_test,51.22322408691466,49.0,0.5,0.0,0.0,2.2232240869146622
35341,0,calendar_2014_test,53.5514202893684,49.0,0.5,0.0,0.0,4.5514202893684015
35342,0,calendar_2014_test,50.76866718274429,55.0,0.5,0.0,0.0,4.231332817255712
35343,0,calendar_2014_test,58.41314083611926,56.0,0.5,0.0,0.0,2.4131408361192612
35344,0,calendar_2014_test,59.64394267664325,62.0,0.5,0.0,0.0,2.356057323356751
35345,0,calendar_2014_test,66.36710166736052,80.0,0.5,0.0,0.0,13.632898332639485
35346,0,calendar_2014_test,88.66971433099495,99.0,0.5,0.0,0.0,10.33028566900505
35347,0,calendar_2014_test,100.66427443308332,104.0,0.5,0.0,0.0,3.335725566916679
35348,0,calendar_2014_test,98.00973370321242,99.0,0.5,0.0,0.0,0.9902662967875813
35349,0,calendar_2014_test,91.45020894369163,97.0,0.5,0.0,0.0,5.549791056308365
35350,0,calendar_2014_test,89.21807463713225,108.0,0.5,0.0,0.0,18.781925362867753
35351,0,calendar_2014_test,100.98307061195676,99.0,0.5,0.0,0.0,1.9830706119567623
35352,0,calendar_2014_test,91.32600761755647,119.0,0.5,0.0,0.0,27.67399238244353
35353,0,calendar_2014_test,112.38758025171589,93.0,0.5,0.0,0.0,19.38758025171589
35354,0,calendar_2014_test,88.57463404811297,78.0,0.5,0.0,0.0,10.57463404811297
35355,0,calendar_2014_test,71.10101120967487,67.0,0.5,0.0,0.0,4.101011209674866
35356,0,calendar_2014_test,69.9453176106544,69.0,0.5,0.0,0.0,0.9453176106543992
35357,0,calendar_2014_test,71.36008721525738,51.0,0.5,0.0,0.0,20.36008721525738
35358,0,calendar_2014_test,48.754420830060745,41.0,0.5,0.0,0.0,7.754420830060745
35359,0,calendar_2014_test,42.916298644046506,34.0,0.5,0.0,0.0,8.916298644046506
35360,0,calendar_2014_test,39.94442761337302,21.0,0.5,0.0,0.0,18.944427613373023
35361,0,calendar_2014_test,30.19948038868134,27.0,0.5,0.0,0.0,3.1994803886813408
35362,0,calendar_2014_test,36.396489794278644,34.0,0.5,0.0,0.0,2.3964897942786436
35363,0,calendar_2014_test,42.7137379735617,37.0,0.5,0.0,0.0,5.713737973561699
35364,0,calendar_2014_test,43.976033483281846,51.0,0.5,0.0,0.0,7.023966516718154
35365,0,calendar_2014_test,54.82150681189994,61.0,0.5,0.0,0.0,6.178493188100063
35366,0,calendar_2014_test,64.72137217860254,63.0,0.5,0.0,0.0,1.721372178602536
35367,0,calendar_2014_test,67.50166197151741,59.0,0.5,0.0,0.0,8.501661971517407
35368,0,calendar_2014_test,65.19610055724334,70.0,0.5,0.0,0.0,4.803899442756659
35369,0,calendar_2014_test,75.67009841191872,78.0,0.5,0.0,0.0,2.3299015880812846
35370,0,calendar_2014_test,82.45622316161307,84.0,0.5,0.0,0.0,1.5437768383869326
35371,0,calendar_2014_test,89.29645248399727,97.0,0.5,0.0,0.0,7.703547516002729
35372,0,calendar_2014_test,101.04088490744584,110.0,0.5,0.0,0.0,8.959115092554157
35373,0,calendar_2014_test,118.88187439649253,106.0,0.5,0.0,0.0,12.881874396492535
35374,0,calendar_2014_test,98.65610691063631,92.0,0.5,0.0,0.0,6.656106910636311
35375,0,calendar_2014_test,90.93332701294123,110.0,0.5,0.0,0.0,19.066672987058766
35376,0,calendar_2014_test,121.18434172089292,121.0,0.5,0.0,0.0,0.18434172089291678
35377,0,calendar_2014_test,128.60099679511683,136.0,0.5,0.0,0.0,7.399003204883172
35378,0,calendar_2014_test,141.25794900070434,150.0,0.5,0.0,0.0,8.742050999295657
35379,0,calendar_2014_test,146.30640448314335,118.0,0.5,0.0,0.0,28.306404483143353
35380,0,calendar_2014_test,105.47632302805441,91.0,0.5,0.0,0.0,14.47632302805441
35381,0,calendar_2014_test,82.30865070859974,86.0,0.5,0.0,0.0,3.6913492914002575
35382,0,calendar_2014_test,85.65237230444103,67.0,0.5,0.0,0.0,18.65237230444103
35383,0,calendar_2014_test,67.58092091579294,60.0,0.5,0.0,0.0,7.5809209157929445
35384,0,calendar_2014_test,62.18642768531891,53.0,0.5,0.0,0.0,9.186427685318911
35385,0,calendar_2014_test,56.97271272732905,53.0,0.5,0.0,0.0,3.9727127273290535
35386,0,calendar_2014_test,159.79485103482335,159.0,0.5,0.0,0.0,0.7948510348233526
35387,0,calendar_2014_test,167.64188027572095,180.0,0.5,0.0,0.0,12.35811972427905
35388,0,calendar_2014_test,185.330950287914,200.0,0.5,0.0,0.0,14.669049712086007
35389,0,calendar_2014_test,202.10738216632092,228.0,0.5,0.0,0.0,25.892617833679083
35390,0,calendar_2014_test,224.01893030218835,229.0,0.5,0.0,0.0,4.981069697811648
35391,0,calendar_2014_test,225.85665737622944,200.0,0.5,0.0,0.0,25.856657376229435
35392,0,calendar_2014_test,191.13114916148155,146.0,0.5,0.0,0.0,45.131149161481545
35393,0,calendar_2014_test,130.49504241571023,133.0,0.5,0.0,0.0,2.5049575842897696
35394,0,calendar_2014_test,128.17920261734608,125.0,0.5,0.0,0.0,3.1792026173460783
35395,0,calendar_2014_test,126.38363382279911,79.0,0.5,0.0,0.0,47.38363382279911
35396,0,calendar_2014_test,75.81357174681997,80.0,0.5,0.0,0.0,4.186428253180026
35397,0,calendar_2014_test,88.21407332527463,72.0,0.5,0.0,0.0,16.214073325274626
35398,0,calendar_2014_test,78.2406267736719,59.0,0.5,0.0,0.0,19.240626773671906
35399,0,calendar_2014_test,63.28889462642584,63.0,0.5,0.0,0.0,0.2888946264258365
35400,0,calendar_2014_test,69.76524296635758,64.0,0.5,0.0,0.0,5.765242966357576
35401,0,calendar_2014_test,71.45879340792267,52.0,0.5,0.0,0.0,19.45879340792267
35402,0,calendar_2014_test,54.76511454280759,67.0,0.5,0.0,0.0,12.234885457192412
35403,0,calendar_2014_test,77.22107980193613,78.0,0.5,0.0,0.0,0.7789201980638722
35404,0,calendar_2014_test,83.97223084276231,89.0,0.5,0.0,0.0,5.027769157237685
35405,0,calendar_2014_test,94.94667879277027,88.0,0.5,0.0,0.0,6.946678792770271
35406,0,calendar_2014_test,87.80510393961144,96.0,0.5,0.0,0.0,8.194896060388558
35407,0,calendar_2014_test,99.45047655798561,100.0,0.5,0.0,0.0,0.5495234420143902
35408,0,calendar_2014_test,103.77303238770791,93.0,0.5,0.0,0.0,10.773032387707914
35409,0,calendar_2014_test,100.19168119225301,85.0,0.5,0.0,0.0,15.191681192253014
35410,0,calendar_2014_test,87.42458742955542,88.0,0.5,0.0,0.0,0.575412570444584
35411,0,calendar_2014_test,90.54586004670519,82.0,0.5,0.0,0.0,8.545860046705187
35412,0,calendar_2014_test,83.75385014164351,80.0,0.5,0.0,0.0,3.753850141643511
35413,0,calendar_2014_test,83.52763165711144,59.0,0.5,0.0,0.0,24.527631657111442
35414,0,calendar_2014_test,57.77198912733093,75.0,0.5,0.0,0.0,17.228010872669067
35415,0,calendar_2014_test,84.85438712805747,77.0,0.5,0.0,0.0,7.854387128057468
35416,0,calendar_2014_test,80.93151623231924,70.0,0.5,0.0,0.0,10.93151623231924
35417,0,calendar_2014_test,72.8182174733743,80.0,0.5,0.0,0.0,7.181782526625696
35418,0,calendar_2014_test,87.96457668615705,81.0,0.5,0.0,0.0,6.964576686157045
35419,0,calendar_2014_test,85.6693521799479,79.0,0.5,0.0,0.0,6.669352179947893
35420,0,calendar_2014_test,82.38495260418419,89.0,0.5,0.0,0.0,6.615047395815807
35421,0,calendar_2014_test,94.38509497359343,106.0,0.5,0.0,0.0,11.614905026406575
35422,0,calendar_2014_test,110.21722409603511,112.0,0.5,0.0,0.0,1.7827759039648896
35423,0,calendar_2014_test,118.87030439837233,118.0,0.5,0.0,0.0,0.8703043983723262
35424,0,calendar_2014_test,122.96782767263807,120.0,0.5,0.0,0.0,2.967827672638066
35425,0,calendar_2014_test,122.10593834698604,119.0,0.5,0.0,0.0,3.1059383469860364
35426,0,calendar_2014_test,116.34943076749256,127.0,0.5,0.0,0.0,10.650569232507436
35427,0,calendar_2014_test,123.37669614703691,128.0,0.5,0.0,0.0,4.62330385296309
35428,0,calendar_2014_test,118.39231135786622,135.0,0.5,0.0,0.0,16.60768864213378
35429,0,calendar_2014_test,124.41954229294466,133.0,0.5,0.0,0.0,8.580457707055345
35430,0,calendar_2014_test,121.84870388991781,124.0,0.5,0.0,0.0,2.1512961100821855
35431,0,calendar_2014_test,116.24561144701387,112.0,0.5,0.0,0.0,4.2456114470138715
35432,0,calendar_2014_test,108.37365384138107,107.0,0.5,0.0,0.0,1.3736538413810706
35433,0,calendar_2014_test,101.86064973284479,109.0,0.5,0.0,0.0,7.1393502671552085
35434,0,calendar_2014_test,96.94722510546882,108.0,0.5,0.0,0.0,11.052774894531183
35435,0,calendar_2014_test,90.31501072275267,119.0,0.5,0.0,0.0,28.684989277247325
35436,0,calendar_2014_test,117.72612757565824,117.0,0.5,0.0,0.0,0.7261275756582393
35437,0,calendar_2014_test,117.77947006741708,120.0,0.5,0.0,0.0,2.22052993258292
35438,0,calendar_2014_test,109.69053509210927,123.0,0.5,0.0,0.0,13.309464907890728
35439,0,calendar_2014_test,109.0232160860047,114.0,0.5,0.0,0.0,4.976783913995305
35440,0,calendar_2014_test,101.66470741243073,109.0,0.5,0.0,0.0,7.3352925875692705
35441,0,calendar_2014_test,89.16668651503849,96.0,0.5,0.0,0.0,6.833313484961508
35442,0,calendar_2014_test,80.69056843313452,102.0,0.5,0.0,0.0,21.309431566865484
35443,0,calendar_2014_test,87.90132603596906,95.0,0.5,0.0,0.0,7.098673964030937
35444,0,calendar_2014_test,85.48200916717929,81.0,0.5,0.0,0.0,4.482009167179285
35445,0,calendar_2014_test,68.5735152477958,73.0,0.5,0.0,0.0,4.426484752204203
35446,0,calendar_2014_test,67.08288819708363,63.0,0.5,0.0,0.0,4.0828881970836335
35447,0,calendar_2014_test,56.45169094371357,45.0,0.5,0.0,0.0,11.451690943713572
35448,0,calendar_2014_test,40.57047429174299,51.0,0.5,0.0,0.0,10.42952570825701
35449,0,calendar_2014_test,49.50579127286219,40.0,0.5,0.0,0.0,9.50579127286219
35450,0,calendar_2014_test,37.83820355596103,36.0,0.5,0.0,0.0,1.8382035559610301
35451,0,calendar_2014_test,34.95110447985851,34.0,0.5,0.0,0.0,0.9511044798585075
35452,0,calendar_2014_test,36.43067957599653,24.0,0.5,0.0,0.0,12.430679575996528
35453,0,calendar_2014_test,26.0176955934568,27.0,0.5,0.0,0.0,0.9823044065432001
35454,0,calendar_2014_test,44.28486147495593,56.0,0.5,0.0,0.0,11.715138525044068
35455,0,calendar_2014_test,59.56260201085217,61.0,0.5,0.0,0.0,1.4373979891478328
35456,0,calendar_2014_test,63.889085110718604,64.0,0.5,0.0,0.0,0.11091488928139626
35457,0,calendar_2014_test,68.88808405802976,101.0,0.5,0.0,0.0,32.11191594197024
35458,0,calendar_2014_test,106.61358082490926,111.0,0.5,0.0,0.0,4.386419175090737
35459,0,calendar_2014_test,116.184127484751,82.0,0.5,0.0,0.0,34.184127484751
35460,0,calendar_2014_test,79.207951167711,84.0,0.5,0.0,0.0,4.792048832288998
35461,0,calendar_2014_test,88.32143883369596,89.0,0.5,0.0,0.0,0.6785611663040356
35462,0,calendar_2014_test,90.4466088239908,91.0,0.5,0.0,0.0,0.5533911760091996
35463,0,calendar_2014_test,92.1625875396816,81.0,0.5,0.0,0.0,11.162587539681596
35464,0,calendar_2014_test,80.50916933298662,103.0,0.5,0.0,0.0,22.490830667013384
35465,0,calendar_2014_test,100.05732880754145,99.0,0.5,0.0,0.0,1.0573288075414524
35466,0,calendar_2014_test,96.6444582550096,105.0,0.5,0.0,0.0,8.355541744990404
35467,0,calendar_2014_test,103.34582107060318,121.0,0.5,0.0,0.0,17.65417892939682
35468,0,calendar_2014_test,128.09829276241476,139.0,0.5,0.0,0.0,10.901707237585242
35469,0,calendar_2014_test,144.14932117152688,141.0,0.5,0.0,0.0,3.1493211715268785
35470,0,calendar_2014_test,145.91346395497408,148.0,0.5,0.0,0.0,2.086536045025923
35471,0,calendar_2014_test,144.1929737634068,168.0,0.5,0.0,0.0,23.807026236593202
35472,0,calendar_2014_test,174.08759401311178,157.0,0.5,0.0,0.0,17.087594013111783
35473,0,calendar_2014_test,161.54146138478055,159.0,0.5,0.0,0.0,2.541461384780547
35474,0,calendar_2014_test,162.79278324784354,151.0,0.5,0.0,0.0,11.792783247843545
35475,0,calendar_2014_test,148.04351676220656,137.0,0.5,0.0,0.0,11.043516762206565
35476,0,calendar_2014_test,137.53892359796384,128.0,0.5,0.0,0.0,9.538923597963844
35477,0,calendar_2014_test,130.15847518487803,144.0,0.5,0.0,0.0,13.841524815121971
35478,0,calendar_2014_test,156.17497464682543,147.0,0.5,0.0,0.0,9.174974646825433
35479,0,calendar_2014_test,152.2775703434605,157.0,0.5,0.0,0.0,4.722429656539504
35480,0,calendar_2014_test,160.48471274799908,145.0,0.5,0.0,0.0,15.484712747999083
35481,0,calendar_2014_test,144.6755959794973,74.0,0.5,0.0,0.0,70.6755959794973
35482,0,calendar_2014_test,69.54198319615821,60.0,0.5,0.0,0.0,9.541983196158213
35483,0,calendar_2014_test,63.61565838883631,75.0,0.5,0.0,0.0,11.384341611163691
35484,0,calendar_2014_test,86.57417302902172,86.0,0.5,0.0,0.0,0.574173029021722
35485,0,calendar_2014_test,95.30667142371583,87.0,0.5,0.0,0.0,8.306671423715827
35486,0,calendar_2014_test,92.78355762308234,99.0,0.5,0.0,0.0,6.216442376917655
35487,0,calendar_2014_test,108.05447811018455,96.0,0.5,0.0,0.0,12.054478110184547
35488,0,calendar_2014_test,97.66697999279876,107.0,0.5,0.0,0.0,9.333020007201242
35489,0,calendar_2014_test,113.3442444143092,111.0,0.5,0.0,0.0,2.344244414309202
35490,0,calendar_2014_test,118.82117825268726,120.0,0.5,0.0,0.0,1.178821747312739
35491,0,calendar_2014_test,125.73360919644333,121.0,0.5,0.0,0.0,4.733609196443325
35492,0,calendar_2014_test,126.29580603754853,126.0,0.5,0.0,0.0,0.2958060375485303
35493,0,calendar_2014_test,129.26033733431657,130.0,0.5,0.0,0.0,0.7396626656834258
35494,0,calendar_2014_test,132.18753455539658,123.0,0.5,0.0,0.0,9.187534555396581
35495,0,calendar_2014_test,124.41815278402848,129.0,0.5,0.0,0.0,4.581847215971521
35496,0,calendar_2014_test,133.7816701170513,146.0,0.5,0.0,0.0,12.218329882948694
35497,0,calendar_2014_test,150.33835403206763,155.0,0.5,0.0,0.0,4.6616459679323725
35498,0,calendar_2014_test,161.21335022835584,193.0,0.5,0.0,0.0,31.786649771644164
35499,0,calendar_2014_test,201.27216297139552,194.0,0.5,0.0,0.0,7.272162971395517
35500,0,calendar_2014_test,186.54682865538544,203.0,0.5,0.0,0.0,16.45317134461456
35501,0,calendar_2014_test,202.3260835278558,217.0,0.5,0.0,0.0,14.673916472144214
35502,0,calendar_2014_test,218.0973807963102,219.0,0.5,0.0,0.0,0.9026192036897953
35503,0,calendar_2014_test,228.1158848197338,196.0,0.5,0.0,0.0,32.11588481973379
35504,0,calendar_2014_test,185.2920746656378,166.0,0.5,0.0,0.0,19.292074665637813
35505,0,calendar_2014_test,159.87549822160622,149.0,0.5,0.0,0.0,10.875498221606222
35506,0,calendar_2014_test,141.80253517795265,119.0,0.5,0.0,0.0,22.80253517795265
35507,0,calendar_2014_test,111.17839967073337,132.0,0.5,0.0,0.0,20.82160032926663
35508,0,calendar_2014_test,137.056944997083,61.0,0.5,0.0,0.0,76.05694499708301
35509,0,calendar_2014_test,48.30797424066223,9.0,0.5,0.0,0.0,39.30797424066223
35510,0,calendar_2014_test,19.36298313628261,9.0,0.5,0.0,0.0,10.362983136282612
35511,0,calendar_2014_test,15.871755707697025,42.0,0.5,0.0,0.0,26.128244292302973
35512,0,calendar_2014_test,41.36734879427693,43.0,0.5,0.0,0.0,1.6326512057230715
35513,0,calendar_2014_test,41.79281720757838,51.0,0.5,0.0,0.0,9.20718279242162
35514,0,calendar_2014_test,48.64176910399765,28.0,0.5,0.0,0.0,20.641769103997653
35515,0,calendar_2014_test,28.95764452335792,26.0,0.5,0.0,0.0,2.9576445233579207
35516,0,calendar_2014_test,23.99167238007034,14.0,0.5,0.0,0.0,9.99167238007034
35517,0,calendar_2014_test,15.930645793807951,15.0,0.5,0.0,0.0,0.9306457938079511
35518,0,calendar_2014_test,18.670648534213566,10.0,0.5,0.0,0.0,8.670648534213566
35519,0,calendar_2014_test,14.124920741422573,6.0,0.5,0.0,0.0,8.124920741422573
35520,0,calendar_2014_test,16.176293284729116,10.0,0.5,0.0,0.0,6.176293284729116
35521,0,calendar_2014_test,14.359327601434252,10.0,0.5,0.0,0.0,4.359327601434252
35522,0,calendar_2014_test,15.45636244344124,17.0,0.5,0.0,0.0,1.5436375565587603
35523,0,calendar_2014_test,20.182815992936302,16.0,0.5,0.0,0.0,4.182815992936302
35524,0,calendar_2014_test,21.063208254178047,22.0,0.5,0.0,0.0,0.936791745821953
35525,0,calendar_2014_test,26.31318674658462,32.0,0.5,0.0,0.0,5.68681325341538
35526,0,calendar_2014_test,40.69948821191496,54.0,0.5,0.0,0.0,13.30051178808504
35527,0,calendar_2014_test,65.30397936500076,52.0,0.5,0.0,0.0,13.303979365000757
35528,0,calendar_2014_test,53.447015967578885,59.0,0.5,0.0,0.0,5.552984032421115
35529,0,calendar_2014_test,64.35683979248104,59.0,0.5,0.0,0.0,5.35683979248104
35530,0,calendar_2014_test,63.46373686001324,77.0,0.5,0.0,0.0,13.536263139986758
35531,0,calendar_2014_test,85.56647463484849,83.0,0.5,0.0,0.0,2.5664746348484897
35532,0,calendar_2014_test,87.0517503468779,83.0,0.5,0.0,0.0,4.0517503468778955
35533,0,calendar_2014_test,84.98366250471008,66.0,0.5,0.0,0.0,18.983662504710082
35534,0,calendar_2014_test,67.30690503128685,59.0,0.5,0.0,0.0,8.306905031286846
35535,0,calendar_2014_test,63.44719199539829,49.0,0.5,0.0,0.0,14.447191995398292
35536,0,calendar_2014_test,48.796423870221865,58.0,0.5,0.0,0.0,9.203576129778135
35537,0,calendar_2014_test,61.35667347737962,61.0,0.5,0.0,0.0,0.35667347737962274
35538,0,calendar_2014_test,59.95228250403252,63.0,0.5,0.0,0.0,3.0477174959674826
35539,0,calendar_2014_test,67.98893877460962,71.0,0.5,0.0,0.0,3.011061225390378
35540,0,calendar_2014_test,74.96835254586672,82.0,0.5,0.0,0.0,7.031647454133278
35541,0,calendar_2014_test,89.55536542262107,87.0,0.5,0.0,0.0,2.5553654226210654
35542,0,calendar_2014_test,90.95280337769272,98.0,0.5,0.0,0.0,7.047196622307283
35543,0,calendar_2014_test,101.42128061923616,101.0,0.5,0.0,0.0,0.4212806192361569
35544,0,calendar_2014_test,100.7399106289464,69.0,0.5,0.0,0.0,31.739910628946404
35545,0,calendar_2014_test,68.87312601139871,62.0,0.5,0.0,0.0,6.8731260113987105
35546,0,calendar_2014_test,63.33989670036268,45.0,0.5,0.0,0.0,18.33989670036268
35547,0,calendar_2014_test,49.65198023642026,53.0,0.5,0.0,0.0,3.3480197635797424
35548,0,calendar_2014_test,57.358212835335934,46.0,0.5,0.0,0.0,11.358212835335934
35549,0,calendar_2014_test,49.96423571426822,57.0,0.5,0.0,0.0,7.03576428573178
35550,0,calendar_2014_test,62.920164175853685,53.0,0.5,0.0,0.0,9.920164175853685
35551,0,calendar_2014_test,59.565748943821,51.0,0.5,0.0,0.0,8.565748943821
35552,0,calendar_2014_test,54.34082447124504,58.0,0.5,0.0,0.0,3.6591755287549574
35553,0,calendar_2014_test,62.96225064582556,75.0,0.5,0.0,0.0,12.037749354174437
35554,0,calendar_2014_test,84.97266096709231,75.0,0.5,0.0,0.0,9.97266096709231
35555,0,calendar_2014_test,79.75653793402982,79.0,0.5,0.0,0.0,0.7565379340298222
35556,0,calendar_2014_test,82.32011121200777,97.0,0.5,0.0,0.0,14.679888787992226
35557,0,calendar_2014_test,103.70542415145016,105.0,0.5,0.0,0.0,1.2945758485498402
35558,0,calendar_2014_test,106.71080099355405,105.0,0.5,0.0,0.0,1.7108009935540451
35559,0,calendar_2014_test,104.17510586239898,107.0,0.5,0.0,0.0,2.824894137601021
35560,0,calendar_2014_test,109.40566095155093,103.0,0.5,0.0,0.0,6.405660951550928
35561,0,calendar_2014_test,101.80030960223445,102.0,0.5,0.0,0.0,0.19969039776555064
35562,0,calendar_2014_test,101.959560396637,97.0,0.5,0.0,0.0,4.959560396637002
35563,0,calendar_2014_test,95.74110535141571,99.0,0.5,0.0,0.0,3.2588946485842882
35564,0,calendar_2014_test,91.57913850291038,85.0,0.5,0.0,0.0,6.579138502910382
35565,0,calendar_2014_test,67.41638065037156,77.0,0.5,0.0,0.0,9.583619349628435
35566,0,calendar_2014_test,67.11760644264851,17.0,0.5,0.0,0.0,50.11760644264851
35567,0,calendar_2014_test,18.04985307258864,13.0,0.5,0.0,0.0,5.04985307258864
35568,0,calendar_2014_test,15.249912185336482,10.0,0.5,0.0,0.0,5.249912185336482
35569,0,calendar_2014_test,16.468779734353514,10.0,0.5,0.0,0.0,6.4687797343535145
35570,0,calendar_2014_test,12.734325998452636,12.0,0.5,0.0,0.0,0.7343259984526362
35571,0,calendar_2014_test,13.493159818729488,13.0,0.5,0.0,0.0,0.4931598187294881
35572,0,calendar_2014_test,16.835020176280615,12.0,0.5,0.0,0.0,4.835020176280615
35573,0,calendar_2014_test,20.38709873339635,12.0,0.5,0.0,0.0,8.38709873339635
35574,0,calendar_2014_test,19.101535874610466,14.0,0.5,0.0,0.0,5.101535874610466
35575,0,calendar_2014_test,20.135011123105443,21.0,0.5,0.0,0.0,0.8649888768945573
35576,0,calendar_2014_test,27.397475433094634,17.0,0.5,0.0,0.0,10.397475433094634
35577,0,calendar_2014_test,22.15609770061531,23.0,0.5,0.0,0.0,0.8439022993846912
35578,0,calendar_2014_test,27.458138438167932,26.0,0.5,0.0,0.0,1.458138438167932
35579,0,calendar_2014_test,29.920642330510493,20.0,0.5,0.0,0.0,9.920642330510493
35580,0,calendar_2014_test,24.76064209500362,24.0,0.5,0.0,0.0,0.7606420950036217
35581,0,calendar_2014_test,28.087773236187473,22.0,0.5,0.0,0.0,6.0877732361874735
35582,0,calendar_2014_test,25.975650113895295,17.0,0.5,0.0,0.0,8.975650113895295
35583,0,calendar_2014_test,21.375987609587668,17.0,0.5,0.0,0.0,4.375987609587668
35584,0,calendar_2014_test,20.477879398080056,20.0,0.5,0.0,0.0,0.47787939808005575
35585,0,calendar_2014_test,24.462001705487566,13.0,0.5,0.0,0.0,11.462001705487566
35586,0,calendar_2014_test,17.98143570407751,18.0,0.5,0.0,0.0,0.018564295922491425
35587,0,calendar_2014_test,19.406474589143208,15.0,0.5,0.0,0.0,4.406474589143208
35588,0,calendar_2014_test,17.238030991382598,17.0,0.5,0.0,0.0,0.23803099138259753
35589,0,calendar_2014_test,20.894588335194484,23.0,0.5,0.0,0.0,2.1054116648055157
35590,0,calendar_2014_test,27.297780842751838,22.0,0.5,0.0,0.0,5.297780842751838
35591,0,calendar_2014_test,23.399824202851367,16.0,0.5,0.0,0.0,7.3998242028513666
35592,0,calendar_2014_test,20.513894606508252,22.0,0.5,0.0,0.0,1.4861053934917479
35593,0,calendar_2014_test,22.583009530049974,21.0,0.5,0.0,0.0,1.5830095300499742
35594,0,calendar_2014_test,26.632432059485236,23.0,0.5,0.0,0.0,3.632432059485236
35595,0,calendar_2014_test,28.048796066747194,20.0,0.5,0.0,0.0,8.048796066747194
35596,0,calendar_2014_test,26.665211041154432,26.0,0.5,0.0,0.0,0.6652110411544321
35597,0,calendar_2014_test,32.33959073727078,31.0,0.5,0.0,0.0,1.3395907372707825
35598,0,calendar_2014_test,38.10885729328639,44.0,0.5,0.0,0.0,5.891142706713609
35599,0,calendar_2014_test,55.81814580127095,53.0,0.5,0.0,0.0,2.8181458012709513
35600,0,calendar_2014_test,56.790453679630055,57.0,0.5,0.0,0.0,0.20954632036994525
35601,0,calendar_2014_test,61.45164031468847,60.0,0.5,0.0,0.0,1.4516403146884684
35602,0,calendar_2014_test,64.33379181320835,78.0,0.5,0.0,0.0,13.66620818679165
35603,0,calendar_2014_test,85.41910857359517,85.0,0.5,0.0,0.0,0.4191085735951674
35604,0,calendar_2014_test,89.3054884194017,83.0,0.5,0.0,0.0,6.305488419401698
35605,0,calendar_2014_test,85.88692719148243,89.0,0.5,0.0,0.0,3.113072808517572
35606,0,calendar_2014_test,91.57152533620884,80.0,0.5,0.0,0.0,11.571525336208836
35607,0,calendar_2014_test,80.77308428333637,80.0,0.5,0.0,0.0,0.7730842833363738
35608,0,calendar_2014_test,83.53209299605061,69.0,0.5,0.0,0.0,14.532092996050608
35609,0,calendar_2014_test,69.16251034167082,58.0,0.5,0.0,0.0,11.162510341670824
35610,0,calendar_2014_test,58.08671771712817,62.0,0.5,0.0,0.0,3.913282282871833
35611,0,calendar_2014_test,64.19272325829199,73.0,0.5,0.0,0.0,8.807276741708009
35612,0,calendar_2014_test,81.8482123893103,77.0,0.5,0.0,0.0,4.848212389310305
35613,0,calendar_2014_test,78.49426437440354,90.0,0.5,0.0,0.0,11.505735625596458
35614,0,calendar_2014_test,96.42432430317375,91.0,0.5,0.0,0.0,5.424324303173748
35615,0,calendar_2014_test,87.07413064565688,96.0,0.5,0.0,0.0,8.92586935434312
35616,0,calendar_2014_test,86.47999375851639,71.0,0.5,0.0,0.0,15.479993758516386
35617,0,calendar_2014_test,60.1359670837627,77.0,0.5,0.0,0.0,16.8640329162373
35618,0,calendar_2014_test,75.52971686490395,76.0,0.5,0.0,0.0,0.4702831350960537
35619,0,calendar_2014_test,70.3409498564908,100.0,0.5,0.0,0.0,29.659050143509205
35620,0,calendar_2014_test,89.94794897475803,100.0,0.5,0.0,0.0,10.052051025241965
35621,0,calendar_2014_test,98.4243987975433,97.0,0.5,0.0,0.0,1.4243987975433043
35622,0,calendar_2014_test,89.82059676336317,93.0,0.5,0.0,0.0,3.17940323663683
35623,0,calendar_2014_test,83.68166200673123,88.0,0.5,0.0,0.0,4.31833799326877
35624,0,calendar_2014_test,85.60972946762882,82.0,0.5,0.0,0.0,3.6097294676288243
35625,0,calendar_2014_test,80.25778700828512,86.0,0.5,0.0,0.0,5.742212991714879
35626,0,calendar_2014_test,88.06510270163612,82.0,0.5,0.0,0.0,6.065102701636121
35627,0,calendar_2014_test,81.02548713154948,69.0,0.5,0.0,0.0,12.025487131549482
35628,0,calendar_2014_test,61.84267070708065,66.0,0.5,0.0,0.0,4.15732929291935
35629,0,calendar_2014_test,60.992167701507526,59.0,0.5,0.0,0.0,1.992167701507526
35630,0,calendar_2014_test,55.342925274593426,62.0,0.5,0.0,0.0,6.657074725406574
35631,0,calendar_2014_test,55.96292808249414,73.0,0.5,0.0,0.0,17.037071917505862
35632,0,calendar_2014_test,71.34701509667914,80.0,0.5,0.0,0.0,8.652984903320856
35633,0,calendar_2014_test,78.54726834180721,74.0,0.5,0.0,0.0,4.547268341807211
35634,0,calendar_2014_test,70.07139888855625,79.0,0.5,0.0,0.0,8.928601111443754
35635,0,calendar_2014_test,81.87996491911618,64.0,0.5,0.0,0.0,17.879964919116176
35636,0,calendar_2014_test,63.6409665497845,61.0,0.5,0.0,0.0,2.640966549784501
35637,0,calendar_2014_test,64.8746713473552,75.0,0.5,0.0,0.0,10.125328652644797
35638,0,calendar_2014_test,82.22418568318453,64.0,0.5,0.0,0.0,18.22418568318453
35639,0,calendar_2014_test,66.51381437220148,39.0,0.5,0.0,0.0,27.51381437220148
35640,0,calendar_2014_test,42.396952911902744,31.0,0.5,0.0,0.0,11.396952911902744
35641,0,calendar_2014_test,35.80780765540281,27.0,0.5,0.0,0.0,8.807807655402812
35642,0,calendar_2014_test,34.18119956362702,21.0,0.5,0.0,0.0,13.181199563627018
35643,0,calendar_2014_test,28.33400818872947,27.0,0.5,0.0,0.0,1.3340081887294701
35644,0,calendar_2014_test,35.293358338633325,33.0,0.5,0.0,0.0,2.2933583386333254
35645,0,calendar_2014_test,42.06946839669,60.0,0.5,0.0,0.0,17.93053160331
35646,0,calendar_2014_test,77.97665304116926,79.0,0.5,0.0,0.0,1.023346958830743
35647,0,calendar_2014_test,91.10082731656594,93.0,0.5,0.0,0.0,1.8991726834340596
35648,0,calendar_2014_test,103.23084139596821,129.0,0.5,0.0,0.0,25.769158604031787
35649,0,calendar_2014_test,134.70863346064638,132.0,0.5,0.0,0.0,2.708633460646382
35650,0,calendar_2014_test,134.3927338855915,121.0,0.5,0.0,0.0,13.392733885591497
35651,0,calendar_2014_test,123.97153267448243,115.0,0.5,0.0,0.0,8.971532674482432
35652,0,calendar_2014_test,114.95424500920565,113.0,0.5,0.0,0.0,1.9542450092056498
35653,0,calendar_2014_test,114.24793249114418,135.0,0.5,0.0,0.0,20.752067508855816
35654,0,calendar_2014_test,139.80681218000694,115.0,0.5,0.0,0.0,24.806812180006943
35655,0,calendar_2014_test,110.66881417396637,149.0,0.5,0.0,0.0,38.33118582603363
35656,0,calendar_2014_test,149.70446047842165,109.0,0.5,0.0,0.0,40.70446047842165
35657,0,calendar_2014_test,95.22624031344158,73.0,0.5,0.0,0.0,22.22624031344158
35658,0,calendar_2014_test,64.95010543295042,57.0,0.5,0.0,0.0,7.950105432950423
35659,0,calendar_2014_test,58.26595860824372,53.0,0.5,0.0,0.0,5.2659586082437215
35660,0,calendar_2014_test,54.5209354582853,59.0,0.5,0.0,0.0,4.479064541714699
35661,0,calendar_2014_test,66.86461188321692,57.0,0.5,0.0,0.0,9.864611883216924
35662,0,calendar_2014_test,60.78949436366589,84.0,0.5,0.0,0.0,23.210505636334112
35663,0,calendar_2014_test,94.45427190456398,91.0,0.5,0.0,0.0,3.4542719045639814
35664,0,calendar_2014_test,97.2959118460474,133.0,0.5,0.0,0.0,35.7040881539526
35665,0,calendar_2014_test,146.24511972190928,172.0,0.5,0.0,0.0,25.754880278090724
35666,0,calendar_2014_test,184.7577325878457,182.0,0.5,0.0,0.0,2.757732587845709
35667,0,calendar_2014_test,180.5877303015347,201.0,0.5,0.0,0.0,20.41226969846531
35668,0,calendar_2014_test,207.98651856581915,207.0,0.5,0.0,0.0,0.9865185658191535
35669,0,calendar_2014_test,222.73724584466012,199.0,0.5,0.0,0.0,23.737245844660123
35670,0,calendar_2014_test,209.2328916014158,177.0,0.5,0.0,0.0,32.23289160141579
35671,0,calendar_2014_test,184.1174178376924,161.0,0.5,0.0,0.0,23.117417837692386
35672,0,calendar_2014_test,167.654407039549,156.0,0.5,0.0,0.0,11.654407039549
35673,0,calendar_2014_test,155.44884209078418,152.0,0.5,0.0,0.0,3.448842090784183
35674,0,calendar_2014_test,133.07140935579454,130.0,0.5,0.0,0.0,3.071409355794543
35675,0,calendar_2014_test,114.95660307371551,94.0,0.5,0.0,0.0,20.956603073715513
35676,0,calendar_2014_test,82.08864754395609,81.0,0.5,0.0,0.0,1.0886475439560854
35677,0,calendar_2014_test,71.24119146888125,81.0,0.5,0.0,0.0,9.758808531118746
35678,0,calendar_2014_test,78.66179235037275,78.0,0.5,0.0,0.0,0.6617923503727496
35679,0,calendar_2014_test,75.44526253426572,69.0,0.5,0.0,0.0,6.445262534265723
35680,0,calendar_2014_test,66.13956694457049,59.0,0.5,0.0,0.0,7.13956694457049
35681,0,calendar_2014_test,63.30374771690247,55.0,0.5,0.0,0.0,8.303747716902471
35682,0,calendar_2014_test,56.997268369108234,54.0,0.5,0.0,0.0,2.997268369108234
35683,0,calendar_2014_test,58.1024398779894,58.0,0.5,0.0,0.0,0.10243987798939713
35684,0,calendar_2014_test,63.71801956600938,61.0,0.5,0.0,0.0,2.7180195660093815
35685,0,calendar_2014_test,65.33742460970696,75.0,0.5,0.0,0.0,9.662575390293043
35686,0,calendar_2014_test,89.33564621828351,78.0,0.5,0.0,0.0,11.335646218283514
35687,0,calendar_2014_test,82.91145372559731,97.0,0.5,0.0,0.0,14.088546274402688
35688,0,calendar_2014_test,111.52207081299271,105.0,0.5,0.0,0.0,6.522070812992709
35689,0,calendar_2014_test,108.10889537943167,103.0,0.5,0.0,0.0,5.108895379431672
35690,0,calendar_2014_test,106.38405630970749,100.0,0.5,0.0,0.0,6.384056309707489
35691,0,calendar_2014_test,105.46984134488082,107.0,0.5,0.0,0.0,1.5301586551191804
35692,0,calendar_2014_test,112.29056121078837,109.0,0.5,0.0,0.0,3.2905612107883684
35693,0,calendar_2014_test,113.58810863153185,116.0,0.5,0.0,0.0,2.4118913684681473
35694,0,calendar_2014_test,122.88961563996307,112.0,0.5,0.0,0.0,10.889615639963068
35695,0,calendar_2014_test,115.74481412454834,101.0,0.5,0.0,0.0,14.744814124548341
35696,0,calendar_2014_test,99.44090912236275,80.0,0.5,0.0,0.0,19.440909122362754
35697,0,calendar_2014_test,78.62626543632493,77.0,0.5,0.0,0.0,1.6262654363249283
35698,0,calendar_2014_test,82.50232439479505,79.0,0.5,0.0,0.0,3.5023243947950533
35699,0,calendar_2014_test,84.46199907433035,86.0,0.5,0.0,0.0,1.5380009256696496
35700,0,calendar_2014_test,92.43439799924985,72.0,0.5,0.0,0.0,20.434397999249853
35701,0,calendar_2014_test,73.45148447891725,70.0,0.5,0.0,0.0,3.4514844789172514
35702,0,calendar_2014_test,73.21330628038965,64.0,0.5,0.0,0.0,9.213306280389645
35703,0,calendar_2014_test,68.19079997674824,67.0,0.5,0.0,0.0,1.190799976748238
35704,0,calendar_2014_test,70.21906339165109,63.0,0.5,0.0,0.0,7.2190633916510905
35705,0,calendar_2014_test,67.48062702725278,54.0,0.5,0.0,0.0,13.48062702725278
35706,0,calendar_2014_test,54.448535676372856,50.0,0.5,0.0,0.0,4.448535676372856
35707,0,calendar_2014_test,48.14714100824316,21.0,0.5,0.0,0.0,27.14714100824316
35708,0,calendar_2014_test,22.548843725080413,11.0,0.5,0.0,0.0,11.548843725080413
35709,0,calendar_2014_test,14.094782359311907,10.0,0.5,0.0,0.0,4.094782359311907
35710,0,calendar_2014_test,10.977484653541294,8.0,0.5,0.0,0.0,2.9774846535412944
35711,0,calendar_2014_test,10.393993367974982,7.0,0.5,0.0,0.0,3.393993367974982
35712,0,calendar_2014_test,9.12482466041193,10.0,0.5,0.0,0.0,0.8751753395880701
35713,0,calendar_2014_test,12.171961512182005,12.0,0.5,0.0,0.0,0.17196151218200484
35714,0,calendar_2014_test,12.788476823329853,8.0,0.5,0.0,0.0,4.788476823329853
35715,0,calendar_2014_test,10.397011986507433,6.0,0.5,0.0,0.0,4.397011986507433
35716,0,calendar_2014_test,9.8744783093413,11.0,0.5,0.0,0.0,1.1255216906586991
35717,0,calendar_2014_test,14.077095947190994,17.0,0.5,0.0,0.0,2.922904052809006
35718,0,calendar_2014_test,18.878391915173683,22.0,0.5,0.0,0.0,3.121608084826317
35719,0,calendar_2014_test,25.60953205479759,27.0,0.5,0.0,0.0,1.3904679452024098
35720,0,calendar_2014_test,28.114500625056003,43.0,0.5,0.0,0.0,14.885499374943997
35721,0,calendar_2014_test,46.80797711603188,34.0,0.5,0.0,0.0,12.807977116031878
35722,0,calendar_2014_test,37.82637767444886,39.0,0.5,0.0,0.0,1.1736223255511433
35723,0,calendar_2014_test,39.164095537164314,32.0,0.5,0.0,0.0,7.1640955371643145
35724,0,calendar_2014_test,34.813863334625196,28.0,0.5,0.0,0.0,6.813863334625196
35725,0,calendar_2014_test,27.621479832841413,28.0,0.5,0.0,0.0,0.3785201671585874
35726,0,calendar_2014_test,29.36629888157881,22.0,0.5,0.0,0.0,7.36629888157881
35727,0,calendar_2014_test,23.649456485064103,27.0,0.5,0.0,0.0,3.3505435149358966
35728,0,calendar_2014_test,27.117323227088633,22.0,0.5,0.0,0.0,5.117323227088633
35729,0,calendar_2014_test,22.42263678718076,22.0,0.5,0.0,0.0,0.42263678718076036
35730,0,calendar_2014_test,22.442586104058538,25.0,0.5,0.0,0.0,2.557413895941462
35731,0,calendar_2014_test,23.878761186368887,21.0,0.5,0.0,0.0,2.8787611863688873
35732,0,calendar_2014_test,21.734557235802068,22.0,0.5,0.0,0.0,0.2654427641979318
35733,0,calendar_2014_test,23.699724650606107,18.0,0.5,0.0,0.0,5.6997246506061074
35734,0,calendar_2014_test,19.930501789145794,18.0,0.5,0.0,0.0,1.9305017891457936
35735,0,calendar_2014_test,22.285214083627917,22.0,0.5,0.0,0.0,0.2852140836279169
35736,0,calendar_2014_test,26.197907420212598,20.0,0.5,0.0,0.0,6.197907420212598
35737,0,calendar_2014_test,24.925040694095877,25.0,0.5,0.0,0.0,0.07495930590412314
35738,0,calendar_2014_test,27.647562059807367,22.0,0.5,0.0,0.0,5.647562059807367
35739,0,calendar_2014_test,26.18508305676455,25.0,0.5,0.0,0.0,1.185083056764551
35740,0,calendar_2014_test,30.11016645258925,33.0,0.5,0.0,0.0,2.889833547410749
35741,0,calendar_2014_test,39.943914348316675,50.0,0.5,0.0,0.0,10.056085651683325
35742,0,calendar_2014_test,56.04054815652422,61.0,0.5,0.0,0.0,4.959451843475783
35743,0,calendar_2014_test,70.08126764590997,74.0,0.5,0.0,0.0,3.918732354090025
35744,0,calendar_2014_test,80.03780800969413,79.0,0.5,0.0,0.0,1.0378080096941318
35745,0,calendar_2014_test,81.13563896028414,77.0,0.5,0.0,0.0,4.13563896028414
35746,0,calendar_2014_test,80.36892792947063,91.0,0.5,0.0,0.0,10.63107207052937
35747,0,calendar_2014_test,96.34276056159695,94.0,0.5,0.0,0.0,2.342760561596947
35748,0,calendar_2014_test,97.08838872175195,107.0,0.5,0.0,0.0,9.911611278248046
35749,0,calendar_2014_test,105.11895720214672,114.0,0.5,0.0,0.0,8.881042797853283
35750,0,calendar_2014_test,112.49891368551239,104.0,0.5,0.0,0.0,8.498913685512392
35751,0,calendar_2014_test,97.95874535876214,93.0,0.5,0.0,0.0,4.958745358762144
35752,0,calendar_2014_test,90.80994707473995,85.0,0.5,0.0,0.0,5.809947074739952
35753,0,calendar_2014_test,87.5611835652379,75.0,0.5,0.0,0.0,12.561183565237897
35754,0,calendar_2014_test,77.75167496222134,75.0,0.5,0.0,0.0,2.751674962221344
35755,0,calendar_2014_test,78.50798638423377,66.0,0.5,0.0,0.0,12.507986384233774
35756,0,calendar_2014_test,67.49394519983683,66.0,0.5,0.0,0.0,1.4939451998368298
35757,0,calendar_2014_test,69.7240759164504,82.0,0.5,0.0,0.0,12.275924083549597
35758,0,calendar_2014_test,89.01872305564211,104.0,0.5,0.0,0.0,14.981276944357887
35759,0,calendar_2014_test,107.72573534346166,118.0,0.5,0.0,0.0,10.274264656538335
35760,0,calendar_2014_test,120.90951311432936,140.0,0.5,0.0,0.0,19.090486885670643
35761,0,calendar_2014_test,148.0854289818812,158.0,0.5,0.0,0.0,9.914571018118806
35762,0,calendar_2014_test,159.62451511195022,179.0,0.5,0.0,0.0,19.375484888049783
35763,0,calendar_2014_test,180.28386282720186,182.0,0.5,0.0,0.0,1.7161371727981418
35764,0,calendar_2014_test,185.25763981908034,189.0,0.5,0.0,0.0,3.742360180919661
35765,0,calendar_2014_test,195.7647974978675,220.0,0.5,0.0,0.0,24.235202502132495
35766,0,calendar_2014_test,231.93609471954463,245.0,0.5,0.0,0.0,13.063905280455373
35767,0,calendar_2014_test,262.86472456689853,255.0,0.5,0.0,0.0,7.864724566898531
35768,0,calendar_2014_test,269.3399970823871,284.0,0.5,0.0,0.0,14.660002917612928
35769,0,calendar_2014_test,279.3751026538165,326.0,0.5,0.0,0.0,46.6248973461835
35770,0,calendar_2014_test,316.1791915510509,301.0,0.5,0.0,0.0,15.179191551050906
35771,0,calendar_2014_test,287.3091267013965,289.0,0.5,0.0,0.0,1.690873298603492
35772,0,calendar_2014_test,265.78116539835304,269.0,0.5,0.0,0.0,3.218834601646961
35773,0,calendar_2014_test,244.33535294005674,249.0,0.5,0.0,0.0,4.664647059943263
35774,0,calendar_2014_test,237.312220738128,232.0,0.5,0.0,0.0,5.312220738127991
35775,0,calendar_2014_test,218.88767805858305,222.0,0.5,0.0,0.0,3.112321941416951
35776,0,calendar_2014_test,214.9495393745181,217.0,0.5,0.0,0.0,2.0504606254818896
35777,0,calendar_2014_test,215.77110024178182,215.0,0.5,0.0,0.0,0.7711002417818236
35778,0,calendar_2014_test,198.69197141571985,243.0,0.5,0.0,0.0,44.30802858428015
35779,0,calendar_2014_test,255.21614557997526,224.0,0.5,0.0,0.0,31.21614557997526
35780,0,calendar_2014_test,227.31636807897334,236.0,0.5,0.0,0.0,8.68363192102666
35781,0,calendar_2014_test,239.4236047487645,256.0,0.5,0.0,0.0,16.57639525123551
35782,0,calendar_2014_test,269.1787407179956,272.0,0.5,0.0,0.0,2.821259282004405
35783,0,calendar_2014_test,289.96072483956164,266.0,0.5,0.0,0.0,23.960724839561635
35784,0,calendar_2014_test,267.8571602022289,280.0,0.5,0.0,0.0,12.142839797771103
35785,0,calendar_2014_test,282.05173017084445,320.0,0.5,0.0,0.0,37.94826982915555
35786,0,calendar_2014_test,333.7461609255097,364.0,0.5,0.0,0.0,30.253839074490315
35787,0,calendar_2014_test,399.04679117752653,383.0,0.5,0.0,0.0,16.04679117752653
35788,0,calendar_2014_test,397.70432331659623,402.0,0.5,0.0,0.0,4.295676683403769
35789,0,calendar_2014_test,415.5525118247682,396.0,0.5,0.0,0.0,19.552511824768203
35790,0,calendar_2014_test,397.8048582476595,419.0,0.5,0.0,0.0,21.195141752340476
35791,0,calendar_2014_test,411.5423774033963,432.0,0.5,0.0,0.0,20.4576225966037
35792,0,calendar_2014_test,413.74800972514197,432.0,0.5,0.0,0.0,18.25199027485803
35793,0,calendar_2014_test,423.8007190136577,406.0,0.5,0.0,0.0,17.800719013657726
35794,0,calendar_2014_test,396.063171197872,388.0,0.5,0.0,0.0,8.063171197872009
35795,0,calendar_2014_test,364.3199132724523,368.0,0.5,0.0,0.0,3.680086727547689
35796,0,calendar_2014_test,328.6929910340593,355.0,0.5,0.0,0.0,26.307008965940724
35797,0,calendar_2014_test,343.8250430724678,349.0,0.5,0.0,0.0,5.174956927532207
35798,0,calendar_2014_test,340.0595167039321,353.0,0.5,0.0,0.0,12.940483296067896
35799,0,calendar_2014_test,348.88017957951405,345.0,0.5,0.0,0.0,3.8801795795140492
35800,0,calendar_2014_test,327.4260013095253,341.0,0.5,0.0,0.0,13.573998690474696
35801,0,calendar_2014_test,327.2228403639516,337.0,0.5,0.0,0.0,9.777159636048395
35802,0,calendar_2014_test,320.9423797230004,342.0,0.5,0.0,0.0,21.057620276999614
35803,0,calendar_2014_test,334.95368030668766,342.0,0.5,0.0,0.0,7.046319693312341
35804,0,calendar_2014_test,332.3287638789919,334.0,0.5,0.0,0.0,1.6712361210081212
35805,0,calendar_2014_test,325.3900033520708,337.0,0.5,0.0,0.0,11.609996647929222
35806,0,calendar_2014_test,331.3634805717711,343.0,0.5,0.0,0.0,11.636519428228894
35807,0,calendar_2014_test,343.46915326563163,350.0,0.5,0.0,0.0,6.530846734368367
35808,0,calendar_2014_test,358.70500866356184,364.0,0.5,0.0,0.0,5.294991336438159
35809,0,calendar_2014_test,385.5290380195607,373.0,0.5,0.0,0.0,12.529038019560687
35810,0,calendar_2014_test,408.37357893889435,385.0,0.5,0.0,0.0,23.373578938894354
35811,0,calendar_2014_test,412.9137288799834,398.0,0.5,0.0,0.0,14.91372887998341
35812,0,calendar_2014_test,423.3738527051686,430.0,0.5,0.0,0.0,6.626147294831412
35813,0,calendar_2014_test,450.8020742843549,442.0,0.5,0.0,0.0,8.802074284354887
35814,0,calendar_2014_test,454.3530747925172,443.0,0.5,0.0,0.0,11.35307479251719
35815,0,calendar_2014_test,442.26836570009783,438.0,0.5,0.0,0.0,4.2683657000978314
35816,0,calendar_2014_test,442.94298342562035,420.0,0.5,0.0,0.0,22.942983425620355
35817,0,calendar_2014_test,428.11890962426304,454.0,0.5,0.0,0.0,25.88109037573696
35818,0,calendar_2014_test,436.1859870144343,430.0,0.5,0.0,0.0,6.185987014434318
35819,0,calendar_2014_test,415.3710631912807,396.0,0.5,0.0,0.0,19.37106319128071
35820,0,calendar_2014_test,390.5745729322282,386.0,0.5,0.0,0.0,4.574572932228193
35821,0,calendar_2014_test,377.20913213965594,375.0,0.5,0.0,0.0,2.209132139655935
35822,0,calendar_2014_test,363.4995222340561,344.0,0.5,0.0,0.0,19.499522234056087
35823,0,calendar_2014_test,348.001560979533,348.0,0.5,0.0,0.0,0.0015609795329964982
35824,0,calendar_2014_test,356.8163174479904,338.0,0.5,0.0,0.0,18.8163174479904
35825,0,calendar_2014_test,339.1853769333801,319.0,0.5,0.0,0.0,20.1853769333801
35826,0,calendar_2014_test,322.2830969748699,324.0,0.5,0.0,0.0,1.7169030251300796
35827,0,calendar_2014_test,333.19301008394615,323.0,0.5,0.0,0.0,10.193010083946149
35828,0,calendar_2014_test,328.7585677365002,331.0,0.5,0.0,0.0,2.241432263499803
35829,0,calendar_2014_test,331.7698491241069,332.0,0.5,0.0,0.0,0.23015087589311634
35830,0,calendar_2014_test,325.9244537425682,328.0,0.5,0.0,0.0,2.0755462574318244
35831,0,calendar_2014_test,335.2045739651308,310.0,0.5,0.0,0.0,25.204573965130805
35832,0,calendar_2014_test,313.13678432387553,298.0,0.5,0.0,0.0,15.136784323875531
35833,0,calendar_2014_test,277.03863520997214,267.0,0.5,0.0,0.0,10.038635209972142
35834,0,calendar_2014_test,241.49070130052834,261.0,0.5,0.0,0.0,19.509298699471657
35835,0,calendar_2014_test,259.9667214838424,243.0,0.5,0.0,0.0,16.966721483842377
35836,0,calendar_2014_test,279.68544941049316,263.0,0.5,0.0,0.0,16.685449410493163
35837,0,calendar_2014_test,286.42427843958086,302.0,0.5,0.0,0.0,15.57572156041914
35838,0,calendar_2014_test,333.05506334611124,331.0,0.5,0.0,0.0,2.0550633461112398
35839,0,calendar_2014_test,359.40104511939336,330.0,0.5,0.0,0.0,29.40104511939336
35840,0,calendar_2014_test,340.9128456849606,308.0,0.5,0.0,0.0,32.91284568496059
35841,0,calendar_2014_test,312.81847634146334,322.0,0.5,0.0,0.0,9.181523658536662
35842,0,calendar_2014_test,344.40495948506697,328.0,0.5,0.0,0.0,16.404959485066968
35843,0,calendar_2014_test,334.6917181247456,303.0,0.5,0.0,0.0,31.69171812474559
35844,0,calendar_2014_test,301.9560870649133,290.0,0.5,0.0,0.0,11.956087064913277
35845,0,calendar_2014_test,293.64747773253515,317.0,0.5,0.0,0.0,23.35252226746485
35846,0,calendar_2014_test,326.23789027613344,314.0,0.5,0.0,0.0,12.237890276133442
35847,0,calendar_2014_test,299.96981794025714,269.0,0.5,0.0,0.0,30.969817940257144
35848,0,calendar_2014_test,257.2614071548953,204.0,0.5,0.0,0.0,53.26140715489532
35849,0,calendar_2014_test,190.26236304323498,217.0,0.5,0.0,0.0,26.737636956765016
35850,0,calendar_2014_test,219.69712225839694,202.0,0.5,0.0,0.0,17.697122258396945
35851,0,calendar_2014_test,193.78473691543363,196.0,0.5,0.0,0.0,2.2152630845663737
35852,0,calendar_2014_test,189.71653979080162,230.0,0.5,0.0,0.0,40.28346020919838
35853,0,calendar_2014_test,240.07031193967885,256.0,0.5,0.0,0.0,15.929688060321155
35854,0,calendar_2014_test,258.167707210154,246.0,0.5,0.0,0.0,12.167707210153992
35855,0,calendar_2014_test,249.10197652459155,243.0,0.5,0.0,0.0,6.101976524591549
35856,0,calendar_2014_test,252.9951677738614,237.0,0.5,0.0,0.0,15.995167773861397
35857,0,calendar_2014_test,234.16535437861188,233.0,0.5,0.0,0.0,1.1653543786118803
35858,0,calendar_2014_test,226.48333230806708,239.0,0.5,0.0,0.0,12.516667691932923
35859,0,calendar_2014_test,234.12573733643598,253.0,0.5,0.0,0.0,18.874262663564025
35860,0,calendar_2014_test,239.40162625375856,108.0,0.5,0.0,0.0,131.40162625375856
35861,0,calendar_2014_test,62.93122644140804,21.0,0.5,0.0,0.0,41.93122644140804
35862,0,calendar_2014_test,24.139711336476434,18.0,0.5,0.0,0.0,6.139711336476434
35863,0,calendar_2014_test,20.798557467763715,5.0,0.5,0.0,0.0,15.798557467763715
35864,0,calendar_2014_test,8.650647943741186,6.0,0.5,0.0,0.0,2.650647943741186
35865,0,calendar_2014_test,8.320874713317654,7.0,0.5,0.0,0.0,1.3208747133176537
35866,0,calendar_2014_test,8.856781469512628,8.0,0.5,0.0,0.0,0.8567814695126277
35867,0,calendar_2014_test,9.637484718688276,5.0,0.5,0.0,0.0,4.637484718688276
35868,0,calendar_2014_test,7.692750432332673,7.0,0.5,0.0,0.0,0.692750432332673
35869,0,calendar_2014_test,9.33207309968879,9.0,0.5,0.0,0.0,0.33207309968878995
35870,0,calendar_2014_test,13.226105015758876,9.0,0.5,0.0,0.0,4.2261050157588755
35871,0,calendar_2014_test,12.495045569194591,9.0,0.5,0.0,0.0,3.495045569194591
35872,0,calendar_2014_test,10.658747207799223,8.0,0.5,0.0,0.0,2.658747207799223
35873,0,calendar_2014_test,10.21351789387046,7.0,0.5,0.0,0.0,3.21351789387046
35874,0,calendar_2014_test,8.811873441628428,4.0,0.5,0.0,0.0,4.811873441628428
35875,0,calendar_2014_test,8.75363872255381,3.0,0.5,0.0,0.0,5.753638722553809
35876,0,calendar_2014_test,7.913410798565622,4.0,0.5,0.0,0.0,3.9134107985656224
35877,0,calendar_2014_test,7.602161695520092,6.0,0.5,0.0,0.0,1.602161695520092
35878,0,calendar_2014_test,7.984275237195829,3.0,0.5,0.0,0.0,4.984275237195829
35879,0,calendar_2014_test,8.077729090534978,5.0,0.5,0.0,0.0,3.0777290905349783
35880,0,calendar_2014_test,8.31449830292891,6.0,0.5,0.0,0.0,2.314498302928911
35881,0,calendar_2014_test,8.97207108686682,6.0,0.5,0.0,0.0,2.972071086866819
35882,0,calendar_2014_test,8.741773164332622,4.0,0.5,0.0,0.0,4.741773164332622
35883,0,calendar_2014_test,8.462907500016376,7.0,0.5,0.0,0.0,1.4629075000163763
35884,0,calendar_2014_test,9.443231549238229,6.0,0.5,0.0,0.0,3.443231549238229
35885,0,calendar_2014_test,10.00213800262628,7.0,0.5,0.0,0.0,3.00213800262628
35886,0,calendar_2014_test,8.881607649330666,13.0,0.5,0.0,0.0,4.118392350669334
35887,0,calendar_2014_test,13.836415518260283,8.0,0.5,0.0,0.0,5.836415518260283
35888,0,calendar_2014_test,9.34358529064613,10.0,0.5,0.0,0.0,0.6564147093538697
35889,0,calendar_2014_test,11.235040303742808,10.0,0.5,0.0,0.0,1.2350403037428084
35890,0,calendar_2014_test,10.035159509681192,7.0,0.5,0.0,0.0,3.0351595096811916
35891,0,calendar_2014_test,8.927017872184653,5.0,0.5,0.0,0.0,3.9270178721846527
35892,0,calendar_2014_test,8.16821072027277,3.0,0.5,0.0,0.0,5.16821072027277
35893,0,calendar_2014_test,8.16821072027277,3.0,0.5,0.0,0.0,5.16821072027277
35894,0,calendar_2014_test,7.109069476991336,7.0,0.5,0.0,0.0,0.10906947699133607
35895,0,calendar_2014_test,8.938935170677414,9.0,0.5,0.0,0.0,0.06106482932258572
35896,0,calendar_2014_test,12.875092501992897,7.0,0.5,0.0,0.0,5.8750925019928975
35897,0,calendar_2014_test,10.001865713754883,5.0,0.5,0.0,0.0,5.001865713754883
35898,0,calendar_2014_test,8.73947302783808,5.0,0.5,0.0,0.0,3.7394730278380806
35899,0,calendar_2014_test,8.31676055933629,7.0,0.5,0.0,0.0,1.3167605593362897
35900,0,calendar_2014_test,9.201184985681467,9.0,0.5,0.0,0.0,0.2011849856814667
35901,0,calendar_2014_test,11.126406485535304,8.0,0.5,0.0,0.0,3.1264064855353038
35902,0,calendar_2014_test,9.896282232235894,9.0,0.5,0.0,0.0,0.8962822322358939
35903,0,calendar_2014_test,10.959324094581214,9.0,0.5,0.0,0.0,1.9593240945812145
35904,0,calendar_2014_test,11.301241421991193,8.0,0.5,0.0,0.0,3.301241421991193
35905,0,calendar_2014_test,10.669750054634969,10.0,0.5,0.0,0.0,0.6697500546349691
35906,0,calendar_2014_test,14.114760659744098,10.0,0.5,0.0,0.0,4.114760659744098
35907,0,calendar_2014_test,14.421931446447266,8.0,0.5,0.0,0.0,6.421931446447266
35908,0,calendar_2014_test,14.630443324149892,13.0,0.5,0.0,0.0,1.6304433241498923
35909,0,calendar_2014_test,18.929912866040777,24.0,0.5,0.0,0.0,5.070087133959223
35910,0,calendar_2014_test,31.849027013905417,35.0,0.5,0.0,0.0,3.150972986094583
35911,0,calendar_2014_test,45.485467594793924,35.0,0.5,0.0,0.0,10.485467594793924
35912,0,calendar_2014_test,38.32684519857627,51.0,0.5,0.0,0.0,12.673154801423728
35913,0,calendar_2014_test,51.54660719695457,59.0,0.5,0.0,0.0,7.453392803045432
35914,0,calendar_2014_test,63.950737259965024,61.0,0.5,0.0,0.0,2.950737259965024
35915,0,calendar_2014_test,63.50076248136218,47.0,0.5,0.0,0.0,16.50076248136218
35916,0,calendar_2014_test,51.39683685837051,42.0,0.5,0.0,0.0,9.396836858370513
35917,0,calendar_2014_test,40.88930186760809,45.0,0.5,0.0,0.0,4.11069813239191
35918,0,calendar_2014_test,45.23045413242869,47.0,0.5,0.0,0.0,1.7695458675713098
35919,0,calendar_2014_test,45.5876879146715,33.0,0.5,0.0,0.0,12.587687914671498
35920,0,calendar_2014_test,37.49869316487812,20.0,0.5,0.0,0.0,17.49869316487812
35921,0,calendar_2014_test,24.446381821502026,25.0,0.5,0.0,0.0,0.5536181784979739
35922,0,calendar_2014_test,24.368993294910993,22.0,0.5,0.0,0.0,2.368993294910993
35923,0,calendar_2014_test,22.26911879845298,17.0,0.5,0.0,0.0,5.269118798452979
35924,0,calendar_2014_test,19.418357225626785,26.0,0.5,0.0,0.0,6.581642774373215
35925,0,calendar_2014_test,26.006036174284556,28.0,0.5,0.0,0.0,1.9939638257154435
35926,0,calendar_2014_test,27.30147491417595,31.0,0.5,0.0,0.0,3.6985250858240484
35927,0,calendar_2014_test,35.66804936164979,46.0,0.5,0.0,0.0,10.331950638350207
35928,0,calendar_2014_test,49.43966828359986,49.0,0.5,0.0,0.0,0.43966828359985755
35929,0,calendar_2014_test,50.555023922414925,37.0,0.5,0.0,0.0,13.555023922414925
35930,0,calendar_2014_test,40.30137142479777,31.0,0.5,0.0,0.0,9.301371424797772
35931,0,calendar_2014_test,36.44080967750179,31.0,0.5,0.0,0.0,5.44080967750179
35932,0,calendar_2014_test,37.35641125188635,54.0,0.5,0.0,0.0,16.64358874811365
35933,0,calendar_2014_test,59.013540521602,67.0,0.5,0.0,0.0,7.986459478397997
35934,0,calendar_2014_test,74.26840442768427,75.0,0.5,0.0,0.0,0.7315955723157259
35935,0,calendar_2014_test,83.49692558050266,88.0,0.5,0.0,0.0,4.503074419497338
35936,0,calendar_2014_test,91.26351307831868,114.0,0.5,0.0,0.0,22.73648692168132
35937,0,calendar_2014_test,118.10896982782363,128.0,0.5,0.0,0.0,9.891030172176372
35938,0,calendar_2014_test,128.91456117185362,141.0,0.5,0.0,0.0,12.08543882814638
35939,0,calendar_2014_test,144.09844719349863,149.0,0.5,0.0,0.0,4.901552806501371
35940,0,calendar_2014_test,149.0769543493352,149.0,0.5,0.0,0.0,0.07695434933521028
35941,0,calendar_2014_test,146.8341272922719,125.0,0.5,0.0,0.0,21.834127292271887
35942,0,calendar_2014_test,118.5939178243055,92.0,0.5,0.0,0.0,26.593917824305507
35943,0,calendar_2014_test,83.0429875816376,110.0,0.5,0.0,0.0,26.957012418362396
35944,0,calendar_2014_test,115.80499293833863,89.0,0.5,0.0,0.0,26.80499293833863
35945,0,calendar_2014_test,85.90134719292442,84.0,0.5,0.0,0.0,1.901347192924419
35946,0,calendar_2014_test,85.43361234303032,95.0,0.5,0.0,0.0,9.566387656969681
35947,0,calendar_2014_test,100.51471995086543,62.0,0.5,0.0,0.0,38.51471995086543
35948,0,calendar_2014_test,52.776316658169186,23.0,0.5,0.0,0.0,29.776316658169186
35949,0,calendar_2014_test,23.96065273397057,11.0,0.5,0.0,0.0,12.96065273397057
35950,0,calendar_2014_test,14.6313221987126,13.0,0.5,0.0,0.0,1.6313221987125992
35951,0,calendar_2014_test,13.939607160514376,9.0,0.5,0.0,0.0,4.939607160514376
35952,0,calendar_2014_test,10.978995180819384,12.0,0.5,0.0,0.0,1.0210048191806163
35953,0,calendar_2014_test,13.011523696724415,9.0,0.5,0.0,0.0,4.0115236967244154
35954,0,calendar_2014_test,10.9232026324306,8.0,0.5,0.0,0.0,2.9232026324306
35955,0,calendar_2014_test,10.594466808963505,9.0,0.5,0.0,0.0,1.5944668089635048
35956,0,calendar_2014_test,11.679638677625384,8.0,0.5,0.0,0.0,3.679638677625384
35957,0,calendar_2014_test,12.211293838401756,7.0,0.5,0.0,0.0,5.211293838401756
35958,0,calendar_2014_test,10.498634735770192,16.0,0.5,0.0,0.0,5.501365264229808
35959,0,calendar_2014_test,16.401934214299153,20.0,0.5,0.0,0.0,3.5980657857008467
35960,0,calendar_2014_test,21.4501631667169,17.0,0.5,0.0,0.0,4.4501631667169015
35961,0,calendar_2014_test,19.29842084892656,20.0,0.5,0.0,0.0,0.7015791510734388
35962,0,calendar_2014_test,22.2763700634374,40.0,0.5,0.0,0.0,17.7236299365626
35963,0,calendar_2014_test,46.11007773026576,27.0,0.5,0.0,0.0,19.110077730265758
35964,0,calendar_2014_test,29.945419915065955,27.0,0.5,0.0,0.0,2.945419915065955
35965,0,calendar_2014_test,29.178133282558488,29.0,0.5,0.0,0.0,0.1781332825584876
35966,0,calendar_2014_test,31.184446548280626,31.0,0.5,0.0,0.0,0.18444654828062568
35967,0,calendar_2014_test,32.935125771119324,37.0,0.5,0.0,0.0,4.064874228880676
35968,0,calendar_2014_test,42.19447956749958,36.0,0.5,0.0,0.0,6.194479567499577
35969,0,calendar_2014_test,37.66701500361188,43.0,0.5,0.0,0.0,5.33298499638812
35970,0,calendar_2014_test,46.138108975496436,44.0,0.5,0.0,0.0,2.1381089754964364
35971,0,calendar_2014_test,44.597433956329205,44.0,0.5,0.0,0.0,0.5974339563292048
35972,0,calendar_2014_test,44.49675672716805,25.0,0.5,0.0,0.0,19.496756727168048
35973,0,calendar_2014_test,30.23911600207964,17.0,0.5,0.0,0.0,13.23911600207964
35974,0,calendar_2014_test,21.615982070754455,17.0,0.5,0.0,0.0,4.615982070754455
35975,0,calendar_2014_test,20.167330710839654,27.0,0.5,0.0,0.0,6.832669289160346
35976,0,calendar_2014_test,30.762183741599223,29.0,0.5,0.0,0.0,1.7621837415992232
35977,0,calendar_2014_test,30.530243234665424,29.0,0.5,0.0,0.0,1.5302432346654236
35978,0,calendar_2014_test,31.796747257169727,36.0,0.5,0.0,0.0,4.203252742830273
35979,0,calendar_2014_test,39.03080173883708,59.0,0.5,0.0,0.0,19.969198261162923
35980,0,calendar_2014_test,64.82397657811447,59.0,0.5,0.0,0.0,5.823976578114468
35981,0,calendar_2014_test,63.84999746404745,57.0,0.5,0.0,0.0,6.849997464047448
35982,0,calendar_2014_test,60.55000773708137,55.0,0.5,0.0,0.0,5.550007737081373
35983,0,calendar_2014_test,57.09747257768369,60.0,0.5,0.0,0.0,2.902527422316311
35984,0,calendar_2014_test,66.12980853350429,70.0,0.5,0.0,0.0,3.8701914664957116
35985,0,calendar_2014_test,77.00487704981686,80.0,0.5,0.0,0.0,2.995122950183145
35986,0,calendar_2014_test,87.09847176990438,85.0,0.5,0.0,0.0,2.0984717699043784
35987,0,calendar_2014_test,90.30159730685983,88.0,0.5,0.0,0.0,2.3015973068598328
35988,0,calendar_2014_test,87.80005779290387,91.0,0.5,0.0,0.0,3.1999422070961288
35989,0,calendar_2014_test,92.19447645351252,98.0,0.5,0.0,0.0,5.805523546487478
35990,0,calendar_2014_test,97.63120032735486,103.0,0.5,0.0,0.0,5.368799672645139
35991,0,calendar_2014_test,103.49474045732947,101.0,0.5,0.0,0.0,2.4947404573294705
35992,0,calendar_2014_test,97.18648049649832,98.0,0.5,0.0,0.0,0.8135195035016807
35993,0,calendar_2014_test,98.53232258036938,99.0,0.5,0.0,0.0,0.4676774196306184
35994,0,calendar_2014_test,101.89651964596877,95.0,0.5,0.0,0.0,6.896519645968766
35995,0,calendar_2014_test,93.28767187691231,76.0,0.5,0.0,0.0,17.287671876912313
35996,0,calendar_2014_test,69.16945158530925,80.0,0.5,0.0,0.0,10.830548414690753
35997,0,calendar_2014_test,84.06947117190403,87.0,0.5,0.0,0.0,2.930528828095973
35998,0,calendar_2014_test,90.46673668335798,87.0,0.5,0.0,0.0,3.466736683357979
35999,0,calendar_2014_test,86.82530324176142,82.0,0.5,0.0,0.0,4.825303241761418
36000,0,calendar_2014_test,83.35150698454387,105.0,0.5,0.0,0.0,21.648493015456125
36001,0,calendar_2014_test,105.42559635142793,116.0,0.5,0.0,0.0,10.574403648572073
36002,0,calendar_2014_test,117.8369383678533,103.0,0.5,0.0,0.0,14.836938367853307
36003,0,calendar_2014_test,101.61583105707416,109.0,0.5,0.0,0.0,7.3841689429258395
36004,0,calendar_2014_test,115.22719660831011,118.0,0.5,0.0,0.0,2.772803391689891
36005,0,calendar_2014_test,126.80753816093154,127.0,0.5,0.0,0.0,0.19246183906845715
36006,0,calendar_2014_test,136.78680898531476,144.0,0.5,0.0,0.0,7.213191014685236
36007,0,calendar_2014_test,153.26445510216013,189.0,0.5,0.0,0.0,35.73554489783987
36008,0,calendar_2014_test,193.71949889888805,190.0,0.5,0.0,0.0,3.719498898888048
36009,0,calendar_2014_test,194.04685893307823,225.0,0.5,0.0,0.0,30.953141066921773
36010,0,calendar_2014_test,226.66920695424395,211.0,0.5,0.0,0.0,15.669206954243947
36011,0,calendar_2014_test,191.0785194737581,197.0,0.5,0.0,0.0,5.921480526241908
36012,0,calendar_2014_test,192.02002970411556,200.0,0.5,0.0,0.0,7.979970295884442
36013,0,calendar_2014_test,195.45625562904021,197.0,0.5,0.0,0.0,1.5437443709597858
36014,0,calendar_2014_test,197.3122640443565,193.0,0.5,0.0,0.0,4.31226404435651
36015,0,calendar_2014_test,189.8822255256223,180.0,0.5,0.0,0.0,9.882225525622289
36016,0,calendar_2014_test,171.99329059669932,117.0,0.5,0.0,0.0,54.993290596699325
36017,0,calendar_2014_test,93.38202412316959,110.0,0.5,0.0,0.0,16.617975876830414
36018,0,calendar_2014_test,111.05234290144612,111.0,0.5,0.0,0.0,0.0523429014461243
36019,0,calendar_2014_test,118.67860142072234,94.0,0.5,0.0,0.0,24.678601420722345
36020,0,calendar_2014_test,95.25591554125549,112.0,0.5,0.0,0.0,16.74408445874451
36021,0,calendar_2014_test,124.65496374611885,110.0,0.5,0.0,0.0,14.654963746118852
36022,0,calendar_2014_test,115.29675526811145,155.0,0.5,0.0,0.0,39.703244731888546
36023,0,calendar_2014_test,177.35487883015332,186.0,0.5,0.0,0.0,8.645121169846675
36024,0,calendar_2014_test,187.689250219988,194.0,0.5,0.0,0.0,6.310749780012003
36025,0,calendar_2014_test,189.29026541682987,210.0,0.5,0.0,0.0,20.709734583170132
36026,0,calendar_2014_test,209.2215783847758,215.0,0.5,0.0,0.0,5.778421615224204
36027,0,calendar_2014_test,221.88858323997945,230.0,0.5,0.0,0.0,8.111416760020546
36028,0,calendar_2014_test,237.55670694555275,239.0,0.5,0.0,0.0,1.4432930544472526
36029,0,calendar_2014_test,247.891893350592,272.0,0.5,0.0,0.0,24.108106649408
36030,0,calendar_2014_test,292.0408759557555,296.0,0.5,0.0,0.0,3.959124044244504
36031,0,calendar_2014_test,315.6204212638051,315.0,0.5,0.0,0.0,0.620421263805099
36032,0,calendar_2014_test,322.11247613883455,357.0,0.5,0.0,0.0,34.88752386116545
36033,0,calendar_2014_test,375.2440621381026,382.0,0.5,0.0,0.0,6.755937861897394
36034,0,calendar_2014_test,376.8897208222541,406.0,0.5,0.0,0.0,29.110279177745895
36035,0,calendar_2014_test,397.11646125380105,405.0,0.5,0.0,0.0,7.883538746198951
36036,0,calendar_2014_test,393.05224461207524,389.0,0.5,0.0,0.0,4.052244612075242
36037,0,calendar_2014_test,368.7197684227061,397.0,0.5,0.0,0.0,28.280231577293875
36038,0,calendar_2014_test,380.6194833608311,413.0,0.5,0.0,0.0,32.38051663916889
36039,0,calendar_2014_test,409.94161047462717,373.0,0.5,0.0,0.0,36.94161047462717
36040,0,calendar_2014_test,345.8287329749508,362.0,0.5,0.0,0.0,16.17126702504919
36041,0,calendar_2014_test,344.34522042374203,356.0,0.5,0.0,0.0,11.654779576257965
36042,0,calendar_2014_test,359.04893636698426,344.0,0.5,0.0,0.0,15.048936366984265
36043,0,calendar_2014_test,345.1564194784262,352.0,0.5,0.0,0.0,6.843580521573813
36044,0,calendar_2014_test,370.4888763415057,357.0,0.5,0.0,0.0,13.488876341505716
36045,0,calendar_2014_test,371.95089998131107,353.0,0.5,0.0,0.0,18.950899981311068
36046,0,calendar_2014_test,359.7227179611014,292.0,0.5,0.0,0.0,67.72271796110141
36047,0,calendar_2014_test,209.12379153741765,213.0,0.5,0.0,0.0,3.8762084625823547
36048,0,calendar_2014_test,158.2586140442514,210.0,0.5,0.0,0.0,51.7413859557486
36049,0,calendar_2014_test,211.44130180430807,183.0,0.5,0.0,0.0,28.44130180430807
36050,0,calendar_2014_test,185.00690204351108,161.0,0.5,0.0,0.0,24.006902043511076
36051,0,calendar_2014_test,168.9058776666297,153.0,0.5,0.0,0.0,15.905877666629692
36052,0,calendar_2014_test,164.9277403274351,169.0,0.5,0.0,0.0,4.072259672564911
36053,0,calendar_2014_test,200.56414712249168,196.0,0.5,0.0,0.0,4.564147122491676
36054,0,calendar_2014_test,234.3272921245567,200.0,0.5,0.0,0.0,34.32729212455669
36055,0,calendar_2014_test,225.01920279531177,197.0,0.5,0.0,0.0,28.01920279531177
36056,0,calendar_2014_test,210.35602827852452,178.0,0.5,0.0,0.0,32.35602827852452
36057,0,calendar_2014_test,181.90188721371598,161.0,0.5,0.0,0.0,20.90188721371598
36058,0,calendar_2014_test,164.13468891244372,161.0,0.5,0.0,0.0,3.134688912443721
36059,0,calendar_2014_test,165.18028920594475,166.0,0.5,0.0,0.0,0.8197107940552542
36060,0,calendar_2014_test,170.10161360770022,171.0,0.5,0.0,0.0,0.8983863922997841
36061,0,calendar_2014_test,182.35327004122595,177.0,0.5,0.0,0.0,5.353270041225954
36062,0,calendar_2014_test,184.26718766320474,177.0,0.5,0.0,0.0,7.267187663204737
36063,0,calendar_2014_test,181.82821364608213,189.0,0.5,0.0,0.0,7.171786353917867
36064,0,calendar_2014_test,191.81099489631418,187.0,0.5,0.0,0.0,4.810994896314185
36065,0,calendar_2014_test,190.98733434797532,192.0,0.5,0.0,0.0,1.0126656520246797
36066,0,calendar_2014_test,198.4832840210791,203.0,0.5,0.0,0.0,4.5167159789208995
36067,0,calendar_2014_test,211.81451970604414,234.0,0.5,0.0,0.0,22.185480293955862
36068,0,calendar_2014_test,252.4249847102138,261.0,0.5,0.0,0.0,8.575015289786194
36069,0,calendar_2014_test,264.56761813354973,265.0,0.5,0.0,0.0,0.432381866450271
36070,0,calendar_2014_test,248.7135322948986,268.0,0.5,0.0,0.0,19.286467705101387
36071,0,calendar_2014_test,253.43882378910791,285.0,0.5,0.0,0.0,31.561176210892086
36072,0,calendar_2014_test,273.49278139040723,264.0,0.5,0.0,0.0,9.492781390407231
36073,0,calendar_2014_test,238.98755892930944,253.0,0.5,0.0,0.0,14.012441070690556
36074,0,calendar_2014_test,39.69988621987512,41.0,0.5,0.0,0.0,1.3001137801248817
36075,0,calendar_2014_test,50.71830576246395,38.0,0.5,0.0,0.0,12.718305762463949
36076,0,calendar_2014_test,46.84989719976388,51.0,0.5,0.0,0.0,4.1501028002361195
36077,0,calendar_2014_test,59.15719008288879,67.0,0.5,0.0,0.0,7.842809917111211
36078,0,calendar_2014_test,75.45716981568688,84.0,0.5,0.0,0.0,8.542830184313118
36079,0,calendar_2014_test,88.98977386546038,91.0,0.5,0.0,0.0,2.0102261345396215
36080,0,calendar_2014_test,94.80958951050245,97.0,0.5,0.0,0.0,2.190410489497552
36081,0,calendar_2014_test,100.82592116318361,60.0,0.5,0.0,0.0,40.82592116318361
36082,0,calendar_2014_test,59.12332875535844,50.0,0.5,0.0,0.0,9.123328755358443
36083,0,calendar_2014_test,54.54584315178905,47.0,0.5,0.0,0.0,7.54584315178905
36084,0,calendar_2014_test,50.772376859517,52.0,0.5,0.0,0.0,1.2276231404829971
36085,0,calendar_2014_test,54.87830698818273,73.0,0.5,0.0,0.0,18.12169301181727
36086,0,calendar_2014_test,77.3702536926827,111.0,0.5,0.0,0.0,33.629746307317305
36087,0,calendar_2014_test,117.19108954792242,104.0,0.5,0.0,0.0,13.191089547922417
36088,0,calendar_2014_test,100.66576203617254,90.0,0.5,0.0,0.0,10.665762036172538
36089,0,calendar_2014_test,87.80592262279147,84.0,0.5,0.0,0.0,3.8059226227914706
36090,0,calendar_2014_test,83.42760037925895,79.0,0.5,0.0,0.0,4.427600379258948
36091,0,calendar_2014_test,78.45497007456231,83.0,0.5,0.0,0.0,4.545029925437689
36092,0,calendar_2014_test,84.53368782260438,92.0,0.5,0.0,0.0,7.466312177395622
36093,0,calendar_2014_test,95.62339884460225,104.0,0.5,0.0,0.0,8.37660115539775
36094,0,calendar_2014_test,107.42607645896791,100.0,0.5,0.0,0.0,7.426076458967913
36095,0,calendar_2014_test,99.67969641751554,101.0,0.5,0.0,0.0,1.3203035824844562
36096,0,calendar_2014_test,104.0573700679011,86.0,0.5,0.0,0.0,18.057370067901104
36097,0,calendar_2014_test,85.99006566222926,85.0,0.5,0.0,0.0,0.9900656622292558
36098,0,calendar_2014_test,86.48341514474821,83.0,0.5,0.0,0.0,3.483415144748207
36099,0,calendar_2014_test,88.39115266409897,97.0,0.5,0.0,0.0,8.608847335901032
36100,0,calendar_2014_test,104.92700984216219,117.0,0.5,0.0,0.0,12.072990157837808
36101,0,calendar_2014_test,128.0908521210687,124.0,0.5,0.0,0.0,4.090852121068707
36102,0,calendar_2014_test,133.0267208363875,127.0,0.5,0.0,0.0,6.026720836387511
36103,0,calendar_2014_test,130.41902303103598,132.0,0.5,0.0,0.0,1.5809769689640234
36104,0,calendar_2014_test,136.34196160688847,130.0,0.5,0.0,0.0,6.341961606888475
36105,0,calendar_2014_test,128.77158195542918,126.0,0.5,0.0,0.0,2.771581955429184
36106,0,calendar_2014_test,124.56686861193502,119.0,0.5,0.0,0.0,5.566868611935021
36107,0,calendar_2014_test,118.90126802374408,108.0,0.5,0.0,0.0,10.90126802374408
36108,0,calendar_2014_test,106.63429336579723,108.0,0.5,0.0,0.0,1.3657066342027662
36109,0,calendar_2014_test,106.6575971261876,102.0,0.5,0.0,0.0,4.657597126187596
36110,0,calendar_2014_test,100.80845097307784,110.0,0.5,0.0,0.0,9.19154902692216
36111,0,calendar_2014_test,119.17999432635034,113.0,0.5,0.0,0.0,6.179994326350339
36112,0,calendar_2014_test,120.20326325630553,108.0,0.5,0.0,0.0,12.203263256305533
36113,0,calendar_2014_test,108.73513862754766,116.0,0.5,0.0,0.0,7.264861372452344
36114,0,calendar_2014_test,119.40897273465163,130.0,0.5,0.0,0.0,10.591027265348373
36115,0,calendar_2014_test,137.39540819890664,134.0,0.5,0.0,0.0,3.3954081989066367
36116,0,calendar_2014_test,137.8455539588714,136.0,0.5,0.0,0.0,1.8455539588713918
36117,0,calendar_2014_test,138.89828179468591,145.0,0.5,0.0,0.0,6.101718205314086
36118,0,calendar_2014_test,153.26463665912604,149.0,0.5,0.0,0.0,4.26463665912604
36119,0,calendar_2014_test,151.67820171559663,133.0,0.5,0.0,0.0,18.67820171559663
36120,0,calendar_2014_test,131.93153444864777,143.0,0.5,0.0,0.0,11.068465551352233
36121,0,calendar_2014_test,150.38091898824624,149.0,0.5,0.0,0.0,1.3809189882462363
36122,0,calendar_2014_test,151.50195395426027,164.0,0.5,0.0,0.0,12.498046045739727
36123,0,calendar_2014_test,171.46170577833848,170.0,0.5,0.0,0.0,1.4617057783384837
36124,0,calendar_2014_test,180.55822001477324,174.0,0.5,0.0,0.0,6.558220014773241
36125,0,calendar_2014_test,183.16445620006144,191.0,0.5,0.0,0.0,7.835543799938563
36126,0,calendar_2014_test,199.98740668295363,196.0,0.5,0.0,0.0,3.987406682953633
36127,0,calendar_2014_test,198.93339719501756,195.0,0.5,0.0,0.0,3.9333971950175624
36128,0,calendar_2014_test,201.98174252724363,214.0,0.5,0.0,0.0,12.018257472756375
36129,0,calendar_2014_test,223.94115607307776,227.0,0.5,0.0,0.0,3.0588439269222363
36130,0,calendar_2014_test,230.62075303789504,217.0,0.5,0.0,0.0,13.620753037895042
36131,0,calendar_2014_test,213.2806584152112,195.0,0.5,0.0,0.0,18.280658415211207
36132,0,calendar_2014_test,174.324690904795,183.0,0.5,0.0,0.0,8.675309095204994
36133,0,calendar_2014_test,162.8014436117569,179.0,0.5,0.0,0.0,16.198556388243105
36134,0,calendar_2014_test,164.47573696284735,191.0,0.5,0.0,0.0,26.52426303715265
36135,0,calendar_2014_test,183.44702274097406,178.0,0.5,0.0,0.0,5.447022740974063
36136,0,calendar_2014_test,168.61446830193006,183.0,0.5,0.0,0.0,14.38553169806994
36137,0,calendar_2014_test,166.01860028320138,185.0,0.5,0.0,0.0,18.98139971679862
36138,0,calendar_2014_test,168.47074346990473,192.0,0.5,0.0,0.0,23.529256530095267
36139,0,calendar_2014_test,180.90246744018296,199.0,0.5,0.0,0.0,18.09753255981704
36140,0,calendar_2014_test,202.2923442428638,231.0,0.5,0.0,0.0,28.707655757136195
36141,0,calendar_2014_test,236.92352757505782,253.0,0.5,0.0,0.0,16.07647242494218
36142,0,calendar_2014_test,266.18123394688143,281.0,0.5,0.0,0.0,14.818766053118566
36143,0,calendar_2014_test,286.64222063765465,294.0,0.5,0.0,0.0,7.3577793623453545
36144,0,calendar_2014_test,299.06716885958934,317.0,0.5,0.0,0.0,17.932831140410656
36145,0,calendar_2014_test,333.1460949407524,318.0,0.5,0.0,0.0,15.146094940752391
36146,0,calendar_2014_test,308.7495591841427,323.0,0.5,0.0,0.0,14.250440815857303
36147,0,calendar_2014_test,342.38011510514417,339.0,0.5,0.0,0.0,3.3801151051441707
36148,0,calendar_2014_test,343.13550316685206,341.0,0.5,0.0,0.0,2.135503166852061
36149,0,calendar_2014_test,344.5212275443815,346.0,0.5,0.0,0.0,1.4787724556185253
36150,0,calendar_2014_test,351.6922835322025,356.0,0.5,0.0,0.0,4.307716467797491
36151,0,calendar_2014_test,365.1643635863287,383.0,0.5,0.0,0.0,17.835636413671295
36152,0,calendar_2014_test,385.0023899470237,363.0,0.5,0.0,0.0,22.002389947023687
36153,0,calendar_2014_test,360.05663284672784,381.0,0.5,0.0,0.0,20.943367153272163
36154,0,calendar_2014_test,370.83456290173706,352.0,0.5,0.0,0.0,18.83456290173706
36155,0,calendar_2014_test,343.3137330275399,319.0,0.5,0.0,0.0,24.31373302753991
36156,0,calendar_2014_test,313.68684439071353,310.0,0.5,0.0,0.0,3.6868443907135315
36157,0,calendar_2014_test,288.6637931193254,331.0,0.5,0.0,0.0,42.33620688067458
36158,0,calendar_2014_test,320.0032509470208,332.0,0.5,0.0,0.0,11.996749052979226
36159,0,calendar_2014_test,319.57472951129154,315.0,0.5,0.0,0.0,4.574729511291537
36160,0,calendar_2014_test,228.90844846323773,312.0,0.5,0.0,0.0,83.09155153676227
36161,0,calendar_2014_test,274.15133114528487,310.0,0.5,0.0,0.0,35.84866885471513
36162,0,calendar_2014_test,284.29120521480013,324.0,0.5,0.0,0.0,39.70879478519987
36163,0,calendar_2014_test,325.1688638273181,330.0,0.5,0.0,0.0,4.831136172681909
36164,0,calendar_2014_test,339.18559769692973,324.0,0.5,0.0,0.0,15.185597696929733
36165,0,calendar_2014_test,329.99354931474875,331.0,0.5,0.0,0.0,1.0064506852512523
36166,0,calendar_2014_test,343.4863523043795,346.0,0.5,0.0,0.0,2.5136476956204774
36167,0,calendar_2014_test,360.9200867968882,352.0,0.5,0.0,0.0,8.9200867968882
36168,0,calendar_2014_test,382.0059186054538,376.0,0.5,0.0,0.0,6.0059186054538145
36169,0,calendar_2014_test,389.55124983590923,402.0,0.5,0.0,0.0,12.448750164090768
36170,0,calendar_2014_test,422.9784482507238,423.0,0.5,0.0,0.0,0.021551749276227383
36171,0,calendar_2014_test,432.23484495945024,440.0,0.5,0.0,0.0,7.765155040549757
36172,0,calendar_2014_test,436.83663915001983,449.0,0.5,0.0,0.0,12.163360849980165
36173,0,calendar_2014_test,439.42294052339713,472.0,0.5,0.0,0.0,32.57705947660287
36174,0,calendar_2014_test,476.15878929996313,453.0,0.5,0.0,0.0,23.158789299963132
36175,0,calendar_2014_test,426.64197296168675,413.0,0.5,0.0,0.0,13.641972961686747
36176,0,calendar_2014_test,390.26045144484596,396.0,0.5,0.0,0.0,5.739548555154045
36177,0,calendar_2014_test,400.72190370142965,395.0,0.5,0.0,0.0,5.721903701429653
36178,0,calendar_2014_test,399.2867980280388,379.0,0.5,0.0,0.0,20.28679802803879
36179,0,calendar_2014_test,367.8410242376294,341.0,0.5,0.0,0.0,26.841024237629426
36180,0,calendar_2014_test,292.3740986013573,312.0,0.5,0.0,0.0,19.625901398642725
36181,0,calendar_2014_test,310.2349261099173,257.0,0.5,0.0,0.0,53.234926109917296
36182,0,calendar_2014_test,229.75938661050293,183.0,0.5,0.0,0.0,46.75938661050293
36183,0,calendar_2014_test,118.23924151457867,39.0,0.5,0.0,0.0,79.23924151457867
36184,0,calendar_2014_test,23.719999320369123,16.0,0.5,0.0,0.0,7.719999320369123
36185,0,calendar_2014_test,14.669258039950307,14.0,0.5,0.0,0.0,0.6692580399503072
36186,0,calendar_2014_test,12.70939186338359,16.0,0.5,0.0,0.0,3.2906081366164095
36187,0,calendar_2014_test,14.004286093939546,10.0,0.5,0.0,0.0,4.004286093939546
36188,0,calendar_2014_test,10.919632689739222,10.0,0.5,0.0,0.0,0.9196326897392222
36189,0,calendar_2014_test,9.844500212947773,9.0,0.5,0.0,0.0,0.8445002129477732
36190,0,calendar_2014_test,9.633177265631652,7.0,0.5,0.0,0.0,2.6331772656316517
36191,0,calendar_2014_test,8.611069828447091,9.0,0.5,0.0,0.0,0.388930171552909
36192,0,calendar_2014_test,10.324500882633487,9.0,0.5,0.0,0.0,1.3245008826334868
36193,0,calendar_2014_test,10.063978898238346,10.0,0.5,0.0,0.0,0.06397889823834646
36194,0,calendar_2014_test,10.665080635357565,8.0,0.5,0.0,0.0,2.6650806353575653
36195,0,calendar_2014_test,9.835460998722262,9.0,0.5,0.0,0.0,0.8354609987222616
36196,0,calendar_2014_test,11.528438068725828,17.0,0.5,0.0,0.0,5.471561931274172
36197,0,calendar_2014_test,16.51112953824851,15.0,0.5,0.0,0.0,1.511129538248511
36198,0,calendar_2014_test,18.145981382782495,15.0,0.5,0.0,0.0,3.1459813827824945
36199,0,calendar_2014_test,14.815143301960857,12.0,0.5,0.0,0.0,2.815143301960857
36200,0,calendar_2014_test,12.938510071336166,9.0,0.5,0.0,0.0,3.9385100713361663
36201,0,calendar_2014_test,10.643084940314196,10.0,0.5,0.0,0.0,0.6430849403141963
36202,0,calendar_2014_test,10.950152471099496,9.0,0.5,0.0,0.0,1.9501524710994964
36203,0,calendar_2014_test,10.49476382511923,12.0,0.5,0.0,0.0,1.5052361748807694
36204,0,calendar_2014_test,12.184963050854673,9.0,0.5,0.0,0.0,3.184963050854673
36205,0,calendar_2014_test,10.45709713275703,13.0,0.5,0.0,0.0,2.5429028672429705
36206,0,calendar_2014_test,16.26554665807957,14.0,0.5,0.0,0.0,2.2655466580795682
36207,0,calendar_2014_test,16.618400175829176,12.0,0.5,0.0,0.0,4.618400175829176
36208,0,calendar_2014_test,15.956301959154413,24.0,0.5,0.0,0.0,8.043698040845587
36209,0,calendar_2014_test,25.999735420099505,23.0,0.5,0.0,0.0,2.999735420099505
36210,0,calendar_2014_test,23.05487847883579,31.0,0.5,0.0,0.0,7.945121521164211
36211,0,calendar_2014_test,32.57769162213022,57.0,0.5,0.0,0.0,24.422308377869783
36212,0,calendar_2014_test,57.84486165254784,43.0,0.5,0.0,0.0,14.844861652547841
36213,0,calendar_2014_test,45.28224177784955,35.0,0.5,0.0,0.0,10.28224177784955
36214,0,calendar_2014_test,38.03017290315055,31.0,0.5,0.0,0.0,7.03017290315055
36215,0,calendar_2014_test,34.97055093990302,30.0,0.5,0.0,0.0,4.9705509399030205
36216,0,calendar_2014_test,32.60040335713724,25.0,0.5,0.0,0.0,7.600403357137239
36217,0,calendar_2014_test,28.592376519548434,33.0,0.5,0.0,0.0,4.407623480451566
36218,0,calendar_2014_test,38.111195619872284,39.0,0.5,0.0,0.0,0.8888043801277163
36219,0,calendar_2014_test,43.79480533167105,40.0,0.5,0.0,0.0,3.79480533167105
36220,0,calendar_2014_test,45.439559023495725,60.0,0.5,0.0,0.0,14.560440976504275
36221,0,calendar_2014_test,65.82788753298367,68.0,0.5,0.0,0.0,2.1721124670163334
36222,0,calendar_2014_test,73.44480895829537,57.0,0.5,0.0,0.0,16.44480895829537
36223,0,calendar_2014_test,58.01546646797176,51.0,0.5,0.0,0.0,7.015466467971763
36224,0,calendar_2014_test,53.07559088021097,26.0,0.5,0.0,0.0,27.075590880210967
36225,0,calendar_2014_test,30.762787684134594,50.0,0.5,0.0,0.0,19.237212315865406
36226,0,calendar_2014_test,53.56417149319316,42.0,0.5,0.0,0.0,11.564171493193157
36227,0,calendar_2014_test,43.756761039926324,43.0,0.5,0.0,0.0,0.7567610399263245
36228,0,calendar_2014_test,45.50223857658628,74.0,0.5,0.0,0.0,28.49776142341372
36229,0,calendar_2014_test,82.53078955244385,87.0,0.5,0.0,0.0,4.469210447556151
36230,0,calendar_2014_test,91.46630004423898,78.0,0.5,0.0,0.0,13.466300044238977
36231,0,calendar_2014_test,78.42436847600702,77.0,0.5,0.0,0.0,1.424368476007018
36232,0,calendar_2014_test,80.61670254686118,91.0,0.5,0.0,0.0,10.383297453138823
36233,0,calendar_2014_test,95.0799368579516,99.0,0.5,0.0,0.0,3.920063142048406
36234,0,calendar_2014_test,101.96119802888118,92.0,0.5,0.0,0.0,9.961198028881185
36235,0,calendar_2014_test,92.7523515766825,83.0,0.5,0.0,0.0,9.7523515766825
36236,0,calendar_2014_test,84.45428328495588,94.0,0.5,0.0,0.0,9.545716715044122
36237,0,calendar_2014_test,97.84021177610627,90.0,0.5,0.0,0.0,7.840211776106273
36238,0,calendar_2014_test,88.16983790774007,68.0,0.5,0.0,0.0,20.169837907740074
36239,0,calendar_2014_test,69.30883136390126,60.0,0.5,0.0,0.0,9.308831363901263
36240,0,calendar_2014_test,64.08819793185853,53.0,0.5,0.0,0.0,11.08819793185853
36241,0,calendar_2014_test,57.49654692386035,51.0,0.5,0.0,0.0,6.49654692386035
36242,0,calendar_2014_test,53.30462815374979,52.0,0.5,0.0,0.0,1.304628153749789
36243,0,calendar_2014_test,54.49328195086738,51.0,0.5,0.0,0.0,3.4932819508673774
36244,0,calendar_2014_test,53.14740443138163,47.0,0.5,0.0,0.0,6.147404431381631
36245,0,calendar_2014_test,54.333286173560396,47.0,0.5,0.0,0.0,7.333286173560396
36246,0,calendar_2014_test,54.42850384618541,59.0,0.5,0.0,0.0,4.571496153814593
36247,0,calendar_2014_test,66.10048837294377,59.0,0.5,0.0,0.0,7.100488372943772
36248,0,calendar_2014_test,63.56010520107076,74.0,0.5,0.0,0.0,10.439894798929238
36249,0,calendar_2014_test,81.31265769474642,93.0,0.5,0.0,0.0,11.68734230525358
36250,0,calendar_2014_test,102.31630168204548,101.0,0.5,0.0,0.0,1.3163016820454772
36251,0,calendar_2014_test,104.75026700436477,111.0,0.5,0.0,0.0,6.249732995635227
36252,0,calendar_2014_test,121.0912755844182,139.0,0.5,0.0,0.0,17.9087244155818
36253,0,calendar_2014_test,135.00611397529136,129.0,0.5,0.0,0.0,6.006113975291356
36254,0,calendar_2014_test,123.12005603911408,127.0,0.5,0.0,0.0,3.8799439608859245
36255,0,calendar_2014_test,117.20415888262251,114.0,0.5,0.0,0.0,3.204158882622508
36256,0,calendar_2014_test,102.87961728568412,98.0,0.5,0.0,0.0,4.87961728568412
36257,0,calendar_2014_test,85.08827947896698,102.0,0.5,0.0,0.0,16.91172052103302
36258,0,calendar_2014_test,95.2330245985689,106.0,0.5,0.0,0.0,10.766975401431097
36259,0,calendar_2014_test,99.54259052521336,111.0,0.5,0.0,0.0,11.457409474786644
36260,0,calendar_2014_test,116.6077721904716,106.0,0.5,0.0,0.0,10.607772190471593
36261,0,calendar_2014_test,105.05872156795394,105.0,0.5,0.0,0.0,0.05872156795393835
36262,0,calendar_2014_test,104.41947870820908,108.0,0.5,0.0,0.0,3.580521291790916
36263,0,calendar_2014_test,112.3974531566313,107.0,0.5,0.0,0.0,5.3974531566313
36264,0,calendar_2014_test,104.55115019080218,113.0,0.5,0.0,0.0,8.448849809197824
36265,0,calendar_2014_test,120.60222294194627,126.0,0.5,0.0,0.0,5.397777058053734
36266,0,calendar_2014_test,138.9070829851736,141.0,0.5,0.0,0.0,2.092917014826412
36267,0,calendar_2014_test,153.17176180277673,158.0,0.5,0.0,0.0,4.828238197223271
36268,0,calendar_2014_test,171.0159242229353,170.0,0.5,0.0,0.0,1.015924222935297
36269,0,calendar_2014_test,177.48405186572577,176.0,0.5,0.0,0.0,1.4840518657257746
36270,0,calendar_2014_test,178.95962002898793,183.0,0.5,0.0,0.0,4.040379971012072
36271,0,calendar_2014_test,181.53448743986996,193.0,0.5,0.0,0.0,11.465512560130037
36272,0,calendar_2014_test,197.45495164109371,215.0,0.5,0.0,0.0,17.545048358906286
36273,0,calendar_2014_test,210.88419010505478,215.0,0.5,0.0,0.0,4.115809894945215
36274,0,calendar_2014_test,228.24878766881807,210.0,0.5,0.0,0.0,18.248787668818068
36275,0,calendar_2014_test,211.76995401175813,214.0,0.5,0.0,0.0,2.2300459882418693
36276,0,calendar_2014_test,219.13995348509448,214.0,0.5,0.0,0.0,5.13995348509448
36277,0,calendar_2014_test,217.05468778215294,272.0,0.5,0.0,0.0,54.94531221784706
36278,0,calendar_2014_test,253.22657884441583,198.0,0.5,0.0,0.0,55.226578844415826
36279,0,calendar_2014_test,166.1133958679648,176.0,0.5,0.0,0.0,9.886604132035188
36280,0,calendar_2014_test,179.07064465564645,159.0,0.5,0.0,0.0,20.070644655646447
36281,0,calendar_2014_test,163.34855676371538,158.0,0.5,0.0,0.0,5.348556763715379
36282,0,calendar_2014_test,156.01225130936436,137.0,0.5,0.0,0.0,19.01225130936436
36283,0,calendar_2014_test,130.53033234661143,156.0,0.5,0.0,0.0,25.46966765338857
36284,0,calendar_2014_test,178.216153475149,161.0,0.5,0.0,0.0,17.216153475149014
36285,0,calendar_2014_test,169.15428288427304,163.0,0.5,0.0,0.0,6.154282884273044
36286,0,calendar_2014_test,167.64083722143428,178.0,0.5,0.0,0.0,10.359162778565718
36287,0,calendar_2014_test,183.47091189535325,180.0,0.5,0.0,0.0,3.470911895353254
36288,0,calendar_2014_test,177.63183660602112,179.0,0.5,0.0,0.0,1.3681633939788753
36289,0,calendar_2014_test,183.33377881205038,182.0,0.5,0.0,0.0,1.333778812050383
36290,0,calendar_2014_test,185.26505492157355,192.0,0.5,0.0,0.0,6.734945078426449
36291,0,calendar_2014_test,200.4049869474353,199.0,0.5,0.0,0.0,1.4049869474353045
36292,0,calendar_2014_test,204.99439119670436,208.0,0.5,0.0,0.0,3.005608803295644
36293,0,calendar_2014_test,216.13789424809238,212.0,0.5,0.0,0.0,4.13789424809238
36294,0,calendar_2014_test,222.2589834341727,193.0,0.5,0.0,0.0,29.258983434172706
36295,0,calendar_2014_test,197.83258760473498,205.0,0.5,0.0,0.0,7.167412395265018
36296,0,calendar_2014_test,199.6368998508883,206.0,0.5,0.0,0.0,6.363100149111688
36297,0,calendar_2014_test,213.15153875592353,212.0,0.5,0.0,0.0,1.151538755923525
36298,0,calendar_2014_test,217.176425192039,216.0,0.5,0.0,0.0,1.1764251920390052
36299,0,calendar_2014_test,219.72859664940924,232.0,0.5,0.0,0.0,12.27140335059076
36300,0,calendar_2014_test,229.72278539550248,223.0,0.5,0.0,0.0,6.722785395502484
36301,0,calendar_2014_test,225.3079816988437,229.0,0.5,0.0,0.0,3.6920183011563097
36302,0,calendar_2014_test,226.28279848383767,206.0,0.5,0.0,0.0,20.282798483837666
36303,0,calendar_2014_test,205.6263256194519,194.0,0.5,0.0,0.0,11.626325619451904
36304,0,calendar_2014_test,192.60637128937407,211.0,0.5,0.0,0.0,18.393628710625933
36305,0,calendar_2014_test,213.05183906099623,225.0,0.5,0.0,0.0,11.94816093900377
36306,0,calendar_2014_test,226.7998393607361,169.0,0.5,0.0,0.0,57.79983936073609
36307,0,calendar_2014_test,144.35189081366013,144.0,0.5,0.0,0.0,0.35189081366013397
36308,0,calendar_2014_test,143.55235455877119,150.0,0.5,0.0,0.0,6.447645441228815
36309,0,calendar_2014_test,150.48731014804792,144.0,0.5,0.0,0.0,6.487310148047925
36310,0,calendar_2014_test,142.11447657005485,143.0,0.5,0.0,0.0,0.8855234299451524
36311,0,calendar_2014_test,130.520771427133,143.0,0.5,0.0,0.0,12.479228572866987
36312,0,calendar_2014_test,144.3274664068789,145.0,0.5,0.0,0.0,0.6725335931211021
36313,0,calendar_2014_test,149.7860992582152,152.0,0.5,0.0,0.0,2.213900741784812
36314,0,calendar_2014_test,161.6261014792596,165.0,0.5,0.0,0.0,3.373898520740397
36315,0,calendar_2014_test,178.21932507561417,176.0,0.5,0.0,0.0,2.219325075614165
36316,0,calendar_2014_test,183.38220371812366,209.0,0.5,0.0,0.0,25.617796281876338
36317,0,calendar_2014_test,223.5275431358428,224.0,0.5,0.0,0.0,0.4724568641572091
36318,0,calendar_2014_test,232.97653498490047,200.0,0.5,0.0,0.0,32.97653498490047
36319,0,calendar_2014_test,201.55259308559496,188.0,0.5,0.0,0.0,13.552593085594964
36320,0,calendar_2014_test,183.71354748608243,184.0,0.5,0.0,0.0,0.2864525139175669
36321,0,calendar_2014_test,182.67686667934566,180.0,0.5,0.0,0.0,2.6768666793456646
36322,0,calendar_2014_test,181.52105902942722,189.0,0.5,0.0,0.0,7.478940970572779
36323,0,calendar_2014_test,189.8879702485314,215.0,0.5,0.0,0.0,25.11202975146861
36324,0,calendar_2014_test,241.91403373459883,180.0,0.5,0.0,0.0,61.91403373459883
36325,0,calendar_2014_test,164.93664988255813,81.0,0.5,0.0,0.0,83.93664988255813
36326,0,calendar_2014_test,56.66771614139255,78.0,0.5,0.0,0.0,21.332283858607447
36327,0,calendar_2014_test,78.04177809621966,24.0,0.5,0.0,0.0,54.04177809621966
36328,0,calendar_2014_test,31.626602339724435,26.0,0.5,0.0,0.0,5.626602339724435
36329,0,calendar_2014_test,29.537769333259277,29.0,0.5,0.0,0.0,0.537769333259277
36330,0,calendar_2014_test,31.494638155637464,22.0,0.5,0.0,0.0,9.494638155637464
36331,0,calendar_2014_test,24.304330956598626,14.0,0.5,0.0,0.0,10.304330956598626
36332,0,calendar_2014_test,16.028259297680854,11.0,0.5,0.0,0.0,5.0282592976808544
36333,0,calendar_2014_test,12.318426688746523,12.0,0.5,0.0,0.0,0.31842668874652347
36334,0,calendar_2014_test,12.664992448604075,11.0,0.5,0.0,0.0,1.6649924486040746
36335,0,calendar_2014_test,11.612315821272993,13.0,0.5,0.0,0.0,1.3876841787270067
36336,0,calendar_2014_test,13.729687340886679,12.0,0.5,0.0,0.0,1.729687340886679
36337,0,calendar_2014_test,12.714113661776343,9.0,0.5,0.0,0.0,3.7141136617763433
36338,0,calendar_2014_test,10.895106465396056,10.0,0.5,0.0,0.0,0.8951064653960561
36339,0,calendar_2014_test,12.067953059055773,10.0,0.5,0.0,0.0,2.067953059055773
36340,0,calendar_2014_test,12.660240090370559,15.0,0.5,0.0,0.0,2.339759909629441
36341,0,calendar_2014_test,16.16724844516846,18.0,0.5,0.0,0.0,1.832751554831539
36342,0,calendar_2014_test,18.103620702432348,18.0,0.5,0.0,0.0,0.10362070243234811
36343,0,calendar_2014_test,17.156709567930076,14.0,0.5,0.0,0.0,3.1567095679300756
36344,0,calendar_2014_test,14.314371939741255,16.0,0.5,0.0,0.0,1.685628060258745
36345,0,calendar_2014_test,14.886202072075527,10.0,0.5,0.0,0.0,4.886202072075527
36346,0,calendar_2014_test,11.526334463850386,9.0,0.5,0.0,0.0,2.526334463850386
36347,0,calendar_2014_test,10.75493076097563,6.0,0.5,0.0,0.0,4.754930760975631
36348,0,calendar_2014_test,8.80781967549373,8.0,0.5,0.0,0.0,0.8078196754937306
36349,0,calendar_2014_test,10.379550136372442,6.0,0.5,0.0,0.0,4.379550136372442
36350,0,calendar_2014_test,8.943856233299156,3.0,0.5,0.0,0.0,5.943856233299156
36351,0,calendar_2014_test,8.296827349226138,2.0,0.5,0.0,0.0,6.296827349226138
36352,0,calendar_2014_test,8.75866545516896,8.0,0.5,0.0,0.0,0.7586654551689591
36353,0,calendar_2014_test,10.864178745398009,8.0,0.5,0.0,0.0,2.864178745398009
36354,0,calendar_2014_test,10.663427860700125,7.0,0.5,0.0,0.0,3.663427860700125
36355,0,calendar_2014_test,9.221120282552526,6.0,0.5,0.0,0.0,3.2211202825525262
36356,0,calendar_2014_test,9.079033507010573,8.0,0.5,0.0,0.0,1.079033507010573
36357,0,calendar_2014_test,10.199596079421504,6.0,0.5,0.0,0.0,4.199596079421504
36358,0,calendar_2014_test,8.920294516964416,9.0,0.5,0.0,0.0,0.07970548303558367
36359,0,calendar_2014_test,11.04847876408597,8.0,0.5,0.0,0.0,3.0484787640859707
36360,0,calendar_2014_test,10.415399478265849,7.0,0.5,0.0,0.0,3.415399478265849
36361,0,calendar_2014_test,9.06493792201656,10.0,0.5,0.0,0.0,0.9350620779834404
36362,0,calendar_2014_test,10.190066847629195,10.0,0.5,0.0,0.0,0.19006684762919512
36363,0,calendar_2014_test,10.512378347715615,11.0,0.5,0.0,0.0,0.4876216522843855
36364,0,calendar_2014_test,13.452716025851553,10.0,0.5,0.0,0.0,3.4527160258515526
36365,0,calendar_2014_test,12.450894294240769,7.0,0.5,0.0,0.0,5.4508942942407685
36366,0,calendar_2014_test,10.092335676861598,8.0,0.5,0.0,0.0,2.092335676861598
36367,0,calendar_2014_test,13.37693685791238,7.0,0.5,0.0,0.0,6.37693685791238
36368,0,calendar_2014_test,11.810838134707375,10.0,0.5,0.0,0.0,1.8108381347073745
36369,0,calendar_2014_test,14.947481016634606,17.0,0.5,0.0,0.0,2.0525189833653936
36370,0,calendar_2014_test,18.330045949532828,22.0,0.5,0.0,0.0,3.6699540504671724
36371,0,calendar_2014_test,22.655895988609707,28.0,0.5,0.0,0.0,5.344104011390293
36372,0,calendar_2014_test,30.80537401316642,28.0,0.5,0.0,0.0,2.8053740131664213
36373,0,calendar_2014_test,29.703230703061347,26.0,0.5,0.0,0.0,3.7032307030613474
36374,0,calendar_2014_test,24.230792326592645,25.0,0.5,0.0,0.0,0.7692076734073545
36375,0,calendar_2014_test,26.00178970621449,20.0,0.5,0.0,0.0,6.001789706214488
36376,0,calendar_2014_test,24.36846089822012,11.0,0.5,0.0,0.0,13.368460898220121
36377,0,calendar_2014_test,18.982703675738822,28.0,0.5,0.0,0.0,9.017296324261178
36378,0,calendar_2014_test,29.796115725610523,39.0,0.5,0.0,0.0,9.203884274389477
36379,0,calendar_2014_test,38.21870939426827,38.0,0.5,0.0,0.0,0.21870939426826652
36380,0,calendar_2014_test,39.91640138793567,14.0,0.5,0.0,0.0,25.91640138793567
36381,0,calendar_2014_test,17.394689449213132,11.0,0.5,0.0,0.0,6.394689449213132
36382,0,calendar_2014_test,16.340445631180696,18.0,0.5,0.0,0.0,1.659554368819304
36383,0,calendar_2014_test,21.668787101803773,8.0,0.5,0.0,0.0,13.668787101803773
36384,0,calendar_2014_test,14.726176955371308,10.0,0.5,0.0,0.0,4.726176955371308
36385,0,calendar_2014_test,15.028953935846499,10.0,0.5,0.0,0.0,5.0289539358464985
36386,0,calendar_2014_test,14.649172969196202,11.0,0.5,0.0,0.0,3.6491729691962025
36387,0,calendar_2014_test,16.2925074810347,23.0,0.5,0.0,0.0,6.707492518965299
36388,0,calendar_2014_test,32.79367325642532,34.0,0.5,0.0,0.0,1.206326743574678
36389,0,calendar_2014_test,46.16078566795968,40.0,0.5,0.0,0.0,6.160785667959679
36390,0,calendar_2014_test,49.85409800550094,43.0,0.5,0.0,0.0,6.854098005500937
36391,0,calendar_2014_test,45.92400233377434,48.0,0.5,0.0,0.0,2.0759976662256605
36392,0,calendar_2014_test,51.13675839447981,57.0,0.5,0.0,0.0,5.863241605520187
36393,0,calendar_2014_test,60.78356090020047,61.0,0.5,0.0,0.0,0.2164390997995298
36394,0,calendar_2014_test,64.29603855294398,60.0,0.5,0.0,0.0,4.296038552943983
36395,0,calendar_2014_test,65.24507368271448,68.0,0.5,0.0,0.0,2.7549263172855234
36396,0,calendar_2014_test,74.54682128501786,76.0,0.5,0.0,0.0,1.453178714982144
36397,0,calendar_2014_test,81.97731999466893,72.0,0.5,0.0,0.0,9.977319994668932
36398,0,calendar_2014_test,74.54382428207737,80.0,0.5,0.0,0.0,5.456175717922633
36399,0,calendar_2014_test,84.65212486970545,80.0,0.5,0.0,0.0,4.652124869705446
36400,0,calendar_2014_test,83.14043596365262,66.0,0.5,0.0,0.0,17.14043596365262
36401,0,calendar_2014_test,68.00071549328352,64.0,0.5,0.0,0.0,4.000715493283522
36402,0,calendar_2014_test,67.36777192686529,85.0,0.5,0.0,0.0,17.632228073134712
36403,0,calendar_2014_test,95.01932442616386,96.0,0.5,0.0,0.0,0.9806755738361375
36404,0,calendar_2014_test,102.56274668696335,109.0,0.5,0.0,0.0,6.437253313036649
36405,0,calendar_2014_test,110.03890079834227,118.0,0.5,0.0,0.0,7.961099201657731
36406,0,calendar_2014_test,115.46562355450249,141.0,0.5,0.0,0.0,25.534376445497514
36407,0,calendar_2014_test,138.01544685704542,159.0,0.5,0.0,0.0,20.98455314295458
36408,0,calendar_2014_test,165.96081811406282,153.0,0.5,0.0,0.0,12.960818114062818
36409,0,calendar_2014_test,142.8785565885404,153.0,0.5,0.0,0.0,10.121443411459609
36410,0,calendar_2014_test,150.4532179102927,152.0,0.5,0.0,0.0,1.5467820897073068
36411,0,calendar_2014_test,151.06270929572824,157.0,0.5,0.0,0.0,5.93729070427176
36412,0,calendar_2014_test,165.08511481451566,159.0,0.5,0.0,0.0,6.085114814515663
36413,0,calendar_2014_test,170.8271079833397,196.0,0.5,0.0,0.0,25.172892016660313
36414,0,calendar_2014_test,211.25769777019346,208.0,0.5,0.0,0.0,3.2576977701934595
36415,0,calendar_2014_test,215.7519613089716,215.0,0.5,0.0,0.0,0.7519613089716017
36416,0,calendar_2014_test,221.45259142377367,255.0,0.5,0.0,0.0,33.54740857622633
36417,0,calendar_2014_test,258.533433249198,239.0,0.5,0.0,0.0,19.533433249198026
36418,0,calendar_2014_test,235.2250259920945,232.0,0.5,0.0,0.0,3.225025992094487
36419,0,calendar_2014_test,226.6817511505751,210.0,0.5,0.0,0.0,16.68175115057511
36420,0,calendar_2014_test,201.63626862761106,184.0,0.5,0.0,0.0,17.63626862761106
36421,0,calendar_2014_test,185.65303904670748,174.0,0.5,0.0,0.0,11.653039046707477
36422,0,calendar_2014_test,173.16283068709265,164.0,0.5,0.0,0.0,9.16283068709265
36423,0,calendar_2014_test,158.39722264029723,147.0,0.5,0.0,0.0,11.39722264029723
36424,0,calendar_2014_test,144.6988550586687,98.0,0.5,0.0,0.0,46.6988550586687
36425,0,calendar_2014_test,83.50723917224443,136.0,0.5,0.0,0.0,52.492760827755575
36426,0,calendar_2014_test,137.1800570251818,137.0,0.5,0.0,0.0,0.1800570251818101
36427,0,calendar_2014_test,143.1306061703398,90.0,0.5,0.0,0.0,53.1306061703398
36428,0,calendar_2014_test,84.59153832154225,14.0,0.5,0.0,0.0,70.59153832154225
36429,0,calendar_2014_test,16.498196205447275,8.0,0.5,0.0,0.0,8.498196205447275
36430,0,calendar_2014_test,12.150229897281676,8.0,0.5,0.0,0.0,4.150229897281676
36431,0,calendar_2014_test,9.965451607731437,11.0,0.5,0.0,0.0,1.0345483922685634
36432,0,calendar_2014_test,12.168941584562461,9.0,0.5,0.0,0.0,3.168941584562461
36433,0,calendar_2014_test,11.602824546226438,6.0,0.5,0.0,0.0,5.602824546226438
36434,0,calendar_2014_test,9.0533788328462,6.0,0.5,0.0,0.0,3.0533788328461995
36435,0,calendar_2014_test,9.106322493808102,10.0,0.5,0.0,0.0,0.8936775061918976
36436,0,calendar_2014_test,12.852207628744868,10.0,0.5,0.0,0.0,2.8522076287448677
36437,0,calendar_2014_test,13.354922180042085,7.0,0.5,0.0,0.0,6.3549221800420845
36438,0,calendar_2014_test,9.709075839004424,6.0,0.5,0.0,0.0,3.7090758390044236
36439,0,calendar_2014_test,9.07346416507002,5.0,0.5,0.0,0.0,4.073464165070019
36440,0,calendar_2014_test,10.077808800701625,6.0,0.5,0.0,0.0,4.077808800701625
36441,0,calendar_2014_test,9.605311533152538,4.0,0.5,0.0,0.0,5.605311533152538
36442,0,calendar_2014_test,8.177574586062892,5.0,0.5,0.0,0.0,3.1775745860628923
36443,0,calendar_2014_test,7.898589553568199,4.0,0.5,0.0,0.0,3.8985895535681987
36444,0,calendar_2014_test,8.111144313624493,3.0,0.5,0.0,0.0,5.111144313624493
36445,0,calendar_2014_test,8.905249105788597,8.0,0.5,0.0,0.0,0.905249105788597
36446,0,calendar_2014_test,13.40396563131559,9.0,0.5,0.0,0.0,4.4039656313155895
36447,0,calendar_2014_test,10.639397075225832,7.0,0.5,0.0,0.0,3.6393970752258316
36448,0,calendar_2014_test,9.200937934655315,7.0,0.5,0.0,0.0,2.2009379346553146
36449,0,calendar_2014_test,9.064911170966633,9.0,0.5,0.0,0.0,0.06491117096663324
36450,0,calendar_2014_test,10.778174696073767,11.0,0.5,0.0,0.0,0.22182530392623256
36451,0,calendar_2014_test,63.99946230464146,62.0,0.5,0.0,0.0,1.9994623046414617
36452,0,calendar_2014_test,64.77082398568967,60.0,0.5,0.0,0.0,4.770823985689674
36453,0,calendar_2014_test,63.11075096728545,41.0,0.5,0.0,0.0,22.110750967285448
36454,0,calendar_2014_test,42.02750712715239,38.0,0.5,0.0,0.0,4.02750712715239
36455,0,calendar_2014_test,40.22734939354662,33.0,0.5,0.0,0.0,7.227349393546618
36456,0,calendar_2014_test,40.29821954504674,18.0,0.5,0.0,0.0,22.29821954504674
36457,0,calendar_2014_test,25.30456567513787,28.0,0.5,0.0,0.0,2.6954343248621306
36458,0,calendar_2014_test,34.79951153290818,46.0,0.5,0.0,0.0,11.200488467091823
36459,0,calendar_2014_test,54.17039978174839,51.0,0.5,0.0,0.0,3.1703997817483867
36460,0,calendar_2014_test,57.77509188013423,57.0,0.5,0.0,0.0,0.7750918801342266
36461,0,calendar_2014_test,65.51046658710383,37.0,0.5,0.0,0.0,28.510466587103835
36462,0,calendar_2014_test,39.73903339619385,35.0,0.5,0.0,0.0,4.739033396193847
36463,0,calendar_2014_test,40.836340709851534,41.0,0.5,0.0,0.0,0.16365929014846614
36464,0,calendar_2014_test,47.57676944140167,46.0,0.5,0.0,0.0,1.576769441401673
36465,0,calendar_2014_test,48.521277608116065,56.0,0.5,0.0,0.0,7.4787223918839345
36466,0,calendar_2014_test,58.42205819566033,69.0,0.5,0.0,0.0,10.577941804339673
36467,0,calendar_2014_test,74.53263127042027,79.0,0.5,0.0,0.0,4.467368729579732
36468,0,calendar_2014_test,82.43201714282077,76.0,0.5,0.0,0.0,6.432017142820769
36469,0,calendar_2014_test,78.58925153080557,65.0,0.5,0.0,0.0,13.58925153080557
36470,0,calendar_2014_test,63.46514530720994,69.0,0.5,0.0,0.0,5.534854692790063
36471,0,calendar_2014_test,67.28858243699891,74.0,0.5,0.0,0.0,6.711417563001092
36472,0,calendar_2014_test,70.24578528362971,79.0,0.5,0.0,0.0,8.754214716370285
36473,0,calendar_2014_test,74.57941822046818,78.0,0.5,0.0,0.0,3.4205817795318154
36474,0,calendar_2014_test,74.93880428849614,87.0,0.5,0.0,0.0,12.061195711503856
36475,0,calendar_2014_test,82.09700749325195,82.0,0.5,0.0,0.0,0.0970074932519509
36476,0,calendar_2014_test,83.78687540576168,74.0,0.5,0.0,0.0,9.786875405761677
36477,0,calendar_2014_test,75.4075728619739,77.0,0.5,0.0,0.0,1.5924271380260961
36478,0,calendar_2014_test,79.8970197960856,84.0,0.5,0.0,0.0,4.102980203914399
36479,0,calendar_2014_test,88.18694471446405,87.0,0.5,0.0,0.0,1.1869447144640475
36480,0,calendar_2014_test,86.77553136984127,91.0,0.5,0.0,0.0,4.224468630158725
36481,0,calendar_2014_test,89.95826232013616,77.0,0.5,0.0,0.0,12.958262320136157
36482,0,calendar_2014_test,75.9482337828065,74.0,0.5,0.0,0.0,1.948233782806497
36483,0,calendar_2014_test,79.85292757479529,84.0,0.5,0.0,0.0,4.147072425204712
36484,0,calendar_2014_test,92.41993891599716,89.0,0.5,0.0,0.0,3.4199389159971645
36485,0,calendar_2014_test,96.13563377036289,94.0,0.5,0.0,0.0,2.1356337703628867
36486,0,calendar_2014_test,100.05280050403707,92.0,0.5,0.0,0.0,8.052800504037066
36487,0,calendar_2014_test,93.91392983854419,97.0,0.5,0.0,0.0,3.086070161455808
36488,0,calendar_2014_test,99.77600445262178,92.0,0.5,0.0,0.0,7.776004452621777
36489,0,calendar_2014_test,90.25736541113115,98.0,0.5,0.0,0.0,7.742634588868853
36490,0,calendar_2014_test,101.49994316725505,116.0,0.5,0.0,0.0,14.500056832744946
36491,0,calendar_2014_test,120.49155467910438,113.0,0.5,0.0,0.0,7.491554679104382
36492,0,calendar_2014_test,112.02841712764358,101.0,0.5,0.0,0.0,11.028417127643579
36493,0,calendar_2014_test,90.8506435845419,87.0,0.5,0.0,0.0,3.850643584541899
36494,0,calendar_2014_test,77.7084059746802,54.0,0.5,0.0,0.0,23.708405974680204
36495,0,calendar_2014_test,47.82059430940023,50.0,0.5,0.0,0.0,2.179405690599772
36496,0,calendar_2014_test,47.72151380742226,42.0,0.5,0.0,0.0,5.721513807422262
36497,0,calendar_2014_test,37.37660222074393,38.0,0.5,0.0,0.0,0.6233977792560665
36498,0,calendar_2014_test,33.94902966267254,38.0,0.5,0.0,0.0,4.050970337327463
36499,0,calendar_2014_test,34.21047158426921,39.0,0.5,0.0,0.0,4.789528415730793
36500,0,calendar_2014_test,40.2951931873531,33.0,0.5,0.0,0.0,7.2951931873530995
36501,0,calendar_2014_test,34.645809228471826,34.0,0.5,0.0,0.0,0.6458092284718262
36502,0,calendar_2014_test,39.65039947801789,40.0,0.5,0.0,0.0,0.34960052198211145
36503,0,calendar_2014_test,47.185964043223635,48.0,0.5,0.0,0.0,0.8140359567763653
36504,0,calendar_2014_test,52.01140065855001,45.0,0.5,0.0,0.0,7.011400658550009
36505,0,calendar_2014_test,49.98299479622542,39.0,0.5,0.0,0.0,10.98299479622542
36506,0,calendar_2014_test,45.887437700555715,44.0,0.5,0.0,0.0,1.887437700555715
36507,0,calendar_2014_test,55.80883862590882,57.0,0.5,0.0,0.0,1.1911613740911804
36508,0,calendar_2014_test,67.46520806535909,77.0,0.5,0.0,0.0,9.534791934640907
36509,0,calendar_2014_test,92.45304955146236,76.0,0.5,0.0,0.0,16.453049551462357
36510,0,calendar_2014_test,81.01037489287923,98.0,0.5,0.0,0.0,16.989625107120773
36511,0,calendar_2014_test,107.57470150872213,101.0,0.5,0.0,0.0,6.5747015087221286
36512,0,calendar_2014_test,106.57884456364118,104.0,0.5,0.0,0.0,2.5788445636411836
36513,0,calendar_2014_test,108.9017131269958,106.0,0.5,0.0,0.0,2.9017131269958014
36514,0,calendar_2014_test,106.55161419965529,108.0,0.5,0.0,0.0,1.4483858003447097
36515,0,calendar_2014_test,107.26376709819074,98.0,0.5,0.0,0.0,9.26376709819074
36516,0,calendar_2014_test,91.0157023637201,79.0,0.5,0.0,0.0,12.015702363720095
36517,0,calendar_2014_test,66.14175669445363,44.0,0.5,0.0,0.0,22.141756694453633
36518,0,calendar_2014_test,40.1044853094264,33.0,0.5,0.0,0.0,7.104485309426401
36519,0,calendar_2014_test,33.213801334954546,45.0,0.5,0.0,0.0,11.786198665045454
36520,0,calendar_2014_test,45.29731786933523,53.0,0.5,0.0,0.0,7.702682130664769
36521,0,calendar_2014_test,49.698163812988554,47.0,0.5,0.0,0.0,2.698163812988554
36522,0,calendar_2014_test,44.754737908776455,42.0,0.5,0.0,0.0,2.7547379087764554
36523,0,calendar_2014_test,45.30793397512528,34.0,0.5,0.0,0.0,11.30793397512528
36524,0,calendar_2014_test,37.90595692443308,38.0,0.5,0.0,0.0,0.0940430755669226
36525,0,calendar_2014_test,43.17107009258056,41.0,0.5,0.0,0.0,2.171070092580557
36526,0,calendar_2014_test,46.89235184709924,56.0,0.5,0.0,0.0,9.107648152900758
36527,0,calendar_2014_test,60.081321299366095,59.0,0.5,0.0,0.0,1.0813212993660954
36528,0,calendar_2014_test,62.85706717513418,68.0,0.5,0.0,0.0,5.142932824865817
36529,0,calendar_2014_test,76.857685383747,79.0,0.5,0.0,0.0,2.142314616253003
36530,0,calendar_2014_test,91.38891270899086,79.0,0.5,0.0,0.0,12.388912708990858
36531,0,calendar_2014_test,83.4149257974522,111.0,0.5,0.0,0.0,27.5850742025478
36532,0,calendar_2014_test,133.230104372737,147.0,0.5,0.0,0.0,13.769895627262997
36533,0,calendar_2014_test,168.25555282895974,153.0,0.5,0.0,0.0,15.255552828959736
36534,0,calendar_2014_test,153.74945708952293,145.0,0.5,0.0,0.0,8.749457089522934
36535,0,calendar_2014_test,148.11551876954042,143.0,0.5,0.0,0.0,5.115518769540415
36536,0,calendar_2014_test,148.34603433464278,144.0,0.5,0.0,0.0,4.3460343346427805
36537,0,calendar_2014_test,151.3384946747212,200.0,0.5,0.0,0.0,48.661505325278796
36538,0,calendar_2014_test,196.13994207487556,239.0,0.5,0.0,0.0,42.86005792512444
36539,0,calendar_2014_test,235.75742902391247,185.0,0.5,0.0,0.0,50.757429023912465
36540,0,calendar_2014_test,161.79670873907915,163.0,0.5,0.0,0.0,1.2032912609208495
36541,0,calendar_2014_test,156.4947645882607,28.0,0.5,0.0,0.0,128.4947645882607
36542,0,calendar_2014_test,31.42531855080089,12.0,0.5,0.0,0.0,19.42531855080089
36543,0,calendar_2014_test,17.054809551395586,9.0,0.5,0.0,0.0,8.054809551395586
36544,0,calendar_2014_test,11.717128581145804,9.0,0.5,0.0,0.0,2.717128581145804
36545,0,calendar_2014_test,11.476047450446796,11.0,0.5,0.0,0.0,0.47604745044679575
36546,0,calendar_2014_test,12.774098541693105,15.0,0.5,0.0,0.0,2.225901458306895
36547,0,calendar_2014_test,15.212858852931186,13.0,0.5,0.0,0.0,2.212858852931186
36548,0,calendar_2014_test,14.306729136318298,14.0,0.5,0.0,0.0,0.3067291363182978
36549,0,calendar_2014_test,14.176030257757251,17.0,0.5,0.0,0.0,2.823969742242749
36550,0,calendar_2014_test,15.639732964120801,18.0,0.5,0.0,0.0,2.3602670358791986
36551,0,calendar_2014_test,17.498644332942195,16.0,0.5,0.0,0.0,1.4986443329421952
36552,0,calendar_2014_test,15.610878737718066,11.0,0.5,0.0,0.0,4.610878737718066
36553,0,calendar_2014_test,12.560486915625674,7.0,0.5,0.0,0.0,5.560486915625674
36554,0,calendar_2014_test,9.641961676666181,9.0,0.5,0.0,0.0,0.6419616766661811
36555,0,calendar_2014_test,12.237506901941767,13.0,0.5,0.0,0.0,0.7624930980582327
36556,0,calendar_2014_test,14.782696650567795,16.0,0.5,0.0,0.0,1.2173033494322052
36557,0,calendar_2014_test,16.27673456456223,8.0,0.5,0.0,0.0,8.27673456456223
36558,0,calendar_2014_test,11.442933126553855,19.0,0.5,0.0,0.0,7.557066873446145
36559,0,calendar_2014_test,18.39439249081544,8.0,0.5,0.0,0.0,10.394392490815441
36560,0,calendar_2014_test,10.268773939664108,9.0,0.5,0.0,0.0,1.2687739396641078
36561,0,calendar_2014_test,10.852448556464731,5.0,0.5,0.0,0.0,5.852448556464731
36562,0,calendar_2014_test,8.15408449033876,2.0,0.5,0.0,0.0,6.154084490338761
36563,0,calendar_2014_test,8.22675500118663,2.0,0.5,0.0,0.0,6.22675500118663
36564,0,calendar_2014_test,8.636753762356147,3.0,0.5,0.0,0.0,5.636753762356147
36565,0,calendar_2014_test,8.292916005166186,3.0,0.5,0.0,0.0,5.292916005166186
36566,0,calendar_2014_test,8.588307735460477,6.0,0.5,0.0,0.0,2.588307735460477
36567,0,calendar_2014_test,9.652433139175729,4.0,0.5,0.0,0.0,5.652433139175729
36568,0,calendar_2014_test,8.716775314814498,4.0,0.5,0.0,0.0,4.716775314814498
36569,0,calendar_2014_test,8.629045799007253,5.0,0.5,0.0,0.0,3.629045799007253
36570,0,calendar_2014_test,8.631671906059493,6.0,0.5,0.0,0.0,2.631671906059493
36571,0,calendar_2014_test,9.210495222907761,6.0,0.5,0.0,0.0,3.2104952229077615
36572,0,calendar_2014_test,8.909998535048958,5.0,0.5,0.0,0.0,3.909998535048958
36573,0,calendar_2014_test,8.439419069205115,4.0,0.5,0.0,0.0,4.439419069205115
36574,0,calendar_2014_test,7.221021480948036,6.0,0.5,0.0,0.0,1.2210214809480364
36575,0,calendar_2014_test,7.86870081211943,5.0,0.5,0.0,0.0,2.86870081211943
36576,0,calendar_2014_test,7.152898234540828,3.0,0.5,0.0,0.0,4.152898234540828
36577,0,calendar_2014_test,7.254803519732992,5.0,0.5,0.0,0.0,2.2548035197329916
36578,0,calendar_2014_test,8.779082609735203,7.0,0.5,0.0,0.0,1.7790826097352035
36579,0,calendar_2014_test,8.956150627745428,9.0,0.5,0.0,0.0,0.04384937225457186
36580,0,calendar_2014_test,10.954504740394517,11.0,0.5,0.0,0.0,0.04549525960548273
36581,0,calendar_2014_test,13.367568388788213,12.0,0.5,0.0,0.0,1.3675683887882126
36582,0,calendar_2014_test,15.065201069955696,15.0,0.5,0.0,0.0,0.06520106995569641
36583,0,calendar_2014_test,15.533316849693888,17.0,0.5,0.0,0.0,1.4666831503061122
36584,0,calendar_2014_test,16.142888518136512,12.0,0.5,0.0,0.0,4.1428885181365125
36585,0,calendar_2014_test,12.81386771229955,11.0,0.5,0.0,0.0,1.8138677122995492
36586,0,calendar_2014_test,14.337315393283713,12.0,0.5,0.0,0.0,2.3373153932837134
36587,0,calendar_2014_test,14.786244118646382,12.0,0.5,0.0,0.0,2.7862441186463816
36588,0,calendar_2014_test,12.932379633736529,11.0,0.5,0.0,0.0,1.932379633736529
36589,0,calendar_2014_test,15.304937351409462,13.0,0.5,0.0,0.0,2.304937351409462
36590,0,calendar_2014_test,17.19855012764155,15.0,0.5,0.0,0.0,2.19855012764155
36591,0,calendar_2014_test,18.883610126087472,21.0,0.5,0.0,0.0,2.116389873912528
36592,0,calendar_2014_test,23.12862975555575,21.0,0.5,0.0,0.0,2.1286297555557496
36593,0,calendar_2014_test,27.237928114799285,40.0,0.5,0.0,0.0,12.762071885200715
36594,0,calendar_2014_test,46.062542885145426,40.0,0.5,0.0,0.0,6.062542885145426
36595,0,calendar_2014_test,38.44053420358635,20.0,0.5,0.0,0.0,18.440534203586353
36596,0,calendar_2014_test,21.116492761099572,16.0,0.5,0.0,0.0,5.116492761099572
36597,0,calendar_2014_test,16.466036714185893,26.0,0.5,0.0,0.0,9.533963285814107
36598,0,calendar_2014_test,23.598970844139565,25.0,0.5,0.0,0.0,1.401029155860435
36599,0,calendar_2014_test,22.756300565819068,25.0,0.5,0.0,0.0,2.2436994341809324
36600,0,calendar_2014_test,22.70065744463744,35.0,0.5,0.0,0.0,12.29934255536256
36601,0,calendar_2014_test,30.712897252648162,32.0,0.5,0.0,0.0,1.2871027473518382
36602,0,calendar_2014_test,40.81479752842718,35.0,0.5,0.0,0.0,5.814797528427178
36603,0,calendar_2014_test,44.71547409520987,50.0,0.5,0.0,0.0,5.284525904790129
36604,0,calendar_2014_test,59.7039568192645,74.0,0.5,0.0,0.0,14.296043180735502
36605,0,calendar_2014_test,81.97144753792958,64.0,0.5,0.0,0.0,17.971447537929578
36606,0,calendar_2014_test,68.17230874630148,90.0,0.5,0.0,0.0,21.827691253698518
36607,0,calendar_2014_test,96.66209405149118,138.0,0.5,0.0,0.0,41.33790594850882
36608,0,calendar_2014_test,140.9662784433815,182.0,0.5,0.0,0.0,41.0337215566185
36609,0,calendar_2014_test,181.6129636017682,210.0,0.5,0.0,0.0,28.3870363982318
36610,0,calendar_2014_test,246.45123346973088,208.0,0.5,0.0,0.0,38.45123346973088
36611,0,calendar_2014_test,232.64849752974152,152.0,0.5,0.0,0.0,80.64849752974152
36612,0,calendar_2014_test,133.8740573313538,122.0,0.5,0.0,0.0,11.87405733135381
36613,0,calendar_2014_test,116.7864111687945,87.0,0.5,0.0,0.0,29.7864111687945
36614,0,calendar_2014_test,77.72741360194439,62.0,0.5,0.0,0.0,15.727413601944392
36615,0,calendar_2014_test,56.343076118061006,52.0,0.5,0.0,0.0,4.343076118061006
36616,0,calendar_2014_test,55.392019198459984,52.0,0.5,0.0,0.0,3.392019198459984
36617,0,calendar_2014_test,53.52186433129076,59.0,0.5,0.0,0.0,5.478135668709243
36618,0,calendar_2014_test,66.01233841050335,96.0,0.5,0.0,0.0,29.987661589496653
36619,0,calendar_2014_test,103.97101129941329,128.0,0.5,0.0,0.0,24.02898870058671
36620,0,calendar_2014_test,137.3627536054546,141.0,0.5,0.0,0.0,3.6372463945454
36621,0,calendar_2014_test,155.22159932437816,167.0,0.5,0.0,0.0,11.778400675621839
36622,0,calendar_2014_test,191.25130652783525,206.0,0.5,0.0,0.0,14.748693472164746
36623,0,calendar_2014_test,210.9554421313333,227.0,0.5,0.0,0.0,16.044557868666686
36624,0,calendar_2014_test,227.81717591927796,246.0,0.5,0.0,0.0,18.182824080722042
36625,0,calendar_2014_test,245.42373996982366,230.0,0.5,0.0,0.0,15.423739969823657
36626,0,calendar_2014_test,227.08710178466154,239.0,0.5,0.0,0.0,11.912898215338458
36627,0,calendar_2014_test,241.23212629430026,238.0,0.5,0.0,0.0,3.232126294300258
36628,0,calendar_2014_test,234.53347479273089,250.0,0.5,0.0,0.0,15.466525207269115
36629,0,calendar_2014_test,231.02177304759,261.0,0.5,0.0,0.0,29.97822695241001
36630,0,calendar_2014_test,262.63613039752687,283.0,0.5,0.0,0.0,20.36386960247313
36631,0,calendar_2014_test,282.0217136391104,273.0,0.5,0.0,0.0,9.021713639110374
36632,0,calendar_2014_test,259.3318624621993,281.0,0.5,0.0,0.0,21.668137537800703
36633,0,calendar_2014_test,258.81659364015337,218.0,0.5,0.0,0.0,40.81659364015337
36634,0,calendar_2014_test,181.13200921577558,222.0,0.5,0.0,0.0,40.86799078422442
36635,0,calendar_2014_test,211.50215104452712,206.0,0.5,0.0,0.0,5.502151044527125
36636,0,calendar_2014_test,208.79420504251084,304.0,0.5,0.0,0.0,95.20579495748916
36637,0,calendar_2014_test,303.64178900189285,299.0,0.5,0.0,0.0,4.641789001892846
36638,0,calendar_2014_test,296.67799628759894,284.0,0.5,0.0,0.0,12.677996287598944
36639,0,calendar_2014_test,264.39724718573274,266.0,0.5,0.0,0.0,1.6027528142672622
36640,0,calendar_2014_test,258.57804297264755,256.0,0.5,0.0,0.0,2.578042972647552
36641,0,calendar_2014_test,247.4696240623786,79.0,0.5,0.0,0.0,168.4696240623786
36642,0,calendar_2014_test,44.94695938370069,38.0,0.5,0.0,0.0,6.946959383700687
36643,0,calendar_2014_test,36.19105963578938,22.0,0.5,0.0,0.0,14.19105963578938
36644,0,calendar_2014_test,22.09792003293322,15.0,0.5,0.0,0.0,7.097920032933221
36645,0,calendar_2014_test,16.703043767715787,21.0,0.5,0.0,0.0,4.296956232284213
36646,0,calendar_2014_test,20.079977585095875,18.0,0.5,0.0,0.0,2.0799775850958753
36647,0,calendar_2014_test,18.97136597724639,19.0,0.5,0.0,0.0,0.02863402275361082
36648,0,calendar_2014_test,18.36028838056594,16.0,0.5,0.0,0.0,2.3602883805659403
36649,0,calendar_2014_test,16.569820401826654,17.0,0.5,0.0,0.0,0.4301795981733463
36650,0,calendar_2014_test,17.232716487815367,15.0,0.5,0.0,0.0,2.2327164878153667
36651,0,calendar_2014_test,17.122026564599228,24.0,0.5,0.0,0.0,6.877973435400772
36652,0,calendar_2014_test,23.952141628994777,12.0,0.5,0.0,0.0,11.952141628994777
36653,0,calendar_2014_test,14.371744860383798,19.0,0.5,0.0,0.0,4.628255139616202
36654,0,calendar_2014_test,18.006087660529886,13.0,0.5,0.0,0.0,5.006087660529886
36655,0,calendar_2014_test,14.44507192031728,12.0,0.5,0.0,0.0,2.4450719203172806
36656,0,calendar_2014_test,12.500160015692954,13.0,0.5,0.0,0.0,0.49983998430704624
36657,0,calendar_2014_test,13.07533392825599,12.0,0.5,0.0,0.0,1.07533392825599
36658,0,calendar_2014_test,12.899589230139052,13.0,0.5,0.0,0.0,0.10041076986094843
36659,0,calendar_2014_test,13.70550574232653,11.0,0.5,0.0,0.0,2.7055057423265296
36660,0,calendar_2014_test,14.781303837342207,11.0,0.5,0.0,0.0,3.7813038373422074
36661,0,calendar_2014_test,14.241072634079776,9.0,0.5,0.0,0.0,5.241072634079776
36662,0,calendar_2014_test,13.125166043677567,11.0,0.5,0.0,0.0,2.1251660436775666
36663,0,calendar_2014_test,13.301686085686342,17.0,0.5,0.0,0.0,3.6983139143136583
36664,0,calendar_2014_test,15.650520080849338,19.0,0.5,0.0,0.0,3.349479919150662
36665,0,calendar_2014_test,18.589348919143507,19.0,0.5,0.0,0.0,0.4106510808564927
36666,0,calendar_2014_test,18.994645707887866,16.0,0.5,0.0,0.0,2.994645707887866
36667,0,calendar_2014_test,15.616781101203268,14.0,0.5,0.0,0.0,1.6167811012032676
36668,0,calendar_2014_test,14.251110643334867,15.0,0.5,0.0,0.0,0.7488893566651331
36669,0,calendar_2014_test,15.140525159679287,15.0,0.5,0.0,0.0,0.14052515967928692
36670,0,calendar_2014_test,15.210290743973497,8.0,0.5,0.0,0.0,7.210290743973497
36671,0,calendar_2014_test,11.115933244540647,13.0,0.5,0.0,0.0,1.8840667554593526
36672,0,calendar_2014_test,14.104150435894121,16.0,0.5,0.0,0.0,1.8958495641058786
36673,0,calendar_2014_test,21.162776518905524,27.0,0.5,0.0,0.0,5.837223481094476
36674,0,calendar_2014_test,37.166441406260425,47.0,0.5,0.0,0.0,9.833558593739575
36675,0,calendar_2014_test,57.30340155546134,54.0,0.5,0.0,0.0,3.303401555461342
36676,0,calendar_2014_test,59.0055629532388,62.0,0.5,0.0,0.0,2.994437046761199
36677,0,calendar_2014_test,67.99752616091048,66.0,0.5,0.0,0.0,1.997526160910482
36678,0,calendar_2014_test,71.58887396448891,72.0,0.5,0.0,0.0,0.4111260355110886
36679,0,calendar_2014_test,74.53279142344306,81.0,0.5,0.0,0.0,6.467208576556942
36680,0,calendar_2014_test,85.98762066274686,138.0,0.5,0.0,0.0,52.01237933725314
36681,0,calendar_2014_test,136.6645233226847,121.0,0.5,0.0,0.0,15.664523322684687
36682,0,calendar_2014_test,107.10427241356423,78.0,0.5,0.0,0.0,29.10427241356423
36683,0,calendar_2014_test,62.228222120545894,78.0,0.5,0.0,0.0,15.771777879454106
36684,0,calendar_2014_test,70.91449545483376,63.0,0.5,0.0,0.0,7.914495454833755
36685,0,calendar_2014_test,57.67731321579881,45.0,0.5,0.0,0.0,12.677313215798812
36686,0,calendar_2014_test,41.23574474547224,39.0,0.5,0.0,0.0,2.235744745472239
36687,0,calendar_2014_test,36.30906172128184,40.0,0.5,0.0,0.0,3.690938278718157
36688,0,calendar_2014_test,37.34960748872266,42.0,0.5,0.0,0.0,4.650392511277339
36689,0,calendar_2014_test,39.573943741095135,41.0,0.5,0.0,0.0,1.4260562589048646
36690,0,calendar_2014_test,45.27019174872772,53.0,0.5,0.0,0.0,7.729808251272281
36691,0,calendar_2014_test,57.901239454800084,52.0,0.5,0.0,0.0,5.901239454800084
36692,0,calendar_2014_test,53.14176311317522,61.0,0.5,0.0,0.0,7.858236886824777
36693,0,calendar_2014_test,65.17361772750729,59.0,0.5,0.0,0.0,6.173617727507292
36694,0,calendar_2014_test,64.17300939342525,53.0,0.5,0.0,0.0,11.173009393425247
36695,0,calendar_2014_test,56.80334887643408,59.0,0.5,0.0,0.0,2.196651123565921
36696,0,calendar_2014_test,68.0081209556159,63.0,0.5,0.0,0.0,5.008120955615894
36697,0,calendar_2014_test,72.3666049165114,86.0,0.5,0.0,0.0,13.633395083488594
36698,0,calendar_2014_test,102.78421820661471,106.0,0.5,0.0,0.0,3.2157817933852897
36699,0,calendar_2014_test,127.7077578976596,136.0,0.5,0.0,0.0,8.292242102340396
36700,0,calendar_2014_test,157.05154044817928,158.0,0.5,0.0,0.0,0.9484595518207186
36701,0,calendar_2014_test,167.14371814857734,189.0,0.5,0.0,0.0,21.856281851422665
36702,0,calendar_2014_test,191.06922287316254,203.0,0.5,0.0,0.0,11.930777126837455
36703,0,calendar_2014_test,210.73519590814033,221.0,0.5,0.0,0.0,10.264804091859673
36704,0,calendar_2014_test,211.55593810190982,257.0,0.5,0.0,0.0,45.44406189809018
36705,0,calendar_2014_test,253.35983572928814,333.0,0.5,0.0,0.0,79.64016427071186
36706,0,calendar_2014_test,300.4370034223614,371.0,0.5,0.0,0.0,70.56299657763861
36707,0,calendar_2014_test,358.6199535497368,354.0,0.5,0.0,0.0,4.619953549736806
36708,0,calendar_2014_test,342.4007650227849,273.0,0.5,0.0,0.0,69.40076502278492
36709,0,calendar_2014_test,240.51285754239416,255.0,0.5,0.0,0.0,14.487142457605842
36710,0,calendar_2014_test,238.30011037012562,165.0,0.5,0.0,0.0,73.30011037012562
36711,0,calendar_2014_test,137.7877996214131,198.0,0.5,0.0,0.0,60.212200378586914
36712,0,calendar_2014_test,206.0506320005635,275.0,0.5,0.0,0.0,68.9493679994365
36713,0,calendar_2014_test,248.96273451152825,320.0,0.5,0.0,0.0,71.03726548847175
36714,0,calendar_2014_test,322.397881679934,284.0,0.5,0.0,0.0,38.39788167993402
36715,0,calendar_2014_test,261.2453505931845,346.0,0.5,0.0,0.0,84.75464940681547
36716,0,calendar_2014_test,338.8712383278815,311.0,0.5,0.0,0.0,27.871238327881485
36717,0,calendar_2014_test,327.2254475252024,372.0,0.5,0.0,0.0,44.77455247479759
36718,0,calendar_2014_test,372.10389221447207,399.0,0.5,0.0,0.0,26.89610778552793
36719,0,calendar_2014_test,409.412259442874,370.0,0.5,0.0,0.0,39.41225944287402
36720,0,calendar_2014_test,356.0498962430932,327.0,0.5,0.0,0.0,29.0498962430932
36721,0,calendar_2014_test,333.84905686641997,346.0,0.5,0.0,0.0,12.150943133580029
36722,0,calendar_2014_test,360.013404177353,351.0,0.5,0.0,0.0,9.013404177352982
36723,0,calendar_2014_test,391.4451516663663,362.0,0.5,0.0,0.0,29.445151666366314
36724,0,calendar_2014_test,388.99152737343655,394.0,0.5,0.0,0.0,5.008472626563446
36725,0,calendar_2014_test,410.07051061290855,409.0,0.5,0.0,0.0,1.0705106129085493
36726,0,calendar_2014_test,414.0096246281007,384.0,0.5,0.0,0.0,30.00962462810071
36727,0,calendar_2014_test,346.72035101252146,393.0,0.5,0.0,0.0,46.27964898747854
36728,0,calendar_2014_test,385.3747777709366,380.0,0.5,0.0,0.0,5.374777770936589
36729,0,calendar_2014_test,358.155682713083,330.0,0.5,0.0,0.0,28.155682713083024
36730,0,calendar_2014_test,313.95087586565705,324.0,0.5,0.0,0.0,10.049124134342946
36731,0,calendar_2014_test,301.2131136881153,334.0,0.5,0.0,0.0,32.7868863118847
36732,0,calendar_2014_test,321.3477422821837,334.0,0.5,0.0,0.0,12.652257717816326
36733,0,calendar_2014_test,321.4219659675994,368.0,0.5,0.0,0.0,46.57803403240058
36734,0,calendar_2014_test,368.6731335045945,360.0,0.5,0.0,0.0,8.673133504594489
36735,0,calendar_2014_test,363.682495644054,324.0,0.5,0.0,0.0,39.68249564405397
36736,0,calendar_2014_test,350.6606118958901,299.0,0.5,0.0,0.0,51.6606118958901
36737,0,calendar_2014_test,300.384429548686,305.0,0.5,0.0,0.0,4.6155704513139995
36738,0,calendar_2014_test,303.2837613905517,290.0,0.5,0.0,0.0,13.283761390551717
36739,0,calendar_2014_test,293.75260663940855,314.0,0.5,0.0,0.0,20.247393360591445
36740,0,calendar_2014_test,325.07184721447186,315.0,0.5,0.0,0.0,10.071847214471859
36741,0,calendar_2014_test,327.4007102864914,306.0,0.5,0.0,0.0,21.400710286491403
36742,0,calendar_2014_test,302.1231093379888,292.0,0.5,0.0,0.0,10.123109337988808
36743,0,calendar_2014_test,255.63904382712462,315.0,0.5,0.0,0.0,59.360956172875376
36744,0,calendar_2014_test,335.6656586993959,332.0,0.5,0.0,0.0,3.6656586993959195
36745,0,calendar_2014_test,364.1505382189288,342.0,0.5,0.0,0.0,22.150538218928773
36746,0,calendar_2014_test,354.8906999581636,338.0,0.5,0.0,0.0,16.890699958163623
36747,0,calendar_2014_test,352.57943092195836,375.0,0.5,0.0,0.0,22.420569078041638
36748,0,calendar_2014_test,25.644112529151357,31.0,0.5,0.0,0.0,5.355887470848643
36749,0,calendar_2014_test,28.407217007081247,37.0,0.5,0.0,0.0,8.592782992918753
36750,0,calendar_2014_test,35.44937420790271,36.0,0.5,0.0,0.0,0.5506257920972928
36751,0,calendar_2014_test,32.06153163859007,31.0,0.5,0.0,0.0,1.0615316385900684
36752,0,calendar_2014_test,34.47793879519631,26.0,0.5,0.0,0.0,8.477938795196309
36753,0,calendar_2014_test,27.01111050104061,28.0,0.5,0.0,0.0,0.9888894989593915
36754,0,calendar_2014_test,31.44450608270763,26.0,0.5,0.0,0.0,5.44450608270763
36755,0,calendar_2014_test,29.78288762746633,38.0,0.5,0.0,0.0,8.21711237253367
36756,0,calendar_2014_test,43.77758483816198,48.0,0.5,0.0,0.0,4.222415161838022
36757,0,calendar_2014_test,52.877217791524444,65.0,0.5,0.0,0.0,12.122782208475556
36758,0,calendar_2014_test,71.03682479951041,79.0,0.5,0.0,0.0,7.963175200489587
36759,0,calendar_2014_test,85.70301842217931,101.0,0.5,0.0,0.0,15.296981577820688
36760,0,calendar_2014_test,105.78172416117548,123.0,0.5,0.0,0.0,17.218275838824525
36761,0,calendar_2014_test,121.91849610761258,146.0,0.5,0.0,0.0,24.081503892387417
36762,0,calendar_2014_test,142.42200837654698,127.0,0.5,0.0,0.0,15.422008376546984
36763,0,calendar_2014_test,114.76890793328016,107.0,0.5,0.0,0.0,7.768907933280161
36764,0,calendar_2014_test,99.4816710432493,106.0,0.5,0.0,0.0,6.518328956750693
36765,0,calendar_2014_test,101.66562972481455,116.0,0.5,0.0,0.0,14.33437027518545
36766,0,calendar_2014_test,116.55114254857455,100.0,0.5,0.0,0.0,16.551142548574546
36767,0,calendar_2014_test,100.50723587453962,91.0,0.5,0.0,0.0,9.507235874539617
36768,0,calendar_2014_test,92.60382847665265,91.0,0.5,0.0,0.0,1.6038284766526516
36769,0,calendar_2014_test,93.02436470522548,99.0,0.5,0.0,0.0,5.97563529477452
36770,0,calendar_2014_test,102.15012646196149,110.0,0.5,0.0,0.0,7.8498735380385085
36771,0,calendar_2014_test,115.66965793693983,111.0,0.5,0.0,0.0,4.669657936939828
36772,0,calendar_2014_test,110.69858690007439,113.0,0.5,0.0,0.0,2.301413099925611
36773,0,calendar_2014_test,107.25584689176841,101.0,0.5,0.0,0.0,6.255846891768414
36774,0,calendar_2014_test,103.21641876621982,101.0,0.5,0.0,0.0,2.2164187662198174
36775,0,calendar_2014_test,104.84053219955307,111.0,0.5,0.0,0.0,6.159467800446933
36776,0,calendar_2014_test,124.02144950241286,114.0,0.5,0.0,0.0,10.021449502412864
36777,0,calendar_2014_test,121.21583000813635,119.0,0.5,0.0,0.0,2.2158300081363507
36778,0,calendar_2014_test,127.0257744359062,141.0,0.5,0.0,0.0,13.9742255640938
36779,0,calendar_2014_test,151.3438088840531,149.0,0.5,0.0,0.0,2.3438088840530895
36780,0,calendar_2014_test,157.36988826409797,134.0,0.5,0.0,0.0,23.369888264097966
36781,0,calendar_2014_test,135.75158785436616,143.0,0.5,0.0,0.0,7.248412145633836
36782,0,calendar_2014_test,157.19345097875237,174.0,0.5,0.0,0.0,16.806549021247633
36783,0,calendar_2014_test,186.7995505562235,182.0,0.5,0.0,0.0,4.799550556223494
36784,0,calendar_2014_test,182.99521922691537,181.0,0.5,0.0,0.0,1.995219226915367
36785,0,calendar_2014_test,180.39817057915175,186.0,0.5,0.0,0.0,5.601829420848247
36786,0,calendar_2014_test,193.24479133357292,193.0,0.5,0.0,0.0,0.2447913335729197
36787,0,calendar_2014_test,200.46376397215712,240.0,0.5,0.0,0.0,39.536236027842875
36788,0,calendar_2014_test,246.1109690407851,289.0,0.5,0.0,0.0,42.88903095921489
36789,0,calendar_2014_test,266.82379477822417,282.0,0.5,0.0,0.0,15.176205221775831
36790,0,calendar_2014_test,247.53354696292325,188.0,0.5,0.0,0.0,59.53354696292325
36791,0,calendar_2014_test,119.36187482361193,175.0,0.5,0.0,0.0,55.63812517638807
36792,0,calendar_2014_test,146.46661423600713,150.0,0.5,0.0,0.0,3.533385763992868
36793,0,calendar_2014_test,131.64875757635272,116.0,0.5,0.0,0.0,15.648757576352722
36794,0,calendar_2014_test,101.76250516163984,100.0,0.5,0.0,0.0,1.7625051616398366
36795,0,calendar_2014_test,99.79528827764072,42.0,0.5,0.0,0.0,57.79528827764072
36796,0,calendar_2014_test,43.11208364105431,41.0,0.5,0.0,0.0,2.112083641054312
36797,0,calendar_2014_test,45.421930943612395,30.0,0.5,0.0,0.0,15.421930943612395
36798,0,calendar_2014_test,29.405162251428212,28.0,0.5,0.0,0.0,1.4051622514282123
36799,0,calendar_2014_test,25.877185604839788,19.0,0.5,0.0,0.0,6.877185604839788
36800,0,calendar_2014_test,22.356438779319376,22.0,0.5,0.0,0.0,0.35643877931937595
36801,0,calendar_2014_test,24.53461041865173,22.0,0.5,0.0,0.0,2.534610418651731
36802,0,calendar_2014_test,30.83140221100024,22.0,0.5,0.0,0.0,8.831402211000238
36803,0,calendar_2014_test,29.404251312159115,31.0,0.5,0.0,0.0,1.595748687840885
36804,0,calendar_2014_test,41.152530698755164,31.0,0.5,0.0,0.0,10.152530698755164
36805,0,calendar_2014_test,45.9069646105301,44.0,0.5,0.0,0.0,1.9069646105301032
36806,0,calendar_2014_test,55.33827170304623,46.0,0.5,0.0,0.0,9.338271703046232
36807,0,calendar_2014_test,52.32645114007477,62.0,0.5,0.0,0.0,9.673548859925234
36808,0,calendar_2014_test,72.73503526763386,80.0,0.5,0.0,0.0,7.264964732366138
36809,0,calendar_2014_test,90.18463645178161,129.0,0.5,0.0,0.0,38.815363548218386
36810,0,calendar_2014_test,139.8925798257359,118.0,0.5,0.0,0.0,21.892579825735908
36811,0,calendar_2014_test,111.10570221484451,90.0,0.5,0.0,0.0,21.105702214844513
36812,0,calendar_2014_test,85.64763444964875,78.0,0.5,0.0,0.0,7.6476344496487485
36813,0,calendar_2014_test,72.67987747096339,86.0,0.5,0.0,0.0,13.32012252903661
36814,0,calendar_2014_test,92.57662302094126,111.0,0.5,0.0,0.0,18.423376979058744
36815,0,calendar_2014_test,117.16856063496901,144.0,0.5,0.0,0.0,26.831439365030988
36816,0,calendar_2014_test,152.77109382889734,121.0,0.5,0.0,0.0,31.771093828897335
36817,0,calendar_2014_test,117.81824670822495,112.0,0.5,0.0,0.0,5.818246708224947
36818,0,calendar_2014_test,114.00954717895807,111.0,0.5,0.0,0.0,3.0095471789580728
36819,0,calendar_2014_test,114.81289468821794,146.0,0.5,0.0,0.0,31.187105311782062
36820,0,calendar_2014_test,157.14175845433763,159.0,0.5,0.0,0.0,1.8582415456623664
36821,0,calendar_2014_test,171.52855902515168,151.0,0.5,0.0,0.0,20.52855902515168
36822,0,calendar_2014_test,148.43280381786542,143.0,0.5,0.0,0.0,5.43280381786542
36823,0,calendar_2014_test,140.40369851807733,157.0,0.5,0.0,0.0,16.596301481922666
36824,0,calendar_2014_test,156.66962363632248,174.0,0.5,0.0,0.0,17.330376363677516
36825,0,calendar_2014_test,169.9136490657517,199.0,0.5,0.0,0.0,29.086350934248287
36826,0,calendar_2014_test,203.8888131183624,192.0,0.5,0.0,0.0,11.888813118362407
36827,0,calendar_2014_test,186.2331294363763,189.0,0.5,0.0,0.0,2.766870563623712
36828,0,calendar_2014_test,186.16115863816222,159.0,0.5,0.0,0.0,27.16115863816222
36829,0,calendar_2014_test,160.3399038940152,205.0,0.5,0.0,0.0,44.66009610598479
36830,0,calendar_2014_test,220.3289763209801,230.0,0.5,0.0,0.0,9.671023679019896
36831,0,calendar_2014_test,241.42692019743743,280.0,0.5,0.0,0.0,38.573079802562575
36832,0,calendar_2014_test,290.441884621185,266.0,0.5,0.0,0.0,24.44188462118501
36833,0,calendar_2014_test,249.10536789669916,311.0,0.5,0.0,0.0,61.894632103300836
36834,0,calendar_2014_test,300.20998904855156,342.0,0.5,0.0,0.0,41.79001095144844
36835,0,calendar_2014_test,306.54630846899266,323.0,0.5,0.0,0.0,16.453691531007337
36836,0,calendar_2014_test,308.7649922565819,299.0,0.5,0.0,0.0,9.764992256581877
36837,0,calendar_2014_test,292.7697936526791,283.0,0.5,0.0,0.0,9.769793652679084
36838,0,calendar_2014_test,268.8232848726105,258.0,0.5,0.0,0.0,10.823284872610486
36839,0,calendar_2014_test,257.2061266272743,239.0,0.5,0.0,0.0,18.206126627274273
36840,0,calendar_2014_test,240.6077187701494,236.0,0.5,0.0,0.0,4.607718770149404
36841,0,calendar_2014_test,233.42812633912132,241.0,0.5,0.0,0.0,7.57187366087868
36842,0,calendar_2014_test,237.64847677551813,226.0,0.5,0.0,0.0,11.648476775518134
36843,0,calendar_2014_test,227.8775710552581,215.0,0.5,0.0,0.0,12.877571055258102
36844,0,calendar_2014_test,210.44475452914855,201.0,0.5,0.0,0.0,9.444754529148554
36845,0,calendar_2014_test,205.06824357442068,201.0,0.5,0.0,0.0,4.068243574420677
36846,0,calendar_2014_test,200.3679511589166,234.0,0.5,0.0,0.0,33.63204884108339
36847,0,calendar_2014_test,239.6845887010097,241.0,0.5,0.0,0.0,1.3154112989903126
36848,0,calendar_2014_test,235.69930112292127,250.0,0.5,0.0,0.0,14.30069887707873
36849,0,calendar_2014_test,249.5823764834592,259.0,0.5,0.0,0.0,9.4176235165408
36850,0,calendar_2014_test,265.3033890891977,289.0,0.5,0.0,0.0,23.696610910802292
36851,0,calendar_2014_test,304.7979452329002,330.0,0.5,0.0,0.0,25.20205476709981
36852,0,calendar_2014_test,353.69964386252536,350.0,0.5,0.0,0.0,3.699643862525363
36853,0,calendar_2014_test,369.60673302470605,350.0,0.5,0.0,0.0,19.606733024706045
36854,0,calendar_2014_test,362.25078062172474,388.0,0.5,0.0,0.0,25.749219378275257
36855,0,calendar_2014_test,389.79062719397615,379.0,0.5,0.0,0.0,10.79062719397615
36856,0,calendar_2014_test,373.7496440708231,436.0,0.5,0.0,0.0,62.25035592917692
36857,0,calendar_2014_test,440.0229865242048,502.0,0.5,0.0,0.0,61.97701347579522
36858,0,calendar_2014_test,510.0345999819582,522.0,0.5,0.0,0.0,11.965400018041805
36859,0,calendar_2014_test,483.8896339112743,470.0,0.5,0.0,0.0,13.889633911274302
36860,0,calendar_2014_test,445.2787876483956,439.0,0.5,0.0,0.0,6.278787648395621
36861,0,calendar_2014_test,382.4194390055683,362.0,0.5,0.0,0.0,20.41943900556828
36862,0,calendar_2014_test,315.25918347603186,176.0,0.5,0.0,0.0,139.25918347603186
36863,0,calendar_2014_test,122.4672552916229,98.0,0.5,0.0,0.0,24.467255291622905
36864,0,calendar_2014_test,27.941416265930457,24.0,0.5,0.0,0.0,3.9414162659304566
36865,0,calendar_2014_test,15.721945350425308,20.0,0.5,0.0,0.0,4.278054649574692
36866,0,calendar_2014_test,21.521325171492915,11.0,0.5,0.0,0.0,10.521325171492915
36867,0,calendar_2014_test,11.198060130823002,11.0,0.5,0.0,0.0,0.1980601308230021
36868,0,calendar_2014_test,11.232461361397734,14.0,0.5,0.0,0.0,2.7675386386022662
36869,0,calendar_2014_test,13.149396037049165,14.0,0.5,0.0,0.0,0.8506039629508351
36870,0,calendar_2014_test,13.690585314604311,16.0,0.5,0.0,0.0,2.309414685395689
36871,0,calendar_2014_test,14.672453972156822,13.0,0.5,0.0,0.0,1.6724539721568217
36872,0,calendar_2014_test,13.25440216333958,13.0,0.5,0.0,0.0,0.25440216333958077
36873,0,calendar_2014_test,12.885092592002707,14.0,0.5,0.0,0.0,1.1149074079972934
36874,0,calendar_2014_test,13.34888773894282,18.0,0.5,0.0,0.0,4.651112261057181
36875,0,calendar_2014_test,16.50264649905326,17.0,0.5,0.0,0.0,0.49735350094674047
36876,0,calendar_2014_test,15.168130660568156,16.0,0.5,0.0,0.0,0.8318693394318437
36877,0,calendar_2014_test,15.23080499421796,20.0,0.5,0.0,0.0,4.76919500578204
36878,0,calendar_2014_test,23.64651165937966,30.0,0.5,0.0,0.0,6.353488340620341
36879,0,calendar_2014_test,32.99718889904547,24.0,0.5,0.0,0.0,8.997188899045469
36880,0,calendar_2014_test,25.855125514070973,34.0,0.5,0.0,0.0,8.144874485929027
36881,0,calendar_2014_test,41.26854846749268,37.0,0.5,0.0,0.0,4.268548467492678
36882,0,calendar_2014_test,35.88801126451322,39.0,0.5,0.0,0.0,3.111988735486783
36883,0,calendar_2014_test,37.41163265273388,34.0,0.5,0.0,0.0,3.4116326527338785
36884,0,calendar_2014_test,34.97362690973897,39.0,0.5,0.0,0.0,4.026373090261032
36885,0,calendar_2014_test,37.868319698683344,49.0,0.5,0.0,0.0,11.131680301316656
36886,0,calendar_2014_test,46.4229814281036,51.0,0.5,0.0,0.0,4.577018571896403
36887,0,calendar_2014_test,46.3186898346402,52.0,0.5,0.0,0.0,5.681310165359797
36888,0,calendar_2014_test,48.01339361955243,70.0,0.5,0.0,0.0,21.98660638044757
36889,0,calendar_2014_test,65.53673356679487,83.0,0.5,0.0,0.0,17.463266433205135
36890,0,calendar_2014_test,81.46696899706666,92.0,0.5,0.0,0.0,10.533031002933342
36891,0,calendar_2014_test,84.38229348941428,95.0,0.5,0.0,0.0,10.61770651058572
36892,0,calendar_2014_test,85.3522034472657,83.0,0.5,0.0,0.0,2.352203447265694
36893,0,calendar_2014_test,71.91578824207225,66.0,0.5,0.0,0.0,5.915788242072253
36894,0,calendar_2014_test,67.84142467620903,66.0,0.5,0.0,0.0,1.84142467620903
36895,0,calendar_2014_test,69.22139979852376,77.0,0.5,0.0,0.0,7.778600201476237
36896,0,calendar_2014_test,82.70608256636824,74.0,0.5,0.0,0.0,8.706082566368238
36897,0,calendar_2014_test,75.95270157460342,70.0,0.5,0.0,0.0,5.952701574603424
36898,0,calendar_2014_test,70.7502516434638,86.0,0.5,0.0,0.0,15.249748356536202
36899,0,calendar_2014_test,87.94568460338276,90.0,0.5,0.0,0.0,2.054315396617241
36900,0,calendar_2014_test,88.98587742578363,91.0,0.5,0.0,0.0,2.0141225742163726
36901,0,calendar_2014_test,90.58333675151684,99.0,0.5,0.0,0.0,8.416663248483161
36902,0,calendar_2014_test,102.41859427956199,129.0,0.5,0.0,0.0,26.581405720438013
36903,0,calendar_2014_test,140.7876137187634,168.0,0.5,0.0,0.0,27.212386281236604
36904,0,calendar_2014_test,180.07716947152565,200.0,0.5,0.0,0.0,19.92283052847435
36905,0,calendar_2014_test,202.19640345655455,214.0,0.5,0.0,0.0,11.803596543445451
36906,0,calendar_2014_test,213.44122466895658,211.0,0.5,0.0,0.0,2.441224668956579
36907,0,calendar_2014_test,213.026371735732,219.0,0.5,0.0,0.0,5.973628264268001
36908,0,calendar_2014_test,223.26052223542504,237.0,0.5,0.0,0.0,13.739477764574957
36909,0,calendar_2014_test,241.2010888907296,248.0,0.5,0.0,0.0,6.798911109270392
36910,0,calendar_2014_test,248.5950619450188,254.0,0.5,0.0,0.0,5.404938054981187
36911,0,calendar_2014_test,249.64451081678914,254.0,0.5,0.0,0.0,4.355489183210864
36912,0,calendar_2014_test,251.90125105137287,252.0,0.5,0.0,0.0,0.0987489486271329
36913,0,calendar_2014_test,248.93963241642945,277.0,0.5,0.0,0.0,28.060367583570553
36914,0,calendar_2014_test,267.1088427150206,291.0,0.5,0.0,0.0,23.891157284979386
36915,0,calendar_2014_test,280.491286906321,287.0,0.5,0.0,0.0,6.508713093678978
36916,0,calendar_2014_test,275.49573008798023,295.0,0.5,0.0,0.0,19.504269912019765
36917,0,calendar_2014_test,292.81490910533415,287.0,0.5,0.0,0.0,5.814909105334152
36918,0,calendar_2014_test,276.2226978264586,325.0,0.5,0.0,0.0,48.777302173541386
36919,0,calendar_2014_test,308.35713893981296,301.0,0.5,0.0,0.0,7.357138939812955
36920,0,calendar_2014_test,292.481716094146,311.0,0.5,0.0,0.0,18.51828390585399
36921,0,calendar_2014_test,307.0639242088936,369.0,0.5,0.0,0.0,61.93607579110642
36922,0,calendar_2014_test,374.4660696500516,380.0,0.5,0.0,0.0,5.533930349948378
36923,0,calendar_2014_test,381.96623479706705,393.0,0.5,0.0,0.0,11.033765202932955
36924,0,calendar_2014_test,392.3104211187944,344.0,0.5,0.0,0.0,48.31042111879441
36925,0,calendar_2014_test,315.2899178712508,343.0,0.5,0.0,0.0,27.710082128749207
36926,0,calendar_2014_test,342.44858079315276,343.0,0.5,0.0,0.0,0.5514192068472425
36927,0,calendar_2014_test,341.5776369215823,323.0,0.5,0.0,0.0,18.577636921582325
36928,0,calendar_2014_test,318.00835482327534,328.0,0.5,0.0,0.0,9.99164517672466
36929,0,calendar_2014_test,322.05124835569416,312.0,0.5,0.0,0.0,10.051248355694156
36930,0,calendar_2014_test,248.14355073953956,264.0,0.5,0.0,0.0,15.856449260460437
36931,0,calendar_2014_test,249.25328764330396,242.0,0.5,0.0,0.0,7.253287643303963
36932,0,calendar_2014_test,248.49946709781509,254.0,0.5,0.0,0.0,5.500532902184915
36933,0,calendar_2014_test,263.4943810170957,204.0,0.5,0.0,0.0,59.49438101709569
36934,0,calendar_2014_test,183.80793152524507,194.0,0.5,0.0,0.0,10.192068474754933
36935,0,calendar_2014_test,184.91435338100274,227.0,0.5,0.0,0.0,42.08564661899726
36936,0,calendar_2014_test,232.68898101600917,242.0,0.5,0.0,0.0,9.311018983990834
36937,0,calendar_2014_test,234.1565472593496,235.0,0.5,0.0,0.0,0.843452740650406
36938,0,calendar_2014_test,222.22579675304553,168.0,0.5,0.0,0.0,54.22579675304553
36939,0,calendar_2014_test,111.96698087195846,20.0,0.5,0.0,0.0,91.96698087195846
36940,0,calendar_2014_test,21.103516616142205,18.0,0.5,0.0,0.0,3.1035166161422048
36941,0,calendar_2014_test,18.677703275820136,16.0,0.5,0.0,0.0,2.677703275820136
36942,0,calendar_2014_test,15.017546643603056,24.0,0.5,0.0,0.0,8.982453356396944
36943,0,calendar_2014_test,20.845366993291126,23.0,0.5,0.0,0.0,2.154633006708874
36944,0,calendar_2014_test,21.32958422724516,36.0,0.5,0.0,0.0,14.67041577275484
36945,0,calendar_2014_test,35.381651222159796,43.0,0.5,0.0,0.0,7.618348777840204
36946,0,calendar_2014_test,41.65260275904398,30.0,0.5,0.0,0.0,11.65260275904398
36947,0,calendar_2014_test,28.487043072200926,19.0,0.5,0.0,0.0,9.487043072200926
36948,0,calendar_2014_test,18.251087816934906,14.0,0.5,0.0,0.0,4.251087816934906
36949,0,calendar_2014_test,15.426317679250861,18.0,0.5,0.0,0.0,2.573682320749139
36950,0,calendar_2014_test,18.594309687073498,27.0,0.5,0.0,0.0,8.405690312926502
36951,0,calendar_2014_test,27.737739315718702,31.0,0.5,0.0,0.0,3.262260684281298
36952,0,calendar_2014_test,31.411696233640136,44.0,0.5,0.0,0.0,12.588303766359864
36953,0,calendar_2014_test,42.78109078519127,32.0,0.5,0.0,0.0,10.781090785191267
36954,0,calendar_2014_test,29.485637282075402,33.0,0.5,0.0,0.0,3.514362717924598
36955,0,calendar_2014_test,32.025710539056,48.0,0.5,0.0,0.0,15.974289460944
36956,0,calendar_2014_test,47.71742562085718,36.0,0.5,0.0,0.0,11.717425620857178
36957,0,calendar_2014_test,31.902067888892105,25.0,0.5,0.0,0.0,6.902067888892105
36958,0,calendar_2014_test,23.801746601447185,21.0,0.5,0.0,0.0,2.801746601447185
36959,0,calendar_2014_test,21.031219065012912,13.0,0.5,0.0,0.0,8.031219065012912
36960,0,calendar_2014_test,15.813982173702266,13.0,0.5,0.0,0.0,2.813982173702266
36961,0,calendar_2014_test,14.38467520627595,12.0,0.5,0.0,0.0,2.3846752062759506
36962,0,calendar_2014_test,13.862520597290725,13.0,0.5,0.0,0.0,0.8625205972907253
36963,0,calendar_2014_test,14.554008184747095,12.0,0.5,0.0,0.0,2.5540081847470955
36964,0,calendar_2014_test,13.792460476934957,11.0,0.5,0.0,0.0,2.7924604769349575
36965,0,calendar_2014_test,12.864215909587331,10.0,0.5,0.0,0.0,2.8642159095873314
36966,0,calendar_2014_test,11.9004020434673,12.0,0.5,0.0,0.0,0.09959795653269943
36967,0,calendar_2014_test,12.975938047735223,14.0,0.5,0.0,0.0,1.024061952264777
36968,0,calendar_2014_test,14.149456195408845,11.0,0.5,0.0,0.0,3.1494561954088454
36969,0,calendar_2014_test,13.114893016857959,10.0,0.5,0.0,0.0,3.114893016857959
36970,0,calendar_2014_test,11.580075487243363,9.0,0.5,0.0,0.0,2.580075487243363
36971,0,calendar_2014_test,11.25123379896532,9.0,0.5,0.0,0.0,2.2512337989653197
36972,0,calendar_2014_test,11.227604220606944,8.0,0.5,0.0,0.0,3.2276042206069437
36973,0,calendar_2014_test,11.082785085485233,9.0,0.5,0.0,0.0,2.0827850854852326
36974,0,calendar_2014_test,12.272876067290479,15.0,0.5,0.0,0.0,2.727123932709521
36975,0,calendar_2014_test,15.995707713259959,19.0,0.5,0.0,0.0,3.004292286740041
36976,0,calendar_2014_test,18.733353272059535,8.0,0.5,0.0,0.0,10.733353272059535
36977,0,calendar_2014_test,11.834015094781659,15.0,0.5,0.0,0.0,3.165984905218341
36978,0,calendar_2014_test,15.058197599550308,8.0,0.5,0.0,0.0,7.058197599550308
36979,0,calendar_2014_test,10.844397727688506,15.0,0.5,0.0,0.0,4.155602272311494
36980,0,calendar_2014_test,14.532126730585164,11.0,0.5,0.0,0.0,3.532126730585164
36981,0,calendar_2014_test,14.441168585708848,13.0,0.5,0.0,0.0,1.4411685857088479
36982,0,calendar_2014_test,14.440837776639839,11.0,0.5,0.0,0.0,3.440837776639839
36983,0,calendar_2014_test,13.27664813578342,13.0,0.5,0.0,0.0,0.27664813578341985
36984,0,calendar_2014_test,14.29066324609944,11.0,0.5,0.0,0.0,3.29066324609944
36985,0,calendar_2014_test,13.296535718467862,12.0,0.5,0.0,0.0,1.2965357184678616
36986,0,calendar_2014_test,15.5083268266009,13.0,0.5,0.0,0.0,2.5083268266009
36987,0,calendar_2014_test,15.271718870585062,11.0,0.5,0.0,0.0,4.271718870585062
36988,0,calendar_2014_test,13.217694740714583,26.0,0.5,0.0,0.0,12.782305259285417
36989,0,calendar_2014_test,23.754845647814193,23.0,0.5,0.0,0.0,0.7548456478141929
36990,0,calendar_2014_test,24.910040407935387,43.0,0.5,0.0,0.0,18.089959592064613
36991,0,calendar_2014_test,46.47405662831466,52.0,0.5,0.0,0.0,5.525943371685337
36992,0,calendar_2014_test,53.3829643183215,76.0,0.5,0.0,0.0,22.6170356816785
36993,0,calendar_2014_test,81.0630035005892,66.0,0.5,0.0,0.0,15.063003500589204
36994,0,calendar_2014_test,69.12547444308682,40.0,0.5,0.0,0.0,29.125474443086816
36995,0,calendar_2014_test,46.360464335082554,67.0,0.5,0.0,0.0,20.639535664917446
36996,0,calendar_2014_test,75.27545982471797,81.0,0.5,0.0,0.0,5.72454017528203
36997,0,calendar_2014_test,83.84364120320936,96.0,0.5,0.0,0.0,12.156358796790641
36998,0,calendar_2014_test,107.63768205468504,108.0,0.5,0.0,0.0,0.3623179453149561
36999,0,calendar_2014_test,113.69941740249062,99.0,0.5,0.0,0.0,14.699417402490624
37000,0,calendar_2014_test,100.4463504855006,111.0,0.5,0.0,0.0,10.553649514499398
37001,0,calendar_2014_test,123.27753698329776,120.0,0.5,0.0,0.0,3.2775369832977646
37002,0,calendar_2014_test,127.39955885127196,125.0,0.5,0.0,0.0,2.399558851271962
37003,0,calendar_2014_test,133.06737148281306,123.0,0.5,0.0,0.0,10.067371482813058
37004,0,calendar_2014_test,118.12803241855845,126.0,0.5,0.0,0.0,7.871967581441552
37005,0,calendar_2014_test,116.32208506573357,111.0,0.5,0.0,0.0,5.3220850657335745
37006,0,calendar_2014_test,106.9657086792795,26.0,0.5,0.0,0.0,80.9657086792795
37007,0,calendar_2014_test,19.423347050263086,11.0,0.5,0.0,0.0,8.423347050263086
37008,0,calendar_2014_test,12.697229739806579,13.0,0.5,0.0,0.0,0.30277026019342124
37009,0,calendar_2014_test,14.036697924006182,9.0,0.5,0.0,0.0,5.036697924006182
37010,0,calendar_2014_test,11.636064158769626,9.0,0.5,0.0,0.0,2.636064158769626
37011,0,calendar_2014_test,11.596329147745829,13.0,0.5,0.0,0.0,1.4036708522541712
37012,0,calendar_2014_test,15.388121382802579,17.0,0.5,0.0,0.0,1.611878617197421
37013,0,calendar_2014_test,15.87820161808713,16.0,0.5,0.0,0.0,0.1217983819128694
37014,0,calendar_2014_test,15.762267486128657,11.0,0.5,0.0,0.0,4.762267486128657
37015,0,calendar_2014_test,12.925935541092715,11.0,0.5,0.0,0.0,1.9259355410927146
37016,0,calendar_2014_test,12.479534576082628,17.0,0.5,0.0,0.0,4.520465423917372
37017,0,calendar_2014_test,15.852289634360744,9.0,0.5,0.0,0.0,6.852289634360744
37018,0,calendar_2014_test,12.479674830742535,9.0,0.5,0.0,0.0,3.4796748307425354
37019,0,calendar_2014_test,11.868364276785067,11.0,0.5,0.0,0.0,0.8683642767850674
37020,0,calendar_2014_test,12.92502088363194,8.0,0.5,0.0,0.0,4.925020883631939
37021,0,calendar_2014_test,11.166564266465183,15.0,0.5,0.0,0.0,3.8334357335348166
37022,0,calendar_2014_test,16.216461461080478,14.0,0.5,0.0,0.0,2.2164614610804776
37023,0,calendar_2014_test,15.397761499947029,9.0,0.5,0.0,0.0,6.397761499947029
37024,0,calendar_2014_test,12.47175603780808,7.0,0.5,0.0,0.0,5.471756037808079
37025,0,calendar_2014_test,8.909034792627162,6.0,0.5,0.0,0.0,2.9090347926271622
37026,0,calendar_2014_test,8.80895010145387,8.0,0.5,0.0,0.0,0.8089501014538705
37027,0,calendar_2014_test,10.300483781510673,11.0,0.5,0.0,0.0,0.6995162184893271
37028,0,calendar_2014_test,12.323721938266505,9.0,0.5,0.0,0.0,3.3237219382665053
37029,0,calendar_2014_test,10.789800187899099,11.0,0.5,0.0,0.0,0.21019981210090144
37030,0,calendar_2014_test,12.065810624705179,9.0,0.5,0.0,0.0,3.065810624705179
37031,0,calendar_2014_test,10.728830177133784,8.0,0.5,0.0,0.0,2.7288301771337835
37032,0,calendar_2014_test,10.156563171281789,5.0,0.5,0.0,0.0,5.156563171281789
37033,0,calendar_2014_test,10.311789403227785,6.0,0.5,0.0,0.0,4.311789403227785
37034,0,calendar_2014_test,10.14074478954246,9.0,0.5,0.0,0.0,1.1407447895424596
37035,0,calendar_2014_test,11.565770168924374,6.0,0.5,0.0,0.0,5.565770168924374
37036,0,calendar_2014_test,9.321638409001151,7.0,0.5,0.0,0.0,2.3216384090011513
37037,0,calendar_2014_test,9.399894741029554,7.0,0.5,0.0,0.0,2.399894741029554
37038,0,calendar_2014_test,9.350505618038646,6.0,0.5,0.0,0.0,3.350505618038646
37039,0,calendar_2014_test,9.02303211535387,9.0,0.5,0.0,0.0,0.023032115353869287
37040,0,calendar_2014_test,11.215393725788408,11.0,0.5,0.0,0.0,0.21539372578840776
37041,0,calendar_2014_test,12.437242751738362,10.0,0.5,0.0,0.0,2.4372427517383617
37042,0,calendar_2014_test,11.521882844349864,10.0,0.5,0.0,0.0,1.5218828443498644
37043,0,calendar_2014_test,11.52591198865662,8.0,0.5,0.0,0.0,3.5259119886566204
37044,0,calendar_2014_test,10.63350885561006,7.0,0.5,0.0,0.0,3.63350885561006
37045,0,calendar_2014_test,9.593112033951801,10.0,0.5,0.0,0.0,0.406887966048199
37046,0,calendar_2014_test,12.59076357300693,8.0,0.5,0.0,0.0,4.59076357300693
37047,0,calendar_2014_test,13.561492985009242,17.0,0.5,0.0,0.0,3.4385070149907584
37048,0,calendar_2014_test,18.096637718179153,9.0,0.5,0.0,0.0,9.096637718179153
37049,0,calendar_2014_test,11.736701587880018,18.0,0.5,0.0,0.0,6.2632984121199815
37050,0,calendar_2014_test,16.320369350727805,10.0,0.5,0.0,0.0,6.320369350727805
37051,0,calendar_2014_test,11.995818455594256,6.0,0.5,0.0,0.0,5.9958184555942555
37052,0,calendar_2014_test,8.88038780618189,6.0,0.5,0.0,0.0,2.88038780618189
37053,0,calendar_2014_test,8.917396602717137,9.0,0.5,0.0,0.0,0.08260339728286326
37054,0,calendar_2014_test,10.796645220175641,8.0,0.5,0.0,0.0,2.796645220175641
37055,0,calendar_2014_test,11.102646002290081,7.0,0.5,0.0,0.0,4.102646002290081
37056,0,calendar_2014_test,11.489147463551587,8.0,0.5,0.0,0.0,3.4891474635515873
37057,0,calendar_2014_test,11.066123496664757,14.0,0.5,0.0,0.0,2.9338765033352434
37058,0,calendar_2014_test,15.941590909547312,12.0,0.5,0.0,0.0,3.941590909547312
37059,0,calendar_2014_test,14.222979156621047,25.0,0.5,0.0,0.0,10.777020843378953
37060,0,calendar_2014_test,23.40204677945607,11.0,0.5,0.0,0.0,12.402046779456072
37061,0,calendar_2014_test,13.759117493261122,16.0,0.5,0.0,0.0,2.2408825067388776
37062,0,calendar_2014_test,15.24752792434393,17.0,0.5,0.0,0.0,1.7524720756560708
37063,0,calendar_2014_test,15.508233735430986,13.0,0.5,0.0,0.0,2.508233735430986
37064,0,calendar_2014_test,14.739691040513625,9.0,0.5,0.0,0.0,5.739691040513625
37065,0,calendar_2014_test,47.079348961573984,71.0,0.5,0.0,0.0,23.920651038426016
37066,0,calendar_2014_test,77.07675038833843,66.0,0.5,0.0,0.0,11.076750388338425
37067,0,calendar_2014_test,70.70503894834057,61.0,0.5,0.0,0.0,9.705038948340572
37068,0,calendar_2014_test,66.58387337224218,83.0,0.5,0.0,0.0,16.41612662775782
37069,0,calendar_2014_test,97.97669494093572,122.0,0.5,0.0,0.0,24.023305059064285
37070,0,calendar_2014_test,149.4849485833231,119.0,0.5,0.0,0.0,30.484948583323103
37071,0,calendar_2014_test,117.81647441681746,95.0,0.5,0.0,0.0,22.816474416817456
37072,0,calendar_2014_test,89.93452943918467,93.0,0.5,0.0,0.0,3.065470560815328
37073,0,calendar_2014_test,94.62273515997978,102.0,0.5,0.0,0.0,7.377264840020217
37074,0,calendar_2014_test,105.14266306372853,174.0,0.5,0.0,0.0,68.85733693627147
37075,0,calendar_2014_test,167.09772725547415,137.0,0.5,0.0,0.0,30.097727255474155
37076,0,calendar_2014_test,126.54617373580221,80.0,0.5,0.0,0.0,46.54617373580221
37077,0,calendar_2014_test,71.70026941061336,63.0,0.5,0.0,0.0,8.700269410613359
37078,0,calendar_2014_test,68.59451667251722,72.0,0.5,0.0,0.0,3.4054833274827843
37079,0,calendar_2014_test,80.57620445189978,59.0,0.5,0.0,0.0,21.576204451899784
37080,0,calendar_2014_test,66.82400617696554,59.0,0.5,0.0,0.0,7.82400617696554
37081,0,calendar_2014_test,68.45339609461219,72.0,0.5,0.0,0.0,3.546603905387812
37082,0,calendar_2014_test,83.40383861259923,79.0,0.5,0.0,0.0,4.40383861259923
37083,0,calendar_2014_test,83.01922184115202,77.0,0.5,0.0,0.0,6.019221841152017
37084,0,calendar_2014_test,76.06262968104133,96.0,0.5,0.0,0.0,19.93737031895867
37085,0,calendar_2014_test,86.73629009272285,54.0,0.5,0.0,0.0,32.736290092722854
37086,0,calendar_2014_test,41.411164607543036,34.0,0.5,0.0,0.0,7.411164607543036
37087,0,calendar_2014_test,31.116741096530074,18.0,0.5,0.0,0.0,13.116741096530074
37088,0,calendar_2014_test,18.997488775609,22.0,0.5,0.0,0.0,3.002511224391
37089,0,calendar_2014_test,21.406619484434046,21.0,0.5,0.0,0.0,0.40661948443404583
37090,0,calendar_2014_test,21.172598419599552,15.0,0.5,0.0,0.0,6.172598419599552
37091,0,calendar_2014_test,16.95639397344481,13.0,0.5,0.0,0.0,3.9563939734448113
37092,0,calendar_2014_test,15.733289507902017,11.0,0.5,0.0,0.0,4.7332895079020165
37093,0,calendar_2014_test,14.230902308354327,17.0,0.5,0.0,0.0,2.7690976916456727
37094,0,calendar_2014_test,16.585365556428812,18.0,0.5,0.0,0.0,1.4146344435711882
37095,0,calendar_2014_test,17.45897029918238,16.0,0.5,0.0,0.0,1.4589702991823792
37096,0,calendar_2014_test,15.308669788567826,17.0,0.5,0.0,0.0,1.6913302114321738
37097,0,calendar_2014_test,15.294379617687479,18.0,0.5,0.0,0.0,2.705620382312521
37098,0,calendar_2014_test,20.334900654505347,16.0,0.5,0.0,0.0,4.334900654505347
37099,0,calendar_2014_test,17.691628592397276,15.0,0.5,0.0,0.0,2.691628592397276
37100,0,calendar_2014_test,16.058985654710217,17.0,0.5,0.0,0.0,0.9410143452897834
37101,0,calendar_2014_test,15.572334649660915,19.0,0.5,0.0,0.0,3.427665350339085
37102,0,calendar_2014_test,19.98895446261288,15.0,0.5,0.0,0.0,4.988954462612881
37103,0,calendar_2014_test,17.03842114681982,22.0,0.5,0.0,0.0,4.961578853180178
37104,0,calendar_2014_test,21.27566753546817,20.0,0.5,0.0,0.0,1.2756675354681697
37105,0,calendar_2014_test,24.330421089083327,21.0,0.5,0.0,0.0,3.330421089083327
37106,0,calendar_2014_test,24.311785429204566,32.0,0.5,0.0,0.0,7.688214570795434
37107,0,calendar_2014_test,31.86989422539441,20.0,0.5,0.0,0.0,11.869894225394411
37108,0,calendar_2014_test,23.942208687009842,31.0,0.5,0.0,0.0,7.057791312990158
37109,0,calendar_2014_test,35.833638937091976,40.0,0.5,0.0,0.0,4.166361062908024
37110,0,calendar_2014_test,43.70448590838924,102.0,0.5,0.0,0.0,58.29551409161076
37111,0,calendar_2014_test,83.55210999622363,117.0,0.5,0.0,0.0,33.447890003776365
37112,0,calendar_2014_test,117.10729443135789,100.0,0.5,0.0,0.0,17.107294431357886
37113,0,calendar_2014_test,51.617450953539176,63.0,0.5,0.0,0.0,11.382549046460824
37114,0,calendar_2014_test,58.77621754921037,62.0,0.5,0.0,0.0,3.2237824507896278
37115,0,calendar_2014_test,54.462142573790146,45.0,0.5,0.0,0.0,9.462142573790146
37116,0,calendar_2014_test,41.81812049234305,19.0,0.5,0.0,0.0,22.81812049234305
37117,0,calendar_2014_test,18.887157462498664,21.0,0.5,0.0,0.0,2.1128425375013364
37118,0,calendar_2014_test,22.18555244291268,13.0,0.5,0.0,0.0,9.18555244291268
37119,0,calendar_2014_test,13.680780854207784,31.0,0.5,0.0,0.0,17.319219145792218
37120,0,calendar_2014_test,37.810474437082966,17.0,0.5,0.0,0.0,20.810474437082966
37121,0,calendar_2014_test,17.504113594522174,14.0,0.5,0.0,0.0,3.504113594522174
37122,0,calendar_2014_test,16.497129402951103,13.0,0.5,0.0,0.0,3.497129402951103
37123,0,calendar_2014_test,13.883990488457021,16.0,0.5,0.0,0.0,2.1160095115429787
37124,0,calendar_2014_test,14.70128677347171,18.0,0.5,0.0,0.0,3.2987132265282906
37125,0,calendar_2014_test,16.62718476862731,18.0,0.5,0.0,0.0,1.372815231372691
37126,0,calendar_2014_test,16.816225513525637,20.0,0.5,0.0,0.0,3.1837744864743627
37127,0,calendar_2014_test,18.427703616048966,17.0,0.5,0.0,0.0,1.4277036160489658
37128,0,calendar_2014_test,15.731621854260649,9.0,0.5,0.0,0.0,6.7316218542606485
37129,0,calendar_2014_test,11.27250975809335,16.0,0.5,0.0,0.0,4.727490241906651
37130,0,calendar_2014_test,14.223895910307675,14.0,0.5,0.0,0.0,0.2238959103076752
37131,0,calendar_2014_test,13.946368771933475,7.0,0.5,0.0,0.0,6.946368771933475
37132,0,calendar_2014_test,9.504389032700258,15.0,0.5,0.0,0.0,5.495610967299742
37133,0,calendar_2014_test,14.58752739199884,11.0,0.5,0.0,0.0,3.58752739199884
37134,0,calendar_2014_test,13.93076347702637,13.0,0.5,0.0,0.0,0.9307634770263693
37135,0,calendar_2014_test,15.040845696764686,16.0,0.5,0.0,0.0,0.959154303235314
37136,0,calendar_2014_test,16.418556496217136,14.0,0.5,0.0,0.0,2.4185564962171355
37137,0,calendar_2014_test,14.544329789633116,14.0,0.5,0.0,0.0,0.5443297896331156
37138,0,calendar_2014_test,14.604868139018386,14.0,0.5,0.0,0.0,0.6048681390183859
37139,0,calendar_2014_test,14.384582628238357,14.0,0.5,0.0,0.0,0.3845826282383573
37140,0,calendar_2014_test,14.416003376706723,12.0,0.5,0.0,0.0,2.4160033767067226
37141,0,calendar_2014_test,17.55333631668523,29.0,0.5,0.0,0.0,11.446663683314771
37142,0,calendar_2014_test,33.4973812835414,40.0,0.5,0.0,0.0,6.502618716458599
37143,0,calendar_2014_test,49.841910102674326,92.0,0.5,0.0,0.0,42.158089897325674
37144,0,calendar_2014_test,92.46118644680391,76.0,0.5,0.0,0.0,16.461186446803907
37145,0,calendar_2014_test,69.52091332668597,81.0,0.5,0.0,0.0,11.479086673314029
37146,0,calendar_2014_test,78.76145996747832,32.0,0.5,0.0,0.0,46.76145996747832
37147,0,calendar_2014_test,30.41297421351913,9.0,0.5,0.0,0.0,21.41297421351913
37148,0,calendar_2014_test,11.676069322014731,12.0,0.5,0.0,0.0,0.32393067798526864
37149,0,calendar_2014_test,12.076201987081001,8.0,0.5,0.0,0.0,4.076201987081001
37150,0,calendar_2014_test,9.562174995321486,8.0,0.5,0.0,0.0,1.5621749953214863
37151,0,calendar_2014_test,10.19616262341874,8.0,0.5,0.0,0.0,2.19616262341874
37152,0,calendar_2014_test,10.334264677102068,9.0,0.5,0.0,0.0,1.3342646771020679
37153,0,calendar_2014_test,10.848588776224988,12.0,0.5,0.0,0.0,1.1514112237750123
37154,0,calendar_2014_test,12.610623956997877,14.0,0.5,0.0,0.0,1.3893760430021231
37155,0,calendar_2014_test,13.710775145113372,9.0,0.5,0.0,0.0,4.710775145113372
37156,0,calendar_2014_test,11.960359861408627,7.0,0.5,0.0,0.0,4.960359861408627
37157,0,calendar_2014_test,9.545969021887396,8.0,0.5,0.0,0.0,1.5459690218873963
37158,0,calendar_2014_test,10.790958120284396,12.0,0.5,0.0,0.0,1.2090418797156044
37159,0,calendar_2014_test,13.168699699167753,13.0,0.5,0.0,0.0,0.16869969916775318
37160,0,calendar_2014_test,14.159284101746568,9.0,0.5,0.0,0.0,5.159284101746568
37161,0,calendar_2014_test,11.324707906059292,17.0,0.5,0.0,0.0,5.675292093940708
37162,0,calendar_2014_test,15.095400986908281,18.0,0.5,0.0,0.0,2.904599013091719
37163,0,calendar_2014_test,17.430032512526846,14.0,0.5,0.0,0.0,3.4300325125268465
37164,0,calendar_2014_test,14.76998599349023,10.0,0.5,0.0,0.0,4.769985993490231
37165,0,calendar_2014_test,12.04805383031585,12.0,0.5,0.0,0.0,0.04805383031584931
37166,0,calendar_2014_test,12.998258803919494,9.0,0.5,0.0,0.0,3.9982588039194944
37167,0,calendar_2014_test,17.12697972821071,14.0,0.5,0.0,0.0,3.12697972821071
37168,0,calendar_2014_test,20.847199272845796,17.0,0.5,0.0,0.0,3.8471992728457955
37169,0,calendar_2014_test,21.931666889093705,21.0,0.5,0.0,0.0,0.9316668890937052
37170,0,calendar_2014_test,30.87659225715298,47.0,0.5,0.0,0.0,16.12340774284702
37171,0,calendar_2014_test,54.3318276193635,18.0,0.5,0.0,0.0,36.3318276193635
37172,0,calendar_2014_test,22.80590007438442,15.0,0.5,0.0,0.0,7.805900074384422
37173,0,calendar_2014_test,20.201431520238636,12.0,0.5,0.0,0.0,8.201431520238636
37174,0,calendar_2014_test,15.250264580731868,16.0,0.5,0.0,0.0,0.7497354192681325
37175,0,calendar_2014_test,21.255309494660633,15.0,0.5,0.0,0.0,6.255309494660633
37176,0,calendar_2014_test,18.926453711253465,13.0,0.5,0.0,0.0,5.926453711253465
37177,0,calendar_2014_test,20.25750550199549,16.0,0.5,0.0,0.0,4.257505501995489
37178,0,calendar_2014_test,19.006978759807964,16.0,0.5,0.0,0.0,3.0069787598079643
37179,0,calendar_2014_test,18.8677299663547,10.0,0.5,0.0,0.0,8.867729966354698
37180,0,calendar_2014_test,16.001130042531297,13.0,0.5,0.0,0.0,3.0011300425312974
37181,0,calendar_2014_test,18.09941585506549,33.0,0.5,0.0,0.0,14.90058414493451
37182,0,calendar_2014_test,38.67379057905429,37.0,0.5,0.0,0.0,1.673790579054291
37183,0,calendar_2014_test,38.58419086454999,36.0,0.5,0.0,0.0,2.5841908645499885
37184,0,calendar_2014_test,40.388694351095694,53.0,0.5,0.0,0.0,12.611305648904306
37185,0,calendar_2014_test,57.81696429412896,58.0,0.5,0.0,0.0,0.1830357058710419
37186,0,calendar_2014_test,61.470330581629476,46.0,0.5,0.0,0.0,15.470330581629476
37187,0,calendar_2014_test,47.47188091766611,43.0,0.5,0.0,0.0,4.4718809176661125
37188,0,calendar_2014_test,47.08587384044788,41.0,0.5,0.0,0.0,6.085873840447881
37189,0,calendar_2014_test,45.93693477118518,44.0,0.5,0.0,0.0,1.9369347711851788
37190,0,calendar_2014_test,49.34726205721254,72.0,0.5,0.0,0.0,22.65273794278746
37191,0,calendar_2014_test,79.13413831450515,80.0,0.5,0.0,0.0,0.8658616854948491
37192,0,calendar_2014_test,84.99057273709444,86.0,0.5,0.0,0.0,1.009427262905561
37193,0,calendar_2014_test,98.44166946866856,82.0,0.5,0.0,0.0,16.441669468668564
37194,0,calendar_2014_test,90.88013253742834,86.0,0.5,0.0,0.0,4.880132537428338
37195,0,calendar_2014_test,92.24855085236476,98.0,0.5,0.0,0.0,5.751449147635242
37196,0,calendar_2014_test,103.52093010478588,112.0,0.5,0.0,0.0,8.479069895214124
37197,0,calendar_2014_test,129.2258834041368,126.0,0.5,0.0,0.0,3.2258834041367948
37198,0,calendar_2014_test,139.8139299893957,192.0,0.5,0.0,0.0,52.18607001060431
37199,0,calendar_2014_test,228.26076469614983,212.0,0.5,0.0,0.0,16.260764696149835
37200,0,calendar_2014_test,198.0407048668456,144.0,0.5,0.0,0.0,54.0407048668456
37201,0,calendar_2014_test,106.56683338482233,107.0,0.5,0.0,0.0,0.43316661517766875
37202,0,calendar_2014_test,90.20667349117596,86.0,0.5,0.0,0.0,4.2066734911759625
37203,0,calendar_2014_test,76.14767688549675,90.0,0.5,0.0,0.0,13.85232311450325
37204,0,calendar_2014_test,88.00220568980887,95.0,0.5,0.0,0.0,6.997794310191125
37205,0,calendar_2014_test,90.50843589353812,71.0,0.5,0.0,0.0,19.50843589353812
37206,0,calendar_2014_test,73.07980226321936,76.0,0.5,0.0,0.0,2.9201977367806364
37207,0,calendar_2014_test,81.42459638199458,75.0,0.5,0.0,0.0,6.424596381994576
37208,0,calendar_2014_test,75.7860468162868,58.0,0.5,0.0,0.0,17.7860468162868
37209,0,calendar_2014_test,56.850880697759365,53.0,0.5,0.0,0.0,3.850880697759365
37210,0,calendar_2014_test,55.015315497606565,59.0,0.5,0.0,0.0,3.984684502393435
37211,0,calendar_2014_test,66.7895966907634,49.0,0.5,0.0,0.0,17.789596690763403
37212,0,calendar_2014_test,50.56650520444241,44.0,0.5,0.0,0.0,6.566505204442407
37213,0,calendar_2014_test,48.16586537248953,50.0,0.5,0.0,0.0,1.8341346275104726
37214,0,calendar_2014_test,58.62318955355509,68.0,0.5,0.0,0.0,9.376810446444907
37215,0,calendar_2014_test,79.5741316731589,110.0,0.5,0.0,0.0,30.425868326841098
37216,0,calendar_2014_test,138.76047336909966,129.0,0.5,0.0,0.0,9.760473369099657
37217,0,calendar_2014_test,150.60725725407536,123.0,0.5,0.0,0.0,27.607257254075364
37218,0,calendar_2014_test,138.3884420753647,109.0,0.5,0.0,0.0,29.388442075364708
37219,0,calendar_2014_test,107.21386940812167,132.0,0.5,0.0,0.0,24.786130591878333
37220,0,calendar_2014_test,141.25538533500225,160.0,0.5,0.0,0.0,18.744614664997755
37221,0,calendar_2014_test,162.90572773941912,167.0,0.5,0.0,0.0,4.09427226058088
37222,0,calendar_2014_test,167.42896165620107,257.0,0.5,0.0,0.0,89.57103834379893
37223,0,calendar_2014_test,243.43308494047517,291.0,0.5,0.0,0.0,47.56691505952483
37224,0,calendar_2014_test,269.88694530076026,305.0,0.5,0.0,0.0,35.11305469923974
37225,0,calendar_2014_test,283.4162566566265,307.0,0.5,0.0,0.0,23.5837433433735
37226,0,calendar_2014_test,268.7120482144246,293.0,0.5,0.0,0.0,24.287951785575387
37227,0,calendar_2014_test,259.58580948727405,269.0,0.5,0.0,0.0,9.414190512725952
37228,0,calendar_2014_test,173.69473156138878,47.0,0.5,0.0,0.0,126.69473156138878
37229,0,calendar_2014_test,33.829105821925694,24.0,0.5,0.0,0.0,9.829105821925694
37230,0,calendar_2014_test,24.365338621501454,17.0,0.5,0.0,0.0,7.365338621501454
37231,0,calendar_2014_test,17.442774882097705,12.0,0.5,0.0,0.0,5.442774882097705
37232,0,calendar_2014_test,14.616519057391683,9.0,0.5,0.0,0.0,5.616519057391683
37233,0,calendar_2014_test,12.253706455894283,10.0,0.5,0.0,0.0,2.2537064558942834
37234,0,calendar_2014_test,12.033236870000714,9.0,0.5,0.0,0.0,3.0332368700007137
37235,0,calendar_2014_test,11.29494578676387,11.0,0.5,0.0,0.0,0.2949457867638703
37236,0,calendar_2014_test,12.717654614441697,8.0,0.5,0.0,0.0,4.717654614441697
37237,0,calendar_2014_test,10.546732887479681,13.0,0.5,0.0,0.0,2.4532671125203187
37238,0,calendar_2014_test,15.75432595340273,12.0,0.5,0.0,0.0,3.7543259534027307
37239,0,calendar_2014_test,16.77338875497877,10.0,0.5,0.0,0.0,6.773388754978772
37240,0,calendar_2014_test,17.312415304149845,9.0,0.5,0.0,0.0,8.312415304149845
37241,0,calendar_2014_test,14.14479761567777,18.0,0.5,0.0,0.0,3.8552023843222294
37242,0,calendar_2014_test,20.02700030901209,10.0,0.5,0.0,0.0,10.027000309012092
37243,0,calendar_2014_test,12.163782541861849,11.0,0.5,0.0,0.0,1.163782541861849
37244,0,calendar_2014_test,12.06760386548931,11.0,0.5,0.0,0.0,1.0676038654893105
37245,0,calendar_2014_test,12.102706472422106,6.0,0.5,0.0,0.0,6.102706472422106
37246,0,calendar_2014_test,8.59663728423181,6.0,0.5,0.0,0.0,2.596637284231811
37247,0,calendar_2014_test,8.54531943043523,6.0,0.5,0.0,0.0,2.54531943043523
37248,0,calendar_2014_test,8.468493427152866,5.0,0.5,0.0,0.0,3.4684934271528665
37249,0,calendar_2014_test,7.917343408930069,10.0,0.5,0.0,0.0,2.082656591069931
37250,0,calendar_2014_test,11.586079161622635,9.0,0.5,0.0,0.0,2.586079161622635
37251,0,calendar_2014_test,10.41454675136545,11.0,0.5,0.0,0.0,0.5854532486345505
37252,0,calendar_2014_test,12.849530925335714,11.0,0.5,0.0,0.0,1.8495309253357135
37253,0,calendar_2014_test,12.709844065311746,8.0,0.5,0.0,0.0,4.709844065311746
37254,0,calendar_2014_test,10.792759339497882,12.0,0.5,0.0,0.0,1.2072406605021175
37255,0,calendar_2014_test,13.145070120809377,15.0,0.5,0.0,0.0,1.8549298791906228
37256,0,calendar_2014_test,14.935776237378738,11.0,0.5,0.0,0.0,3.9357762373787377
37257,0,calendar_2014_test,12.780309860834546,9.0,0.5,0.0,0.0,3.780309860834546
37258,0,calendar_2014_test,11.14855483140488,25.0,0.5,0.0,0.0,13.85144516859512
37259,0,calendar_2014_test,22.688797595139384,23.0,0.5,0.0,0.0,0.3112024048606159
37260,0,calendar_2014_test,22.075428056510432,13.0,0.5,0.0,0.0,9.075428056510432
37261,0,calendar_2014_test,16.05289865237251,8.0,0.5,0.0,0.0,8.052898652372509
37262,0,calendar_2014_test,11.243312238371354,10.0,0.5,0.0,0.0,1.2433122383713542
37263,0,calendar_2014_test,11.925875709957046,11.0,0.5,0.0,0.0,0.9258757099570456
37264,0,calendar_2014_test,13.650828367974446,12.0,0.5,0.0,0.0,1.6508283679744462
37265,0,calendar_2014_test,13.994615018956146,14.0,0.5,0.0,0.0,0.005384981043853543
37266,0,calendar_2014_test,14.842286893014938,14.0,0.5,0.0,0.0,0.8422868930149381
37267,0,calendar_2014_test,14.164348086884889,10.0,0.5,0.0,0.0,4.164348086884889
37268,0,calendar_2014_test,11.665614572752341,8.0,0.5,0.0,0.0,3.6656145727523413
37269,0,calendar_2014_test,10.684625888843193,9.0,0.5,0.0,0.0,1.6846258888431933
37270,0,calendar_2014_test,11.242624411377475,9.0,0.5,0.0,0.0,2.2426244113774754
37271,0,calendar_2014_test,16.43471737978046,8.0,0.5,0.0,0.0,8.434717379780459
37272,0,calendar_2014_test,16.64767362142384,17.0,0.5,0.0,0.0,0.35232637857615856
37273,0,calendar_2014_test,22.483671591237876,30.0,0.5,0.0,0.0,7.516328408762124
37274,0,calendar_2014_test,34.84939668740523,43.0,0.5,0.0,0.0,8.150603312594768
37275,0,calendar_2014_test,46.920441171106674,57.0,0.5,0.0,0.0,10.079558828893326
37276,0,calendar_2014_test,62.984070158800236,65.0,0.5,0.0,0.0,2.015929841199764
37277,0,calendar_2014_test,71.98689117468287,80.0,0.5,0.0,0.0,8.013108825317133
37278,0,calendar_2014_test,89.75190698463467,88.0,0.5,0.0,0.0,1.7519069846346724
37279,0,calendar_2014_test,89.97283940635842,96.0,0.5,0.0,0.0,6.027160593641582
37280,0,calendar_2014_test,91.55032724200123,121.0,0.5,0.0,0.0,29.44967275799877
37281,0,calendar_2014_test,116.09313978860648,152.0,0.5,0.0,0.0,35.90686021139352
37282,0,calendar_2014_test,148.1244178093617,172.0,0.5,0.0,0.0,23.875582190638312
37283,0,calendar_2014_test,189.2993201085491,128.0,0.5,0.0,0.0,61.2993201085491
37284,0,calendar_2014_test,95.88851629112055,77.0,0.5,0.0,0.0,18.888516291120553
37285,0,calendar_2014_test,70.31368349245905,65.0,0.5,0.0,0.0,5.313683492459049
37286,0,calendar_2014_test,69.94653625510107,79.0,0.5,0.0,0.0,9.053463744898934
37287,0,calendar_2014_test,86.64818812990747,93.0,0.5,0.0,0.0,6.351811870092533
37288,0,calendar_2014_test,106.3194482415161,104.0,0.5,0.0,0.0,2.319448241516099
37289,0,calendar_2014_test,117.30749986554234,202.0,0.5,0.0,0.0,84.69250013445766
37290,0,calendar_2014_test,232.91463583655423,245.0,0.5,0.0,0.0,12.085364163445774
37291,0,calendar_2014_test,221.8536531134276,225.0,0.5,0.0,0.0,3.1463468865723883
37292,0,calendar_2014_test,204.56118495810603,180.0,0.5,0.0,0.0,24.561184958106026
37293,0,calendar_2014_test,160.9775346554961,180.0,0.5,0.0,0.0,19.0224653445039
37294,0,calendar_2014_test,178.3031127704313,170.0,0.5,0.0,0.0,8.303112770431312
37295,0,calendar_2014_test,167.61752534325706,160.0,0.5,0.0,0.0,7.617525343257057
37296,0,calendar_2014_test,157.20039809833284,146.0,0.5,0.0,0.0,11.20039809833284
37297,0,calendar_2014_test,142.7535779641857,125.0,0.5,0.0,0.0,17.753577964185695
37298,0,calendar_2014_test,110.63186575824088,130.0,0.5,0.0,0.0,19.368134241759122
37299,0,calendar_2014_test,132.57853938081647,138.0,0.5,0.0,0.0,5.421460619183534
37300,0,calendar_2014_test,132.91533010755145,147.0,0.5,0.0,0.0,14.084669892448545
37301,0,calendar_2014_test,138.98250118591397,135.0,0.5,0.0,0.0,3.982501185913975
37302,0,calendar_2014_test,114.90535333411466,136.0,0.5,0.0,0.0,21.094646665885335
37303,0,calendar_2014_test,139.36567903444856,124.0,0.5,0.0,0.0,15.365679034448561
37304,0,calendar_2014_test,117.44554614236634,135.0,0.5,0.0,0.0,17.55445385763366
37305,0,calendar_2014_test,143.4032693177377,132.0,0.5,0.0,0.0,11.40326931773771
37306,0,calendar_2014_test,132.88465920122337,133.0,0.5,0.0,0.0,0.11534079877662862
37307,0,calendar_2014_test,136.24245345319318,142.0,0.5,0.0,0.0,5.757546546806822
37308,0,calendar_2014_test,149.34217582713705,163.0,0.5,0.0,0.0,13.657824172862945
37309,0,calendar_2014_test,171.39190640807175,166.0,0.5,0.0,0.0,5.391906408071748
37310,0,calendar_2014_test,174.01999525785672,189.0,0.5,0.0,0.0,14.98000474214328
37311,0,calendar_2014_test,207.30314685799527,202.0,0.5,0.0,0.0,5.303146857995273
37312,0,calendar_2014_test,215.24071258652313,228.0,0.5,0.0,0.0,12.75928741347687
37313,0,calendar_2014_test,246.55022943667495,240.0,0.5,0.0,0.0,6.550229436674954
37314,0,calendar_2014_test,259.26234041714923,235.0,0.5,0.0,0.0,24.262340417149233
37315,0,calendar_2014_test,244.44033875434954,252.0,0.5,0.0,0.0,7.55966124565046
37316,0,calendar_2014_test,269.0255506919873,254.0,0.5,0.0,0.0,15.025550691987291
37317,0,calendar_2014_test,262.96340827733707,274.0,0.5,0.0,0.0,11.036591722662934
37318,0,calendar_2014_test,270.98519872258487,253.0,0.5,0.0,0.0,17.98519872258487
37319,0,calendar_2014_test,230.95581004856368,248.0,0.5,0.0,0.0,17.044189951436323
37320,0,calendar_2014_test,226.55854406396017,219.0,0.5,0.0,0.0,7.55854406396017
37321,0,calendar_2014_test,199.55121769070854,199.0,0.5,0.0,0.0,0.5512176907085404
37322,0,calendar_2014_test,178.3901140238262,198.0,0.5,0.0,0.0,19.609885976173814
37323,0,calendar_2014_test,186.7790555547785,204.0,0.5,0.0,0.0,17.220944445221505
37324,0,calendar_2014_test,191.86533506732192,66.0,0.5,0.0,0.0,125.86533506732192
37325,0,calendar_2014_test,38.99965037930034,22.0,0.5,0.0,0.0,16.99965037930034
37326,0,calendar_2014_test,22.537698500466682,19.0,0.5,0.0,0.0,3.537698500466682
37327,0,calendar_2014_test,19.888922833153863,16.0,0.5,0.0,0.0,3.8889228331538632
37328,0,calendar_2014_test,15.650600400743388,11.0,0.5,0.0,0.0,4.650600400743388
37329,0,calendar_2014_test,12.897799255652226,17.0,0.5,0.0,0.0,4.102200744347774
37330,0,calendar_2014_test,16.449873895234518,15.0,0.5,0.0,0.0,1.4498738952345178
37331,0,calendar_2014_test,14.803762357311037,14.0,0.5,0.0,0.0,0.8037623573110366
37332,0,calendar_2014_test,15.256154744861288,12.0,0.5,0.0,0.0,3.2561547448612878
37333,0,calendar_2014_test,13.683129511184339,7.0,0.5,0.0,0.0,6.6831295111843385
37334,0,calendar_2014_test,8.934329111909948,7.0,0.5,0.0,0.0,1.934329111909948
37335,0,calendar_2014_test,9.331683790245997,15.0,0.5,0.0,0.0,5.668316209754003
37336,0,calendar_2014_test,16.740725478639863,7.0,0.5,0.0,0.0,9.740725478639863
37337,0,calendar_2014_test,10.916571106580863,10.0,0.5,0.0,0.0,0.9165711065808626
37338,0,calendar_2014_test,12.34038601899679,8.0,0.5,0.0,0.0,4.34038601899679
37339,0,calendar_2014_test,9.877614203536174,12.0,0.5,0.0,0.0,2.122385796463826
37340,0,calendar_2014_test,12.593745760138,11.0,0.5,0.0,0.0,1.5937457601380007
37341,0,calendar_2014_test,11.910531484544872,9.0,0.5,0.0,0.0,2.9105314845448724
37342,0,calendar_2014_test,10.8721139619687,14.0,0.5,0.0,0.0,3.127886038031299
37343,0,calendar_2014_test,12.975934487977185,8.0,0.5,0.0,0.0,4.9759344879771845
37344,0,calendar_2014_test,10.458560840836295,12.0,0.5,0.0,0.0,1.5414391591637049
37345,0,calendar_2014_test,12.46477696788002,11.0,0.5,0.0,0.0,1.4647769678800202
37346,0,calendar_2014_test,12.0096317942674,12.0,0.5,0.0,0.0,0.00963179426739913
37347,0,calendar_2014_test,12.915361550036259,15.0,0.5,0.0,0.0,2.084638449963741
37348,0,calendar_2014_test,15.101700085662973,12.0,0.5,0.0,0.0,3.101700085662973
37349,0,calendar_2014_test,15.036617198110287,14.0,0.5,0.0,0.0,1.036617198110287
37350,0,calendar_2014_test,15.34616354224525,20.0,0.5,0.0,0.0,4.65383645775475
37351,0,calendar_2014_test,26.991260880641327,32.0,0.5,0.0,0.0,5.0087391193586726
37352,0,calendar_2014_test,41.117449237602116,33.0,0.5,0.0,0.0,8.117449237602116
37353,0,calendar_2014_test,41.47922952652513,46.0,0.5,0.0,0.0,4.520770473474869
37354,0,calendar_2014_test,50.333116805181064,53.0,0.5,0.0,0.0,2.6668831948189364
37355,0,calendar_2014_test,59.327269554611156,64.0,0.5,0.0,0.0,4.672730445388844
37356,0,calendar_2014_test,72.2427489852188,53.0,0.5,0.0,0.0,19.242748985218796
37357,0,calendar_2014_test,58.29332818883814,72.0,0.5,0.0,0.0,13.706671811161861
37358,0,calendar_2014_test,83.52388297217293,85.0,0.5,0.0,0.0,1.4761170278270725
37359,0,calendar_2014_test,92.73280326942759,95.0,0.5,0.0,0.0,2.267196730572408
37360,0,calendar_2014_test,100.24926207860278,98.0,0.5,0.0,0.0,2.249262078602783
37361,0,calendar_2014_test,96.00244302980775,105.0,0.5,0.0,0.0,8.99755697019225
37362,0,calendar_2014_test,105.85414390349206,117.0,0.5,0.0,0.0,11.145856096507941
37363,0,calendar_2014_test,117.17535146130488,117.0,0.5,0.0,0.0,0.175351461304885
37364,0,calendar_2014_test,110.53148469879798,126.0,0.5,0.0,0.0,15.468515301202018
37365,0,calendar_2014_test,121.33874163640655,145.0,0.5,0.0,0.0,23.661258363593447
37366,0,calendar_2014_test,144.27920880093666,136.0,0.5,0.0,0.0,8.279208800936658
37367,0,calendar_2014_test,133.35009823943219,95.0,0.5,0.0,0.0,38.350098239432185
37368,0,calendar_2014_test,86.59177430414167,80.0,0.5,0.0,0.0,6.591774304141666
37369,0,calendar_2014_test,72.72717998728024,51.0,0.5,0.0,0.0,21.727179987280238
37370,0,calendar_2014_test,51.61272327162059,67.0,0.5,0.0,0.0,15.387276728379412
37371,0,calendar_2014_test,72.3589374782125,71.0,0.5,0.0,0.0,1.3589374782124963
37372,0,calendar_2014_test,71.10014810656436,63.0,0.5,0.0,0.0,8.100148106564362
37373,0,calendar_2014_test,66.01134413925799,80.0,0.5,0.0,0.0,13.988655860742014
37374,0,calendar_2014_test,86.57084870005197,75.0,0.5,0.0,0.0,11.570848700051968
37375,0,calendar_2014_test,86.4755919979865,87.0,0.5,0.0,0.0,0.5244080020135016
37376,0,calendar_2014_test,102.77037509280201,105.0,0.5,0.0,0.0,2.2296249071979872
37377,0,calendar_2014_test,129.74489497838246,125.0,0.5,0.0,0.0,4.744894978382462
37378,0,calendar_2014_test,138.90305529624908,115.0,0.5,0.0,0.0,23.90305529624908
37379,0,calendar_2014_test,114.72652600432983,123.0,0.5,0.0,0.0,8.273473995670173
37380,0,calendar_2014_test,132.69542469926003,142.0,0.5,0.0,0.0,9.30457530073997
37381,0,calendar_2014_test,154.06748643579985,178.0,0.5,0.0,0.0,23.93251356420015
37382,0,calendar_2014_test,185.370628680357,163.0,0.5,0.0,0.0,22.370628680356987
37383,0,calendar_2014_test,163.06688569491916,162.0,0.5,0.0,0.0,1.066885694919165
37384,0,calendar_2014_test,160.0350302450654,145.0,0.5,0.0,0.0,15.0350302450654
37385,0,calendar_2014_test,125.72919643223068,114.0,0.5,0.0,0.0,11.72919643223068
37386,0,calendar_2014_test,87.50551434997874,84.0,0.5,0.0,0.0,3.505514349978739
37387,0,calendar_2014_test,72.26204082341944,102.0,0.5,0.0,0.0,29.73795917658056
37388,0,calendar_2014_test,98.20542270068134,82.0,0.5,0.0,0.0,16.20542270068134
37389,0,calendar_2014_test,79.88454258960354,88.0,0.5,0.0,0.0,8.11545741039646
37390,0,calendar_2014_test,86.67192862928005,90.0,0.5,0.0,0.0,3.328071370719954
37391,0,calendar_2014_test,82.2833847555142,88.0,0.5,0.0,0.0,5.716615244485794
37392,0,calendar_2014_test,78.59726869903054,95.0,0.5,0.0,0.0,16.402731300969464
37393,0,calendar_2014_test,86.5678606664819,81.0,0.5,0.0,0.0,5.567860666481906
37394,0,calendar_2014_test,70.29527222916833,89.0,0.5,0.0,0.0,18.704727770831667
37395,0,calendar_2014_test,81.54517032951225,95.0,0.5,0.0,0.0,13.454829670487754
37396,0,calendar_2014_test,88.99898521805143,57.0,0.5,0.0,0.0,31.99898521805143
37397,0,calendar_2014_test,59.09528353639267,62.0,0.5,0.0,0.0,2.904716463607329
37398,0,calendar_2014_test,73.36489997312677,234.0,0.5,0.0,0.0,160.63510002687323
37399,0,calendar_2014_test,238.3915350312368,118.0,0.5,0.0,0.0,120.3915350312368
37400,0,calendar_2014_test,80.40776614970122,108.0,0.5,0.0,0.0,27.592233850298783
37401,0,calendar_2014_test,103.3130891370021,33.0,0.5,0.0,0.0,70.3130891370021
37402,0,calendar_2014_test,29.88232403898875,21.0,0.5,0.0,0.0,8.882324038988749
37403,0,calendar_2014_test,27.130421228906297,14.0,0.5,0.0,0.0,13.130421228906297
37404,0,calendar_2014_test,21.196152514119095,13.0,0.5,0.0,0.0,8.196152514119095
37405,0,calendar_2014_test,15.211703892996534,9.0,0.5,0.0,0.0,6.211703892996534
37406,0,calendar_2014_test,11.29563439784199,10.0,0.5,0.0,0.0,1.2956343978419902
37407,0,calendar_2014_test,11.435369285755982,11.0,0.5,0.0,0.0,0.4353692857559821
37408,0,calendar_2014_test,11.917717798685903,9.0,0.5,0.0,0.0,2.917717798685903
37409,0,calendar_2014_test,10.669791178401034,15.0,0.5,0.0,0.0,4.330208821598966
37410,0,calendar_2014_test,14.731019595381984,13.0,0.5,0.0,0.0,1.7310195953819836
37411,0,calendar_2014_test,15.001818349698333,12.0,0.5,0.0,0.0,3.0018183496983326
37412,0,calendar_2014_test,13.57305828266661,11.0,0.5,0.0,0.0,2.5730582826666097
37413,0,calendar_2014_test,14.418018092547559,18.0,0.5,0.0,0.0,3.581981907452441
37414,0,calendar_2014_test,18.419439876301254,17.0,0.5,0.0,0.0,1.4194398763012543
37415,0,calendar_2014_test,16.026189948726685,11.0,0.5,0.0,0.0,5.026189948726685
37416,0,calendar_2014_test,13.850424105346242,12.0,0.5,0.0,0.0,1.8504241053462422
37417,0,calendar_2014_test,12.89523785615552,14.0,0.5,0.0,0.0,1.1047621438444803
37418,0,calendar_2014_test,13.88810525453869,14.0,0.5,0.0,0.0,0.11189474546130995
37419,0,calendar_2014_test,16.158507768776076,12.0,0.5,0.0,0.0,4.158507768776076
37420,0,calendar_2014_test,12.796138926584057,16.0,0.5,0.0,0.0,3.2038610734159434
37421,0,calendar_2014_test,14.83853563145098,16.0,0.5,0.0,0.0,1.1614643685490194
37422,0,calendar_2014_test,15.628011289475877,12.0,0.5,0.0,0.0,3.628011289475877
37423,0,calendar_2014_test,14.769818409859734,20.0,0.5,0.0,0.0,5.2301815901402655
37424,0,calendar_2014_test,19.96123387842232,23.0,0.5,0.0,0.0,3.0387661215776802
37425,0,calendar_2014_test,23.05516001411927,16.0,0.5,0.0,0.0,7.05516001411927
37426,0,calendar_2014_test,16.27405128878086,17.0,0.5,0.0,0.0,0.7259487112191394
37427,0,calendar_2014_test,15.522363063706834,18.0,0.5,0.0,0.0,2.477636936293166
37428,0,calendar_2014_test,17.230333491658925,20.0,0.5,0.0,0.0,2.769666508341075
37429,0,calendar_2014_test,18.99488527147969,22.0,0.5,0.0,0.0,3.0051147285203115
37430,0,calendar_2014_test,20.806974623470676,22.0,0.5,0.0,0.0,1.1930253765293237
37431,0,calendar_2014_test,20.982889137128907,10.0,0.5,0.0,0.0,10.982889137128907
37432,0,calendar_2014_test,12.586779988695726,14.0,0.5,0.0,0.0,1.4132200113042739
37433,0,calendar_2014_test,14.149380407797763,14.0,0.5,0.0,0.0,0.14938040779776252
37434,0,calendar_2014_test,16.922938120956935,18.0,0.5,0.0,0.0,1.0770618790430646
37435,0,calendar_2014_test,19.620315134194815,13.0,0.5,0.0,0.0,6.620315134194815
37436,0,calendar_2014_test,16.42147487736319,18.0,0.5,0.0,0.0,1.5785251226368118
37437,0,calendar_2014_test,17.300958690086595,27.0,0.5,0.0,0.0,9.699041309913405
37438,0,calendar_2014_test,23.99344168883303,38.0,0.5,0.0,0.0,14.00655831116697
37439,0,calendar_2014_test,36.72683331524626,25.0,0.5,0.0,0.0,11.72683331524626
37440,0,calendar_2014_test,24.108730596849494,16.0,0.5,0.0,0.0,8.108730596849494
37441,0,calendar_2014_test,16.856870332371923,16.0,0.5,0.0,0.0,0.8568703323719227
37442,0,calendar_2014_test,17.439511470684383,9.0,0.5,0.0,0.0,8.439511470684383
37443,0,calendar_2014_test,12.101746140445234,8.0,0.5,0.0,0.0,4.1017461404452344
37444,0,calendar_2014_test,14.655534381006365,18.0,0.5,0.0,0.0,3.3444656189936346
37445,0,calendar_2014_test,24.85635171530476,31.0,0.5,0.0,0.0,6.143648284695239
37446,0,calendar_2014_test,42.72809050962373,38.0,0.5,0.0,0.0,4.728090509623733
37447,0,calendar_2014_test,47.784645501599606,49.0,0.5,0.0,0.0,1.2153544984003943
37448,0,calendar_2014_test,57.92010478660014,52.0,0.5,0.0,0.0,5.920104786600142
37449,0,calendar_2014_test,59.54755601928851,50.0,0.5,0.0,0.0,9.547556019288507
37450,0,calendar_2014_test,54.48747579570716,51.0,0.5,0.0,0.0,3.4874757957071623
37451,0,calendar_2014_test,54.109300661005456,69.0,0.5,0.0,0.0,14.890699338994544
37452,0,calendar_2014_test,77.73394933290878,93.0,0.5,0.0,0.0,15.266050667091221
37453,0,calendar_2014_test,103.13645909640871,94.0,0.5,0.0,0.0,9.136459096408714
37454,0,calendar_2014_test,97.27981536299102,147.0,0.5,0.0,0.0,49.720184637008984
37455,0,calendar_2014_test,161.30929024429435,226.0,0.5,0.0,0.0,64.69070975570565
37456,0,calendar_2014_test,303.26385233189654,179.0,0.5,0.0,0.0,124.26385233189654
37457,0,calendar_2014_test,145.18199719721193,153.0,0.5,0.0,0.0,7.818002802788072
37458,0,calendar_2014_test,140.33315768935915,133.0,0.5,0.0,0.0,7.333157689359155
37459,0,calendar_2014_test,114.97603909203613,127.0,0.5,0.0,0.0,12.023960907963868
37460,0,calendar_2014_test,124.23163698038799,119.0,0.5,0.0,0.0,5.231636980387989
37461,0,calendar_2014_test,117.88699328514093,111.0,0.5,0.0,0.0,6.886993285140932
37462,0,calendar_2014_test,116.8781339365398,118.0,0.5,0.0,0.0,1.1218660634602031
37463,0,calendar_2014_test,128.34461521874596,116.0,0.5,0.0,0.0,12.344615218745957
37464,0,calendar_2014_test,119.46041905974822,131.0,0.5,0.0,0.0,11.539580940251781
37465,0,calendar_2014_test,138.96994187852374,152.0,0.5,0.0,0.0,13.030058121476259
37466,0,calendar_2014_test,156.62976908669526,163.0,0.5,0.0,0.0,6.370230913304738
37467,0,calendar_2014_test,170.93615270411556,171.0,0.5,0.0,0.0,0.06384729588444316
37468,0,calendar_2014_test,174.67641315865504,198.0,0.5,0.0,0.0,23.323586841344962
37469,0,calendar_2014_test,205.65205589526644,234.0,0.5,0.0,0.0,28.347944104733557
37470,0,calendar_2014_test,251.1790294857823,260.0,0.5,0.0,0.0,8.820970514217692
37471,0,calendar_2014_test,272.628339672718,271.0,0.5,0.0,0.0,1.6283396727180275
37472,0,calendar_2014_test,283.18909095914506,244.0,0.5,0.0,0.0,39.18909095914506
37473,0,calendar_2014_test,252.63518139688438,242.0,0.5,0.0,0.0,10.635181396884377
37474,0,calendar_2014_test,249.22380564430406,210.0,0.5,0.0,0.0,39.223805644304065
37475,0,calendar_2014_test,213.72452949764195,194.0,0.5,0.0,0.0,19.724529497641953
37476,0,calendar_2014_test,193.96189116835626,163.0,0.5,0.0,0.0,30.96189116835626
37477,0,calendar_2014_test,163.7978814428696,194.0,0.5,0.0,0.0,30.202118557130404
37478,0,calendar_2014_test,186.36749399041122,187.0,0.5,0.0,0.0,0.6325060095887807
37479,0,calendar_2014_test,175.15282280260087,216.0,0.5,0.0,0.0,40.847177197399134
37480,0,calendar_2014_test,218.4007484575838,225.0,0.5,0.0,0.0,6.599251542416198
37481,0,calendar_2014_test,219.63041706315943,199.0,0.5,0.0,0.0,20.630417063159427
37482,0,calendar_2014_test,185.5590539349822,207.0,0.5,0.0,0.0,21.440946065017812
37483,0,calendar_2014_test,198.49657852335122,227.0,0.5,0.0,0.0,28.503421476648782
37484,0,calendar_2014_test,211.4888929775985,259.0,0.5,0.0,0.0,47.51110702240149
37485,0,calendar_2014_test,236.4061860911067,182.0,0.5,0.0,0.0,54.40618609110669
37486,0,calendar_2014_test,88.69465699758143,185.0,0.5,0.0,0.0,96.30534300241857
37487,0,calendar_2014_test,159.27746834838467,191.0,0.5,0.0,0.0,31.722531651615327
37488,0,calendar_2014_test,167.52423392529772,194.0,0.5,0.0,0.0,26.47576607470228
37489,0,calendar_2014_test,197.86268308830722,194.0,0.5,0.0,0.0,3.8626830883072216
37490,0,calendar_2014_test,202.80915452128482,192.0,0.5,0.0,0.0,10.809154521284825
37491,0,calendar_2014_test,198.968470897058,208.0,0.5,0.0,0.0,9.031529102941988
37492,0,calendar_2014_test,212.70825137436236,224.0,0.5,0.0,0.0,11.291748625637638
37493,0,calendar_2014_test,227.59277612282764,249.0,0.5,0.0,0.0,21.407223877172356
37494,0,calendar_2014_test,266.827626514649,317.0,0.5,0.0,0.0,50.17237348535099
37495,0,calendar_2014_test,315.22643962759946,328.0,0.5,0.0,0.0,12.773560372400539
37496,0,calendar_2014_test,337.6079218285948,349.0,0.5,0.0,0.0,11.392078171405217
37497,0,calendar_2014_test,357.54121800683214,327.0,0.5,0.0,0.0,30.54121800683214
37498,0,calendar_2014_test,331.9369123454778,348.0,0.5,0.0,0.0,16.063087654522178
37499,0,calendar_2014_test,348.143915483668,363.0,0.5,0.0,0.0,14.856084516331975
37500,0,calendar_2014_test,378.888663740457,385.0,0.5,0.0,0.0,6.111336259543009
37501,0,calendar_2014_test,385.0754944529637,393.0,0.5,0.0,0.0,7.92450554703629
37502,0,calendar_2014_test,363.68490311902247,388.0,0.5,0.0,0.0,24.315096880977535
37503,0,calendar_2014_test,359.59743211582554,444.0,0.5,0.0,0.0,84.40256788417446
37504,0,calendar_2014_test,416.01919951475566,334.0,0.5,0.0,0.0,82.01919951475566
37505,0,calendar_2014_test,261.41988502379854,284.0,0.5,0.0,0.0,22.580114976201457
37506,0,calendar_2014_test,187.36508808750298,264.0,0.5,0.0,0.0,76.63491191249702
37507,0,calendar_2014_test,166.6210534447761,221.0,0.5,0.0,0.0,54.378946555223905
37508,0,calendar_2014_test,199.99216829736028,160.0,0.5,0.0,0.0,39.99216829736028
37509,0,calendar_2014_test,109.54046607620744,160.0,0.5,0.0,0.0,50.45953392379256
37510,0,calendar_2014_test,152.89725009764027,92.0,0.5,0.0,0.0,60.89725009764027
37511,0,calendar_2014_test,38.59496062615266,59.0,0.5,0.0,0.0,20.405039373847337
37512,0,calendar_2014_test,53.06603193040974,69.0,0.5,0.0,0.0,15.933968069590257
37513,0,calendar_2014_test,70.67324312390673,48.0,0.5,0.0,0.0,22.67324312390673
37514,0,calendar_2014_test,40.89362585359786,32.0,0.5,0.0,0.0,8.893625853597861
37515,0,calendar_2014_test,26.84574823156418,33.0,0.5,0.0,0.0,6.15425176843582
37516,0,calendar_2014_test,32.08374342662035,45.0,0.5,0.0,0.0,12.916256573379648
37517,0,calendar_2014_test,47.450353706023485,42.0,0.5,0.0,0.0,5.450353706023485
37518,0,calendar_2014_test,40.00457436602849,41.0,0.5,0.0,0.0,0.9954256339715073
37519,0,calendar_2014_test,41.04513588406606,110.0,0.5,0.0,0.0,68.95486411593393
37520,0,calendar_2014_test,150.7378226780968,175.0,0.5,0.0,0.0,24.26217732190321
37521,0,calendar_2014_test,216.24953772041587,293.0,0.5,0.0,0.0,76.75046227958413
37522,0,calendar_2014_test,298.5438827765208,324.0,0.5,0.0,0.0,25.456117223479225
37523,0,calendar_2014_test,353.51533983851266,341.0,0.5,0.0,0.0,12.51533983851266
37524,0,calendar_2014_test,364.7380254753957,362.0,0.5,0.0,0.0,2.738025475395716
37525,0,calendar_2014_test,412.7634682583489,372.0,0.5,0.0,0.0,40.763468258348894
37526,0,calendar_2014_test,376.4844151100452,373.0,0.5,0.0,0.0,3.484415110045177
37527,0,calendar_2014_test,351.8263026558672,372.0,0.5,0.0,0.0,20.17369734413279
37528,0,calendar_2014_test,330.11968671262196,318.0,0.5,0.0,0.0,12.119686712621956
37529,0,calendar_2014_test,248.89894665446863,188.0,0.5,0.0,0.0,60.89894665446863
37530,0,calendar_2014_test,145.11794933857436,171.0,0.5,0.0,0.0,25.882050661425637
37531,0,calendar_2014_test,172.28267395914096,136.0,0.5,0.0,0.0,36.282673959140965
37532,0,calendar_2014_test,120.79999355024128,124.0,0.5,0.0,0.0,3.2000064497587175
37533,0,calendar_2014_test,120.70647171166814,141.0,0.5,0.0,0.0,20.293528288331856
37534,0,calendar_2014_test,156.83469060967533,132.0,0.5,0.0,0.0,24.834690609675334
37535,0,calendar_2014_test,135.3571524513691,134.0,0.5,0.0,0.0,1.3571524513691031
37536,0,calendar_2014_test,131.13606777278065,56.0,0.5,0.0,0.0,75.13606777278065
37537,0,calendar_2014_test,37.706139662389035,48.0,0.5,0.0,0.0,10.293860337610965
37538,0,calendar_2014_test,41.88086650010248,27.0,0.5,0.0,0.0,14.880866500102478
37539,0,calendar_2014_test,24.361126822436855,28.0,0.5,0.0,0.0,3.638873177563145
37540,0,calendar_2014_test,26.95321759969483,20.0,0.5,0.0,0.0,6.953217599694831
37541,0,calendar_2014_test,22.43722155233305,22.0,0.5,0.0,0.0,0.4372215523330496
37542,0,calendar_2014_test,29.174045383699557,120.0,0.5,0.0,0.0,90.82595461630044
37543,0,calendar_2014_test,143.66633982503868,109.0,0.5,0.0,0.0,34.666339825038676
37544,0,calendar_2014_test,112.19557273704436,112.0,0.5,0.0,0.0,0.1955727370443583
37545,0,calendar_2014_test,127.80102448300524,128.0,0.5,0.0,0.0,0.19897551699476423
37546,0,calendar_2014_test,148.55232587000685,164.0,0.5,0.0,0.0,15.447674129993146
37547,0,calendar_2014_test,168.26585160060068,159.0,0.5,0.0,0.0,9.265851600600683
37548,0,calendar_2014_test,165.90327835136372,189.0,0.5,0.0,0.0,23.096721648636276
37549,0,calendar_2014_test,187.1823044574821,97.0,0.5,0.0,0.0,90.1823044574821
37550,0,calendar_2014_test,53.057925912092934,81.0,0.5,0.0,0.0,27.942074087907066
37551,0,calendar_2014_test,62.33304738396975,28.0,0.5,0.0,0.0,34.33304738396975
37552,0,calendar_2014_test,23.659249825539007,25.0,0.5,0.0,0.0,1.340750174460993
37553,0,calendar_2014_test,23.65966982776252,9.0,0.5,0.0,0.0,14.65966982776252
37554,0,calendar_2014_test,12.195720095064969,9.0,0.5,0.0,0.0,3.195720095064969
37555,0,calendar_2014_test,17.04674326771419,13.0,0.5,0.0,0.0,4.0467432677141915
37556,0,calendar_2014_test,19.097689802308896,17.0,0.5,0.0,0.0,2.0976898023088957
37557,0,calendar_2014_test,20.35436365685477,16.0,0.5,0.0,0.0,4.354363656854769
37558,0,calendar_2014_test,18.297546053073486,25.0,0.5,0.0,0.0,6.702453946926514
37559,0,calendar_2014_test,30.3418871476651,48.0,0.5,0.0,0.0,17.6581128523349
37560,0,calendar_2014_test,53.606550500762246,49.0,0.5,0.0,0.0,4.606550500762246
37561,0,calendar_2014_test,50.931861598451086,73.0,0.5,0.0,0.0,22.068138401548914
37562,0,calendar_2014_test,76.91211576966566,65.0,0.5,0.0,0.0,11.912115769665661
37563,0,calendar_2014_test,68.75694493732468,55.0,0.5,0.0,0.0,13.756944937324675
37564,0,calendar_2014_test,59.77615884745523,60.0,0.5,0.0,0.0,0.22384115254477166
37565,0,calendar_2014_test,67.331875999507,63.0,0.5,0.0,0.0,4.331875999507005
37566,0,calendar_2014_test,71.75019977964952,79.0,0.5,0.0,0.0,7.24980022035048
37567,0,calendar_2014_test,81.60589035844515,35.0,0.5,0.0,0.0,46.60589035844515
37568,0,calendar_2014_test,32.949448804474486,26.0,0.5,0.0,0.0,6.9494488044744855
37569,0,calendar_2014_test,27.44578185145994,20.0,0.5,0.0,0.0,7.445781851459941
37570,0,calendar_2014_test,20.516372881407648,8.0,0.5,0.0,0.0,12.516372881407648
37571,0,calendar_2014_test,11.828989954616874,16.0,0.5,0.0,0.0,4.171010045383126
37572,0,calendar_2014_test,14.517357407057759,10.0,0.5,0.0,0.0,4.517357407057759
37573,0,calendar_2014_test,12.022750840166891,11.0,0.5,0.0,0.0,1.022750840166891
37574,0,calendar_2014_test,12.218982982390713,20.0,0.5,0.0,0.0,7.781017017609287
37575,0,calendar_2014_test,18.164274070761937,9.0,0.5,0.0,0.0,9.164274070761937
37576,0,calendar_2014_test,12.002813611983278,8.0,0.5,0.0,0.0,4.002813611983278
37577,0,calendar_2014_test,10.230555682209562,9.0,0.5,0.0,0.0,1.2305556822095625
37578,0,calendar_2014_test,10.871389676913667,8.0,0.5,0.0,0.0,2.871389676913667
37579,0,calendar_2014_test,10.904662908775434,8.0,0.5,0.0,0.0,2.9046629087754336
37580,0,calendar_2014_test,10.965294767219964,8.0,0.5,0.0,0.0,2.965294767219964
37581,0,calendar_2014_test,10.771347009047586,8.0,0.5,0.0,0.0,2.7713470090475862
37582,0,calendar_2014_test,10.76225335529293,7.0,0.5,0.0,0.0,3.7622533552929305
37583,0,calendar_2014_test,9.352722865946726,12.0,0.5,0.0,0.0,2.647277134053274
37584,0,calendar_2014_test,12.807577329913618,17.0,0.5,0.0,0.0,4.192422670086382
37585,0,calendar_2014_test,15.164988808450154,11.0,0.5,0.0,0.0,4.164988808450154
37586,0,calendar_2014_test,13.267509630574688,9.0,0.5,0.0,0.0,4.267509630574688
37587,0,calendar_2014_test,11.225376295513678,11.0,0.5,0.0,0.0,0.22537629551367822
37588,0,calendar_2014_test,12.50541587662651,8.0,0.5,0.0,0.0,4.505415876626509
37589,0,calendar_2014_test,10.657138433968436,9.0,0.5,0.0,0.0,1.657138433968436
37590,0,calendar_2014_test,11.63322373219234,10.0,0.5,0.0,0.0,1.6332237321923397
37591,0,calendar_2014_test,12.527943145744969,8.0,0.5,0.0,0.0,4.527943145744969
37592,0,calendar_2014_test,11.49741722256387,10.0,0.5,0.0,0.0,1.49741722256387
37593,0,calendar_2014_test,12.355986125477289,10.0,0.5,0.0,0.0,2.3559861254772887
37594,0,calendar_2014_test,11.228788084146332,8.0,0.5,0.0,0.0,3.2287880841463323
37595,0,calendar_2014_test,10.337064325381098,12.0,0.5,0.0,0.0,1.6629356746189021
